PetID,brillo,contraste,nitidez,saturacion,pct_pixeles_oscuros,pct_pixeles_claros
3422e4906,0.6691964705882354,0.19423822409466404,60.51982211083333,0.07419153594771241,0.000725,0.04364166666666667
5842f1ff5,0.30744362745098036,0.2463255298141711,502.3038251082639,0.4023425163398693,0.29875833333333335,0.016883333333333334
850a43f90,0.6500492492078799,0.30136657798696725,363.97880058162747,0.30662007220921156,0.11262075526932085,0.1169679449648712
97aa9eeac,0.5620977450980392,0.1773524711329341,24.170614159722223,0.09101388888888888,0.024008333333333333,0.0025666666666666667
8b693ca84,0.33740849054268174,0.1514391545707879,451.5089543388031,0.3084152493067934,0.07400568181818182,1.5782828282828283e-05
aaedd873d,0.3885701633986928,0.24472448762216567,4624.806403604931,0.23209287581699348,0.11118333333333333,0.022758333333333332
c02be41e6,0.493907369220751,0.15779881890551772,528.3741598981359,0.17281024648481777,0.026383763837638376,0.0007226322263222632
1fd342e17,0.6262366103848946,0.2624552163706652,662.4331070589795,0.20868150871459695,0.00017361111111111112,0.15870949074074073
f9d07d5fa,0.659843427741467,0.2485428625728775,1104.5680266587653,0.13150007262164126,0.003585185185185185,0.2800888888888889
1c92ce464,0.3877081699346405,0.30828937597427697,641.9081444788889,0.2651006862745098,0.32581666666666664,0.08383333333333333
6436c1a59,0.47093460784313723,0.21974000716204287,293.51255596604165,0.35981549019607845,0.0023166666666666665,0.08704166666666667
234a5a54c,0.4216199019607843,0.2835218540756172,356.37031484888894,0.39318372549019603,0.16381666666666667,0.10135
1a76190c5,0.4145635294117647,0.17173343415050615,1146.4149464530556,0.21895013071895425,0.00025,0.0272
543130f60,0.5145096337145969,0.2696126499868044,1203.696974824863,0.27954073052832246,0.07186631944444444,0.1407986111111111
deff069a2,0.445853826480425,0.19576125033660693,3543.2061108306957,0.373643615974818,0.026588628762541807,0.05535953177257525
4e3640544,0.5486616917983291,0.18648860509950288,2354.8124773348213,0.0981835897963735,0.058407699037620296,0.009308836395450569
671ffc570,0.4640738625547306,0.19517009467151497,837.709109613431,0.10836280855384225,0.034231391585760516,0.031367313915857606
aece6e7bf,0.46489149682861647,0.18303122018015017,611.212340948347,0.1263594556596585,0.05571975916803503,0.013669950738916256
c1e816568,0.46002735453700233,0.22324227974971647,482.154627712591,0.13481724324549352,0.0570417551309271,0.020355626326963906
ea159d8da,0.5013250740400327,0.14196296506392753,239.52564124161407,0.19919279769199347,0.0018033854166666667,0.0
af1035c81,0.46536115361366126,0.23180576650257093,109.60881167243379,0.37508254939740826,0.036127167630057806,0.046941233140655104
6fecc5cf7,0.42089488017429194,0.37616778639098414,378.3448127732433,0.23635634531590413,0.31939814814814815,0.23730902777777776
015c75c9e,0.4567646756233357,0.22534633748691757,250.9569756227614,0.34590141612200437,0.0428858024691358,0.04868055555555555
9609a0b86,0.29846941176470587,0.21730935170685622,1854.4463413177084,0.3401622222222222,0.25898333333333334,0.0028
d765ae877,0.508672385620915,0.15300382253296915,1121.7880696370441,0.2172718545751634,0.002916666666666667,0.00030208333333333335
8ce183889,0.41520223697528,0.18893373881578038,1154.3149864391187,0.17145907741924415,0.03139107611548556,0.000804899387576553
f0ef9c777,0.5481931962599854,0.20208147976350097,2076.1081163574886,0.3156257942992011,0.030868055555555555,0.106875
3181e5424,0.4542793462414205,0.24046278486800704,7409.9920569881215,0.2382339836519403,0.10307539682539682,0.025960735171261486
9883a048e,0.40546559447749136,0.19274103494523623,886.4998212451253,0.41109407358449,0.08155430711610487,0.0009831460674157304
b0dec8779,0.39372267117709703,0.20765831239234592,205.0921579728664,0.17866438012904842,0.02384185303514377,0.01577476038338658
e8d0907ae,0.5736668634008788,0.1907696861781627,171.71621509714657,0.20144124204865893,0.007976588628762542,0.006237458193979933
ef14861df,0.6945853564569588,0.21907048080189057,566.0694132577096,0.10846801141467645,0.015439869668246446,0.04658125987361769
a9bc357f0,0.3914800006808279,0.2945278977972465,1470.9009177083333,0.6293977736928105,0.21025607638888888,0.08621961805555556
aaf4a1439,0.49444986080852094,0.20574805158399748,4659.593810995847,0.3887860990075042,0.03781635802469136,0.02789351851851852
1e62e6022,0.3452210130718954,0.16782430678935073,106.52949968326386,0.20822934640522875,0.08749166666666666,0.0
4e797dcdd,0.5117559359681372,0.20070839324969222,2270.1593823141993,0.16293457988664217,0.000205078125,0.04394287109375
45d2ddcb8,0.4901461111111111,0.19025090292578598,517.7022258360416,0.2420381045751634,0.03175,0.004741666666666667
259b10a3e,0.366421937195931,0.23393819241753883,791.5714031219948,0.25849883969182214,0.14666666666666667,0.02580896686159844
d2490c888,0.4238900217864924,0.2605766940365443,4428.850722599505,0.28278448801742917,0.13361481481481483,0.0526962962962963
2c93c0c11,0.4664802106027596,0.25358644839838623,571.7533598234618,0.1849904003267974,0.07981481481481481,0.006788194444444445
35593da00,0.5224520394577584,0.18021127454750857,895.1636758535284,0.22638565117404985,0.022608024691358024,0.013364197530864198
4cc70e613,0.3765845077614379,0.1524099265409253,174.66676164611061,0.17177415236928104,0.040338541666666665,0.0028081597222222223
ff125cf8d,0.4484692359702502,0.29889252769762875,5198.693597010834,0.3578339719029374,0.18808429118773948,0.1495785440613027
c30dd6e9a,0.6816885302793684,0.2888329012318897,959.2958027253504,0.3056909595696686,0.02963495575221239,0.3675663716814159
be9474b85,0.39481097948438637,0.26243211195471383,715.3565377120574,0.2573268427741467,0.1675925925925926,0.025405092592592594
815f4cc08,0.4224495279593319,0.18805683910736218,476.0016740968769,0.26552329944323405,0.05900462962962963,0.006882716049382716
867308404,0.38018284313725487,0.2746528355506501,1331.5672407799307,0.31468460784313723,0.25785,0.06288333333333333
258667857,0.27674725399419026,0.2275448573437479,824.6199283851151,0.2795477033405955,0.2975289351851852,0.014033564814814815
fd3172797,0.44930297385620915,0.19362656951830193,4299.323498873264,0.6862176470588235,0.0205,0.042166666666666665
8df0bb3b3,0.44542251270878724,0.21979589256143933,2285.125633538765,0.5394672476397967,0.08462222222222222,0.03854814814814815
3d0752cd9,0.5241830637254903,0.2295550279123606,1185.268569043711,0.48455906862745096,0.03368125,0.04975
6a763a055,0.5923363827136205,0.2933160976229036,584.552161023856,0.09706118433995672,0.062081939799331104,0.18867056856187292
a44d42407,0.38457382426654874,0.23151889405939516,89.1916602470992,0.22487199616688783,0.10287593984962407,0.04493421052631579
cc8401c02,0.5371972698801744,0.20656566698181644,2798.874714049822,0.1739234579248366,0.021566840277777777,0.03540798611111111
43ddb2eb4,0.548636465495289,0.2167601288016645,128.58933176437847,0.12614545454545453,0.03363636363636364,0.04079220779220779
dae92dd61,0.4763459967320261,0.23643082243141533,769.7832519449535,0.2551509168482208,0.06458912037037037,0.048721064814814814
a6ac8884b,0.5163988671023965,0.2594655858538256,1389.948531116543,0.23188091503267974,0.12011111111111111,0.04931111111111111
d50e11ec5,0.4611987543144599,0.2505922186429522,810.6159932058022,0.25039337317323934,0.04650046816479401,0.09106975655430712
27b6e5aca,0.4922087752091758,0.19036992901059505,299.7194382032868,0.3316076969049617,0.04554961089494163,0.002448119325551232
80ebea85c,0.6007077513279558,0.18001652927704698,715.928639193074,0.046634762935274444,0.0392056856187291,0.0007023411371237458
b84dad49f,0.5274218409586057,0.1430573524609714,390.9866419922173,0.13645427862503026,0.015131172839506173,0.0006867283950617284
f0a2122d4,0.3966079883805374,0.2308116851609605,783.9297167407407,0.21126710239651414,0.06748148148148148,0.10093333333333333
46d88ca3e,0.5446155918096406,0.2731970036192189,686.8832736315303,0.2075696742238562,0.033916015625,0.12455078125
c61f6507e,0.49575860566448804,0.20126247928169555,2187.6141581628394,0.29487172113289756,0.027422222222222223,0.004188888888888889
e464fcd4b,0.4947430392156863,0.3188273454673033,361.63084943750005,0.3951241176470588,0.17805833333333335,0.050508333333333336
86379f12f,0.397360949171324,0.23010288109134946,5602.187032870961,0.34984398646639053,0.0963569552188215,0.058586076466192634
392d3346e,0.25653241166258167,0.16911445516699752,1041.0311792296409,0.21894702308006533,0.14444661458333333,1.953125e-05
35c0c3aca,0.5109284313725491,0.24295846286558626,1427.9142331108335,0.2973167320261438,0.0464,0.029433333333333332
d080818c3,0.435873445163506,0.3409167524884112,1397.9869012475624,0.3385962200972343,0.3065407772304324,0.11068691844553913
6f0cb510a,0.40626851851851853,0.12987026575716396,759.8762267898936,0.38225173611111113,0.0006032986111111111,0.0
61ac3c78c,0.5209396681749623,0.24868666369472045,201.9059654601179,0.2935509213718932,0.038862876254180605,0.16849498327759196
368b2adc1,0.6211191779550936,0.2492583395115337,488.0712978282293,0.08050278924661347,0.07511090299684542,0.012418671135646688
4c594983d,0.6891888843500363,0.21477131775053837,151.30470626764912,0.10341083424110385,0.01892361111111111,0.1636284722222222
05f99fc56,0.47760465795449586,0.24106984046500102,399.87764488568564,0.11350827274116773,0.12165924276169265,0.027637806236080177
6d9b202c9,0.5605479738562091,0.18381026362641795,320.37039111659726,0.06399542483660131,0.0025666666666666667,0.0006583333333333334
54791dc58,0.4503168833076302,0.2883506916303236,1359.811249504745,0.29766519791437174,0.1575187265917603,0.10553370786516854
48b418070,0.5001687581699347,0.27134978222906114,1345.4002713155555,0.2668054901960784,0.13238333333333333,0.016225
8e0d65b3e,0.3187111764705882,0.2012577440022216,210.3707478382639,0.5302893464052287,0.23806666666666668,3.3333333333333335e-05
9a34ddc8b,0.45926571895424834,0.29474221599632733,267.5959908715972,0.23730598039215686,0.220675,0.03439166666666667
474bccd75,0.4543082685319542,0.2400399992517669,1707.666550608146,0.5466368239262815,0.07481419987349779,0.023051075268817205
e4abb93bf,0.3177611764705882,0.2579316084662908,204.60091766493056,0.24073081699346405,0.30520833333333336,0.009841666666666667
a8cdba660,0.48621877995642704,0.19340189993695744,2672.7926082961726,0.20771006535947714,0.03905555555555556,0.009366666666666667
9bcd62ef1,0.520400522875817,0.24102280482499766,628.2971947482639,0.19906310457516338,0.071375,0.04713333333333333
c3f2f166d,0.4642811328976035,0.1832256131212297,6937.499831306667,0.05723965141612201,0.04713333333333333,0.021166666666666667
687e9c33c,0.5339368968290441,0.2720372597361151,1834.8726582597196,0.18762325750612743,0.12191650390625,0.11512939453125
bb5f471dd,0.6087908042846768,0.2099071972461392,865.1699890346366,0.07445306826434278,0.04923032407407407,0.022320601851851852
dcba09ff1,0.5029024767801857,0.26074424327328516,276.67863197876784,0.18760692099337156,0.07483782986878962,0.123203228659885
d7f938acd,0.45589630246629903,0.25860760287817003,555.6638399134577,0.3589209750306373,0.01146240234375,0.1304296875
ea11b6f12,0.5446343173973709,0.20994144012516872,112.38078876395727,0.39344128662701033,0.04639513108614232,0.04147003745318352
3332eb59c,0.6061109150326797,0.19666942971959772,449.7101151299305,0.2648456209150327,0.008116666666666666,0.106025
594e3dc3f,0.5127490173997528,0.2318153962970648,2381.987336094227,0.16709100644762412,0.01800394144144144,0.11582207207207207
fbb112b7e,0.4158849019607843,0.25619995468757834,258.79132806638887,0.3171118300653595,0.22178333333333333,0.0052833333333333335
d14d62508,0.4944339370007262,0.15041898368272733,732.4433254457828,0.1249118781771968,0.008738425925925926,0.019033564814814816
747c82f83,0.5809025816993464,0.20641020352829842,1200.8413667455557,0.15018650326797386,0.018658333333333332,0.018933333333333333
c737c30d7,0.4623099673202615,0.19862907692454398,192.87928120214846,0.10129338235294118,2.0833333333333333e-05,4.1666666666666665e-05
03b0568b3,0.5237981399660105,0.19868918524911963,659.9763846758681,0.22434216524343803,0.025872762714867978,0.05615891580803861
5c28a8cec,0.4717480419164911,0.2341674977443228,3894.96224988882,0.2703987198185059,0.07049586776859504,0.04565426997245179
2c8ae4c7e,0.5088304323682598,0.21983465252181603,2365.8204891757728,0.36141162109375,0.0148095703125,0.097109375
cd7bea671,0.45126842774146697,0.2564541446246852,752.1950733424187,0.24558203219559427,0.11364197530864198,0.02631172839506173
aa189a931,0.39955912611958366,0.23959444212817,722.5802869217725,0.25947131445170657,0.13959876543209876,0.030825617283950616
3b4a987ba,0.8373725490196079,0.19134783024349794,1220.5293296588814,0.1827388653055724,0.012474226804123712,0.652233676975945
1bbb46822,0.6059850126442802,0.22897508433268124,986.9327387009013,0.21477385058591128,0.013186673564032055,0.11597556880575749
702bee848,0.6270839006899056,0.2526282554265942,1323.7012770757979,0.12980151597676107,0.020648148148148148,0.1409375
66757255c,0.7004047143548777,0.184000316723383,8516.901813151042,0.15470570079883805,0.007515432098765432,0.16420524691358024
0b0f596b5,0.556808972073678,0.22821864970790742,2412.609969575528,0.22920368389780155,0.042643939393939394,0.04168939393939394
938bcf142,0.6548839613970587,0.21237552322633757,1748.1270318310949,0.3244382021037582,0.016002604166666667,0.13079752604166667
bea72e6c5,0.4897243100944081,0.16547308142050032,2617.2913526186344,0.20233272815298958,0.015902777777777776,0.0075
52e555a3a,0.5367335947712418,0.25924956851116254,359.3581626441666,0.4889262418300654,0.018958333333333334,0.14255833333333334
3998bcfec,0.568198092603378,0.2623811571576293,2575.9016459063064,0.4082716098815764,0.022431930693069306,0.17658725247524754
e62e5aa26,0.541103690087146,0.21861765976028233,4609.837189207946,0.1645784540668119,0.013408564814814814,0.09766782407407408
1eb8a0278,0.5601820915032679,0.17062098028203102,228.55285882666666,0.11646705882352942,0.011166666666666667,0.0
207d61997,0.5562621241830066,0.2472065141352673,904.4326218493751,0.2567563071895425,0.013383333333333334,0.14781666666666668
65d10be4d,0.4200174836601307,0.27009054154090484,66.89727394937499,0.27961986928104576,0.18399166666666666,0.061525
c7b468b32,0.5286847086056644,0.3269886585345862,571.5329925667385,0.39989633260711693,0.20596643518518518,0.21079861111111112
249112486,0.4309066620800367,0.2492334397170966,2118.5930065057946,0.26137117303061574,0.10961988304093567,0.0520906432748538
b243b8e93,0.42433901960784315,0.29541066115154263,2158.6827848421485,0.39982397058823527,0.2001125,0.09304375
89523a695,0.4020152505446623,0.20861993476676782,262.53489888580253,0.16465272331154684,0.06968888888888888,0.002688888888888889
b5fcc079e,0.39997176470588236,0.20399671685321227,277.3107327288889,0.2819614379084967,0.055125,0.03515833333333333
d4e83ee5b,0.5327891955135964,0.35106907843938934,3116.8159726869853,0.3428712176228516,0.20530864197530865,0.2681378600823045
74e316be1,0.4503275983596053,0.18437764462644596,794.6349044760188,0.3038685174505532,0.035355392156862744,0.001456971677559913
039509c40,0.1870679411764706,0.19244286231128227,171.793557984375,0.4305166339869281,0.5622583333333333,0.0
eeb60466e,0.5648553059895833,0.27034981767204497,494.7554284697533,0.189171875,0.0682177734375,0.16596435546875
82137b39f,0.46299850736142206,0.17974973044924672,3832.540390671406,0.10538822737861005,0.04529267589388697,0.001831026528258362
f70251906,0.32830503358750907,0.1786576963475538,2576.2950030477054,0.5919487109658679,0.09499421296296297,0.007789351851851852
e83f846eb,0.27383820261437913,0.18365264613990978,562.1049229863888,0.48459960784313727,0.18881666666666666,0.006358333333333333
60b9421cc,0.5159278971354166,0.3200829883134973,1398.249548053974,0.12478952205882353,0.16088134765625,0.174970703125
ae03f99f2,0.6314221895424836,0.33046508723048323,1752.7548999997223,0.09598604575163398,0.11885,0.3046583333333333
6a5c652b5,0.5062266097797143,0.29354750966959087,1966.8854543895745,0.2080914427499395,0.0893287037037037,0.14927469135802468
706a9cd5c,0.3857346690353994,0.31491832941540193,402.03715204720504,0.39998378076062635,0.22406040268456376,0.14313758389261744
62550cf78,0.4966998910675381,0.23615586461687205,843.6439810462481,0.1816863425925926,0.025260416666666667,0.04828125
701c5afba,0.5183553594771242,0.2099880321356086,603.1526666530556,0.19489715686274509,0.05005833333333334,0.001675
7bce76c66,0.7429392368458174,0.19195303231245697,178.55525161449975,0.16141486810551559,0.013929856115107914,0.25632194244604317
3b0b88ac2,0.5272658557250061,0.2684507453987403,1213.1276221269623,0.28474222343258293,0.039830246913580246,0.1464429012345679
a88d34ee3,0.4041488235294118,0.18647439671433622,207.26563630999996,0.159773431372549,0.08774166666666666,0.0
061378b30,0.4759641847730083,0.31964659785031435,280.89612122481435,0.20577649708532061,0.2551182432432432,0.10971283783783783
d5b9e0322,0.559568291390386,0.30465821376760155,2817.9844336485708,0.24257245436585465,0.05204604228994473,0.2492723492723493
a2dc697f6,0.24851702069716775,0.30248916639747164,283.01549295053155,0.3284423565722585,0.6229513888888889,0.014375
be7b65c23,0.5596789089347078,0.12776464038055554,546.8016966574371,0.1023518462367765,0.002577319587628866,0.019243986254295534
e37f4aa07,0.7333268954248365,0.23797910124757288,652.3526332330556,0.13946892156862745,0.003266666666666667,0.37106666666666666
7de2f688b,0.5450578249818446,0.19801982481014826,913.5684212254318,0.10796421114742193,0.04486111111111111,0.020162037037037037
e7020fa9a,0.5289733966503267,0.2499084546076448,927.4299775458254,0.34795152505446625,0.07856336805555555,0.07032118055555556
be23e42d0,0.5581460812245126,0.3307937137646512,949.6875505294194,0.2096523099268197,0.0967094017094017,0.25171652421652424
1c59cecac,0.5801738235294117,0.27604086778286324,4283.114266149375,0.28218934640522875,0.031091666666666667,0.19495833333333334
e7e1904f4,0.5894961645746165,0.21995672234299218,648.3155361380867,0.17241458743539256,0.025614539748953974,0.09116435669456067
d78d1dec0,0.4161413171750182,0.2096804849618292,246.89017920976804,0.2028874591503268,8.680555555555556e-05,0.06512152777777777
0443d6f82,0.48711225490196075,0.21934920715464215,911.3483743099999,0.12397303921568628,0.04275,0.005791666666666666
fa1a30192,0.45894218954248367,0.2767109744197833,484.7770342410417,0.1924738562091503,0.11033333333333334,0.10656666666666667
d4d6997e3,0.48881287581699345,0.3290914597657163,5633.138826186041,0.3211773529411765,0.16089166666666666,0.165125
d13d93f69,0.38242148148148153,0.17047430473254646,2159.1653503758025,0.2870636165577342,0.052833333333333336,0.0025
3bef75882,0.6073183231913455,0.26610642100467635,2718.23486682335,0.17051757944557133,0.06016379310344828,0.13125
60bf93971,0.3265722222222222,0.23005236419751296,2166.703361873264,0.4198273202614379,0.19345833333333334,0.04239166666666667
e9eeadf82,0.49588524722295496,0.16552957501771604,225.37495630448979,0.26360601864064015,0.0031203288490284004,0.04257286995515695
a4530b1d0,0.36757244808254685,0.1673400383072348,442.56264544970327,0.23106143042012126,0.013784461152882205,0.012541273819469309
da6bb3100,0.5214763163692443,0.21231071740983923,439.3324211062541,0.5606230447235074,0.009410112359550561,0.012265917602996255
79669f807,0.28733432070146064,0.27168687008749653,399.18401445907773,0.38309813580604657,0.407703886152162,0.0111247947454844
3af2b1473,0.42380997337206483,0.13932178622994268,5489.643416664523,0.1439959755507141,0.003564814814814815,0.010794753086419752
b8976d821,0.4514725626361656,0.2128157554468774,1058.3992879047912,0.21904137731481482,0.08591579861111111,0.03072482638888889
9eb98f34c,0.5381893464052288,0.2482391817180447,1254.633149383264,0.25253588235294117,0.040475,0.06599166666666667
e317b2a73,0.4826436274509804,0.21000267833560668,218.31233309972222,0.3963190522875817,0.07089166666666667,0.022883333333333332
ebd78e1d4,0.5544559803921569,0.24926813237789242,1460.3001831455556,0.21671800653594772,0.0398,0.07310833333333333
0822c54d5,0.5093867138828776,0.28343227661525294,316.80078801551434,0.15575998426126306,0.006730769230769231,0.1987876254180602
4036e0e12,0.5412090904424597,0.1726891959695656,161.4673375037691,0.23225461964890667,2.6178010471204188e-05,0.040602094240837695
0fb490c9b,0.34154790849673206,0.23561949927063716,348.80991033305554,0.3010207843137255,0.29108333333333336,0.0
284be445a,0.5280419494720965,0.1835007744196181,7474.322421869799,0.393507730015083,0.008173076923076924,0.05346955128205128
145883970,0.4628370736315359,0.2255895956160386,1568.4496030527325,0.1391255744485294,0.054033203125,0.0015559895833333333
e3d9dc96d,0.5893878903413218,0.17397642110971423,191.991357109244,0.13987279109174536,0.037098765432098765,0.0015046296296296296
6e643eba1,0.3388774836601307,0.2860892550119074,153.58068327083333,0.301688431372549,0.23940833333333333,0.08076666666666667
a1b3dafc9,0.5841154176514356,0.39593276223451435,2005.3780187621896,0.22239754300157563,0.2152134486607143,0.4441615513392857
bda2d149e,0.5090061111111112,0.28427842791451136,2176.5867043530557,0.31091738562091503,0.0302,0.19883333333333333
6cb5381cb,0.519445571331981,0.21431610295734377,1778.1279944463693,0.21562370542086567,0.05283251231527093,0.04526546250684182
a8a8f95f6,0.419256142580489,0.2169611862009661,3856.592259716269,0.5143277051561366,0.04469907407407407,0.015532407407407408
5eeb10b7a,0.5246572372004358,0.21797857183766384,13777.86008653429,0.13483866081154683,0.04774739583333333,0.040789930555555555
f03b04b1e,0.6588083808774347,0.17269921454535486,757.5891270724042,0.09216243688110697,0.0255685618729097,0.016714046822742475
a672ea96d,0.6014060945273632,0.21903967197613736,275.21491306657595,0.12823240415569212,0.007602611940298507,0.039020522388059704
aafb75ee8,0.41734434640522877,0.263769234405354,419.0084774382639,0.15655156862745098,0.2065,0.041716666666666666
e9cf01a21,0.4833232343863471,0.21482199342848898,3526.6241253107523,0.14084195715323167,0.03840856481481481,0.02898726851851852
1c74d62ed,0.34597928104575165,0.2397176529957834,1577.5319530049308,0.222070522875817,0.182025,0.0389
2148c2ef6,0.4633562872247875,0.27955523933827126,116.25705829421426,0.16679408418657565,0.08087883959044369,0.0977901023890785
479500716,0.460816146211571,0.184903727370015,559.1253161217205,0.4219850217864924,0.05121141975308642,4.6296296296296294e-05
1afdf61ec,0.6018689869281046,0.3185183053374835,660.2404417663888,0.113834477124183,0.048591666666666665,0.320925
110d4487e,0.5426602021146095,0.20163117821068857,767.0412941464436,0.28328201191102065,0.003714259920814042,0.07931492539238319
27cede3cf,0.4561972624336193,0.18655049573873644,1757.1963430090725,0.32178210422623915,0.0843234592013889,0.0009697808159722222
99dcd9020,0.48880049019607846,0.19917212654788877,7678.664522032708,0.14311254901960782,0.0106,0.0388
a13ed5e9d,0.5085705337690632,0.21893997642041527,1202.4468343599965,0.311983508835633,0.03697530864197531,0.042145061728395064
82aa52460,0.5446608519269777,0.2882040013519609,1198.1338598156215,0.22419080459770116,0.10868965517241379,0.12973275862068964
4c9f111f1,0.47349659586056647,0.18867005639297518,307.0233557568962,0.22948508986928104,0.006504629629629629,0.029675925925925925
eb6c692dc,0.3504861637277862,0.22577208371055088,249.52156640171876,0.28169284107085457,0.19993779274004683,0.0077978629976580794
109c4f5a8,0.572859416305811,0.24442010576653944,863.4951920510315,0.2638630005352017,0.01332196029776675,0.15125103391232422
eb652ec07,0.5720517106213555,0.19979376423501283,3871.955613525277,0.11907659919313637,0.006749775381850853,0.04458108715184187
026ebf139,0.46062309368191723,0.13640141013564058,176.41585603084278,0.2036339264100702,0.0068364197530864194,0.004861111111111111
1a9733afb,0.6208643227405906,0.20977977197692838,1181.758997851662,0.11502650868776629,0.04636015325670498,0.022755883962780516
1a54d4e92,0.4161283360566449,0.19974248911453274,1638.8788830608266,0.4897391748366013,0.05341435185185185,0.00980324074074074
8526200d3,0.47432899872912127,0.2480118798245582,749.9259181836205,0.2940687863108206,0.04310185185185185,0.009126157407407407
8df39788a,0.35194973788126366,0.22786469344205548,602.7799884541829,0.13685859204793027,0.07555555555555556,0.029192708333333334
045543730,0.39054008374183,0.23946827345161845,1475.2229103840725,0.131060648999183,0.16751627604166666,0.017470703125
bf50b399e,0.4252969607843137,0.22431104214679054,74.62166655555556,0.2055939869281046,0.14779166666666665,0.004033333333333333
dee525fcd,0.4227066738153595,0.22055938542590675,1056.7285694925945,0.43037908496732025,0.10892903645833334,0.00080078125
ceed27182,0.6548283632897604,0.24330997598235538,620.0268231351541,0.34392052469135803,0.010451388888888889,0.16002893518518518
9c87d70e5,0.5328796466503267,0.27127789390343116,1213.3702431396482,0.19819555078976037,0.07663628472222223,0.11762586805555555
4574e3de4,0.3791497385620915,0.14259374439480654,252.50216934104165,0.3188759803921568,0.05640833333333333,0.0
794a45833,0.5442077205882353,0.17517444765686116,915.7458282395351,0.3468476988017429,0.0051967592592592595,0.02217013888888889
800a7c025,0.5412686698136044,0.26201787961179407,430.9496563443073,0.1809222343258291,0.002484567901234568,0.10333333333333333
6c75b9082,0.4711853189949567,0.18709687122664462,6823.580471776725,0.3313528167899224,0.038314590542099194,0.02993800461361015
3f9f466d1,0.4284244054103123,0.2697525237259219,1673.0488478997543,0.30159036855482935,0.13616319444444444,0.031041666666666665
8bf9a6b80,0.39217730034722226,0.23232886928721003,1673.119221602281,0.24214026756535947,0.10796875,0.06219401041666667
3a3ae56f1,0.5810417858115469,0.2745454201469667,834.5842729563772,0.1254140625,0.009136284722222223,0.1788845486111111
9718baba0,0.4439297385620915,0.23147335166487523,982.8182981465973,0.13450647058823528,0.05499166666666667,0.022075
cdd7aee45,0.36424250167903416,0.23975572812636667,658.431757874838,0.19762639714755298,0.23349484823169034,0.007619047619047619
ba311fc1a,0.506344105543452,0.1984561759723245,577.4469204531867,0.2341023965141612,0.0343287037037037,0.03761574074074074
4060caeb1,0.5850815032679739,0.1600804313193729,291.1831277910416,0.20788408496732025,0.0012333333333333332,0.002608333333333333
5a2c8a05f,0.38699697784665105,0.17122059198097098,743.2672077089686,0.14833677578775617,0.03994770661437328,0.0006475006475006475
75bbaa3fa,0.3990281711450012,0.2128856648026186,505.57968801434384,0.5542686698136045,0.07005401234567901,0.04764660493827161
b4eb7f4df,0.4086861837327524,0.2209796587785404,1938.1405406373242,0.38355144789397244,0.023773148148148147,0.04524884259259259
fd32ce3ef,0.5370086011256355,0.3268256326788298,358.5552544044442,0.3464941902687001,0.07162615740740741,0.29325231481481484
a15d8c8a8,0.424855672998366,0.2908216799096051,2249.1971863919475,0.19186679176879085,0.17640625,0.0898046875
ab599a6ac,0.3872454611474219,0.21980594946647844,122.82428475567855,0.3770916621278141,0.11384259259259259,0.007065972222222223
81da09ea9,0.4147547385620915,0.2156980210333118,174.9778180632639,0.3436557189542484,0.04206666666666667,0.06589166666666667
0f122f712,0.5444524509803922,0.1870166635711995,5051.295724789931,0.26586016339869284,0.020591666666666668,0.01605
58a10d0cd,0.6224345063695976,0.2441129367507692,529.809189335663,0.0950648228640115,0.07816091954022988,0.08560481663929939
3b1976326,0.5306012091503267,0.22970681029568613,1226.3169985632637,0.22856918300653595,0.0379,0.012508333333333333
bfb33b149,0.49222267610748,0.27574529415111415,979.9685948590483,0.27703674201161943,0.08519675925925926,0.0850462962962963
375905770,0.4298162161196217,0.3167673222773129,1457.201856154627,0.31122733750597525,0.18894508999772158,0.15091364775575303
9ec161c16,0.5675477408354647,0.2328006249885541,269.9573990346165,0.15307226703390386,0.07602842809364549,0.04330267558528428
19f38a3f0,0.5372531009440813,0.2529249996733318,1194.986026625185,0.08506538852578069,0.0789037037037037,0.1398962962962963
e2f1f5377,0.4869309150326797,0.2222347549152524,313.4992141915972,0.0932428431372549,0.023991666666666668,0.0002
b912b1114,0.8167307972775887,0.22360048764264132,310.95579545187746,0.12013097553070815,0.0168698347107438,0.5821384297520661
bd9e9d9e2,0.5723012636165578,0.24349820377963188,768.5812937832098,0.3144999564270152,0.0565,0.056155555555555556
084874570,0.32138385620915033,0.18549971772959842,643.5600397760417,0.2573981045751634,0.16846666666666665,0.00115
3cc84c2f8,0.45224726211554855,0.21309524587993064,3689.9621675422395,0.39261649944258636,0.03334448160535117,0.03282608695652174
9a770c49a,0.6402729937335759,0.2661743181064985,2151.865375165326,0.20876473957280509,0.012053264604810996,0.25603951890034365
997db5df5,0.6097145061728395,0.31944765057598395,383.9745929396808,0.12054021423384169,0.1265625,0.2813599537037037
8705145ca,0.5683707664884136,0.20546011237900788,2332.2406126234505,0.29112397504456333,0.02956818181818182,0.08464772727272728
81d97fa9f,0.5963362964233313,0.14005188540308738,500.2854584679366,0.1632896968311134,0.008886054421768708,0.0011904761904761906
78b07d4e0,0.46544278019849916,0.19071921800974995,169.22396964728844,0.22512197409828127,0.08063271604938271,0.0
fb3bd80d1,0.5824364515496486,0.2965063441915988,765.7957055403522,0.2084586947146228,0.07517221427286873,0.20653984189908753
1a1283447,0.45890893075980393,0.2591468037765895,2450.650058036126,0.18792649611928106,0.07004557291666667,0.01478515625
90592e40c,0.5009908012587752,0.2964987147962942,6097.261128676495,0.21243857419511014,0.11662037037037037,0.11866512345679012
e4e5ea1d2,0.47512179738562094,0.2775566796733961,496.88013305305554,0.2162690522875817,0.079525,0.04860833333333334
e7a74fca8,0.4741309005083515,0.19041712845624661,1835.1507312880442,0.11766748366013072,0.02635030864197531,0.019537037037037037
a5595a935,0.5939895402977244,0.2934757076045225,200.9941034551487,0.15592760180995477,0.09610367892976589,0.12881270903010034
c7575df7b,0.5047535947712418,0.2926555874512204,616.9079751082639,0.16408911764705883,0.07378333333333334,0.162125
e81c6347b,0.25034061283689507,0.2556567116756802,356.23069401235495,0.09172312183300287,0.4235311329588015,0.035252808988764046
76d5726c4,0.5579785369008714,0.23514706603891872,2461.7050704089506,0.25104479847494554,0.05252604166666667,0.06658420138888889
1a9e7158e,0.11089859068627451,0.14552009239607452,585.4685431321462,0.46445532066993467,0.6729427083333334,0.00158203125
d38bcdf49,0.566854170289225,0.17382459900129,1153.2304548907614,0.12008435020678417,0.02423056859676578,0.00012606503216831857
85a79f281,0.5568379193474264,0.35555475851474044,364.6263867187261,0.07214085477941176,0.21835693359375,0.25858154296875
91c2159dd,0.30059425683853785,0.1826133699410653,844.7940260316049,0.33081581336238197,0.20445216049382717,0.0
91d6a2898,0.3899718300653595,0.17928219887018096,412.6985088263889,0.3105686928104575,0.03829166666666667,0.0062833333333333335
cfddf0c47,0.5491839511846405,0.3249752579331594,487.14077101300546,0.2232566125408497,0.09353190104166667,0.19977213541666666
072ae6d9e,0.38599709513435004,0.26077724517990414,5562.449130117778,0.6429229000242073,0.21969907407407407,0.0189891975308642
b5df81f99,0.5636461764705882,0.19760601568804706,405.19559743749994,0.09072467320261439,0.012316666666666667,0.05776666666666667
2c24655fe,0.500641007020092,0.2570825157169125,1473.0836872654227,0.34216115952553866,0.1415432098765432,0.03530864197530864
c8208c3c9,0.42360722263066736,0.2195782069744607,433.9635729500003,0.6681260123457706,0.13129655346547153,0.0
9a9f6c753,0.6468066339869281,0.2662777423188313,849.2629487455556,0.20425656862745098,0.0008416666666666667,0.30196666666666666
92b89a666,0.5497633442265796,0.20008477359179677,747.266579801038,0.1989723129992738,0.014290123456790123,0.005817901234567901
6819ce556,0.5118278758169935,0.18425445259647463,88.33840506326389,0.20350604575163397,0.025108333333333333,0.014325
17bdf954a,0.5647436456063908,0.3047642086167142,648.7562482743043,0.12922943899782133,0.04839120370370371,0.20734953703703704
53cd96ef8,0.48036289215686273,0.29764747944404635,1948.771209674375,0.3498645833333333,0.111725,0.16421875
da327c74b,0.5983607480029048,0.2454751576515417,374.4491707809404,0.35957129024449286,0.007569444444444445,0.23112654320987655
878e36da4,0.510481339869281,0.2559359631912729,117.17820429993056,0.18668189542483662,0.10106666666666667,0.06388333333333333
1ffe668f9,0.5151612540849674,0.21714855592214263,2480.2502742250126,0.08712233200571896,0.04236328125,0.02861979166666667
9a2f44ddf,0.5231675490196078,0.2722662397791098,265.78167106659726,0.20013790849673205,0.06971666666666666,0.15696666666666667
d30b90a39,0.3872522875816994,0.18320260619924011,456.3715751415972,0.20568235294117646,0.052925,0.0005416666666666666
20559d623,0.35199912248850157,0.18428030302144852,1066.6962884511101,0.2242554768821109,0.05549382716049383,0.011496913580246914
3b0b2a86a,0.49918161462115707,0.22281841662751242,2062.0453537713383,0.28117029774872915,0.06124228395061728,0.025794753086419753
64c1c412b,0.4186848447712418,0.1900994578621301,739.9839280571831,0.22518321078431372,0.05578125,0.005052083333333333
0e6dd5e23,0.6694226579520698,0.17863778890198853,205.55842584876538,0.1687654926167998,0.0006635802469135803,0.011666666666666667
184ea777b,0.4813538432734205,0.22668181255774997,348.9976862248738,0.3903566687091503,0.16210069444444444,8.680555555555556e-06
86547ad6d,0.447774288246372,0.29410188849525837,575.8472703405789,0.10320804253904951,0.08995056497175141,0.15111581920903955
ead547f1b,0.5263014296019412,0.3296208613490789,908.5176957276065,0.1337232933307102,0.18059364548494983,0.16153010033444817
703f38466,0.44002668845315906,0.2329268899042088,727.4945968364198,0.2165249636891794,0.08624228395061728,0.03368827160493827
60b188249,0.5471759248621324,0.281989165274804,439.9826415828705,0.1387684685202206,0.0885693359375,0.18521240234375
3c5e8cc5d,0.5320547158678286,0.30356929931891924,2856.0947738626533,0.15071924927378358,0.1303587962962963,0.14833912037037036
9f533475e,0.5052854938271605,0.16859606906300822,754.487872559204,0.22693648632292424,0.03588734567901235,0.006265432098765432
0636650db,0.6520436519607843,0.25342927580109686,1022.1212067177734,0.2545454901960784,0.007075,0.3173625
d8128cefd,0.6096006535947713,0.1629077648340394,946.8737654566665,0.2208658496732026,0.003075,0.005158333333333333
dd2ec7bf4,0.5678335947712417,0.21820355649210613,3558.1900654566666,0.09205326797385621,0.0048916666666666666,0.089275
fcf377cce,0.3488521860764508,0.27083025623892226,5475.689333605385,0.3840938799762329,0.23374368686868688,0.04109848484848485
d4b028ea8,0.4671625514403292,0.2413132526768621,805.7732993393132,0.042646090534979426,0.06718364197530864,0.042430555555555555
7f8f45a35,0.5374809150326798,0.28834584590324186,680.1398416299306,0.1380172549019608,0.13860833333333333,0.06830833333333333
c92256e41,0.38415236528256946,0.21496038318877872,162.2621555847499,0.2932768515949264,0.05526941219813481,0.043429578634843355
6c3a05812,0.6667716899468817,0.31989971397297473,148.6200416381668,0.05967214243556955,0.17043478260869566,0.2732859531772575
5d1fa8ddf,0.4598372875816994,0.16062199036056177,432.81056652333325,0.49185732026143786,0.018216666666666666,0.0007916666666666666
68cdd6d6b,0.3915128796616686,0.24378734492893095,3261.701508148425,0.40835266183679353,0.18349800857843138,0.019473805147058824
1171c9a41,0.35116261437908497,0.29334941737514825,2244.6463177549304,0.18009777777777777,0.29186666666666666,0.09299166666666667
3db150833,0.2355439058339385,0.2445835139660746,783.1469984067193,0.42026189179375456,0.5050925925925925,0.01699074074074074
3b8b38508,0.46017003267973855,0.2465582036561683,1158.9114865549307,0.17164088235294117,0.05365,0.07221666666666667
2e1d4e279,0.4083000980392157,0.23036128888777022,203.28581711326387,0.33499967320261437,0.19869166666666666,0.00010833333333333333
c3cafb38c,0.4901151633986928,0.17000788626794106,334.40108291083334,0.11933133986928104,8.333333333333334e-06,0.02109166666666667
a6e902691,0.3673209803921568,0.21747624320012482,537.4664801975001,0.19702692810457517,0.156175,0.0027
e3f841674,0.36747394607843137,0.26997388835829894,1253.6318591918362,0.3017215196078431,0.2471625,0.0371125
2cea63a41,0.5042627995642701,0.17004731710240992,1320.5859574721842,0.16880156136528685,0.01678240740740741,0.02154320987654321
9a3c966a9,0.5229122461484593,0.31979860175260133,552.8711710214343,0.25977992603291317,0.1387974330357143,0.13938337053571428
27104e464,0.5433672875816994,0.1745874847683924,613.7646161288889,0.23318503267973856,0.04649166666666667,0.017291666666666667
da8a47785,0.24758837145969498,0.24793086110776785,1792.7525852280523,0.28512229938271605,0.43245370370370373,0.005966435185185185
1ba11aaaa,0.4877060639070443,0.20159798190549166,747.4446566095463,0.22632069262890342,0.02580439814814815,0.043501157407407405
e5164d828,0.45019035947712416,0.23520019278531173,526.7863108665972,0.3084264379084967,0.11853333333333334,0.0508
a0dd85af0,0.5101415838326072,0.24876050517262116,258.61952942459675,0.25615752087872184,0.08376012731481482,0.10955584490740741
0392c0c81,0.569422691993464,0.16904436303140538,3635.3989514074965,0.16229088796977126,0.012444661458333334,0.03557942708333333
fff24fcb5,0.543363870927253,0.16359096690008473,221.9075259578914,0.34747028782247963,0.01588212416237894,0.0005993254400897713
1195168b6,0.5195643137254902,0.21421719752829865,2075.0338482527086,0.24370009803921566,0.040933333333333335,0.039525
accca912b,0.5558345755456179,0.21038507652398195,996.1219534690636,0.13367389060887513,0.021442495126705652,0.021296296296296296
12d514ef2,0.4765976112667289,0.28343888217761154,4921.386723630929,0.2576753861266729,0.15360863095238095,0.08249007936507936
17e6747da,0.4387483410667066,0.179867576693068,331.0172006286865,0.27761203412662777,0.013511450381679389,0.017983460559796438
0052dcf47,0.5759640836716083,0.23165513745249994,1032.2456475677502,0.15758405090668454,0.0681592125120044,0.09624948552613527
cdb855a69,0.6244539106626257,0.25484536968210453,337.0404844127788,0.20083103733296598,0.017893735362997657,0.14874121779859484
6f93a41c5,0.49649473856209153,0.20216404570928542,1134.3880286197223,0.3740896078431372,0.007633333333333333,0.021133333333333334
dc56ff89a,0.3262556862745098,0.1976284854962298,128.173113769375,0.1952188888888889,0.10378333333333334,0.0195
23379775f,0.3806610130718954,0.25948302662914935,441.46498071972223,0.3500880392156863,0.11080833333333333,0.104525
fca85f778,0.46473863017429196,0.29453662453136137,766.4601855104046,0.1999382262164125,0.08828703703703704,0.09321759259259259
87f4ea65f,0.38379824800290485,0.23368259035496639,506.0477751923654,0.24118809005083514,0.1424247685185185,0.019710648148148147
97dc6aa32,0.27214820261437905,0.21222772921957625,85.56083221083333,0.43977189542483663,0.14981666666666665,0.0074
bb4c6519d,0.406452947228274,0.1488951476228088,722.3192639359829,0.4516737170176713,0.030300925925925926,0.0012114197530864197
d95eabfe9,0.5914188782935048,0.22592463905210933,583.205492386222,0.3273063629748775,0.01820068359375,0.03298583984375
146d950bc,0.34159816176470587,0.2891773788064752,2267.950338969375,0.4649233333333333,0.32298125,0.0264375
0b8614414,0.5774471568627451,0.23822823502436732,310.32399626222224,0.11351307189542484,0.0093,0.1537
20d4ea30e,0.3784309848233079,0.2116668255996724,223.95722471347435,0.1921866068461283,0.028015536723163842,0.022464689265536724
f98750599,0.5040421389910131,0.21274923468836973,91.85762186262342,0.17291943678513072,0.017688802083333333,3.2552083333333335e-06
fc9b4b692,0.5348181805977477,0.20122210758617357,398.7256015204403,0.4977318650464881,0.07305604460093897,0.0006822183098591549
487abc5e1,0.49353791454853546,0.1754445185225113,612.8165475070492,0.4671514161220044,0.01327932098765432,0.004290123456790124
5c66641a1,0.3202991557734205,0.2545510321091484,2087.6888999484254,0.4600704656862745,0.2976388888888889,0.04117476851851852
518f86025,0.30869937666424596,0.22716131408194976,2694.7510894775355,0.24602853425320745,0.3486574074074074,0.00015432098765432098
8dfe4da6a,0.5704507633311627,0.2336727666701571,4037.341569072677,0.17102678894436002,0.02785977859778598,0.0259840098400984
94bcf0199,0.5725859375000001,0.3048633326925859,435.4513729476928,0.3269109477124183,0.13510416666666666,0.10151909722222222
e758e4c0c,0.5325593454974582,0.14617479135593464,261.920820973957,0.1913260711692084,0.002673611111111111,0.0008333333333333334
782eb0d9d,0.7035284203569069,0.365150112432489,450.4846328324671,0.06974315194242492,0.1002247191011236,0.5578651685393259
7fd7b7583,0.49088794443608647,0.22141352703601153,160.32843586694884,0.23045940524547415,0.02245524296675192,0.008861892583120205
7687b7da2,0.5362005818587597,0.18954287241404047,639.4415819846133,0.2907121044556034,0.03205665650406504,0.013910060975609756
203e2bd3c,0.6337839869281046,0.24389762962283143,72.17695810770833,0.13200287581699346,0.025741666666666666,0.16883333333333334
6b0103c04,0.4988767138434321,0.20282334714772493,543.4105913080693,0.16763950316968892,0.05231203007518797,0.01111842105263158
f99a5e817,0.45561553921568626,0.25667663036274424,1531.9231443398437,0.4115728676470588,0.14695,0.0314875
157e3e074,0.39036650326797384,0.18659068569685827,142.96734902666665,0.16972839869281045,0.08355833333333333,0.0012333333333333332
68731378e,0.5451221241830065,0.22669825425965842,2282.6429832997223,0.2137862091503268,0.04425,0.030608333333333335
eb8aeff64,0.5619908169934641,0.3720276400792745,453.3066573465972,0.07615624183006536,0.15315833333333334,0.392525
79f8b048f,0.4572452287581699,0.20519929510520984,3648.0512118395063,0.352460871459695,0.0664,0.011644444444444445
846e720dc,0.5179022331154685,0.19269494489473396,1640.7711874452107,0.11678304284676834,0.06269097222222222,0.00012152777777777777
9744dcc69,0.4065205049339997,0.23857614963571364,423.56573765532215,0.2534815775983596,0.09635620915032679,0.053986928104575164
a2ae5fa7d,0.5330973881740196,0.2719419467335019,649.8044246717665,0.266223166870915,0.060712890625,0.14460611979166665
b9d6b1488,0.47291199422912983,0.2126229192289151,1786.0165730179194,0.3948264476359105,0.08821070234113712,0.0010535117056856187
1ffb40e20,0.6425792181069958,0.2268462988999332,555.5791597173998,0.26251540183974825,0.038433641975308644,0.04775462962962963
1ee56e81a,0.5500560224089636,0.2810226856528304,507.38373339408207,0.22932080878328343,0.038970990695128625,0.17810618500273673
f4415e636,0.540192901234568,0.17626792015368697,122.5302460418929,0.2321372549019608,0.008618827160493827,0.0009799382716049383
f91147e5f,0.567458503540305,0.15619639162215657,815.3611102986465,0.24636027709694988,0.030807291666666667,4.340277777777778e-06
2418f7929,0.5674108823529411,0.19397286482083814,198.97526013305554,0.18858313725490197,0.03594166666666666,0.016075
0e4049f6d,0.6157170630448506,0.24004699052202744,886.8867574676984,0.223547516972422,0.06236421094212917,0.039798538415958915
daf1a8d08,0.5698380665672066,0.18324838988382028,119.55433172836895,0.044025824097755045,0.05707653985507247,0.0
1ba69dec6,0.49359444784858386,0.2847599748899115,470.16282544847655,0.2909436274509804,0.04713107638888889,0.15893229166666667
cfe285c5f,0.5617292892156863,0.24863924989976807,6198.289032974649,0.19251975490196077,0.003575,0.15836875
92caf1d01,0.5443034508885521,0.12961104033131693,2773.6406139974897,0.08434285599485697,0.0024956088992974237,0.0026419789227166276
37bf6da18,0.7470738996119282,0.29752990136843965,809.6506794228447,0.054125727634803916,0.00072265625,0.5591927083333333
24d9b76ae,0.3801986415481225,0.22836796014498487,1601.9394617187834,0.14056708958093042,0.06241830065359477,0.06568627450980392
c0ca6dd73,0.40651803921568624,0.25029283140375425,1041.824130826389,0.2626676797385621,0.22131666666666666,0.0027333333333333333
6f72c46b5,0.5280874183006536,0.27354612711472126,7457.990173908827,0.13354368361928104,0.06426432291666667,0.11933268229166667
c8fc0d746,0.516500931372549,0.23895975605836314,3962.3635694871487,0.1719593137254902,0.00409375,0.115975
7b8924342,0.5022730392156862,0.21201009087838074,1652.5545693593747,0.23255539215686274,0.009,0.013475
b8bf2c090,0.3207405591866376,0.24520646971335552,703.4216985977151,0.15091960179133382,0.28227623456790124,0.04294753086419753
44bba906d,0.4101225490196078,0.25386984652998124,1319.41240804846,0.2546620327818628,0.12310221354166667,0.05541015625
7d1d7a4f6,0.7330124798046559,0.1549272200754402,593.3964481760299,0.056480295769993395,0.01594686329588015,0.0036575374531835204
fbaec0999,0.4798309368191721,0.2746300759645069,476.25812675506177,0.0906477559912854,0.08045555555555556,0.11178888888888888
43b277272,0.37438019607843137,0.2489645338006354,638.9683483582638,0.2596204248366013,0.12290833333333333,0.06975833333333334
36cc00cf3,0.4703036492374728,0.2686567478384074,634.5304583598237,0.1727707198620189,0.17468171296296298,0.00882523148148148
4bff9728d,0.49667333333333336,0.15233057197900718,342.130418374375,0.11025673202614379,0.051325,7.5e-05
77fa5cdd7,0.5552391521423384,0.297049808670078,680.7184941099484,0.2365246459694989,0.03454861111111111,0.23361689814814815
a76983523,0.46682267973856206,0.17650544611225966,242.51950882159719,0.16143816993464052,0.014408333333333334,0.012608333333333333
c60e6aff7,0.37451766429227945,0.23528634031155599,758.1760968007983,0.4498333333333333,0.07158935546875,0.0778662109375
3304185a1,0.3940871005809731,0.2611064540901891,293.9840152358485,0.314132239469862,0.1633101851851852,0.057569444444444444
d7dc2efde,0.4669029411764706,0.32744527614156044,270.3162519288889,0.20956598039215685,0.115875,0.22371666666666667
59b224cc9,0.6384810784313726,0.23590984744637974,130.21357449826388,0.12001470588235295,0.037608333333333334,0.13946666666666666
32ef0472e,0.4906048366013072,0.1489445314190297,517.4010414565972,0.20451542483660132,0.0007666666666666667,0.018383333333333335
4f7aa1d3c,0.39708343137254903,0.2563258400507137,3903.9330361743746,0.2812470261437908,0.15794166666666667,0.06041666666666667
8b63e1b21,0.615286713045874,0.25669688318925615,1042.1179138971802,0.2723065619690499,0.03127195550351288,0.022610509367681497
7395053bc,0.5467012590989574,0.22203830690745216,353.9996126438743,0.49023739261590926,0.037190635451505014,0.0819314381270903
88030e16e,0.5147828104575164,0.2157167027919555,3297.6853183822222,0.27973133986928106,0.0141,0.06684166666666666
694caa813,0.45930498702917594,0.2338709641869214,500.24237679886386,0.27861570143521325,0.05743664089347079,0.04592461340206186
4eb61ccb3,0.3228217101273499,0.18377113173663312,206.0828709719418,0.31800266154571794,0.1034192439862543,0.016623711340206185
99558286a,0.32423420479302834,0.22200538780091414,1908.4285494255234,0.4097165032679739,0.1280787037037037,0.0004861111111111111
7f8955f6a,0.3987201334141904,0.17216833618069075,1832.337706059981,0.15235122296341216,0.07494201030927836,0.004052835051546392
9397426ea,0.5318982810972158,0.2770908929814144,8534.814230218473,0.23117397457670733,0.09270997375328084,0.11982939632545932
cb9cffdff,0.5065585171568627,0.19164553561111453,2205.073459794521,0.20262280433006535,0.053740234375,0.024365234375
11960b9ed,0.44914627208908253,0.20541201615792556,2037.2192436535493,0.2519580307431615,0.10614197530864197,0.003912037037037037
9dd9f107d,0.5038030425963489,0.14556023276236302,1553.5554012365487,0.14147123056119,0.002206896551724138,0.018655172413793105
58fe1756c,0.3802429193899782,0.20154675188795854,8424.20487406173,0.356424531590414,0.10698888888888888,0.0016777777777777778
ebbf04d10,0.5825958000484144,0.2613728661279562,924.3397288851141,0.10231899055918664,0.031026234567901236,0.09300154320987654
30dbb2e50,0.5004398648131128,0.2362598343556605,500.03654745481015,0.3507538009344363,0.02697509765625,0.02595703125
3536e1efd,0.395211867518543,0.2217833631925481,789.0783633768885,0.238638062715723,0.04308988764044944,0.06765917602996255
de993d8ad,0.5780098692810457,0.3283510145923061,789.8292664166667,0.12219035947712419,0.030408333333333332,0.29585
d8c1859cb,0.5439092810457516,0.2574413199562095,1391.9647898049304,0.177145522875817,0.018041666666666668,0.128675
9ef475fbe,0.3806410130718954,0.240549951880233,169.3083898665972,0.34133277777777776,0.1253,0.056975
7ca780c35,0.38773765432098767,0.2368635426605288,517.701526570504,0.27446865922294844,0.18140046296296297,0.00043402777777777775
c039154f9,0.6496727982162764,0.3098833533843208,55.07837517896891,0.21138130369204539,0.041438127090301,0.3407274247491639
4be73c550,0.7327360784313726,0.30914374198072314,212.28619026222222,0.12148519607843138,0.010483333333333334,0.5328666666666667
4683d863b,0.6246148039215685,0.2726480556587703,251.38971701937498,0.11600506535947712,0.0,0.19441666666666665
ff05d4438,0.5401727028483121,0.2567728339221093,2463.9057356704147,0.28918523953326813,0.08835412147505423,0.049525488069414314
79b514f79,0.7629375151295087,0.2406455923494421,1959.8742435297117,0.05595231178891309,0.006003086419753087,0.5003240740740741
4e7a22c99,0.5090639751270878,0.25691597285404527,990.4878698554312,0.1721882262164125,0.09723958333333334,0.09101273148148148
8c36b62a9,0.4697879738562092,0.21003989076202811,734.1763250641667,0.23396101307189543,0.025391666666666667,0.0031666666666666666
6d59be88d,0.4930574921326555,0.1937242750492653,825.1809790809328,0.23722031590413944,0.016651234567901234,0.012291666666666666
181fb7dae,0.5119279672045809,0.2723989664483056,393.0747952974183,0.18893472366822833,0.05463495575221239,0.12839048672566372
1aef9fc86,0.343472091503268,0.19074863444674928,661.1108255863888,0.38108290849673204,0.11193333333333333,8.333333333333334e-06
b386bb45c,0.45111195822414984,0.2832950870373368,702.4894074573538,0.29160000828288307,0.002856182795698925,0.0270497311827957
b7fa5b815,0.5485723039215686,0.19012176399675185,74.15770719925563,0.24159952001633986,0.007845052083333333,6.510416666666667e-06
070faf086,0.2600766321509877,0.21358316518256645,1946.868994950045,0.35607872512300803,0.3680430711610487,0.008277153558052435
36a216956,0.5474749029820262,0.2647476964228456,454.2446215358734,0.22870525684232026,0.06433268229166667,0.09114908854166667
ae524a36a,0.47428811193351517,0.17760284335298002,329.88214354462247,0.26808612517854824,0.03107615894039735,0.0006539735099337749
154d24447,0.43328598596629286,0.22551333555776315,284.0883626888262,0.09895176732900518,0.07180602006688963,0.0751505016722408
9e0b14cf6,0.41250591503267975,0.18390009075855898,2957.6607207899997,0.30847006535947713,0.0838,0.0009916666666666667
80fcac43d,0.4042569063180828,0.15512416588126637,275.01237537765434,0.26559921568627454,0.007177777777777778,0.031155555555555554
a2b42f2e5,0.5701441085693537,0.2518255759994296,625.825531653887,0.15701888162672478,0.12090277777777778,0.0013194444444444445
0baab7556,0.39933599612684584,0.22480971713696216,3819.0708362766254,0.40350453885257803,0.11085648148148149,0.03125
e825b8b9f,0.745176406760621,0.13071952543787047,2209.970756756242,0.11243806168300655,0.0005501302083333334,0.12037760416666667
14357e2ed,0.6877209370639642,0.24189063547885664,163.5857302946457,0.18536817948153042,0.034363295880149816,0.30230337078651687
056437112,0.5983241043330914,0.19613535243521385,311.77467542200117,0.24702145364318567,0.004691358024691358,0.005740740740740741
abc69ab7f,0.4119610784313726,0.2610169235342971,768.2872056968359,0.4167908823529412,0.19671875,0.0395875
dd5797b7f,0.564175,0.27512034865751833,1686.4422658933981,0.3595775,0.04679375,0.159875
28c005011,0.46850826071169205,0.17477637479294938,292.17475355782216,0.12566246822803195,0.014149305555555556,0.043778935185185185
dc0ee2c73,0.5520194235588972,0.30884630790794676,290.8383146291481,0.36361473536783134,0.12114661654135338,0.2251221804511278
124f45c2b,0.53172554125817,0.26749147999885975,446.6563176805284,0.25651671432461876,0.09007378472222222,0.12076388888888889
bcf13ec9d,0.5331320915032679,0.19236937961244796,36.84297759555555,0.15088503267973857,0.020791666666666667,0.0
2d33077f2,0.5454995234204794,0.11137080371421222,178.63705514349707,0.3452451434277415,0.01099537037037037,0.0
842528c2a,0.6405889820772059,0.24645540101366126,827.7526611328125,0.11801224532781862,0.0071923828125,0.19115966796875
96a1bce27,0.6136786764705883,0.39803719078062183,1782.1835330275599,0.257312600922722,0.1881985294117647,0.49843014705882355
d2dd62cf2,0.5059190918472652,0.23761225692174892,1178.996606758695,0.3812698658410733,0.030429824561403508,0.08243859649122807
53549acd2,0.5369322170815892,0.22936764858614003,40.562927239738954,0.4077262612910333,0.02648876404494382,0.09679775280898877
f981112a8,0.4969443167892157,0.24907683795957272,490.52000257736836,0.23433415032679739,0.03313151041666667,0.128671875
d83aa1f02,0.5060791575889615,0.20204768746245938,777.7724352695458,0.4771669616920842,0.03121527777777778,0.009461805555555555
9e27976e9,0.5531274509803922,0.2628198816316223,864.4899837162336,0.2230148845996732,0.06813151041666667,0.12955078125
3a67f200f,0.41266418300653596,0.1514094713139547,204.4108149982639,0.12795624183006535,0.018108333333333334,0.0042833333333333334
c93c0faa3,0.4331772549019608,0.24291469149212513,330.6321778975,0.2539558496732026,0.09098333333333333,0.032883333333333334
c9439e71b,0.6461019358915442,0.21784903606906114,215.86677000150084,0.18195296223958335,0.01406982421875,0.06618896484375
9725bf4d2,0.2580874051154632,0.23367974059435997,141.8787741170559,0.4389528126452813,0.4108014544730026,4.981071926678621e-05
a58d8080b,0.42026856009579405,0.26845077045306925,1944.7669367228016,0.3946078805568029,0.14629770992366412,0.0696087786259542
796774834,0.37892874001452437,0.27795844466808856,241.95154010416664,0.3807174110384895,0.15768518518518518,0.12840277777777778
db635ae93,0.34530231027596225,0.17924123763335226,1348.2070120236413,0.24951003086419754,0.12773726851851852,0.007876157407407408
137916924,0.39914686274509803,0.2681158050565944,691.6432206122222,0.32436774509803923,0.18355833333333332,0.04735
30e66b835,0.3558644880174292,0.2569970425525703,203.5089222220988,0.12009891067538127,0.29264444444444443,0.0
1bd200942,0.4819229738562092,0.15883375842336112,334.9721089332639,0.12066993464052288,0.044675,0.00013333333333333334
ff7ff0f3c,0.5131415062254163,0.24624419279204646,473.0986673415287,0.45902620663650073,0.034502262443438916,0.12686651583710407
64568c4a6,0.5443297348902107,0.1284389569283333,305.43358238569414,0.45890265844165384,0.0013951310861423222,0.038380149812734084
caf3220f8,0.30342705882352944,0.15002483505292843,109.30254128395062,0.2503618300653595,0.14596666666666666,0.0
2d837689d,0.5604467647058824,0.17673101115871176,1164.3753961049306,0.18184297385620915,0.03775833333333333,0.000225
cc8bf5e79,0.4653588671023965,0.2692408360944458,221.58488583691357,0.18630771241830063,0.11,0.08286666666666667
4a8caef08,0.4966528431372549,0.14965131732378073,308.0075077915973,0.5428104901960784,0.004166666666666667,0.004958333333333334
642a88a93,0.2504355800653595,0.18858654597099178,148.02245555555555,0.38786331699346405,0.33378125,7.291666666666667e-05
5f2edae7c,0.4443123468137255,0.2127180080822306,10093.67007356703,0.09973825571895424,0.03892903645833334,0.03821940104166666
a22c43e29,0.7017291348816184,0.16414135174568617,455.71470855578696,0.13831646606769507,0.00531700288184438,0.0005259365994236311
92c2878db,0.6196724241088298,0.3493003332998247,2007.7721849042882,0.2466786066675064,0.10179336188436831,0.38920971627408996
d0b61aedc,0.36683015279690473,0.23578025395500557,2158.118374549502,0.3349077972326054,0.13654682274247493,0.04533444816053512
bd5ac00df,0.4470947712418301,0.23685855962690175,1462.881666663776,0.2211967109424415,0.05180107526881721,0.07905913978494623
2db6c996b,0.43267735294117643,0.22009388332944854,295.08702604589837,0.28785946078431374,0.08529375,0.0038875
f7af4ce3d,0.6971237745098039,0.2297109111834631,4554.303239377604,0.06117718545751634,0.02484375,0.2716189236111111
102482c40,0.48666006263616557,0.16570335091759897,795.2021926323031,0.1685619212962963,0.026167534722222222,0.003572048611111111
7d028bdea,0.40358650326797385,0.27007974220473735,269.74103809972223,0.292097614379085,0.14386666666666667,0.04244166666666667
c6556750a,0.47176257879877787,0.22062681058939912,875.6057316144841,0.35556292783385546,0.06339373767258383,0.012789694280078895
defc7be05,0.4172149192793437,0.22757898647147506,1671.5660331800673,0.13022982196350763,0.07240125868055555,0.008015950520833334
209e4f717,0.3401889297385621,0.198277761494773,1932.331531819025,0.21610936365286856,0.07908564814814815,0.019380787037037037
303ecdb58,0.42783335997442457,0.19379367224151733,130.8730601443891,0.2635933503836317,0.08512228260869566,0.00015625
4c1a9d86f,0.7942313195548489,0.3083045185167826,359.91289188020454,0.14650158982511924,0.04474324324324324,0.6450135135135135
8c17f26c4,0.5177799019607843,0.28700513161261687,3092.736426510833,0.23118212418300654,0.06259166666666667,0.11965833333333334
7ddc32b12,0.4887548157935049,0.26760920267775773,1623.7595259262087,0.18225359030330884,0.0336279296875,0.13681640625
3e4f81782,0.46904375816993465,0.23685366213404163,311.1424580749306,0.28362287581699347,0.1135,0.03274166666666667
f2755d8bf,0.4264680464778504,0.2902368240288124,468.2904461912723,0.315427559912854,0.16921296296296295,0.10080439814814815
cad137e83,0.5831964433282891,0.2284389427920378,1028.4990410444245,0.19547490260472006,0.08940886699507389,0.0018336070060207992
0e8c2a1aa,0.4887358854652972,0.26090393622347435,4599.93498195005,0.2864145969498911,0.10203174603174603,0.10465079365079365
b8d244dd5,0.30396392156862745,0.17935595117528594,1000.7348414549306,0.39902790849673203,0.12123333333333333,0.0033083333333333333
4e00cd0ac,0.6162444172113289,0.24655290846577194,918.7312381243481,0.3051176130174292,0.049088541666666666,0.07272135416666667
8563bddec,0.5522831234388906,0.17952085772174217,1559.14002828541,0.27323977420979056,0.020533736507155162,0.026335220280580853
f3b4e3f5c,0.40083370052140704,0.19624396921433498,428.6293629588717,0.34839377249026954,0.032602996254681646,0.0005056179775280899
ca144ac2a,0.4346380718954248,0.23082880181034493,1189.9749051649305,0.3148886928104575,0.11724166666666666,0.035633333333333336
b612d6ba3,0.4872479958129085,0.2688729404376949,5755.844281542873,0.24424502144607843,0.094765625,0.078681640625
c517992c8,0.4546116618932217,0.16828531701817617,419.3466927400265,0.07698443122567379,0.0011891385767790262,1.8726591760299626e-05
661bcb904,0.6618470588235293,0.26863894779774705,3044.6054047569423,0.1070324064171123,0.005845454545454545,0.30405454545454547
d6e342121,0.5403998544730392,0.22456396679931395,696.1777290858985,0.25702023016237746,0.00958251953125,0.10662841796875
4e01721aa,0.6586788235294118,0.22779368924652155,721.7085650111557,0.33049524183006534,0.0038066666666666665,0.22756666666666667
b90e6ec69,0.3133513614430147,0.15829006355534267,1474.6902956456604,0.26990368412990196,0.07816162109375,0.00129150390625
bbff353ce,0.7020984168482208,0.24805519083381927,647.1768142351714,0.09530945533769064,0.003955555555555556,0.3504888888888889
4a0cda147,0.4668464705882353,0.21155467063225203,54.44504324826389,0.3615070588235294,0.022566666666666665,0.060075
7a54b760e,0.44687179254417814,0.21762938471634116,3420.513724671294,0.08611047567175018,0.08875,0.018109567901234566
4c5dd1f7c,0.46553013071895427,0.19282738180600678,864.6150015327082,0.17822725490196079,0.04421666666666667,0.0006916666666666667
7be394a98,0.3394272549019608,0.18288446841476455,865.3395916582638,0.3084837908496732,0.14853333333333332,0.0035833333333333333
87074d17f,0.47878901143790853,0.19679441442399043,556.738720652187,0.5672718772694263,0.0619849537037037,5.787037037037037e-06
a578345c4,0.6069351960784314,0.33750220992928964,3590.4496666641667,0.32575281045751636,0.074,0.385375
052b0ada8,0.44328153594771247,0.25393673808747164,1966.5576133678114,0.4115332924836601,0.06108333333333334,0.09788541666666667
529025eb8,0.4644507014559555,0.23392507797391923,1567.86162920545,0.4454747974282997,0.11097539645522388,0.012062733208955224
3d3aef491,0.4951340362560119,0.20781459627455426,303.42841841189033,0.14221450240473546,0.04724528301886793,0.0005660377358490566
c37cd2095,0.433952961495479,0.2719300556270278,371.6596698535112,0.2735933658437468,0.12204663212435234,0.06391839378238343
a79fe858d,0.2438422081250801,0.15916376746398786,548.0174419928633,0.4142262591311034,0.23879901960784314,0.0
fd279ad95,0.4410223481753813,0.19472725049044023,971.8554864709171,0.2920523046023965,0.04213107638888889,0.005798611111111111
c1ba2169b,0.4545924836601307,0.254306372734796,520.8899644433333,0.1058775816993464,0.21333333333333335,0.00028333333333333335
d01e08ee2,0.507882281769332,0.31692131165782805,154.87524133566723,0.4157865004881125,0.1295087247900315,0.1720052482302936
fc4b199fa,0.4665029488357843,0.19300589355267375,503.3543066900729,0.310664769922726,0.001247829861111111,0.007297092013888889
ed6684f3a,0.6610048651039363,0.19958530540710678,1064.733735928755,0.20648551525873507,0.030479323308270675,0.07633458646616541
27bf3ae34,0.5065717138707334,0.18798473500624874,621.6492900462963,0.22304493464052286,0.0017901234567901235,0.00013117283950617284
cec359a78,0.5945267538126361,0.24921199180607712,481.9692213511111,0.26175472766884533,0.06136666666666667,0.055155555555555555
ebcdfedd2,0.4945345098039216,0.19101351818569443,1325.6575028117284,0.29269063180827887,0.006744444444444444,0.01697777777777778
7f4fb6f7e,0.5049911764705882,0.19462180351714858,46.58458032888888,0.23111709150326795,0.009483333333333333,0.011941666666666666
6c5f1f0a3,0.5118829637533246,0.21525877973859062,417.96027686322867,0.16581318233129214,0.08555057176656151,0.02243444400630915
d4c9eaede,0.4555800653594771,0.18880220594385003,519.183433963264,0.5672051960784313,0.08609166666666666,0.008141666666666667
bd30ea4fa,0.39511162173202613,0.16226593721649213,74.91722283918594,0.3953566814746732,0.04632161458333333,0.0
6dac572be,0.4699419480755265,0.19405208182740225,670.0190736077623,0.1601304012345679,0.04383101851851852,0.0008622685185185185
fb0180584,0.5441332885613261,0.23041788634218985,552.0087979653196,0.40333403648344585,0.11147175058548009,0.01558108899297424
281e2d7e8,0.7480137817422051,0.25240315850137013,649.386382490321,0.13700421890067505,0.004825819672131148,0.4791700819672131
bf74b13ab,0.3147522637527233,0.13913670851893287,385.9749434588208,0.13182661015795208,0.07502604166666667,0.00012152777777777777
02d6020a9,0.5075260353103896,0.20664488799805433,201.58715738537558,0.31177377756081687,0.038506224066390045,0.10201244813278008
12f9b8e6c,0.5091870296098238,0.20688077913270056,221.80499504040313,0.20384339720736777,0.028669507575757577,0.0009706439393939394
468cec390,0.5645328758169934,0.26611829488506034,1916.964457332222,0.10042692810457517,0.08848333333333333,0.108975
b2a23ac85,0.4921619235657226,0.3322623815028159,309.94949808140296,0.2491134940087146,0.1043576388888889,0.24395833333333333
a92b06d0f,0.5301207516339869,0.207734668553124,760.0396659822223,0.31051470588235297,0.019041666666666665,0.004125
7af7d9cb6,0.5906184134891742,0.1467084897874766,3287.2291364088746,0.37690368525260265,0.00247557003257329,0.019283387622149838
99558ec92,0.4536483006535948,0.21655793513046243,1884.1732746110417,0.23704686274509804,0.100775,0.00011666666666666667
4d20f6163,0.47187152458639703,0.22509148641204008,2823.5486663054467,0.27255748314950984,0.0428515625,0.040029296875
d6cfa5d4b,0.2278539414027762,0.09856573361891081,32.91194847228517,0.3596012465697664,0.08714274920191163,0.0
5e390710c,0.2720003921568628,0.2954977228091883,2601.530794333056,0.2999706862745098,0.4700083333333333,0.03623333333333333
056cc22d2,0.4965302741466957,0.2677938376507455,519.7577634768304,0.22704781681190994,0.07241898148148149,0.1072800925925926
204a3b926,0.4464012618719363,0.28378026863198447,1294.425946470642,0.2856602998621323,0.0654541015625,0.09384765625
640e18ef0,0.38321325988589416,0.22020927449104738,329.08014739984725,0.514218637287691,0.12673076923076923,0.029707357859531772
b63d76ef4,0.39960728758169933,0.25509231243479985,874.9073388132639,0.18053549019607842,0.15425833333333333,0.031516666666666665
8435e081c,0.5338719588169716,0.2517816429331393,181.53576082587162,0.2966292215883009,0.03281772575250836,0.11691471571906355
9c580ca06,0.4678164675832019,0.22983676700408132,3202.125550486357,0.11714548654710927,0.07628626163108922,0.021825396825396824
706c85343,0.5225545098039215,0.166144479063281,721.0733481465971,0.17601754901960784,0.0035083333333333334,0.012641666666666667
94fa9ff25,0.4348259477124183,0.24056364239124797,235.27479955555555,0.43748434640522876,0.19829166666666667,0.000925
06bf9e676,0.2954838562091503,0.21316119769986286,334.5080410915972,0.2196584640522876,0.29091666666666666,5e-05
e25d4dcb1,0.4392048805745031,0.22522088889519895,19958.797884361644,0.2135460705522163,0.10619977037887486,0.03616532721010333
5c810c552,0.557921045241013,0.16952641412508881,526.6307529581281,0.17341578584558826,0.011930338541666667,0.003857421875
54c2d49bb,0.526475324244281,0.2549648686918773,1630.0860236006738,0.17609175857843137,0.016754557291666666,0.086640625
30dd541af,0.30315722585330424,0.2292087011338112,1530.1713335642792,0.22963120309852336,0.2089814814814815,0.031141975308641975
3209cdc3c,0.5387894972803936,0.2653830010714217,434.40178718177765,0.22805616691120892,0.1247118291761149,0.07493386243386244
9b980624e,0.23718093651318206,0.13009292352750707,196.5791312786562,0.3122757857824778,0.22055243445692885,5.852059925093633e-06
6f3e5cbd8,0.5711281147875816,0.10804440139706717,571.5292275682979,0.18443476817810459,0.0021809895833333334,0.008531901041666666
4669945ed,0.45884006535947713,0.13948117916799713,196.19223341222218,0.10103421568627452,0.04330833333333333,0.0
1b932e373,0.37134921207746907,0.24471761979371956,1659.436165096306,0.24604495970167206,0.21886503067484664,0.005352760736196319
59e24567e,0.444321568627451,0.2345092004713857,2461.1306401927086,0.3039204248366013,0.054325,0.075725
50361acf5,0.4836564705882353,0.24372073986070664,146.85643108333332,0.2628099346405229,0.08126666666666667,0.0012
50e35cd70,0.5508145665673677,0.21607161545515052,716.0178139057848,0.28254966801535425,0.02348356009070295,0.0573932350718065
76288167b,0.36269224164761693,0.22035685860636317,7211.586553275999,0.4361322000064394,0.18121237000547347,0.008210180623973728
f93283e0c,0.30297712418300654,0.20509612088627444,475.3111546488889,0.2530371568627451,0.11159166666666667,0.024016666666666665
6be0a8fcd,0.5156077850399419,0.19221297179128544,1968.6740603566527,0.25879843137254904,0.0025185185185185185,0.03114074074074074
151d50f53,0.6299775099854756,0.22139318709600048,936.3976602575232,0.11680716684822078,0.03203703703703704,0.12380208333333333
a81084ff0,0.6320554901960784,0.2210604573982098,3634.7950339427084,0.08484176470588235,0.011125,0.13049166666666667
c712cfd20,0.6792120833333334,0.2507037606270699,185.68035631234375,0.10820874999999999,0.0040875,0.2875875
467614705,0.3326861111111111,0.2284340711641185,6482.254307766389,0.31987892156862746,0.14611666666666667,0.05259166666666667
88ac92eed,0.43709111111111115,0.19006527631643136,759.7089617108333,0.22009114379084968,0.094475,2.5e-05
9fa760b69,0.5116058517156863,0.18545151816848984,4993.628769058387,0.17146012050653595,0.005885416666666666,0.012486979166666667
04e7d89c0,0.3586140196078431,0.22502862263792417,3623.1715503527084,0.2420606209150327,0.11963333333333333,0.03985
93f758039,0.5610791503267974,0.16393269175131706,128.2838542863889,0.1307375163398693,0.000275,0.005741666666666667
85b57bb1e,0.506215456495098,0.2659236743956465,286.505885355462,0.11791542841094772,0.11620768229166667,0.08633463541666667
0bc3f09be,0.5037489852081184,0.17922730773859194,2307.8216947873193,0.2611428620571035,0.08066666666666666,0.000675438596491228
32148e0fc,0.5088088840474462,0.1312749686339841,226.90727588157057,0.1522076978939724,0.0026311728395061727,0.0
da8d4a273,0.4537991784676834,0.20656227946269526,1189.2083795760461,0.17839592411038488,0.04664351851851852,0.038425925925925926
deeea2b65,0.4813938725490196,0.21493896239408744,4173.341083020399,0.1752048611111111,0.00821875,0.07233333333333333
12380b365,0.6254236111111111,0.1386356149555317,187.2819509000718,0.16511730664488017,0.007824074074074074,0.029427083333333333
cc60d07c7,0.5222988671023965,0.23028840876885692,1936.6753864344444,0.2239758605664488,0.036166666666666666,0.0035666666666666668
3a4178fe9,0.4989811437908496,0.30896754769405455,2182.3831522299306,0.21794911764705882,0.09611666666666667,0.182775
355743336,0.4722174922600619,0.207229814516594,491.859321636037,0.1425280056759546,0.0,0.022164473684210526
97db95d21,0.40714971405228756,0.2111701772459342,523.1856584999786,0.25568772694262887,0.08575231481481481,0.015752314814814816
e42dc215d,0.7629421705745235,0.19143292649486987,612.9089796762678,0.154092383107089,0.0009965034965034964,0.3785052447552448
2b5a3c81d,0.4306469730499374,0.25877926311483507,2012.976093757659,0.18821964901446145,0.07797025371828521,0.07436570428696412
6029bf590,0.4632662944807553,0.1725475309871447,9072.24311310429,0.2233806508714597,0.013229166666666667,0.017274305555555557
78ad8f1a2,0.5435285294117647,0.2446467200021973,245.36305941222224,0.14988450980392157,0.000375,0.0957
3089a5bd8,0.6590460539215687,0.3519470268521427,1351.7659430621484,0.17325664215686276,0.1491,0.41760625
cb5597fb1,0.3535847630718954,0.2573214477175922,3637.0109182098768,0.24864549291938998,0.17375868055555554,0.04659722222222222
1a3a45096,0.44896042363433664,0.20730594040551859,208.3146552432299,0.7400103941242049,0.1291304347826087,0.0062792642140468225
382e4bddd,0.41982728390981866,0.21790747526107032,5798.113165001097,0.3769935099507968,0.060767790262172286,0.04677551498127341
944db63df,0.3920307961147422,0.2447384836219115,1751.9874905437873,0.20911288126361655,0.0961111111111111,0.06009259259259259
1d03b6d7c,0.49854469977291327,0.1304504974784074,85.73166498260827,0.1433247599451303,0.0070950911228689,0.0
e3a5332ce,0.329565813362382,0.241313449196288,2138.593399918493,0.31070500484144276,0.2280864197530864,0.05820216049382716
e5e083218,0.6793908859840232,0.25297844634269046,1034.1323461893635,0.38615248275236025,0.006516203703703704,0.3244039351851852
b75594e30,0.4358162568306011,0.2388022906094528,1607.6338450737062,0.34278537849566054,0.1269467213114754,0.0004439890710382514
0bd2d5882,0.5198067156862746,0.2540867466610453,9012.008199496093,0.4462920098039216,0.05754375,0.07019375
ea319fdec,0.45111002604166667,0.17471232994194474,370.89930664010575,0.16205852992238562,0.00021809895833333333,0.02984049479166667
300337abe,0.4530054012345679,0.2722546296053362,174.49789908639832,0.45584291031227303,0.1426909722222222,0.08055555555555556
90a967a14,0.7388918300653595,0.17771894965696544,1900.6766957499303,0.093043954248366,0.0071,0.12813333333333332
76358e754,0.4661309150326797,0.24183365223617095,408.85779160826394,0.2090245098039216,0.06544166666666666,0.06556666666666666
8dd958339,0.3431919607843137,0.22943547351029997,174.45062433333334,0.33835637254901957,0.236925,0.00023333333333333333
796382bf4,0.43992469565035813,0.20634956171116636,525.3497845721872,0.3031272578253879,0.10890575079872204,1.3312034078807241e-05
81a176a02,0.2797396732026144,0.23795220437868286,28.52069226659722,0.4028076797385621,0.36354166666666665,0.0
67e7da152,0.3252583986928105,0.22482828275705963,1383.7102653863888,0.1680180065359477,0.27060833333333334,0.00715
d721ed589,0.4065155027528253,0.29747464161804427,1013.4705046750171,0.10607043583717013,0.23487958401751505,0.02981663929939792
1a018ef15,0.5598380392156863,0.18401272213246567,265.4962094655555,0.11363957516339869,0.025741666666666666,0.0
1bb0600a7,0.4504316448801743,0.2747024325353679,2680.270419903061,0.19681663035584604,0.19155864197530864,0.038657407407407404
e04df6caf,0.43232402726715685,0.21633040154505268,14468.586777404777,0.2900826695261438,0.094521484375,0.017242838541666666
faf6a8cd0,0.5664033551198258,0.10346139761508491,578.5190530309876,0.0982924183006536,0.0003,0.028844444444444443
86d203b94,0.5167576456812233,0.24540118770559916,1787.045301940234,0.3997205384886195,0.042759562841530055,0.06284153005464481
2e6fc0342,0.38342447916666667,0.26160156872403345,3879.555443959479,0.26836739174836605,0.1914453125,0.034509548611111114
f849d1829,0.6261405555555556,0.2731004065589561,390.5179332222222,0.39049660130718955,0.025975,0.27086666666666664
32918fcdf,0.5114612630208334,0.24231035725784647,137.0557229032457,0.518839786305147,0.0824267578125,0.00544921875
abdeff83f,0.38141575889615104,0.29975800573617395,1975.4325539638191,0.2045474537037037,0.20175347222222223,0.06432291666666666
8311f29c4,0.34610938532716456,0.2588533438796559,7065.2429215320735,0.21855085554821177,0.26153558052434456,0.0448314606741573
69c8c9463,0.5333785294117648,0.15014891709139871,720.8464982222222,0.22499839869281046,0.013958333333333333,0.0
aefafcc66,0.5428030137981118,0.15957040679362097,4935.063239165246,0.10988562091503268,0.010347222222222223,0.02226273148148148
228d72748,0.4285316811909949,0.27137829679604825,4026.72771614369,0.25990795206971673,0.1586863425925926,0.04076388888888889
e21d09b79,0.560599537037037,0.24295318112122832,3231.203432785204,0.32081360634531586,0.049544270833333334,0.05942274305555555
833c51fd2,0.5600576835385317,0.21119081906114331,341.79290659898896,0.2735014982737281,0.05967607973421927,0.0
38e12233c,0.41879330065359477,0.20775534092793718,370.7751501916956,0.08894646423384168,0.03425925925925926,0.006967592592592593
4d6a996c1,0.318236045751634,0.20009415446671164,788.5473459915972,0.08138653594771242,0.12849166666666667,0.0065
52238d3bf,0.44062697593657346,0.2553239810988785,105.95330949543431,0.16598628925254313,0.18744256474519633,5.221386800334169e-06
e99c4a55d,0.46886356209150326,0.21540922999682088,1564.9034782111275,0.40247443491285406,0.03517795138888889,0.0008550347222222222
727a1c793,0.504841503267974,0.18675407893006465,9179.60387416356,0.42451174049866863,0.021118827160493826,0.006790123456790123
24afd5f54,0.48454385620915036,0.222618760991409,359.33586360416666,0.16881088235294117,0.059908333333333334,7.5e-05
d2d9924f0,0.6100055192447349,0.34876399658578683,978.8355580740741,0.16843631082062455,0.04823703703703704,0.37797037037037035
5419155f2,0.4066011256354393,0.2582244983384737,337.3886914157611,0.18875662672476395,0.1595775462962963,0.02420138888888889
48f5de7e9,0.5613682310814951,0.26063302616900524,491.0586069083214,0.27157887178308826,0.0587353515625,0.057421875
cad1a9f54,0.3916325490196078,0.30205281858997257,1978.557853804844,0.2909276470588235,0.135875,0.10826875
952501bdb,0.2988029738562092,0.313917331725457,558.3114510566667,0.16072898692810458,0.399,0.11906666666666667
798f4a1e4,0.41109418300653594,0.19310040780656507,554.1683105332639,0.11838343137254902,0.025,0.020991666666666665
98c17f102,0.5590523783587509,0.34094149694836123,290.22317056273573,0.26393368736383443,0.06664351851851852,0.35356481481481483
4a67bf90d,0.38793966503267974,0.28052521279566905,441.95323843706603,0.3323828022875817,0.16266666666666665,0.08983333333333333
e152df77a,0.43530866013071895,0.22749112710537508,2514.653701326389,0.3666993137254902,0.07219166666666667,0.02065
26627b528,0.45852416513480393,0.25966736007761965,2093.939126215643,0.18047155522365196,0.0779443359375,0.08496337890625
2c15f3086,0.506575129089256,0.16674499403096657,3019.258117959752,0.13265043830305526,0.04080489938757655,0.010463692038495188
ced0659f2,0.5728783442265796,0.16910261941806295,871.1195520709875,0.1853533769063181,0.017122222222222223,0.0018333333333333333
bea0802eb,0.4994578431372549,0.2537599431186443,171.5827652663889,0.1952478431372549,0.09669166666666666,0.063575
066521b34,0.4389544117647059,0.29952962191381854,792.462551719375,0.11529248366013072,0.14063333333333333,0.08985
bd37ccdd5,0.4859996078431373,0.1901184351723618,148.962364274375,0.3691477450980392,0.067125,0.0
35f8b4bff,0.5469732726423903,0.2276902276219066,916.8358550900276,0.3033963293650794,0.030677083333333334,0.09098958333333333
5b56430cd,0.4264680464778504,0.2902368240288124,468.2904461912723,0.315427559912854,0.16921296296296295,0.10080439814814815
36ab1bdc9,0.4460278431372549,0.20834769194065622,2959.551583074375,0.21571,0.065125,0.03298333333333334
d6ad64584,0.49292555555555556,0.2174142184122349,422.0732826165972,0.24888147058823532,0.021791666666666668,0.07561666666666667
492fe3371,0.47644534654139437,0.2305236521642574,147.42333999518877,0.38564719498910677,0.01578559027777778,0.037760416666666664
4e4ba4429,0.47856198047008575,0.2070131520397144,247.80787762386254,0.1480454767240523,0.06802571281760887,0.0
d111847a0,0.49357636075550515,0.1811258348275058,2654.9541040043987,0.14031354093519868,0.02630853994490358,0.020598025711662075
ab2bb4a0c,0.4588367358708189,0.2880225481430126,1384.4033746420607,0.20756230296039985,0.1282843137254902,0.07663725490196079
9e25c09b2,0.4102081461056645,0.1858594227837999,714.3206733868445,0.4051386165577342,0.055186631944444446,0.00040364583333333333
ff832cb7e,0.49401876543209877,0.23246323436161084,1378.8669074074073,0.16800482207697895,0.0917037037037037,0.04205925925925926
3de6bc035,0.47385210749585094,0.2513480469592766,3325.9412398240124,0.2957848922135507,0.08531170445799538,0.06335721192745644
854319675,0.4834687780340895,0.27427897569163656,7633.648109267489,0.2589413793839976,0.12317197712418301,0.06076729302832244
51df78553,0.37278840958605663,0.21507948101924573,113.17483586061729,0.19678226579520697,0.06796666666666666,0.0495
fb8efea32,0.5363093464052288,0.08652511103264424,240.71753977159722,0.3887778104575163,1.6666666666666667e-05,0.0025416666666666665
40b53f6c2,0.472632035221496,0.22629543290051302,480.4271109073592,0.14723143609295572,0.03336226851851852,0.021984953703703704
9951b9762,0.5381020769789396,0.1689873485271109,4893.373914313525,0.2245287436456064,0.0009037037037037037,0.011051851851851853
19d7de899,0.3835544662309368,0.32992963631184274,109.37173239762839,0.3640005900508351,0.3892013888888889,0.061163194444444444
eb42f77fd,0.40293675108932464,0.2223686223351554,2961.0274345260723,0.3399145107116921,0.06561921296296297,0.030671296296296297
ab09748d1,0.4067666334763072,0.26348231626214325,164.4006795805931,0.4636762408088235,0.16167317708333334,0.04607096354166667
98e211da3,0.3465587936166076,0.2559907131523634,2692.594110916976,0.29337195824172535,0.221186117467582,0.0459954233409611
d4aa3713a,0.5679834483175986,0.2691945296720056,955.5942900184328,0.10108702493343016,0.049359567901234566,0.07533950617283951
c0771fde0,0.4204864488017429,0.23808118288111954,1160.7813985061728,0.15496213507625273,0.02241111111111111,0.05227777777777778
009239f92,0.40585330065359476,0.17840250122451146,496.77385830826387,0.2739930718954248,0.007166666666666667,0.020583333333333332
b2056e185,0.4113113398692811,0.30931248711012194,1181.3835351197222,0.17930761437908496,0.22185,0.13275
4f678d1cf,0.3773175954592363,0.16463142496033478,42.5894341044399,0.1713141677723721,0.02317669172932331,0.0
b7d753c5a,0.4773031099857161,0.20683539032816098,335.0055748538989,0.21710423970912868,0.02583609271523179,0.021150662251655628
2e85b81d7,0.5616436157796452,0.24049459202462797,661.5247209779043,0.2672478809232026,0.006635974702380952,0.09581938244047619
400e57095,0.5216017497276688,0.21999103126957348,11908.685386883302,0.3068940461601307,0.028259548611111112,0.05315104166666667
848c1d759,0.38389712418300653,0.24661820854103425,4131.412913799722,0.18361058823529414,0.19405833333333333,0.00011666666666666667
6d4bdde4c,0.5122004016884532,0.27386312791539147,3379.9514649073276,0.358276688453159,0.066171875,0.1578515625
ebba4f83b,0.40527142338416844,0.2259271051035448,2696.6950604021654,0.5952842229484386,0.04600115740740741,0.05793981481481481
4c1981df1,0.3841132679738562,0.19451235649889478,985.0461911975001,0.5011356535947712,0.09064166666666666,0.004258333333333334
378406cf4,0.44967562333575406,0.21764676530648966,1090.437493464935,0.2893792665214234,0.06270833333333334,0.007391975308641975
c9a00b80f,0.5259561121323529,0.2803069575065092,220.596205321153,0.13884846047794117,0.06445638020833333,0.098427734375
2398599fc,0.5157457159118878,0.32912527547130205,136.62055088576872,0.26531143602838625,0.08560734832635983,0.11019220711297072
27e458086,0.44045781045751636,0.19996316076390863,838.9918866388888,0.17433633986928104,0.019308333333333334,0.04775
7439df9c4,0.2615195341294413,0.28404252549767467,222.56229731321375,0.33647372106737433,0.4816729323308271,0.023787593984962406
1d777bbcd,0.5064303444224132,0.22060077336693001,499.8165568459896,0.3233649115076742,0.006713483146067416,0.09213483146067415
6679c179c,0.35251264070442995,0.23684947112405963,634.0749912208505,0.31798638344226576,0.21650462962962963,0.043263888888888886
15a491e20,0.4495474297827239,0.26650661455434693,1853.210294719889,0.19618639227462756,0.19842342342342342,0.03478978978978979
fe3a83fe5,0.48745075163398693,0.31175532669732575,6435.0013454663895,0.08661218954248366,0.08960833333333333,0.20053333333333334
e0dbd7901,0.33500465523341344,0.23351588361294662,192.01787174290163,0.2248182131352066,0.23547602089268757,5.341880341880342e-05
c93e37265,0.5122386632045558,0.24324810521969834,587.9719837770152,0.24175295654565457,0.021900783828382838,0.08310127887788779
577de26db,0.5129458614174837,0.24145449861694282,496.8704462646484,0.15328690512663398,0.15136067708333334,6.510416666666667e-05
1076dcc35,0.3444134109784265,0.14985350822971866,185.84170546663495,0.4571829573934837,0.037192982456140354,0.002030075187969925
29bf0cb2c,0.4205130600408867,0.2821362026847909,204.93276976435064,0.4264778156795223,0.2234750338509888,0.03031544106584644
5980b0699,0.5441389151252044,0.22208205853825735,235.37599904133026,0.17050584516307649,0.04615935443003112,0.025457416434860044
d73b2a4c6,0.7560741204283131,0.29788435754100484,289.81496453900706,0.21990849673202614,0.026870567375886525,0.55625
dc20a0cea,0.5573941738153595,0.2358004080895586,667.2792425494723,0.6059123774509804,0.0070182291666666665,0.1116796875
14c6c68e2,0.33549760348583874,0.21177569554268427,947.5859325569136,0.2389771677559913,0.19564444444444445,0.02047777777777778
6593bd2a2,0.4713430237835875,0.27135129192790775,4008.626501114004,0.22434785766158316,0.08876157407407408,0.07535300925925927
afaadb62f,0.42422428104575166,0.2746172519344929,935.2068653549306,0.15719444444444444,0.15679166666666666,0.13009166666666666
ca39f5e93,0.5080032679738562,0.2591795847415916,3787.7466491155556,0.2530961437908497,0.028591666666666668,0.10561666666666666
1ec7dc903,0.3270770806100218,0.19720935030608377,1706.2577589920988,0.2815254030501089,0.1661,0.0024222222222222223
a2037a7b0,0.31547686274509806,0.15592374088319952,59.502165633055554,0.39054477124183007,0.043041666666666666,0.0022
227580301,0.4568412990196078,0.22407142746803113,3220.5745540925013,0.1821349741285403,0.07231336805555555,0.021588541666666666
f95b39c6f,0.4414502239167272,0.20528486299266013,1455.6935005563175,0.5650934095860567,0.046697530864197534,0.05483796296296296
ff10041de,0.5092505787037037,0.1710912263148582,1235.7229762152024,0.10564305895969499,0.004539930555555556,0.0017664930555555557
a7eb03730,0.5175684168198529,0.23145079217297973,3085.251435890102,0.33740664253982844,0.03363037109375,0.08212158203125
f1cc9dd25,0.639047420726103,0.2829204202493949,5183.640488614058,0.1426124100030637,0.03197509765625,0.2943359375
385028a00,0.5272250363108206,0.2820378294444332,1042.5146349636466,0.11668167513919148,0.058132716049382714,0.03861882716049383
8bcb0a0e6,0.5174557516339868,0.21332292494984892,92.5609990975,0.3430083006535948,0.020008333333333333,1.6666666666666667e-05
bc14f3a48,0.5786881354393609,0.26748415542045995,1237.7359779192054,0.14169253812636168,0.030833333333333334,0.1631423611111111
e92ed29c2,0.5322218203573887,0.2678366420782551,3042.8691882471603,0.5999769356677617,0.07193091537132988,0.17044559585492228
a655655d4,0.45454527505446624,0.23923150169275684,4866.2273962427125,0.14850885076252723,0.031006944444444445,0.06302662037037036
8140d2734,0.3814940870098039,0.22522551082824546,1891.8231196950683,0.3485617953431373,0.1237578125,0.04446875
0fe58286d,0.3669293464052288,0.2512684105120084,556.033935373264,0.26048598039215687,0.18953333333333333,0.016391666666666665
f47fc05a6,0.4094773936170213,0.15628333203645514,555.2448188535802,0.1494499895702962,0.024594414893617023,0.0
62e2e9071,0.5630769934640523,0.23537274897026553,528.1392733465972,0.1253827450980392,0.025875,0.053
1f2c63312,0.46830173809936954,0.18717762423873646,369.161553328807,0.25971740220178535,0.025952556538839724,0.019155604719764012
00648f96f,0.5038606535947713,0.20030217178367485,517.650027484375,0.18151571895424837,0.027625,0.020058333333333334
f70a1bf5d,0.5830238842933007,0.24390572507845953,1642.85662607904,0.33220958435457515,0.032799479166666666,0.08091796875
da5295aaf,0.5287369281045751,0.17191971043404414,2998.662935291597,0.25873166666666664,0.003183333333333333,0.018041666666666668
afec4c35e,0.404397301368464,0.25708024398972323,2010.3983811233418,0.22231227022058825,0.113125,0.042490234375
73066f6ff,0.3689299428104575,0.22125279883821694,567.7009235462748,0.2769636437908497,0.13162037037037036,0.011284722222222222
6af981c61,0.5064247458242557,0.2804828456723323,277.17381831754625,0.25285325889615107,0.0465625,0.0938599537037037
5685ae208,0.5442203010110294,0.3222453731357164,430.0729286406934,0.19807279220281862,0.18911865234375,0.16740966796875
f60ee7233,0.5401157634350037,0.18756598627666365,1149.927904123264,0.1041163307915759,0.005005787037037037,0.023038194444444444
f67dcb4b3,0.5076539879109538,0.19913967355725187,5078.01759360019,0.247124502432552,0.03356203007518797,0.012302631578947369
140ef35de,0.5022021604938272,0.17579268175903243,1243.0282175442333,0.18031438362381988,0.016805555555555556,0.0011631944444444443
7f7e9db52,0.5875100823955314,0.2728829548958295,1091.770053465481,0.10765628668621445,0.016986911723753828,0.10443887496519075
28ec2de89,0.5090591261195836,0.19504608508901275,256.45444123990245,0.4155666606148632,0.0075,0.007422839506172839
d50b449f0,0.48305163398692813,0.1594218668854718,131.30809116416665,0.2389536274509804,0.06193333333333333,0.0
5d2f7761c,0.44768713689179374,0.2085109709061388,817.9817092571159,0.282570579157589,0.01757523148148148,0.05057291666666667
cf795bb00,0.42344273618538325,0.2506735133907285,1135.2955407364589,0.301916380188439,0.09299918831168831,0.047621753246753246
896bb46bd,0.3989880401234568,0.22423982411005497,2723.4441400028936,0.17146058006535947,0.05423611111111111,0.016383101851851854
f6c91bc20,0.4593049346405229,0.23291036377903548,525.6411904827083,0.20939535947712418,0.04661666666666667,0.06810833333333334
c0bc43dd6,0.3758237109658678,0.2786106940122552,742.1116574979043,0.2548953038005326,0.21099537037037036,0.08238425925925925
85094deda,0.7620953329248367,0.2108660967623142,1402.7955335691665,0.06726593137254902,0.0,0.37350260416666664
edef78673,0.45194605392156867,0.33306359403905317,2606.838061234375,0.15236566176470587,0.245675,0.162
95a89f5f2,0.593943660130719,0.26155575018812716,535.1914466388889,0.0946521568627451,0.127225,0.0026333333333333334
61dc8345a,0.40782124943000453,0.3038877486797262,463.7761402968956,0.46428761969904236,0.253797238372093,0.055679505813953485
bde802b84,0.6225065813362382,0.18697064546974043,1825.9637916473769,0.09306971677559912,0.006568287037037037,0.0897337962962963
125522846,0.5862927450980392,0.15403033724284457,263.8113582577083,0.2813427777777778,0.015566666666666666,0.017683333333333332
4a1702099,0.4768390749818446,0.26208122108886245,281.0101157273449,0.08326329883805375,0.1432175925925926,0.0034953703703703705
29aa0b74b,0.5467670802696079,0.21732038841593804,6331.218646196906,0.0837791819852941,0.035263671875,0.03940755208333333
eea15297e,0.5557511437908497,0.10160638330026418,407.71015213222216,0.08513467320261438,0.008283333333333334,0.0
b421d0d48,0.5250291169099219,0.260361657459828,1335.725700987902,0.18921841368126197,0.09159774436090226,0.07479323308270677
e1f08c5b2,0.3687562636165577,0.2308247209305875,911.1416297441649,0.21640214233841684,0.2089814814814815,0.0
611970ebc,0.43812872216781845,0.23961860129352627,2310.125158692424,0.4346904296140537,0.07159239194906876,0.0651469018150184
e25112cac,0.8410067100610735,0.20097621253760084,961.6081930911978,0.10689681200348992,0.0024334016393442624,0.6405957259953161
29466dcf4,0.5661642156862745,0.18554466240030246,549.1245706093749,0.30268565359477123,0.001425,0.01235
5bc5b43ae,0.43095254901960783,0.19094286835631588,1294.571036863264,0.1986302614379085,0.002183333333333333,0.028408333333333334
6348b55cb,0.43700267792302105,0.31083310000994235,846.9742515222787,0.29897508169934645,0.25308449074074074,0.01778935185185185
71f245b82,0.5259929738562091,0.1505170698428695,596.3028428896484,0.26365036764705885,0.024302083333333332,0.0007083333333333334
245434d5d,0.274574473141057,0.3394119758770194,1745.3017139889196,0.12150029194503285,0.5130540166204987,0.08630540166204986
c70a3fcc5,0.48988624183006535,0.18726414305705513,1986.8637813943749,0.21779179738562093,0.00485,0.03995
dbc39e84b,0.47914423338779955,0.21368687700702427,1831.9010204399956,0.2154148624727669,0.06064236111111111,0.011432291666666667
f0057428e,0.2827351806463326,0.2786319309124264,229.76477423773872,0.14936580882352943,0.39284722222222224,0.05285300925925926
3afe6f1fc,0.3943429557007988,0.21100188219181493,8357.711096579184,0.5263259803921568,0.05732060185185185,0.026238425925925925
70be9c861,0.4680153921568627,0.21522516154401225,4961.953946216597,0.15422444444444444,0.07335,0.012191666666666667
2931d3eac,0.5956478758169934,0.21229307500221112,156.44977319955498,0.16756817356572257,0.016400462962962964,0.048269675925925924
f77452d59,0.48498901746490947,0.2430389341725226,1085.3408037293964,0.3240906996678453,0.043797814207650276,0.04436475409836066
2f72b9f33,0.5104530196844362,0.2655752293562931,1177.0009739214836,0.40500423177083333,0.1003955078125,0.034951171875
a662626a6,0.5033435939992795,0.20241403269344063,412.73908578126185,0.3101491817199321,0.04015748031496063,0.012901902887139107
e21ecf520,0.3472875816993464,0.19509695985074918,187.69000674993055,0.1768966339869281,0.059166666666666666,0.00015833333333333332
077001793,0.4359009835445432,0.298208096320636,1923.3806298919055,0.34307669756005293,0.18391479099678457,0.10491961414790997
689e4e3bf,0.5497188668109384,0.23316635903197477,1143.672278813366,0.35129893763525477,0.006178929765886287,0.1242391304347826
310ea711c,0.24691937295751634,0.32652570791180363,174.92883713768853,0.11094572099673203,0.6435026041666667,0.08973958333333333
1f949d065,0.5512257189542483,0.16885974742055979,206.03666986555555,0.052425849673202615,0.025883333333333335,0.0086
1dcb1fe2f,0.5984427367438204,0.25200064809435657,162.164854657633,0.15746056317263746,0.03548976608187134,0.14147869674185465
9b251f717,0.41219496341513545,0.23843683871445523,2807.084163584599,0.20265792637809843,0.05216850104821803,0.03739517819706499
c49629a90,0.4392297385620915,0.17014063072996752,55.353833219722226,0.7557162745098039,0.05213333333333333,0.0
bda912e4e,0.3566432026143791,0.2663041850839064,28.830316176666667,0.1467101633986928,0.218975,0.021591666666666665
ee5ceb065,0.44467381263616557,0.14554482750769035,860.9969090246914,0.17958322440087146,0.0,0.027322222222222223
2430b50b4,0.6314220588235294,0.21485271067290898,2498.0525142122224,0.09891173202614378,7.5e-05,0.054075
b03c17502,0.5048226613562091,0.23074676207086006,2383.811272378879,0.2624590992647059,0.046943359375,0.055625
a710da2ab,0.34679470588235295,0.2671180953289136,3036.717155358264,0.3358409150326797,0.20838333333333334,0.06108333333333334
a1d8d917c,0.40832986111111114,0.22030620619967528,3875.358856615307,0.3910505855119826,0.08983796296296297,0.03109375
55e32b4b7,0.5541911509395425,0.2165078470899769,1228.4271559511715,0.0974729243259804,0.014996744791666667,0.0025716145833333333
27a8bdbf8,0.5733688888888889,0.17014873552235044,343.70123164333336,0.2841416993464052,0.015791666666666666,0.000275
f0ee32b27,0.5945416893609295,0.20652664376921626,358.48634420649944,0.2584080201525054,0.037766203703703705,0.0035416666666666665
591f1d67c,0.35910124183006537,0.2983527612402566,823.3539226832639,0.2715287908496732,0.310375,0.060675
b1e590596,0.3668212091503268,0.2636827187023296,976.4621950655554,0.16604107843137253,0.16429166666666667,0.07009166666666666
66f6cd1cb,0.4313710802673129,0.25116072915931964,315.45435163875214,0.15053091723580816,0.15204119850187267,0.0
c54b26d73,0.47723933369644156,0.3292950495451793,2111.8310465533636,0.20359706336238198,0.24373263888888888,0.14417824074074073
7ed1216f9,0.2694184936015885,0.22186637637552872,268.0295238222191,0.331285656193167,0.35567114774032293,0.0
ea303d329,0.5051585438062764,0.23669377885701262,2130.1071726447612,0.27439067608994305,0.03967496405018099,0.08261020479000347
0c2e0fc7d,0.7175984717416378,0.3018356546167929,1658.6326168522548,0.19347904652056902,0.04899509803921569,0.44227941176470587
a8b9d57b4,0.4331717558551198,0.23623633358535312,639.539246757884,0.4431275701252723,0.17489583333333333,0.0
4ea7c5d48,0.2907871732026144,0.14184697778122907,317.12525172526045,0.28914086328976035,0.07836226851851852,0.0
70aa95825,0.52896923374613,0.25263301560044776,148.8936792665772,0.3002231682146543,0.11092105263157895,0.0044407894736842105
f024e91b9,0.41454517293028326,0.24826215391380113,887.1057661110018,0.2807809606481481,0.11909722222222222,0.03299913194444445
c842fa148,0.509816568627451,0.22041192947145316,1655.5661899465972,0.24117702614379083,0.051583333333333335,0.036291666666666667
25f6db0fd,0.3875369859749455,0.21823286095191788,587.8274848089524,0.2652349026416122,0.15041666666666667,0.0037977430555555555
c23b2926e,0.3808971609477124,0.21416974762285765,3930.895545291095,0.23443049172794117,0.107265625,0.02715494791666667
76a063a20,0.5192353594771242,0.2007778413031944,575.3552504465972,0.19119866013071896,0.09251666666666666,0.035458333333333335
6a8d98847,0.4013576842774147,0.24947055037356516,1938.9981866798685,0.2087922794117647,0.1800173611111111,0.028350694444444446
a5bed2b62,0.4487460965867829,0.26798340048708147,845.632879311309,0.33943688725490195,0.15834490740740742,0.034762731481481485
8167f58bb,0.5499047987616099,0.19645211546291536,226.0347681269963,0.25970551378446116,0.015404135338345865,0.01956766917293233
04e829d49,0.4749042456072262,0.2372990758872673,721.0885028157995,0.12213651975370589,0.00042613532000558384,0.017236438978156892
86f7b4013,0.41524470413165265,0.21825668487057423,1286.5800692999394,0.24532436099439775,0.024051339285714287,0.033370535714285714
2de32b48a,0.5144811111111111,0.26057716889212745,1437.6401913177083,0.30906251633986925,0.06455,0.08155
cd5a7effb,0.6594203326029553,0.16859176674240753,1157.6126064679215,0.1678499728449164,0.0066081661891117475,0.09916427889207259
a2a899dab,0.3559300335875091,0.21388830801653544,809.1574032471374,0.4109558142701525,0.08587962962962963,0.01912037037037037
2fcdfb0e1,0.5514483724524293,0.20808307808665896,352.8687255928376,0.10832254740976852,0.020662287903667215,0.018431855500821017
ea433c341,0.4296301325408212,0.22028047753380794,300.4475285920653,0.32910725672382773,0.04155778164924506,0.03221544715447155
5a7207717,0.6930305702359069,0.2703995293626362,1174.1523754689158,0.36387649356617646,0.07203857421875,0.29007080078125
fc8220250,0.5515555328612927,0.17579200686754276,14964.093655015431,0.284181077523602,0.005694444444444445,0.03155671296296296
1ca9db40b,0.42206918300653595,0.2511226983490682,744.4286745965973,0.26866212418300656,0.103925,0.052125
7f51a7e88,0.6224774083546463,0.20124233608378658,5342.058261049583,0.2357072267033904,0.010075250836120401,0.060066889632107025
b593502c5,0.4990658496732026,0.2086328291897295,6002.983974,0.16893781045751632,0.01185,0.04559166666666667
9f02a1c14,0.5475291911764706,0.20808192677554713,3045.3475961298436,0.08968200980392158,0.0309125,0.038025
c4e0d125b,0.48330039215686277,0.3135198460064494,1892.7056779355862,0.2665913970588235,0.12575,0.18301875
ea7ec0562,0.4062399034240562,0.19567640921786822,227.0645287616256,0.34476785191688614,0.07319962686567164,0.0
eb900ff8a,0.2975631510416667,0.20852721199735005,326.00834809569255,0.27475076593137254,0.2676953125,0.0014778645833333334
cf51903db,0.3652845215756205,0.2157341373652004,6540.194040344518,0.271837356301744,0.09381810976817911,0.03719041014464038
37438ea50,0.5947473454498078,0.18843683217059815,910.5370175152592,0.11491404468764249,0.01298172757475083,0.01063953488372093
21b90ff68,0.5480975626361656,0.2355055691441386,4844.227115962443,0.33772728304284677,0.0007002314814814815,0.07611111111111112
b7d23de06,0.41769205882352944,0.23498914773094695,170.56383727888888,0.2576743790849673,0.12459166666666667,0.0
2ee5073bc,0.48711835058097314,0.22324137453938014,425.1320678473495,0.24397056554103125,0.04802083333333333,0.01572337962962963
86f40e2b4,0.5903512632651627,0.2233805456983326,650.5039555007551,0.30639857421463207,0.019192428315412187,0.0887320788530466
924cc5438,0.5461017647058825,0.17480009957430803,883.474973619375,0.19497630718954248,0.01985,0.04073333333333334
6f3e4618d,0.5046099007504236,0.3146274919626927,1389.1690082980872,0.1369400266279351,0.07713734567901234,0.21622685185185186
467aed7e3,0.27692342979972734,0.2292613628808554,111.58614479235179,0.21845643284051589,0.30924465240641713,0.0014505347593582888
733f9942b,0.29093309163943354,0.2212198970301064,432.7348535390595,0.22969868259803922,0.2634722222222222,0.02607204861111111
0a9f9f178,0.4411757684844771,0.16995190913794975,6525.382359266112,0.4320639297385621,0.029508463541666665,0.020823567708333334
283424d80,0.4349445049624788,0.1876191008068179,1634.742281889194,0.2200606693294602,0.03837962962962963,0.008804012345679013
8fa2d16db,0.41208120539010584,0.25162121297359874,5298.218645523319,0.32832087332841087,0.09939526673640167,0.0627288179916318
6ea58b8ac,0.5649508442265796,0.23353681915177452,192.14302036944733,0.08014561206427015,0.05887152777777778,0.010946180555555556
bedd7f1e7,0.555812110284727,0.20183072136447575,281.22872238369956,0.12191935778142675,0.008675424192665572,0.061398467432950195
b551658f4,0.31653160130718955,0.20182397680987263,228.15463520659725,0.6323933986928104,0.12515,0.038
b2c120250,0.6134202660085013,0.24466461471052514,290.1395905716661,0.24239980117921295,0.0035402097902097903,0.23625
451bf38f1,0.600629416870915,0.24813649273429367,1167.2327682023686,0.245259867749183,0.004117838541666667,0.21761067708333334
e61aceb9e,0.5218575027233116,0.2061977318129786,1414.5322535150892,0.27838562091503266,0.04112847222222222,0.02732638888888889
12d48709c,0.5621720450475273,0.203841059225939,154.85148043947117,0.226449493731919,0.04871194379391101,0.020601580796252926
f680cd37a,0.4635791575889615,0.20268090760835178,240.17611764349707,0.19656614621157106,0.0008719135802469135,0.0066280864197530865
f4f5588c6,0.3036414609053498,0.29898072154416544,1033.3808524257329,0.14531478455579763,0.4239429012345679,0.08027006172839506
9af15c8f1,0.4699338008351489,0.18923546162355911,622.9503230972101,0.214507035221496,0.0008506944444444444,0.033819444444444444
b7da4e981,0.5558887581699347,0.2739339224783714,540.9708832530556,0.21343934640522877,0.0741,0.14078333333333334
19caeb6b5,0.45959390885984025,0.17952264893990133,718.1986095774124,0.3566450617283951,0.006643518518518518,0.0009201388888888889
c919eb44b,0.4941544766810841,0.264764977053224,2057.0180367803555,0.23135387216071246,0.0448923555425961,0.09023424211498275
60f317698,0.4317685424394983,0.2563285760171934,3229.5194168865337,0.329047181372549,0.11581503378378379,0.04870495495495496
04a6267e4,0.5125144287734588,0.24173882225088483,697.7929493969417,0.2028620571035432,0.053557504873294345,0.009454191033138402
060b52c3b,0.5161507480596405,0.21377329425492184,625.2351101453993,0.46431483609068624,0.035224609375,0.047093098958333336
d919bd302,0.46644517345399694,0.29841515138102126,1112.7111383957924,0.193431221719457,0.07939102564102564,0.10179487179487179
96ba0193d,0.41496400689905594,0.2426218193528288,1180.3280965202425,0.4200352441902687,0.06381365740740741,0.05011574074074074
e2b5913e7,0.534820884917442,0.2959967142450903,1879.5606129997363,0.23564192511657892,0.12151427885769138,0.07612790976721862
e19ee42ce,0.2878504351932344,0.19854273801633604,179.05028443066797,0.5371488135484079,0.23856048166392993,0.0
86c412966,0.27305098039215686,0.30554418920944404,254.00220152993055,0.14280447712418298,0.39258333333333334,0.11913333333333333
a4385e043,0.3740560548293391,0.2696136911912568,1050.0329227344823,0.30599936456063903,0.07258680555555555,0.05427083333333333
e58eb3249,0.4039991196478592,0.2509191444609767,273.5758759645981,0.3575666666666667,0.08538775510204082,0.08593877551020408
dfff88c90,0.3767703227124183,0.19108160266756516,374.66739556880526,0.25508606515522875,0.14388671875,0.0
3625dd7cf,0.311416568627451,0.1962641951021984,646.1321455527084,0.25031424836601307,0.13363333333333333,0.02285
dcf2641f2,0.6187755537400146,0.25412769722064305,707.0798780293197,0.2897304375453885,0.0038078703703703703,0.25405092592592593
e910d17de,0.37659020263623844,0.18954838554067954,8205.24067301813,0.4939621942422454,0.057081939799331106,0.03396321070234114
e1c40a1eb,0.66503545751634,0.22664543301266146,875.5465930655556,0.14210486928104576,0.013566666666666666,0.18073333333333333
c8779a4a1,0.6010476797385621,0.32991720214013215,230.5442621775,0.1862685294117647,0.12280833333333334,0.37264166666666665
c90558513,0.45421922657952074,0.23154988374072086,2960.272036293951,0.33105743161462114,0.09810185185185186,0.016412037037037037
6da65afb8,0.5782005971112725,0.38037438689514896,2640.86120521262,0.4332118938110223,0.2689300411522634,0.29756172839506173
b4475834d,0.4333679738562091,0.17518268037349122,119.75144013326388,0.09098320261437909,0.032641666666666666,0.006116666666666667
204ca9f14,0.44470331222766885,0.19007302806560805,341.27487542792426,0.11034557121459695,0.016853298611111112,6.076388888888889e-05
6bf7eec1e,0.4523727124183006,0.22876930386998037,88.80693789159723,0.1257697385620915,0.005483333333333333,0.09195833333333334
54224dada,0.5171780261920267,0.1668598933004293,859.9013522984342,0.08559088826182379,0.037346248462484626,0.02412361623616236
818cf6f02,0.33062609238451934,0.1696963906458208,83.07769753389373,0.48459330248953514,0.14491573033707866,0.0
35b51bb28,0.3221057189542484,0.23347694380210338,1960.6254099149307,0.235381568627451,0.24453333333333332,0.018408333333333332
72acdecb7,0.37923882352941174,0.3487100993483235,1352.1838826382636,0.2944783986928105,0.3327333333333333,0.16764166666666666
c05a9c0c8,0.5252206209150327,0.2182793882102498,72.93214172770834,0.44199509803921566,0.0436,0.009358333333333333
0ce80622f,0.6152054263565891,0.16463991129110694,463.07939904022857,0.10613761318480881,0.00035714285714285714,0.027906976744186046
9668972cc,0.533443341503268,0.23709366971159435,92.24793687326387,0.11985392156862745,0.0874375,0.0
8e372fc09,0.22033320261437908,0.21834169973782314,154.69185585270836,0.27219820261437905,0.42999166666666666,8.333333333333333e-05
8ff66c239,0.5310036165577342,0.2094040223791545,559.0664389272839,0.16738531590413944,0.0596,0.0002777777777777778
19bdaed52,0.638659918905834,0.2625672028659386,1148.6373385701847,0.13675184580004843,0.034714506172839506,0.18343364197530865
3e373923e,0.4792421568627451,0.23398813776273836,539.0679165530556,0.22530470588235293,0.06601666666666667,0.07101666666666667
f376f922e,0.3404592800082996,0.21447971259738785,105.20856280549256,0.3641336497561988,0.16431878306878306,0.004041005291005291
b8dd18a5a,0.3894324788943355,0.24089894749689156,1389.3102059413582,0.2802378302015251,0.06046440972222222,7.378472222222222e-05
da8859f46,0.7078890477487291,0.1781455945839158,200.5154460262011,0.24349816176470587,0.010653935185185185,0.006510416666666667
5f2623cb9,0.3975872918204939,0.183270341817032,303.890205125523,0.1822049388793174,0.0496234309623431,0.0012656903765690378
92bf4bb1a,0.42950690251266066,0.2589206999532798,368.29971053017107,0.2312759909427347,0.11774627483443709,0.021047185430463577
f77a10b5f,0.4275893207282913,0.21808315497627112,1430.0939796810426,0.4078460084033614,0.117125,0.01814285714285714
8a99dadaf,0.5186181617003757,0.30440614029218016,417.7114641673728,0.4450126087180279,0.1578937007874016,0.157250656167979
bee25f46d,0.5268712745098039,0.25709022699759687,3580.6375275099995,0.21147254901960785,0.04015,0.12015
30ca259ed,0.522966339869281,0.23149817627965935,287.8880536249306,0.07272761437908497,0.11234166666666667,0.00019166666666666667
dcefbb974,0.4680762981118373,0.20649315340758723,1388.9377932090392,0.16392624364560637,0.03056134259259259,0.045891203703703705
51d3a70bf,0.4786224939413968,0.20670150455862105,647.3217415730337,0.3294402952192113,0.026676029962546817,0.06050561797752809
5e08b9ce5,0.4787229565983697,0.2482946486745679,167.2250078637658,0.3391494455460087,0.08073970037453183,0.0224250936329588
c924a03e8,0.45575323771483905,0.1584990933392742,7529.968739424666,0.4271325647542968,0.023950617283950617,0.007160493827160494
3595648ea,0.15524432824981846,0.19185551075178806,372.1758555092455,0.1937816702977487,0.6541925925925925,0.00016296296296296295
1667eb8a4,0.4846186928104575,0.23677905456770668,215.60129685305554,0.12556254901960784,0.06014166666666667,0.032608333333333336
dcdefed1a,0.4740279895908981,0.22298533234115178,978.3890611187319,0.2174304345194868,0.05171296296296296,0.03358024691358025
760c7d8ac,0.5041335347177002,0.15490130821277248,636.0603408856448,0.16492035067409497,0.0590790282902829,0.00020756457564575647
48333a921,0.5482230156031584,0.2433616937270843,1589.9501383725847,0.18593477275303183,0.01937018304431599,0.1114402697495183
f068b8fdd,0.41622941910846734,0.25280716265979075,990.6502516846042,0.20808974076521994,0.11103932584269663,0.03457865168539326
24993107f,0.3493393790849673,0.2126947722515139,858.8054249749306,0.40654993464052286,0.16288333333333332,0.007683333333333334
7e29d5a9d,0.6532775735294117,0.2425677012871037,1043.834795183062,0.14062670206971678,0.09586805555555555,0.051319444444444445
12e747332,0.6770672743055556,0.18264317608624914,2258.6234009352684,0.22960373263888886,0.004407552083333334,0.06325846354166667
ea1736eec,0.6492208754595588,0.224797795627739,2300.8629931640626,0.10023185700061274,0.00654541015625,0.18324462890625
1555b08c9,0.5421656326593137,0.23860771830214103,270.18660581960677,0.15963284122242646,4.8828125e-05,1.220703125e-05
7e681c7eb,0.4907695170660857,0.21233852528435623,164.86364130848955,0.3302319051077221,0.001990740740740741,0.0566820987654321
deda21b9a,0.47776731572258535,0.2589713613088087,990.6487124056594,0.34495742556281767,0.08432291666666666,0.09842592592592593
81d38d5ec,0.45633248366013074,0.2313776198553576,150.8128831863889,0.7713600326797386,0.010366666666666666,0.056008333333333334
f6ae0d580,0.5292857843137254,0.2380027201077561,405.8791326933333,0.241215522875817,0.033725,0.097
1bd13d3e5,0.6225922875816994,0.2242181281369662,171.72882533159722,0.3127373202614379,0.0,0.024066666666666667
44817c8f4,0.4605027687000726,0.22798961997695824,689.9488245273585,0.3930546704793028,0.06888310185185186,0.031875
41bc94422,0.5483460539215687,0.2106881041185747,4857.689741869375,0.3826330392156863,0.01210625,0.074575
af86d93ba,0.4620754575163398,0.19398001392345002,570.2046648132639,0.14864369281045753,0.025316666666666668,0.0377
24ee3b57d,0.678226505055147,0.14844070105496543,431.9609184932471,0.2156701229319853,0.0042724609375,0.0159521484375
d1a67cee6,0.5512145068553738,0.1939316001350784,1696.4317692413892,0.30663895031696886,0.018665413533834586,0.019680451127819548
943bcd4db,0.34821815002042483,0.2067018216620761,338.691322460556,0.25444195516748364,0.15044921875,0.00037434895833333336
352522dbd,0.3576515737874097,0.22170347951320873,1630.3145527968375,0.17129294307750803,0.11942520775623269,9.522160664819945e-05
2e4eb9198,0.39667006535947713,0.2633546409042302,4948.968833332222,0.13679820261437908,0.198,0.028575
0e4ef28c9,0.37368418300653594,0.24182775897660114,82.85832310937501,0.21164866013071895,0.12913333333333332,0.0015166666666666666
c06b6d8bf,0.5032640860942078,0.18592470541655853,372.66760028111173,0.19308088235294119,0.01317528735632184,0.006673850574712644
d3411347b,0.5867044331884859,0.2526149524712114,363.88738831052376,0.16144857155266734,0.04199922646883021,0.13791123143818196
cfd819dd9,0.528979180752761,0.20631242430156138,944.2351040886804,0.28267783693937343,0.01842073754789272,0.050778256704980845
1a2f33fec,0.4752233720648753,0.22411141171433888,1109.275929526213,0.29448060396998305,0.05722993827160494,0.03750771604938272
44c8447f9,0.4355444297569215,0.23827232582067923,2278.5254359704863,0.3763237130058016,0.06812734082397004,0.030917602996254682
1a3da2ae5,0.5020029738562092,0.2765066029272813,2066.8582079027083,0.14107006535947714,0.10541666666666667,0.027658333333333333
1c2f669f2,0.5393403415005849,0.19509080513697005,334.8474106772118,0.159030179121457,0.03159551176792556,0.00046524356869184454
cc463360a,0.43792466683643155,0.22765271164673131,1370.6713828706536,0.2825594177064765,0.09878787878787879,0.03045995670995671
2469e58fd,0.4700258705488885,0.23274042258380878,10400.854869217837,0.29153118237261455,0.08828595317725753,0.031797658862876256
42444811d,0.5584773057371096,0.23801505106914894,389.4092126413269,0.21481946713870734,0.017922453703703704,0.06133101851851852
fc9773fa5,0.3875233006535948,0.261412455800694,843.9557063715972,0.17877882352941177,0.10629166666666667,0.06093333333333333
89fd79488,0.4871403369731126,0.18823303406456204,366.51768289239266,0.1672074087119878,0.003473053892215569,0.00038173652694610777
988f48ca6,0.39132542483660127,0.2576377172906765,5727.8067946775,0.31358107843137256,0.15194166666666667,0.061766666666666664
bcd6d7e62,0.5153602346015669,0.28601644118007347,2636.713988336197,0.32923413625936027,0.10511865342163355,0.14081585724797646
b12b6dc93,0.4381169099218635,0.34114214306969254,1395.8798272583774,0.26907813651776497,0.3155921052631579,0.1831015037593985
ba6ea2d18,0.24859058554613428,0.17355844198330406,2858.764099652659,0.2810213926348333,0.3098962002724156,0.0002818092151613358
31da37bc0,0.5399703587120467,0.37319390581028233,1234.0192527798904,0.2510637418847137,0.12730769230769232,0.3627006688963211
9fce612cf,0.515016755197062,0.2784803993666905,1279.9481195845124,0.1857295560364614,0.1612876254180602,0.025426421404682275
2b31f1be3,0.3548546405228758,0.17909003709039745,155.292724669375,0.27075186274509805,0.182075,0.0
49c8a0216,0.47177118406285073,0.22367273236862908,6197.868302072324,0.42103859262560245,0.04659090909090909,0.0559553872053872
662af5b80,0.36402097965986024,0.216469642979433,1789.8019480494727,0.20851192092443308,0.10082279258258627,0.04185478686132441
a3d4585c2,0.4933571428571429,0.3010616738826192,2725.575275149275,0.23815614873400343,0.11894957983193277,0.15824929971988796
7ba2a5c50,0.3494267656136529,0.20660927413760524,1250.9168088476026,0.14818450435729846,0.12147569444444445,0.002777777777777778
ae0076e01,0.5698982044925249,0.30067029091661074,2895.919311524451,0.2153729997746225,0.07895457033388067,0.21829501915708813
919768bb5,0.4695990982812878,0.21462725526576149,1271.1055917409096,0.2127361413701283,0.0362962962962963,0.03810956790123457
6b685abae,0.34893696539018293,0.2420783400733744,2545.6857173547924,0.10780128964337413,0.18620805369127516,0.0362248322147651
49360414f,0.3089483006535948,0.19518092091904615,59.80428318638889,0.23439215686274512,0.14405833333333334,1.6666666666666667e-05
ca3312b77,0.5327539034132172,0.24225325090919705,705.7765836548019,0.1731795570079884,0.008333333333333333,0.12994791666666666
859426703,0.5451115834354575,0.3119591407050417,57.94575514712863,0.09205461090686275,0.05213216145833333,0.212158203125
a428c4daf,0.7543171454628363,0.28959649116993386,2648.8470543227313,0.17945296723340498,0.019169435215946842,0.5509136212624585
5c4742e35,0.5361239799387963,0.23491670376230087,3807.964925894061,0.27319035947712417,0.021471579961464354,0.1028781310211946
e064d3504,0.3395973518558715,0.2059551197916494,715.148933242094,0.2886427658394231,0.08730781057810579,0.011600553505535056
50e061767,0.5180159136118215,0.31516512996532303,3638.314341830614,0.16519629945375897,0.12318840579710146,0.1604669887278583
797bcabfd,0.41453063725490197,0.24604485349351807,1837.7793756670835,0.24752882171387072,0.1962037037037037,0.02457175925925926
f653550ac,0.5720955201525055,0.23832443248257923,3894.721959779791,0.1176865468409586,0.012112268518518519,0.06998263888888889
241b90aaa,0.297698249041314,0.2406003130591556,664.3284849818976,0.4020362431565492,0.3049277367773678,0.0024907749077490776
b0b33bec3,0.43297844606007196,0.2487034685323165,1141.620860222475,0.1228314606741573,0.09698501872659177,0.02785580524344569
c68f66799,0.45457454248366014,0.23228034068798376,261.890845344375,0.36554732026143794,0.065575,0.010325
00c71a320,0.438473431372549,0.19982380102023553,1023.2790467308332,0.17489356209150328,0.05471666666666666,0.004575
1238ed024,0.4052196804647785,0.20040383416578855,272.7789766079866,0.40930721980150087,0.10488425925925926,1.54320987654321e-05
ee7c25387,0.33651143790849675,0.33544999376731044,130.5571021322222,0.32023251633986927,0.3861833333333333,0.167175
8c5bf2766,0.28783877056569757,0.19418378593795735,741.4417966856254,0.262345804222072,0.14969468390804597,0.011991139846743295
11b9089f7,0.47886037774689927,0.25874782967277365,2028.5287595306054,0.21965258264285592,0.008118985126859143,0.1316185476815398
4cfee2fbe,0.42716738562091505,0.2471397840259382,438.99779084159724,0.2534785294117647,0.135225,0.0015333333333333334
9b95ec85b,0.5253787388798112,0.27023259572050023,186.47288564150878,0.287643938362382,0.14479890046296295,0.012724247685185186
9ef11ed6e,0.4787862427378359,0.24124135453274725,2092.526707838187,0.24451915395787946,0.11469328703703703,0.05883101851851852
5fcb3804f,0.4431845383986928,0.2524312186229633,8033.167789459185,0.5559264450571896,0.07111979166666667,0.08340494791666667
d67c5c6cf,0.4010386358844613,0.20461832180513845,1024.7715725640312,0.5871203239360261,0.09941436251920123,0.008837365591397849
68f3cfdcb,0.6389962745098039,0.24604748128457263,353.78776156000004,0.3596227205882353,0.0275,0.14390625
02cd64831,0.5973893427741467,0.24518545400334418,122.38024502719671,0.2593255870249334,0.02201388888888889,0.17758487654320987
37ed9080d,0.5985012406197047,0.2657205275329376,616.1555141717512,0.1250862381989833,0.03740740740740741,0.13185185185185186
7a9ca7419,0.49003571895424836,0.14562835711521763,222.369782424375,0.22004797385620917,0.008908333333333334,7.5e-05
022b37ea0,0.44030485991467716,0.2400567228244268,1928.0821551679076,0.36325722731561244,0.14114474372384936,0.037225418410041844
edf80e3cc,0.5036812080156137,0.1593010757900654,905.2188601738991,0.10563027641612201,0.017715567129629628,0.0006076388888888889
9012ebabb,0.5779599673202614,0.28735430159520214,646.9417607058845,0.19553753631082063,0.03329861111111111,0.20894097222222222
45c2eb379,0.43156594438541696,0.28803538943979606,183.13686360315035,0.40618355388132266,0.25450191570881225,0.0
b94ddd6a9,0.5741754039578794,0.20159144747405436,917.0591981705194,0.43184885620915037,2.8935185185185186e-05,0.001568287037037037
69e10dd04,0.4862969281045752,0.19934415923250973,475.98496743305554,0.2894564705882353,0.05948333333333333,2.5e-05
123f15578,0.44062003267973854,0.2800700439684015,1115.590014383264,0.22220323529411765,0.054391666666666665,0.08521666666666666
1a952e440,0.571042843137255,0.2294667836285697,1012.8820275423437,0.3893306617647059,0.04706875,0.12416875
fd2cc8576,0.4825804738562091,0.2603121768634796,470.41656403460405,0.2678455171923842,0.07987771739130435,0.08862771739130434
92189aa31,0.44958323120915034,0.24863020685825896,430.2524703789417,0.4804787581699346,0.011584201388888889,0.11936631944444444
b3185d954,0.46862617647058824,0.27418195337867296,1256.57697459,0.33517421568627453,0.1011875,0.0888125
ae0bc846b,0.5143375816993464,0.2090899943288993,1242.9026159997222,0.32187330065359476,0.014966666666666666,0.0077083333333333335
3d7275647,0.33112257352941177,0.150507615992963,74.52667480859374,0.2529848529411765,0.07574375,0.0
3cfec8730,0.586420617745426,0.1992071699733323,541.7135790952423,0.19310758082497212,0.024774247491638795,0.04728260869565217
9c3f9ca37,0.4208022667665793,0.21558386725540277,2928.912303242912,0.30477223054827024,0.05921355272469922,0.019700990799716916
143760a33,0.6805905522365195,0.18587115668061957,437.4477561256349,0.3261777152267157,0.01501708984375,0.0848779296875
e42fd0fed,0.7144069934640523,0.2894572855787106,182.76018732638886,0.08611473856209151,0.0648,0.31419166666666665
7c37095b6,0.5684931576797385,0.16869384827671224,412.5750030815972,0.10219820601851852,0.016371527777777777,0.001115451388888889
66b978701,0.5386013979665941,0.19455568483967606,147.83986544329179,0.10026201282982329,0.045864197530864195,0.005516975308641975
6627a8ab8,0.7002768300653595,0.21896672757862395,131.34907267159724,0.14203173202614378,0.014191666666666667,0.20183333333333334
62887c0ea,0.48938785014005604,0.20098930349681562,893.6445288185587,0.2944314075630252,0.06507142857142857,0.013428571428571429
e3d10f7cc,0.515759909733124,0.2747912779113372,830.1432490229429,0.23023219864869027,0.023040129513343797,0.13358516483516483
074042a24,0.37761203905430485,0.19779709022706504,4701.083528994458,0.4217831840555152,0.09613168724279836,0.02434156378600823
5bc5e3faa,0.5657645424836601,0.21056085181797782,1003.8253313732639,0.27145101307189545,0.014466666666666666,0.010275
89a396d79,0.29218178594686006,0.24195738133094924,632.6943790605912,0.3792349497615078,0.3745261693618501,0.011363241175447748
91f5bb21f,0.3892011764705883,0.15209759153049873,250.6107923288889,0.38031202614379084,0.017041666666666667,0.00011666666666666667
6c3222742,0.6180290473066551,0.1767297281242051,91.91756485675987,0.16603633646767257,0.010650557620817843,0.04631040892193308
199f37bc2,0.5261884077705157,0.3114138041562289,315.4212911778496,0.1415044707697894,0.12168981481481482,0.04059027777777778
adff46aad,0.6118373667296376,0.19922509092362717,4200.384352651361,0.14498287299415888,0.006782945736434108,0.0537375415282392
6ea2ddaf2,0.32962346994194996,0.1917401288242299,398.2345931948437,0.35184405882398595,0.14329729687778908,0.0032828615998323645
b53990a1d,0.5107466666666667,0.19482552746388943,3658.093879888889,0.3753135294117647,0.0012083333333333334,0.041125
31893804f,0.46188300398284315,0.19609188436175912,4526.834172456699,0.15821305657679738,0.01373046875,0.058014322916666666
c36943627,0.46447815319421654,0.25603533800193873,497.4046995077776,0.2644269098171813,0.052752535925612846,0.08245280360664976
df7aa79a4,0.630706862745098,0.23445889511044712,205.962229099375,0.2981402614379085,0.012725,0.08358333333333333
c226ecabd,0.539709241103849,0.1841315161082207,2126.4103346177008,0.10665668119099492,0.018153935185185186,0.024762731481481483
37bbc6060,0.3764025095112672,0.19770027624746783,373.20622402504733,0.1123629280070237,0.12103544776119403,0.0
144ad89a5,0.46283220459236324,0.21352061175853546,569.0511013504155,0.2053815144478844,0.0850657894736842,8.223684210526316e-05
9c91ae76a,0.2659049468844142,0.1409551649945676,113.261125053536,0.2799887162412135,0.17346361185983827,0.0049932614555256065
a427984f4,0.26072107843137254,0.20914482717385108,108.46479611604165,0.5535548366013072,0.36785,0.00035833333333333333
48f20f515,0.5316642156862745,0.2735221208927798,70.41919111033414,0.13770145697167754,0.13950231481481482,0.0
a7fd7a703,0.29648391130331275,0.26024351801041884,603.8339898356305,0.2632176082908797,0.3232191590086327,0.04937900306321359
d2b59ecaa,0.5682952042415407,0.14918698653118637,636.9839773971269,0.08682311443095757,0.006460595934280145,0.03164578111946533
c8f5f9120,0.43410715686274515,0.2366217911387121,83.88510500270834,0.2353469934640523,0.111775,0.0021416666666666667
515d9508a,0.516297091503268,0.20117942598734767,253.71004610937499,0.17750754901960786,0.02755,0.017525
a7a28b4f4,0.35391,0.17606377508463353,637.7464791249305,0.12810679738562092,0.10544166666666667,0.011416666666666667
9aa2d99f5,0.45144382352941176,0.19062259607157647,45.53251624826388,0.16291431372549017,0.1355,0.0
86bf33207,0.5812897757976542,0.17150429794692026,696.907426914968,0.23362296528693002,0.007452677248924085,0.08581658716366733
5902c3051,0.26214002360203337,0.2349530821402261,646.7712538580248,0.4066854575163399,0.41199074074074077,5.787037037037037e-06
3a7d3c17e,0.523379565873172,0.3874802550124385,646.7203511705685,0.3985121319430782,0.22831939799331102,0.35210702341137123
a8da358d1,0.5071409150326798,0.16009118901789052,232.5566820433333,0.30251849673202613,0.0004166666666666667,0.005683333333333334
829ea64cc,0.43259486928104574,0.25167928905423065,1730.0925778663889,0.142116045751634,0.06983333333333333,0.06716666666666667
54b0c0564,0.44316271241830063,0.2545064709548906,2488.9319185027084,0.362556568627451,0.0652,0.07325833333333333
6f28d2ab3,0.4870116666666666,0.1641619523238829,2696.2549995100003,0.33262771241830064,0.0028833333333333332,0.04323333333333333
29e6c171d,0.44090694307412576,0.16130821730897357,879.1635657158623,0.23951370921738013,0.028376802812893037,0.011126717893635186
2db964259,0.4864342320261438,0.2938199266808386,930.0147881510418,0.24419839324618736,0.15837962962962962,0.06123263888888889
c98188040,0.4373373880416364,0.1836047291921802,2067.316876234568,0.3071276930525297,0.06049382716049383,0.0001388888888888889
bca8b44ae,0.4508274183006536,0.3096438558950057,189.9915103315972,0.27444709150326796,0.184675,0.1443
e76b8eeb2,0.5409176143790849,0.30884217562714683,880.7195581332638,0.20337254901960783,0.060858333333333334,0.22360833333333333
183c947eb,0.44375979115604575,0.2163462143930538,164.93674028316073,0.5509570057189542,0.07484700520833333,0.017434895833333332
7f5e7cf4a,0.38251720225127084,0.21381716968443365,8151.163830584191,0.17906948983297022,0.08480324074074073,0.03345486111111111
0e0d0a9af,0.48667299870139624,0.1961553426809026,2653.273252485111,0.2013877888320079,0.06305418719211822,0.012246852764094143
6cb63297c,0.21209872549019607,0.22214859326927844,1128.8200461093752,0.526815751633987,0.4737,0.027641666666666665
229beedff,0.4683628089256536,0.30996421385607337,510.423728472858,0.22047520935457515,0.15000651041666666,0.15681315104166665
b617ce1ce,0.3847249171659404,0.14392006502537277,49.50707908159421,0.24763721518700071,0.005454282407407408,0.0
4d75e5771,0.2893170539820867,0.20544452656819848,1788.6552122082667,0.4611411583151779,0.2469675925925926,0.01770061728395062
36b57b1ee,0.39466545630597916,0.3413257326292116,1606.3108744834533,0.3268980271120794,0.33425154320987654,0.1470293209876543
ef86c51b2,0.5349848096215231,0.1442049198891972,451.8113043460992,0.18548030665754672,0.005305232558139535,0.008081395348837209
5b539effd,0.4392227971435488,0.20329858080715257,733.012315835048,0.24406545025417575,0.03334104938271605,0.02636574074074074
b3f69b209,0.33170576888162673,0.2547782338207724,164.59552604565195,0.333096450617284,0.2889583333333333,0.04179976851851852
a1fb1b5bb,0.39279182241458455,0.18930012672880997,174.15992868536145,0.26451790281329923,0.10036789297658863,0.0
90caf70eb,0.31800021903557807,0.17267445204314863,285.6263670029362,0.39415065488865225,0.1323600113122172,7.070135746606335e-06
c219bf074,0.35945218954248365,0.16440996610167907,264.98536421222224,0.19678009803921567,0.058458333333333334,0.007925
5dace0494,0.7206715175653595,0.25292300438792453,848.2108103650306,0.19584318831699346,0.053766276041666665,0.25044596354166665
58ef3eec9,0.468119477124183,0.18385648420380504,120.95249308638888,0.2533268300653595,0.013233333333333333,0.027816666666666667
919a7dd34,0.5275242483660131,0.1046402049237065,308.4370201965972,0.42956493464052287,0.00020833333333333335,8.333333333333334e-06
80034deb8,0.6481026522701581,0.2749172840722106,1178.778037592359,0.0,0.07003051228520957,0.21380440019270916
6dac8ec35,0.42361248366013077,0.22109458287795875,3199.3623755577078,0.2415486274509804,0.0347,0.03680833333333333
69f9ebfbc,0.49271352877720664,0.16300995937908647,227.43624343455764,0.150788723903801,0.010242718446601943,0.0
41b98eea2,0.4524566803465572,0.2850089335690506,228.98424154921025,0.20144293531366034,0.0883970099667774,0.08678571428571429
91e1bffc5,0.3488957280177696,0.2428506220752068,735.6353608238162,0.36306376378676475,0.18503173828125,0.02216796875
bb1775dbe,0.47778052378358754,0.26070727754944456,202.90088504744168,0.13956018518518518,0.10568287037037037,0.02365162037037037
858854bb5,0.6154185294117647,0.283274170185733,159.09954516,0.21008830065359477,0.07919166666666666,0.27955
cf6995fef,0.5776232868626378,0.31781102829768215,1699.5590925239499,0.11800100883265184,0.1409961685823755,0.07452107279693486
0d440b00e,0.3648136704224255,0.18437744927486524,678.599076629579,0.3196889678421826,0.09595642153781689,0.0027934911655841887
d1878035a,0.5783444117647059,0.2050595363053086,1087.6749925327083,0.25791019607843135,0.008241666666666666,0.1025
b86b0db65,0.5666135294117647,0.23002617126722455,265.5830583277083,0.257862091503268,0.059116666666666665,0.0004166666666666667
7448f3165,0.5513237864434163,0.15025398763288503,449.6694090707367,0.10238022325034883,0.007715355805243446,0.0004775280898876405
948f580dd,0.4563611111111111,0.3393593933627525,944.7793529639727,0.24658908632897603,0.1503732638888889,0.22413194444444445
05bde54cc,0.35263522943899783,0.16017499193173965,215.87559288855655,0.24285811546840957,0.00787326388888889,0.0008333333333333334
7e48ad81b,0.4953097086056645,0.2851219280734186,541.7973105226283,0.20992563090050834,0.13281828703703705,0.03392361111111111
a79983c71,0.38368584967320263,0.1901076281221465,385.16209794555556,0.22477179738562092,0.044658333333333335,0.004416666666666667
4a9d058f6,0.4351274076882215,0.2450803981182621,1286.0093072423397,0.34389372123118256,0.05487528344671202,0.0863110156343239
de41ebc79,0.2947563936024767,0.2698806398223152,109.2875049964472,0.2696755040044187,0.2872587376108503,2.1735350373848025e-05
a8e5ae23a,0.4921629710477941,0.3001012962834044,2710.752956519312,0.19163616344975493,0.15390625,0.14972900390625
ada44e887,0.4819767156862745,0.2037474457774614,1993.5365319730784,0.19097326615831517,0.03491319444444444,0.006070601851851852
8378c8af1,0.3490733660130719,0.10999564637254497,355.03313569159724,0.22191895424836602,0.028666666666666667,0.001825
71e5aca0a,0.5419264947358254,0.14266212961818725,3379.2679758908894,0.21960274531268445,0.00028735632183908046,0.0006568144499178982
a124a31ee,0.5736942810457517,0.2445714804988648,8968.498828677708,0.2224663725490196,0.007375,0.08955833333333334
1e115d8ff,0.5487166991552956,0.2119668680379953,8120.814630142014,0.23369271490272522,0.025316764132553606,0.04339668615984405
5f235ec16,0.6525324527959332,0.20029604135508017,574.0963861111112,0.1035037899419027,0.008113425925925927,0.16793402777777777
554965e66,0.5296865032679738,0.13042008350977966,218.22238707993054,0.2144538888888889,0.004608333333333333,0.0013333333333333333
f33f3512e,0.3844881045751634,0.26546244598841245,848.2657666041667,0.2226950980392157,0.14968333333333333,0.08700833333333333
2b38b60d2,0.4576190056546963,0.23932486313428292,724.9577453954151,0.44426782698097966,0.07848314606741573,0.034325842696629215
fff4a6420,0.4361862558711697,0.2374816147959463,215.7424488186035,0.5954109236375158,0.08004693441064639,0.057827352661596956
f5170bc70,0.41727754480698526,0.2073943199164534,1102.5703233333586,0.31258750765931376,0.07326416015625,0.0379638671875
c32eb7405,0.41078973600613433,0.22561606757180278,1346.7125795386673,0.18753127396209882,0.10985335195530727,0.023303072625698324
ce50f376f,0.5848570867800246,0.3184626830215477,1337.882768215603,0.28083670343137257,0.0817578125,0.24552490234375
09e9110e2,0.6075328385984023,0.2084399234156117,4960.042193926693,0.152970406681191,0.006678240740740741,0.057708333333333334
42fc9a244,0.4344939763584202,0.28859790757390213,5895.444863343961,0.32200697275609913,0.1571575907590759,0.09526952695269526
21ae91701,0.628338363654025,0.27363316675416693,1647.4220932202747,0.21517715401801202,0.004830148619957537,0.28202406227883936
fbb3db415,0.5434304182349066,0.18853900613543323,4723.333112372244,0.3346371864562956,0.009058379000575533,0.02554863248504867
d6e372a1d,0.6087220339307597,0.3170570715887021,459.083084812069,0.15374898514093135,0.12279541015625,0.17448974609375
cbdeed3f9,0.5485492249200028,0.1945432383014607,1634.3736331981181,0.27488167955984477,0.014614529079861112,0.022630479600694444
df8425410,0.44246052631578947,0.17422121907757995,500.3453944598337,0.1317954444935869,0.056766917293233084,1.8796992481203007e-05
ec53a8725,0.38751329138620627,0.22068253895711407,89.35314524020716,0.1557169320879264,0.23899512852404645,1.0364842454394693e-05
24d3b54ec,0.5298559065601549,0.23135765587924645,2794.7446829203222,0.30206883926410066,0.037114197530864194,0.04932098765432099
dd2452dfa,0.505939832120139,0.225233438147253,1151.9948519378977,0.20688009049773756,0.06447324414715719,0.04706521739130435
9223ae4c4,0.506774623275236,0.28218588707966324,6102.164253973732,0.14517973856209151,0.13031828703703704,0.08251736111111112
b5ff2b987,0.5524908688965782,0.17488585039431823,7469.512992892266,0.13606909001345638,0.012178308823529412,0.0221890318627451
bdbe9a6e3,0.34426973039215686,0.20523724535344798,481.9753425985938,0.26396325980392155,0.12000625,0.00299375
4f6c8d13e,0.3911157395330638,0.22486689425528195,554.2482107656638,0.3877986690796052,0.11648073725055433,0.010040188470066519
c135e081f,0.5166030065359477,0.35599002105219696,3462.6582915132635,0.17049686274509804,0.19766666666666666,0.27124166666666666
1dff1959b,0.7269217728758169,0.3128174533713418,4660.797210543124,0.2010540804284677,0.07494791666666667,0.4930960648148148
d1da78c20,0.380404954017005,0.2500827659103549,873.0979654235845,0.3140128405344439,0.20616150442477876,0.01247787610619469
35fdb89c9,0.5699903171145001,0.2418903247877519,1951.5508811342,0.3138179617526023,0.06766203703703703,0.04111111111111111
7d6847fba,0.5569559078839869,0.23351070289231177,8839.599755082438,0.10825779973447713,0.006318359375,0.10844075520833334
5a5ec1a49,0.46616081699346407,0.17866364194978204,1035.8433449322222,0.15373264705882353,0.0097,0.03200833333333333
483f1aae8,0.48372493464052285,0.2862926131122563,690.5401444982639,0.11955483660130718,0.1127,0.1438
2ff9e9534,0.40519955724225176,0.24964594221053185,209.70554155687515,0.26202964176873095,0.16207478005865103,0.034428152492668625
896e733b5,0.33184687087270137,0.25447910972709836,232.51353931147514,0.3506848291993827,0.25165001233654083,0.03168948926720947
28d20bc71,0.522642925550683,0.28053321783175866,166.61914997649865,0.17060005544634307,0.08493573264781491,0.014119537275064268
784d3319e,0.47020726670297747,0.1891830987854498,575.0389148319616,0.2517607797748729,0.032019675925925924,0.026979166666666665
89dd8e9e9,0.3189143559331089,0.19322701035011075,216.52792174831112,0.16293906481757098,0.2250291942390035,1.297521733489036e-05
2b980afbc,0.4620129110105581,0.21044356567554495,341.1970559375148,0.31996911010558066,0.09015384615384615,0.0093
f1b5c8b92,0.5297194308278868,0.36177034058254465,430.1178337164232,0.23041471496005808,0.2219386574074074,0.27825810185185185
ab385bfae,0.543491779003268,0.17461951238624596,202.81864393781026,0.16209940512663398,0.007483723958333333,0.0003352864583333333
04f7eafde,0.23581889187210153,0.16717829063920225,515.2211175856778,0.3377775201366854,0.3232261410788382,0.0
8fc22fd2c,0.5582709468046477,0.24399991857079645,654.7401671274863,0.22922576252723312,0.07549768518518518,0.045335648148148146
fe83618e5,0.4801109150326798,0.1594481322649607,363.9100407482639,0.18149676470588236,0.051875,8.333333333333333e-05
27e6b452b,0.45653665123456794,0.18394470156903484,545.0352949081777,0.10557933914306464,0.04093171296296296,0.0008969907407407407
53ac79c6c,0.3374984047856431,0.24316326152012227,525.5921206118212,0.26364293785310733,0.2694830508474576,0.002228813559322034
11b20ee8f,0.4006033883147854,0.24786413247983122,1039.823183740381,0.3989523162868751,0.13911176801801803,0.031517454954954956
8a7fcc8cd,0.4990980920103003,0.18663508351474228,2246.3645595257417,0.3124654842458449,0.028082908967930333,0.020317509869340982
6868acfce,0.3161015089163237,0.24606019627846995,466.9705558078884,0.21495763737593804,0.2818106995884774,0.0408641975308642
339a623c4,0.5434545871860449,0.2207486088958958,396.1931129707022,0.14234487507377533,0.05959030100334448,0.0019230769230769232
0073c33d0,0.5850929241261722,0.4023599041837061,95.7905962790545,0.07755016722408026,0.08989966555183947,0.46653010033444814
3f222f11f,0.3724104575163399,0.22197796135141304,2699.3406987099997,0.381623137254902,0.12560833333333332,0.002916666666666667
34fcc459a,0.42891246236322245,0.20794385494374415,414.3155460904733,0.3312458691341705,0.12136704119850188,0.0
9d3d3b938,0.187242777430121,0.14029569304910222,285.22132025520597,0.22115394242803504,0.4127925531914894,0.0
e4deffd71,0.4146037037037037,0.1574478034932496,160.5995700617284,0.21325163398692812,0.05311111111111111,0.0022222222222222222
59d95faef,0.31604228758169933,0.15529669280823818,894.5669723799306,0.284201568627451,0.055091666666666664,0.0024083333333333335
4b2150d3a,0.4640202320628626,0.29233503391659027,523.1317380209429,0.23314026584416536,0.04449438202247191,0.17675093632958802
20ba919c6,0.46825628690137766,0.1582699608562472,1004.8327003184554,0.330797507106932,0.009591078066914498,0.0012174721189591078
79075eca4,0.2132884640522876,0.1989026945599029,393.95045961659724,0.31918153594771237,0.4055166666666667,0.0006583333333333334
3101ea018,0.43808660130718957,0.33181421398409666,396.51197874657066,0.29861948529411764,0.19505787037037037,0.1858738425925926
412b8d565,0.4546172021234159,0.2784550108508104,3700.7417480640074,0.4823970818374298,0.10360328638497653,0.13953834115805946
db33da35e,0.6028909541511772,0.21626109526726153,300.36186352835097,0.0994688388366499,0.015325278810408922,0.009572490706319702
b25ad3ff0,0.45810554790478064,0.2790164895219809,666.5024935816575,0.38859135025247554,0.10930602006688964,0.096747491638796
63dad490d,0.5653149786230282,0.18363383310169526,156.16449247554976,0.5270752985404689,0.0069172932330827065,9.398496240601504e-05
f44a6cdaf,0.46080116421568623,0.26583068693552303,663.719252970208,0.25795732485702616,0.06910807291666667,0.031373697916666665
5601bd45c,0.5612876088194614,0.20119583364626034,1829.678039418119,0.2532979822634448,0.007116182572614108,0.058620331950207466
7964fc4ad,0.5068645098039216,0.20885998238881867,532.860718123264,0.21258699346405227,0.03249166666666667,0.008583333333333333
6c196faec,0.5467188888888889,0.28147830271513535,312.93283553270834,0.23606490196078433,0.04033333333333333,0.14513333333333334
8054aad26,0.46525695720996735,0.24980836919307742,212.7742501759423,0.28831649560866013,0.14186848958333334,0.016822916666666667
a111adc75,0.5627146939701547,0.1930365369509406,301.7004694498561,0.22390785060817409,0.001949317738791423,0.056283117810174886
6831a72fd,0.42608371913580245,0.24585228134617265,2039.7951922573932,0.23283269789397243,0.11970486111111112,0.020341435185185185
67d853896,0.42197921205519245,0.2677162499996755,283.1125558106139,0.34908796296296296,0.051805555555555556,0.1180787037037037
b3b6d78f5,0.42593543482207696,0.3310850207128263,281.69834351527,0.29331740196078426,0.17182291666666666,0.2142650462962963
1bf044649,0.4433662606456724,0.23418247511184834,570.2524829236075,0.24354751559714796,0.07546559343434343,0.050007891414141414
35cc85250,0.418289705882353,0.12647940861886717,43.991031033055556,0.06016212418300654,3.3333333333333335e-05,0.0005666666666666667
2959602fc,0.41691709150326794,0.25026100898854703,372.78488486326387,0.14926928104575166,0.11919166666666667,0.052833333333333336
f0b2787f5,0.5433536625352482,0.26537027832131954,5523.978307605913,0.22311312334823397,0.09561018042203459,0.10825322075078363
bec49d8b7,0.42342616799806343,0.23550517851964423,999.7942312411884,0.19293258290970708,0.10662808641975309,0.04421296296296296
fd9a060d7,0.5788990105301379,0.2411034055411442,4530.250806592367,0.2033857797748729,0.02558449074074074,0.10282407407407407
96703e01d,0.5161246277991827,0.25967562943360667,1657.2616554047675,0.234825356281295,0.06708021650550386,0.03639846743295019
1123cd69d,0.4983930646332607,0.2217728730802867,1135.5505088086206,0.3672541984386347,0.01816550925925926,0.055677083333333335
bf5c5cded,0.4054274979452859,0.23042386464005046,1531.2990270785524,0.5140811318539392,0.18306137724550897,0.00934131736526946
ecad98f44,0.47251922204066815,0.24273175315679352,1345.0395087568788,0.18667869462599854,0.0362962962962963,0.020474537037037038
6c551fd9b,0.4812844286151961,0.283770521030465,1325.0105908054113,0.1871772748161765,0.15009033203125,0.1002587890625
5bee46079,0.39422451434277417,0.21626581414107923,6444.305412701341,0.14118266612200436,0.048582175925925924,0.03599537037037037
2dd31e8ff,0.5542161778360368,0.17671861141189282,1285.004507404311,0.1766259762958108,0.02346100278551532,0.05837743732590529
5b72e14bf,0.6074823261335784,0.24271329639647768,875.7732375717163,0.14499611289828432,0.049111328125,0.04162841796875
869a1634e,0.5920478056245972,0.23886234057435185,2082.049599576388,0.23682859822332689,0.04091842723004695,0.07091402582159624
f61c4cead,0.6532485191993463,0.1887576760797006,139.6735491566552,0.5051999591503268,0.015234375,0.041217447916666664
fe5dc391c,0.43125152051561366,0.19617925294899202,355.11862484725305,0.21686564996368918,0.05765625,0.04349537037037037
c1816081f,0.5685495415758897,0.277809826870373,488.71300202382196,0.1614144653231663,0.120625,0.035144675925925926
7d73574ed,0.5695945011571456,0.2281955081033373,368.8105806553931,0.3190905027269834,0.013644711104198695,0.048614891338808766
7c787403c,0.5036505514705882,0.1499028947902672,102.24313260736083,0.11223005514705882,7.8125e-05,0.0105234375
484af2d62,0.3511114782991849,0.14355364145663085,2912.743713544078,0.28724094881398254,0.041338951310861426,0.0018632958801498127
a2b2f53be,0.4802487571449943,0.2782672459039638,1235.739502507372,0.24726836177083023,0.051990670745285565,0.14900437162312624
a6e37f91b,0.5593651869669801,0.18952560787219336,106.70819145361452,0.18620282090531382,0.007853159851301115,0.0004553903345724907
b02fcb74b,0.32926271241830063,0.22343674539593925,309.8096104788889,0.16356143790849673,0.1059,0.04883333333333333
b84ad40b4,0.4632549019607843,0.14656291986176362,286.26718391555556,0.5414399019607843,0.0045,0.0
c4ea89ddb,0.5048815694860319,0.19234532988495678,1073.2229284677715,0.29939947626560204,0.027873563218390806,0.006417624521072797
11a3055b7,0.373651055743935,0.13788904056874587,1447.1096045233521,0.40137254901960784,0.014803675856307435,0.004210526315789474
50eddd1bb,0.42085224351913053,0.3552087365568956,454.79650311794245,0.1571953073364177,0.3434176029962547,0.15914794007490637
11c222a3c,0.3360913621262458,0.16819513336019928,726.5282542680959,0.1632436974789916,0.10656146179401993,0.007109634551495016
b630ac493,0.5979389215686275,0.16659962954395682,1154.188488213264,0.15720983660130716,0.00044166666666666665,0.007075
8693c4e7f,0.4460466328853639,0.27713307859532493,1109.5726664138226,0.5629234045678196,0.10504681647940074,0.11040262172284644
828ac8371,0.540900091809299,0.24636555484890502,425.33542499182056,0.2447674273722867,0.024581939799331105,0.10714882943143812
8d862cd26,0.46153215777051565,0.18985727134369046,7072.9007600308305,0.21520536038489468,0.0714525462962963,0.012141203703703704
de9e02d44,0.5907924581290849,0.23958018791657837,889.7089484552915,0.06347362642973857,0.030748697916666668,0.057822265625
7169c3e3a,0.4448306528603951,0.2614703158351867,410.16786303909083,0.24289586546228978,0.06860486891385768,0.08500936329588014
069fc79d6,0.6276665976249655,0.23114783102512024,1009.1363818410905,0.33607832780999725,0.011892605633802816,0.1266461267605634
7ca7983b5,0.451644429125817,0.29028230585531356,1445.0514620961085,0.24728079044117646,0.08112630208333334,0.141884765625
064217ca4,0.4770153512385346,0.19601698722886154,68.61388555181878,0.24860608557148348,0.011393557422969188,0.001799719887955182
1ae9a98d3,0.5253618552272239,0.2921709205781311,536.0830611477206,0.30190321120623526,0.0908108372456964,0.15734057120500783
27226ea0c,0.3379227777777778,0.1957523230672755,1151.4713396277084,0.20735944444444443,0.20563333333333333,0.0010666666666666667
bc4bbcef1,0.6031148692810459,0.2362511531019928,141.51618494993056,0.1651772222222222,0.05096666666666667,0.029366666666666666
1bbf00182,0.46962292609351436,0.30096503985297957,7261.32801922666,0.1569987430869784,0.12205128205128205,0.1632051282051282
15937e540,0.6371704175073724,0.1668349388180494,194.06356827089755,0.07716084639660613,1.978891820580475e-05,0.026141160949868073
965adb809,0.4020969743702724,0.18456811330197118,1283.6662284706445,0.4003270544172725,0.011217228464419476,0.028314606741573035
e1cd37f6c,0.4523365068570781,0.26815767856933953,1751.5788374777194,0.1544983282330273,0.11270472061657033,0.09533959537572255
9ecb47019,0.4012194117647059,0.201755388039097,156.46081597493054,0.35823794117647056,0.08385833333333333,0.0018
2e55bed12,0.4553918082788671,0.2162988661454305,629.1254020246914,0.1725845751633987,0.0177,0.054533333333333336
23941ded4,0.4477787460663278,0.15827590682772713,1645.9443682364436,0.1455441781650932,0.05432098765432099,0.0006995884773662552
217fcf5f1,0.5295692892156862,0.24436394356019045,1462.671734965586,0.21521833333333332,0.1064125,0.05935
79d5a2615,0.35571607843137254,0.16453592159438074,608.9453142641667,0.3151959803921569,0.0862,5.833333333333333e-05
79bf5eb37,0.5776500998547568,0.30288136104674873,1416.7956519799168,0.2644636210965868,0.05215856481481482,0.2509780092592593
53895ad35,0.43893221223674656,0.18853947629593018,4513.576568995647,0.2607652505446623,0.03570023148148148,0.016435185185185185
abf0f2579,0.20764227789881384,0.2819059693436615,655.3908677978181,0.37927653715807313,0.6613425925925925,0.05809413580246914
5e0519e3d,0.6460054381127451,0.21686233911354885,1250.23785271936,0.11289409722222223,0.004557291666666667,0.01775390625
3d63dfd14,0.5768601138985006,0.2953209921849915,2435.8176815226943,0.23140902537485583,0.06955882352941177,0.25495404411764705
a63a0ac25,0.37799494674412976,0.2800030519241162,2212.7865364188,0.20743028322440088,0.16516203703703702,0.09397376543209876
7ecd54695,0.523579477124183,0.1427984597829493,339.43697028691355,0.1589727668845316,0.0188,0.0
b2b52ccf2,0.4724862926652142,0.3414169100697157,1303.4460933665753,0.02036776053013798,0.22002893518518518,0.12324652777777778
520dc7925,0.4689022222222222,0.18118289567854487,509.15934473305555,0.11679686274509804,0.05266666666666667,0.00040833333333333336
266aee5b3,0.46701160975290795,0.19896358730389288,2297.43256557626,0.35653737675059743,0.010402575476347773,0.005788529902161261
e95bb9197,0.3862990649963689,0.27345421545353576,573.898188174317,0.3287406045751634,0.22766782407407407,0.035833333333333335
ff7d25ffb,0.565309987357625,0.34957746392589806,1182.1963266179234,0.17499125831083392,0.1452300989380049,0.3203836495113612
8aeda3d62,0.45655990196078433,0.25018505731968116,570.9653211910417,0.21326205882352942,0.07359166666666667,0.091025
c7e61f3c2,0.4497149787750152,0.22177025211446652,3278.760085414379,0.3798169597736002,0.09095360824742268,0.018642611683848797
172c8129a,0.5187476069167825,0.2683228115423677,6864.25549033418,0.30176914466574034,0.11256889763779528,0.0752263779527559
68b7c23f3,0.4864120598072004,0.2544014931555102,197.75510773865784,0.13693550396747328,0.07288461538461538,0.0914799331103679
34fe22f69,0.4443328567538127,0.26392784144063436,5665.862159334744,0.23941184980936817,0.0890625,0.094609375
a362ad62e,0.4884681977729363,0.29910025637017135,185.38451537470468,0.3531879992737836,0.19679012345679012,0.057839506172839505
ca46b14de,0.4162529302223683,0.1812575780125228,2011.254660692111,0.18377546828787383,0.08073324022346369,0.005949720670391062
14a9958e0,0.7324219132965687,0.18394906572284678,493.1193551961158,0.13633505667892157,7.8125e-05,0.23714518229166667
ec4089e58,0.44526607843137256,0.294202593324593,638.1182787890234,0.43298575980392157,0.17131875,0.1283875
9e2039291,0.42127143790849675,0.26700371117199656,325.0378882863889,0.3128216339869281,0.14483333333333334,0.03721666666666667
ec182ebc4,0.5562738562091503,0.1822482009957877,3364.279220730833,0.06560571895424837,0.011541666666666667,0.000825
605ca1a51,0.5264912127814089,0.19630651070827843,566.8281176195337,0.20026149600580972,0.028296296296296295,0.006251851851851852
c3eefdcd8,0.6345658413756127,0.3094723145971879,2087.6213467777015,0.27745597809436273,0.0588671875,0.30215087890625
83defd365,0.46883407373366015,0.26351700110268894,1993.5061324916837,0.2832226051879085,0.046305338541666664,0.04833984375
6561001c8,0.2918472549019608,0.264149715902929,348.0828405530556,0.334154477124183,0.31565,0.0009166666666666666
dd79180bc,0.45783958686355203,0.17756489601889977,5075.398212359228,0.3697345275558783,0.0044444444444444444,0.04703703703703704
7aa682539,0.5056313014631835,0.3067041752152979,177.80153886510712,0.21299191398613826,0.18969788519637462,0.10487915407854985
f45beac10,0.2942499782135077,0.1348320336815321,64.31815247888889,0.22249411764705881,0.13346666666666668,0.0029666666666666665
1c28dc555,0.6617596405228758,0.191256404706824,303.7233274382639,0.35702970588235294,0.0020166666666666666,0.19423333333333334
f49099d52,0.2941154600301659,0.1592144175772021,821.407621338665,0.2612399321266968,0.08450961538461539,3.846153846153846e-05
14831f659,0.30833889342774146,0.19018949660752849,472.5364350564504,0.21994485294117647,0.21673032407407408,0.00015625
2edeb7931,0.3276251650085321,0.18396228208517681,1437.9599916415236,0.4166265280058383,0.04414340448823208,0.03856048166392994
69a1c3147,0.38557244143532,0.30594752226754174,378.4210363835348,0.3243130581440497,0.3233962458745875,0.004677186468646865
3560a3e97,0.5555958578431373,0.20834425774021975,98.82404958714842,0.37267845588235293,0.008375,0.0777875
4eba3b5c0,0.5200839990317114,0.17863700850154457,3191.101712962963,0.22466339869281046,0.02912037037037037,0.0006944444444444445
ef7555da8,0.5126415032679739,0.2301452726051969,2967.0826102360415,0.21525140522875816,0.026833333333333334,0.07825
8063090ec,0.4162163245506536,0.2598769603226747,184.73967309442097,0.5880639935661764,0.135771484375,0.10582682291666666
2ac1366f4,0.57843852124183,0.27115024332198906,346.77388842257693,0.17526867737835877,0.09515625,0.12211226851851852
32eb3673a,0.53533788791107,0.2659491060221896,1165.0688135887804,0.44148595028562604,0.05673228346456693,0.1249015748031496
b28951b61,0.45507078431372544,0.12318493290557357,120.87771978993055,0.10124277777777778,0.0268,8.333333333333334e-06
d50a1665e,0.42575825708061005,0.22421761255668138,2726.9766971733334,0.24209233115468412,0.10931111111111111,0.0017
a43d578dd,0.4754402550493882,0.10401907061697678,64.9137830112464,0.35760404688191066,0.0047180451127819545,0.0
fc48054c2,0.4756012091503268,0.19572320251477324,337.1478495988889,0.10921460784313725,0.09753333333333333,0.0
533916bd6,0.427996568627451,0.263590156083696,3018.882275586389,0.43280366013071897,0.09465,0.0514
5d168f0e6,0.6254926697530865,0.20474606202178236,1377.224841900526,0.24298926561365286,0.020625,0.0626099537037037
27e16a68d,0.5707252859477123,0.16391189476300985,961.3325286349825,0.3066002859477124,0.00703125,0.0
b119aa181,0.6352867973856209,0.33853290871604846,618.7112350498766,0.470641568627451,0.016503703703703704,0.4821037037037037
32f97388e,0.5740505642361111,0.2213414662500002,669.0170289882659,0.17298438776552288,0.06439778645833333,0.007294921875
04b5f77c0,0.4585836019339243,0.1898802495561844,2025.2804256184386,0.37886386426716806,0.016267123287671232,0.00375
c68936b74,0.4540909477124183,0.21310259792357705,365.73531197993054,0.2906920588235294,0.05948333333333333,0.059375
a7e623e5a,0.5358332669111006,0.26344476836397945,388.6793713813008,0.4173045193687231,0.04276761517615176,0.10962624209575429
d3b4f29f8,0.4886482679738562,0.3146826597867226,886.7342093733333,0.3374390849673202,0.159075,0.131325
f94c2a347,0.44869132897603486,0.1957646052072988,3188.2898684739503,0.10654095860566448,0.012777777777777779,0.0046
0c862b8a3,0.37535718954248365,0.2272670551598633,3606.8833651455557,0.21010751633986927,0.08748333333333333,0.036725
0cdb80095,0.5384329761644435,0.13725016474805193,88.08162635596179,0.08116557329251403,0.004470260223048327,1.858736059479554e-05
dcd7102d9,0.4248527450980392,0.25666105819796015,261.0853813263889,0.19233790849673202,0.16578333333333334,0.06635
d302ad015,0.3120877124183007,0.23808938211343889,233.4790968788889,0.20561823529411766,0.26835,0.006725
1b3492bde,0.5085036274509804,0.2491076813943803,3685.6128416299307,0.2073924183006536,0.10190833333333334,0.0282
e481cf862,0.5263039442628903,0.27740347594445014,381.01005237147956,0.17484102668845317,0.0981712962962963,0.10914930555555556
7fab3c124,0.6155116254151934,0.308505774942355,2145.2988784645704,0.12464636237008465,0.04023224043715847,0.3096311475409836
fe854f6a1,0.4447913858251634,0.30638567925792926,450.1427343105315,0.25576491013071895,0.14994466145833332,0.13173177083333334
82dd5838f,0.2978655337690632,0.30627319130390207,551.7384463955556,0.19551324618736382,0.4774333333333333,1.1111111111111112e-05
8102d6dc7,0.51141977124183,0.20776405808472467,163.61521204416664,0.19524316993464053,0.0,0.05454166666666667
46f656f13,0.5390095315904139,0.1139073537336085,364.1112493247117,0.06334980936819172,0.011440972222222222,0.00011574074074074075
daeac2b84,0.6330256864189611,0.2509717028200393,285.1099468568411,0.23625775260736592,0.024328577469147912,0.15745790122972436
e0781fb0a,0.6181197794117647,0.23276945605577282,139.48439937984375,0.2485690931372549,0.06204375,0.043975
d2cd71ec2,0.5063946900908015,0.24018165839182395,1348.2600421036777,0.16016732464798,0.12034395973154362,0.038926174496644296
5b0355a1b,0.42100497004357296,0.22103442953307856,2577.167740248767,0.184497566040305,0.09552951388888889,0.009097222222222222
c77a68714,0.6902523323109505,0.23720393834273132,1130.957983469097,0.14374335907547375,0.027077513966480445,0.20681447858472998
1d72ec242,0.6250121357570806,0.1845794273312579,592.7595955095455,0.16317570465686276,0.01859375,0.002348090277777778
119903786,0.41251467320261437,0.19530322517119336,348.66345035270837,0.4181409477124183,0.13810833333333333,0.0002
f5d514b10,0.510600522875817,0.2831932952031452,127.71287530555556,0.20008055555555557,0.06554166666666666,0.16290833333333332
659dc9159,0.5659144250665089,0.1910992105726284,480.9562765738239,0.5770654744309784,0.010904522613065327,0.02597361809045226
fc8388b28,0.5687558823529412,0.20586853401880445,657.6204377965972,0.16570039215686275,0.052191666666666664,0.013491666666666667
988c18c10,0.4999617320261438,0.20615858610859872,1234.5950738299305,0.14933800653594773,0.034,0.029183333333333332
4d82fddba,0.6864404248366013,0.2595258998790076,257.72370093222224,0.08259454248366013,0.0019166666666666666,0.2826666666666667
d25a850ae,0.5001153594771242,0.13124586720047415,341.41409288888883,0.2771105882352941,0.015883333333333333,0.0
172d395a5,0.4912333006535948,0.2997041273055854,167.60322208604168,0.23537928104575165,0.07495,0.1895
dfcbce94d,0.4960191819265019,0.23482358103201828,511.65795902605277,0.24531347986955976,0.09280050639658849,0.0008861940298507463
460edc419,0.39792158719548426,0.26728173850265297,1171.0813356005108,0.21534801136363638,0.016536458333333334,0.12188683712121212
d79342c8d,0.5568700326797386,0.3712399633892115,655.8666371610417,0.334591339869281,0.205925,0.3133416666666667
d5e351a09,0.6231434640522875,0.2678088849042823,3739.2852613715972,0.3484309477124183,0.033775,0.24880833333333333
a2ac8316b,0.43163159658394606,0.33554587635252897,1969.49496713385,0.2706695006127451,0.23329345703125,0.168173828125
c53fb8a18,0.4169113240801939,0.2635422583380767,74.03383452557549,0.24014841741940224,0.2272565543071161,0.019822097378277153
7a84326ff,0.403095406681191,0.17509986509611938,5229.124638374452,0.14538503086419752,0.031377314814814816,0.03400462962962963
b12fb6709,0.6027242193173566,0.2890561511639769,346.6093559883777,0.16532484567901234,0.05920138888888889,0.19762731481481483
619f26bfc,0.43562483161203414,0.25011197080254344,1493.4047238447642,0.15513414907947912,0.07222328244274809,0.065
f06cf606d,0.3244160614863229,0.19978219356490232,265.6379813428189,0.2876208242556282,0.03921296296296296,0.014483024691358025
a92c2f233,0.46975769335511985,0.25646062237792355,482.95441576592503,0.2858556644880174,0.05925347222222222,0.07743055555555556
a29c12bef,0.5729310446586662,0.2767700178761729,129.15042238649457,0.5061422388353335,0.13262541806020067,0.08847826086956521
cae004390,0.391085,0.2332143894708824,580.7663999822222,0.2683926797385621,0.08193333333333333,0.030283333333333332
26901ccb0,0.4680856970619963,0.26939988683295235,1119.1201157397152,0.3194870232882797,0.14266181229773464,0.0683009708737864
4715f897c,0.43303823529411767,0.15511364971575847,3716.3687317197223,0.38173709150326796,0.011483333333333333,0.000975
282678629,0.7891328976034858,0.24700310048609786,2939.449935269546,0.12338764070442992,0.007690972222222222,0.5172395833333333
2683c99f1,0.598088371459695,0.2029295099355786,901.4213841133777,0.29579629629629633,0.06069444444444445,0.00453125
f94ea9d92,0.47376965702669027,0.29068510314361923,730.0872475450499,0.14245245589874747,0.13982441471571908,0.13267558528428094
a58fef87c,0.381825873827792,0.21805639156281503,626.8981373552233,0.27987595907928386,0.0691983695652174,0.008043478260869565
50723f2c3,0.658819189133987,0.25164902058024247,1246.350445249939,0.04498434095860566,0.054774305555555555,0.15469184027777777
1fbf04fab,0.5667069126501175,0.18136443919458048,1939.296988857275,0.2847078141601468,0.005254515599343186,0.002052545155993432
ef1d7c2a1,0.3996875127655229,0.2656190029373084,5048.217509040567,0.1231882404003268,0.17028971354166667,0.058336588541666665
df1507e61,0.6310847000510241,0.23529385471322378,99.93889359176559,0.1027082148844668,0.009200743494423793,0.07972118959107807
58396d68b,0.4949609885620915,0.25596719132594653,777.2146541697476,0.19408262981118374,0.1372164351851852,0.03965277777777778
c69bdf768,0.4453651045480433,0.2450406021423839,132.71152706898556,0.26286022292734523,0.1595954356846473,0.0006535269709543568
902114441,0.49584140936067916,0.31086073209909537,1273.7186077946835,0.2326287603163871,0.1863711001642036,0.11981390257252326
ab8dfa983,0.5030534133385797,0.28361901202080714,923.9960444088292,0.33125185258049705,0.013118729096989967,0.16168060200668896
d7185ffc1,0.41734150326797387,0.20794452696208188,1344.4950113488885,0.07599773057371097,0.011950231481481482,0.04548611111111111
4b949e5c7,0.564621734325027,0.21206347144624624,1524.5287871156597,0.26204666466144716,0.006547456960455054,0.07289945841275604
041dd606f,0.5519414379084968,0.29964834554098585,375.2256710197222,0.1605860130718954,0.09835833333333334,0.17973333333333333
933b2b3d4,0.5609303513071895,0.19831810557441798,1532.8199677264179,0.22981054829339143,0.039189814814814816,0.006493055555555556
4f4028c04,0.5054367156862745,0.2725924760536411,782.8248904185938,0.30292607843137254,0.06438125,0.12305625
733ccdc63,0.4151969964015569,0.16387444077159488,1409.5528202309438,0.4403359036498495,0.0034269662921348316,0.019288389513108614
5a567392e,0.36093019607843135,0.14056060654998562,54.370999081597226,0.3616020588235294,0.057925,0.0
5347d6835,0.7502223965141612,0.23679944767842032,487.9423774147599,0.08530870007262165,0.00016296296296296295,0.4217185185185185
0cb52145c,0.4493534555797628,0.26839930419762903,488.496136400463,0.28149767005567655,0.16324845679012345,0.011535493827160494
3d1d0f102,0.5192581699346405,0.16246814686642033,30.78908319,0.09281343137254902,0.012075,0.0
e6d59d514,0.5494890981764534,0.22061467545909613,1270.2264608874896,0.2225385552296159,0.018232720909886264,0.10596675415573054
2d9bdbca9,0.4585196844362745,0.24079994846875719,4791.134231171915,0.13632910794526143,0.0076692708333333335,0.07727864583333334
2ad939a78,0.4920718500363108,0.22600998802594444,8414.369083418933,0.4743674655047204,0.07552083333333333,0.05260416666666667
7e3680561,0.4889291132090696,0.20210035743404886,1134.813490351128,0.15331477446945857,0.03497942386831276,0.0516358024691358
6003cc8cf,0.41835092138707336,0.2414467655980528,4630.145967637468,0.1840477714233842,0.14600694444444445,0.03328703703703704
e92713811,0.5399052614379084,0.15099780375155158,522.2868581775,0.19046728758169934,0.014725,0.0005166666666666667
079565e72,0.5164759414535467,0.17755775111387312,6765.006425610526,0.09588367107029394,0.0077857044862121,0.05637776100974071
4745e5286,0.4232197773846381,0.2341897271192009,4185.155564412911,0.3183561108653988,0.07010338345864661,0.07609022556390978
80f1863b8,0.4337085620915032,0.24665131278107,621.9652662382639,0.1325428431372549,0.09248333333333333,0.071175
59b66be84,0.41083926930147063,0.32371640135417923,1091.4992688368054,0.19527819904003269,0.2685188802083333,0.09845703125
bb675d874,0.4323538716412491,0.17330247421636297,3469.9847394224485,0.23765867828612927,0.06885416666666666,0.0009953703703703704
4f402845d,0.39228683006535947,0.16501565531639453,129.34426646416665,0.4969634640522876,0.045675,0.007291666666666667
89788a8fd,0.47257859520237294,0.21568855746488425,900.1910938373549,0.4271565825098729,0.07290017590149517,0.03328935795954266
0058586f1,0.5895704732510288,0.24191353927730805,791.4580013759692,0.3409244432340838,0.09302469135802469,0.005169753086419753
f53c216e2,0.4490610929557008,0.22656795614671005,167.5537513559647,0.3587473069474703,0.11327932098765432,0.012646604938271605
4175a27e1,0.5533068704044117,0.25165295468052395,1337.4041032958983,0.125871195874183,0.09604166666666666,0.063896484375
fa41fb473,0.3999830065359477,0.275965398482098,3436.4031747899303,0.1632419934640523,0.16160833333333333,0.08321666666666666
ca7a148c0,0.39923877923262324,0.2671806540992077,1034.761880931157,0.20431792717086836,0.11034883720930233,0.09002491694352159
a14caa3ea,0.48786267701525055,0.22456159614781304,612.8887094450586,0.30651812704248366,0.036953125,0.021905381944444444
966598774,0.40072567175018153,0.31822170984451725,343.7797510608229,0.2663904320987654,0.23097222222222222,0.10634259259259259
3e5627478,0.6141698961937716,0.253875432815669,1046.0694197207804,0.16634444444444446,0.048911764705882356,0.15836274509803921
afb230f5a,0.32497078518907563,0.2055353514610438,1033.7389383053471,0.13886610325948562,0.12012987012987013,0.01007508116883117
8660ad37b,0.6150740454076367,0.18429432118776523,3527.614160886621,0.19544725785050862,0.013270676691729323,0.07949248120300752
fded1ee28,0.5286123959555331,0.30947451820435884,6635.957606830301,0.3778695324283559,0.0628988603988604,0.19983618233618233
a0fb6cd44,0.8173853113511029,0.2620696120540314,963.8534580884874,0.0925070561427696,0.005400390625,0.6304296875
9c64232b3,0.4800713071895425,0.27399276815577034,471.7521385160417,0.21802506535947713,0.097575,0.10296666666666666
f68a56b90,0.5617753594771241,0.26986156525179633,1278.315034908264,0.25166937908496734,0.014808333333333333,0.15640833333333334
08f54d056,0.626047908496732,0.2397281591237533,1010.9987748715972,0.22066143790849674,0.032358333333333336,0.15298333333333333
17a5487d2,0.5220215482026144,0.27023377561866224,7361.659302945286,0.2618858251633987,0.009075520833333333,0.212109375
19745f3dc,0.5050125442538127,0.24866942309336973,8066.309849355891,0.19491831767429194,0.057951388888888886,0.11691840277777778
afdc5f01d,0.5973756849678646,0.23888431493372736,6622.066824066319,0.26664913414345326,0.03844752186588921,0.08970871511870054
64f41ee68,0.5550417732310315,0.273115578201304,668.491210534278,0.24341658469407831,0.026839464882943143,0.17581103678929766
403aa5c4b,0.5137652287581699,0.09951088101279128,8.785916464166664,0.32308686274509807,0.00015833333333333332,0.0
ef4dce041,0.5158536274509804,0.14903248545206896,1304.140098826389,0.4413401633986928,0.00505,0.02605
5cbe99be7,0.5147859175332402,0.22366499561133318,115.05863270023008,0.20696280200734649,0.07985488126649076,0.0
6f07e7abf,0.32197674793601655,0.20691684055436396,263.4124899794814,0.3089444981940144,0.19569901315789473,0.0027055921052631577
be16b20d6,0.3063223529411765,0.1623805766236892,599.2439449106173,0.15302418300653595,0.12083333333333333,0.0007555555555555555
9b56301b6,0.42075064257912903,0.1529569004098815,3370.6062623019507,0.1338880443563193,0.015365168539325843,0.002949438202247191
ec13e5f25,0.44472636408323774,0.18252291995002848,806.3800192250507,0.23529529193292917,0.03765320334261838,0.013565459610027855
f6beefaeb,0.21289946078431374,0.22632853772163608,93.57910565902344,0.09786370098039215,0.41914375,0.0558125
bd59fdd99,0.47370139433551195,0.19936983228983107,1596.841661732222,0.20831337690631807,0.023266666666666668,0.023566666666666666
17ac391be,0.4083667474480429,0.1671148120508612,507.69260776197945,0.2876237056620401,0.018604868913857677,0.0034082397003745318
ae4ebeb3e,0.38365943355119825,0.20205314497165872,2338.9067634646913,0.2484686274509804,0.03445555555555556,0.02447777777777778
c3208c19d,0.509175139191479,0.18941194893655394,255.5776619555303,0.08124119462599855,0.03172839506172839,0.017152777777777777
1758efd47,0.583719629957246,0.22555503976420663,1817.157418423791,0.25006018723278783,0.01962406015037594,0.06890037593984963
8f26b1b5c,0.298630094734523,0.1681996985087349,1134.8145951618587,0.11453682896379526,0.08404494382022472,0.0003745318352059925
982564925,0.5211217973856209,0.29570205508149094,138.818424999375,0.14387457516339872,0.18834166666666666,0.012558333333333333
45c718348,0.3659654031825496,0.2612286903483442,714.410559657616,0.3062967101734311,0.20446808510638298,0.010341945288753799
8d51c3200,0.49649725490196084,0.18925302325626545,148.07253499305557,0.25103872549019607,0.02165,0.0035666666666666668
86386b0c0,0.48748977563735046,0.2883836215259555,4857.777626603533,0.13072119978595728,0.1639132553606238,0.03809697855750487
b9568ee6f,0.4777314705882353,0.25510555622372266,1676.24186659,0.27567549019607845,0.1478125,0.042225
94918fff6,0.48623098039215684,0.25242451438984104,1363.1617157656199,0.1975668092691622,0.0883,0.10702727272727272
a55f8d58a,0.4763267320261438,0.1892258531319752,946.1687900749306,0.14505591503267973,0.017333333333333333,0.0011083333333333333
816005a03,0.3665510130718954,0.1553062423589998,404.75564129749995,0.6699606862745099,0.022058333333333333,0.008891666666666668
cac68ead1,0.4169279466433414,0.18277360404351534,80.96754629902503,0.31681146585028064,0.05394052044609665,0.0005204460966542751
7cf995ca4,0.37336430388054803,0.20889163407330474,230.8314548519809,0.18774559028632373,0.08385983263598326,0.015930962343096235
ce344f70e,0.33590584150326797,0.2506294586246643,364.0387764166184,0.19372188180827887,0.24891203703703704,0.013871527777777778
4525391a7,0.39430840553275576,0.2861548333637815,676.2173073362858,0.23341060842941827,0.24838039867109635,0.007924972314507199
bcf546cb8,0.6377607189542484,0.2950642504695552,356.57286793326386,0.31212875816993463,0.085675,0.263275
b5c553616,0.16644398692810455,0.16656021632345336,41.38915600493056,0.2982751960784314,0.6185583333333333,0.0
6c3d7237b,0.4771499837030175,0.21780992795557466,1000.5357480670122,0.16432408694011288,0.028556430446194225,0.003009623797025372
196f95fdb,0.42965503267973854,0.2567697512210263,5681.750420790001,0.20578833333333332,0.12865,0.07006666666666667
a528683b3,0.4340360393378535,0.2538787513396508,1802.5412434476932,0.3270764156129742,0.13600467289719625,0.04411214953271028
664d0bed8,0.5079886982570807,0.3614735776765437,296.74189207895955,0.23315615922294844,0.2378414351851852,0.27027199074074076
e315452b5,0.47887452342047926,0.1800088372902603,831.2382482274184,0.1587584649600581,0.0010532407407407407,0.02435185185185185
83dff4077,0.4140159150326797,0.2782028994124997,278.73254306555555,0.48837718954248366,0.11900833333333333,0.12605833333333333
6d6bb4a66,0.3205294117647059,0.19076095719835898,310.8917293215972,0.2804801633986928,0.13315,0.01055
805dcae38,0.33018859477124185,0.2546024248526864,199.88807088826388,0.155812385620915,0.3352,7.5e-05
c76384236,0.5582583986928105,0.2025146532780658,421.0177344375,0.192954477124183,0.047675,0.009433333333333334
b9aead110,0.6271528104575164,0.26258568334159355,626.3301123082639,0.42582980392156866,0.00625,0.24140833333333334
b147d1870,0.3775322549019608,0.22020261485154247,234.41282565104166,0.18893846405228756,0.16215833333333332,5.833333333333333e-05
2a19120e7,0.4292977260348584,0.3128934090621408,622.1495169484833,0.15905185639070443,0.19315972222222222,0.1111863425925926
951352bea,0.7538540078068264,0.2707961927385866,3899.9624294217247,0.1323075980392157,0.034895833333333334,0.4592650462962963
93685a66f,0.5187559618441971,0.3039289281669997,147.38563800534772,0.18032441264794205,0.22003753753753755,0.0023573573573573573
a1188fdb7,0.48848174530228755,0.22010230754589613,206.52573839501275,0.29809049479166666,0.16564453125,0.0
8d7c78428,0.4369776445610091,0.22666796486517019,617.4076872448904,0.12476952458265685,0.05893710191082802,0.012944532908704884
4194f0f66,0.41597733990599983,0.23787636326892628,486.7048563409357,0.16247806051259456,0.1506671348314607,0.020113529962546818
94d930dae,0.6028770297181373,0.2381060831551973,524.2658599249522,0.13188634854983658,0.020162760416666668,0.116591796875
85fd5df90,0.48401901960784316,0.31603761318228674,69.17793736104167,0.3034232679738562,0.20161666666666667,0.109225
4c9e42452,0.4078983547441965,0.19880014954553457,794.1951154546352,0.22965796280197903,0.06934865900383141,0.0003284072249589491
53abbdf1d,0.48859250181554104,0.206686147131559,32.57379626200274,0.12131186456063907,0.023859953703703703,1.1574074074074073e-05
d37de633e,0.2902206535947712,0.24262472579272706,1903.6443535288888,0.2506091176470588,0.36365,0.005816666666666667
a5f08e991,0.4425959140687418,0.34237317720969523,512.042958903485,0.16152327304910163,0.33759775003429826,0.07979489641926191
92f84c5b7,0.6045521568627451,0.2370701628310255,1003.6850484375,0.17018728758169935,0.11436666666666667,0.049841666666666666
48bfc494a,0.506103660130719,0.23204382842486626,1619.1186998749306,0.30780568627450977,0.02805,0.074625
5b64325b9,0.5129524785785629,0.1880702970236034,372.867467478442,0.26809712803798913,0.0240840035746202,0.002982573726541555
87c19915b,0.35289500841888005,0.27037439986925665,509.70188294242746,0.29121469501928193,0.22548476454293628,0.01956371191135734
f21d7ec45,0.42745210375816994,0.25127554472141994,1462.4891215169273,0.3489645629084967,0.06805555555555555,0.08098524305555556
92fae4396,0.4897728911595937,0.3261429001317805,73.56556253755853,0.2576905742735279,0.24828834115805948,0.08773963223787168
0e6c32c9f,0.5321895951003353,0.2979706194413715,2198.873451915048,0.2764748071359691,0.11455649882903982,0.13830503512880563
948a1a82c,0.44448624727668845,0.2536003224489545,375.5461360891083,0.29137009803921565,0.1203587962962963,0.10032407407407408
db044e38b,0.4196595124536301,0.268988094546104,2297.358122409783,0.2788844727080021,0.19015343468468468,0.0545678490990991
df0b49ce7,0.508763140334668,0.19910356768013893,1586.0094306128105,0.20672194846524997,0.022480366492146596,0.020006544502617803
683f1dfd8,0.5306736867586541,0.25707285725189444,1160.7881584073978,0.2986379206003389,0.08295524691358025,0.04309413580246914
6ab29b3d4,0.5510855762969394,0.21385585862750967,1801.7149367157822,0.23712876540530112,0.007057195571955719,0.13193419434194342
67ab87b4a,0.621450526506899,0.30667918607140604,866.3332120675202,0.170640522875817,0.16507716049382717,0.1714429012345679
c37bb10fd,0.3705637908496732,0.21231679887768634,138.21143649104167,0.33039176470588233,0.17203333333333334,0.000375
1b154dffa,0.5130152961708244,0.25400360014639095,808.9689787748674,0.3885338774253157,0.05208769633507854,0.06168848167539267
91add3784,0.410333605664488,0.28343203908590664,3737.5411507521803,0.36230555555555555,0.23186342592592593,0.021579861111111112
0940ecf2b,0.4400478848946986,0.25062866657383875,991.2580833156172,0.3947354302832244,0.13376736111111112,0.04465277777777778
f8e3fabe6,0.47896758169934645,0.28769682005378316,1278.7287876215973,0.14969183006535947,0.11285,0.127625
48769873a,0.6174556788753237,0.19092449412096357,1969.8149244254184,0.08890495745467998,0.02459433962264151,0.002669811320754717
acb614bba,0.373396045751634,0.16859384173045516,64.55399893222223,0.33475944444444444,0.015233333333333333,0.0
c6e763332,0.40478434398450736,0.29778785472074343,675.2113257163543,0.2614544601791334,0.17209876543209876,0.002600308641975309
031a01c36,0.5333112553615196,0.3283029369276562,142.46359775633218,0.38493117149203426,0.13500244140625,0.241845703125
eb3b2ad1f,0.3641629773860764,0.24062245015105824,525.2377024116324,0.6979170595067294,0.22413763066202091,0.020609756097560977
0f4291ce6,0.4185327777777778,0.22600790768970688,1064.927119498264,0.20296660130718955,0.16275833333333334,0.012958333333333334
fff6f2f61,0.4781942175018155,0.2781582365110719,1070.1789437451773,0.24823245733478577,0.11990162037037037,0.09101273148148148
e98593be6,0.2786189869281046,0.22843006432933247,254.79989463305554,0.547163954248366,0.418775,0.001175
0e4cf50f4,0.4682405256220135,0.14977104729970814,240.42760157474754,0.17792144504860768,0.003403361344537815,0.0008718487394957983
0ac6fe826,0.30834738108206244,0.25660879740654136,1574.067284529187,0.2440352668845316,0.18340277777777778,0.06087384259259259
b2385d700,0.3159342645612817,0.2583988232356248,74.08576146200433,0.20666990572040025,0.3115339233038348,0.001696165191740413
a47931d69,0.5951235064338235,0.16189965799936085,290.22976884332235,0.20869909109477125,0.00019205729166666666,0.023343098958333332
ebeebeee4,0.6049267739669157,0.26612637638897574,3144.7478619293042,0.2410094207063933,0.021840390879478828,0.1836400651465798
e472219f1,0.3173975014755066,0.2658348269976611,648.8204206210642,0.4208583841563381,0.28452341137123743,0.058076923076923075
b00d0fe1c,0.276432912346225,0.18326935276737127,125.62057848603686,0.376165206043431,0.24722918407128933,6.683375104427736e-05
4e9a13862,0.37205579918342657,0.2510880831546947,307.473367585464,0.1713511517717627,0.20915809768637533,0.03236503856041131
1a0ee9580,0.49961245098039214,0.18570888324526133,543.4007665663889,0.30429718954248364,0.005366666666666666,0.025533333333333335
277014d80,0.3791951633986928,0.19721276980672103,88.77309578993057,0.5044031045751635,0.114675,0.00165
65daac431,0.46007394335511986,0.27562380025864963,2533.1413514622222,0.2724064052287582,0.057355555555555555,0.12452222222222223
b6256e92e,0.4017470753825623,0.2032828686441504,4649.885700650294,0.5362885557601084,0.05442622950819672,0.017446597118728268
10ae2697f,0.4757496368917937,0.3132320855593613,369.6978464886617,0.2757627087872186,0.19339506172839507,0.05276234567901235
d49ea4e84,0.3157326779026217,0.23343715234968518,888.4673705787563,0.24022102427113165,0.2507315074906367,0.016537921348314607
fe5d572be,0.49162398692810455,0.2655547595022405,210.72873147993053,0.2587275163398693,0.10591666666666667,0.08851666666666666
15bcbb6e2,0.4992516339869281,0.19498288384502943,2785.512242532708,0.4689911764705882,0.026725,0.029058333333333332
fcf5f5a0d,0.4526475732268216,0.2543786906857473,2952.616064728843,0.20483666182522392,0.0785570987654321,0.058618827160493825
baefc2985,0.6024401307189542,0.2812663900033502,5570.2186846597215,0.23023911764705882,0.042375,0.26419166666666666
ea383096f,0.4094689088598402,0.28296726201793976,632.8518144663869,0.16116648511256357,0.21321180555555555,0.08204282407407408
0f9d7b0f9,0.3213517924881124,0.16989042662922246,523.6231457921582,0.24810554576053853,0.07953678474114441,0.0
95696f11b,0.40140006535947714,0.2577430847138223,2662.2646308330554,0.19601816993464052,0.2634166666666667,0.005841666666666667
05febeea3,0.4911701633986928,0.2541388383778854,679.0805078049304,0.2806340196078431,0.070175,0.072075
34482d66a,0.4102453703703704,0.22118130439312292,6794.806203698881,0.30148654230210603,0.07598958333333333,0.042262731481481484
fadae6510,0.4526997058823529,0.22362359471573592,6470.67023084104,0.2913944117647059,0.014633333333333333,0.07020833333333333
724736153,0.45768249213265555,0.236936293905858,4541.289816019316,0.357717501815541,0.0779320987654321,0.03290895061728395
6dc2f0739,0.39122506535947715,0.15748324825572033,107.02252885305556,0.14909464052287583,0.029325,0.0023083333333333332
47453584e,0.4189733660130719,0.17536106536012586,295.21479671,0.2510832679738562,0.00015833333333333332,0.0108
756d92515,0.4646093137254902,0.2446173543236132,1054.7617587974999,0.2514339215686275,0.064475,0.04545
112ae92e0,0.5080336480271122,0.22950238734086278,8958.320069144316,0.1575637254901961,0.05542438271604938,0.043402777777777776
52a88696e,0.398952334071704,0.17256693296085818,1025.7331828184906,0.3702533431782755,0.05299163179916318,0.0066736401673640165
fed43b600,0.41777286764705884,0.2651320377401968,55.32674374121093,0.12616561274509805,0.149975,7.5e-05
411792ceb,0.539751754213391,0.18318066789307663,520.2729574993568,0.2934371762082759,0.003637123745819398,0.008528428093645485
0164a9cfb,0.6492516339869281,0.2323728277848813,282.556908799375,0.18516088235294118,0.0038916666666666665,0.16034166666666666
245bfe92f,0.4534631199538639,0.21427436447725223,1100.6125082091264,0.2103903114186851,0.07857352941176471,0.0015514705882352941
76f668025,0.5775183823529412,0.23812469087474694,3340.2099227091835,0.1713890406162465,0.003017857142857143,0.12825
448770499,0.5051958584715938,0.17075889020798268,1981.8939511135125,0.24501608848667672,0.015889423076923075,0.03482371794871795
c5d1b9bf9,0.5131803198252985,0.29002674580803983,403.7765473281625,0.21744014217529117,0.14727443609022556,0.029866658834586467
d30dcea91,0.4316275644517066,0.2281991384098415,399.192660149686,0.24280433006535948,0.07830439814814814,0.05158564814814815
6984b9727,0.44636714778503994,0.23713268764267534,639.9345165461034,0.2942292801379811,0.024519675925925927,0.05717013888888889
682ed2e7b,0.5202045206971678,0.2127014117200938,1234.5700215905895,0.14624912248850155,0.0026929012345679013,0.053719135802469134
a952a211e,0.47781654667075163,0.22873509132854714,212.37038368198608,0.31193774254493467,0.0694140625,0.018291015625
0d85af6c4,0.440727976062984,0.23812494854738928,1473.2461320043062,0.13766384143859464,0.10399583865323686,0.022613136615122712
1a8503d2f,0.5585668119099492,0.211068088835071,1525.8571252592112,0.13905512436456063,0.0011226851851851851,0.10821180555555555
6344c2cde,0.6157735620915032,0.2436350690009733,725.7580143155557,0.15919545751633987,0.01964166666666667,0.13028333333333333
440676acb,0.48719002782631204,0.258438008343715,2129.662499990734,0.21456944714079249,0.03364961496149615,0.1316831683168317
5ea10e37f,0.542497999868844,0.25198721853345396,1223.5595045256764,0.10729342907731654,0.06686454849498327,0.1256020066889632
02468e968,0.5202866339869281,0.2879691623442201,626.4538706093751,0.13396542483660132,0.12344166666666667,0.03701666666666667
f3367a65d,0.42402403322440085,0.22923441944440712,595.8418835991,0.35572436683006536,0.06651909722222223,8.680555555555556e-06
8cf927527,0.4640497760832728,0.21966288935382838,146.54003857542438,0.12710729847494553,0.028256172839506172,0.02568672839506173
94ec1c180,0.3941425995147223,0.2946896990379003,579.354889307656,0.2559533084136665,0.18591137123745818,0.10588628762541806
505c5d7c6,0.38285934095860563,0.2779785245633533,755.4910993911554,0.21044703159041395,0.19135416666666666,0.085625
5dd3f3eb0,0.4364022549019608,0.22852980211672064,1156.179664883264,0.2924656862745098,0.066075,0.054125
68d430cbd,0.6372125163398693,0.18845394163454032,2380.2149775733333,0.21425781045751635,0.0026,0.08958333333333333
cfd87918e,0.5041127124183007,0.24933004141389278,575.5010584415973,0.2361741503267974,0.03849166666666667,0.08531666666666667
4f18ce587,0.5093712499999999,0.1813912998580976,500.090497413086,0.13620294117647058,0.07423125,0.0034625
9003318e5,0.4533291503267974,0.2387277374948823,843.0639995988889,0.41703212418300656,0.17394166666666666,0.003941666666666666
c8049d235,0.6098387745098038,0.27258965160555,294.730385174375,0.3838870588235294,0.084375,0.21934375
01231c438,0.29765187881172533,0.37602961258209694,127.33269632044103,0.10577447701488622,0.5694816053511705,0.18270903010033446
bc7956085,0.5288514887436456,0.189651970203948,3345.527350564203,0.40967962509077704,0.02340277777777778,0.01620949074074074
7575371db,0.4032116920842411,0.2066621014393419,2572.0452920416183,0.2672703567538126,0.12111111111111111,5.787037037037037e-06
84fbd99d9,0.33865032679738566,0.25438383740245557,132.57878999305558,0.2871088888888889,0.21461666666666668,0.045425
acf9a72ca,0.48909722222222224,0.19230687654894518,516.8065083082639,0.2336138888888889,0.007875,0.0056166666666666665
cef342d22,0.3875831517792302,0.15397692916634192,426.7696422795062,0.25986788671023964,0.0818962962962963,0.0
488cefe35,0.4845389433551198,0.25562512844680474,4247.185679155816,0.20348318355119827,0.07654513888888889,0.011766493055555556
d3c79cf76,0.36406607843137256,0.30116197453057153,1865.1338777530557,0.3870517647058824,0.33569166666666667,0.065625
a5f6e77bf,0.33216908452570215,0.16312659729952228,195.55662161705627,0.4366281796502385,0.051140202702702704,0.0030236486486486486
b0d4b988a,0.5280626627604167,0.25434517062860246,1650.340212589169,0.24317366536458332,0.0713037109375,0.08119384765625
f27915d51,0.44829555555555556,0.26606891272002303,206.23518414659725,0.21310431372549019,0.04585,0.09576666666666667
69daafdd4,0.5156548970203736,0.25308958768221973,1197.0250799026026,0.22167811048111072,0.01852212906999415,0.1390734436162395
50fe7d515,0.31222006535947716,0.2765053568343919,730.850685678889,0.3717708496732026,0.3861,0.028225
ac52ba660,0.6148902697727456,0.2187931043155148,623.7211042965561,0.11911889804255164,0.07342819580852215,0.0321127523006728
71f895aa2,0.6289075163398693,0.2944282229416641,2151.055972179969,0.26945779956427013,0.06853333333333333,0.3771055555555556
be07596c5,0.38544253812636164,0.1866118791997722,370.79727379355865,0.49134480207177206,0.1530725890985325,0.0
4f8a564a2,0.46793218036278184,0.15453183779978852,530.9668121757038,0.2005686274509804,0.010777153558052435,0.002443820224719101
77f9b1470,0.39205882352941174,0.2104672109365384,291.6073556433334,0.11463,0.057725,0.013041666666666667
685010499,0.3438701882090629,0.2856154961723147,294.41911045066615,0.3290624959013706,0.3616555183946488,0.06838628762541805
8813e5e4d,0.5819100326797385,0.22905524033998093,614.1218999975,0.3055150980392157,0.016441666666666667,0.000225
790a68c0c,0.3195133782679738,0.2121683478352804,344.07593688964846,0.3333875102124183,0.2044140625,0.019973958333333333
cad8537e1,0.4233930348258706,0.18462837883890748,790.8527237678213,0.376980282411472,0.06125,0.0
a06a2ee4e,0.6319166666666666,0.24989218246490663,3727.961105842421,0.14638666768790848,0.015999348958333333,0.16892252604166666
6a8f9aa52,0.297398585182576,0.18083672001153253,538.1016280648284,0.29862935892920045,0.21285928143712574,0.00011976047904191617
00709d75b,0.4421260032510414,0.26992213900958206,880.0055739483114,0.19489891293304887,0.18849848877374784,0.044683721934369605
d62c55d90,0.6743282294191084,0.27628716409185083,422.4948406134712,0.1328844826320041,0.006207865168539326,0.3663295880149813
95c01e235,0.5448139215686274,0.21212914903610128,214.51938928993056,0.2970262418300654,0.007391666666666667,6.666666666666667e-05
015770429,0.38119556436806934,0.22714663543738198,296.7406609227712,0.24256354648601014,0.10465238764044944,0.008596676029962547
13296aae7,0.5034428322440088,0.24685921622568585,490.8894036365432,0.22996854030501088,0.07254444444444444,0.08007777777777778
2a92877f7,0.4048394754947224,0.2798628008922734,5391.907125086506,0.2063851773396339,0.1535376269621422,0.1002135272391505
7ac66a1c2,0.3400108780745353,0.2239709571659507,698.2747977583314,0.36437999526644455,0.18415157845868152,0.021901114206128135
25fc96414,0.4453311965811966,0.21075902161065477,2319.799625837237,0.41115761689291097,0.06666666666666667,0.026282051282051282
09b5921e9,0.5983192540173964,0.22175456543172328,1000.5859542645676,0.24191533982013858,0.025676691729323308,0.08654135338345864
58e24d608,0.5698983986928104,0.25453838997519385,585.5320734582638,0.2766242156862745,0.0018416666666666666,0.197525
3c0450f2f,0.309351664624183,0.17653420782793644,78.77139362911649,0.41575713167211326,0.1789453125,0.00018229166666666667
80fd005d2,0.5848540060218844,0.2349741204952377,238.0698704568727,0.14669240655063523,0.02891385767790262,0.12881086142322098
ecb3e47a6,0.4147107189542484,0.27748347989002115,562.9339544166667,0.2732166013071895,0.21899166666666667,0.0472
3c97d1670,0.3826522633636177,0.27647411942572897,104.91133008349105,0.22493382575461918,0.23014376502748596,0.0003591631498608243
89bac4c29,0.6356190196078432,0.21772990600841777,2213.270377991597,0.17416633986928104,0.02885,0.09130833333333334
7c9fdd0ca,0.5228859815410539,0.19869536317022152,895.5245247430562,0.19457369217218137,0.031572265625,0.01722900390625
c31f3d3f3,0.5377067102396514,0.22355317397529292,661.4191919091357,0.2109772549019608,0.04343333333333333,0.017022222222222223
19272319c,0.4561317006641366,0.23528677481339177,1697.043285867755,0.31480576639257857,0.0756888440860215,0.0021001344086021504
2560aee80,0.5371492810457515,0.21425128671782062,730.2313957899305,0.11078009803921568,0.026791666666666665,0.065475
18ee92cdf,0.6462786968954248,0.21968228575696966,494.96938413364626,0.12637374897875817,0.039322916666666666,0.09502278645833333
ed9d88a61,0.5239624689312345,0.3098797498525727,1487.8767037170699,0.15771618337475835,0.14895774647887325,0.13637323943661972
b5521c7e1,0.45470732226479355,0.20127184905925333,1716.6987386730734,0.2572631031978564,0.02658045977011494,0.03026021711366539
4ff447944,0.4349452307238685,0.2496144019620727,317.98328303430094,0.31039119858469705,0.1899248120300752,0.0029605263157894738
7ea357093,0.4944149398395722,0.313423666367533,2670.194908432133,0.20419334893048127,0.15799715909090908,0.16626420454545454
2b34c70e7,0.5033871019672237,0.23442641277022772,1141.8450999369668,0.20550076735675113,0.05777230432402846,0.039956212370005476
41e792442,0.4693321206086601,0.23459756401389437,565.1713989893595,0.3250206418504902,0.028323567708333334,0.04501953125
e22b9edd0,0.7739472549019608,0.2247583459302925,3146.656255219722,0.07033627450980391,0.0008333333333333334,0.4776916666666667
6f2b619bb,0.5138574195110144,0.16521540152527295,163.65209354900168,0.18175571895424839,0.015061728395061728,0.0009104938271604938
8bf0f354b,0.55204614994659,0.3269657557717978,1620.0136903537104,0.33602705809932465,0.18540512465373962,0.21069367497691596
5188ce75b,0.2476905882352941,0.20813883565779773,235.88146630666665,0.13755712418300653,0.2722583333333333,0.001725
12ba67e43,0.39609107843137253,0.3278865671096176,180.66599253270832,0.10964019607843137,0.182775,0.197075
5457a593a,0.6565699264705882,0.3382016345758849,739.7935936318358,0.13618502450980394,0.0264,0.4703125
9f9bfa4d9,0.5384112619406737,0.2620879833514043,696.5453711579553,0.27271885997988937,0.09692174145299146,0.02421207264957265
f780d04ae,0.4716463983967571,0.2301081838781434,391.2648686087066,0.29892025916057485,0.06005371660859466,0.04872967479674797
18c3b1a1a,0.3657450594250967,0.24782693530653535,1163.987808416802,0.4361185595714239,0.10815194859038142,0.05307835820895523
ada93cece,0.5187907261670099,0.13218073187802407,39.96271100809833,0.22165156185931162,0.015928130511463846,0.0
e6b64b212,0.46108313725490196,0.20166959311910365,10499.625155886388,0.18645209150326797,0.03750833333333333,0.03154166666666667
fae1e95de,0.3454375490196078,0.28025566209516534,204.31814151326387,0.2918758496732026,0.3836833333333333,0.0007833333333333334
979e3f8f7,0.36801507035562764,0.19574172118811,807.7527686866538,0.11598726664154942,0.02276803118908382,0.01821219715956558
16ac32123,0.4946588598402324,0.1751164561167735,790.7539927596397,0.26592617556281767,0.045086805555555554,2.3148148148148147e-05
254c3305f,0.40928800000000004,0.2355762338776069,1289.5234615569334,0.6361134901960784,0.14626,0.003606666666666667
83d36f269,0.498881568627451,0.2483872064354356,851.7927225249609,0.3648853921568628,0.04731875,0.0527625
a71f9ca6b,0.38681105915169417,0.24710693169261422,2457.2440637786385,0.3676139731520223,0.12857936715481172,0.053245946652719665
f2fba72d2,0.3784267258986928,0.25021036816265546,2495.2534278934427,0.31013162105119824,0.18836805555555555,0.023854166666666666
26cb1c2c0,0.649562392006611,0.1329573618763084,920.1322609737954,0.10477478347660904,0.006759715380405036,0.007594417077175698
ae9a09ad6,0.40378973856209155,0.2015754787594703,475.45995910416667,0.257170294117647,0.053408333333333335,0.003341666666666667
fb53fe33d,0.4148683634992459,0.2647685152889864,3487.9760824611685,0.2555081070889894,0.16314423076923076,0.0684326923076923
6ac7e0c51,0.6408737106821896,0.15163376930187186,672.8118831888411,0.099712890625,0.009072265625,0.0004915364583333333
3bb1086d6,0.5779399509803921,0.12629811966745152,1216.239149365,0.0865669480755265,0.0003125,0.017065972222222222
9fb89d88f,0.43339707338020583,0.24443686109579504,1113.6211751770825,0.3574310559413075,0.08813567186340014,0.04948960653303638
e4941c40c,0.48771666212781406,0.3020690733639774,3685.660416537931,0.23895125272331155,0.18119212962962963,0.09568287037037038
21178f3b0,0.4784985651693734,0.2725201042861436,341.0466066460679,0.3029923234298336,0.0031682825484764545,0.09986726685133887
a234c6496,0.47453338822508173,0.1681809525515395,1927.1012984804145,0.25182917177287584,0.0190185546875,0.010054524739583333
71419d422,0.5392758487654321,0.2044957942122712,218.27840904693394,0.18364746732026144,0.0,0.07141203703703704
44cd12263,0.4761726579520697,0.2713677630629031,389.55671792689515,0.2207545388525781,0.18392746913580246,0.016203703703703703
19fd91f5b,0.5636149673202614,0.16978193629804603,160.41932011659722,0.06807444444444445,2.5e-05,5e-05
c0096c460,0.5020181781045752,0.31227880889749154,792.9883854080933,0.2922920524691358,0.06943865740740741,0.19354166666666667
de445d837,0.6372695707070707,0.17744939653765948,403.6330492003267,0.3537102334620717,0.004387626262626262,0.0018702651515151514
8b1abca6a,0.29570355345203214,0.23401854095682253,1281.6406526604894,0.6901309335994935,0.37743568691844553,1.3683634373289546e-05
626b056b5,0.41483511861534733,0.16581479424323264,1448.970824826389,0.5596825829097071,0.034290123456790125,0.0030092592592592593
69d413ff2,0.5389848022253885,0.33497103016251084,1800.3773700888846,0.1884615645566185,0.09616782006920416,0.26335640138408306
4084b0a93,0.3782862418300654,0.18114032533016816,41.89514308638889,0.765153660130719,0.14239166666666667,0.0
8df053c7e,0.3797145424836601,0.21607916211778494,1028.2780967665972,0.20754160130718954,0.21435833333333335,8.333333333333334e-06
22145fe75,0.5007727481617646,0.26836077418771453,319.7969250678957,0.25628660194546565,0.10312255859375,0.09073486328125
b35e6306c,0.40538290849673203,0.23846850082400445,871.8400888999306,0.25271506535947713,0.18324166666666666,0.03515833333333333
564356241,0.45808692044526145,0.21015011160935684,1229.2682745881716,0.16383122702205882,0.11799153645833334,0.003759765625
05d8b5a9d,0.4681382679738562,0.2461384596580215,2601.877065058264,0.21559771241830067,0.06365,0.08175
8f2946027,0.3931071509063396,0.28574580967225627,922.5349473281186,0.2701396803932301,0.3011631089217296,0.026395730706075534
6326958d4,0.8033420833333332,0.2081469411412141,708.5325682333985,0.2266155637254902,0.01445,0.45390625
7a8fc4913,0.45399254901960784,0.18467641505047114,602.5490832082639,0.22774921568627451,0.055625,0.003766666666666667
c3a2d4d83,0.32166983660130716,0.15725297419954756,439.8995990975,0.3576552614379085,0.15810833333333332,0.00015833333333333332
f02ef09d7,0.4257676969092722,0.2099647404685247,933.2935474180771,0.3649466046305528,0.09333333333333334,0.002824858757062147
d5f80598c,0.4966354248366013,0.25816656749285977,393.20865908159726,0.10093823529411763,0.18653333333333333,0.0006916666666666667
03e5bf50b,0.3966372676674837,0.23699646875092792,536.3164451110733,0.23234641799428105,0.136572265625,0.005296223958333333
50abab539,0.6088176289034132,0.1904000591656796,1710.1691015477313,0.14751300381263616,0.013119212962962963,0.01998263888888889
3cdaf32d2,0.48668358145727425,0.23324251948480487,563.711956712963,0.226420116194626,0.07902777777777778,0.020756172839506173
1b5dbc3cf,0.5183290196078432,0.17531053389771456,55.356122433263884,0.23466493464052288,0.026783333333333333,0.0
662011890,0.41249969484805876,0.24224424579326634,3470.95064889595,0.21606479718381374,0.10364168326693227,0.020321837649402392
195c119c9,0.40827071594921494,0.2965960657708455,330.1642421645858,0.2188610547667343,0.2285632183908046,0.001068007662835249
32d8fa52b,0.5124469607843137,0.18244205371422997,710.186991499961,0.590212794117647,0.0031125,0.0391375
12a280806,0.6352835421205519,0.2754794674989053,380.64833906943244,0.14670772058823528,0.04465856481481482,0.23560185185185184
639fed947,0.5250379182261994,0.23526501621851206,1148.0375791953397,0.26660446926645154,0.011219025142960878,0.12420804211672869
b2937acb6,0.5538157379202643,0.1474582603283924,1598.3219481498377,0.28275034879351146,0.0015853830819219238,0.005172116093992811
27dd38817,0.6168208584894782,0.2741578312245789,1020.4425354969461,0.2108068781437227,0.053989555562212306,0.24572387143156696
168f1c6e9,0.39542513071895424,0.24237285878187484,933.3698093766667,0.1939203594771242,0.169525,0.03295833333333333
718c4b524,0.48743655773420475,0.25799408137851,982.3488118487654,0.2182637908496732,0.0954,0.08246666666666666
4887999cc,0.4510461437908497,0.13454856920841107,481.38868343654326,0.4266504575163399,0.005844444444444445,0.0
e772235aa,0.5754832929426452,0.1188327503638473,617.2630420674122,0.1827823676286994,0.004110486891385768,5.617977528089888e-05
fbc0c9535,0.6844760544505571,0.3979581596890873,786.0596879043528,0.07179475243334744,0.1374910071942446,0.6033273381294963
e0e8d63df,0.41754770334059554,0.27404067365572143,2223.506779994936,0.36825099854756715,0.17278356481481483,0.07674189814814815
16eefbec7,0.38761876188602534,0.23253755556877526,3243.486899204078,0.2351001049249131,0.11459030100334448,0.03933946488294315
e5cf352b2,0.4984663725490196,0.2170563948950236,371.04640261972224,0.3677639215686274,0.09929166666666667,0.0
07dd9a0a5,0.5085954446231618,0.22472423120043494,449.507373015976,0.36168021407781864,0.017783203125,0.03187255859375
32efae9d5,0.7236183006535948,0.1927741978799994,532.0693812660417,0.11663532679738563,0.0038583333333333334,0.27465833333333334
ea6129e3d,0.6111835584604213,0.27097962269406217,310.1987241303704,0.18091886710239652,0.04081481481481482,0.19742222222222222
1499fbe78,0.5089946405228758,0.2872862798307483,501.07239614416665,0.3781403267973856,0.21841666666666668,0.06065
a75bbea18,0.4140114052287582,0.27082804286081513,644.4811929822223,0.257989477124183,0.05001666666666667,0.10880833333333334
53c344d06,0.2997465807310578,0.29905935915866566,1645.4549175904492,0.20094160009682885,0.433695987654321,0.06555555555555556
c3cef1c4b,0.4432020588235294,0.32914646417321536,176.01497853222222,0.15022996732026145,0.236,0.18795833333333334
9a218ea6c,0.5139292156862745,0.22846339704933885,463.44306602666666,0.22582666666666668,0.058025,0.00435
9de6b8550,0.5034614991830065,0.1774130619202453,2787.914936412218,0.29336247276688454,0.007230902777777778,0.021979166666666668
de813940a,0.4323027617987258,0.265213482666852,468.39165011389593,0.3671474976031422,0.09352819400630914,0.09845228706624606
22992ecd0,0.5593136823391328,0.2414021172136835,858.1419624772261,0.5023349327994109,0.07148254107981221,0.08556704812206573
c874c7c7c,0.7570370588235295,0.2624705244928777,619.888066519375,0.2321739950980392,0.00484375,0.4833
b67778d17,0.560499720225118,0.20566440838609823,948.7889340843238,0.17625615971851402,0.03470585285119615,0.03742665128642359
2ba708d92,0.4753946892410101,0.22274565874909333,441.1010975816472,0.13042377541422473,0.12412361623616236,0.0117619926199262
9fe3f6afa,0.5732678462009805,0.19999714780304162,5814.777627451175,0.10594769646139705,0.03521240234375,0.04876220703125
c30f7cde0,0.4672738313318407,0.17247494883136025,328.2640819433885,0.24914556618495148,0.038044982698961935,0.00023356401384083046
2318247fb,0.5326095098039216,0.24237866396064137,297.86851124333333,0.15120522875816994,0.04683333333333333,0.02475
c22078c20,0.41034307189542485,0.23377884633553225,882.4100409299306,0.27586630718954247,0.041758333333333335,0.047983333333333336
c3270683d,0.531135979049154,0.19494806699534012,110.96953678183836,0.3147378234398783,0.005051369863013699,0.0008732876712328767
55b797c90,0.5080751633986929,0.2617606124173009,1897.837146448889,0.15244702614379085,0.01721666666666667,0.10216666666666667
a17411df1,0.50503,0.1975100336422833,2827.5974083410415,0.34541382352941175,0.021025,0.039075
9b11972b0,0.43076196129493466,0.23240505203105896,4786.708464553791,0.49688791870915033,0.10185872395833333,0.025751953125
71aed274c,0.5413736274509804,0.22740779894668714,121.20726152888889,0.1689300980392157,0.06209166666666667,5.833333333333333e-05
de489fcd8,0.3193319934640523,0.2501788800627958,195.3932830132639,0.21790565359477124,0.38848333333333335,0.0
a37e46e35,0.3405464778503994,0.2842025297805211,131.31885724742665,0.15237972040668119,0.19332175925925926,0.1268923611111111
dcd0002db,0.28385754901960786,0.15093410979749422,209.74049900000003,0.34518771241830065,0.19476666666666667,0.00020833333333333335
dd62a2e7f,0.4588111111111111,0.22338416872725853,361.3894390122222,0.25149728758169937,0.020066666666666667,0.04335
104c799db,0.47820052650689904,0.2157743388562213,1875.7031769966468,0.10056284797869765,0.07290895061728395,0.018425925925925925
99459c30d,0.5602147671568627,0.19258375926444182,2767.4002018168135,0.20531627859477125,0.008714192708333334,0.050169270833333335
889ae00e3,0.3133796724682383,0.2225848298534389,353.25743213179805,0.22712796504369537,0.2446441947565543,0.0012827715355805244
d1a11cf42,0.4812114197530864,0.297638980016087,913.4511292542425,0.3782062908496732,0.1566898148148148,0.13311342592592593
78c3c7f21,0.42007032679738565,0.18430742897305938,1986.942866366389,0.07663882352941176,0.022025,0.035225
64904cb52,0.3258457189542484,0.1785290319284692,392.87046364416665,0.15568450980392157,0.08670833333333333,0.00028333333333333335
50f87522f,0.37092692810457517,0.21479675424867115,3920.2278277500004,0.3342127124183007,0.1121,0.017508333333333334
b4b4969b2,0.620899095270292,0.1362647363720667,292.13236839950014,0.1988682292840508,0.00013683634373289546,0.009455391351943076
d1be4f433,0.4635862055759804,0.21082716459193387,271.124958183521,0.32489911726409315,0.040234375,0.03078369140625
4eb9c5991,0.4623037908496732,0.1319769563213774,662.2609822997223,0.4490798039215686,0.011125,0.0073416666666666665
731a2ef80,0.44670363562091503,0.24373227563935673,727.4341339280787,0.27305864197530866,0.09306712962962962,0.052569444444444446
7d930d08c,0.5386173529411764,0.1535058331731681,63.02238123083333,0.3531119934640523,0.013691666666666666,8.333333333333334e-06
207298884,0.47619183460421205,0.24067321832606486,732.4173350585937,0.2211191221859114,0.011261574074074075,0.09211226851851852
d81afce4f,0.3496731799201162,0.2570883266861867,754.6614920862269,0.31042356572258534,0.17829282407407407,0.06906828703703703
216840542,0.7237059172234579,0.34213898424242517,2177.2854385265664,0.09193632946877041,0.04645480553622516,0.5938065414057063
f220ae6cd,0.4833428758169934,0.16747797584722204,195.5037052622222,0.19016915032679738,0.028283333333333334,0.0
19b7a9e47,0.19858193979933111,0.1400198746649886,1222.5014129595868,0.6380359039937046,0.33068561872909696,4.180602006688963e-05
4dd8dd451,0.3925387908496732,0.3452380811336144,604.8869655663889,0.25144444444444447,0.3610083333333333,0.10451666666666666
0acd95320,0.5411191448801743,0.14140177063096382,340.3302271009825,0.16316274055918664,0.003605324074074074,0.0035474537037037037
f13821512,0.5056574836601307,0.19698763856920007,150.3135997975,0.15247964052287583,0.049558333333333336,0.012875
c2e4ec0c2,0.351260348583878,0.28264797939936265,2108.8022287803283,0.2740389660493827,0.26372106481481483,0.06846064814814815
f726dd490,0.3970251960784314,0.15141820008073492,635.8782354582639,0.4975696405228758,0.011166666666666667,0.0017083333333333334
695925a2a,0.4223374342302922,0.2834998926292581,425.51537195675076,0.26034920990251287,0.22574705914073753,0.06842360699181105
8ad59da0e,0.42638516135620913,0.2686736200851088,534.7832432598349,0.25542209626906315,0.1531597222222222,0.07106770833333333
dfd0fbde8,0.4619960784313725,0.16595808605633197,396.07847661617285,0.16042605664488016,0.01278888888888889,0.006022222222222222
c2fe3684a,0.45532693140347624,0.2593273622535465,1254.3896368057697,0.34018550132986947,0.11008675078864354,0.05019716088328076
ddf06fabf,0.37091163398692806,0.18645275472954095,402.6791817955556,0.4029318300653595,0.12264166666666666,0.0008916666666666667
3c1cc2c24,0.4009630925788037,0.2600898980870264,208.22050398573944,0.20112851824274014,0.09963291139240506,0.04450632911392405
5b22f97b3,0.461436190858596,0.347557030074708,1254.7630573204115,0.16851261460215486,0.2931825938566553,0.1842235494880546
1fc6f94cc,0.5296719601034858,0.16549265129784277,781.5598786168227,0.1319107434640523,0.06012586805555555,0.003459201388888889
282f456cb,0.5073032861292665,0.2544138106436931,932.2369762690959,0.25208700980392157,0.06017939814814815,0.05040509259259259
baf49463a,0.5198167028156482,0.2844947408338705,4702.243219689429,0.2986570454762132,0.11197072528363047,0.10867605348460292
db4a0242a,0.37412944444444446,0.1820842764381421,661.3591566388889,0.46215068627450984,0.12376666666666666,7.5e-05
3760c73b1,0.28327264413227976,0.20748779225317765,413.7014245738715,0.26369044483465026,0.3161194029850746,0.0
53037f091,0.37902460058097315,0.157162798644229,1357.3265323264363,0.5322500605180344,0.0022453703703703702,0.0044907407407407405
6316b9647,0.46710107843137255,0.2370580538292064,1528.6736051827083,0.2919161111111111,0.084125,0.026575
80e8288c9,0.5558088008351488,0.1496004391255178,256.1226822111572,0.08661326706608569,0.01800925925925926,0.0026157407407407405
46b2782d5,0.3856482691842169,0.26451736005047544,1559.96703317419,0.2777547506656984,0.26448302469135804,0.002191358024691358
2f3ff5116,0.5687490298202614,0.2525324784700405,141.89596948749755,0.11612958282271242,0.03937174479166667,0.13061848958333333
5e7b512bb,0.35102039457758416,0.19650508366193079,1273.0316932610785,0.23880047204066812,0.11847222222222223,0.0006327160493827161
11948e0ef,0.35817459314193684,0.28927211363042743,246.42641187061358,0.20809397063505441,0.18058142311365807,0.07083930276981854
fd7811109,0.5799054364220604,0.30457220535608753,448.44621866918436,0.2055449865564955,0.059021739130434785,0.2543979933110368
bfdde77ff,0.385895471160973,0.27589768019192507,1053.8106446105633,0.47631655969948117,0.18994845360824741,0.0896692439862543
944a5fec2,0.5933604248366012,0.14750868702569542,131.67669555270834,0.07061248366013072,0.00010833333333333333,0.006325
0c3cb3d44,0.6844662309368191,0.23313542361599437,1042.6347100029632,0.10874608569353666,0.0003259259259259259,0.27352592592592595
7b1211e80,0.5201761485616144,0.15399748814328984,342.30935796984056,0.1607925075139545,0.002417883211678832,0.000802919708029197
6ae5689d3,0.39523279411764706,0.3222225026625603,1357.4755975302733,0.3146745833333333,0.3534,0.07430625
4b69bf0e7,0.4716559776688453,0.237598732780976,196.9176734781901,0.24259625204248364,0.1575607638888889,0.0013932291666666667
62613fb88,0.5006855851715687,0.2567625492252597,831.6640326669906,0.20645293351715685,0.09597330729166667,0.037158203125
435bb3995,0.4388255047204067,0.29224896201842293,976.381856170974,0.13196502541757443,0.1832148148148148,0.033466666666666665
f7c487e58,0.43141545751633986,0.18563999693651753,2843.032254088264,0.1740102614379085,0.07361666666666666,0.0052833333333333335
037b1c131,0.43594662309368193,0.2256411745485594,343.3728241628395,0.17522566448801744,0.11023333333333334,0.01721111111111111
776f7e340,0.466433774597988,0.25734811885614384,144.3265359321189,0.1310398153381839,0.0776805171632077,0.0876844660904158
81d404558,0.4110693137254902,0.22092264142676615,689.7611911410416,0.2567035294117647,0.13215,0.033758333333333335
de61ca522,0.4497587145969499,0.17968851101417244,2829.5321330246916,0.28729593318809005,0.029027777777777777,0.0
68a4cd579,0.5609051589984653,0.18822941733166146,814.0243122988836,0.15494805585069277,0.008073344280240832,0.014121510673234812
ff47b9a27,0.5026266993464051,0.3021874933717053,297.0732499663889,0.1284390522875817,0.20393333333333333,0.0017916666666666667
e985acab0,0.4507605301379811,0.24484293929369072,1558.9476514057974,0.20659906802227063,0.03498456790123457,0.058325617283950616
25fce0465,0.41704302832244006,0.19554880595822086,741.4863202737859,0.23428247549019607,0.05863425925925926,0.021811342592592594
585a705fc,0.5038596983932462,0.1653560841144936,309.0765570836761,0.12740664147603487,0.013806423611111111,0.0020225694444444445
76c073021,0.470642179557008,0.2598381995142692,943.6527617925616,0.1819509350036311,0.1303587962962963,0.06418402777777778
09898b12e,0.6073376470588235,0.2677631030423442,305.46833325305556,0.26877271241830064,0.03165833333333333,0.2844833333333333
bfa54aa27,0.455735715379902,0.22512706567301538,487.35716575367184,0.15177204605800654,0.05764973958333333,0.005885416666666666
3bc84c4a9,0.6007716333061002,0.21888149285544148,884.569717507426,0.2624696180555556,0.009401041666666667,0.0741015625
d7d1cf92c,0.5658086431897174,0.26199160923606113,268.89429773268756,0.13765863335300674,0.07409698996655519,0.10597826086956522
220e9aa26,0.5492079702251271,0.24785960213742217,510.1021083333333,0.0761055283224401,0.08162037037037037,0.04236111111111111
269caf235,0.6234955405773421,0.16784155543851428,725.3037300922912,0.45041302423747276,0.008246527777777778,0.006662326388888889
0a30968a3,0.60408125,0.33607440306308417,916.1694476210937,0.1967329656862745,0.11813125,0.2874625
e625fc4f4,0.600068954248366,0.2795656567142912,986.9300808663888,0.15623738562091502,0.10796666666666667,0.12014166666666666
099115d38,0.4510750045388526,0.23036767442387746,2141.86857990448,0.40768990559186635,0.013958333333333333,0.08619791666666667
fe7e662c5,0.6271990849673202,0.22995689963009963,342.00598761972225,0.0745285294117647,0.013383333333333334,0.05828333333333333
bd4059588,0.46834265311062695,0.24687683171501285,1216.8058744770233,0.25884740377632537,0.08524691358024691,0.06154320987654321
f41a7de83,0.5786904048656499,0.15648316742357438,108.90851231885367,0.07549904684095861,0.0060879629629629626,0.02701388888888889
7ed3e206a,0.27768618736383444,0.16231554105965035,667.632068441358,0.48837403050108935,0.15065555555555554,0.0
aac9127c5,0.4560569607843137,0.21616111000306082,2765.9346626232646,0.2145527450980392,0.09550833333333333,0.00035
271bb0de8,0.5569502541757444,0.2742434916716449,856.5142739454137,0.16453534253207455,0.15285493827160493,0.0013811728395061729
14580436c,0.35736340852130327,0.1695663938217613,240.11269206286394,0.17703070175438596,0.17526315789473684,0.0
f08275fdc,0.6300880392156862,0.21560352997481494,346.50222357993056,0.24344624183006536,0.03055,0.052075
5242038c7,0.4077851715686275,0.1555753068137443,173.639615234375,0.2079980637254902,0.0364625,0.0
1f64d3191,0.44282612661923004,0.305041301518818,1194.757298800394,0.26174887579552897,0.1356185002736727,0.14244663382594416
843910e74,0.5308674201161946,0.1741893867840751,234.30137445934074,0.1242060412127814,0.06447916666666667,0.013998842592592592
f18d332de,0.4609081699346405,0.22312903206277673,1469.4393672465972,0.15905486928104573,0.033058333333333335,0.0606
35d860fe5,0.408627420721375,0.18664485264553995,573.0668208585178,0.16432274267731786,0.054614197530864196,0.0019444444444444444
c42153e51,0.6933299019607844,0.30882680668623647,224.87450614839844,0.29448232843137256,0.00124375,0.44408125
d6b97e7ca,0.43159088235294113,0.1727578552912267,629.0888971665971,0.19154284313725492,0.022366666666666667,0.00825
5bd725e47,0.3352304877382708,0.22579912928319906,237.89740485782832,0.5407300826551604,0.23958333333333334,0.0
22de1a590,0.40171975767051005,0.3426697186480665,509.1575896193198,0.22622138622891017,0.2845348837209302,0.1641611295681063
194acc3f9,0.581239183006536,0.2254397280015748,449.2828655288888,0.16863738562091501,0.018341666666666666,0.032875
ba804d3fa,0.5128721952246452,0.20014092655423502,1633.28604938786,0.23423876774091684,0.05219206680584551,0.016779003877124964
d899c9ef7,0.534103383714597,0.14872354646959185,420.9128523364408,0.15227588848039214,3.90625e-05,0.029609375
67f174628,0.45144588820602866,0.2006676822136868,1898.6160396452995,0.5024288264559555,0.07185820895522388,0.004171641791044776
ecba82fc3,0.5594108064278343,0.1534949591229333,28.27667078268981,0.5291625018428424,0.0022368421052631577,0.0
7e2ce5b3e,0.4797264052287582,0.20130137273452495,3629.111259081597,0.3753752287581699,0.021691666666666668,0.0399
29d752f7f,0.5167140444694625,0.21155434370594733,691.086397501058,0.20294045329455546,0.061916866028708134,0.014852472089314195
d0566e4db,0.5028455882352941,0.24908299682384014,722.426043571864,0.19041978334543697,0.06311728395061729,0.0483641975308642
dc589864d,0.4497574210239651,0.39600492382252916,748.0186185751833,0.26471207788671025,0.39564814814814814,0.2507175925925926
49f3710f9,0.5858415373093682,0.250471956080773,3203.553207871708,0.17784325639978213,0.05675347222222222,0.05183159722222222
4d4c7be64,0.4913458587448357,0.30720364925244353,2023.0805750197844,0.2988240868253656,0.07855351170568561,0.17745819397993312
ada57411b,0.4958663662390989,0.2351945181174912,147.85667139130427,0.4296974063400576,0.05569164265129683,0.0022574447646493754
e90451ea4,0.3561738474654076,0.2509507504496671,6531.707166706118,0.2561201062364745,0.18459030100334448,0.06188963210702341
1e72112bc,0.5530575185705682,0.2607780708421342,258.62816603687867,0.09092829418456802,0.02218430034129693,0.19457337883959044
9bfb6a77f,0.4273808278867102,0.174546991312722,10375.132853599876,0.16062169934640524,0.015333333333333332,0.011022222222222221
7013035d9,0.49248714081293266,0.20913970603694018,2614.3924611830757,0.5126843553003055,0.02374260355029586,0.004912475345167653
6c4d7b09f,0.18931908496732028,0.21148805778859706,217.2768992832639,0.03968611111111111,0.4796666666666667,0.011925
be3247b2c,0.43939570415060614,0.18708602521178058,2530.219320047859,0.10745040430702196,0.046879451566951565,0.00011574074074074075
0ff7245bd,0.4653080065359477,0.22783422496006636,3260.9078638888886,0.12070529411764706,0.086075,0.016275
40309f25c,0.5386358024691358,0.18110665209756638,10277.260229629206,0.40724178972000324,0.023384773662551442,0.025915637860082306
a44b2389a,0.372161704187848,0.26038460061225743,291.34896623775916,0.2489920418784798,0.22361111111111112,2.3148148148148147e-05
d4bb8cf0a,0.6447094117647059,0.2389148991596623,670.1207555665973,0.11340088235294117,0.031625,0.13391666666666666
92586e5a3,0.5928317901234568,0.21759278814329686,622.7423245596613,0.2940930162188332,0.011844135802469135,0.04876543209876543
46bb277b5,0.6467711111111112,0.3236183308347512,12385.47368884889,0.13774722222222222,0.05878333333333333,0.40398333333333336
3d9a62b53,0.5130705300384995,0.2291480413274725,187.13100940057416,0.19619648133225892,0.060234018264840185,0.06075913242009132
51226d067,0.38366764251997093,0.32114187351003415,328.4701905595944,0.21849816176470588,0.4439236111111111,0.020891203703703703
24dfcc985,0.2779955746187364,0.21874073357726143,260.938037304654,0.2111712962962963,0.23144675925925925,0.014033564814814815
807ea3b72,0.3989865952553861,0.28927247006776935,433.16551227131674,0.20180597918179619,0.2536651234567901,0.04426697530864197
e932a94c6,0.5867192719680464,0.24995719501003752,1138.0663323815534,0.2315514478939724,0.024189814814814813,0.19321759259259258
11d50c573,0.37918007897603484,0.2614870544346326,4284.099059439166,0.273848311546841,0.17958333333333334,0.02984375
a2c44393c,0.47117037526621136,0.2454838724265095,304.67114866590566,0.3484475288242638,0.1095131086142322,0.057191011235955054
f86f15c15,0.5011179938213227,0.2777265223934917,1069.430509054214,0.318191292058088,0.0715032154340836,0.15016077170418007
eddd81378,0.5511502287581699,0.35748896232773136,157.18142642493055,0.16512699346405227,0.15104166666666666,0.32438333333333336
30917edfa,0.5335780457709141,0.2031634417374523,499.042353924864,0.27854767964216165,0.026923549655850542,0.02297197640117994
ec40d007f,0.3746555555555555,0.24253759179588893,3785.662963924375,0.7297802941176471,0.17863333333333334,0.038691666666666666
ed7c0ebb1,0.5338460013218771,0.18518019827290233,192.29345344969067,0.40496217962840564,0.027247191011235954,0.032790262172284645
bd6528981,0.28928892156862746,0.2669005898377487,672.6084175299305,0.24717009803921566,0.3929,0.023166666666666665
6bf08dced,0.4664093137254902,0.2262097754625516,456.61652546604165,0.40991983660130715,0.09995833333333333,0.00025
63adeea51,0.5946817053982087,0.15004773076155914,2994.804192378258,0.044406439118857416,0.0034182098765432097,0.01589506172839506
ce5bb821a,0.3900946804647785,0.1802327086500778,746.5167592559104,0.3155845134350036,0.10701967592592593,0.0005324074074074074
d0b98e001,0.4280000980392157,0.23096084109470877,14509.662241940001,0.4277837009803922,0.1057625,0.02153125
3e158c21e,0.5768948631535947,0.13312874732604868,261.36792802446155,0.14352822031590415,0.009388020833333333,0.0002690972222222222
1cccac540,0.22514777777777778,0.16308463718121127,604.2123413910416,0.12514728758169935,0.34796666666666665,0.0
7131cab79,0.39664081699346404,0.30330915635257194,1254.6721433055554,0.23827104575163396,0.149775,0.12315
a9f6ed0cb,0.4922711283587509,0.21880374532073402,10555.534688129606,0.44357300744371825,0.030491898148148146,0.04048611111111111
f80bf9a51,0.44224965071534766,0.254407663885129,596.823730490589,0.2665370185741422,0.10143345749440007,0.054552607699678284
dc88ebe46,0.552643725490196,0.2539818122224605,1362.1170723593752,0.19318313725490194,0.052175,0.13848333333333335
65e75b92e,0.5397394698620188,0.17644870893478304,1184.5913171933942,0.16037717864923745,0.0021527777777777778,0.05592592592592593
5bd0c6dc7,0.44518899782135074,0.22614855128917152,10968.417884252696,0.3962269653231663,0.09173032407407407,0.01915509259259259
b4d54e67c,0.47533067810457513,0.23043235167167445,275.8615667019984,0.22621135167029777,0.008269675925925925,0.05690972222222222
1b91e1082,0.4980864379084967,0.16363065532555277,1135.9169177955553,0.38479885620915033,0.012408333333333334,0.0012416666666666667
b4d341b10,0.49352593197772937,0.24140848461743017,6984.956368513696,0.15286047567175018,0.05162037037037037,0.013564814814814814
c36ffffdc,0.5020654248366012,0.15754817182764883,371.10585643999997,0.24224218954248364,0.020525,0.006033333333333333
6697a7f62,0.47664003873154204,0.21367974033489748,1656.8013364739918,0.14993025296538368,0.07849537037037037,0.04225308641975309
cc3fe68d2,0.3304854466230937,0.21345570250830578,1728.6478067511111,0.2546314596949891,0.1844,0.0014666666666666667
dbaa03313,0.5543997843312953,0.2807670434837724,65.98534012616884,0.1319369443565957,0.09835629480286738,0.05096046146953405
4bce78644,0.549458713540818,0.07632847518680282,327.0725852803336,0.4557060486937157,0.0017875692520775623,0.0
9296c9064,0.45830039215686275,0.182932815286726,1622.4842370273436,0.251395931372549,0.03945,0.0369875
c66f97de2,0.6860318300653595,0.25992965177059796,387.4080210863889,0.011027941176470588,0.0779,0.188475
1db76bd72,0.5898227730545342,0.2263001564597406,745.6917872224748,0.19524910960477943,0.00746826171875,0.1224560546875
cb7bfedd5,0.36925307189542483,0.2025541932201436,176.7532983915972,0.071923954248366,0.114125,0.00365
4103336dd,0.5264008033769063,0.2005958721741592,1001.307791665461,0.09325190631808279,0.031880787037037034,0.011608796296296296
3ba7056bb,0.48075052196804646,0.217050812321008,990.0905226390695,0.2631886120188816,0.08195023148148148,7.523148148148149e-05
ad8b02fcc,0.5445025816993464,0.17685578450028874,670.63389391,0.06629058823529412,0.022966666666666666,0.00055
4891fdacd,0.40136428830791576,0.21048767908956242,371.1659462877229,0.4477626482691842,0.10185956790123457,0.0022608024691358024
0d551fb5b,0.39440239197530863,0.2515131020932286,4081.91457033256,0.2557697893972404,0.13193287037037038,0.05047453703703704
99c7658be,0.283387476171024,0.23247229018705606,226.10545134548613,0.3875989753540305,0.2522048611111111,0.0038194444444444443
0243911ea,0.3936715605782543,0.212056883131581,9083.853663142625,0.1291540294278631,0.07729885057471264,0.012889983579638753
865ee6652,0.4413049087690632,0.2718920233994568,776.1149315795711,0.11996115876906317,0.11639322916666667,0.04746961805555556
c3e1f5f86,0.38352679738562095,0.19658758859103692,70.60803910416668,0.4469866993464052,0.06695833333333333,0.004866666666666667
39c02e302,0.3495994030157995,0.18610974424092022,2268.2190901764247,0.23231259327878134,0.10480314960629922,0.004409448818897638
12c4ed873,0.5852424691358025,0.20071365407547329,954.0373777406858,0.19739206971677561,0.017955555555555554,0.014325925925925926
ab0609017,0.7058821103962418,0.12242012400354228,261.17097321954304,0.20360444750816994,0.007210286458333334,0.00021484375
f922bd640,0.6717977487291212,0.19645661471579728,581.4885347542385,0.1289468727305737,0.007847222222222222,0.08592592592592592
0a266921d,0.4137943464052287,0.1781908164427623,3809.9905928299304,0.4401177450980392,0.03174166666666667,0.01135
351f3746c,0.1960071962288752,0.12388090062419393,30.489691325933244,0.36228524146231383,0.2955242966751918,0.0
6185f59bf,0.47374400871459693,0.29528952549607257,3971.89253262911,0.11712844952795934,0.11329282407407408,0.11160300925925926
a30e92cfd,0.42776713133169936,0.223318978260341,501.4173871388329,0.22001360804738562,0.0694140625,0.06249348958333333
9f2251ffe,0.3868554248366013,0.19650735073521497,806.842211966389,0.16559996732026144,0.08293333333333333,0.018333333333333333
7390b70c5,0.4859205682272909,0.33808720518785695,1629.5926699759452,0.2121300234379466,0.20325801749271136,0.21103498542274052
4370b5ff7,0.5620898465867828,0.26933283717109935,2910.134305635797,0.11194117647058824,0.08168981481481481,0.07940972222222223
c7969bc23,0.5363439950980392,0.26231260869000017,2226.8240336746485,0.22731727941176472,0.05505625,0.06345625
04d25d8a7,0.3828738851862584,0.21096202342066997,1925.784050542829,0.3747473625465512,0.07428845101258895,0.028201970443349753
f4c27e753,0.3745085620915033,0.14709818557656934,58.07179682993056,0.2250032679738562,0.09224166666666667,0.00021666666666666666
d1db8712e,0.53447369734931,0.2471733815552331,411.5699660170985,0.263130174291939,0.04675925925925926,0.07615162037037038
ee65ac339,0.5391348366013072,0.22023903136387346,279.26940653305553,0.1381933660130719,0.038475,0.054316666666666666
ed10d7ee5,0.4117238789034132,0.34994719610044395,954.9350970266081,0.1807803195352215,0.30276041666666664,0.16866319444444444
f867cc417,0.4503495066816535,0.20696380002214618,5285.703308690008,0.46692921818408895,0.09990445859872611,0.007388535031847133
dd0d78496,0.47574666666666665,0.26819833927792913,1932.7231120549307,0.2844008823529412,0.09945,0.0975
18f9fe19c,0.5118762572386467,0.19972000106273743,655.5487116422169,0.1745634969013512,0.036178756476683935,1.2953367875647668e-05
380eaa884,0.43340085507887366,0.24592209059901543,454.2355341984249,0.20110459973463068,0.19733082706766916,0.04172932330827068
be4acc363,0.5869726890756303,0.22549274254196885,157.34871042517594,0.286140203449801,0.006578947368421052,0.10449248120300753
cb41cd1c5,0.5823743852055873,0.32668165882835226,604.3805931163382,0.11291953570725949,0.1238628762541806,0.3057190635451505
1fdf2880b,0.39540218954248363,0.23085032975666772,756.3980041832639,0.3391512091503268,0.14955833333333332,0.02435
bb8795c8d,0.5262951633986928,0.16225837520578787,730.3465796999305,0.08336176470588234,0.026091666666666666,0.0004333333333333333
d59f3a6cc,0.3021635620915033,0.3487416900674551,350.0011807733333,0.17391748366013074,0.542775,0.136975
58132cc85,0.3871698665577342,0.25239815112530917,203.71950134548612,0.3831516430646333,0.19063078703703704,0.02293402777777778
aba00e1f9,0.489750612745098,0.24663822057641466,5389.265835428421,0.23014115831517792,0.07030671296296297,0.04167824074074074
9ede28a9d,0.3256396405228758,0.26497103126335303,796.5564611641668,0.19279843137254904,0.22140833333333335,0.08403333333333333
38436063c,0.40991607843137257,0.26243772867260207,1455.8217389648437,0.307604362745098,0.181675,0.05308125
15df9cd46,0.49551081699346405,0.2590773695773954,641.9822453965971,0.29101039215686275,0.038141666666666664,0.11624166666666666
a700a780b,0.526749183006536,0.28236332607758446,91.42328163305555,0.14531071895424838,0.07961666666666667,0.142875
1d9c36e47,0.536949301016703,0.2065132379707572,1520.5476558223688,0.22621328068264343,0.01835648148148148,0.0870486111111111
069762ec2,0.4182060716178363,0.2736115053646651,2611.7134650622943,0.307659398894693,0.06453667953667953,0.07734555984555984
6f7d23e2d,0.5306336928104575,0.21319332327566815,1870.4801225260417,0.21573790849673202,0.01565,0.013191666666666668
5b2e5e410,0.4179176797385621,0.24540996583634167,658.6390813733334,0.2618583660130719,0.180775,0.034775
44175f75c,0.5130945424836602,0.1999300321879554,332.4005070655556,0.19337754901960785,0.061116666666666666,0.005233333333333334
17066185d,0.519153140885984,0.19852307135583774,366.1367918637951,0.19580443597191965,0.03304783950617284,4.6296296296296294e-05
e402f3b2f,0.47702632738488654,0.19377335518912336,242.98971662668856,0.19437280605125948,0.008249063670411986,0.0015074906367041198
586585da9,0.439900816993464,0.1948599086154457,158.31648455555555,0.2544153921568627,0.059291666666666666,0.0
9d84fc0c5,0.42718663398692813,0.107056001862545,375.9274570299305,0.28948692810457516,0.006716666666666667,0.00015833333333333332
418a25e6b,0.5687836102033407,0.274768876573674,1105.4530384636687,0.13753685548293393,0.00042824074074074075,0.012864583333333334
417c109aa,0.48177271695715324,0.19651554721593437,928.4828255449125,0.3431130855119826,0.01238425925925926,0.06340856481481481
3d51f4560,0.5195346732026145,0.24513367851318613,8422.412492224375,0.18605026143790848,0.040258333333333333,0.130475
c4a3c0456,0.4831102638586299,0.3275039570476601,3037.976755955587,0.26087139917695473,0.23309413580246913,0.16584104938271604
b1ed265ef,0.509301797385621,0.2567324819724411,466.18237779104163,0.23075535947712417,0.06725833333333334,0.03755
530c897a2,0.5258252541757443,0.2851449819716352,333.07806051710253,0.26764179375453884,0.08084490740740741,0.048894675925925925
1fecd2bab,0.2752839279230211,0.20994732605592506,3446.024881944143,0.28881236383442266,0.26219907407407406,0.005885416666666666
f2eb9530d,0.5106367630664306,0.20361424745938117,616.3524239930201,0.17215902682143092,0.0425,0.07591973244147157
3fed382c0,0.5283953594771241,0.2523118936302908,2672.7639549930554,0.24805679738562092,0.10019166666666666,0.01395
a5acfe9ed,0.48063022875816996,0.2991880780613677,1735.6292880443752,0.245709477124183,0.06899166666666667,0.166525
3b178aa59,0.49750785427807487,0.3147681885934058,2260.0099909599367,0.09490184937611408,0.07850852272727273,0.18723011363636363
ae5059b40,0.6372698832341925,0.24751456048170112,180.10598850935978,0.09528284497319527,0.03663857677902622,0.1319943820224719
b11ae7451,0.5533489933985289,0.2571156811175709,406.81657432881843,0.11650986944485396,0.016365914786967417,0.08218045112781955
bd54c995a,0.44113529411764707,0.2569434091698545,1170.4897361649305,0.1363496405228758,0.130975,0.023291666666666665
e27ac6865,0.44074220588235297,0.16257476733593806,180.00218928589845,0.20719700980392156,0.0063125,0.000475
f83695eb0,0.5324496405228758,0.2650253510433083,563.3357182249305,0.19826565359477125,0.11345,0.051866666666666665
fa7c7d1be,0.4900964354877753,0.19508146427280454,472.29043600442003,0.27057949043815055,0.06328703703703703,9.259259259259259e-05
8a38740d1,0.6673132679738563,0.17743128754280807,100.97979111659723,0.06773506535947713,0.012141666666666667,0.004308333333333333
7611934a0,0.5155469430827887,0.3328905336547656,532.3087361321343,0.09308375885076253,0.23276041666666666,0.0867578125
3de1de812,0.4179656176836406,0.2278615918956536,115.31700483416896,0.2769861743671349,0.04762709888059701,0.03347131529850746
0a4203544,0.45493606269668363,0.21896850103722235,600.911680680346,0.24660511982570807,0.08212962962962964,0.0027391975308641977
ed0185e39,0.3689157843137255,0.20609254389994364,2243.608014944167,0.36709140522875816,0.14999166666666666,0.003183333333333333
a73b9eafd,0.2801241462877286,0.1686406637540433,572.0494793690998,0.16652181097157964,0.11293071161048689,0.0008988764044943821
ed5631a9c,0.5992183333333334,0.2623666690785213,267.26746441666666,0.07681196078431374,0.001425,0.16660833333333333
0adca3f66,0.40662160130718955,0.2840578257326995,525.6260270399306,0.28512754901960785,0.15921666666666667,0.08283333333333333
b25c2d2d1,0.51211421313317,0.271145601729079,749.2971195799087,0.13975451899509803,0.07908854166666666,0.06142252604166667
06daf9c05,0.5431012297967315,0.21562690735711773,2797.060865927314,0.2836514177863659,0.047574484339190225,0.006875477463712758
cf66d011e,0.30349261058590105,0.1528499770410838,321.14883961403393,0.3300226983154373,0.08585069444444444,0.01197296626984127
70337537c,0.3762969728242174,0.22558434359458743,160.62646489496768,0.23879129686962505,0.1916578947368421,0.0002105263157894737
72c626d6c,0.4807883895131086,0.1595730916720683,273.5666820300993,0.13467283542630537,0.030870786516853932,0.0014232209737827714
7b052d37d,0.502969605186248,0.2653296867970449,1777.3979108509411,0.28664759020139224,0.15657181571815718,0.03930216802168022
231fe619a,0.44116380349402573,0.331263601097119,1677.7644564757993,0.3335362342570988,0.28727673393644165,0.13437717466945023
6704c5fd7,0.48517178116199067,0.26191943781108273,489.7415108560167,0.17075748015713377,0.16732874784850885,0.006609904385442503
8867faa98,0.3970430283224401,0.25809002913840073,1040.1758697808161,0.2262718318809005,0.1425752314814815,0.060127314814814814
10516f3c6,0.39742412839809554,0.3072397860562713,244.37515423361668,0.4667776839195208,0.16130548302872064,0.11961488250652741
5a828ec3e,0.3827097058823529,0.2146106509267695,257.00779782993055,0.21124660130718953,0.058991666666666664,0.027083333333333334
3e65ffa3c,0.4261693559368192,0.2536132905153287,1070.9708317391667,0.4102476851851852,0.11355902777777778,0.030655381944444445
eddac3328,0.42790277777777774,0.21512324023604878,1333.878662901042,0.16904261437908497,0.07991666666666666,0.020458333333333332
9b344389b,0.37286297385620915,0.26883958845631817,81.63814216,0.40707000000000004,0.31788333333333335,0.018008333333333335
97f0e7ec2,0.7206097605093699,0.25209924560733943,166.9855661088493,0.08538119528254105,0.0,0.3264760147601476
0d47275d4,0.5645780637254902,0.30955276227490774,1509.0852972110938,0.3001895098039216,0.06541875,0.24360625
f4614847a,0.5062372231299928,0.29104624914065663,926.2272595666955,0.11780251452432824,0.15464699074074073,0.0006365740740740741
1a676ca88,0.37493721033868094,0.1799783727380959,896.091263776343,0.5025214349376115,0.07214772727272727,0.0
db05d2fb1,0.28913098039215684,0.3239971864950314,2475.9793629843753,0.2539155882352941,0.490375,0.051225
7ef23b94f,0.5277098538489471,0.2290610353085051,427.9733262597522,0.37186766975308644,0.03113425925925926,0.004207175925925926
46b9595d0,0.5505465359477124,0.16136776938095423,1516.0134769982637,0.14873039215686276,0.002341666666666667,0.011791666666666667
b3db0fa59,0.6344089635854342,0.19329934251721637,414.38819859013716,0.17629422821760282,0.02974624060150376,0.019144736842105263
2405c5660,0.5842275553740015,0.27055039762324595,348.998889505637,0.19881190994916484,0.052627314814814814,0.027395833333333335
3df923a0e,0.457739927047084,0.18013217283114633,727.5686098372308,0.21260121867706455,0.021899501069137562,0.014638275124732716
8f1bdc253,0.4315167599173345,0.21048289928421418,41.268738049865846,0.15892945712989565,0.13476863753213367,0.0
dbabe4e51,0.4759217149546386,0.1884847591830922,1543.7671671084872,0.30287825577992394,0.05622201492537313,0.004207089552238806
4866e37fe,0.5488712745098039,0.23550468500493846,67.23613889993057,0.18275823529411764,0.04140833333333333,0.06905833333333333
21d8f0d2f,0.503379248366013,0.22713825668996926,106.72249973305556,0.33448532679738563,0.014975,0.061483333333333334
12890e9dc,0.3832661611519608,0.29677650178960324,3700.41453125,0.19653086703431372,0.28013671875,0.04361328125
43ad546c7,0.89339594253543,0.14190502425438692,1365.0230894999402,0.10448919303695076,0.001716171617161716,0.7278052805280528
d5ee02201,0.38475619834710745,0.1970657905412554,521.5553599556682,0.19358499432830983,0.12294421487603306,0.009390495867768595
9d513f46a,0.506426862745098,0.18953240805357996,3582.1062097500007,0.21431114379084967,0.025158333333333335,0.0011333333333333334
de34278bc,0.34711952726295997,0.19167493781091494,416.12632364626336,0.25684511818426,0.1648972602739726,0.0005736301369863014
5ca64db1a,0.37081998641040576,0.18098068126628258,505.376562690161,0.2506483166699023,0.09425020627062707,5.156765676567657e-06
ffebad2e7,0.44021392156862743,0.18244491830204015,483.4699902122222,0.19106624183006535,0.07859166666666667,0.0
5634cfd98,0.5108479738562092,0.2860236667103346,2244.7249340788885,0.28237055555555557,0.057041666666666664,0.170275
503a567ed,0.7488216007714562,0.28311646047760486,849.5200869956833,0.20224999999999999,0.01826844262295082,0.5592008196721312
186920165,0.605366274509804,0.20676933257481425,812.8096408611112,0.13937912854030501,0.0275,0.01611111111111111
2cb3529bc,0.5940445715323166,0.265954243533523,892.293975657974,0.17509345497458242,0.1071238425925926,0.011446759259259259
eaf610cd0,0.38694299201161947,0.23712843233915196,14031.17161075316,0.11147237584492486,0.23351851851851851,0.009066951566951567
9c5f43178,0.43536290849673204,0.2292420717786789,709.0054580577083,0.23312993464052287,0.07590833333333333,0.032633333333333334
6f863a03a,0.6133568748487049,0.20960351934506521,386.8351884639703,0.22708490680222707,0.015285493827160494,0.019282407407407408
52f3d0bf9,0.4926831699346405,0.23517928477119682,559.8266125863888,0.30633232026143786,0.002525,0.10551666666666666
359dd0b52,0.6052711207939966,0.24683954035074207,1622.4363651572146,0.27132419511014283,0.031635802469135804,0.07516975308641975
d93b38122,0.4658746405228758,0.254124962357354,255.26947757993054,0.18448937908496732,0.06766666666666667,0.068925
bdb0f50e0,0.3652380074745303,0.17651548921558166,241.44303795679124,0.3344156043618492,0.1174934725848564,1.3054830287206266e-05
44c117982,0.5591123680241328,0.31111917069510053,579.6913418193727,0.2219606531575841,0.09383779264214047,0.2292056856187291
62da2d031,0.4342886483297022,0.2872123140548646,4531.8918651233225,0.2043437726942629,0.22224537037037037,0.04765625
2d88536fc,0.5511696793300653,0.18137976329809324,255.76342566663953,0.30818555964052285,0.010455729166666667,0.0008984375
56ddc4f47,0.6768468954248366,0.16547953960043946,272.07932852604165,0.19434084967320261,0.002608333333333333,0.07118333333333333
119f813b2,0.4528038344226579,0.2312453782966175,1182.9115140617284,0.2538403921568627,0.039766666666666665,0.03278888888888889
2831adaff,0.4208969440619057,0.30944002377054725,2370.846443073833,0.13158748114630467,0.23669732441471572,0.100376254180602
60f513e5a,0.43121797839506176,0.2690507052151089,454.86197956519527,0.28844092683369643,0.12550347222222222,0.045167824074074076
95eb301ed,0.4630137849227868,0.23663170111352666,177.68678293373404,0.12274555237926833,0.04576340180360722,9.70691382765531e-05
c763886a6,0.527820522875817,0.24286176686993213,5100.133377573333,0.27141797385620914,0.019008333333333332,0.1169
1d20ba693,0.3050852098651961,0.3276682473565053,899.750607279078,0.37827419066584966,0.476376953125,0.12741861979166666
58d1adc55,0.49803409110946534,0.152094032208056,98.24449190445304,0.2628536288616166,0.01147425809352518,2.529226618705036e-05
628f11673,0.5878583877995643,0.3295653556569033,156.23757750100972,0.22637147671568628,0.09197482638888889,0.3221875
158a55025,0.4429023202614379,0.2455053129465672,146.3266399375,0.3099311111111111,0.13125,0.04035
eb1f799df,0.4894557516339869,0.20741004430185953,970.4093550027084,0.307797385620915,7.5e-05,0.03295
4da0a8ee1,0.289528954248366,0.22417029706490488,927.6047383775001,0.4171568954248366,0.27285,0.01285
b1d1e399c,0.3930708968772694,0.28983067784017774,1230.4551707534602,0.3472869916485113,0.1725925925925926,0.12519097222222222
52a539ef3,0.5412003293504902,0.22090421989967723,323.464843617079,0.18035216247957514,0.010074869791666666,0.08049153645833333
adc3a477a,0.5067993940791613,0.21220292570561186,3238.739362168763,0.46182362867371846,0.008158138472664526,0.04491416826319195
130797334,0.23703812636165578,0.12106993010336091,99.94230423506171,0.49962270152505445,0.21888888888888888,0.0
e8f6ede8c,0.3152107162309368,0.28781930062003847,460.85198871497636,0.2519327795933188,0.3671585648148148,0.06872106481481481
63697128e,0.3987422021116139,0.16790550514090985,80.06602579289941,0.10980920060331825,0.04771538461538462,0.00045384615384615385
c148399c0,0.31836677493083126,0.21118179153156882,963.2805535094943,0.21794144713099964,0.1708819018404908,0.0025766871165644172
514e33268,0.5089047947303922,0.3006325746938586,71.8331490641276,0.116476664624183,0.155419921875,0.058095703125
54bbc1b84,0.554279162127814,0.2153210629543553,190.0926146556713,0.18685439360929557,0.030422453703703705,0.06568287037037036
cbf20c4b0,0.6873933483115469,0.17222380656190053,6651.312967738607,0.08961761301742918,0.006163194444444444,0.07012152777777778
4d09e065d,0.48136766884531595,0.19510121141731832,677.7702887066666,0.21930496732026145,0.036866666666666666,2.2222222222222223e-05
2ad6c7675,0.5949436303417797,0.19191375348284814,1211.7674767592785,0.4613744325221905,0.008779620180512019,0.042157314142630985
0fe8ffc8e,0.40416261437908496,0.25213253285836723,163.06209846326385,0.16153709150326798,0.24536666666666668,0.0
9ba11975b,0.5001807189542483,0.30919543518948983,674.0101102933334,0.2550564705882353,0.14871666666666666,0.16115833333333332
7a23bdbdc,0.5697145751633987,0.15207457940830488,502.3496470122222,0.34898411764705883,0.00014166666666666668,0.04176666666666667
72c9986ac,0.4841905107722101,0.22617941673983358,675.1554958585176,0.3350265976761075,0.041743827160493824,0.06299382716049383
4a78b3e0b,0.31922816993464054,0.21915819138689693,81.62979639888889,0.23861117647058824,0.3174416666666667,5e-05
3219ad064,0.4872523488562091,0.20387850513750216,468.47659606473945,0.3067407407407407,0.04869791666666667,0.036779513888888886
6709f43e8,0.4471411885741951,0.183507604848172,3095.2896739969137,0.10703628056160737,0.06962191358024691,0.012469135802469136
56d7f894f,0.5932831063459867,0.2071159818134806,5076.160286928662,0.10223386672676733,0.010290093048713738,0.13832785987958401
dc2354851,0.544405271687219,0.2439629758464369,765.7630665809176,0.1115412601822338,0.010933223864258348,0.10214833059660645
37a11cc19,0.2526948274101307,0.13259134145921472,153.30155898360147,0.3175118974673203,0.11483723958333333,0.0
22bc76cf6,0.60405245243498,0.2962686185867536,2235.793820585723,0.2712343049979636,0.03700296735905045,0.28968100890207715
a6830bac1,0.317527528140886,0.22612632132380178,485.17617990397804,0.35068899782135077,0.22410300925925927,0.016342592592592593
afa694eb4,0.341531366034786,0.24887413275925005,1068.352705696129,0.2976441925607452,0.24416943521594683,0.01745847176079734
b52b8d946,0.6296711473651961,0.30680922556848705,506.9584719467163,0.22169966873468136,0.08916748046875,0.2209814453125
86ea9dda0,0.556044838150208,0.2557112584958601,1126.3089117914292,0.19885172216396607,0.06755505549500135,0.0636346588844743
e48598033,0.409097145629085,0.20505210229261853,797.7040147237142,0.07294596354166667,0.04263671875,0.00012369791666666668
46152db3e,0.3668610600490196,0.25079528496268594,4499.709770542777,0.21637854030501089,0.20526475694444443,0.02359809027777778
e748f52b7,0.6144798254199291,0.2105696419099992,4636.466656245795,0.48236778926587703,0.013545221843003413,0.10190379692832764
f836696de,0.6827637981118373,0.2356022767855418,481.1511255979939,0.1379783950617284,0.002932098765432099,0.2083641975308642
8aeff9ad9,0.6772433006535948,0.1552270663615237,19.245271546597223,0.08100611111111111,5e-05,0.06475833333333333
eb102e06d,0.3584614085334509,0.24162470693338212,1323.8201778772848,0.3466825659102592,0.1772752808988764,0.023323970037453182
703c9a23b,0.4193703267973856,0.14056707974821492,202.04864081104168,0.2164501633986928,0.035958333333333335,0.0
14e52bdaf,0.5571223901597676,0.21122105610394612,6269.266772858763,0.0963891158315178,0.003969907407407407,0.05759837962962963
083687ba1,0.4942160130718954,0.2019684072738556,315.2349457899306,0.1478181045751634,0.0034833333333333335,0.08158333333333333
022606901,0.5198561440648937,0.33088166707928207,812.3388466680614,0.15763935133801948,0.15400943396226416,0.2926450034940601
271ca0b0e,0.4474370588235294,0.29520237568529095,331.745418624375,0.11683692810457516,0.1093,0.17374166666666666
cfa67dca2,0.48212,0.2642676873165369,787.4738577065972,0.21293967320261437,0.125975,0.03975
5b9bed882,0.41853944444444446,0.2845179910950659,308.8961039427083,0.1803069607843137,0.167375,0.10691666666666666
4c26cf05d,0.457776861754803,0.2748949359666391,206.34273325581415,0.3967958506634977,0.05625631313131313,0.16438762626262626
4a8dc3644,0.35500349673202614,0.14307858926463518,457.88264918999994,0.6067405882352941,0.008558333333333333,5e-05
16002dd9b,0.3788671241830065,0.1997174661967066,116.3851161997222,0.2824176797385621,0.10828333333333333,2.5e-05
17cbebba6,0.5670736532880299,0.2225362675851807,2866.520573746481,0.3432624053231401,0.013357400722021661,0.03753610108303249
bf7ee1354,0.4894585294117647,0.33402358067342464,3050.684566057708,0.1785633660130719,0.175625,0.1943
a119ce67e,0.25364444444444445,0.16759839325250422,155.31331784993057,0.12537366013071896,0.2957666666666667,0.006958333333333334
99f5b19b5,0.41625857697764757,0.23370501972283472,145.96555841116492,0.19776783429860675,0.08530545670225385,0.04171115065243179
09dd22091,0.4419436544762095,0.22434095055712397,931.4233105961443,0.2731311638310965,0.05708757421543681,0.03839058524173028
bc681e945,0.3719798039215686,0.19979566191542544,1179.025670123264,0.3950830065359477,0.079575,0.048666666666666664
80bbb481b,0.4916636928104575,0.18732253720903363,403.4429453108333,0.5033592156862745,0.006783333333333333,0.019383333333333332
f7b67fd7f,0.5118925490196079,0.27271154050120905,707.9151353055555,0.2285461111111111,0.0815,0.0709
559e15485,0.42257532679738563,0.22037440328668864,410.75543889993054,0.2219750980392157,0.09990833333333334,8.333333333333334e-06
cf1b1b824,0.4902910614863229,0.21458926060654568,4401.32712768609,0.21437188332122972,0.028919753086419753,0.05935956790123457
de19fca23,0.3942262443438914,0.2646511370448235,1072.986912293976,0.38386261394189786,0.09347826086956522,0.10478260869565217
0cba1503b,0.5294921587775735,0.2034930508370915,538.4651108736932,0.2171822820925245,0.00815185546875,0.02133056640625
6c4520bd5,0.4348679133755976,0.2705471641265904,519.2693129674487,0.21429665306935494,0.07891177120141343,0.13462897526501766
d404012af,0.5458232072171592,0.26359880088145043,780.6360696694657,0.21616059099696217,0.07300469483568076,0.09705105633802817
bbf6ed419,0.5338150275735294,0.3356924134291245,152.2131549417913,0.23872639973958334,0.10531005859375,0.28765380859375
07eb56db1,0.38111144396030017,0.20393703940792265,2834.8726275710637,0.5051446986201888,0.08196759259259259,0.020925925925925924
c42e5a129,0.4679615842864924,0.22141752212006302,323.70072915581596,0.3349059946895425,0.07607204861111111,0.008493923611111112
9922b4f91,0.4808771568627451,0.1943286014696194,283.44007944,0.28352052287581697,0.041716666666666666,0.026483333333333334
7ecaa8636,0.4994613071895425,0.35326860876422606,1448.0238410308332,0.19748323529411763,0.12815,0.29980833333333334
89bec6af3,0.49236362506167514,0.29850776422928443,1779.2115971806766,0.3838239761924187,0.1254210422032891,0.07711511789181692
0fa25b7e5,0.5153747730573711,0.18480185167277297,604.8578921520008,0.3365436864560639,0.010601851851851852,0.044751157407407406
8a6701090,0.45152614379084965,0.24280790780160075,3431.251174903516,0.20436383442265796,0.06735532407407407,0.03007523148148148
ca9841ab1,0.6258529411764706,0.21297969753828935,342.57318568638885,0.10267660130718953,0.0010416666666666667,0.15803333333333333
34b96cf6a,0.558693491285403,0.2014505813921594,409.88224809908564,0.4574850444807553,0.03166666666666667,0.000462962962962963
4b7262ad7,0.4718520558725162,0.2520536153655756,184.36904634623772,0.6432379172404747,0.15979933110367894,0.0030351170568561872
ac59f3533,0.4745109235052046,0.30412584146279814,2054.5274767374804,0.10217610748002906,0.21902006172839505,0.12006172839506173
18734d13e,0.5219732562295752,0.2703364718331071,394.3692178542985,0.06678833486519609,0.12273763020833334,0.064208984375
99ab7c701,0.41664568627450976,0.1844843833645769,2754.446271831597,0.47430751633986923,0.023525,0.014858333333333333
3a050484c,0.43028228758169934,0.22252397625008233,372.43949777604166,0.1614977450980392,0.023791666666666666,0.031191666666666666
ab48d21e0,0.48717028569240195,0.204766136318294,1233.4988301454484,0.34253461052389705,0.01369384765625,0.07914306640625
882021db6,0.34974965958605664,0.2894400687744646,712.3656859371986,0.3056478304284677,0.17332175925925927,0.0754224537037037
3af1dedf7,0.4491407516339869,0.21674279722576528,2047.677466149375,0.20596114379084968,0.04731666666666667,0.06864166666666667
9ae0545c1,0.4424480301379811,0.19369772411905412,2305.6344830246912,0.23940291394335514,0.01207175925925926,0.012083333333333333
56a0c2ccd,0.4990617296514915,0.14627238167944354,5604.229630155391,0.17986385326910465,0.011209630911188005,0.002112168396770473
793e89809,0.3732492105456415,0.14391591274695592,272.1885204856289,0.21268609091576707,0.033127340823970036,9.363295880149813e-06
161de24f6,0.52219454248366,0.16043759764348464,363.1066278077083,0.3746522549019608,0.007358333333333333,0.0015583333333333332
f1fb9506a,0.47494675060659713,0.2367587031585237,1230.969348341671,0.2226021378451046,0.05881270903010034,0.03367056856187291
b16852e32,0.46417513015893663,0.1861160541442364,267.65948082949143,0.157764373484791,0.03302929795467109,0.0
72a2dc93b,0.5057689472273285,0.27342843159709074,1634.0652484809816,0.16231150428921567,0.122919921875,0.0307568359375
ab4f161ae,0.49230485983455885,0.12435296038914756,64.6221702358663,0.39685896331188725,0.00150390625,0.01286376953125
8910ea0f4,0.4033713071895425,0.20490033127787077,116.73580069993056,0.3217362091503268,0.09260833333333333,0.0036
52363327c,0.518410343319484,0.257827319485945,452.06593141255314,0.16174185436256286,0.07459107806691449,0.05946096654275093
c58ad77c4,0.47433714596949894,0.18478033497428553,526.2471161398796,0.19483466473008956,0.014699074074074074,0.015162037037037036
19470706b,0.5815326191023283,0.3518320346403722,238.53147911367415,0.11949702244178921,0.22982177734375,0.23863525390625
cb423070b,0.4112575163398693,0.1270233785924604,101.36112194416665,0.32590222222222226,0.015633333333333332,0.0
f9db446f8,0.3462358940972222,0.24253250458821218,160.54837882419162,0.2649304279003268,0.089619140625,0.049091796875
b129e668c,0.4580715197956577,0.33536231977308856,1307.0330511446994,0.5119932494070426,0.23832785987958402,0.20337985769020253
f205876aa,0.3615965359477124,0.3382244079563598,152.30718277083332,0.2405878431372549,0.265,0.20505833333333334
0b6064845,0.35134999081599855,0.15710703524702996,329.8211731039849,0.25291491596638654,0.00822233606557377,3.659250585480094e-05
06abc52ac,0.4473158823529412,0.2218861200269871,165.24761864,0.17243937908496734,0.08818333333333334,0.0012166666666666667
2b47d7f0d,0.6545826950571896,0.22033053800427085,302.9717954385969,0.07548923866421568,0.015309244791666666,0.12533528645833333
078bf7e5a,0.43141984953703705,0.18938529540462065,385.8361484664164,0.2715747889433551,0.0155859375,0.0005598958333333334
aaf465c30,0.4311554575163399,0.18106248262322588,896.0394684530556,0.14052934640522877,0.042275,0.01045
d2fae31e8,0.2646182439765574,0.1564946900001769,35.43677175899843,0.11550409401152835,0.06070110701107011,0.0
e909c484a,0.4484325816993464,0.1797139956195096,543.0140320815972,0.30936578431372547,0.047066666666666666,0.00010833333333333333
0690278af,0.48225526143790853,0.29480598592733265,431.93251323305554,0.21159088235294118,0.160275,0.08964166666666666
f5bbf322d,0.5026077450980392,0.2873642364791931,4337.323547054931,0.5278921568627452,0.08055833333333333,0.18628333333333333
b054e635f,0.5539992510893246,0.19378750582505344,1197.9476231323054,0.16091940699891066,0.031610243055555556,0.0004730902777777778
27ab49f1a,0.4841445751633987,0.14577040329126276,756.0325386655555,0.09415591503267974,0.01885,0.00345
00156db4a,0.3940843431005361,0.2155215766122427,275.0500626070467,0.3099578468091357,0.1391947565543071,0.007668539325842697
f52510492,0.4264680464778504,0.2902368240288124,468.2904461912723,0.315427559912854,0.16921296296296295,0.10080439814814815
70f92bae8,0.48966733793361467,0.24017003047569196,1762.782944390445,0.3039354719654701,0.05595208794814997,0.07253612742167997
41c61ed91,0.46136117122434256,0.27893935443359097,8625.82075167217,0.3691436815528887,0.1780267558528428,0.06823578595317725
68e6d1bd7,0.48595754187091506,0.19618194202428796,334.28658630768456,0.16604461550245098,0.050823567708333336,0.013541666666666667
6083e589b,0.496647908496732,0.1136248943496272,462.12161745305553,0.13845398692810457,0.00040833333333333336,0.00011666666666666667
487531377,0.38959313725490197,0.2972029894166149,815.9160943238811,0.14440781590413942,0.19890625,0.07953703703703703
550405709,0.40028667462692846,0.3011395251731493,10046.23060977804,0.37922503169201155,0.19947688455691676,0.10980953232585174
7c6cc4bba,0.5536017320261438,0.21376568318133712,3152.5191647277084,0.17978045751633986,0.0030583333333333335,0.03406666666666667
f246cb734,0.48051071895424835,0.23494637929177112,171.70312566222225,0.324417091503268,0.0488,0.048258333333333334
f8e0a06ca,0.5789184987622303,0.17393677936310797,615.0317626795659,0.11683436726393964,0.030658191382765532,0.004483967935871743
5ead05034,0.5042088005770871,0.23575667487016405,6293.92358869245,0.24499340940389533,0.06032608695652174,0.059732441471571904
87a37261b,0.532007110869039,0.33979895378285313,292.5971538027739,0.1009440813362382,0.06905092592592593,0.27314043209876543
f0f9efd52,0.4614512395459976,0.23358301349368754,63.28706569970031,0.4576953976034858,0.12387432795698924,0.006098790322580645
a04a67a2e,0.43890559267508045,0.2215709858813756,233.63653432734503,0.38607069813820105,0.05551224944320713,0.012676317743132888
e72120027,0.30313550635506353,0.16284646242366074,17.053688485910456,0.23628280032800328,0.1611008610086101,0.0
3b2f6d5b2,0.45213296568627453,0.21342201680000214,5771.405406957538,0.23434885620915033,0.07078993055555556,0.012747395833333333
ca3dbbaa3,0.42673297783829933,0.2439134739556089,741.0786480917316,0.19123387452106536,0.030187715264748113,0.08847546312201052
a243c61c6,0.521730536978215,0.1705864026876513,166.56156017083433,0.18988391209753439,0.037147793726741096,4.746715273031062e-05
598f1fdae,0.4331008731617647,0.36715751029635335,1547.0756051021576,0.20864432061887256,0.32392822265625,0.19945556640625
50d1c2157,0.44881773420479304,0.23206484718293757,657.315175494321,0.19022222222222224,0.0404,0.028133333333333333
5fe2e44a2,0.41407957898878617,0.2657912889974227,850.5112050869117,0.3266992261787658,0.16658026755852842,0.05510033444816054
547c7bf41,0.37412059731299924,0.28295398497712027,621.5465689802759,0.23737300290486565,0.18702546296296296,0.03616898148148148
56b5845d7,0.5135700798838054,0.17697628428575815,2436.0187057154694,0.3946285856935367,0.016556712962962964,9.259259259259259e-05
e42a8863f,0.6146699346405229,0.1896299922921559,188.72417304312413,0.3762744795449044,0.016203703703703703,0.0
9ad6f6fae,0.3854097385620915,0.20404294737554188,382.91894508638893,0.2626553267973856,0.106725,0.0005833333333333334
6bf6880bd,0.4925103315631808,0.23088794060233017,619.7248745206857,0.12126133578431372,0.10391493055555556,0.0025868055555555557
8b636912d,0.39980630718954246,0.16350965549521218,309.00344147159717,0.4971043464052287,0.027408333333333333,0.021725
e2cf62da9,0.7769350326797386,0.22263106109958958,1182.654266398889,0.0633093137254902,0.003416666666666667,0.4452333333333333
a76fa694e,0.4112279286073404,0.27865044353321117,956.110830863741,0.24879841628959276,0.23448717948717948,0.04205769230769231
faf13c5cd,0.40122379569111594,0.27244880350377143,5168.68778233501,0.35082670660856935,0.1789969135802469,0.0675462962962963
9d4e91ab0,0.4928473078120137,0.2011373840345041,881.7868730505795,0.22655676937441643,0.02434920634920635,0.0054285714285714284
c026becc2,0.3928596400437007,0.196062915674571,480.20273813241204,0.11635529871772757,0.09472140762463344,0.0012390029325513197
f2ff942f1,0.4820747385620915,0.16304856935882386,163.73389666555556,0.19758676470588235,0.0151,0.0
d21ed8b84,0.4807777948251114,0.18505359824383896,291.5131531511292,0.30420276780508765,0.02792905581637976,0.011695357329160145
02a13b2cb,0.48503553000147426,0.2957697076608169,583.8441121710526,0.32019758956214067,0.16256578947368422,0.10909774436090225
f57efd0b9,0.45672297113289756,0.2554349837454529,4303.071708574326,0.2285644063180828,0.09858796296296296,0.04704861111111111
e7b44276b,0.43058156862745095,0.18229568831581885,1995.7323090883951,0.2823718954248366,0.06742222222222222,0.007933333333333334
7adb5f44c,0.4307566569837811,0.19273274942633709,396.91825424644674,0.2331247579278625,0.06262345679012346,7.71604938271605e-06
146005aa0,0.7503789941902687,0.3001057953566292,3167.597371274803,0.2115553740014524,0.09037037037037036,0.5812345679012346
5a3599411,0.6224946078431371,0.2448971624929936,604.7629739965972,0.24501477124183005,0.037275,0.22469166666666668
1caf9686d,0.6972475581993097,0.21908979974205284,328.97854658283535,0.16196060071968862,0.004054307116104869,0.2840449438202247
80fcb8392,0.5122388556985294,0.26420213420954636,419.2993880560339,0.0748403990502451,0.07038818359375,0.07308349609375
be0e2dfbc,0.42285773420479306,0.21692605723376215,759.2445549155557,0.42753847494553376,0.0656888888888889,0.036722222222222226
9baf0d577,0.308010866651348,0.2245782932172147,1479.089043691343,0.29086249617034315,0.21380615234375,0.03323974609375
070014779,0.4606368627450981,0.19896423594592075,85.22989341222221,0.242341045751634,0.08095833333333333,0.0
af2ec000a,0.48150159310428503,0.24340065749312662,517.5769246998916,0.23725595699673466,0.0661487758945386,0.0428605057842346
37e15671b,0.4143361774744027,0.24354562416497058,1356.9738268354902,0.2890628387873921,0.10924914675767917,0.04372013651877133
0ecc1200a,0.4442612418300653,0.17872579677455935,218.6938112997222,0.1996772549019608,0.01721666666666667,0.00325
2b4c0f3b6,0.38813966516839293,0.20723559236890227,1810.6903999866863,0.41334759950491823,0.05498338870431894,0.03503322259136213
ae6a2116c,0.5384176345697514,0.19806298228620597,519.5737065362604,0.20570150241345841,0.03736171639289306,0.021935411777852274
d2161e0a2,0.4984407679738562,0.19667821488096424,3725.604398815232,0.17662745098039215,0.04154513888888889,0.03472800925925926
fad982f0a,0.49700366134107965,0.2312535435124251,709.1644245493612,0.21715804284676835,0.0066743827160493825,0.043479938271604936
8a45e8492,0.5121593439845074,0.20345870052599652,386.65652091811455,0.23928976034858387,0.012391975308641976,0.01459104938271605
9976d9007,0.4846230392156863,0.1575023298551304,162.51474084659722,0.3369538562091503,0.0030833333333333333,0.0003333333333333333
b1b2aae50,0.7040183006535947,0.24031101344766823,169.0587777322222,0.124971045751634,0.009225,0.2841916666666667
a25c1fe02,0.4145780682643428,0.2714330274822367,391.4262410481771,0.2474332334785766,0.16949652777777777,0.0575
a4221001f,0.45550042362624066,0.2073272240577821,309.38585042718097,0.29201994069232634,0.03135030864197531,8.487654320987654e-05
3ee76f8a2,0.42847192810457513,0.2278574398630303,292.4105727863889,0.18320062091503267,0.056416666666666664,0.013716666666666667
a9fdc3e4a,0.5252137581699347,0.32944855939676815,68.96556951659723,0.26522718954248364,0.18944166666666667,0.19324166666666667
b39ead375,0.544214935016152,0.29777898488004473,3049.402408172852,0.17402014445624994,0.10487137383689107,0.09551176792556103
4d3526802,0.5157691176470589,0.18045767155309966,1265.3192423999308,0.10338316993464053,0.034175,0.005233333333333334
064425a21,0.47142834861217214,0.28545455391067187,2121.260204671688,0.23171087980646804,0.09612824675324676,0.12051948051948053
48f8d1d90,0.5810377197049991,0.2731343089037414,1194.850936898367,0.21663412493375728,0.05025337837837838,0.20099943693693695
04372b78d,0.5255551307189542,0.30962095658225997,652.9690909010417,0.2871381045751634,0.024525,0.24819166666666667
356d41ee2,0.49143004421182024,0.21114493773331325,1019.2976249422042,0.1468670324550447,0.034618301314459046,0.03672901921132457
dba5f0e5c,0.6914525960196812,0.14851742216694921,635.1063763847684,0.14457391495924213,0.0029307116104868914,0.0012265917602996255
1e140177f,0.5477935719209559,0.2886318487671073,2722.7503769009054,0.3072204350490196,0.0410302734375,0.16588134765625
1c2d419ac,0.5535458823529412,0.24217610960086933,918.9640898215972,0.17048176470588236,0.04840833333333333,0.10525833333333333
933da53ee,0.49915496049165936,0.16507647900574446,645.4068283495072,0.37274978050921864,0.022929104477611942,0.0006623134328358209
0ab8ae91b,0.4510710411067981,0.18467170086603343,3233.1175160787043,0.2015121429282373,0.07136421319796954,0.024720812182741116
414d8422f,0.4604685382464447,0.17108809493792726,5912.782282170984,0.5718926586382584,0.02066929133858268,0.01963582677165354
adbce8472,0.4136023672692107,0.14815315058104023,395.59718386237597,0.2039413124159476,0.003698651328279916,0.008128594934394644
f95680d84,0.27320728291316526,0.1877777510952598,1394.5656545904951,0.46556744236156,0.181996336996337,1.8315018315018315e-05
2868f9f3f,0.7055669398907104,0.2937667215970801,1445.3127919137164,0.10533811475409836,0.04930327868852459,0.4235245901639344
e3f51f5e0,0.32642918300653595,0.243889507571454,140.91776441083334,0.5734871895424837,0.3122666666666667,2.5e-05
db3fce97e,0.5898029738562092,0.21932672021508576,142.37115728993055,0.3018949019607843,0.019475,0.030241666666666667
007ffeccd,0.37293341351410453,0.19786408983870465,55.97966502812289,0.12007336540564181,0.10099442379182157,0.0
a85630773,0.45398993464052284,0.28039918806702846,765.4234922665973,0.3667332026143791,0.012316666666666667,0.21579166666666666
2def0a43e,0.446510832728153,0.3202631325357697,517.7451842191906,0.2796940813362382,0.2883256172839506,0.06882716049382716
8b8c51377,0.4279005829974266,0.24151737406611531,100.55840529055352,0.3694092027054724,0.13153310104529617,0.03828397212543554
243f7f43e,0.5835963071895425,0.22911576370295256,598.5935242360417,0.10913859477124183,0.011825,0.007358333333333333
e59c8fc76,0.4200146005667892,0.3123799966820417,2703.31768241238,0.2475314989276961,0.2481005859375,0.097890625
435f419f9,0.5543166606148632,0.2636397384043369,852.0742439869589,0.22662717864923748,0.01625,0.1258719135802469
be7ff8075,0.43742417432089115,0.23585852542048827,1429.5561683904566,0.23741349097778647,0.06946843853820597,0.03920265780730897
48553ec94,0.5236194399055919,0.3681098845344116,451.768604367572,0.08424366830065359,0.18644097222222222,0.33227430555555554
0f3fd67e2,0.41688866230085786,0.2624538423125835,1268.238695382476,0.26810299862132353,0.1274560546875,0.05702392578125
96eb3ec09,0.6054555228758169,0.26359938973709135,104.13971031,0.21057385620915034,0.098625,0.08803333333333334
fc9cf8b8d,0.37399334301621884,0.2547025089245794,2438.3623760285686,0.3640236322924232,0.20289351851851853,0.04408179012345679
039fea576,0.6124586928104575,0.25357505059495217,318.481713609375,0.07337117647058823,2.5e-05,0.2212
4e12936b0,0.41497847494553375,0.24452284931069085,8730.665296725803,0.24875681917211329,0.08395555555555556,0.05477777777777778
788e8757d,0.46826040978189026,0.23019846120670406,518.6636224760306,0.2794473452302269,0.077687265917603,0.06497191011235955
2533f425e,0.3620271351986487,0.23489612623021702,220.31463713467363,0.3858576411838144,0.12914794007490638,0.0643258426966292
11aa441fe,0.5498928818909763,0.2340478332147706,403.1414457750529,0.17702082370906477,0.07959342277486911,0.044355366492146595
68936da8c,0.2761791143423662,0.21534516144013555,484.77916230405464,0.35614037600058746,0.37997191011235953,0.00031835205992509363
5c7d61133,0.5937485537295859,0.18282386676666795,149.35284587524455,0.13123112169149645,0.0006331592689295039,0.07967362924281984
2962fc103,0.31061653645833337,0.2930774873936521,1400.088051733642,0.23494910386029413,0.36890299479166666,0.06431640625
81075b785,0.46581567861519607,0.17138219606542518,337.40811821694905,0.47664356107026146,0.054697265625,0.00470703125
4f9b31590,0.4275232389251997,0.2737009239085921,1132.9312703981,0.13389819353667393,0.11998842592592593,0.10477430555555556
907fc239e,0.18737865377632534,0.11671813788538861,189.86575438364707,0.2969297158678286,0.36233796296296295,4.050925925925926e-05
405b63ca5,0.8131190476190476,0.19727407446930992,242.48091160740788,0.22665877930119416,0.0008082706766917293,0.615827067669173
2ce1c6a93,0.4050405272476884,0.256308553869852,1349.88652914334,0.37942081447963805,0.12054347826086957,0.06510033444816053
998de7b77,0.5518557843137255,0.1883231344514461,1467.8735233060938,0.42881463235294115,0.00221875,0.08364375
9b09114c4,0.37699140927273916,0.2493826277951888,1341.9551402444465,0.30121703062495897,0.17205685618729097,0.045418060200668894
bd0c6dcb3,0.3635612745098039,0.2636486007111413,57.586714844166664,0.26317545751633986,0.11111666666666667,0.080425
e5bb33a17,0.37912775599128545,0.2766335482747737,2093.6851596069137,0.4571825708061002,0.08884444444444445,0.04953333333333333
4d6350e54,0.49557395424836603,0.26450642792038104,454.3105342743751,0.19045019607843136,0.06905833333333333,0.14338333333333333
1e750bb89,0.5067876192622643,0.22904726879921375,707.5522130142298,0.18940747180098094,0.023303229337712096,0.07293377120963328
e58dd05c8,0.47095675105485235,0.172810657945388,2515.376946592844,0.23892516753536858,0.0060759493670886075,0.011582278481012658
8b6f2ff52,0.4930262211393433,0.2932561303624555,1471.521723127199,0.15215541246084233,0.10878698224852071,0.12278846153846154
3c9dbc88e,0.6361755583459437,0.28045470620549107,418.801780882697,0.16288515406162465,0.14392446633825945,0.0005610290093048713
9664bcecb,0.37515669446073,0.2511072546035772,860.2589269495431,0.44850169912926413,0.11443106312292359,0.04274640088593577
1c7a27088,0.4032335390946502,0.2622954519435051,744.9559834742583,0.2755498366013072,0.19316358024691357,0.008001543209876543
eb4eef57a,0.44949830549503755,0.2369368843403187,356.31499257919666,0.4916029411764706,0.10652006172839507,0.0017978395061728396
b2f2134bd,0.31929962478818685,0.21136843269339756,165.7548145989917,0.22617311183732752,0.12881944444444443,0.032970679012345676
85ed50b25,0.5515755555555556,0.24826787260159972,2462.1430801549304,0.22706401960784314,0.08535,0.08013333333333333
f28036d8a,0.47618997367465504,0.25840713765937257,1693.258109734547,0.3370533088235294,0.07637731481481481,0.06004050925925926
7993a02ee,0.42822203171253553,0.21016638423720366,470.7079964929885,0.3744634038219174,0.08636023916292974,0.00010276532137518685
bea6f651c,0.4079823767440944,0.20391429261743244,4454.841972902903,0.16509640181751198,0.0903811953916338,0.0029614165313539007
8e1111452,0.47786839869281045,0.12738640592416245,193.53524902666663,0.13079071895424838,0.000375,0.0011666666666666668
96b7978d2,0.5388389832970225,0.18719030327602054,833.8313404365431,0.25845286855482935,0.039348148148148146,0.025674074074074075
92d711b01,0.451866862745098,0.21157416996129205,64.64614660270833,0.17007339869281043,0.019116666666666667,0.00025
43c43bfed,0.4202829791602505,0.1674283161228211,781.5655683609276,0.37776722102453547,0.0268717277486911,0.0002617801047120419
870d3b2aa,0.27264055555555555,0.19718071430039708,433.92910437326395,0.3799386274509804,0.223075,0.02475
218f8bb3a,0.5096596380090498,0.2662412223760309,8448.24063845154,0.06719387631975868,0.16375384615384617,0.0124
b3faddf18,0.500734153328873,0.14316747884169653,1487.1237017546034,0.12865489852984063,0.002204724409448819,0.0013998250218722659
b16c55a91,0.3348678853485839,0.36141431059541096,260.3202700405545,0.12470169526143791,0.4882855902777778,0.19502604166666668
3a3dc1dab,0.5203429557007989,0.20899132481883326,764.2090636759234,0.20249089203582668,0.0033256172839506173,0.05946759259259259
3ea00c9fd,0.5809302309965082,0.2440939347378795,13394.855512054031,0.039315426627271916,0.09539383561643835,0.050148401826484015
3d7204289,0.5677756343713957,0.2560202769216973,3357.6426973354237,0.13927006920415225,0.06400735294117647,0.11925
e995db95f,0.5045915940450254,0.24181192735688553,3858.5162340781135,0.20758823529411766,0.08854166666666667,0.014050925925925927
75c84313d,0.4451042627835448,0.32224153123043736,2340.9455189536475,0.1952218137254902,0.25806985294117646,0.07889705882352942
ef5a07ae2,0.42274039215686277,0.17795867798740236,243.77343104993056,0.17550369281045752,0.009583333333333333,0.03075
6d6390b1f,0.5724042740691783,0.1863559368338596,236.94525038049346,0.3657963207755012,0.0,0.0848876404494382
c382bae22,0.43764433551198256,0.2564490371348164,1927.0347395511496,0.1912194535221496,0.14276041666666667,0.060202546296296296
1154c26ac,0.5044315657297401,0.2890703649522711,729.589904928887,0.3197312104918596,0.07610837438423645,0.1879584017515052
4892ceb8d,0.4496436074429772,0.254285241085506,12610.037428708423,0.3679087989362412,0.09329028486394558,0.06369579081632654
4c31c7db9,0.49202823658198913,0.22059992593771816,646.0854217203242,0.14047769299290597,0.08061029009304871,0.002134646962233169
2dea0707b,0.37450944967830885,0.30097186412599625,647.1021326386871,0.16771152152267155,0.336435546875,0.027275390625
16673c028,0.7144610045189951,0.3168493589306753,967.7738256809653,0.07081156173406862,2.685546875e-05,0.51660400390625
b0278d962,0.5602746342677696,0.1988899696686508,113.68431797093749,0.19503471583946078,0.02173583984375,0.000126953125
3d7d23a52,0.293000455996352,0.3215941476342799,324.2666156220682,0.35929672334049895,0.5027242524916944,0.09559800664451827
ae00eded4,0.4571322875816993,0.22167803141446007,1871.5119676265435,0.1857936383442266,0.12024444444444445,0.0005888888888888889
921817343,0.45859289790134805,0.25082418422332875,1490.3128865801752,0.5143993278952207,0.12015869140625,0.0508251953125
55f8f6120,0.5110247712418301,0.2220301820631963,899.511675186389,0.1624925816993464,0.014208333333333333,0.002608333333333333
1bb6183eb,0.5726254756717502,0.26875719010989046,789.9107109950068,0.18174576615831517,0.018533333333333332,0.16682962962962963
95bc62678,0.5286772803365826,0.1377735548246288,276.89844811903765,0.17472211141455365,0.006777082246565815,0.0005955486002434359
ae0c5671e,0.5443166019880175,0.18962706454558828,75.13264811196034,0.14693356821895426,4.340277777777778e-06,0.08289496527777777
d83dd7fc2,0.39723934837092734,0.26384017460240156,8602.073266012687,0.1728239348370927,0.2155545112781955,0.009332706766917293
876453f9d,0.42742285614071107,0.25926592755671835,896.2884813536879,0.18015353916435684,0.06801374345549738,0.019518979057591625
179462b6d,0.42788345060854394,0.25562360310065724,2210.9013261250543,0.13046641924457603,0.10180069292487236,0.029695477753464625
4450385b4,0.4799354268022999,0.2749344661690471,1679.2186975659306,0.2811643078283945,0.21333646616541355,0.050469924812030074
ca76729c9,0.4759230065359477,0.20937690412143833,3710.2308117915973,0.20020519607843137,0.028366666666666665,0.058475
56bf5e254,0.23112304829339142,0.21201498088561777,619.2274740353598,0.25171466503267975,0.3564351851851852,0.03253472222222222
2a3796cbd,0.20685099517193814,0.11539476686926338,44.50491788997594,0.35569585673465365,0.24386306532663315,0.00013819095477386934
10711bb95,0.4374582679738562,0.25353157910340196,250.09290732993054,0.26208323529411764,0.04371666666666667,0.10668333333333334
ec040a1ef,0.36842289050451643,0.21911027282902532,3706.1681640838697,0.4100255562899317,0.12170411985018727,0.03815543071161049
1cce33a82,0.5312686710239651,0.2089265881915516,316.99810763444447,0.333282962962963,0.017133333333333334,0.0012222222222222222
1c967561d,0.35295398692810454,0.3279378846523923,653.7925881358024,0.5326989106753812,0.3797111111111111,0.051111111111111114
10836809d,0.3764896405228758,0.2988687051281619,11912.144490124929,0.37935542483660134,0.2562,0.09519166666666666
4872c28b4,0.5148464562908497,0.2783594666939106,966.7823514045608,0.23535483047385622,0.07826822916666666,0.010198567708333333
42448336b,0.5145155682643427,0.17512815773867044,495.56225919160994,0.22130208333333334,0.005364583333333333,0.0
900b47573,0.5395848160251755,0.22343572235165587,2384.017113695928,0.1986891188574195,0.04948302469135803,0.00966820987654321
d46a58371,0.48005496550472043,0.19688206828126778,3261.546008288189,0.1697087191358025,0.04406828703703704,0.00947337962962963
faf4322a0,0.4108795388525781,0.19917123096205144,396.2384652134438,0.5393747730573711,0.07331018518518519,0.0018865740740740742
627726d36,0.3963028776325345,0.19920171763523178,690.3917843330707,0.23566392066085692,0.016828703703703703,0.02542824074074074
3ce528284,0.3703697124917383,0.22732101237532798,540.4246430243103,0.3829152667621356,0.14204119850187266,0.020605102996254683
c12883eaa,0.42752272452190754,0.22804943994076718,7420.020243590857,0.4708718833212297,0.07641975308641975,0.055108024691358025
a7c004380,0.45734150326797385,0.19229412756292646,218.35491872213646,0.34461819172113295,0.03552662037037037,0.009346064814814814
72c38b9ab,0.24151592667718427,0.15436031401401057,299.2197679775693,0.220342123056119,0.22625478927203066,0.0001532567049808429
db0b0bea6,0.479809462915601,0.26912766937806815,1307.6864669408058,0.16735425273788446,0.1071989966555184,0.05445652173913044
b0eeaf438,0.5271096695889894,0.20002340737058993,1018.5455574355417,0.17571001838235295,0.0002203525641025641,7.011217948717948e-05
6ad1d75b2,0.4704974836601307,0.25818793833202186,206.82613972888888,0.3010523856209151,0.06884166666666666,0.08239166666666667
0fc2dc3cb,0.5696354515050167,0.20067590006708605,356.62818680936175,0.14817932323431043,0.028444816053511707,0.04835284280936455
1dc8f0fd4,0.5610327777777777,0.2664393743198484,141.18977309333334,0.095943954248366,0.0015416666666666667,0.11764166666666667
34d387261,0.5532952330820472,0.16787484819285015,736.8951136922593,0.19438849129667174,0.008300953726598375,0.017114934988477905
e1cd176b5,0.5392762969771242,0.11453110665405786,878.7869555143944,0.1822203839869281,0.00024739583333333335,0.0025173611111111113
6d43edbe9,0.36181245098039216,0.2506056134370033,314.8414894375,0.1881873202614379,0.22529166666666667,0.0014833333333333332
fdb03c163,0.3562385301776961,0.18182536670866029,374.271349475807,0.5900945829503677,0.16810791015625,0.00022705078125
de01d00eb,0.4077057277798282,0.30483078884990494,168.46086545108898,0.16996072294332443,0.3173877115235546,0.010095359279247656
6146d435c,0.6110481345315903,0.21602861304798268,318.9374833074792,0.2631456517792302,0.005688657407407407,0.07482060185185185
413489a34,0.3206061586619666,0.20896219124074084,412.34965576942426,0.18661078523169566,0.1964946161048689,0.0009363295880149813
d005caf41,0.4675009077705156,0.10695528706759379,311.4790199516437,0.48524800290486564,0.0014351851851851852,0.0002160493827160494
9b8805c58,0.44075197440087144,0.3107533808720612,888.7298125768591,0.23302786855482932,0.12719328703703703,0.1504050925925926
b6684c4b7,0.4423362918399683,0.2406124578966199,4011.2550579475287,0.2942104872251931,0.057788825757575754,0.034232954545454546
3828225de,0.4485982107843137,0.24481586669104674,1352.1287314400001,0.26156426470588234,0.0609375,0.09596875
2b1638a20,0.5972228826660405,0.15631292975472327,801.1605164843404,0.24948759344056984,0.001977295409181637,0.007996506986027944
cf98480e0,0.5072437591472345,0.22754440229260298,256.38616968924765,0.18854424669848963,0.055255808909253586,0.04376677602147331
1fd464902,0.5307923177083333,0.1987446445881175,402.22049589274724,0.23514112285539218,0.01140625,0.022067057291666668
f9a3f579a,0.6370781817356572,0.26280787321732757,630.0714443538881,0.13006009440813363,0.045063657407407406,0.22446180555555556
f68c70fe1,0.5519275862068965,0.30011808886530633,787.4945232806184,0.2581098039215686,0.06649137931034482,0.20568103448275862
3f5ec6144,0.6153350653594771,0.21152013125347935,45.21916837437501,0.16996993464052287,0.011258333333333334,0.16261666666666666
181c10e45,0.4375670588235294,0.12222013366891905,106.63141421222223,0.2908307843137255,0.00265,0.00011666666666666667
20cb13be9,0.4938792156862745,0.18247246220226104,6558.689669,0.5279303594771242,0.0297,0.005425
f0c26af32,0.4730905713848039,0.2489749497950745,330.62297565036346,0.2194956597222222,0.04722005208333333,0.09200846354166667
b6492d3b1,0.2711271332607117,0.2097047825109318,1406.9525073406621,0.3746179193899782,0.3963888888888889,2.8935185185185186e-05
3cc6c4102,0.561179302832244,0.24493200265530693,436.319855001358,0.22102470588235293,0.0,0.1703
0f366f264,0.544773137254902,0.16930328820436097,616.875396244375,0.46592046568627454,0.00945,0.0262375
d243fce57,0.4128927015250545,0.20527124332945548,591.432031169591,0.40035167029774876,0.09463541666666667,2.8935185185185186e-05
7a12a494f,0.6415733665067235,0.33220773547435956,339.8514393338575,0.10988984163655392,0.08311304128902317,0.35573388721047333
9f12dbf17,0.509640216503268,0.2533904748016929,1916.5609308063083,0.16635102634803922,0.08426432291666666,0.05130859375
23b3f793e,0.5605448120915033,0.23093810954412256,414.7695908745659,0.16826311274509803,0.00490625,0.0018125
c2aeb6a1f,0.4815768300653595,0.22263691589384385,1009.2910416493751,0.22558555555555554,0.08116666666666666,0.019216666666666667
03c323fcf,0.4651395859822882,0.26584613826470055,5109.372624243048,0.31999411653170934,0.10543941979522184,0.08986063708759955
5474cd2c2,0.4936998410692402,0.3336473691974218,1644.2912652133405,0.3366044730392157,0.20951171875,0.167041015625
86d87d5f7,0.44963590419417343,0.2173397296960922,982.796735180715,0.3207437924918711,0.09714719430485762,0.0016593383584589615
ee421d21a,0.3698327886710239,0.2400716019747582,4692.328296158169,0.4021269668361172,0.14141203703703703,0.008101851851851851
c43be9e6c,0.5460365359477124,0.19046889647905058,573.9049164641667,0.3338300653594771,0.013875,0.072125
39fcd2ca4,0.5594897875816993,0.28937713730833814,766.2931017681274,0.11205094862018883,0.09170717592592592,0.13236111111111112
8071fcc9c,0.5442730970860566,0.3119735455606009,1258.248902289421,0.13054256876361656,0.09982204861111112,0.20888020833333334
a5d1a1271,0.4816003540305011,0.29988475239949314,10294.428327023319,0.23025390341321714,0.12665509259259258,0.13673032407407407
2cb1d59ad,0.5845813798111837,0.2603194553222067,188.79060725903977,0.141600871459695,0.013614814814814814,0.19585185185185186
558c419c0,0.6784044817927171,0.40588900127400446,1496.539385857701,0.13747629551820728,0.19859821428571428,0.5752232142857143
bfdc4cd9d,0.4852989511813041,0.1181381722882313,747.9049263243145,0.09148696207519737,0.0021384021384021385,7.92000792000792e-05
7023f6b45,0.43077757729392024,0.24219760207565866,343.4496955104483,0.3145871793834752,0.22506487457582008,0.00146383658260696
5d8c4f66b,0.46480519607843135,0.16557672328183567,176.24880695270835,0.1998593137254902,0.006866666666666667,0.000475
9cc8bae3b,0.45539232843137256,0.3197735455888246,838.6992871248437,0.21664154411764708,0.15065625,0.17108125
1cbaa3e59,0.4036405443403415,0.21254703675885345,437.51734491581453,0.15142089786106014,0.10016420361247948,0.020265462506841816
b27f46ae3,0.5713083362806113,0.21380126636566996,323.68665213200023,0.3461355729427713,0.00506897319597295,0.08326594236020768
89c28aad0,0.44138546205519247,0.2566150675255748,2023.2406206597223,0.31984731299927377,0.04790509259259259,0.05269097222222222
bf456451e,0.5282281045751634,0.24807272128880123,534.1080075382639,0.17764388888888888,0.05425,0.021025
3fa0de4e4,0.5294910735899298,0.14968795771406393,560.294254113083,0.08199343379327038,0.013850308641975308,0.00022376543209876544
aa03b987e,0.5730957414215687,0.12222177300630527,499.2296611099055,0.2259979404956427,0.005581597222222222,0.005776909722222222
3c155d21c,0.4707703655232585,0.23886474544073336,144.78964084368465,0.23543767507002802,0.04285714285714286,0.08735362997658079
a6fd3df67,0.27418748623044725,0.2147974712216076,203.72267042741515,0.29202948520232064,0.34188202247191013,0.013529962546816479
6178884d1,0.5456629675018155,0.23152473189368283,2429.8021584921753,0.5141097721496005,0.006458333333333333,0.07317129629629629
70a90deaf,0.5645295098039216,0.24625666442513863,1547.3823279663889,0.2316324836601307,0.054875,0.10904166666666666
cbe4be41b,0.5684271471609477,0.1742971926422947,4912.3802615406885,0.07367693014705883,0.00228515625,0.03095052083333333
3b7aad341,0.57132888403109,0.27590871521144444,4407.9677507958895,0.2373241255961844,0.06594172297297297,0.20201295045045045
8dea6d23b,0.4736313241345921,0.28891601649593895,437.1895356819059,0.2519107661583152,0.047685185185185185,0.14751543209876544
cccd87749,0.4897100262785527,0.267780899089938,836.6453368217191,0.26926564921501245,0.12922680412371135,0.02631443298969072
427343625,0.515971859114016,0.22883242147125352,840.2434915006763,0.2810253570564028,0.06421296296296296,0.0002700617283950617
58b4ba48f,0.4188548248002905,0.2108582839579085,4527.294308364647,0.23787565813362382,0.03032986111111111,0.05402199074074074
cb9527612,0.5080943990882237,0.19457848601589778,187.46719212599814,0.20049182425045936,0.007955219454329775,0.04572212336892052
c93191313,0.54752335003402,0.11751724803560173,60.333410379925525,0.20259148651574194,0.004298107255520505,0.0
7c559dedd,0.3988711065155229,0.2595857458850219,1634.67147929483,0.3541751046772876,0.12735026041666667,0.06802408854166667
4ae940ec2,0.4083120588235294,0.24004323994753887,470.33156315493056,0.36375303921568625,0.16400833333333334,0.0
694cc5569,0.4081742972579657,0.3108176123244543,552.5132710626364,0.1871944699754902,0.23390380859375,0.1109912109375
cc8459867,0.45066440716911765,0.3130609961567801,564.6725639882028,0.3680691348805147,0.10943115234375,0.1873046875
ef15e6473,0.41890221460752586,0.28072493149373645,995.534123307255,0.15039522389322504,0.05720064724919094,0.08199838187702266
f99af9837,0.5118354817235536,0.22975716244379182,474.7574417543058,0.20647890946502057,0.03188271604938272,0.05542438271604938
897fde926,0.7580162170131209,0.22482153958976347,477.8349609021673,0.08783454960931741,0.004445488721804511,0.4192293233082707
fad4fb461,0.5455422718470104,0.18938262107133966,312.89051934007534,0.2870030561607359,0.017916666666666668,0.005671296296296297
dfe7a59b4,0.49236733556298773,0.19375600067526275,264.2418867227436,0.33146904715063286,0.009347826086956522,0.04451505016722408
870e5566b,0.6041472227687061,0.27877040196187614,200.75792442023857,0.18555557741491244,0.027073578595317727,0.24653846153846154
9945b5ac5,0.47128264705882356,0.32278022115552146,718.7829916863889,0.1888667320261438,0.128475,0.20040833333333333
b26f1c630,0.3742745098039216,0.24515964297710646,2893.1978621288886,0.2451282026143791,0.18611666666666668,0.04025
cde10c57e,0.5250670588235294,0.11477970637649054,1819.4476044327082,0.08871477124183007,0.0002,0.006308333333333333
233ddf40c,0.32289650326797387,0.2261391209029678,4743.202156416666,0.12613277777777776,0.14710833333333334,0.0030666666666666668
15be0f894,0.43208143790849673,0.27413279077954195,4213.166782770833,0.227586045751634,0.12424166666666667,0.09610833333333334
6ce40c2bf,0.3911522222222222,0.26014159494095623,400.41758340104167,0.1673283660130719,0.17560833333333334,0.035925
918408d22,0.37965117671000026,0.2539092981421183,400.1018724254406,0.37192256817256814,0.1777396214896215,0.054403235653235654
021c24928,0.5222998398178168,0.28071654736886587,133.1133048478224,0.11191889570788946,0.028811515748031497,0.02329970472440945
f9317ae6d,0.5699458496732026,0.16564734199337353,255.23337319993053,0.08227882352941177,0.009916666666666667,0.0014083333333333333
dc40c2612,0.5178301659125188,0.15076328931665303,75.8809732543787,0.2044497737556561,0.011576923076923077,0.0
276f26435,0.5137625044795986,0.30939745502214816,1693.1738299391486,0.13345676547381355,0.20822454308093996,0.1504569190600522
eda415d15,0.4743493137254902,0.2750309735256707,342.8466860415972,0.1277876797385621,0.17658333333333334,0.051925
364e3ac89,0.45898771241830066,0.2130792453307089,902.2372324930556,0.271178431372549,0.08549166666666666,0.0227
841bcd63f,0.5097275490196078,0.16369397508393704,128.98654637326388,0.1756177450980392,0.050875,8.333333333333334e-06
ee15edbb0,0.36934002767773777,0.2688263966137011,191.6606545617995,0.2223545668267307,0.22387861394557823,0.034943664965986394
7c9e28902,0.3979269607843137,0.17243032149984355,552.6523039165972,0.1183318954248366,0.11491666666666667,0.0
acca0b2ed,0.5094309898133428,0.2503176024280554,505.1858174092449,0.13275404816581288,0.1323948948948949,0.005668168168168168
cc195b43d,0.4985523930002108,0.2477991812731746,898.10801554922,0.32083280624077587,0.13120583717357912,0.002857142857142857
efda64fa5,0.412835262345679,0.21347266047037583,2672.681927983405,0.2947245597312999,0.1305960648148148,0.0008043981481481482
7564c7b62,0.5769400718033693,0.1515355986808739,92.67200333371765,0.16933514280125195,0.006312353286384976,0.0
e4f117930,0.5578190359477124,0.25325825978860617,282.52936273148146,0.2894819580610022,0.01771412037037037,0.017795138888888888
46c44f7bc,0.4622821350762527,0.21247513058852463,194.9049845999175,0.24817706063907044,0.06957175925925926,0.003761574074074074
41487b069,0.7161227494142312,0.22486741381380063,29.45219361406598,0.11430780036071032,0.032672464622641506,0.30333873820754714
ae64cc2e7,0.47062278491208687,0.16437796998547707,1051.7974688349668,0.3798080065359477,0.02406836854460094,0.0074383802816901405
4aa9a342e,0.6479751582924838,0.24918640671560485,506.86882890557183,0.439947980494281,0.07476236979166667,0.12993815104166667
eed29a312,0.38723749546114744,0.23244842899082974,75.69887111381038,0.18849568809005082,0.09444444444444444,0.0
30319970f,0.4957869607843137,0.23741422487592545,428.35835734993054,0.22704624183006536,0.0435,0.069
08267e916,0.531381808278867,0.13752988727890317,1538.3121728849928,0.12746362866134106,3.08641975308642e-05,0.01390432098765432
087ee8e83,0.4651642810457516,0.2370085823276483,657.6837415715972,0.16342581699346406,0.06345,0.045191666666666665
3e6d8a2c9,0.5865314446848974,0.2701606569552631,8415.407076039419,0.25260892517542133,0.09868729096989967,0.06301003344481605
efc478e64,0.37911771241830067,0.27087921985512825,569.5563890000001,0.6183711764705883,0.25075833333333336,0.031241666666666668
3cc9490b8,0.41749853024587175,0.27508972940682064,172.2722922473016,0.28549717134991065,0.1713229562199814,0.058038071768048885
0617d9287,0.35837292241115193,0.2609559452278124,1331.4758523313462,0.3678860581341912,0.17442138671875,0.05302734375
fc4d1c61e,0.49694343480417413,0.20669893192091035,1033.3352041999165,0.15763994216652943,0.03694565698741064,0.04153675134885991
5360d72a3,0.42572558097313,0.2300157287545286,405.8670968790486,0.29260584604212053,0.0875925925925926,0.0
a4e09a814,0.46778837956587316,0.30171600111171976,1388.0291768201698,0.22822086694209456,0.18225752508361204,0.13551003344481605
518e71b74,0.5154885167029776,0.221202510836314,430.1115062531815,0.10781914941902687,0.028072916666666666,0.009398148148148149
99ed50a86,0.46001985748002905,0.2770037221568891,799.4441555932985,0.26792068355119825,0.08218171296296296,0.12484375
19fe29040,0.3103708384395425,0.2810664697226027,1421.8236271463925,0.37744171262254905,0.30103515625,0.078232421875
e8c9545c7,0.4298036492374728,0.15305971631875148,1045.2552932667943,0.39710772210118617,0.022970679012345677,0.00011574074074074075
6c9696bc5,0.3994744178921568,0.319424345510729,449.34238564299477,0.16304641544117648,0.29822916666666666,0.014111328125
c23b6bbf6,0.6334129022422367,0.18518708675492884,323.6767989788886,0.16276812240047536,0.01854565390749601,0.06874003189792663
5ab1e209b,0.579443082788671,0.13636628420818822,4387.703891560537,0.0678101624909223,0.0009837962962962962,0.016822916666666667
b13e4afff,0.4491360015597148,0.2504433902251657,2005.8347526386863,0.16068925467914438,0.07574573863636364,0.023707386363636365
ed1f38a40,0.4750946585530764,0.126715841405998,866.2955187445568,0.11097926526932611,0.014490968801313628,0.004967159277504105
8803fb1c2,0.6123638148304886,0.3557094140058802,819.5778380038212,0.27524021958903466,0.1899955035971223,0.30737410071942445
4f7bfcb68,0.5823312418300653,0.19916562476530464,5532.776529448889,0.25977944444444445,0.022366666666666667,0.047275
b822d0566,0.20502452816332525,0.14284453186815244,23.48888575297381,0.3207016229712859,0.30079588014981273,0.0
f5e9075c9,0.5149135392282715,0.29120009204149616,1706.7790818873434,0.09619241192411923,0.06098630723149337,0.13398587933247755
f88144b9f,0.7040258260711691,0.30289506495613067,811.6804107108076,0.08975866920842411,0.018090277777777778,0.46941550925925923
176516c7a,0.6311558300583164,0.2665241453501182,2245.3227908243434,0.3966325034863083,0.08565463362068966,0.07172009698275862
21e4ca7d1,0.36480638998894577,0.25574953674235673,8800.988303615617,0.26847972139047194,0.17371373836891077,0.056581828133552274
9ea8e240f,0.5981552314412355,0.17591033938929074,334.05718842132353,0.16047924917093273,0.0003557744937055282,0.0030103995621237
3bcc3be83,0.45901055555555553,0.2600213819372134,526.824021234375,0.23262235294117647,0.08394166666666666,0.07186666666666666
9deed930d,0.5986629881837793,0.2298926520854477,421.785930960435,0.22911549389870892,0.04351908866995074,0.018616584564860428
c5db00aa6,0.4730916013071895,0.1832618947307625,532.7315398249306,0.38932709150326794,0.045408333333333335,0.012325
00b23513e,0.3643811111111111,0.2858357728910113,695.3904959330556,0.2577494117647059,0.3353,0.04384166666666667
232aee73d,0.41445288837079547,0.2800934312899963,955.6883953274865,0.35865965746054523,0.22338668699186992,0.08221544715447154
e4afff6dd,0.5828631372549019,0.22272769066470688,1441.465621888395,0.12976296296296297,0.052088888888888886,0.03337777777777778
f6ec35f31,0.6304299655047204,0.23859784831743375,749.0179257264607,0.24026656681190994,0.05879050925925926,0.11953125
db0213107,0.5396401824618736,0.280616063526931,725.8269495863341,0.19234674564270152,0.09128472222222223,0.05166087962962963
bb15b64ea,0.4212313071895425,0.19141275297450086,1168.2221990815972,0.13891415032679738,0.04613333333333333,0.0044
ad66b0f44,0.5193922930283225,0.24190555185937077,1186.1178413893376,0.22905278685548294,0.044681712962962965,0.011180555555555555
fdd191ba0,0.3125943340546921,0.21761087303537774,631.8907327931876,0.2167023083480884,0.12163879598662207,0.050476588628762545
2c3f23fce,0.5359312065972222,0.2897427262964708,2582.3964770944276,0.19539834814133986,0.096982421875,0.1268359375
3583095d0,0.456536045751634,0.20292290441142324,1373.5286759565972,0.14193035947712418,0.007358333333333333,0.01535
49c216bf8,0.40112239583333337,0.17455578030970798,934.8693283555348,0.3908248442606209,0.017923177083333332,0.0006022135416666667
fd33218b8,0.441371314997734,0.2557825622526042,235.0678219983264,0.3299049366335228,0.0782511835143414,2.227791701475912e-05
0143edd0a,0.6424362266390932,0.21111086942239474,333.0680404724121,0.3059019895067402,0.0103515625,0.00321533203125
7983db8d9,0.4758826479665941,0.21882800353162102,1055.4550307193877,0.21469911946259987,0.05093171296296296,0.04797453703703704
ea062393d,0.39810797930283226,0.21312444778548786,756.6134313847296,0.1953554829339143,0.14216435185185186,0.004652777777777777
ddae7aede,0.523916371641249,0.22419231393413433,1418.077241632373,0.11786077069716776,0.041979166666666665,0.06032986111111111
9ef3d0eec,0.6056989542483661,0.17556230996457467,1377.9899662369137,0.15121206971677562,0.029033333333333335,0.0022
f4948a23d,0.5235137581699346,0.21519712688654077,636.5140268975,0.30715078431372544,0.019366666666666667,0.04205
f580ba98c,0.5673043137254902,0.1551689266249108,522.8702309822222,0.0821086274509804,0.009833333333333333,0.0616
57e37b00b,0.4975273325622384,0.23507642770437934,548.0945652075299,0.27860477711683923,0.04837312734082397,0.05710440074906367
a970b89c7,0.42704260406226763,0.22749230459308153,2668.7979001229864,0.35336501971095585,0.027311570309269607,0.038369787635577135
4a6e23ad7,0.5234851125635439,0.32615689658451924,745.6544141517466,0.34709244129750666,0.14203703703703704,0.21391975308641975
7a59ae5ed,0.5525302450980393,0.3675767617934137,497.924843690586,0.37564186274509803,0.2399875,0.2844875
e94581522,0.5063588888888889,0.3220216237892607,10460.60841936639,0.2868498692810457,0.161925,0.18519166666666667
f7675eb96,0.3856841870014539,0.25499191230150475,885.383541965089,0.42148161519116667,0.15100513527054107,0.033538952905811624
1cea0ad08,0.5681201599962152,0.2325514304066583,11657.001464185576,0.1916145567729659,0.03870325169037399,0.04564711163482311
98686f3bc,0.5066660766158315,0.24475272850091226,7701.510570025525,0.4204977986564996,0.07496527777777778,0.04193865740740741
582c02d86,0.442858425245098,0.27728257765689857,764.1885181520996,0.17159782475490198,0.0562109375,0.07246875
8010a808c,0.42904019607843136,0.3069850178606248,879.1958235965974,0.31871513071895424,0.15393333333333334,0.14195833333333333
392cb224a,0.485270816993464,0.3076549344071641,5244.240916638889,0.1297235294117647,0.16583333333333333,0.13545
ca7c6095a,0.5385236020334059,0.18919595684193946,129.0732569658184,0.30526246671508106,0.013518518518518518,0.010648148148148148
bba3070ad,0.5028389491719018,0.27385329289593596,2233.4557974885056,0.1564792182245066,0.16114077669902913,0.05165857605177993
0e49eebb3,0.49171490818549646,0.21824909579581256,3140.0250578825226,0.16301384179402756,0.05750208855472013,0.04324979114452799
e0a797901,0.45998980392156863,0.19205479027977718,1131.113669119375,0.25450957516339867,0.03150833333333333,0.009208333333333334
5f6d23ada,0.5760110974945534,0.30914431712392754,1207.457075568757,0.20165556917211327,0.07619212962962962,0.29704282407407406
b15d56540,0.3899456699346405,0.17082292750037795,278.7551301890432,0.46922632421023963,0.05481770833333333,3.472222222222222e-05
937c2e14f,0.4538195210375817,0.21636769181713844,5439.3975073972915,0.38571666921977127,0.05230794270833333,0.03884765625
a05c489dc,0.4028580966089113,0.2867275381887447,5011.878047068899,0.3426343399779117,0.18755771006463529,0.08780009233610342
6202e7d4d,0.5181534737351731,0.24331567390638154,633.6962762602285,0.13052081820382475,0.011658950617283951,0.09260802469135802
42eac4984,0.4491990438150569,0.2669738036336813,1689.9159256963496,0.20549978818687967,0.06310185185185185,0.029074074074074075
326355730,0.33628532343169826,0.31810623938178506,266.2382971180644,0.33003693570451437,0.4042691029900332,0.06548172757475083
e61d62489,0.5026884574142158,0.154168443798209,215.8699880572849,0.5225519046160131,0.006806640625,0.0034407552083333334
d476272d7,0.5126971980150085,0.3183539302631919,876.893332681756,0.37578561486322926,0.07715277777777778,0.21573302469135802
d25ad4b76,0.4936916339869281,0.23571408105840885,407.78853775,0.1341303267973856,0.1228,0.0017916666666666667
8d7eff0cc,0.5042185911401598,0.27403468497780187,137.45258742230368,0.35509375,0.10478587962962962,0.005005787037037037
dc371c173,0.4401072222222222,0.19680059655279514,265.8289830330556,0.2399968954248366,0.06509166666666667,0.0151
400eaa6d5,0.4080626925099542,0.2564995708568736,990.290241951454,0.1680159266771843,0.1328831417624521,0.06401340996168582
2ea25b63b,0.430158204077651,0.3091271922429441,6487.407360117323,0.4163254072773388,0.24567786069651742,0.06434701492537313
c02ce1bc0,0.6706789399970515,0.22072565774547462,857.5257405003639,0.18413990859501694,0.021785714285714287,0.10505639097744361
dac60bd9c,0.585480755265069,0.14955996176353983,1502.6047414279178,0.3425024055918664,0.013032407407407407,0.014149305555555556
5ddd7f219,0.5518590558619282,0.27072726068964237,159.55151246387692,0.31383860549428105,0.013756510416666666,0.16953125
9869aad59,0.37163346544291476,0.17670520297733555,712.0163684722712,0.3558178046632364,0.03289745862884161,8.865248226950355e-05
b7ea489ae,0.364531076581576,0.27962628507327625,890.6635735769845,0.32448560858305586,0.29000943396226414,0.05967924528301887
1dc90fbb8,0.49127284555797623,0.19493440531708287,1340.7420358365246,0.20507177438876786,0.039560185185185184,0.04996913580246914
434691342,0.37046101383697294,0.14887140283040018,1037.7830819827939,0.2588578595317726,0.0370819397993311,0.0004849498327759197
83b2fae5e,0.6392313623366013,0.1654054302176201,355.17363645218745,0.18635154973447712,0.0025455729166666665,0.0018912760416666668
030f32f08,0.4924908785468672,0.18619717896444102,956.9551370262398,0.26267274982282074,0.007906626506024096,0.03680555555555556
0338fcdaf,0.6337236971104231,0.256766806280022,1561.9340969810314,0.20537724458204334,0.01112171052631579,0.21973026315789473
728a08a8b,0.5596272202998847,0.13957445846099992,87.77095722020377,0.3377749134948097,0.002735294117647059,0.006495098039215687
5b4caee59,0.5992098628925254,0.2175578910032769,46.04108746599228,0.24953037004275394,0.0,0.09699248120300752
63f7cacce,0.4244532921122995,0.24256719914634778,144.38920397727273,0.2772554311497326,0.1627556818181818,0.00877840909090909
45f9a9f66,0.5316130718954248,0.20751061159918466,275.3946496799305,0.09049983660130718,0.03859166666666667,0.040716666666666665
1fd2f589f,0.4817421931735657,0.22094252084683494,748.7524477277507,0.2118054193899782,0.07503472222222222,0.02409722222222222
0ed8d0f9c,0.38111320261437903,0.2967900855567295,745.5960150249305,0.17149807189542485,0.23834166666666667,0.12801666666666667
e4fb514b2,0.42591549019607844,0.17843113791254414,119.42828083159722,0.2579134967320262,0.011483333333333333,0.008225
13c67e713,0.47948318857744443,0.19157184660235307,1052.9632007313157,0.23609873009606527,0.009463087248322148,0.006854026845637584
ca81b2566,0.4123305882352941,0.23495262781917053,3578.2472535863885,0.32399950980392156,0.10034166666666666,0.034725
7ebdfc3b7,0.4645820908224401,0.30110420999250853,4170.413447911845,0.16633035471132898,0.11256076388888889,0.14600260416666666
cf78e66fd,0.4900937254901961,0.26230407254025506,738.7014763610938,0.25231875,0.0790375,0.11221875
256f40704,0.5740282883986928,0.20242894383908563,73.29885739457873,0.1820319478485839,0.020785590277777776,0.07306423611111111
f677061e8,0.517515816993464,0.2493685999762005,3171.991020404931,0.36046784313725494,0.017808333333333332,0.11435833333333334
9c43d4567,0.5387435374540441,0.15092416836529923,88.72409667625429,0.3416520086550245,0.004482421875,0.01311279296875
a9551ed6d,0.4571851171023965,0.2875396288857508,983.7215807611828,0.25639744462599856,0.11780671296296297,0.028350694444444446
c723171ff,0.5569271386715606,0.32176798361874603,1532.175350299355,0.17754628288096846,0.1543240284619595,0.19991789819376027
bf87b176d,0.4350627891606081,0.21921135694997107,1046.5248614294455,0.46152405081882936,0.019129213483146067,0.05295880149812734
3f2a40f0a,0.6035915149159281,0.2570440759478225,213.58209272708064,0.10934932827012915,0.03262481463173505,0.12331000511659772
cf76c794a,0.4459375490196078,0.15941502566318128,277.87404149972224,0.14280408496732028,0.023625,0.007291666666666667
acc76c678,0.4742296659404503,0.25975299582484634,4450.560258143513,0.2543710285039942,0.05538194444444444,0.07456597222222222
dfcd19237,0.6274180718954249,0.20625364607500912,397.0715562065972,0.20886104575163397,0.057675,0.03241666666666667
c96423707,0.48450892156862746,0.14332635136465635,238.82822011555555,0.2886376797385621,0.014425,0.006441666666666667
5382ef1e5,0.43885941660614863,0.19573546510690168,861.0205337190762,0.3715783708545147,0.06824845679012345,0.03287808641975309
5971694db,0.387976064004197,0.1876160990291912,1042.551469319135,0.6400109515378059,0.05323578595317726,0.026989966555183948
c3a52fbbe,0.5595367647058823,0.20889322518761919,4952.048258350481,0.1548423883442266,0.04555555555555556,0.05277777777777778
29778124f,0.7144657035349351,0.244192634321753,648.3684063459444,0.14900344057810916,0.03863703051643193,0.29531983568075115
2f7da7f8f,0.4318007443718228,0.2709959639050428,1225.260220606615,0.2702837388041637,0.15314043209876543,0.052523148148148145
aa795e561,0.4651578792051938,0.17345338091841153,272.19363993908064,0.185281362712309,0.04462374581939799,0.010409698996655519
428877021,0.4051705235248305,0.18078916691686636,226.60410711313273,0.6790665086127908,0.04084404205607477,0.0
8b6867433,0.44343444444444446,0.28379781111567665,555.4994139332639,0.20959562091503267,0.086575,0.12555
eaf13651e,0.508384123093682,0.23627534930460875,423.61667355632176,0.18583782679738564,0.0690162037037037,0.1188425925925926
f82aa539c,0.5815575469771243,0.22778063104812776,1037.5353472681682,0.11135054125816993,0.011506076388888889,0.03350694444444444
df6205194,0.5748697916666666,0.13232183692447932,86.04001415320504,0.1429499080882353,0.012894965277777778,0.0
ca7075738,0.49927346935925365,0.2105881670306005,6109.575686701683,0.2586331769174906,0.04104344729344729,0.017556980056980056
0b6457bf5,0.4804409469780421,0.20727673468159943,454.8014704820768,0.3569266128736138,0.037459035580524346,0.0011587078651685394
fe15cb88c,0.4941610562193628,0.32591172002894714,929.7937022113265,0.20361295572916668,0.21470947265625,0.169482421875
c0898504e,0.3085060130718954,0.23095108320987645,588.5335819982639,0.49427382352941174,0.3256583333333333,0.00025
1ed0c2a41,0.40172644488507014,0.2170319224780216,502.3626646379525,0.129211573768084,0.12743445692883895,0.024775280898876404
386990598,0.42085787581699347,0.29948756700502993,4305.930747010833,0.26802549019607846,0.20504166666666668,0.10775
5ea1f2c39,0.5195986622073578,0.3341828003213107,426.0759882215383,0.2651485999081907,0.17963210702341137,0.2438210702341137
88c0e21d1,0.6008823065210933,0.19506196567990228,1400.7205831495833,0.19437982768865122,0.01268347537878788,0.049627130681818184
226e8fe7c,0.45136599037763253,0.22868926917489765,848.3891928744092,0.2509363652868555,0.056614583333333336,0.04578125
f288b4919,0.522593621399177,0.2261562265008885,203.67903074125277,0.27978231663035585,0.044614197530864194,0.0832253086419753
f83096577,0.4414104030501089,0.20823552058272565,1237.8630000056562,0.22893400508351489,0.1000462962962963,0.0036805555555555554
a34cf041b,0.5674519607843138,0.35516564627335795,1442.197061834961,0.3158395588235294,0.2000625,0.2381625
1020c8f00,0.3249826520438684,0.24336943894029486,540.782900444628,0.2507444666001994,0.26960169491525426,0.019440677966101695
6dbed5324,0.30941117647058825,0.3283539716418503,181.55513219555553,0.29722967320261434,0.5144416666666667,0.09464166666666667
066498aa1,0.6237887920600339,0.11359119078335743,738.3549842056755,0.19689678649237471,0.0032407407407407406,4.6296296296296294e-05
758a6def9,0.3457361083968471,0.3520190010619305,200.0613767439101,0.31054403621913884,0.37033222591362125,0.17128737541528238
7821d724c,0.5449172291867567,0.23157994995534478,887.6166434314252,0.30710210632522594,0.010837887067395264,0.1053221766848816
5e74dfc90,0.512541568627451,0.20853050193667058,293.2772924930556,0.10887049019607843,0.015508333333333334,0.0248
faf4fd269,0.5178301659125188,0.15076328931665303,75.8809732543787,0.2044497737556561,0.011576923076923077,0.0
85188cb67,0.4228826497395833,0.26933066089844915,643.0442657487631,0.2608540613511029,0.1191552734375,0.08868408203125
d19f035bc,0.593419044117647,0.31060653082389456,1651.9857444374998,0.10757924019607842,0.0029375,0.30579375
b3b26191c,0.46374346405228756,0.24030927929188522,565.8656751422458,0.3144308874591503,0.10857421875,0.047799479166666665
84e1e59d5,0.386103996459695,0.19278737648634373,353.5993894367736,0.12791487949346406,0.07920138888888889,0.001328125
2b5249852,0.4272008442265795,0.23551064401871463,606.485071833975,0.2288825344952796,0.0946701388888889,0.009207175925925926
bb0dddcf2,0.4925091628959276,0.2600666222598865,168.92615946597635,0.506875641025641,0.09638461538461539,0.03952884615384615
dcd93c794,0.50965727124183,0.11424428500335122,333.72999809364154,0.09744857026143791,0.00690625,0.0
9dfcbe364,0.5434249754770504,0.23197062288816675,170.12905999660742,0.2937599123642198,0.03052377908557238,0.011222787953595333
84c1afe03,0.48499892156862745,0.19844988047613574,1185.8194466530556,0.068089477124183,0.05391666666666667,0.024583333333333332
861d65847,0.35259091503267975,0.2620378606385801,1353.6907782222222,0.23831875816993464,0.080925,0.09189166666666666
1bbadc050,0.4862365649963689,0.319504460289762,289.49392109683106,0.19357765976761077,0.1862962962962963,0.13536458333333334
90b927fdd,0.4560063543936093,0.2951605552467179,1624.335248842291,0.1923103894335512,0.13311342592592593,0.05105902777777778
a0da2621e,0.559953281312525,0.3118598790971285,1154.6084035792378,0.2643466386554622,0.07407312925170068,0.24383503401360543
7ddf00d90,0.5342415550950361,0.237742545230318,1793.0273108404515,0.25357643988694173,0.01653175236575077,0.06966138410671531
a20880c1d,0.5382529360702614,0.24825643163118455,2330.0755398069596,0.13961408547794119,0.05068033854166667,0.05344401041666667
c33c82dd5,0.6237168954248367,0.22314260786036827,1208.175559581597,0.28606470588235294,0.015316666666666666,0.10336666666666666
ba54e88a9,0.4030918862336601,0.2559601381552475,3464.297792536831,0.4260707592933006,0.10552734375,0.07030598958333334
a6c7f3a13,0.42580700798838056,0.3052651030130555,2434.3057545519337,0.30258850762527234,0.07058641975308642,0.1292283950617284
447233a49,0.31365460784313726,0.26030398779837216,131.95200524333333,0.2133138888888889,0.43235,0.0022416666666666665
b2b3baca1,0.49296904502541755,0.17246672865891502,584.0154677934979,0.18999398602033404,0.0001099537037037037,0.0032175925925925926
262d7f006,0.5260048692810457,0.1732192501845522,667.3326219100001,0.24555764705882352,0.00015,0.015183333333333333
175f4a910,0.3783063952432825,0.20059406927562667,1301.316114510694,0.30074173928830794,0.1223900462962963,0.03975694444444444
b8ccf4b62,0.5919759477124183,0.11426381863640901,259.7767324997222,0.10738215686274509,0.0018916666666666667,2.5e-05
7d1030b42,0.3741402614379085,0.24257481076900045,981.3148545815973,0.28659715686274506,0.17693333333333333,0.0092
94019dc75,0.3377181045751634,0.1799690633040989,288.59036452333334,0.46769666666666665,0.06506666666666666,0.004725
1035db262,0.3964928286129266,0.1948573024093967,214.59391868127895,0.2612965232389252,0.05893518518518519,0.0
59e59bd5a,0.5173151960784315,0.292389734281495,245.32444092993055,0.2814043137254902,0.008983333333333333,0.23826666666666665
554c80a2a,0.5180244190268699,0.2408718116746037,356.21607690305405,0.4005497760832728,0.006574074074074074,0.009089506172839506
8d8895245,0.6090076797385621,0.21170393611522298,121.19930970659722,0.21250996732026142,0.0027,0.073675
a120cae65,0.6020706284466911,0.21543631389633036,125.70742430433631,0.21899606502757354,0.01048828125,0.13997802734375
7cf37c7e2,0.5363343284682294,0.12883836315471228,332.4972613975317,0.09978796255344242,0.001343984962406015,0.008552631578947369
374b76068,0.40608043981481484,0.3233853030930963,522.6783191445245,0.22956149577886711,0.3046701388888889,0.006779513888888889
9f2dd031a,0.6102234477124183,0.2940103099547066,925.8580530072422,0.24445435049019607,0.09419270833333333,0.28571940104166665
79a9a7b05,0.35394266521423384,0.2580407915529871,295.52604446879286,0.38016891793754537,0.08105092592592593,0.0580462962962963
bf90589d1,0.4824119160009683,0.21888958596278107,7574.065898453873,0.23047122367465506,0.06723765432098766,0.0323070987654321
e375cb119,0.3825192748797632,0.2656326368191606,372.86620859300456,0.25375789863115056,0.2866698113207547,0.0015566037735849057
1e87e4110,0.2975072393195689,0.30936602632170873,339.8477494210095,0.14585787560057134,0.40302152317880796,0.10429635761589404
6aee1d8da,0.6013917973856209,0.18377473193151522,158.89701705305558,0.22773640522875818,0.03745,0.011691666666666666
679e98b95,0.5183537908496733,0.27631547603388174,769.7685628082638,0.13732114379084967,0.061891666666666664,0.07951666666666667
484915b4f,0.8195759803921568,0.3379859257878806,452.9883266129032,0.04974027514231499,0.12060483870967742,0.7779939516129032
417c09a08,0.8039427762736894,0.22793614118722563,303.10446233773484,0.29402617113791124,0.031223849372384937,0.532102510460251
f6fac7b56,0.6307264082890681,0.23989103560240332,1425.9702558399094,0.2010972850678733,0.07309364548494983,0.08269230769230769
8655a46ed,0.39737209150326797,0.22293240687230767,3011.3845325049306,0.2418319934640523,0.09610833333333334,0.043658333333333334
1f9b856e0,0.5593542483660131,0.24605639517682926,451.0210199722222,0.2534595424836601,0.089525,0.010366666666666666
e9ec4d543,0.32623393552177427,0.2164439912646922,242.057940703948,0.3522579496217963,0.17681647940074907,0.007069288389513108
ea39ef3ae,0.4810160130718954,0.1806281551965811,1182.1325573165973,0.19298869281045752,0.022475,0.04201666666666667
9bd70dc2b,0.49842996732026146,0.2547192964373143,5792.197374633263,0.2070869934640523,0.07029166666666667,0.06535833333333334
be3508ce5,0.8051909562653186,0.1664143703018888,503.8658416321217,0.10248689299938725,0.00565673828125,0.42431640625
ef896feeb,0.5304320205093531,0.21948472317676418,2465.534928556278,0.15277017128690557,0.08302545155993432,0.017251642036124795
c45e47c4c,0.3790682679738562,0.1508245213668703,126.52394559000001,0.1758212091503268,0.01065,0.0
c5af48975,0.4453666005728134,0.17109264290262127,2365.0061161110934,0.41166905338914594,0.001750936329588015,0.013923220973782771
c8c7ef646,0.37577673202614376,0.2688282818804782,3787.1392209377777,0.3003192156862745,0.20645555555555556,0.025866666666666666
387a8e71a,0.4663769063180828,0.31667337181401956,975.5899627483269,0.17317778685548293,0.20796875,0.14847222222222223
3b4b4cb9c,0.5000130718954249,0.36685950447398413,1637.6742303315973,0.0636132026143791,0.27060833333333334,0.27071666666666666
2bf2c6260,0.48592442340921044,0.2685979151067701,589.6637991363807,0.39673014799789647,0.09863163656267104,0.0014915161466885604
745fd19b8,0.5008322099673203,0.1660377744665758,979.7945561387804,0.16413511029411765,0.015655381944444446,0.0012847222222222223
9a3224461,0.46712078287197234,0.2942385910600031,1773.31098544415,0.22302097750865052,0.17247242647058825,0.09130514705882353
f861fe441,0.4056243617238562,0.2787183297754367,400.4661894651625,0.43198219209558825,0.12895182291666665,0.10268880208333334
c32940f0f,0.7273928836489849,0.1448712722414833,625.4547405737109,0.2976538642710671,0.002602429806321681,0.08035710393590263
77bb4ce3a,0.4100919607843137,0.2718575529678918,322.0488747415972,0.3644906862745098,0.16304166666666667,0.068075
9fb2a918d,0.37266122004357294,0.29783008582056963,12581.99268703395,0.14601708061002178,0.2593666666666667,0.08531111111111112
abaf6c9ee,0.3623113387677168,0.2303916169801565,1517.3607517968235,0.3781162884629507,0.07993445692883895,0.0035767790262172285
799cbc9e1,0.5892030909586057,0.19077303266805054,364.2032634666161,0.13117946623093682,0.005185185185185185,0.050833333333333335
097dd9931,0.45166811552207087,0.27495804134030793,429.64450921345986,0.2167872972943967,0.2049808429118774,0.0017104542966611931
c0545b660,0.5441928344867358,0.3286779125544644,2736.6407216479242,0.26949441320645906,0.12498161764705883,0.2988235294117647
b477ad589,0.30478222017973855,0.19579754385663176,253.33939609103734,0.1919620481004902,0.18334309895833334,0.0271875
0af142ee3,0.3548822549019608,0.1868354213883647,660.7031166122223,0.15311388888888888,0.045625,0.02033333333333333
bd56db16a,0.4836983024691358,0.2304983979720272,1073.1030954643763,0.1701484885620915,0.030347222222222223,0.06211805555555556
615afad71,0.36929906499636894,0.2154511645413113,623.3234747808427,0.13571934005083514,0.1339699074074074,0.026782407407407408
1528d2a61,0.6447814052287583,0.21904161646636897,100.7454887775,0.28577447712418297,0.0098,0.022541666666666668
1e7a3b766,0.40788425925925925,0.24158691719225495,1191.9072340036316,0.1858949482570806,0.1515625,0.03140046296296296
6ce342cfe,0.4579758787661406,0.21591759398464047,738.9572814957962,0.19782230392156863,0.06333079268292682,0.01104420731707317
5f20dde82,0.34360183006535944,0.178920940057224,248.58267663888887,0.4384880718954248,0.054608333333333335,0.008483333333333334
d168549f2,0.6088820547230299,0.3290897599531578,741.4612913411354,0.190224744650712,0.08649239543726235,0.3051996197718631
b9e604ca1,0.2982093578172009,0.1730171144406946,232.78198774711464,0.39933327873059554,0.15573377889167364,0.0033639654692286273
1b1cf81d4,0.448432196407975,0.18456977740842212,579.4317750549209,0.41260036661723515,0.06715598739495798,0.014915966386554623
ca4224e0b,0.3495183044315992,0.2614503237788278,359.3548799992796,0.32429012240734445,0.24057080924855492,0.04592485549132948
38f6f3011,0.2597628104575163,0.2341516336581622,173.78413308270834,0.37921807189542484,0.390375,0.01795
a56bbc295,0.48725964506172836,0.3175351443795101,2635.3027612597725,0.2313204883805374,0.12963541666666667,0.18071180555555555
e63eea2f7,0.6579276470588235,0.24931310923199057,1478.5909003863887,0.16142460784313725,0.000975,0.23780833333333334
191fb0046,0.41142724113056595,0.30613312795145203,1046.999149184503,0.26738618925831203,0.1685284280936455,0.10298494983277592
4ce620a7a,0.4568524215339846,0.22136370317319592,1999.0277665296576,0.29074343518326057,0.049991166077738514,0.018931095406360423
bbd0c8f36,0.6290520152505447,0.10433671147776585,184.97446912722907,0.17514790607601066,0.0030092592592592593,0.0018209876543209876
a9e4d6df7,0.3506677450980392,0.22402199574560766,487.7135846882639,0.1755442483660131,0.19515,0.012075
cb9eb954c,0.4969441057997633,0.17329415604297402,2233.9229291435677,0.0904571994004788,0.013915577967216498,0.014225099627284334
8ce613036,0.5603808380991285,0.33415197716811035,1368.35666664489,0.11937266816448802,0.13320746527777777,0.2619097222222222
a6610ebd3,0.5390062333575406,0.17584754666606894,1300.5672278563077,0.14641318687969015,0.017993827160493827,0.00871141975308642
d7a002088,0.483049183006536,0.19914972033091213,446.2289048882639,0.17119169934640524,0.007691666666666667,0.03535
189a8292b,0.5437847222222223,0.2810211355527468,286.96096653753,0.21912366103848946,0.050069444444444444,0.032268518518518516
a53cb0980,0.6148278897194237,0.20844088251619564,329.22004815252757,0.19090228126241288,0.02030962246777164,0.008776473296500921
ba2d4e877,0.452510428141294,0.28043961086761476,285.79363283246715,0.1257173386208416,0.2520880149812734,0.004719101123595505
3285d041f,0.5752302941176471,0.23662067214335447,1307.306029913264,0.29173297385620917,0.015675,0.12013333333333333
be36182ea,0.49284940087145973,0.2070588172883103,478.60268373628264,0.24631260590656015,0.01822530864197531,0.020185185185185184
9fb8e5e73,0.600385,0.2379769826371196,616.0216319375,0.10513359477124183,0.00715,0.015466666666666667
fcc138c39,0.8480087340111826,0.17687465212557532,1027.1579520340172,0.10215321260340074,0.0032958984375,0.6693206787109375
f980544af,0.5095350186897502,0.21155054185529293,369.01570875262865,0.21266974883598927,0.001956521739130435,0.08867056856187291
01c202740,0.43327006535947715,0.17612343732645172,155.56516303993058,0.08881156862745099,0.0227,0.004416666666666667
96e9f6fd8,0.46505425666360295,0.2003774008562147,2833.6654007826805,0.5127821978400735,0.0303515625,0.0386669921875
163adc370,0.34323192810457515,0.15611839491556606,2530.477195988264,0.18163555555555558,0.09303333333333333,0.0012833333333333334
d8b05d43d,0.5104347865775734,0.2771483458180569,2161.4580581690893,0.21243464052287583,0.11667830540037244,0.106506052141527
fd71f9fb4,0.4179538562091503,0.20741761828968658,1360.1996901955554,0.1920975163398693,0.0408,0.019783333333333333
9d1b799e7,0.5145731057855241,0.2988460702251441,202.0960909607315,0.2571797083030743,0.04402006172839506,0.16584876543209875
dd13b36c6,0.4551069126724764,0.18798396254225516,551.1926622443724,0.2519634395424836,0.046684027777777776,0.004907407407407407
08a9b6f29,0.4676649102263857,0.18579998770996847,124.16679509945739,0.16105372066859533,0.05957991803278689,0.003092066744730679
02f7300db,0.6194492187499999,0.3243094212559516,2759.5140219440036,0.3184415849673202,0.08602864583333333,0.33052734375
16dc1188b,0.7695968442778773,0.201362306858742,574.6677705733449,0.3156017915014575,0.02058518005540166,0.2877943213296399
cdf4d775f,0.5815938180827886,0.2712875231989889,1279.7820289831088,0.22013410039941902,0.08245949074074074,0.11365162037037037
534104c8e,0.5514478031953521,0.21923428771004105,318.783989960261,0.198435843318809,0.01855902777777778,0.03424768518518519
08d198666,0.37966849673202613,0.1937844623137642,8803.32258247889,0.19173433551198257,0.07092222222222222,0.0125
a015cce59,0.7237147349379522,0.34814896455434047,896.5717185403558,0.29314457738162186,0.08667841778202677,0.5833502629063098
14410015e,0.7477687000726216,0.26628257228512764,3941.150514117925,0.14943287037037037,0.025827546296296296,0.45086805555555554
a56c46193,0.6070077777777777,0.30444149642055524,1394.3732873777083,0.21030486928104575,0.028725,0.261725
6521d5af1,0.49597664683851067,0.23397595509404662,515.8444989036701,0.2337925020195344,0.05589887640449438,0.06872659176029963
261c4115b,0.26371404682274247,0.30257986533122694,757.3875468142834,0.4161925372155551,0.46763377926421407,0.09939799331103678
2d0315769,0.566758724748257,0.3585360779427959,661.1486440849861,0.25034330092972096,0.16373180508273943,0.3485750206134228
ce19e69ff,0.7366551307189543,0.17796734032664202,116.84775625493054,0.09816349673202615,0.0,0.215275
2fc753430,0.34538859097966995,0.18745932260809672,709.9733411630826,0.47396641299245296,0.15194521178637202,0.0004891804788213629
80aca536a,0.6195208422972115,0.2867388815946454,103.54244724771769,0.08147829717048784,0.010632183908045977,0.21430903866248693
daabe5f9d,0.3339793137254902,0.34040738542727206,4714.917670707773,0.3348366421568627,0.4381625,0.1521875
883e7d058,0.666827064158997,0.2882769703241539,1433.6777329873166,0.31044603555707995,0.10084426627793974,0.293227648202138
e246ecfdc,0.434941568627451,0.1578418983261571,158.64776663305554,0.24741163398692811,0.084275,0.0
437b06047,0.33357882352941176,0.2144758614304467,653.1747755999305,0.2180571568627451,0.08270833333333333,0.06395833333333334
1d30559d8,0.35074381117985537,0.24221063280185284,1927.5962891561608,0.32476395570451283,0.16348965910283905,0.05676620123880798
902624c4b,0.45507741830065357,0.19394824151635373,1368.1743059455557,0.1319332679738562,0.006875,0.016233333333333332
e94f842c0,0.4879153262867647,0.21901723311176882,225.95583188268876,0.4445216630923203,0.00861328125,0.014694010416666667
0985e2dad,0.6190429738562091,0.14933975982689054,35.970835953055555,0.1886117320261438,0.006583333333333333,0.0033916666666666665
33eaf34b3,0.38593923611111114,0.2704469599193007,1482.4574707029556,0.29410026892701524,0.13490885416666668,0.07837673611111111
f056ab9fc,0.30358582029302944,0.3280760377125858,1921.719837066047,0.24231280231390803,0.48285893304690297,0.07074606158252775
df59dd59f,0.32156468877725564,0.20646232672441903,303.09947901040624,0.20178818037775256,0.18046372819100093,0.0
68d7d01d0,0.4165862608932462,0.20318111008540946,505.78080439543544,0.38802621187363834,0.15710648148148149,0.009224537037037036
0be7a4adf,0.49540502450980395,0.2987577079945032,1518.405977031357,0.1237988607480029,0.09499421296296297,0.1672511574074074
8b2be8807,0.5353720724400871,0.30531757123297354,1208.2374452103895,0.21522567175018156,0.1643865740740741,0.09173611111111112
9c33e8db3,0.4016252287581699,0.1950298233293693,1787.0905434360418,0.2603224509803922,0.03465,0.015133333333333334
6adc3bf2f,0.54785970176076,0.2791260916265912,956.8383350734542,0.23787289959055244,0.10463767096796878,0.123419242173857
66a1d5bc4,0.4346567647058823,0.2385154057483626,436.61848442159726,0.3864473529411765,0.04013333333333333,0.03526666666666667
2c137b9a4,0.42896222222222224,0.15902770991660814,83.7481190663889,0.15032372549019607,0.0515,0.0022166666666666667
76c276834,0.4877701160731851,0.17749618659508273,1956.8220505852844,0.11914046822742475,0.04321070234113712,0.008645484949832775
8e77d52ad,0.38917003838572467,0.2725373081238797,1252.4271434139998,0.1794069232631324,0.13998567019400351,0.07662588183421516
a00eaa0fb,0.4427703794480755,0.3091219503186432,1915.4760969181013,0.11732954339143065,0.16638310185185184,0.14418402777777778
3ec367f79,0.4966957843137255,0.2480742655450663,5615.211274999375,0.23981447712418302,0.05068333333333333,0.06163333333333333
19db3e21f,0.49909350582338197,0.2407140037400263,634.9534425349087,0.25654643962848295,0.04591165413533835,0.03295112781954887
d86d7a70e,0.5057114306463326,0.1438159992047762,1173.1811534924555,0.29985737109658683,0.003274074074074074,0.004237037037037037
976cd59b0,0.4114236940870098,0.2311507794984131,1855.967877983898,0.3372934761795343,0.09486083984375,0.0409228515625
004a26127,0.5478190864360726,0.2502211714226568,244.80696447418256,0.14843243739443343,0.0275187265917603,0.00013108614232209737
b6c338f94,0.4821736564996369,0.1601550976371234,4165.069413628171,0.273980755265069,0.0022916666666666667,0.0019733796296296296
8670bd551,0.4579871241830065,0.2360151168073236,223.2594874982639,0.361935294117647,0.120325,0.0347
fd3c1a3bb,0.5872591528799019,0.20659114845156315,1036.4898771116468,0.12938573580473856,0.04443359375,0.007981770833333334
2b0b80ef6,0.5021023704537637,0.185888084915438,281.2802840757811,0.41351660959439596,0.022188995215311005,0.033223684210526315
b80a19455,0.5009309002246731,0.15065301629044522,90.6524467658043,0.17779169219771243,0.007366536458333333,3.255208333333333e-05
d8be7f8b0,0.5462298751531863,0.31521456376436807,708.113896484375,0.16725283394607843,0.056630859375,0.25935546875
0e80de8ac,0.5829317671984048,0.18618414986940027,165.24643790559884,0.09897344425058159,0.012092161016949153,0.05754502118644068
4a4fb4974,0.4128344680464779,0.27083263508940586,496.50079081384894,0.25970915032679737,0.15709490740740742,0.054675925925925926
5b59ef7ee,0.23851513071895425,0.1812366151827222,150.2797134266667,0.8478013725490195,0.33013333333333333,0.0
1d7e844a7,0.43981972244916484,0.30758780352698584,958.8270605455667,0.1448553808097313,0.12667824074074074,0.16375868055555556
41e069381,0.3584964382756848,0.21193041456320907,445.2498402305229,0.29712994785929353,0.24395131086142322,0.00018726591760299626
d1962ab4f,0.3477888460439874,0.21521483527839275,519.3874266170635,0.40205376195036713,0.1709672236503856,0.018712510711225365
0d6b8efdc,0.42815580717419993,0.3078273578665601,6279.869396999821,0.23341950965049557,0.21553364632237873,0.07355242566510173
503a096e7,0.5785641306330961,0.33226159572531616,714.6641735397532,0.29146098286057714,0.16685823754789272,0.22114121510673235
206db8d8d,0.40095766321509874,0.24206032831540114,388.48161644775143,0.26313358302122347,0.19051498127340824,0.0003838951310861423
599d24d23,0.5199268137254901,0.2897596528637113,685.6637548546485,0.44309642156862744,0.12965,0.13985
1a0395c7f,0.5308692624777184,0.34299771738390494,676.763910737918,0.17050929144385027,0.12478693181818182,0.26451420454545455
4f1d86875,0.5641032821990047,0.29308788555056503,3444.6930051526706,0.308748275835791,0.06597357170617955,0.20739409249902838
62b9cb163,0.49911901960784316,0.2150468143690593,1097.5716440882638,0.4616196405228758,0.0197,0.042366666666666664
4a93b3e4e,0.5776230147058824,0.1450524807866351,826.2050159577734,0.4648852205882353,0.0048625,0.02206875
991eba9f9,0.42731563180827886,0.2508538411826808,742.969942095336,0.36115554647785036,0.14070601851851852,0.02759837962962963
8e2723a38,0.5330110804738563,0.1485625033220788,708.9413183773842,0.1801045241013072,0.004518229166666667,0.02493923611111111
8f128d3ed,0.41566888888888887,0.23622892832950976,412.88585382638894,0.18419643790849674,0.1567,0.0026666666666666666
497ef36aa,0.5292386274509804,0.20954734298508335,1389.088661859375,0.2476905882352941,0.0029416666666666666,0.032
af514b027,0.46685811274509803,0.19818194276273265,285.08319683589843,0.2734826225490196,0.0192,0.022525
5cba5c76a,0.5593107298474945,0.1978579829741148,2328.4993948349943,0.34834283088235296,0.039114583333333335,0.020164930555555554
a2cf852c0,0.6040607580824973,0.27885788991098415,208.05607027431176,0.1855197062102433,0.027132107023411373,0.24732441471571906
a16c6d55d,0.46552225490196075,0.14013610929129008,199.1566219288889,0.21823875816993463,0.02905,0.0
7727b4dae,0.37925596283289437,0.22323196053583746,833.818814953132,0.30732257828504533,0.11335820895522387,0.047994402985074625
1a91262f6,0.3610174509803922,0.18776770760417943,232.13821314993058,0.2229552614379085,0.14626666666666666,0.0
3f834da3b,0.4323469952795933,0.25183612269392824,822.2989297191143,0.3115305010893246,0.11748842592592593,0.0196875
f72d7a939,0.753100816993464,0.2435082316734013,108.67025464888889,0.09030117647058825,0.003941666666666666,0.36705
779d50e4f,0.3967846405228758,0.19384943456374243,529.8025041232639,0.25938977124183005,0.037175,0.0253
ee93b2d47,0.43428458596054803,0.20900184486248827,1402.6332170491817,0.3920391337230313,0.07135166435945459,0.03370339205414258
8849d3fe9,0.6500168627450981,0.24635084205386523,157.95926129972221,0.24145774509803922,0.016475,0.2503916666666667
143d10038,0.528319074244281,0.21918731490099067,1187.9271549407533,0.21013943780637256,0.005865885416666667,0.09769856770833334
a1390d450,0.5268327124183007,0.2622497025352257,400.5942729955555,0.41899156862745096,0.08118333333333333,0.10458333333333333
7df56218d,0.5002857440298372,0.2875529673530192,1177.8576807691506,0.20531880850216355,0.1450831024930748,0.12229339796860572
0ede86b28,0.4616827589621707,0.30646145006152103,158.29230945821854,0.41672896523163905,0.11451446280991735,0.21358471074380164
392caeaed,0.49612414215686274,0.24221944858076586,307.328871684021,0.17820373774509804,0.0031328125,0.0993984375
f904be121,0.3823059477124183,0.23298873405067527,64.30604814159723,0.3255766993464052,0.16811666666666666,5.833333333333333e-05
1ba488d80,0.528864984265311,0.3055946865062958,408.43830942495185,0.14521014887436456,0.07336419753086419,0.19830246913580246
79ad78fc4,0.5739966334894614,0.17035939560901991,5449.724291596028,0.09218616544978647,0.001244145199063232,0.03591188524590164
a6239b2f3,0.5831263725490197,0.23200469373627733,308.0031319722222,0.1789845751633987,0.0237,0.11484166666666666
6da53f587,0.5615595205972297,0.2424372766436098,1563.201853882015,0.22167468669424956,0.010000955657492355,0.12198490061162079
c240d153f,0.45689841890513433,0.21799921899024777,333.66767352729585,0.34180919188484643,0.10677023121387283,0.013721098265895954
29b60faaa,0.48003170690241415,0.11707705276259879,383.26842237247945,0.2077839170350221,0.0025433526011560694,7.2254335260115605e-06
000a290e4,0.6842906454248365,0.15309332866950123,1628.075039356373,0.16037184549745825,0.007928240740740741,0.014890046296296297
f6575f08d,0.12761163398692812,0.17738905018619414,139.72733474416668,0.5790167647058823,0.6999416666666667,0.0
67a68df4a,0.3348019964690857,0.2685761660975616,845.6766428302614,0.5225247915258057,0.2813278256704981,0.05440613026819923
2e1de0bba,0.5536197278390522,0.20479327103960998,98.14108666736814,0.21445203993055556,0.006946614583333333,9.765625e-06
0038c9343,0.5991990196078432,0.16595658416995845,502.95394730666663,0.13970297385620914,0.0062,0.016925
68046ca33,0.5064446410143004,0.19117359858352023,1070.998247743566,0.10168358395989975,0.031231203007518797,0.0018890977443609023
18cd75354,0.5916954732510288,0.2187105381246479,213.468851462239,0.16281318082788673,0.06704475308641976,1.54320987654321e-05
19f0ef706,0.46843725989612145,0.21218461892429757,502.17315597474345,0.1986215636332903,0.054263812695924764,0.0032768416927899686
07877aea7,0.5422969063180828,0.19282010709186248,845.1219616788889,0.13039063180827887,0.015844444444444446,0.0005
322b32801,0.3794591176470588,0.23312100791668994,917.9132774249306,0.26180049019607843,0.13381666666666667,0.023091666666666667
97a10da78,0.6710824509803921,0.1572731433375278,2983.420427333333,0.23380944444444446,0.0008416666666666667,0.07994166666666666
f2f8667a2,0.5395288977014027,0.1684483716518526,100.72197748591998,0.10597407652199457,4.6816479400749066e-05,0.05306179775280899
9ba39bba6,0.5281271568627451,0.18669368534700392,594.7142437332639,0.3045256862745098,0.008258333333333333,0.024516666666666666
97b9ee40b,0.43639318432290947,0.176296969324449,188.8802802926898,0.17199796516967442,0.008266247072599531,0.0
4fcd7cfe0,0.5236859803921569,0.37060454000154724,4284.416199874931,0.3247655555555556,0.16318333333333335,0.3571416666666667
8528b3d49,0.3438457080610022,0.21351483161071827,580.1628256666667,0.23708945533769063,0.1307111111111111,0.0015555555555555555
8ac1e8eb6,0.5292107343154275,0.25108179846741097,1581.6320465315641,0.2876724941278595,0.032918294270833336,0.14813232421875
56e91b142,0.515078883194692,0.19538019186206046,335.51678352529547,0.1534496311150723,0.041532512626262626,0.00011047979797979799
8a04b2403,0.45581633986928105,0.1848601453963893,213.01733267993055,0.42541117647058824,0.050575,0.0014916666666666667
ccdc0f862,0.504384008714597,0.17013437557629874,4804.006443614692,0.12287599128540305,0.0038555555555555556,0.006411111111111111
0cc3e27b5,0.5730763071895425,0.16724816723784375,815.1593879822221,0.08711019607843137,0.016391666666666665,0.0
169184766,0.4542431249229251,0.2945837314477419,1074.0930791837252,0.12822481193735355,0.05158805031446541,0.12479559748427672
a0825ad18,0.4624717320261438,0.31668611160473376,2989.2017321597223,0.34923160130718955,0.22021666666666667,0.118475
8ac51d5ce,0.6732364106753812,0.2828846006011751,562.1791392584877,0.2863388888888889,0.0029861111111111113,0.3364375
f8bf52aea,0.4247934640522876,0.19944356321297266,1161.0425689476542,0.17082505446623092,0.06443333333333333,0.02698888888888889
02d9e61ca,0.696569270565369,0.2424072782019291,126.62958702590261,0.10120557746908287,0.0004919825072886297,0.4119897959183674
1e7159da4,0.6342551911008892,0.17447205394689627,417.23990218878356,0.2206914121621558,0.006460444786012777,0.022215284115471443
434a2904c,0.4758369970383987,0.19439071828663138,9155.515314771006,0.18925699550653594,0.013795572916666667,0.036878255208333335
7cd5e5195,0.2655790951797386,0.28581938628440917,1260.2252935998235,0.3374696691176471,0.40866319444444443,0.06631510416666667
2fb24b53d,0.41875427006740196,0.2670299689814734,2056.8921514838935,0.23215337775735295,0.20887939453125,0.060185546875
1940b59e7,0.6017721162043412,0.21109274427526906,223.24197475636458,0.24667725752508363,0.022441471571906353,0.0952675585284281
f69bd4b27,0.44068666666666667,0.19317666961172109,405.8462410748438,0.23344274509803922,0.08605,0.00190625
ff5ea4f84,0.6029618591622695,0.15225139056841508,608.7526349874724,0.1319423816038043,0.00027408637873754154,0.028480066445182726
660cd67ed,0.33257173124433187,0.15288568644137507,229.69827354290433,0.41509133517840946,0.0539274322169059,0.0013706140350877192
cf162bb42,0.3274860130718954,0.21703006476016093,327.52179024659716,0.40741647058823527,0.199125,0.0013833333333333334
386e1a0fd,0.4391011328976035,0.2066735407504361,417.32081372333334,0.18606261437908495,0.07755555555555556,0.020555555555555556
155e1f0ca,0.4295348366013072,0.20507242613984406,484.90993442159726,0.20800947712418302,0.01635,0.0009666666666666667
7a31d17c7,0.4437806862745098,0.19403841603735567,362.12459059555556,0.5328808169934641,0.072875,0.0027416666666666666
5bd3c6eee,0.7745799673202614,0.18148168544318655,978.2442333288889,0.12791372549019608,0.00025833333333333334,0.312525
861c903b6,0.5138875128998968,0.19287484235914185,3161.1955577900635,0.12333720330237358,0.05565789473684211,0.004953007518796992
7b6f894a1,0.5136262091503268,0.2061231561225849,277.1005999863889,0.3014014379084967,0.02,6.666666666666667e-05
728ed1c0e,0.51312348583878,0.2980922390313707,373.0267225044719,0.21982193173565723,0.13442962962962962,0.13979259259259258
3f38aabf4,0.4941125030259017,0.22355126454891416,200.91068803530095,0.4373824739772452,0.026550925925925926,0.0764429012345679
fc93e5aa5,0.48279045751633987,0.2080314452003961,8817.979437633265,0.1549140522875817,0.02205,0.03373333333333333
289d0bc8a,0.5272400326797386,0.29254672780620994,2475.5981584999304,0.2397614705882353,0.060475,0.177675
8335d65e0,0.7277630430263978,0.31362180810705154,8816.32242562368,0.16488993972147162,0.04887809187279152,0.5274469964664311
8d1dce21f,0.4957142310049019,0.12642896585833843,448.90721506546873,0.05031520629084968,0.0246484375,0.0
628a224b2,0.4659072271318543,0.3120629433221644,1207.5275638202074,0.16707965110927,0.16917546948356807,0.13668818466353677
1303e86df,0.5229882026143791,0.1612082886250387,490.77368618326386,0.322848954248366,0.0014333333333333333,0.0232
752b2d9c5,0.512145287453085,0.2723071151940906,1746.1474078032104,0.34535660418013364,0.08030922565806287,0.11346792742141579
eb6bb82fd,0.4855894117647059,0.21340694964134216,1257.5413223049306,0.18179950980392157,0.025283333333333335,0.054016666666666664
d9c151e72,0.47917099417892156,0.2595846923017957,2451.991140030755,0.3981851511437909,0.15962565104166668,0.045149739583333334
cc08b4198,0.2221734068627451,0.16162091591841438,210.52085398787858,0.4284677830116422,0.3602587890625,0.0
0691034ac,0.7084547712418301,0.2084408863254207,622.0972435988889,0.2655080392156863,0.01295,0.2432
8483b2161,0.5088224854756717,0.18287697157165833,690.0110739474826,0.12959359114015975,0.03539351851851852,0.0010011574074074074
90f1bb168,0.553550564236111,0.19650957462634622,984.5001094138993,0.2019694393382353,0.00958984375,0.003899739583333333
0e6492f0d,0.516591030394966,0.20951216148882215,2325.9888981135427,0.3569963902466431,0.027889207258834765,0.059652578796561606
c5ee96818,0.4427345098039216,0.2034393198936484,925.9949665895061,0.2890094553376906,0.05021111111111111,0.017644444444444445
f86b59db0,0.6356496732026143,0.2972394398057192,276.85663526222226,0.11526398692810458,0.08879166666666667,0.21356666666666665
813db4d5a,0.37106690268700077,0.2526118681134619,416.29471482713905,0.23825816993464052,0.11875578703703704,0.05157407407407407
6ff9b83f0,0.38367298023015894,0.21413651488713661,647.4291785537873,0.3086258310013474,0.1088970816861369,0.0041131790521032295
3b901ae31,0.5082090849673203,0.24934602687332844,803.4967479327082,0.14769006535947712,0.07394166666666667,0.080625
a83683f66,0.4418165849673203,0.21525148437325023,188.31221139589945,0.18798349417892157,0.05774739583333333,0.00212890625
e0ee00f9a,0.3927322222222222,0.2380734157540108,865.2114214330555,0.17941702614379085,0.09986666666666667,0.034183333333333336
c9c023b3e,0.4791545567426692,0.22898667136588127,1611.6779646361115,0.35576975149450485,0.12588726513569937,0.001662413979741746
e9e263ee2,0.38360851970996734,0.22825140670851238,2131.6616118621723,0.216480775122549,0.16785807291666666,0.004156901041666667
42103b22e,0.32164512527233113,0.25582524095839765,582.1866813819445,0.1443075163398693,0.19035416666666666,0.04671527777777778
0ef640aaf,0.5618038562091503,0.17066920437366173,104.52844145493056,0.11567091503267975,0.016066666666666667,0.08984166666666667
79ef1fd27,0.3589611386723364,0.24481638478125328,3761.0325450153023,0.24703201039451925,0.24445783132530122,0.017058232931726907
9a7474fd8,0.5896641830065359,0.14657302349053375,201.49663891659725,0.12262326797385621,0.002958333333333333,0.010383333333333333
b78b30c18,0.47194859825952856,0.1830536280497296,5748.676547573926,0.4909643047293824,0.012347846441947566,0.003089887640449438
e470b6bd3,0.4905185947712418,0.16934415005586476,111.33618331555554,0.18591496732026142,0.00025833333333333334,0.05699166666666667
111be067f,0.42386371338658924,0.20692082226724526,221.60572418243217,0.4979086782861292,0.06103395061728395,0.056010802469135805
5bfbb098d,0.32736928104575164,0.28345483925087844,27.115099033055554,0.16516081699346405,0.29641666666666666,0.052575
07bd5a7a9,0.6917833570379502,0.1937551537462741,332.0170503831985,0.045010919291007895,0.004729088288034879,0.04867386285057956
375794bcb,0.6192333798273407,0.16743400486305055,253.60573933796306,0.44039379276300683,0.0031762295081967213,0.02265807962529274
3013d9169,0.6947208378721859,0.3611498321577459,3404.8362683199575,0.11865107570806101,0.16016203703703705,0.5000868055555555
3feae3fb7,0.5374428431372549,0.18793200082044403,265.7331632693749,0.2990650980392157,0.0182,0.006458333333333333
01e4020da,0.5227208605664487,0.2351008110033976,1347.1221742754146,0.4559057280319535,0.020908564814814814,0.05475115740740741
7930e4752,0.4786189124318367,0.2525939225017984,5088.896199492698,0.16530854797540318,0.04323687130177515,0.07032636834319526
531e56f63,0.6128858478576615,0.23405254356272162,2829.139306476659,0.22111027142338416,0.0037731481481481483,0.054322916666666665
21415ffb9,0.5308939035384268,0.15747449953337272,387.6904656162782,0.10988795920667117,0.026329022988505747,0.004288793103448276
07914c759,0.41759722547271066,0.19858165611236636,3871.5519153877485,0.34037658141868354,0.0568064892303471,0.030199615859514337
77c9c2e64,0.5833687564499483,0.21016416298688456,1434.6264285854832,0.10151181630546956,0.01969736842105263,0.014236842105263157
212157776,0.4643485165601821,0.3181521243914526,164.47669828638615,0.19722504498053905,0.22493562734082398,0.0017322097378277153
5264d253b,0.32868453159041394,0.17008289406985982,456.0737396128395,0.1648362962962963,0.0686,0.00981111111111111
06ed12b93,0.31838692810457514,0.17312279252791993,74.47074216604167,0.22936133986928103,0.11573333333333333,0.0001
e8a1f3d1b,0.41456302052593613,0.2070931301824093,279.385514491938,0.6469590137058168,0.037274247491638796,0.04011705685618729
155126a9f,0.42642072994389496,0.28715652710388256,2155.7067477658566,0.3317950141708601,0.12259587020648968,0.09929203539823009
8106b5f6f,0.47615614379084964,0.23203065828507863,586.63312296,0.27480297385620917,0.07581666666666667,0.031716666666666664
39818f12c,0.43152531403186273,0.21539426079013319,277.29749509149127,0.09589096966911764,0.02373046875,0.048408203125
121c5faca,0.5310160427807487,0.22409407189213779,2857.2183410768107,0.31213883714875124,0.03534218590398366,0.09356486210418795
ccd36a0f2,0.37196570329520695,0.14163810089830003,44.67933113878038,0.11382330814270153,0.005993923611111111,0.0
c2fc23444,0.5624241656927671,0.3053925102493493,1403.7343211745101,0.1430034086482275,0.045008278145695364,0.2406043046357616
531452675,0.46851177832244006,0.14075892788985095,243.75481751995326,0.10387511347131445,0.050104166666666665,0.0
49c5dbda7,0.5768871783088235,0.2721188688002226,3811.006454314125,0.19133665236928105,0.04722005208333333,0.17900390625
830b62870,0.5332772543913399,0.2706420669761662,919.5571563781631,0.17022714971405228,0.039889322916666664,0.06253255208333333
26161bad4,0.5061626012031691,0.12490064903614619,232.97036360524473,0.12463878920268373,0.005349248452696728,0.00635499557913351
49f06aa59,0.5304225163398694,0.17781079877920952,365.80618776604166,0.1335684640522876,0.01735,6.666666666666667e-05
21a56b530,0.4840814151747656,0.25743678054078134,54.11323116368003,0.31266797588600653,0.10877329192546584,0.027142857142857142
c50926700,0.17432407407407408,0.16581684167899183,884.2402347113716,0.3089648465867829,0.4968402777777778,0.003923611111111111
1dcd8bc8a,0.4502816170689974,0.24731207125153343,449.32788099843697,0.20355788128930816,0.09063237028301886,0.0012124115566037735
2cd806c03,0.3807872721354167,0.1873042884943864,2590.50264952659,0.2562433651194853,0.0278564453125,0.0331640625
794c57f72,0.43311267138434323,0.274770303810239,205.0718421844084,0.16118833849329203,0.09074248120300751,0.01986842105263158
47fc12331,0.5061752578635621,0.17877600976870575,3586.2839206735293,0.1499018714256536,0.029134114583333332,0.026318359375
1d1c1d51d,0.46503050437042287,0.22218817681482045,861.5478893820199,0.31181345972123786,0.0579894578313253,0.014548192771084337
fed21411c,0.6970359289113135,0.21083640851688143,110.80861626652427,0.11023745795389285,0.01601725941422594,0.2535368723849372
2b6fe231b,0.5264129799409304,0.27010322899500394,977.8245379161257,0.33565254789154153,0.038098195606694564,0.1768828451882845
0cda0894a,0.6970834921931736,0.22861969541776087,539.156173521057,0.16415025871459696,0.010451388888888889,0.16321759259259258
cc261e309,0.48791232026143794,0.2907119403746255,332.95481360416665,0.34812598039215686,0.07986666666666667,0.16718333333333332
a39034cfc,0.7581861437908497,0.25888638669041425,295.94690556659725,0.2963370915032679,0.01865,0.5901333333333333
637e741e8,0.635099841407151,0.26888100331073744,2624.204086276763,0.238295235005767,0.05280330882352941,0.26228860294117645
10fa4505d,0.5208705148726157,0.24666220012801163,991.5852431306836,0.2728302987861811,0.06353741496598639,0.07263605442176871
b3995ad50,0.43352067447349313,0.1542883830132345,3749.554864883101,0.13058321986201887,0.01495949074074074,0.01587962962962963
c0574c31a,0.48291065268700073,0.23773563046514126,1566.0090032109683,0.5675996278140886,0.062280092592592595,0.09293402777777778
b181fa99a,0.4304356163761801,0.3010614896807648,586.3988913558813,0.28125551470588234,0.16214699074074074,0.07634837962962963
24890da9b,0.5183048928383613,0.31016328352465794,2201.369725506444,0.19566588321152217,0.09184455391351944,0.09085933223864258
91328d9f8,0.4961074573347858,0.21638335079409407,445.3330760781036,0.1406311274509804,0.05189236111111111,0.04356481481481481
577c72b39,0.5257062091503267,0.24975869423103497,1646.2465227455555,0.13660856209150327,0.04715,0.025016666666666666
d6e6e7d6c,0.44380219680464783,0.22044279355307952,1418.3697756296083,0.1321964415395788,0.05938657407407407,0.04453125
f618c35b8,0.489356339869281,0.20394783190286334,83.85923340104166,0.10594898692810457,0.10148333333333333,0.0004333333333333333
f5fc7d4a5,0.3924960130718954,0.23022666799571662,518.5164999982638,0.38944598039215683,0.09658333333333333,0.035783333333333334
9b9873716,0.46188300398284315,0.19609188436175912,4526.834172456699,0.15821305657679738,0.01373046875,0.058014322916666666
52ed9719f,0.355999403332207,0.24701705116071462,454.5255263123534,0.31946763490367425,0.22452148069288264,0.02402022756005057
e7c1eb9ec,0.5477989240264352,0.14934280666026775,698.9092847386349,0.13091528756349338,0.003649025069637883,0.012054317548746519
331476348,0.39835012708787215,0.2356674990420097,457.5506872962481,0.2569539533405955,0.06351851851851852,0.043362268518518515
abadb839a,0.64267481958061,0.19315472118433322,418.81406095225014,0.29477784586056643,0.0,0.1443185763888889
e899d33d5,0.49382274509803925,0.20636538793775178,1485.4473659228395,0.19178113289760348,0.02727777777777778,0.012011111111111111
cccbf8c47,0.5273927242193174,0.17341045404473376,8942.316646175732,0.24554187091503268,0.011371527777777777,0.020931712962962964
31081d71d,0.4062412173202614,0.19797231247158995,505.9127757263184,0.38814933108660127,0.05656901041666667,0.00236328125
c5aeec694,0.42942761437908494,0.17185747265113344,185.00393949104168,0.20314555555555558,0.021508333333333334,0.0
f231e1f78,0.5205207843137255,0.14180970208589438,277.3442877511111,0.03126657952069717,0.010533333333333334,0.012944444444444444
1ce065496,0.48608859477124183,0.15004656003176686,114.73112149159722,0.29185352941176473,0.007325,0.0
8a3bb842e,0.46458744855967077,0.23661210233951854,469.3611948073251,0.17026603727910916,0.02185956790123457,0.08239197530864198
8009b7ac8,0.45987075163398694,0.21560826148558654,446.4845783455556,0.21865584967320262,0.05225833333333333,0.030125
fe2209833,0.43514022875816993,0.22406667808601258,1993.2070711649303,0.24529199346405228,0.10010833333333333,0.00945
4f412d0fc,0.6333949709513435,0.2490734966535257,344.07414150481054,0.15417354302832242,0.010109953703703704,0.3037210648148148
67ef0c9a6,0.27410092422385623,0.26756787696644113,1292.9474518310124,0.09906104473039215,0.3634895833333333,0.06100260416666667
6e642352c,0.6001879595588234,0.24020566008862063,2557.4449040879804,0.11039293981481482,0.0026171875,0.1900564236111111
732a2ed35,0.5078037601872025,0.2374118562325893,2127.2539690671097,0.25227265391753406,0.0862037037037037,0.02780864197530864
dd9ee4a38,0.4376843724468954,0.2683593957102116,2603.736724309243,0.3500400199142157,0.11162434895833333,0.0597265625
1539be087,0.5002434186637618,0.20594330075722506,4884.077580855624,0.19477101488743645,0.024293981481481482,0.04891782407407407
b12e22341,0.5913795682592287,0.18039632444537212,882.7134703728041,0.12241450336002946,2.9342723004694835e-05,0.03034037558685446
69b79d62d,0.6782205277172597,0.21059137143546072,121.02034026771594,0.13931430041152262,0.0,0.1396141975308642
b59e875ed,0.4687814693778746,0.34232076391201743,1062.7005096191035,0.26933339385136773,0.25256172839506175,0.2072530864197531
a45142177,0.4964573529411765,0.2778715147415168,99.59784941222222,0.2191819607843137,0.043425,0.06715833333333333
f45171393,0.45722909101912373,0.22221888293278283,1327.4542889226468,0.3705134047446139,0.046496913580246914,0.010339506172839507
0e83fbe2a,0.4871068064688111,0.27806284273917403,938.1864792761567,0.3834484331496949,0.07169939577039275,0.1298262839879154
ae14a91dc,0.33223599128540304,0.23932762442501085,413.4823501017284,0.33636641975308645,0.2541777777777778,0.0
80bf7a371,0.46520570079883805,0.20222776272094273,2681.354820584136,0.3114098583877996,0.025225694444444443,0.051145833333333335
ef8ddd70b,0.4849378104575163,0.17864571155366604,823.9114487343751,0.16487960784313727,0.0,0.06950833333333334
859b2a95b,0.5069664361178262,0.304167557222576,1735.5736908061938,0.16507255013877695,0.10098458904109589,0.18510987442922375
97dc40c6f,0.3655283394607843,0.2599715524178119,1549.1099090643802,0.35581411696623094,0.14690104166666668,0.01545138888888889
553164b93,0.5588556445613475,0.2432728732623371,311.8025493300835,0.11104279584462512,0.0715701219512195,0.034375
39ec77c60,0.3214372797947304,0.2815711632204903,622.8625567245483,0.5212774203431372,0.39561767578125,0.0207470703125
7988bce47,0.3445640008812514,0.19955733410362278,363.4698876053809,0.20704968054637585,0.2025,9.363295880149813e-06
cb295209a,0.5351268553398371,0.3511980550013271,297.5673736589364,0.23452144842611375,0.11736453201970444,0.2878352490421456
f03ea3fd5,0.4274153957879448,0.18116587023294095,1417.3149158516587,0.29646752450980396,0.001736111111111111,0.021846064814814815
36ea16468,0.4216902614379085,0.3032424367817433,8272.335288694374,0.28389741830065357,0.24651666666666666,0.079
eb77ec282,0.41171079292372686,0.1862984753867697,993.6010074276654,0.38210573368691736,0.06989900468384075,0.003351873536299766
e11e6cf89,0.6177057843137255,0.24011448076194455,1453.527974544375,0.05360228758169935,0.04761666666666667,0.06464166666666667
b48d47214,0.5429857536764706,0.2964522195399265,3852.136724368185,0.1586609987745098,0.0586767578125,0.190029296875
1f983f20b,0.62743,0.12710353826954707,212.32287982496092,0.2160114705882353,0.00630625,0.00520625
b3ff03304,0.46408843954248363,0.29490490020702587,630.6516934156043,0.08078397331154684,0.20059606481481482,0.030167824074074073
3f7ef9681,0.46600331154684094,0.335608230627327,279.8012972903155,0.19378602759622368,0.3061185185185185,0.08223703703703704
466862270,0.4000199028685548,0.25298339105858303,1005.2975873070652,0.19478853485838782,0.06183449074074074,0.019809027777777776
e01638894,0.4172271115164412,0.255389931442264,833.0513788218857,0.384499924000608,0.14080749354005168,0.035633074935400515
de0f0272c,0.4761374836601307,0.1878258230826763,1072.244907766389,0.18312477124183005,0.026983333333333335,0.018783333333333332
d3a4afef1,0.6185356299927379,0.28468874114549664,96.26971643247252,0.16028803558460422,0.024369212962962964,0.2529166666666667
1f2573b47,0.4650550836882088,0.13840931093158032,65.84503479441145,0.2236391111735068,0.02463206046141607,0.0
5971c2462,0.41882652505446627,0.1894312367684436,152.71853662497855,0.23256190994916484,0.030694444444444444,0.017638888888888888
6120ace5c,0.506384703589038,0.2888915033312174,1907.4880933618463,0.2097617532393074,0.16081140350877193,0.06115497076023392
40fbb932c,0.5214639615105302,0.30538081960977614,1388.8125292432912,0.11036955337690632,0.12155092592592592,0.15095679012345678
f22aae8af,0.3740766839143065,0.2772346905137504,553.1574819347659,0.34120315904139437,0.18645833333333334,0.09931712962962963
f08503742,0.39743128177196807,0.27688899792888233,497.84115386278773,0.23701464536431857,0.11318672839506173,0.12270833333333334
09ca98f7b,0.38232281205165,0.27541653828661394,362.1514994396405,0.24719020291043245,0.09525261324041812,0.09062717770034844
65a98c48f,0.5725765359477124,0.17585120864876919,2869.557229324931,0.15752124183006536,0.00775,0.029675
93a9e05b1,0.4644215943595286,0.16747622417621713,4497.050894562589,0.185900193848318,0.059352580927384074,0.0004899387576552931
d4c153877,0.4046602441902687,0.2610423941791398,838.00266621787,0.2633089143064633,0.10380787037037037,0.10408564814814815
0c1e8a6f2,0.5383491115196078,0.2548671881455141,805.9540606969595,0.12576615157781865,0.00118896484375,0.11031494140625
99daba941,0.39064389935661764,0.288961983214082,1514.608942037368,0.25135313265931375,0.2071044921875,0.09058349609375
7cd898f38,0.46099555555555555,0.17092432714672315,174.47896213135803,0.2842839651416122,0.04598888888888889,1.1111111111111112e-05
3f4fff7b2,0.3319916339869281,0.22158533437326722,3326.1726499375,0.6511612091503268,0.0326,0.04923333333333333
01e5d357f,0.5400087826797385,0.20121126375347378,185.0099645985712,0.1588930419389978,0.04500578703703704,0.012644675925925926
77a74852b,0.7167124183006536,0.21055318706004905,358.7056857482639,0.22340937908496733,0.0135,0.1485
0b051c8b3,0.48607923918631124,0.10412006604325706,817.6014312094958,0.2708166262759785,0.005861423220973783,0.0
3b2b69d20,0.5191501316944688,0.3066527927868628,268.7352143913421,0.1618066286215979,0.10618470149253731,0.20912313432835822
ac3a5c473,0.5677812745098039,0.21638663177779618,154.43599358222224,0.13057503267973855,0.015466666666666667,0.0
8cb325d19,0.48182647005162216,0.16294943479000615,396.8757391454402,0.16272180903012545,0.014655172413793103,0.0011904761904761906
bfab5f493,0.43494664011437906,0.25006665619100793,2051.2026824339127,0.3073016237745098,0.05040364583333334,0.091015625
f78698cc4,0.650937266573296,0.22068252309675027,2033.0070698332977,0.23444450280112045,7.440476190476191e-05,0.17348214285714286
d5053eb47,0.23730245098039215,0.18020895796928457,1270.9172166622222,0.49202676470588236,0.325675,2.5e-05
9b0744be7,0.7786451127267386,0.13250179316227526,200.7496654602218,0.27864481897627963,9.363295880149813e-05,0.31881086142322096
412d6c47d,0.32212457637375935,0.24063169296412937,334.23480978503414,0.2432828915516824,0.24233024691358024,0.0002777777777777778
ec4849051,0.33334444444444444,0.22160289255456803,1207.874903958264,0.4685568300653595,0.2553166666666667,0.013166666666666667
485772d7e,0.4219096450840873,0.21711106167918054,757.0910526015907,0.5353111282827308,0.0880952380952381,0.0017925561029009305
6b24d9186,0.3810309803921568,0.19827778150960104,182.1136271749306,0.31231111111111115,0.13844166666666666,0.006183333333333333
37e47eeab,0.5456034177559913,0.19647848014485841,825.8847399582852,0.15926706608569355,0.009432870370370371,0.00646412037037037
98ae607d8,0.37108934589460785,0.2315150918766254,628.5889150388929,0.5236154003267974,0.163642578125,0.008229166666666666
221cc9a2b,0.5438034330011075,0.2405639685602561,1432.201851046829,0.33513002410266435,0.04941860465116279,0.11524086378737541
329814145,0.5394856862745098,0.2187062723651743,480.4709047108333,0.1547537254901961,0.036333333333333336,0.06356666666666666
799aad68b,0.6145698692810457,0.1655584914091034,236.0619663455556,0.052393921568627454,0.020866666666666665,8.333333333333334e-06
f796b0a30,0.4304548100490196,0.28072194183326954,1148.9650920185939,0.2648849826388889,0.136875,0.09498697916666667
ec15875ea,0.677687320261438,0.24629343526410286,145.24810835305558,0.07070183006535948,0.02685,0.13704166666666667
610246129,0.5580901960784314,0.21466351022488298,838.7907292975001,0.3002218954248366,0.0016166666666666666,0.10178333333333334
bfdff0622,0.5780440984987745,0.2765016934413637,732.0235595702886,0.283561829810049,0.0208544921875,0.035546875
5e8f72190,0.5637770838929179,0.20596519149461934,1668.2349561736503,0.18708789394753336,0.01790810502283105,0.03125
b1ae07ad5,0.5873198039215686,0.23957030827485196,2200.161804044375,0.4197650653594771,0.011458333333333333,0.14985833333333334
dfb0b0928,0.47621124183006536,0.13780161293401477,237.21825453222223,0.1926085294117647,0.023166666666666665,0.0008416666666666667
d3e488484,0.5837695851488743,0.25146128492881054,1886.7422854229628,0.2666801243645606,0.03083912037037037,0.13591435185185186
a6fbe0f38,0.49164199800290487,0.19645619687573118,406.2106079812886,0.20456983024691358,0.03318287037037037,0.05475694444444444
c9d24314b,0.45148787581699346,0.22977633660143312,1790.9258006330554,0.2722009477124183,0.0609,0.04256666666666667
1fd056050,0.5316743464052287,0.2659656985863552,941.8266497499305,0.1951820588235294,0.006008333333333333,0.11384166666666666
38d23c02f,0.6436230564491422,0.2834970279442063,2770.7108861011925,0.36103616153492646,0.03326904296875,0.2877197265625
abd7a3201,0.5147916850950908,0.24962606042854427,1726.9403116057297,0.30066246498599436,0.03640037593984963,0.1255639097744361
5944cef68,0.4931763684640523,0.20536939548952204,499.0805415683322,0.3239091094771242,0.024921875,0.024153645833333334
b233246be,0.4923667375153186,0.24260854665890774,916.6532216157674,0.2729525696997549,0.039384765625,0.0860302734375
44db1cade,0.46677929829339143,0.30504438626079405,202.91762172014313,0.14354711328976036,0.21527199074074074,0.022962962962962963
f90762cef,0.417193728065939,0.1437268980604854,365.43209461315683,0.21297761250093905,0.026395730706075534,0.0
6aa6cfaaa,0.5563269934640522,0.26575779330837157,461.61620074437496,0.19665441176470588,0.034008333333333335,0.08616666666666667
4f9379256,0.4839522549019608,0.19505642754333316,2661.338481896597,0.16228820261437907,0.058008333333333335,0.000275
b43155295,0.418916598583878,0.24143890855460615,1077.7065517713422,0.29673924291938997,0.036412037037037034,0.06917824074074073
c9d955ac9,0.433875670189951,0.1828343896258454,751.2562746448457,0.353275208716299,0.0193798828125,0.01145263671875
dc4e92b83,0.6552912454044117,0.25156794015500683,2240.230237974161,0.25795723230698525,0.05205810546875,0.15746826171875
8e5356302,0.49893157679738565,0.31625241405314164,471.77393108589996,0.15197639796659404,0.12591435185185185,0.15530092592592593
ae3ef6983,0.380882443718228,0.22034747216145398,1203.8444127652392,0.2480366134107964,0.16727623456790122,0.010964506172839505
143a52d8b,0.548687679738562,0.301648686708267,142.23864999555553,0.32948022875816996,0.13875833333333334,0.09208333333333334
eda2151fa,0.3469847058823529,0.16545108462600533,255.30348756604167,0.09683359477124183,0.025591666666666665,0.021125
9d3c3c390,0.6028092156862745,0.17777159103084159,412.7444333610417,0.08538401960784314,0.0,0.006208333333333333
8a97062f5,0.4637283042846768,0.2965398678732225,1385.4116349086598,0.12377096949891067,0.1321238425925926,0.059577546296296295
5a3e60ced,0.353159738991382,0.26690925144419003,1926.6904312337078,0.1654173240177297,0.29340448823207443,0.024575807334428025
679d0c196,0.27598967320261436,0.18185579031544377,1886.4152918369134,0.5460209586056645,0.22114444444444445,0.0
8632f7132,0.5218191415142835,0.2662539912093054,4070.0962856466067,0.3684413554747742,0.03184105805243446,0.12244264981273409
c7338db23,0.523339705882353,0.2829126517545012,237.97918396604166,0.5108733986928105,0.0285,0.22109166666666666
1a849a445,0.5098258669208424,0.24655512198037735,2041.6169824587137,0.2468851216412491,0.03697337962962963,0.009450231481481481
cbb64ed77,0.5790563071895425,0.28315454308529797,366.4318818566666,0.17642470588235296,0.10596666666666667,0.07391666666666667
356d9395d,0.45905399147181153,0.21295848565558056,223.9550356802881,0.3911893152983118,0.08754456327985739,0.003732174688057041
9fae764f0,0.551432205882353,0.33237890611929904,844.0111882460936,0.1973731862745098,0.10869375,0.27005625
c1f4af354,0.4148406862745098,0.2813584160821137,2637.363937025204,0.14071801451409985,0.20230340375586855,0.006489632237871674
8cf93cab0,0.5272267610748004,0.1730228300645952,422.4769899085528,0.31930369462599856,0.0004571759259259259,1.736111111111111e-05
a63f6c6a1,0.24221704793028323,0.26045579623420817,2044.2951565098215,0.4379644153957879,0.5192515432098765,0.004274691358024691
a04c35bc6,0.527900522875817,0.23479603302585533,86.39727178993056,0.3644395751633987,0.0808,0.07574166666666667
0b3b23c20,0.4873546006944445,0.2663056485686629,827.2812193827205,0.29779082414215685,0.16059244791666666,0.028089192708333332
f2bb56f7a,0.46074771241830065,0.2537791923112861,2246.148836414931,0.16368718954248368,0.069675,0.044658333333333335
d6259561f,0.517054716981132,0.21712588361191915,159.11026025551797,0.2648975952645209,0.0340566037735849,9.433962264150944e-06
7cbe52a0f,0.35587602124183004,0.202171140266973,213.65423753372423,0.1624309640522876,0.06211805555555556,0.04932291666666667
f073c005e,0.5014207743282498,0.2238495284628628,1962.3451550282587,0.27368931554103126,0.060931712962962965,0.012112268518518519
0a0e8c15b,0.5168227777777777,0.1574599104312003,276.46017429159724,0.1834872549019608,0.004575,0.0091
2edd45e56,0.6349650716555736,0.2887949203664041,630.8782683544689,0.28004607143570986,1.91131498470948e-05,0.31153797145769624
2d8db1c19,0.6126372549019607,0.30213722521045827,5904.476003253682,0.136081724877451,0.135693359375,0.1785546875
24c1d5a33,0.5551742722405418,0.36097602261156325,1569.1599282904883,0.20030683792504342,0.18350192133815552,0.28112850361663655
6c62c854f,0.5991191600096829,0.15984216939426008,4306.684953395062,0.3875864500121036,4.6296296296296294e-05,0.03390432098765432
079f5f1e4,0.7210133215323167,0.28945271451581767,3988.1160766969947,0.16739574255628176,0.039461805555555556,0.4324710648148148
78332e36f,0.45131753812636166,0.23476461038623495,1344.5005178669408,0.34465265674170903,0.055316358024691356,0.04297067901234568
a3eb4fe4d,0.42895415008108506,0.2774761943199833,318.1382532633275,0.31068863334807606,0.2030263157894737,0.005798872180451128
87615b2c6,0.547556566772377,0.22676974096093283,228.88672144079064,0.22736099381622,0.0197063408769016,0.08815887345757635
8ef4b6cf3,0.6330378326879341,0.2142200264192429,189.36266832588535,0.09545843833876289,0.0014302507836990595,0.12565308254963428
78cb569c6,0.5068889623265037,0.26127776211287923,353.4655164317075,0.20896816479400748,0.0824625468164794,0.11554307116104869
5cd76da7d,0.33159392398934884,0.24303583749370058,355.2938491840397,0.3521663035584604,0.2063888888888889,0.00016975308641975308
ad6cfec5c,0.5500015082956259,0.20682608618916526,375.33274028807,0.30921355498721226,0.01382943143812709,0.0579933110367893
db6082ae6,0.5619972426470589,0.1569504158866468,5935.44359966277,0.12080844056372549,0.016100260416666668,0.015257161458333333
94610095f,0.4769847895040369,0.15437111703104547,13979.296973311797,0.5654038783160323,0.01750735294117647,0.0027720588235294118
a2c44e0b3,0.41625522875816995,0.29204490948370637,813.3873414565973,0.24242555555555556,0.17050833333333335,0.12108333333333333
e32f5a36f,0.37881666079605497,0.15717849751450277,146.58202122246897,0.39462918281084886,0.02529940119760479,1.497005988023952e-05
2e74deb7b,0.3403191238181096,0.2266272002816999,665.47171370313,0.29926365948678324,0.2435823754789272,0.0073481116584564864
bc0a5524c,0.40950773590686274,0.18478087712572144,439.37044904513886,0.3100214460784314,0.065703125,0.0018424479166666667
5163abb6e,0.3680096732026144,0.3088639268089559,319.8254550663889,0.20850895424836602,0.3482,0.09475833333333333
164462023,0.4767754901960784,0.23962811403842774,310.3887040641667,0.2135813071895425,0.09800833333333334,0.012458333333333333
e2a9dd71a,0.43049141612200437,0.267530537283221,1288.4245535165433,0.14708148148148148,0.19607777777777777,0.04627777777777778
f252006a7,0.6042939215686275,0.17574749974101625,336.6839443988889,0.16657127450980394,0.030683333333333333,0.017716666666666665
59a3ee7ff,0.28310219226579525,0.20041941547867106,497.3653122523095,0.37068784041394337,0.2941782407407407,0.005804398148148148
77d4eba90,0.5693773175937041,0.3424537645131227,2421.324066852281,0.17239902627717754,0.08657312925170069,0.31581632653061226
e6b28fc29,0.5150016339869281,0.18003458467354122,1355.575230937947,0.12009745200163399,0.06908854166666667,0.025328776041666667
b271a8246,0.39893824272133094,0.23145705654584198,648.7567233656703,0.1550730466428996,0.08629734848484849,0.022897727272727274
efb7343fa,0.38009819520489185,0.22159573476679267,912.8274042624628,0.17617333130547366,0.11198786793953859,0.030713007159904535
fce9a96ce,0.4246405909586057,0.21034542460837025,2507.2841155044366,0.37828084150326796,0.061869212962962966,0.016637731481481483
3f53ec8cd,0.5441107904539687,0.17237821582265522,536.7446062283833,0.3332949951901429,0.025711116910229644,0.0006393528183716075
2c7a8ea18,0.5134388235294117,0.1132457815740449,148.75422924104166,0.11539062091503267,0.004816666666666667,0.0019833333333333335
9801a0f9c,0.4464287939133987,0.2923710497561842,2237.4231851535374,0.2736493821486928,0.18138346354166668,0.07414388020833333
8a420e638,0.3809838804435632,0.16748566163357886,227.55791542173404,0.16115113461114783,0.0598314606741573,0.0015355805243445692
48d1e6446,0.5354636928104575,0.13032350722159428,104.65658512159723,0.16444258169934642,0.004541666666666667,0.00013333333333333334
6735cc397,0.4792862503025902,0.21897108489403108,1392.8854938078705,0.1463729423868313,0.007222222222222222,0.04548611111111111
56b63bfb3,0.39934895424836603,0.2411333859746488,740.6890865555555,0.2103492156862745,0.1499,0.039875
a75703051,0.44629970588235296,0.20665519943329813,577.3256046488889,0.1235856862745098,0.022841666666666666,0.037358333333333334
7b81592b9,0.4268603267973856,0.1431125566274955,130.0068504465972,0.24723176470588235,0.03398333333333333,0.0
6784b2fcd,0.4783990684396364,0.22307267668420475,1038.8744134881238,0.24958841774257598,0.01954022988505747,0.0007936507936507937
18da94e9d,0.3320916436887255,0.22995779596822907,541.4933064604759,0.25031415951797387,0.3606868489583333,3.255208333333333e-05
8fcdf3368,0.5068470152505447,0.23983425758165203,518.8034553480247,0.2278930283224401,0.09885555555555556,0.027577777777777777
6d1d7bcd8,0.5248482352941176,0.19350132775853576,221.50678317333333,0.2503363725490196,0.00815,1.6666666666666667e-05
edba94b45,0.5056900701252723,0.19128578746463912,182.50173941105973,0.11210137527233116,0.01265625,0.019943576388888887
f6e56c908,0.38241970588235297,0.3310094996993079,295.08248043604164,0.26148486928104575,0.2952166666666667,0.158225
167233db2,0.5364419934640523,0.21846081256417518,621.7625266439472,0.21985167029774874,0.04064814814814815,0.03695023148148148
622f08247,0.3878130392156863,0.20670454370421898,904.8943977065973,0.3594100980392157,0.08509166666666666,0.012758333333333333
90204109f,0.4147352614379085,0.19999988202130048,197.27501554104165,0.1543199019607843,0.08559166666666666,0.005508333333333333
3e463e29e,0.2644244117647059,0.31864335119742476,157.4310468197222,0.23064281045751633,0.5425083333333334,0.13591666666666666
b1f1a42bf,0.384824301016703,0.28808487416548617,2650.213909548611,0.2574123320624546,0.27189814814814817,0.07178819444444444
f69176873,0.4870636763066431,0.35641724499949623,4727.998436717431,0.2562808708767788,0.208561872909699,0.27020066889632105
82e86dcbb,0.5464740030843798,0.28760141470546235,383.138346840326,0.19227329808327825,0.12158239700374532,0.09859550561797753
0dbb0a012,0.485586303486912,0.22579034581579235,685.274055397823,0.1948333279672022,0.03645320197044335,0.017405582922824302
f2aac285e,0.4646269117647059,0.19252503372751692,1315.4146726985937,0.2633869117647059,0.0124875,0.0533
af76ac5bf,0.5143460229374769,0.24432324297114458,3119.6503084282663,0.3107763226045135,0.04556603773584906,0.12008490566037736
8b1b5fcfc,0.5343646143282216,0.2790278703495691,2302.9363566434577,0.24205710688944837,0.09783073929961089,0.11712062256809339
843f45598,0.33840496732026143,0.20828456618288327,1723.1961057465974,0.13265127450980393,0.015266666666666666,0.0003333333333333333
3890935ed,0.4516481481481482,0.23886028654644992,1686.5086270933334,0.3235298474945534,0.121,0.0012333333333333332
99e9a454d,0.09457928388746803,0.08436928205198568,24.320994026283262,0.43136927011607323,0.7974498327759197,0.0
9d1012529,0.6375873540427407,0.19803596420722894,2111.222603128726,0.1736448924138944,0.003820224719101124,0.08861423220973783
725ee6572,0.47736351102941177,0.17085353756225985,1209.2173258053629,0.17265985838779957,0.01825954861111111,3.0381944444444444e-05
3d0a4c45a,0.40866757379108226,0.16150862357540757,2920.203492228363,0.4517777196287768,0.056859430604982206,0.0004092526690391459
8f6a4a76a,0.4966603440739353,0.30374774242878444,2606.9390120281814,0.16401711002872485,0.13420249469214438,0.1646496815286624
b3543dda3,0.5975279411764707,0.23048329341466076,184.0354122122222,0.13805617647058824,0.04186666666666667,0.03555833333333333
7c17de5f6,0.4636774010530138,0.2877368055853417,432.5427790048104,0.33291276325344954,0.12330439814814814,0.14487268518518517
92ee6241d,0.5190938562091503,0.2153396878398709,250.81302827083334,0.1511838888888889,0.0037166666666666667,0.0005083333333333333
70aeba909,0.44139814814814815,0.25256065646381315,1059.9014525406367,0.3803897966594045,0.13155671296296295,0.030983796296296297
822193428,0.48545207253886014,0.25448858900793286,1421.623127404385,0.20517532764401097,0.09920336787564767,0.05457901554404145
e052a2a39,0.5232862157883987,0.2524681769787771,2071.270158118937,0.2945104549632353,0.07874348958333334,0.100771484375
77d395a82,0.3172576612799299,0.22493632055123208,483.07225586180294,0.2420864394625089,0.31734323049563135,0.0005953761694889044
68a603bc3,0.5641872125393367,0.32758728536889536,4494.01802434747,0.23783303074316145,0.18180555555555555,0.20709104938271605
bdf00be34,0.48218382352941175,0.1918587556330163,506.43983193749995,0.2798318300653595,0.012975,0.0
79799da25,0.539709241103849,0.1841315161082207,2126.4103346177008,0.10665668119099492,0.018153935185185186,0.024762731481481483
7d7eef3d3,0.44843315904139436,0.17797960922935774,3201.6986799995066,0.17537368191721134,0.020855555555555554,0.015322222222222221
649930cc8,0.43773629266521424,0.2293276589876585,455.0713294104724,0.2750702311788913,0.03945987654320988,0.0
fcfae453e,0.1492573147639118,0.15041026114675163,206.76475321662008,0.4251863966770509,0.5094470404984424,0.0
05e3bc1ae,0.3416608823529412,0.19816956106147798,183.61068240826387,0.437866568627451,0.164675,0.011808333333333334
b64e30a78,0.40308197380514704,0.27058194591193974,743.2508012936055,0.31676206341911767,0.17385498046875,0.0684765625
01f4746ef,0.2937850190435886,0.16258541129926474,976.8215551432864,0.30144939342643534,0.14009892086330936,0.0
254dd6ba7,0.3955724509803922,0.19131439345455467,136.1031486715972,0.22046081699346406,0.08318333333333333,1.6666666666666667e-05
f9a962ccc,0.5290468644354294,0.2024339407832086,734.1128487175795,0.4856363510442491,0.026846863026819923,0.0007034243295019157
fd6dd3835,0.46719042483660134,0.2627257807893996,4531.024689812222,0.1422988888888889,0.07165833333333334,0.0568
f522ad8d4,0.5051432257113372,0.1738045997072559,2241.37793620859,0.17464923337756155,0.030930451127819548,0.00016917293233082706
804e56f9b,0.3470910266884532,0.23797490565551868,128.9429449360412,0.5609849310094408,0.18652777777777776,0.027366898148148147
72b0d2b06,0.31895854952937536,0.14140833380531515,19.71650906458364,0.25698711471589564,0.12422818012999072,0.0011954503249767875
b48460ef7,0.4349858674463938,0.2173720275756407,1395.101586964739,0.3495032679738562,0.07915204678362574,0.021359649122807016
bfed6fcaa,0.6461577777777777,0.2615862290560525,188.932940819375,0.21475101307189542,0.0342,0.2548166666666667
04e966b1c,0.4701265359477124,0.2582039148639917,695.3656993863888,0.46512830065359473,0.06875,0.1144
da7680082,0.5379633405954974,0.21798465440196763,3207.271611820247,0.2811605519244735,0.01762962962962963,0.07601481481481481
24488c53a,0.1707778431372549,0.23824736338703525,1082.922460826389,0.28110745098039214,0.6288666666666667,0.021566666666666668
6a34d34ab,0.601169147906076,0.15015212324529206,1460.6921113796845,0.08898940934398451,0.00014660493827160494,0.01966820987654321
b5b84493d,0.6184394517066086,0.2059943497609927,369.84112268464935,0.3566543209876543,0.0002777777777777778,0.03820023148148148
9296eb09d,0.4796579956427015,0.2020282247446821,1440.4655660661729,0.09137141612200436,4.4444444444444447e-05,0.06231111111111111
5e6de643b,0.6722903225806451,0.24606642634595652,807.6253740316799,0.18928234591327572,0.05005376344086022,0.19312724014336918
1acab1703,0.44623563453159043,0.3192596692450608,1603.8961186294368,0.26554920116194625,0.061782407407407404,0.13688078703703704
e0efe2c72,0.5121297174783892,0.222990797535087,1228.395424112177,0.42296776536181974,0.03255675029868578,0.019145758661887693
e13488562,0.5071287445533769,0.24311719554272804,3152.1722351706844,0.1438867329339143,0.0960300925925926,0.02547453703703704
fb278c21e,0.4671439259914492,0.24656733799783995,148.1588214282181,0.3678270676691729,0.08215225563909774,0.021795112781954888
962c84aa9,0.5229152333448,0.2337116439238773,1362.6883317527981,0.14826068183121202,0.004399671052631579,0.07828947368421052
18a87116d,0.6066357588961511,0.25780047256200606,506.1620589587929,0.16157461147421934,0.055496296296296294,0.18054814814814815
f38727a35,0.5401926875671346,0.324139994485896,3619.7784780011316,0.15241443188231651,0.10601207056638812,0.21942316620241412
26fb642bb,0.5380783330054429,0.18154615951661646,6101.299225822698,0.22140530526591906,0.02076086956521739,0.012148829431438126
8a01ffaa7,0.6293546134599673,0.15892758614701008,142.58359910726548,0.0649602481617647,0.008323567708333333,0.0017024739583333334
9493ee8ee,0.6081708424110385,0.18640826412869418,264.3425596779822,0.1243843954248366,5.787037037037037e-06,0.030868055555555555
2099c09a0,0.40515892672858617,0.2258412052008107,1433.1601218384787,0.32083634992458526,0.10224696356275303,0.007742914979757085
7d3dd49c5,0.4602532863332599,0.2425324022708905,962.2175440740332,0.14058933685833885,0.06053370786516854,0.061376404494382024
85ff0f493,0.5127910634957108,0.25291660470530947,608.7257836376132,0.11277933517156863,0.0961376953125,0.0646435546875
7a7153881,0.28911330678104574,0.20477949544707755,825.409538230896,0.4640636233660131,0.243984375,0.018151041666666666
e65375c05,0.7019957107843137,0.21354555663513927,1555.2220278775,0.23172303921568627,0.00160625,0.20395
cfd4c95d9,0.49058669934640525,0.24239473178131174,937.1238193465973,0.11314091503267974,0.06115,0.037116666666666666
c8c3eb092,0.5910805858633776,0.20925262627805102,374.3031956980884,0.23289877846299809,0.00943296370967742,0.08066028225806451
1d6149d17,0.3688135114307732,0.20531914116192168,408.6981155198223,0.1950160116448326,0.05823144104803493,0.021222707423580785
07ae95ddc,0.5661135947712419,0.19562166901880992,352.2797166122222,0.09262506535947712,0.018341666666666666,0.0002666666666666667
382d948b1,0.47914200235968313,0.2568183329217379,4025.707324743588,0.3700066576773976,0.09801575931232091,0.07446991404011462
326b17344,0.3925780392156863,0.24604958709912392,1132.8396080415973,0.2120917973856209,0.09846666666666666,0.06823333333333333
067f49481,0.5880664705882354,0.23681020486075988,454.91685577666675,0.11788411764705882,0.009316666666666666,0.17694166666666666
6c803e00e,0.446689183006536,0.1319025349223933,139.11314553993054,0.263456339869281,0.04731666666666667,0.0
1eb9e42bd,0.44349639161220045,0.2801802249918841,2534.500566510202,0.1527267383805374,0.15606481481481482,0.057164351851851855
af843bbce,0.45779974582425564,0.1971109061546918,139.06520786702137,0.15748089143064634,0.09433449074074074,0.0
cff9a1fec,0.3920728501138283,0.2140863345829234,360.1780434569148,0.2762837629433796,0.06833333333333333,0.004222846441947566
259dc7e9a,0.6025895338978503,0.2655680419968658,735.9779586504087,0.18156240273887334,0.1361111111111111,0.005569239189928845
eda8eecc6,0.44111238562091504,0.20905700469696245,1524.9360157299304,0.3268241176470588,0.05459166666666666,0.008891666666666668
f84b22dae,0.6071759486201888,0.21631490742708218,2611.095045571711,0.14327759622367467,0.006313657407407408,0.06668402777777778
bbfc5274f,0.28509420955882353,0.15611598207865135,329.29121084954835,0.24553419117647057,0.1469453125,0.0
cb474120b,0.5834564052287582,0.2811851998194598,1006.4277016165971,0.11749032679738561,0.05885,0.13184166666666666
d2d48985e,0.47538690607329076,0.2709069686158084,105.8897859473411,0.32942821473158557,0.12552434456928838,0.016947565543071162
22987c7fb,0.32870846405228754,0.27066686206984003,1168.6246652749305,0.28667996732026146,0.29591666666666666,0.06918333333333333
18810b958,0.6495026552287582,0.30472198069609263,811.8367662124527,0.20731658496732028,0.06361328125,0.3662467447916667
3daede547,0.6279506172839506,0.23336931901849658,663.7441033929184,0.14772515734688937,0.03498456790123457,0.0777469135802469
b210e38f0,0.7013765829248366,0.2937207502522898,98.98502855072022,0.058219107434640524,0.0,0.4753515625
fd123a15d,0.47582692810457516,0.22981834181202018,539.8237400774999,0.17483503267973857,0.03580833333333333,0.015316666666666666
f3c42e04b,0.46334137254901964,0.2628492700758466,1250.6661313915972,0.1748381045751634,0.092725,0.07164166666666667
4f7fc967a,0.5222594862018881,0.2086365888606711,4558.023138900644,0.16338691448801743,0.01150462962962963,0.018275462962962962
69a1bfaa9,0.2317121568627451,0.16104334389359629,83.90304958222222,0.25129866013071894,0.3970166666666667,0.0
5cc846427,0.6457713311887254,0.2621512280556128,997.9689404845237,0.07046189491421569,0.02607177734375,0.1784326171875
6a7027972,0.8008098700154219,0.21611110566329148,138.3615258468172,0.12593596239994126,0.004878277153558053,0.644747191011236
a381e49c9,0.5150264488017429,0.18292546855536468,1513.4371918606175,0.1891326797385621,0.005366666666666666,0.03718888888888889
6c8487ccb,0.5330064344093277,0.25535467687895014,1584.3880795734779,0.1278153586960597,0.09934870936902486,0.028791228489483747
ef9196721,0.22146032679738561,0.16319485003231152,180.9286906232639,0.1693732026143791,0.37101666666666666,0.0
d0d2a12a2,0.6527597594318255,0.13534665194129789,6520.4202867803915,0.13358502394357083,0.0011705858085808581,0.010153671617161715
44930f85a,0.6627543790849673,0.2284303636343022,524.4814478975001,0.16685277777777777,0.004158333333333333,0.1965
d30068375,0.46175091503267973,0.22015275402304216,1690.804019019722,0.12254565359477124,0.0872,0.0016666666666666668
c7b3c09d4,0.4015140532839152,0.22827740785733738,294.8101688483195,0.20338192949944206,0.08757621951219512,0.060276930894308946
de6c0126b,0.452457908496732,0.18552401604985205,2975.813840656667,0.39499212418300655,0.038975,0.007275
2b6e5343e,0.22793588235294115,0.19700763139612035,818.3755607708332,0.22362133986928104,0.443975,0.005625
eb8adeef1,0.5786666212781408,0.22305670926631754,1060.8764427564247,0.22874575617283952,0.04873263888888889,0.029965277777777778
bb170fd98,0.41709359477124186,0.2143854007615806,500.5425722499306,0.1760914705882353,0.06318333333333333,0.008658333333333334
4d1a986bb,0.45837096609477124,0.17032562576179613,1211.629900583225,0.16324920002723312,0.04687065972222222,0.0014930555555555556
38fd4509d,0.745773431372549,0.2200788813957092,488.70294157159725,0.11610535947712418,0.004608333333333333,0.3385416666666667
2f3677597,0.5393919478592536,0.18684309848752553,2218.041021096216,0.25696929938042995,0.010790027277027912,0.019023462270133164
0a140a67e,0.5202486662335617,0.17318225482797095,2332.3541016030977,0.18237560536262698,0.00286144578313253,0.04566390562248996
dc8359e75,0.4474310262148337,0.25284917754946,869.0758119092167,0.17648060528559248,0.12489130434782608,0.06584918478260869
844dfd2b4,0.644172589869281,0.2260724371105261,247.83311631944446,0.3586022943899782,0.07874565972222222,4.774305555555556e-05
4f279d30c,0.41705591503267975,0.2489114116331629,323.90759930555555,0.28175764705882356,0.07065,0.028266666666666666
9467b9867,0.4300345193455182,0.267322391379487,5911.59459309194,0.2577175590886121,0.19395122065562626,0.038166731127597484
ae219ff80,0.5277756209150327,0.19960973124367573,1229.0798636882637,0.21743356209150325,0.046408333333333336,0.013925
75e343c91,0.5002043618373275,0.2558127777807923,1434.4543863906838,0.06937997004357299,0.10130787037037037,0.08197337962962963
bc5dade47,0.5479028416053923,0.18949084607207586,647.3116386711968,0.3234539547589869,0.0058984375,0.064677734375
fbba51f97,0.46580998054327705,0.1894101714733292,2942.8206606920735,0.5609764724772376,0.021826830443159924,0.012867292870905588
0a84451ae,0.5188544607843137,0.23258400499944445,408.15064569,0.23649644607843137,0.10023125,1.25e-05
9981e5f29,0.6504736102326236,0.2913615466128289,653.5779389909399,0.140152733853398,0.03089605734767025,0.21496863799283153
7a2cadc09,0.46187434640522873,0.28026984596353915,644.6746225322222,0.14567235294117648,0.13161666666666666,0.08615833333333334
3813bc7c5,0.43869512296444,0.16141660461884844,171.2412396648772,0.32302820704553004,0.0008686440677966101,0.001864406779661017
992d82305,0.5073902223096596,0.276251323722918,2574.9581709656486,0.20439668174962292,0.1042056856187291,0.05879598662207358
4f23f9105,0.3767847712418301,0.1943118378249218,662.3777201322223,0.34746169934640525,0.03194166666666667,0.03476666666666667
c89e5d2b1,0.5037882942650744,0.17817180920084003,226.6265635316263,0.17534442724458205,0.003073308270676692,0.014332706766917292
a97467fb6,0.3802173529411765,0.31200043880370276,460.1617333263889,0.32124271241830066,0.2714666666666667,0.12321666666666667
61b6e170c,0.4995514705882353,0.16482779887261106,2320.552153465555,0.5021011437908496,0.0010916666666666666,0.010008333333333333
37865f566,0.47749348064098734,0.2285189935226214,2574.7021251048404,0.18196272519159948,0.016395939086294418,0.07881979695431472
5fc91ab6b,0.38930917275126836,0.20775642546318743,401.50496708285436,0.3520181702488688,0.1146170236013986,3.5511363636363635e-05
3681bfdb9,0.620960049937578,0.32085760604084756,292.3606005803841,0.0688891459205405,0.03725655430711611,0.2884176029962547
8dd28c706,0.4723513071895425,0.2958603475445067,111.97627665104167,0.22416313725490197,0.16751666666666667,0.022375
1be1868fd,0.3885192156862745,0.24149823276224744,167.05201924333335,0.26100135076252723,0.09385555555555555,0.07967777777777778
ecd83e25d,0.42093272250306374,0.25140707418493385,1890.1995848781528,0.48579609949448527,0.0634375,0.09723388671875
dd201c041,0.4743805882352941,0.20043086157680623,366.29509574993057,0.3894058496732026,0.048966666666666665,0.042708333333333334
0157cf3a4,0.5329211111111111,0.20518090718278956,596.5002144166666,0.3814088562091503,0.004683333333333334,0.06145
132346d7e,0.5533726470588236,0.1478296765512453,315.27681010270834,0.2628153267973856,0.003608333333333333,0.004333333333333333
afe326f34,0.4073770588235294,0.31761625182677694,594.1815095249306,0.3720417320261438,0.2613333333333333,0.13618333333333332
201aad926,0.4228903592088176,0.22167544390437946,1464.0739600421023,0.2884762870665507,0.05455665024630542,0.0030240831964969896
33a6694b0,0.23039575163398693,0.21442747667377096,467.3951629330556,0.6346299346405229,0.395425,0.019566666666666666
7196383a7,0.5160321078431372,0.2945200909528133,1599.0416138974997,0.2887169117647059,0.07540625,0.1725625
094c2c3bf,0.7097851517656243,0.1945598837475756,216.6302223247536,0.33356012076961933,0.006842798594847775,0.08871487119437939
6ad5153bb,0.4135805646332607,0.26106758323818496,1061.2266145832998,0.2792766203703704,0.13159722222222223,0.01839699074074074
e0f46aa3e,0.4346247446895425,0.27874038734071166,506.51384510541374,0.17973931100217866,0.07838107638888889,0.1090234375
9d03cf923,0.5087754161560458,0.19750233475674792,112.10639880875482,0.32891291360294117,0.0794140625,0.0013411458333333333
de0a86ccf,0.7222935975451189,0.28892303874864544,650.3703056687939,0.04864586258906746,0.00010610079575596818,0.45413129973474803
9a8cbb0c8,0.521003090891529,0.20488786645225246,1512.3778915758844,0.21298061753437006,0.022988505747126436,0.0034072249589490967
a91761e54,0.38258746368917934,0.24678874854658597,2481.7589876434704,0.2545376270878722,0.15379050925925927,0.017858796296296296
4082acebb,0.5075256769374417,0.16654499737026351,496.19460172460225,0.12693298775448875,0.027093596059113302,0.012301587301587301
4d1d8655a,0.4920239651416122,0.13862178132613184,320.0074452103896,0.3372714460784314,0.02008101851851852,0.0002199074074074074
82c51a95a,0.4124730392156863,0.18852795126639704,23.99968973305556,0.27259186274509806,0.10064166666666667,0.0
ed30f663e,0.31419969498910677,0.1761352965822453,917.2917777600001,0.31687511982570804,0.05738888888888889,0.003311111111111111
28cf4a84d,0.39896879084967324,0.24459300788045887,1228.9980248263887,0.2170731045751634,0.045325,0.082675
27ec72a29,0.47545780569172114,0.28857682670776913,858.8216743506913,0.22237300857843137,0.16457899305555557,0.0790451388888889
5f1a700fd,0.6289132989980577,0.2263634502837914,4750.6041649041745,0.18158349908844756,0.04208882862894942,0.03598340112576523
99be827e6,0.41728941176470585,0.2249213096358013,217.1399488263889,0.24681977124183008,0.10450833333333333,0.024508333333333333
4e37bb1e2,0.45263692486895746,0.2679858733402595,2457.2336088770808,0.29115036747372214,0.08492786421499293,0.09765770862800566
6c121d784,0.5040284013326779,0.20514222680502658,281.44862842345844,0.34506865475995413,0.01116991643454039,0.0649791086350975
4f7932c0d,0.36892869411021983,0.3178438869043097,2209.0010864408787,0.38190619429590017,0.3859079071969697,0.07212357954545455
eee3ab446,0.4609545751633987,0.13171002395897377,52.334666444375,0.06741169934640523,0.032391666666666666,0.00023333333333333333
35a62a8b1,0.503888648435963,0.3472678293336645,445.37694077520104,0.21728716637156534,0.14235785953177257,0.27001672240802677
a9fb31e59,0.3917624183006536,0.26275467935880353,2685.002133873264,0.26365934640522876,0.19673333333333334,0.032275
c4f6cca8a,0.28913006961742355,0.12255913707625585,172.79558656955248,0.24988765408443506,0.03958469055374593,0.0
b8f60eb7e,0.5428515032679738,0.16216008465891066,373.5883140235803,0.08155960784313725,0.019855555555555557,0.0
c749028bb,0.42938789317810455,0.2609791423235203,251.8178582496537,0.19085290287990198,0.15808919270833333,0.04876302083333333
d67619580,0.48045944444444444,0.279891431110617,595.4533106641667,0.19492271241830067,0.09986666666666667,0.13054166666666667
cda31e59d,0.4076736791938998,0.17757198565325888,200.60570885145398,0.18511478758169933,6.36574074074074e-05,1.1574074074074073e-05
46fdbf640,0.4279458823529412,0.23526447330338346,1618.0560883643209,0.28382126361655774,0.14523333333333333,0.0079
c565589a8,0.5460345860566448,0.19171516598253704,863.3371171437958,0.2844789113562091,0.012803819444444444,0.03628038194444445
ab2e61df2,0.551105294117647,0.27875671047652184,624.5180806110417,0.1682790522875817,0.08578333333333334,0.13600833333333334
61fa7980d,0.4491386954781913,0.1838762168065516,358.8057327695752,0.19699911964785913,0.041010204081632654,0.0
e633386b0,0.4036745844822304,0.24404210148460573,1416.0868532515526,0.3124934034160539,0.1498486328125,0.0485693359375
2aaa0c8b6,0.36466003994190266,0.26915847021998546,2060.6611768470293,0.1921235929557008,0.29225694444444444,0.00042824074074074075
020cd1d50,0.3988463071895425,0.2436547626493921,296.4305212788889,0.19251218954248367,0.1084,0.0651
1b871dbaa,0.5032064823325164,0.3683212601833423,1076.0511749964292,0.21717090482026144,0.195341796875,0.2975944010416667
88dbaffe0,0.43256269148284315,0.25227307157864054,442.53105762048295,0.3186700112336601,0.1976171875,0.046051432291666666
1a2c91362,0.5336178002450981,0.27852091054617806,1829.9694585950615,0.276912415747549,0.0835888671875,0.10372314453125
ecfcb4430,0.47668788671023965,0.2073818474841689,595.8324780720988,0.13232143790849674,0.0010555555555555555,0.04555555555555556
ffb6a7f5d,0.44324745098039214,0.19237970846609959,95.9498833263889,0.14326084967320263,0.04986666666666666,0.002075
fe9307848,0.7163845424836601,0.16922077614395792,1613.9579691665972,0.14898434640522876,0.0,0.20405833333333334
7342eafeb,0.4080468954248366,0.2355680113497297,3780.8865147530555,0.15459745098039215,0.035208333333333335,0.069525
6ca8be82b,0.5268280718954249,0.1448064471213159,296.3590153715972,0.1653736928104575,0.0010916666666666666,2.5e-05
c82705cf4,0.25559521731541285,0.1946363316479952,923.3634265591843,0.15011337057078022,0.22622403560830862,0.0035237388724035606
639a4bcfd,0.6156201225490197,0.31155295273186584,362.34319099027346,0.16132749999999998,0.06016875,0.31170625
d3077e6b1,0.5421919934640523,0.13184571440306714,38.578390045090664,0.16882112381989833,0.004866898148148148,0.00014467592592592592
4effbea00,0.6032509758533043,0.22672807265361375,222.46311414525326,0.10965590958605664,0.013640046296296296,0.1373900462962963
2cf927db8,0.15182492050874405,0.25044670049574513,133.33091213362857,0.21980809485956546,0.7142989864864865,0.003006756756756757
fda10b9ed,0.40581480392156866,0.20113028569346622,212.90038291555555,0.3874262091503268,0.0818,5e-05
4d7111b92,0.3487923024858479,0.18910698637541085,235.7772574447226,0.6241200570186233,0.17074071652719666,0.0
2dfaf69b5,0.4349248039215686,0.20625222136857116,4228.565221448889,0.44034382352941176,0.035383333333333336,0.0284
89d4cef63,0.4477658496732026,0.22362205349748226,7165.357903278889,0.3275790849673203,0.08439166666666667,0.030566666666666666
f6549ffdd,0.5084391793754538,0.13783969017445952,252.2194910396037,0.14885990831517792,0.0027488425925925927,0.028888888888888888
a2ee6f2da,0.5419884640522875,0.16419938236168846,81.63793857493056,0.11519032679738563,0.0020833333333333333,0.004575
f5e793c38,0.6226225708061002,0.18162237112188095,1665.2635084887654,0.32564326797385623,0.013244444444444444,0.09152222222222223
d440e9ebf,0.41841218954248366,0.2562994441887281,21.114192664930556,0.7022178758169935,0.036775,0.0529
d0b337200,0.44407977033405954,0.27561856423388476,476.73210770265337,0.2376717955700799,0.1673726851851852,0.07995949074074074
02af3813e,0.5806164307828394,0.23469204661715184,1030.1058041494716,0.3387178976853899,0.021907894736842105,0.16456766917293233
0322aa5b0,0.3353536673928831,0.26448249035358085,260.59093487439986,0.13116312636165578,0.3828298611111111,0.02433449074074074
bad270818,0.5454328857979973,0.28127112084149886,903.3099593670208,0.1868142889339644,0.07177066228790367,0.11605090311986864
cda71c00a,0.31821542483660126,0.23807190591809635,354.5751839506173,0.17096230936819173,0.27297777777777776,0.028177777777777777
355e8bc38,0.3918906318082789,0.22619707528920488,1601.6623239228395,0.34547355119825707,0.17832222222222222,0.014611111111111111
b888f72cc,0.459636688453159,0.26599048075151166,1094.8181188877777,0.20916901960784312,0.22262222222222222,0.016877777777777776
faca11616,0.626420412273789,0.12422573775865882,205.43916799776366,0.09014428035789403,0.005201024846238158,0.005752542917181533
816112569,0.4617553688141924,0.19816452943869345,2065.749035538016,0.4359315603636091,0.07443897099069513,0.010317460317460317
33a373ca9,0.6643441811909949,0.23037923988762848,4551.175631375252,0.2972574891067538,0.012100694444444445,0.1315162037037037
aa3c0fe1e,0.5581532883986928,0.33738418043557716,1115.0098198064168,0.21782470383986927,0.1973611111111111,0.16352430555555555
43021e4ed,0.4345530818809005,0.23277940165693947,2921.037902314815,0.16884719952795935,0.02888310185185185,0.04338541666666667
2d79572ae,0.3993587198524634,0.20057762827179146,534.4852928459231,0.20545841216603603,0.1906554580896686,0.00010051169590643275
73a2be705,0.3433952205882353,0.24474626458273493,1364.7708883878731,0.2606951252723312,0.15196614583333334,0.06157986111111111
37fadf608,0.5851397154564951,0.3170713127452878,5884.8826098964455,0.18186497587316175,0.0576416015625,0.30388671875
d72bc7206,0.540702170092609,0.28153891889908506,637.2224768962736,0.12481850897458682,0.06744712990936556,0.1377328801611279
ce0294cec,0.6236196895424837,0.2598057128545565,1060.7879069854025,0.25150930464778504,0.04808449074074074,0.19087962962962962
3a94fdf2d,0.5942920536635706,0.15427565734170404,1084.287579648369,0.23499918914934395,0.009088345864661654,0.00031015037593984965
a804fded8,0.45953377535985496,0.22209104424934656,201.29405245951878,0.10901379916128301,0.06947976878612717,0.003533236994219653
7f5233804,0.5921674609658678,0.25728301393546005,1287.1287491639607,0.1265500635439361,0.038877314814814816,0.18042245370370372
11a3fb06e,0.4777124183006536,0.21082308716022988,6789.598286882181,0.2758021968046478,0.01994212962962963,0.04412037037037037
23baf0395,0.49502976600796567,0.28725824670556005,171.19640047874452,0.310384095435049,0.087275390625,0.1298828125
8d0b0238c,0.537385363883381,0.1362344935308998,85.111065502304,0.08342909598296247,9.363295880149813e-06,0.0
305524cba,0.5189234640522875,0.20811463315841558,373.95551016416675,0.1531857843137255,0.024625,0.04003333333333333
fc19f9c36,0.49104642051752473,0.20711422139753993,476.1419077611487,0.3366034093949471,0.07580409356725146,0.0003898635477582846
6b574c312,0.5106096405228758,0.25565317747235183,629.0087167499305,0.22907604575163398,0.03730833333333333,0.0788
0d4750032,0.44565380273321453,0.1679424807933136,645.9634246443984,0.2483951871657754,0.09103787878787879,7.575757575757576e-06
47aacf137,0.4371779378418034,0.2261331447328936,201.1161568440812,0.22746295184740564,0.00903061224489796,0.03761904761904762
2857efde3,0.5248624930692071,0.2861956859870835,617.2295178788387,0.4532858763042492,0.10426735218508998,0.09802056555269922
a6af385f0,0.3003821973233738,0.13927656425791393,346.111270874485,0.3583610879049476,0.08148148148148149,0.0006683375104427736
983160271,0.4211738018989831,0.25355995943370724,997.245424148952,0.20394490795363035,0.1624940305635148,0.0057306590257879654
b7006ed96,0.5411941503267973,0.2660738678646402,1365.73047039,0.18263807189542483,0.10315,0.055891666666666666
74d40e344,0.57404491194626,0.2205682605245331,286.7205720485776,0.18809250181554102,0.031753472222222225,0.044756944444444446
871a00e21,0.4941247503631082,0.26674342837967646,5522.820894546789,0.19331942175018155,0.06108796296296296,0.0844675925925926
0ac2e7d16,0.7646909536541889,0.33576346728027245,151.22140906559918,0.17915944741532977,0.0850340909090909,0.6063409090909091
24737dbd5,0.5036717165314402,0.2617463265010125,269.30782835407007,0.3885065130578093,0.03601831896551724,0.16635910560344827
21a1b528f,0.577649910855892,0.1771574261860939,572.6731193927991,0.07242844764747143,0.00820791750243038,0.042257854127954915
0f258665b,0.21301041666666667,0.15554209152439644,72.00440399780274,0.32143033088235295,0.327046875,0.0
3d011c364,0.4651706583283267,0.2752843924964649,6372.678285020031,0.24114520181331586,0.07430362116991643,0.0677460538532962
5e27bdcde,0.7007114052287582,0.21557965544278382,1819.053558258264,0.14205241830065357,0.0006583333333333334,0.276225
591fa7c31,0.3431685074132112,0.25135216523986037,1400.1930166657553,0.2854437379459981,0.23866547131147542,0.03540279200819672
f0ebfa37d,0.2532092604832195,0.19466857716452227,190.57097967419588,0.2643487919512374,0.3119756554307116,0.003838951310861423
ab519bf92,0.47472076179349115,0.1923695660811988,1550.0539105495827,0.3423340825967693,0.0539669689119171,0.0022884283246977547
9d6c6055b,0.5409951235702615,0.1599347963589487,7154.805766392983,0.10500476154003269,0.0002897135416666667,0.025670572916666665
8f860b014,0.519319128540305,0.287719322441135,6771.806582749506,0.033424618736383443,0.03777777777777778,0.22165555555555555
e15b26ed8,0.3010763071895425,0.32836344448541976,886.7681648082639,0.5183982352941177,0.41435,0.12609166666666666
a93eb0d6f,0.42743235991714695,0.17087018760116868,327.668527604242,0.15528580014381232,0.07166119321291735,4.105090311986864e-05
47ad7a82a,0.5250834865196078,0.25953854150134464,714.1258387586511,0.15105979370915032,0.024820963541666668,0.057698567708333336
ab293b191,0.6926845270515614,0.3012547762229152,386.02109273964635,0.14755017701525053,0.016394675925925927,0.4054050925925926
3712c63fd,0.48434166666666667,0.19315007419323346,230.62585709159723,0.19285310457516341,0.038875,0.0022583333333333335
3e6fa700b,0.45553785403050107,0.2350719795232947,4089.335241174173,0.16854454127329943,0.03602623456790124,0.0874537037037037
078fb1715,0.43892787581699344,0.1647431924126592,169.4029082582639,0.5566303594771241,0.0039833333333333335,8.333333333333334e-06
baf60f1bb,0.32285534015586437,0.16018196106426508,419.134686185089,0.12067490362481627,0.00010608203677510608,0.0035714285714285713
b1c66fa13,0.5166179106051023,0.19274742034230505,646.7107323360631,0.3563636411553869,0.011122311827956989,0.04524193548387097
9162433d5,0.5546143355119826,0.1795764401833072,650.6985219346914,0.24313694989106754,0.0009777777777777777,0.07255555555555555
caaf719c3,0.6101007297655904,0.29262644542682276,1344.512048825453,0.20546446999852572,0.018214285714285714,0.3301033834586466
9697ebf42,0.38032993669908904,0.26934380558995713,181.60924217209683,0.13182171530029332,0.35888779527559056,0.0021653543307086614
e08649ba2,0.40915598849372387,0.22432684681119888,3401.598799864241,0.19155509065550907,0.10362839958158995,0.015621731171548118
5de1d0c34,0.4898933333333333,0.20726245520805175,715.1739563027083,0.2923780392156863,0.012033333333333333,0.006583333333333333
e9feaab54,0.39504114379084965,0.25090928456565675,215.43545767993058,0.507874183006536,0.09193333333333334,0.07290833333333334
5e951b28f,0.564728227993325,0.1445457182960876,464.7073402857893,0.27771698998748434,0.0015757978723404255,0.004913563829787234
4bcc7910d,0.5191783542120552,0.22637228720297603,2178.4035935758525,0.2364272563770879,0.01019603587962963,0.12306495949074074
270bd311c,0.6234736601307189,0.32435828260560373,164.05281569972226,0.15325098039215687,0.153,0.28089166666666665
ad491b969,0.4520607452283239,0.2927853662075135,276.8959123292651,0.15539603283173736,0.07334717607973422,0.11113787375415282
ad2423b1f,0.5538615991851286,0.2614170056447577,6793.764284714286,0.16073829895594602,0.052305194805194806,0.12754545454545455
3085ca2c6,0.36566160130718955,0.18486240601243914,77.4360078465972,0.7101566013071895,0.057558333333333336,0.0012
f6ad159f1,0.5389664266748366,0.2162167626859157,6486.289649748389,0.3481140471813725,0.030179036458333332,0.0811328125
5b73a7ea8,0.48776350308641975,0.23329183403068465,1214.5440713472008,0.3554000771604938,0.017372685185185185,0.04083912037037037
c3b05e0f0,0.6018076331334367,0.2393225290263857,192.40127001132475,0.1476167654919929,0.018492268041237114,0.060602806414662085
d9303d3bc,0.5336460905349794,0.24921862351787802,317.43674235962266,0.20919722827402568,0.06537808641975308,0.001072530864197531
624fadbd4,0.3262201307189542,0.2092751359199535,1640.7097810833334,0.2504355991285403,0.16384444444444443,0.040466666666666665
16349e686,0.4316513253449528,0.26964835198120185,155.98289681921347,0.1822972343258291,0.1385648148148148,0.027438271604938273
a94208b35,0.41016281512605046,0.2407555487059224,907.3608445869437,0.32867004178720666,0.09648346018735363,0.04398053278688525
c66def50c,0.3618746057863705,0.26479233703359095,534.648503010462,0.138443336075689,0.24700174825174825,0.0075524475524475524
3bfb759ce,0.8199993700751328,0.25357953400080296,1274.725729807476,0.08091215984057175,0.008962470794392524,0.5857841705607477
88c193102,0.6148681449142157,0.2233505385060609,893.8494914264255,0.09819247855392157,0.03559895833333333,0.00013997395833333334
d3486b178,0.4893749346405229,0.2972208785121832,549.8591912332638,0.2269278431372549,0.10451666666666666,0.129775
ddc628647,0.6115004311909948,0.19513104921829993,353.20684976798265,0.23120327251270878,0.013304398148148149,0.02353587962962963
9278f7216,0.47606169813604454,0.21529144145470108,546.4456673177083,0.10609704066811909,0.10866512345679012,0.008881172839506173
b8bc0c25c,0.47119489832970224,0.1544822724593226,597.2503225499162,0.21014863229242314,0.01021604938271605,0.0
5a2a433c2,0.4477302614379085,0.23680443222988323,803.3593910165973,0.11614513071895426,0.04041666666666666,0.022516666666666667
11ac3640c,0.5181171534586057,0.30495611246223414,5924.132024938795,0.21479891748366015,0.15559461805555555,0.1246875
e77941c00,0.46085477941176467,0.23398132969392035,1114.0379500358677,0.22183657861292666,0.007042824074074074,0.07361111111111111
166650836,0.3292545569547467,0.28963831274618423,1419.1727288187665,0.32383198205968605,0.34535923753665687,0.07752932551319648
3e26edfa8,0.5951892020697168,0.20891266328103605,2212.452846739969,0.12582123729121278,0.017060185185185185,0.025434027777777778
c8e941dbd,0.7309589748008579,0.2772775695682339,234.98572839960457,0.20248762063419118,0.05201171875,0.39269287109375
7beccedcb,0.4286436072556363,0.25734599330725294,522.7493655429835,0.3852486597635309,0.1249625468164794,0.04144194756554307
99ba6513a,0.5539297058823529,0.3058513168189954,2206.5121769375,0.24610232843137253,0.0691375,0.24181875
4fc9dee58,0.537616523424768,0.19663985775103027,328.3994180793892,0.13545406824146983,0.07408573928258967,0.0
1fba9cbc9,0.463441630355846,0.17296465699346675,2284.4083636488344,0.20204196925683854,0.0054783950617283955,0.0323070987654321
d5bf5adaa,0.44594530682643424,0.2243487964676806,1969.7609129906928,0.16590879175744372,0.038043981481481484,0.029045138888888888
71b0f7f97,0.42130133442265794,0.2105577613322649,397.1439600412795,0.2213636982570806,0.07666666666666666,0.015214120370370371
2302acf06,0.2840140740740741,0.22659760597703427,330.5402902902469,0.6228147276688453,0.28902222222222224,0.0159
81d82bda3,0.40702738441055436,0.1816213551415466,930.9098805534122,0.2837269728879206,0.08060185185185186,0.001990740740740741
21f945788,0.40197062509214215,0.2839709212904478,901.3733304983853,0.31140266106442577,0.2512593984962406,0.03017857142857143
b66569990,0.4220854248366013,0.21681493462336915,1544.6602542266667,0.2553053594771242,0.07224166666666666,0.045941666666666665
bc8aedde4,0.38930478662053053,0.2954918508135623,1899.0373283960632,0.4488895296680764,0.2481127450980392,0.03334150326797385
a5f82d04e,0.4591226040978189,0.177981401607434,91.32597375112219,0.15192410222515973,0.029288389513108613,0.0
86fe4ed68,0.1651036928104575,0.18775595905395553,504.1237663263889,0.4429223529411765,0.5911583333333333,0.00015833333333333332
e128e9022,0.5975834153059217,0.29357364478299197,214.594245164973,0.15398252344416027,0.09271739130434782,0.13584448160535118
596d784b2,0.42447310457516335,0.20248055711110016,994.6117961155556,0.16957307189542484,0.07673333333333333,0.024641666666666666
bde1336b6,0.6062068264342775,0.23888677264775612,240.19732251654324,0.20579491648511256,0.020888888888888887,0.11626666666666667
faa62a75b,0.52971022875817,0.1954044757036741,2709.8111816488886,0.22000045751633987,0.004633333333333333,0.03713333333333333
711bebb99,0.5796072530864197,0.16581914934134495,1080.10408979951,0.14615831517792302,3.472222222222222e-05,0.024953703703703704
21847129b,0.42454179113051466,0.21804380048538796,717.7906584929465,0.21039107498468138,0.03346435546875,0.03471435546875
09f31b13e,0.40279403147977944,0.22607257270424266,1151.2199721884729,0.2684441348805147,0.1313720703125,0.0158642578125
3ded98af9,0.3744560488346282,0.1571012052093176,147.03382073015308,0.6196433222345542,0.014415094339622642,0.008018867924528302
1ce681aa7,0.4484628015158289,0.20308923965773767,1423.5062961128895,0.4431745917693896,0.058611563517915306,4.0716612377850165e-05
ca8aec089,0.5640413716412491,0.19444852463812223,1886.3322410300925,0.18369902868554827,0.00619212962962963,0.03771412037037037
9aac5500a,0.38259098129992736,0.2593582139805682,1315.8733566379124,0.33773032407407405,0.14215856481481481,0.035549768518518515
714e287c7,0.4903574836601307,0.250493502330096,309.1310033082639,0.14618437908496731,0.031766666666666665,0.128375
672bc370b,0.4284017565359477,0.22300173012194435,360.4997886058331,0.31003249818445894,0.022858796296296297,0.01949652777777778
debec416c,0.6799902398459384,0.18917724626453916,498.6866501114826,0.166351781337535,0.0049609375,0.09711495535714286
9d66ac1e7,0.3784502685562674,0.196821592114344,2621.901196055874,0.3129335727690416,0.06293729372937294,0.0022194719471947196
5fed61438,0.6237080392156863,0.2691437286369083,4993.258605732222,0.20231477124183006,0.030258333333333335,0.21864166666666668
906083f6c,0.6047745860990311,0.26050540894148333,1404.3837553179267,0.2014621576256962,0.0905739299610895,0.10640077821011673
b16cb3f1e,0.4137674632352941,0.19429439781177388,1045.4278305603027,0.3253135382625272,0.12292100694444444,0.0022005208333333334
a460a6274,0.4763530924715565,0.23314678786509108,286.3634560432861,0.40012929678044057,0.03210648148148148,0.0
65180c32a,0.4293810260946484,0.16581840551286348,384.1376723683327,0.20664263600176913,0.029360902255639098,0.023637218045112783
708ce5f42,0.5774628912968697,0.18976426874919183,643.4187981531577,0.1953473512211902,0.04653508771929825,0.0009649122807017544
2d79d25fa,0.36119216917536245,0.20576516267666414,1979.2148260401855,0.32434112106381013,0.1443485086342229,0.0019623233908948193
0a0862717,0.37015254901960787,0.24604004356850137,102.18189986555555,0.42018045751633987,0.20795833333333333,0.03163333333333333
476dc0901,0.6125651041666667,0.26517058946739935,2536.398434285439,0.19307424428104575,0.050104166666666665,0.14311848958333334
018188075,0.2966286928104575,0.20858388512273265,100.0833598888889,0.39010039215686276,0.16245833333333334,0.0
bb48e2353,0.4390658496732026,0.181340598427548,1209.69385036,0.3665103594771242,0.0346,0.04176666666666667
7ae269152,0.49023816993464053,0.2398781404328558,125.44331946555556,0.24911777777777777,0.06810833333333334,0.050975
6ed73fc84,0.4113265795206972,0.20394871431230163,2435.6208877500003,0.3795276688453159,0.06541111111111111,0.0014222222222222223
5943167f1,0.5641368237109659,0.19635367490820171,536.1322194953489,0.31708585239651416,0.0029224537037037036,0.00865162037037037
a662f1d7e,0.42077142542410223,0.1862576054165789,2466.6148196688832,0.13312947051479768,0.033707865168539325,0.00899812734082397
a1d05e431,0.4624130392156863,0.13981744960047132,3229.3719656465973,0.11628872549019609,0.003225,0.000575
97916de84,0.4544416000968289,0.2785905091065409,979.3906237482258,0.5354253207455822,0.08081018518518518,0.13141203703703705
14e788800,0.41556574244281047,0.32898556289662567,481.07510742186435,0.150787109375,0.33376953125,0.082578125
7028931ed,0.6431338562091503,0.300263863179873,4025.5387869427077,0.1304916339869281,0.03265833333333333,0.3617916666666667
acd81a109,0.3405287254901961,0.2752758999675613,601.7636738443749,0.20789160130718953,0.305525,0.042275
cc607ef5c,0.3953449673202614,0.18606077184460817,158.54049111659722,0.38532535947712415,0.049375,0.0105
f53b95c90,0.17559824929971987,0.11716846980797165,101.16805345631377,0.47134184173669463,0.3768660714285714,0.0
f29cacb97,0.4392813407770516,0.26082244763356666,1963.1890691703306,0.3965472040668119,0.12240162037037038,0.06617476851851851
e5cecf5df,0.4275667318286831,0.16213264764612462,314.9789063621521,0.3329418280907529,0.04528700906344411,0.00013595166163141994
d56fbda82,0.4583356862745098,0.31458416835206554,1663.7041761377777,0.1733804357298475,0.14693333333333333,0.1491
80b137b2a,0.4188745787377451,0.29326326114770573,470.4765881332397,0.2267406173406863,0.048056640625,0.162578125
b6450abed,0.38564354121278144,0.2117050755776027,2977.116700327798,0.246972267610748,0.05299768518518518,0.02141203703703704
172555cfd,0.564631797385621,0.15807321929905066,642.8036302215974,0.13212486928104575,0.0007833333333333334,0.026083333333333333
978526235,0.48183003267973856,0.1711547356474162,171.21248339555555,0.40228359477124187,0.00024166666666666667,4.1666666666666665e-05
bbe1d6739,0.3995819281045752,0.15891721160240072,278.72476546638893,0.369248954248366,0.00965,0.000625
29d36f5b3,0.5477643464052288,0.24891021115113127,1322.670977278889,0.2597432352941177,0.02535,0.14289166666666667
5118055f4,0.3990251270878722,0.17055768964416942,254.8845826844136,0.3583414306463326,0.04309259259259259,0.001175925925925926
9cfe96818,0.31320142232895415,0.20903585743781491,165.47136946036676,0.7096874401137895,0.2477680144135439,0.00034222101438334795
4cc8c07d5,0.42057823529411764,0.20439833476350674,496.5009165530556,0.2980947712418301,0.024516666666666666,0.0053416666666666664
bb19c3013,0.4270035294117647,0.21180285051722714,1453.3367190110416,0.2378619934640523,0.011908333333333333,0.04883333333333333
2f43fb067,0.3723075980392157,0.22785225170927387,4180.771188212529,0.2987639796659404,0.07285300925925926,0.04351851851851852
8100c2485,0.4120653821713871,0.20785495317229227,1199.3838994115172,0.2788707561728395,0.009809027777777778,0.00369212962962963
cfebb0955,0.45858056463326075,0.24013618602868247,1456.3005985076945,0.2785397149600581,0.04714699074074074,0.02222800925925926
f95b27325,0.5369089506172839,0.2796698253245321,480.9230845621261,0.28908511861534736,0.055825617283950614,0.15968364197530865
3b95539f0,0.6868316993464053,0.2662468912200627,772.0217735332639,0.08137630718954249,0.0067,0.353825
1fb9fdf7f,0.6091261574074075,0.2762939325168599,1932.046850583225,0.20606989832970224,0.05067708333333333,0.18184606481481483
5152dbfe1,0.45865026282621896,0.27026854296620595,265.778052748045,0.1832193761858485,0.11863112591975565,0.08989310009718172
1bec8eb5e,0.39623763162672476,0.28747525080718145,666.99139767765,0.19894394517066086,0.18259837962962963,0.07710648148148148
1772727a1,0.4464532725127088,0.25297966490002216,999.9631595287851,0.37053628812636163,0.05724537037037037,0.017100694444444446
ffb3a78e1,0.5813034967320262,0.24866444754058445,232.98859611555557,0.27325790849673204,0.04948333333333333,0.13389166666666666
458adc77a,0.3289567452449144,0.22241462026893172,1890.5848082509224,0.13067830652860393,0.2565262172284644,0.0006367041198501873
b525ee190,0.5526730437545389,0.2045300983227805,2871.540604057858,0.1856393654684096,0.035873842592592596,0.003576388888888889
578880eb3,0.29825236140968014,0.22332309943789305,454.88474410816383,0.25818500423425184,0.2649086378737541,0.010921926910299003
8a72708bc,0.6203647848797876,0.19121521499363262,3657.729878586278,0.3215148293851243,0.010326568300450374,0.07113648783613168
894d76b65,0.475308702493343,0.26063338434993993,1099.1173826088225,0.4622077584120068,0.18143518518518517,0.029228395061728394
49006b8c3,0.6046327777777777,0.13105139268672536,2017.4292797749306,0.10253209150326797,0.000225,0.003991666666666667
1a7ec71e7,0.33122720077614376,0.23341244599513353,217.39542177734376,0.20023394097222225,0.2788997395833333,0.01001953125
f7473aaec,0.464038431372549,0.259427716234572,1088.7853113441665,0.28381323529411767,0.062358333333333335,0.08570833333333333
cbd0bf6b1,0.47034446210916797,0.25008938790960566,237.8294756181892,0.2552160648043001,0.10222972972972973,0.05014478764478764
55553842f,0.4537027727390516,0.26693075633270336,370.1737879784927,0.28811263712533475,0.08954845814977974,0.04794052863436123
c222a4955,0.511329883805374,0.19955188008570254,471.9862505714996,0.33185079278625035,0.017276234567901234,0.016712962962962964
51020fbd4,0.409249337572867,0.2249143069095059,1967.241171660356,0.2876706081081081,0.06214527027027027,0.027339527027027025
5a3c85e3c,0.5402035505174292,0.2147270338661977,898.5747110457056,0.15921090345860567,0.0346484375,0.006167534722222222
d5c4ef4c0,0.5230985294117647,0.21311223623631778,1643.8983669715972,0.1564224183006536,0.048233333333333336,0.0063
e3a29829f,0.44397132436592385,0.2748039488057627,786.4273680296217,0.2516951415378438,0.04962457337883959,0.08881399317406144
1833aa7d6,0.38124702614379086,0.18851768868890909,431.20327677993055,0.23708637254901962,0.125325,0.0
5bf02a5f8,0.5310425290486565,0.17803835845507918,421.73298147933815,0.2468686683006536,0.04883680555555556,0.0759548611111111
31049dc2e,0.3297844376514651,0.14377709170312383,97.48025095460358,0.09746752680472938,0.03607794943820225,0.0020833333333333333
0118db3a8,0.4412514136740839,0.2040697828360738,519.692639607443,0.16365249320702063,0.07375468164794008,0.0008146067415730337
b8d35b6c3,0.28300256072578284,0.15291589839272596,196.44719167470132,0.25173405033655255,0.12468283582089552,0.0
c58018973,0.527771128358751,0.2538691887805191,1042.6247668847523,0.15919843863471314,0.041394675925925925,0.13283564814814816
e7d9a3d7e,0.561539533405955,0.13047337405724432,2520.759283850818,0.13514270152505448,0.0001099537037037037,0.0016261574074074073
ca39efaf2,0.551953497003603,0.24473722439695358,3356.0773987232333,0.22792286766969022,0.005240073868882733,0.05013850415512466
75f3c2e36,0.440039737654321,0.2876489286355086,105.55625416666666,0.15758526234567902,0.20407407407407407,0.019380787037037037
95e9ad1b2,0.41516062421257066,0.21522157851754894,595.1556534289647,0.16619980351221908,0.03412781257248898,0.042507538854094175
33bfeb403,0.5033422657952069,0.17192616740081182,412.8325731906173,0.08331437908496732,0.009466666666666667,0.0024666666666666665
4a0adfdd0,0.5083756287855457,0.2388916695687902,1963.7119128097074,0.1893832768709578,0.035294502617801045,0.07072643979057591
6740be5a3,0.5209660784313725,0.2468742554178543,415.86711639972225,0.3005088235294118,0.038125,0.12331666666666667
3c6329c92,0.5176694240196078,0.18243827616356015,4348.088437233724,0.4459849239174836,0.0017545572916666666,0.015748697916666665
9430d84c5,0.47744310457516337,0.2394471413259506,627.2493657482639,0.1552431045751634,0.09879166666666667,0.036775
c4c4a926f,0.3739845376422174,0.2677700340055731,151.37911926916627,0.16947833454369404,0.29690586419753084,1.54320987654321e-05
ee3b21a9a,0.5384928740014525,0.2212427181566759,1490.3853876443745,0.5755079202977488,0.043784722222222225,0.0009490740740740741
1c4f5efa8,0.3699424183006536,0.21338727557401835,707.8121365774999,0.08856352941176471,0.107825,0.00023333333333333333
7b858c084,0.5438675665197853,0.13358376821492507,184.55398244330695,0.20190044828847717,0.0015415522934319927,0.0
a2e529567,0.48402305694290293,0.22724550766058843,48.46057034155212,0.588689245745468,0.06392000786163522,0.04141362028301887
c68815d52,0.4697046823937909,0.18517026712028456,1780.721016739739,0.04663554432189543,0.00181640625,0.023717447916666665
2c8e65887,0.4715889215686274,0.22496424688848088,158.26273329333333,0.22281117647058823,0.06155,8.333333333333334e-06
0bcb2c2b5,0.47585447712418305,0.1706111779465717,129.31380780770834,0.18564228758169934,0.017258333333333334,0.00215
953416879,0.3638318250377074,0.2367367223007111,4291.59628869301,0.1948278903534658,0.10464046822742475,0.061078595317725755
3b4bb9973,0.3581493295847751,0.262481575993523,343.8173049290176,0.37609106673715237,0.21593647875816993,0.04274918300653595
0e6f26f19,0.4498677450980392,0.18108971659435874,808.1921175988889,0.13564277777777778,0.0688,0.0047083333333333335
11ce5617d,0.5984605166881551,0.14525388725795263,579.4046233081701,0.09271190395246823,0.01384385318112498,0.03148304436449064
5dd7c4c06,0.5513055555555556,0.15290688277291284,2015.864877623264,0.3334876470588235,0.04546666666666667,0.00014166666666666668
b7856db41,0.42254475346624004,0.18249363027091928,5225.8636692476275,0.17300155878250884,0.019665271966527197,0.012594142259414225
5f4f3347f,0.4498767179386374,0.2269735666948989,2869.9000940904193,0.1607280947466706,0.08154831523252576,0.03972152603731551
a67c850b3,0.4404424778761062,0.2353000509384964,606.0884787990531,0.21999542098058497,0.0233468534906588,0.012536873156342183
7b6ffc0a1,0.5086005555555555,0.23257763867245806,3722.1026233415973,0.18388418300653595,0.03494166666666667,0.062183333333333334
89d80665a,0.6973411111111111,0.1816157575190238,534.2358448622223,0.12264307189542484,0.0,0.19155
878214747,0.37684696078431373,0.19949977352888978,130.6867498997222,0.287415,0.15059166666666668,0.00475
6c3b8c99c,0.6790390255825323,0.29511319232218775,1368.484305337078,0.1687161660601452,0.06959256694367498,0.4034972299168975
f7fc28014,0.46971493310866014,0.2861233317274377,243.486402017551,0.34079398999183,0.20145182291666666,0.081318359375
61bedc57d,0.20999175347222224,0.24054349325518812,107.46477267700831,0.35402738204656864,0.6001822916666667,0.00060546875
b4ba15dbc,0.7486763600176913,0.26486394335487223,87.80580819117814,0.07064927023440955,0.06754699248120301,0.4197462406015038
4c6dc89df,0.5014993464052288,0.24148393296795015,341.7985333322222,0.20512885620915033,0.06515833333333333,5e-05
fe7bad7d4,0.6707013902550987,0.23403496273807478,912.584145265713,0.21149288477932982,0.01588628762541806,0.22925585284280936
277e3979a,0.4397199244281046,0.24890411986337765,4606.06968754474,0.25772577954793024,0.10402922453703704,0.04115306712962963
27e318160,0.33788996732026144,0.2612868154866362,1243.3033570622222,0.42057405228758166,0.18775,0.084425
3af14a63c,0.47236213235294117,0.24352450185177593,434.7115627377775,0.2951494417211329,0.03564814814814815,0.047193287037037034
60fa6acbe,0.4767650326797386,0.251492981331485,295.6533969322222,0.25926591503267976,0.06426666666666667,0.08376666666666667
e89692f96,0.47787160130718953,0.19452677818948524,151.34349991555555,0.3013588888888889,0.039341666666666664,0.021425
727d25d09,0.39206340118014416,0.28169397006395397,104.51464982600136,0.21896210738393718,0.0758452868852459,0.048741217798594846
eb9b9400e,0.5359397433836923,0.3771499318333394,1018.4978329199951,0.13184546769527483,0.17102117486338797,0.3446806693989071
1e1e7c4ec,0.6347503933672235,0.15694196650102848,400.96974906169027,0.10128815662067296,0.010794753086419752,7.71604938271605e-06
2bbca459e,0.29052176379811184,0.23301532813501202,3816.952871977747,0.2116132670660857,0.2811226851851852,0.034450231481481484
a9e753cc1,0.5568866194625999,0.21733065187117662,534.8810661889347,0.22307897603485838,0.0028356481481481483,0.015844907407407408
6309f250d,0.20606908496732027,0.19041065179393696,252.0047060077083,0.36291098039215686,0.4188,0.0032166666666666667
6f1580039,0.3907574092855533,0.2584480668143614,775.4123971498776,0.2508935614475675,0.2282789408866995,0.0009544334975369459
5ecdd04af,0.41675856209150325,0.22491009156868816,271.05559213270834,0.562544705882353,0.14564166666666667,0.0010833333333333333
8d50d37f8,0.5918868464052288,0.20877259360285594,3319.3149580246914,0.09593620642701525,0.03564814814814815,0.030289351851851852
c20aa0352,0.3209028912490922,0.18412767842562525,3686.593635263116,0.2777568536673929,0.09229745370370371,0.017997685185185186
2b82af067,0.21329735294117647,0.1134462797997382,74.74987499993055,0.16369398692810458,0.209675,0.0
16ff0c687,0.46783916666666664,0.32342947045722914,408.14670464058594,0.25374264705882354,0.26419375,0.11401875
3c2a1ed3b,0.469667908496732,0.17653926290754368,19.95639139104167,0.6457086274509803,0.004516666666666667,0.00038333333333333334
be5595abb,0.578172607332896,0.22144677771452326,677.6617204281312,0.47777735257671844,0.049386617100371746,0.010260223048327138
ae4ab31ec,0.7700079411764705,0.28695818854776656,214.58621721659725,0.0662082679738562,0.0,0.5693083333333333
052160ae6,0.511365682602629,0.15711430967768017,32.76089804519281,0.25270044796944996,0.021853932584269663,0.002537453183520599
40b31be60,0.5110652989590898,0.23996841869379448,349.3125855471727,0.44003791454853547,0.011774691358024692,0.0012962962962962963
230d5d85c,0.4046186963079546,0.2943507943133096,434.13277860251844,0.7155554462587711,0.2052675585284281,0.11212374581939799
f4fb11803,0.35654098039215687,0.18129596338749454,148.0101622566667,0.42240045751633987,0.006508333333333333,3.3333333333333335e-05
920a30b27,0.5408152608374933,0.331894915521848,2629.6545667028713,0.1344669171255554,0.1373928258967629,0.28706911636045496
783a33f4c,0.41685620595894607,0.2379425828563249,1637.5927387702407,0.40885927925857846,0.14748779296875,0.0009130859375
e827bee5e,0.39052901960784314,0.224534052701604,212.24998306555557,0.19589960784313726,0.101625,0.017966666666666666
a22daaa5f,0.7187601633986928,0.17035359231337166,801.2741618610416,0.11173555555555555,0.00025833333333333334,0.18920833333333334
7adf54516,0.40799634622367464,0.2865229255349113,463.89843727330754,0.2740251679375454,0.2630960648148148,0.040949074074074075
c301eddcb,0.6487542505374243,0.30873335464680446,105.60479719974117,0.12188922545762491,0.0005813953488372093,0.39606312292358803
20bf4bf39,0.5121428758169935,0.16287986469602983,492.0439043530556,0.14672398692810457,0.039125,0.0020083333333333333
2ecaaae2d,0.5700316065123368,0.18248047528076636,216.89656927693787,0.19016994537278514,0.04142036124794746,0.0
eceb03b88,0.36046380324124694,0.1752203148814246,346.9116879027838,0.22025903855966178,0.12591387856257744,0.0004724287484510533
b92781dca,0.7014147812971342,0.23113963617509228,314.2800127732771,0.13609197324414715,0.032550167224080266,0.16576086956521738
f5e329595,0.46306392396574175,0.16815165326740006,148.8770160513512,0.3664925596201077,0.03009173097760904,1.654300768422707e-05
82db604c8,0.32839037052272346,0.2439357841391167,963.0317987491578,0.33466289973642915,0.16187354312354313,0.013646076146076146
e778cd78b,0.42085228758169935,0.2591842742347502,637.1646290146485,0.1536125816993464,0.19941666666666666,0.00010416666666666667
2f8471836,0.5170039317810458,0.19916566600943184,1140.3491278886959,0.19241394335511983,0.019292534722222223,0.011605902777777777
ee8ddae7b,0.5264868070685064,0.23758726022686796,3853.7240667864558,0.1792366255144033,0.03325617283950617,0.024174382716049384
08d17d82a,0.539602277369281,0.20253504319489785,1775.6787520980836,0.23336140046296294,0.012821180555555556,0.032243923611111114
cb0e74ef1,0.5511085294117648,0.11665779604949948,83.22445312326388,0.546947385620915,0.0,0.002225
e3935c62d,0.7474340897407653,0.24102597265270706,95.79394987296428,0.03679007857824778,0.05431647940074907,0.28297752808988763
3e0d923df,0.4564973202614379,0.2042872199459363,427.4973145749305,0.2357336274509804,0.0469,0.00075
6cfbd44df,0.37243168100573565,0.24054709367333182,763.6343071458759,0.12073185524209683,0.003045280612244898,0.05807291666666667
ec0ef9572,0.42906794117647057,0.19739259788495747,4959.102946317708,0.09654356209150328,0.07598333333333333,0.009241666666666667
1a2816f0f,0.5571837908496732,0.2296102676601749,521.5862199036488,0.2949756281771968,0.013792592592592592,0.1288
b32339429,0.4836919281045752,0.28522736166421964,105.4699816863889,0.12339303921568627,0.15241666666666667,0.036566666666666664
c40b30ff3,0.4229416122004357,0.16845661136990298,1078.127167091821,0.27456584967320263,0.015351851851851853,0.013449074074074073
5de76fac6,0.49609911151960784,0.2852682472729594,1522.7768064640761,0.2755968429038282,0.12198660714285714,0.12900855654761906
bad338993,0.5037920261437909,0.17267591184446374,101.86468206770833,0.0981040522875817,0.001,0.013216666666666666
4212729be,0.49058964233841684,0.3143345827904906,3488.747766833312,0.22568548021060275,0.17022569444444444,0.12530092592592593
0529ad4d9,0.43336174291938995,0.13158188328043036,846.2867011476543,0.06773827160493827,0.01831111111111111,0.0003111111111111111
bb9a64e6f,0.6718180215906587,0.2629102202444811,123.16888604097407,0.16762267753543364,0.018764044943820224,0.3171067415730337
5edf4d9bb,0.5351516339869281,0.24988482431794337,318.7113665066667,0.13987660130718954,0.05044166666666667,0.026766666666666668
615213076,0.5704683791579946,0.20194225310204275,326.1477152222594,0.19030708000146054,0.005679702048417132,0.046904096834264435
be38039cc,0.53117502787068,0.2498826148477848,402.9193366827553,0.26563456620106235,0.05940635451505017,0.06725752508361205
16a71f0de,0.6164968852124183,0.23250701252765113,2276.990260644489,0.21433274611928105,0.009264322916666666,0.12688151041666668
a8e6ad61c,0.6790182036356209,0.3142291465398736,1947.396013861084,0.11077379493464053,0.04495442708333333,0.3805338541666667
daa73505c,0.5002950367647059,0.11962520909485531,418.6190280754937,0.15286999591503267,0.01727864583333333,0.0011067708333333333
1eb6e3ae1,0.5619003721859114,0.19501921425760446,4373.973189611063,0.15572501361655774,0.009710648148148149,0.051278935185185184
a4b96c3f3,0.4539554751131222,0.2291003936323343,3343.5426656543787,0.19233619909502264,0.10294615384615384,0.032115384615384615
0038234c6,0.45002099219317354,0.24043342514184787,347.24344837962957,0.29998440904139434,0.14094328703703704,0.01925925925925926
4efe77aa0,0.4604741966230937,0.22253749489755026,883.2735017312885,0.3909835466594045,0.06917824074074073,0.04218171296296296
76de48e98,0.38358761437908495,0.21582925058135483,158.46062665104165,0.17001349673202615,0.07595833333333334,0.011975
d7454afee,0.46233780636575356,0.2708443143318787,1010.3178042895305,0.12824529700978762,0.12176999001885327,0.045547299545303316
a6eb71dc0,0.4235830718954248,0.23190991147394324,710.3977117663889,0.36982748366013074,0.134375,0.005016666666666667
681be6214,0.5222542461800773,0.31830858306120213,93.4015918557259,0.24484884254705225,0.06301839464882943,0.2499247491638796
26a4d7052,0.5227939333628188,0.2641099509248386,1323.0437404304937,0.3519936237652956,0.056447368421052635,0.09828007518796993
779bcf3fd,0.445283137254902,0.23073625552875293,379.8224857482639,0.3995553267973856,0.10618333333333334,0.00040833333333333336
f19397eed,0.5417986450394111,0.30507540756496637,108.34162287805874,0.14397130480099016,0.10888704318936877,0.1954983388704319
bea8484a3,0.7174158896151053,0.2507680930558511,601.783437005432,0.13120673928830792,0.018414814814814814,0.3499407407407407
4ed2fba3e,0.5178236882716049,0.17859831735435158,6017.307887833826,0.13325385802469136,0.002806712962962963,0.03953125
2160f2109,0.5971796780440571,0.18014719967431755,1832.1156763867457,0.08019955821834908,0.023487654320987653,0.051334876543209874
409ccc60e,0.28869094669117645,0.16172261575241528,218.3256026732385,0.44641864851409313,0.1735595703125,0.0009716796875
3e82bfd8d,0.2283600980392157,0.2230502902832185,581.3548997197222,0.30376875816993465,0.46173333333333333,0.0004916666666666666
a52461bfd,0.5270842013888889,0.17272007301026168,441.6720482312615,0.3423952205882353,0.07594184027777778,3.90625e-05
8538f4aa1,0.36801507035562764,0.19574172118811,807.7527686866538,0.11598726664154942,0.02276803118908382,0.01821219715956558
532396459,0.352743373275236,0.22841649950462542,325.7347576569734,0.3782552423747277,0.12358796296296297,0.01453125
8c9f6c718,0.5143180222706366,0.28363418177873506,768.4592462914738,0.12403183248608086,0.11010030864197531,0.11406635802469135
e6335f2ee,0.5199482996323529,0.19940055063893358,274.95691059662505,0.2219766773897059,0.008639322916666666,0.024534505208333335
5f2c67ae2,0.4584945533769063,0.2368184861071111,3059.584170524691,0.5243001429738562,0.07416666666666667,0.025559895833333332
4792b6d06,0.37840040106951867,0.23083349591915367,297.82451168803067,0.33962410873440285,0.22840909090909092,0.015234375
c7cb34ee2,0.6393970588235294,0.2880728085236457,237.9099570749306,0.13366235294117648,0.021008333333333334,0.3532666666666667
8e881542f,0.3614920588235294,0.2105137897565821,943.3859119722221,0.3344998366013072,0.11131666666666666,0.007541666666666667
ed81d1da8,0.5479798000660938,0.2550961560070321,1244.7558452297478,0.2798094064404788,0.05724485018726592,0.1011938202247191
3c2100f6e,0.366077818627451,0.14941783735153402,7716.187486132135,0.4858825571895425,0.0186328125,0.0230078125
6c594bfb0,0.5523724582425563,0.2583756521358494,258.2352102189429,0.2537786855482934,0.021782407407407407,0.15530864197530864
df17a57ae,0.602892744363663,0.2658346272629313,255.14023054038842,0.1544927663949475,0.003211610486891386,0.18411048689138576
9c833c8c4,0.4556863112286113,0.24054446369094332,349.8213961809501,0.4055777337152089,0.031404494382022474,0.0873501872659176
15e5b0e7d,0.5355271717958707,0.2304976590298192,1483.6299692825287,0.26829947409427346,0.02836092715231788,0.052756622516556294
87cf6fd3d,0.47071996914707914,0.2207530400993717,4627.45205522304,0.10411749482401657,0.08361801242236025,0.01704192546583851
5e2bbb163,0.4097197385620915,0.22033694058096248,122.1569388888889,0.1657654575163399,0.198825,0.014441666666666667
68071559c,0.48769557915758893,0.304478010850566,713.4292239176098,0.21420545116194625,0.17028356481481483,0.1362789351851852
1253241be,0.5075552428002451,0.2661605317187375,1164.0938931240082,0.15729966107536766,0.061025390625,0.1100341796875
a1cb8764d,0.47909915123456787,0.25650966353111193,1560.5761974745678,0.15792674291939,0.13759837962962962,0.014716435185185185
fe481f81c,0.487575344952796,0.1611678211951471,456.6797907621407,0.17558310639070443,0.028958333333333332,0.00044560185185185187
dc76d9fa5,0.7332244008714597,0.2813279088945686,3967.0836491447717,0.14102739197530864,0.03159143518518519,0.44946180555555554
8328ec7f4,0.6707626729621614,0.3198162666449868,156.4522908465789,0.0566227621483376,0.16529264214046824,0.29604515050167224
d4dd82200,0.3807868412990196,0.22921629673349148,244.4094449556033,0.26062997855392156,0.088525390625,0.018180338541666667
25d4c7493,0.4363723529411765,0.2071672492593051,348.73577355305554,0.23021532679738563,0.0663,0.011733333333333333
f5fd255aa,0.522012884667756,0.259187933859619,1218.4648844038597,0.24365153526688454,0.1581640625,0.005993923611111111
f6e45accc,0.4168799019607843,0.2397860696178288,4682.765543991597,0.2798569607843137,0.07351666666666666,0.06453333333333333
c4b37d5ed,0.4798956862745098,0.22130184201469671,82.05718918604167,0.14737,0.015383333333333334,0.03913333333333333
b2566d195,0.33991520288671023,0.24729450843085002,665.2314366314736,0.13308409926470588,0.18833333333333332,0.06279947916666667
3a36bdba5,0.43822816993464053,0.1470808038492673,3545.6421111441673,0.31820470588235295,0.0041,0.0031416666666666667
e28bad751,0.4286550980392157,0.2624289514526078,6082.26420146639,0.2884587908496732,0.03953333333333333,0.119775
a20d1e637,0.4431734226257553,0.21433784152179672,930.1066968800116,0.28298914968286165,0.1328407224958949,0.0001778872468527641
0497f7012,0.3355288858838555,0.19365150997416805,860.7967966244938,0.4052407246423474,0.08466064586754242,0.03281335522714833
bbe6ff890,0.3928948943213649,0.3404647933537473,1090.738155064026,0.4311510058568882,0.3357142857142857,0.11285714285714285
8eab07081,0.3914251508295626,0.2792852074938911,543.078140458323,0.4129745160884867,0.2517147435897436,0.005857371794871795
d605cb217,0.4180461260893246,0.23158762356916043,775.4715424255372,0.528893058959695,0.03532986111111111,0.09697916666666667
0935ab38b,0.5232986989188199,0.247684992230271,241.9338901386341,0.373144401685908,0.030381619937694705,0.06889408099688474
796cc971d,0.6372019562454612,0.19896441858810182,648.5582759150752,0.37252482752360205,0.004265046296296296,0.025983796296296297
c662b7876,0.44822502450980395,0.20402380716267554,348.59211175683595,0.24063161764705884,0.04743125,0.01463125
2f95b343a,0.5177459604212055,0.21142179153764354,633.6474600546754,0.1803414351851852,0.03745949074074074,0.020856481481481483
e754315db,0.46539261074800287,0.2571202688217128,483.4185950740527,0.1956708197167756,0.12285300925925927,0.04269097222222222
14f9ffbbc,0.553982058057598,0.28098568518092604,820.9422144243658,0.15904668351715684,0.0501416015625,0.15573486328125
be55e5ef8,0.5165314705882353,0.22920803251195776,2696.7118962577083,0.2369746405228758,0.044075,0.008583333333333333
bfdab2894,0.5623070588235294,0.18928692646946546,611.0191179110936,0.13659107843137255,0.004675,0.07539375
3a5fb3c1f,0.5959309867465504,0.20111004522063727,43.16796122202932,0.19453506263616557,0.006082175925925926,0.00646412037037037
2196b0156,0.4993394711992446,0.2747898782543989,1254.7461720039785,0.45527281564183747,0.08607648725212465,0.1274645892351275
611045510,0.36429872912127814,0.20784920649277608,728.1456738363985,0.4172297385620915,0.11841666666666667,0.0008240740740740741
b660cb310,0.20754970043572984,0.2589312721540685,969.147326375493,0.1878521922657952,0.5231481481481481,0.056915509259259256
3be154287,0.48903382352941177,0.2898810705112867,309.77033802493054,0.34578450980392156,0.09235,0.1322
e76929e2b,0.6010922818791946,0.3015171759100231,64.6109901761182,0.2701735754704566,0.07937080536912752,0.3394463087248322
5bc18f57d,0.6366649419026871,0.25024593227980163,330.83689018055316,0.3039139433551198,0.014251543209876543,0.2524151234567901
a31b05e99,0.5127198175335758,0.2840975924280315,3521.7525400699064,0.08852451203783959,0.11209744797204922,0.054325535470150385
c4bcfbb1c,0.47862209150326795,0.22541495538556994,133.07152315493056,0.13131722222222222,0.03428333333333333,0.026191666666666665
80255c391,0.4992661873638344,0.2569066897414526,492.7723376943209,0.3246914596949891,0.07794444444444444,0.061455555555555555
e742a643d,0.3859031575520833,0.22655387235755653,1086.429748532003,0.33591120940563723,0.0905322265625,0.08405029296875
664a120bf,0.5352707189542484,0.22373311888830344,969.1060161277084,0.1233240522875817,0.012716666666666666,0.08349166666666667
390c45d0c,0.3771243032329989,0.22904225910536566,1834.0977151244815,0.34573273657289,0.15851170568561873,0.05081939799331104
aa943b9a0,0.3260483660130719,0.2344195934833028,425.3805895882639,0.5139669934640524,0.14343333333333333,0.012883333333333333
8910e2c01,0.4763686906403186,0.2477309943962136,558.8812035797537,0.1627446959252451,0.11370361328125,0.0513818359375
18aa41749,0.42982011014282256,0.2609449048040431,427.06773468197497,0.29704714354877754,0.17588734567901235,0.030378086419753085
4a6fea502,0.6270379411764706,0.28607273930673954,290.0518450860416,0.2332012745098039,0.04278333333333333,0.2153
8491fa23b,0.43145209358374736,0.20392830780528853,134.6398897692048,0.23438097631225563,0.04078820449221442,0.02873547379541592
8cb5fc48e,0.4708616993464052,0.18699520248001122,345.84053158326384,0.23336078431372548,0.07883333333333334,0.0002
e24a04c10,0.48911549110384894,0.16171010519125248,328.8881051592707,0.19508306100217865,0.013912037037037037,0.0038657407407407408
d538c491f,0.42079700903799017,0.2413794233352395,350.14563859548565,0.4142675876991422,0.06880615234375,0.028095703125
355e3bdc5,0.5719452841321714,0.24332916739182311,1178.5399436848625,0.32745474763979665,0.04379050925925926,0.0784201388888889
07558410c,0.3254299768518518,0.2143961193625504,726.7071827745036,0.506524952342048,0.2197873263888889,0.0047309027777777775
63df28877,0.5018065666860804,0.23853400936019667,364.54031423583456,0.29914183330097716,0.05012891914191419,0.1135674504950495
aee44eb09,0.27818819379603693,0.10993578895626896,536.0374143936839,0.4810079228572521,0.07144527986633249,5.56947925368978e-05
7218c8328,0.40735517088779954,0.21263247399115626,84.01516161499023,0.31789106753812635,0.09554253472222222,0.0
de7114b0e,0.44215780077463085,0.1929085328683278,533.9664230966483,0.2659413580246914,0.03925925925925926,0.022152777777777778
ddb881657,0.5349007201646091,0.25705210824497576,1892.45660673654,0.1644156681190995,0.006851851851851852,0.004614197530864198
8507df043,0.3761526416122004,0.2617625942227866,306.85676458785446,0.2061569762164125,0.02504050925925926,0.08056712962962963
a30803552,0.48987585985213755,0.23185712636538108,530.7975882222521,0.4218273224043716,0.02657377049180328,0.10650819672131148
476d40031,0.44272545662100454,0.21168077941239122,180.75848752405062,0.23197604698272004,0.06686643835616439,0.00016766552511415526
6a4a4b403,0.5337543859649123,0.2409382183191739,1661.443076108229,0.3069316865147618,0.005536062378167642,0.13924812030075187
f6e07783c,0.485672457423191,0.27771625348085205,694.5091584512362,0.14999588592364896,0.03589667458432304,0.05057403008709422
41bbdb352,0.557594589687727,0.2674857135362811,938.6175921724966,0.10774391793754538,0.05550154320987654,0.13348765432098766
b8daff578,0.5406837327523603,0.18011566104229615,454.8463493783698,0.20498565722585332,0.026157407407407407,0.00466820987654321
a19305a1a,0.3334885620915033,0.1547701018905506,234.96500222666668,0.38654503267973855,0.15295,0.0
133c0e6b9,0.30939887436456065,0.2722298703592067,218.60262987343535,0.27392270334059554,0.3465798611111111,0.061030092592592594
d1265050f,0.387512385620915,0.20512858880254353,1929.867462366597,0.3304519607843137,0.0589,0.038425
1436092b4,0.5209442427176632,0.166587156878903,5561.36105013421,0.26765258613733556,0.02368312757201646,0.02404320987654321
682cbe0f9,0.6743604529774873,0.3602315395743936,983.473903131296,0.11661154230210603,0.0947511574074074,0.4975289351851852
52c49d6b6,0.40774374489379084,0.22127329972445184,457.4559316049788,0.0842932878880719,0.05659505208333333,0.008365885416666666
e12797ab1,0.3186946405228758,0.3015238913021629,539.5420030775,0.3024117647058823,0.447,0.0067083333333333335
a99e4b365,0.6587558169934641,0.15373296059590738,1327.4513528499306,0.21731418300653596,0.000325,0.047066666666666666
c239d1834,0.6136271786492374,0.25218570423305575,381.74667098170056,0.15602620430888406,0.02877314814814815,0.243125
ad6e56af2,0.6344135294117648,0.20216031303538323,56.40746366222222,0.18936225490196076,0.00125,0.005591666666666667
9c788a6bb,0.47238338174776084,0.19375193342207112,798.5065843333238,0.17766361050593077,0.046566358024691355,0.0016512345679012346
c7402d13c,0.4536974555708571,0.31189706091698893,553.6832507851561,0.2622365728900256,0.1517391304347826,0.1925752508361204
bee984e11,0.4127159912854031,0.18734267116519562,352.8629409717284,0.36212627450980395,0.056666666666666664,0.021966666666666666
158bc6f24,0.4130525773527802,0.20024928148013105,2167.9217404487554,0.27633579102138944,0.03078817733990148,0.027148330596606457
e849142b2,0.47477709150326797,0.16976303434323833,168.99069159159723,0.43482604575163397,0.04215,8.333333333333334e-06
7b0d325d8,0.5440068553737285,0.23023120405562875,1401.3718054510396,0.21627955919209788,0.06834586466165414,0.024708646616541353
f612d5506,0.5320505746582046,0.21052061071391914,262.84105837737934,0.13711167156073378,0.028532608695652172,0.01048208534621578
d5abad72c,0.4737328904013396,0.26684071944966786,2958.06227306859,0.41012980068060284,0.20676308539944904,0.026632231404958677
71f93d157,0.40727075877480384,0.2729284772726237,1130.6918998317492,0.4504355478266714,0.13821229648671807,0.09237896315338474
3e82e76cb,0.6071998700032499,0.20127343635818282,244.03882894275966,0.2596040515653775,0.008729281767955802,1.3812154696132597e-05
1633b105b,0.5688545876365814,0.27678840642835806,359.3507571853715,0.14228855876532123,0.05546543681085666,0.11986323155216284
df2d9957f,0.47377708807995034,0.2125643191412284,5961.539075982703,0.20948855202292183,0.03085662411971831,0.0248321963028169
d76c4ec1e,0.24483572984749455,0.22020343268686604,567.5163853254321,0.27877477124183003,0.4368666666666667,0.0003333333333333333
20e46cb8d,0.4474321568627451,0.241107340758059,110.8587476488889,0.11418954248366013,0.059866666666666665,0.013625
a08030c6f,0.31565444444444446,0.22055243517608245,644.6665327774999,0.3898833333333333,0.31106666666666666,1.6666666666666667e-05
791e6dc19,0.44215150326797387,0.16609974467027105,1154.0569724441668,0.4794320261437909,0.01564166666666667,0.002275
213cf987d,0.49958754901960784,0.11364827251543255,92.64430662159721,0.557837091503268,0.009758333333333334,0.00025
dd0b58409,0.46561452003591636,0.2743468423931538,791.4667230173557,0.24012127002025516,0.08389909478168264,0.07880058572949947
7fab9b8f3,0.39339524611928106,0.27272512871093835,458.5109588697646,0.3510979243259804,0.18460611979166666,0.04209309895833333
a0e71d03a,0.5241476107286885,0.28215184622368294,2254.011118391298,0.3429095722952301,0.1330646054964539,0.06322030141843972
bc4ba2449,0.49863267384684035,0.23587829357353748,1448.2090818933375,0.21130866488755987,0.0876034431801389,0.04280885178070046
704502836,0.3990281711450012,0.2128856648026186,505.57968801434384,0.5542686698136045,0.07005401234567901,0.04764660493827161
de59f42db,0.7076573590247753,0.25250755742191217,652.764286144379,0.16854999177524624,0.006663636573735257,0.3494749978815028
f4df06287,0.43891981360445415,0.21199421726791445,1521.2205044560185,0.18675435729847495,0.029459876543209876,0.03281635802469136
6134ae21d,0.40400375697724344,0.2627638493752671,732.8922079889045,0.35329812508945185,0.23312956204379562,0.01781934306569343
7b9cc47f0,0.3152266773897059,0.23374819459411683,501.75100378990174,0.1310504270067402,0.17697509765625,0.02123291015625
69df3f618,0.5137909803921568,0.1981090857569099,765.256015007284,0.11378252723311547,0.03425555555555555,0.0
72896003b,0.4798942674291939,0.19971358612894857,799.3623872599451,0.29468963326071174,0.02791087962962963,0.017511574074074075
9aa40019a,0.4015190026627935,0.2398594441000817,226.71707385175444,0.15696610308181697,0.10305164319248826,0.07916449313162928
e5962e049,0.5775679083894094,0.33720860623995974,617.5213967635322,0.18664257273790744,0.10691023535851123,0.2532840722495895
9aa5ab22f,0.41477988795518206,0.17856391455567144,130.0741528520408,0.5406397759103642,0.04062857142857143,0.00017142857142857143
6db8c5110,0.509328732174688,0.28810380325248014,1845.272320964416,0.20581526292335117,0.1707244318181818,0.0796221590909091
4f1bf01b6,0.576725376724764,0.20131632869118188,1532.2225098379295,0.17306767429193898,0.016788194444444446,0.01879050925925926
67e41958c,0.45490098493100944,0.31773324148209897,852.196237394976,0.1510039714960058,0.20303819444444443,0.14787037037037037
48aa8ee7c,0.5472655555555556,0.2491495323958335,174.99522892333334,0.1360616339869281,0.016566666666666667,0.06065
fc52c0c82,0.5584809141249092,0.24509375795497204,1232.1207366683814,0.14572485475671748,0.027662037037037037,0.07840856481481481
28bafb2ee,0.3520599019607843,0.2015189312230546,52.903071909999994,0.32830196078431373,0.208225,0.00125
f393a9d26,0.4572724266197524,0.1692134650706011,771.8704211867012,0.09012316698545181,0.003503738480264302,0.022278734133194228
f61cec80a,0.5002461571048172,0.17849918620244354,1567.2864050696708,0.2041278443476156,0.032484567901234565,0.0
92a173c59,0.5310664012329822,0.19768217577841196,444.65323343567053,0.2590419984587721,0.016943231441048034,0.005513100436681222
0a5be413e,0.3873138562091503,0.21956159572166603,1721.434947518025,0.3363439651416122,0.16075555555555557,0.011766666666666667
ca113d98b,0.5313030392156862,0.2986916651911493,933.0152289699608,0.28916159313725487,0.072175,0.219725
57a93e9a6,0.3969602447897398,0.23457108448353675,415.5849749183329,0.5467140933941711,0.1234538784067086,0.04978380503144654
6366dd2f9,0.527467613868464,0.06907566578723873,155.60575677743486,0.20571798406862746,0.003818359375,0.0
edf3478dc,0.5803025407346037,0.23926131452861185,1231.7158016084427,0.12405408266593022,0.05637323943661972,0.027235915492957747
2bea067f2,0.19983407956358398,0.11195023720435984,159.2535581871164,0.716703549311238,0.2967979002624672,0.0
b98512188,0.4152020347761746,0.18497910563026526,164.01363787815947,0.8074248242693304,0.08525471698113207,3.7735849056603776e-05
1d5be4060,0.4463298994724793,0.24972536490535188,1221.9054041427246,0.15874168906141134,0.1020241116751269,0.07267131979695432
6668704bf,0.4492725163398693,0.1948576470509943,373.68891342666666,0.6651644444444444,0.06710833333333334,0.025175
af9d89c50,0.5355352441902687,0.27335698232035255,1108.9059105709875,0.24328252087872185,0.08806134259259259,0.012517361111111111
290c3cd9e,0.5088416621278141,0.21168936871110197,285.6416600994513,0.3426111564996369,0.017766203703703704,0.03283564814814815
495ce6c73,0.5422509568391921,0.2961067860520417,691.5721691581222,0.34161414355532,0.05967717717717718,0.0651051051051051
bd7bae691,0.5261241475756969,0.17818268988516295,278.0490556228188,0.3823450213418701,0.01405718537414966,0.0302202912414966
2852d3c30,0.42383633986928104,0.2351329455951473,52.15943093083333,0.24937133986928103,0.11815833333333334,0.0
ac7edef88,0.4166481027596224,0.21030923373171556,1798.6644791601025,0.17728789941902687,0.10522569444444445,0.013246527777777777
a6e25e889,0.4760868845315904,0.25965155539744456,6054.3990935980255,0.35773211328976035,0.09413333333333333,0.09398888888888889
90dd998e2,0.456848137254902,0.3230922180396821,503.83070233333336,0.46443728758169933,0.263075,0.15260833333333335
0f9f0dd0e,0.47135782892867295,0.2432244018887981,1431.807828154537,0.26199215686274513,0.10249275362318841,0.0627608695652174
d1f01fc04,0.5668113879811184,0.15797274881451612,239.21467570074054,0.12533356027596224,0.004548611111111111,0.0
fa3b3b348,0.45283996732026144,0.26058860612444334,2533.8878517077083,0.1951632679738562,0.07788333333333333,0.10635833333333333
9faeb952b,0.6411090235425274,0.22648099748475672,215.16582748172561,0.3148992720834153,0.022842809364548494,0.15999163879598663
a996f1370,0.45405737906447846,0.21078301104786476,55.29999971600122,0.3627664576802508,0.07011755485893417,0.0
799c6852c,0.5051171895424836,0.317261068542953,58.756022638263886,0.033980555555555556,0.08985833333333333,0.181325
1246bed4f,0.521747091503268,0.22283031098093686,667.8357033766667,0.40083539215686276,0.0071916666666666665,0.05135
c2109fcac,0.4887854938271605,0.2359628369766146,2551.6905429574376,0.3774324921326555,0.03986882716049383,0.054328703703703705
4529e91da,0.35528772734720626,0.22379845750090308,658.4316338940573,0.26599147960019665,0.19477019498607243,0.0020682451253481895
966aaf6e2,0.37844135227930836,0.2851493162643568,161.621714866239,0.26912489916852816,0.23166205168776371,0.03398602320675106
0e28a90f6,0.5570949116625816,0.2283356637045968,1418.1957696062618,0.17847357536764705,0.049580078125,0.019514973958333334
f785304ad,0.45319108569353667,0.22143117290852732,502.8632168369288,0.3358239152142338,0.06283564814814815,0.011817129629629629
69ba8d92e,0.44773134531590414,0.2648819850440206,533.2524497920954,0.566161832788671,0.1321238425925926,0.07920138888888889
6fcee4bee,0.5088555056281773,0.22348136921987302,472.3462166518977,0.255734885620915,0.03450231481481481,0.06865162037037037
63a542d16,0.44463437908496733,0.24831914465901825,360.1052169165972,0.31294702614379083,0.11025,0.038816666666666666
ed74a9822,0.49740423021060276,0.24848193962566564,783.847838670208,0.30027786855482935,0.10825617283950617,0.024074074074074074
a90d6fbee,0.48774194921023967,0.24278674617485052,2159.4509456353085,0.3732433449074074,0.08343315972222222,0.010434027777777778
b73cc0f45,0.5186240241466957,0.2017911050084281,1153.412707928107,0.10557368827160493,0.06388310185185185,0.003408564814814815
9ea482068,0.48117977124183003,0.27762201604016895,268.4951029549306,0.21282545751633986,0.056175,0.04949166666666667
d0eb1073d,0.5720955201525055,0.23832443248257923,3894.721959779791,0.1176865468409586,0.012112268518518519,0.06998263888888889
bd8224d08,0.5697322649990229,0.3096203178703254,189.0292914724313,0.113171910624715,0.0863704318936877,0.22593023255813954
40c0fdccb,0.5441873638344227,0.3144800364384588,782.5791332698033,0.2216607434640523,0.07429398148148147,0.24928819444444444
951d3ae42,0.3249635594978732,0.17428455424975914,262.2589393483088,0.5852296659404503,0.1009837962962963,0.00043816137566137566
9a965c1f0,0.4152300633515055,0.12562336695787962,482.44737890579376,0.1574015508234357,0.013901689708141322,8.533879501621437e-06
dd3c902ae,0.4006057368259804,0.29955037168410087,139.636811324554,0.2688990757761438,0.22308919270833333,0.095849609375
abbe2568f,0.3609109023238925,0.17346437447269886,3530.0536597602663,0.1747941403413217,0.013559027777777777,0.007789351851851852
89a6620e3,0.3736190766211575,0.12328822949695922,202.92323758644818,0.20203844551913375,2.054316118164263e-05,0.0003081474177246395
8b12f497f,0.4732927205882353,0.28045869970713366,955.62252511,0.37207936274509806,0.10476875,0.11211875
6b5f208fc,0.3780630392156863,0.23339349566878534,965.7465278108335,0.16691356209150326,0.12610833333333332,0.0004166666666666667
da840f8d4,0.545173954248366,0.29211071312274833,629.4641900832638,0.26342356209150325,0.10774166666666667,0.16905
08438c720,0.39467238562091506,0.23867975844971123,1880.9359843390394,0.3329500726216413,0.08782407407407407,0.05704475308641975
9fd2b640f,0.6353117647058824,0.16383452942317364,949.2826981091358,0.0847234422657952,0.0009444444444444445,0.0033333333333333335
9e9ce66e9,0.5245265674170904,0.14374871990912774,3554.1872977421026,0.1250656015492617,0.005177469135802469,0.007816358024691357
3759a1d40,0.42480179738562096,0.20773116302225691,2975.499445641597,0.12216516339869282,0.05123333333333333,0.024325
74363ff2b,0.40480977124183004,0.18820745000455052,1016.8433815915972,0.19812503267973858,0.054766666666666665,0.00945
91633ef0b,0.17581983660130718,0.2048074675331656,186.64622498270833,0.6123122875816993,0.5195833333333333,0.028091666666666668
4fbe0c2e5,0.4114696405228758,0.23666525865661697,153.3949998775,0.1746746732026144,0.032758333333333334,0.0009
a768123bd,0.4458278358072201,0.2702002086778673,813.1108059599912,0.23009226681326736,0.17054906542056075,0.05457943925233645
3e13d34d6,0.3900486554881934,0.2973151328726945,847.3802858458564,0.304946565441404,0.30352251624883936,0.052884168987929435
95b94b4ac,0.42196313316993467,0.21586813521564543,619.1912169298703,0.3106609987745098,0.068525390625,0.01609375
dc549e010,0.4164560784313725,0.3120419172784618,81.29604717437499,0.19285712418300655,0.2244,0.13615
442f853b2,0.5188858478576616,0.2730778928957986,858.4301289287216,0.1723653776325345,0.07019097222222222,0.061475694444444444
7b8d76961,0.30465555555555557,0.11539245186110007,281.7694916666667,0.32321222222222223,0.07145833333333333,0.0
c85f29411,0.5081430503235778,0.18166717836862317,2047.2631883152699,0.20070392908121104,0.017911877394636014,0.03371647509578544
0eba510fc,0.48270816587504567,0.2336644136257118,481.33141290459474,0.29736627694556084,0.10702639751552795,0.0050698757763975155
5314d64ac,0.4479628405669384,0.1792305059552072,1349.757598783736,0.40365722993317177,0.003932584269662922,0.026282771535580524
eb4c66e7a,0.3853306209150327,0.26830831434118846,1104.3996649330554,0.375731045751634,0.167325,0.06789166666666667
0850d4334,0.25576290666079166,0.24851074854325705,740.8145842695752,0.37588194903429534,0.4809269662921348,0.004382022471910113
f9d566df8,0.4555341960784314,0.19797058856653946,1043.467272861822,0.3102251764705882,0.022846666666666668,0.01492
1ef0bf320,0.42057115990440497,0.21666624557166825,213.49121647054366,0.18684123961218835,0.09497489612188366,0.00221606648199446
2618aa6a2,0.4164496405228758,0.3221116966926609,221.39667386555556,0.3887568300653595,0.18120833333333333,0.15820833333333334
92d5ac408,0.4253241474240126,0.1661865926424191,92.88961112752565,0.2273042586662172,0.024591690544412608,0.008610315186246418
319f3e6e7,0.45824290117384747,0.32111622762700887,346.55463470983267,0.2166956193848777,0.14077759197324416,0.1917056856187291
fa94cdf93,0.44700834014161217,0.2152438731064922,5156.31898282725,0.32498331971677563,0.04858072916666667,0.04796875
a12bb119e,0.4132922357797608,0.20477201119289817,983.6571719967002,0.20235351787773934,0.09839009287925697,0.00718266253869969
915031b99,0.24192515432098766,0.151027754355668,398.3293229808331,0.12024947803195353,0.17114004629629628,0.00015625
21c8d5f0e,0.4545381165479205,0.13574467198679024,639.1589081849618,0.11469256020726609,0.012062062062062062,0.005818318318318318
6d3930bb1,0.3938592653110627,0.13543322331225183,112.8267729289909,0.12498178407165335,0.0027546296296296294,6.17283950617284e-05
9ce27322b,0.41959102668845316,0.23893464281405113,2385.5084388261625,0.3211327841321714,0.11316550925925926,0.006678240740740741
0d6cb5b69,0.4263467973856209,0.26193401795308907,483.08708477604165,0.18016503267973857,0.16151666666666667,0.0034
72f6dbb1d,0.5634055180854851,0.19834430220388727,344.3808583998187,0.3652614413556053,0.03701815454215159,0.03333216131640941
0a555d688,0.3672468469158497,0.27640491132575995,756.0504796059504,0.13028370098039216,0.1861328125,0.003740234375
215903d75,0.39621178097795134,0.1811223105506804,313.4224551676753,0.2760133837767472,0.08648340248962656,0.002842323651452282
311ee8343,0.386979477124183,0.24301183146852728,3719.856774262222,0.4126975816993464,0.129725,0.026433333333333333
2cfbdd28a,0.4508577146214291,0.27718873957376344,258.0328461535966,0.23060685172945583,0.1683052434456929,0.07101123595505618
4168bfd52,0.5881560414964597,0.29191393518968023,907.6910976664225,0.3894273599196623,0.06243489583333333,0.22605251736111112
3006cd3eb,0.595968431372549,0.15833573343805046,551.7194474665972,0.31021581699346407,0.013083333333333334,0.019758333333333333
7d4fceffc,0.579269183006536,0.2627850600935196,768.5415029160417,0.13728660130718953,0.012341666666666667,0.17451666666666665
200a0df49,0.6512493464052287,0.25401212193084033,209.8820994997222,0.11353065359477124,0.09646666666666667,0.1145
6219a1e79,0.5813769543765218,0.2285964048598535,193.488861655588,0.2129237419368619,0.00428921568627451,0.11680283224400871
53e7035cf,0.5222998366013072,0.28405287989076894,207.43244162326386,0.24711532679738563,0.12550833333333333,0.12774166666666667
8ca443ef0,0.4489979432900855,0.20913580295980835,6856.946382661281,0.3152920650017884,0.047455431177446106,0.03279436152570481
694a730b4,0.48828537857090404,0.25972022012599216,366.38646453309764,0.6530870235734744,0.08075842696629214,0.04085205992509363
e4b550d46,0.46684971275655507,0.2335503483700711,1446.272618425993,0.17553223918949884,0.02042466611018364,0.0338585141903172
3c25f4969,0.596375540881454,0.2760330366492646,308.31322899589776,0.24852379749610864,0.028940649091550974,0.17778179161090632
4cfd0fac0,0.42422626050420165,0.14029637236729645,692.7009389639668,0.21006355042016805,0.0014107142857142858,5.357142857142857e-05
5dbd7f61b,0.6058074397723494,0.1774347065543705,1542.7527584700729,0.19982168618281573,0.004767201652629906,0.006696783273932487
72e093c41,0.5118896756233358,0.26888382712435055,123.9650491083081,0.43790392762043084,0.09219135802469136,0.07905864197530864
cbd289193,0.46779641630663565,0.3098076787519599,99.38910309891594,0.3640359477124183,0.20451977401129945,0.10512711864406779
396910627,0.4178926797385621,0.2328208358767205,1194.599147839506,0.32505764705882356,0.12552222222222223,0.008311111111111111
0c752844d,0.4164138145679728,0.18373311165255957,1512.0502462447523,0.2630220977279801,0.052271483305966066,0.016119321291735086
37ae0cd69,0.35920994178921567,0.20350659602958357,654.14465599059,0.2886077920751634,0.144072265625,0.004951171875
3cd5d9102,0.5557129024449285,0.2187276165970633,2711.273869478202,0.35354139433551196,0.013341049382716049,0.11733024691358025
1042ee67b,0.38020511074800295,0.2142485606000135,726.9379533414781,0.3321650553740015,0.050659722222222224,0.02988425925925926
f3a5451b9,0.5056062999273783,0.20698564933919386,1779.0107147612307,0.1748921266037279,0.0326466049382716,0.05955246913580247
7e8c5d816,0.356457133374183,0.17905250373811096,297.26542765908766,0.1823296058006536,0.07983072916666667,0.002923177083333333
0a40d8c85,0.44979659368356023,0.24641407351820832,1903.6028958033041,0.24136168041877384,0.08054717613541143,0.07246103569632982
6d98621a6,0.44458153594771244,0.25403163696876785,797.6194091597222,0.16259313725490196,0.11715,0.005158333333333333
86ce90970,0.41877945636484537,0.16117966585597268,669.8991447355551,0.21116201608848667,0.07423490488006618,6.203473945409429e-05
dcc0d8482,0.499102614379085,0.2294538915113497,2914.2407784330553,0.16654702614379086,0.09896666666666666,0.00685
d4427513d,0.7609387908496732,0.2295648349163408,523.7020582165973,0.0875316339869281,0.006308333333333333,0.3953333333333333
48c5a3c40,0.436526339869281,0.2430456342624181,523.3919790655556,0.23497444444444446,0.04025,0.08745
e8f7d9542,0.46274309855521156,0.24545585439025328,182.86510107159623,0.04882997936016512,0.028368969298245613,0.12930372807017543
6d18cc71d,0.632337091503268,0.24751859168195597,1586.0737248715973,0.15057294117647058,0.03401666666666667,0.18846666666666667
564ad520f,0.35725278288398693,0.23883355098697642,262.33303088171215,0.37276912275326796,0.162021484375,0.036106770833333336
b0e26c028,0.33063150568869526,0.2095689501026353,2040.4519249161715,0.14221087509077704,0.15314043209876543,0.01037037037037037
611c6421b,0.31020333847824844,0.28750907547185683,102.10899393402198,0.26376482021379977,0.3388338192419825,0.09403790087463557
bec55c577,0.29613466261255994,0.2786252823362227,126.21905717486483,0.36228021576423813,0.41049329025844933,0.002547216699801193
cf8e988f5,0.2888613069748972,0.25372445948135713,1010.5958222971115,0.31499398993313804,0.39930213464696224,0.005322933771209634
5f0efae69,0.5039884967320262,0.2606784587971835,1080.1184898665972,0.11365029411764706,0.09719166666666666,0.10243333333333333
9b71a3c06,0.371260697167756,0.2503343119346706,1145.2728361776544,0.19509494553376905,0.17551111111111112,0.043722222222222225
5f7343089,0.7046752709522628,0.3401826339035713,924.927702900816,0.2042517994539588,0.14676160337552743,0.41371835443037974
785a95244,0.428093852124183,0.25633362956299316,465.12739538366526,0.32266822406045753,0.18193033854166665,0.033583984375
fdd77ab31,0.3112305680374002,0.20259933700522498,265.2709598946277,0.2707477475944082,0.23170572916666668,0.006510416666666667
e58a12b66,0.43476045751633985,0.24174374694047845,161.1751750965972,0.16815849673202615,0.102025,0.016683333333333335
a21b2a42c,0.36016542835753546,0.2386650782361374,2886.3445783552797,0.3527673004348183,0.1517488232217573,0.040680570083682005
f65fe3e26,0.44456756268081005,0.21047733752457048,113.35734447751173,0.2539702725352436,0.1008086943793911,0.00625731850117096
f41112ee1,0.38327885624637104,0.2217409284161126,470.4946177924873,0.24029312664701416,0.12130908314350797,0.000946753986332574
7e4ac998c,0.47303606118373276,0.28516215697710545,778.921600820902,0.3226108614742193,0.25319444444444444,0.007337962962962963
2eb4fa594,0.43615895629084966,0.24135970523511055,1785.555925021023,0.19327132693355117,0.09661892361111112,0.047421875
d30c88c64,0.38183232026143793,0.11138815309252846,364.34356555305556,0.2304606862745098,0.001775,8.333333333333334e-06
dffd9f2ff,0.34571970315904144,0.21449330255462368,914.7125183726371,0.34837547657952067,0.14075810185185186,0.013015046296296297
161718095,0.375954176729843,0.2550165358470492,1487.817573780693,0.39295487262406703,0.13051931106471817,0.07151617954070981
20fc75f2c,0.5377364515250544,0.21391460410241853,5093.390594390859,0.1311830746187364,0.018709490740740742,0.0719386574074074
81015c1aa,0.3387419281045752,0.2323518746401687,65.30580488638888,0.28133908496732024,0.2021,0.021566666666666668
945346188,0.6047592138707334,0.16006967569567274,916.1531143470293,0.16072898511256353,0.0008391203703703704,0.014363425925925925
427acc248,0.37979469209558825,0.1587135603939751,346.73968345298766,0.13583508220996732,0.076962890625,0.00011067708333333333
64f563069,0.19229618282498184,0.23718180746648937,1642.95923023402,0.49118856663035587,0.5888773148148149,0.018755787037037036
2de05ee7d,0.41101616966230936,0.26986286804857473,1729.0875265597872,0.26685016680283224,0.19190104166666666,0.04888888888888889
1082982dc,0.6513722766884531,0.15670381715360074,218.47955679012344,0.05575532558702494,0.005632716049382716,2.3148148148148147e-05
2c23cf72e,0.3849152614379085,0.15946942156459756,248.7587728530556,0.32666898692810453,0.016625,0.0
790e639ed,0.44224558823529414,0.2413277125740539,1018.3765932222223,0.22052839869281046,0.03290833333333333,0.10306666666666667
2e3c988cd,0.493995642701525,0.2500205518961128,4256.644960236914,0.27807660130718953,0.07268888888888889,0.05814444444444444
6a864757b,0.524713984204793,0.29533109418104503,766.4051385286726,0.38086036220043573,0.06961226851851852,0.17064814814814816
0b24f7e7f,0.35876119536356205,0.33689447048955096,474.2623408391317,0.4205641850490196,0.347744140625,0.13296549479166667
f527634f7,0.506314183006536,0.2845123103898022,177.24736984104166,0.15432598039215686,0.050216666666666666,0.17569166666666666
5ef0ffe23,0.4484358206245461,0.22905108980671846,423.871158792244,0.47975344952795934,0.020717592592592593,0.008368055555555556
eb21c0250,0.5278128758169935,0.199946869802614,2742.3747577500008,0.29157947712418303,0.019433333333333334,0.021716666666666665
938bcb826,0.5519645030425964,0.3175911125406202,212.78843986768015,0.20003282316061222,0.1402742946708464,0.1957680250783699
f642366b6,0.42338807737860246,0.21579028918659854,139.31025417745823,0.367247631267272,0.032055369127516775,0.04816275167785235
fa18941f4,0.43030722222222223,0.24974947981311577,759.5648957975,0.19602767973856208,0.11929166666666667,0.0119
742cced96,0.508688954248366,0.21230127848010333,251.78248508826388,0.20198875816993464,0.018033333333333332,0.0003916666666666667
ab9dd85b2,0.26591843137254906,0.1915689704518574,571.5399990749306,0.19353633986928107,0.23386666666666667,0.011525
6d1596957,0.4257928410947713,0.11582311751436371,485.44366663308676,0.4273037556168301,0.004182942708333333,0.0
62bf4037c,0.41856055555555555,0.1721739679822378,83.95774822222222,0.19212169934640524,0.027291666666666665,0.0
b73cf161f,0.5021038489469861,0.20346460473956626,5435.802937107634,0.49216616739288305,0.020109953703703703,0.01119212962962963
1baea0d16,0.43937225490196075,0.23688080692273625,718.2563188933333,0.1523672549019608,0.12325,0.0005833333333333334
89f229ee8,0.49551349315767973,0.2305663916094644,2804.3998854395445,0.22517701950571897,0.023684895833333334,0.113720703125
1925aff9d,0.4147268305759804,0.1896225986539807,309.4032592159271,0.13359193729575164,0.0355859375,0.011272786458333333
106de20f0,0.4110932679738562,0.32061844517620286,1084.7274290655555,0.2787500653594771,0.2477,0.0994
109823680,0.5192491572067423,0.3079208169967874,1557.7489303708833,0.19376766425868594,0.13674561403508773,0.15378070175438596
955e7c5cf,0.47678140203449804,0.2626830495313082,3227.5726896198735,0.31743988648090815,0.08032894736842106,0.09184210526315789
6e14e0fa4,0.4657827028688118,0.2583770054328162,1837.6296707948197,0.1595327524336327,0.06754929221435793,0.09250505561172902
f031aaaef,0.4186009477124183,0.15908813269295366,918.5347248193748,0.1870577777777778,0.019241666666666667,0.0038833333333333333
1e8d8e53e,0.4912538868896338,0.2938582286016135,153.6817386554357,0.4511241798817609,0.05768959662639673,0.135385445206529
15f00daac,0.3954928758169935,0.185105202497914,350.99417975,0.19929905228758169,0.112975,0.0
4595acb4d,0.48943602487291216,0.2398620764032767,462.3636729745036,0.17882060185185186,0.08700810185185186,0.00011574074074074075
4e9f82a98,0.5686148583877996,0.230806057387184,1983.8336212661727,0.1818461873638344,0.08033333333333334,0.0234
a09008d49,0.5669437863108207,0.20208541692367982,6495.074193517314,0.36880675835148874,0.012314814814814815,0.028547453703703703
8bc07d296,0.501717122487804,0.21385919656802718,1998.5975513660155,0.4377728098924488,0.05309197886647454,0.05231147934678194
7dac377c6,0.6343821486928105,0.22572972173642747,477.8161608976953,0.1833364651416122,0.016558159722222222,0.1628298611111111
46c834c70,0.4148337283631401,0.257621740564003,255.03202814976882,0.34051679325576384,0.20583791208791208,0.012299679487179487
d0956e39e,0.45475814655021224,0.20497491688253244,744.0051210971404,0.40489857004220886,0.035480023852116876,0.0
991519fdb,0.441085836633504,0.22286288265168583,3152.166157930374,0.4220068257187933,0.04547071702244116,0.040708812260536395
8aa432e1d,0.537001452432825,0.2504403876648536,137.25231782973015,0.3630413035584604,0.07459876543209877,0.0006867283950617284
21d79f603,0.4995769905406252,0.30550683174786697,3183.70346720876,0.2803656894067531,0.15451277955271567,0.16451277955271565
b386d20ba,0.726906162464986,0.22906678932811225,1388.0740344280875,0.1162591773551526,0.011842105263157895,0.33270676691729323
19abfb0c6,0.4148027510847763,0.21636004319862887,456.97297346942497,0.21220002353759876,6.524008350730688e-05,0.0075433846555323595
f017041ca,0.35198958333333336,0.2182508769920202,317.1040274495443,0.20531372549019605,0.10609375,0.05206597222222222
907f77c78,0.41164553040317253,0.3524872396497924,126.85470561888575,0.39481730098406403,0.3883426966292135,0.12370669475655431
d4d84523a,0.36538340034089284,0.2162348694054606,256.36539261301715,0.21510524740752304,0.08212342402123424,0.00029197080291970805
222afe2dd,0.25117101307189543,0.17631386703483537,436.64334887326385,0.15669323529411766,0.30304166666666665,8.333333333333334e-06
6c17339fe,0.41240745098039217,0.11656492648181366,76.62760118326389,0.0428690522875817,0.021083333333333332,0.0
ae518aff9,0.5638190129984578,0.2735403744801721,345.91642161755317,0.24769071748549606,0.030814606741573033,0.1915074906367041
d41aa1c62,0.507420561375235,0.3046689323582247,3748.0538546995217,0.28513547542304596,0.12339041095890411,0.17193493150684933
ff601e5ec,0.5244362013462102,0.17677077946712447,658.7574084292714,0.30894457126134034,0.07763432835820895,0.0
4446dde7e,0.617815329218107,0.17386304916329862,165.51970406354786,0.05540895061728395,0.0018132716049382715,0.03780864197530864
a2cd0e1e4,0.45729145995747694,0.29248519580672944,652.9484261945121,0.11845834317662808,0.1225,0.09272088353413654
4d7573c5e,0.4446550635235368,0.19635585913212308,154.7408224613019,0.1758357200558126,0.0,0.05343632958801498
a36b60379,0.4323630936819172,0.16275931003215324,114.88286609580248,0.18552901960784313,0.0157,0.0
6648175ff,0.4948472447082809,0.21119489277372644,13149.340426799297,0.41245632707721214,0.030224260958205913,0.029077471967380225
5e696928a,0.5767894543585225,0.2729115560532221,2550.0246272352674,0.18839138576779024,0.054279026217228465,0.15355805243445692
8a9d11c50,0.40641809298970427,0.2668157976867867,5201.233420579678,0.2609783920257066,0.1475418060200669,0.10174749163879598
7a6a9aace,0.6000601355783949,0.22235512813833788,125.18006789491231,0.15187925504774402,0.0054553903345724904,0.1333085501858736
502a2a9db,0.4803094589687727,0.19352645186650808,6650.01656850375,0.20764860203340596,0.018153935185185186,0.026140046296296297
729f4d5fa,0.26601732026143793,0.11609187557896147,432.1454892197222,0.680351862745098,0.12116666666666667,0.00015
6eef41768,0.41929121011149556,0.2453504492437419,1578.0884804218556,0.5661907199154171,0.11340073529411765,0.06713235294117648
175926b9c,0.6131039246908955,0.17935451274315964,1115.7509217359207,0.16563892011156905,0.010476380042462844,0.09509686836518047
1a56bb056,0.5022046078431373,0.22133092550915492,2520.971328469375,0.1288809477124183,0.07418333333333334,0.0010666666666666667
ac3d34246,0.41654970894607846,0.3185133896090201,2566.2481133753713,0.4077302293964461,0.26046142578125,0.1099072265625
04c4a7493,0.6122848297213623,0.12413521384082124,59.18666682321993,0.06007389798024473,0.0006578947368421052,0.005159774436090225
f2816bd92,0.39825152051561363,0.2654986832520741,4277.958849392059,0.2282715822440087,0.17107060185185186,0.08112847222222222
ce18c7a4b,0.5811701031893177,0.15614822528298733,603.0200088920087,0.18782366050527183,0.015275787965616046,0.005468003820439351
8a6d97169,0.6798148148148149,0.24906903723670362,315.4198046262953,0.16255113017429196,0.03543836805555556,0.23702690972222223
2de2cbdcf,0.5456814986531011,0.2542076322801147,530.0065096082033,0.22299735986348562,0.02619047619047619,0.019567597153804052
158b502d3,0.2857594444444444,0.17877896579660116,203.7369820488889,0.23561035947712416,0.308925,6.666666666666667e-05
629df03ce,0.4680348692810457,0.19536130887100533,1922.6270135308334,0.1396865359477124,0.010708333333333334,0.017508333333333334
132cc7d6c,0.5567558399903172,0.16908000159439956,169.8753862309004,0.32933959694989107,0.0026697530864197533,0.008618827160493827
c9928594c,0.604610191993464,0.12570049690528282,678.8959893561045,0.14002877348856207,0.0012760416666666666,0.0022200520833333334
03a694927,0.2599439848856209,0.21221161805643024,1466.681778265381,0.5681331358932462,0.2551388888888889,0.004765625
f91ffd577,0.6280855346768337,0.27940157719981223,4049.556130053477,0.07260262345679012,0.09421875,0.12953703703703703
9223ca4fa,0.39884169934640523,0.23396216331790495,1825.8074904530556,0.32140127450980394,0.07858333333333334,0.03879166666666667
ac495f25b,0.5276505310457517,0.24098315968962478,184.25658805185952,0.20026307189542486,0.0501171875,0.0836328125
ead9fb6b7,0.4791907843137255,0.2197596464014838,304.40042199000004,0.2826381699346405,0.06541666666666666,0.0016333333333333334
512bf1e8a,0.4462684967320262,0.23365888096503842,2770.9346080715973,0.36881039215686273,0.076475,0.03128333333333334
e96c2483c,0.4767585294117647,0.2191457513091296,892.5305399982639,0.10307137254901962,0.019525,0.012183333333333332
98e1a3f01,0.46080764342774144,0.2311557822508622,673.3777523307559,0.38231261347131446,0.05722222222222222,0.10956018518518519
164857bd8,0.4506993790849673,0.13637849458665532,141.19066934104168,0.22778686274509805,0.008158333333333333,8.333333333333333e-05
d7a772967,0.4797628998968008,0.2919769034692612,2650.1596134524807,0.2100247309450096,0.1511278195488722,0.13161654135338346
57d556084,0.4396308466094771,0.198096203022563,212.9046281451755,0.3087177925857843,0.016201171875,0.028902994791666668
02a2a622c,0.4899832516339869,0.24889896147789303,246.91329205966943,0.20694530682643428,0.1679050925925926,0.024675925925925928
3b1391dda,0.4456964164976336,0.25695668130402616,7057.335946299149,0.22686687701900685,0.13891625615763548,0.028776683087027913
88cc9be30,0.7788332679738562,0.32213802244623424,486.8225256622222,0.10659954248366013,0.052441666666666664,0.6816833333333333
3bf6cdab0,0.4327001633986928,0.25422627331760184,3317.0766583132645,0.24391385620915032,0.13783333333333334,0.029783333333333332
db095d92a,0.5453559155433007,0.2683391160121487,841.3494172756513,0.1758382097630719,0.038209635416666665,0.06030924479166667
51714821c,0.6238034903776326,0.34197947155758757,1043.3801446236484,0.15610539215686273,0.11020833333333334,0.3484027777777778
220d4394a,0.6051249752426223,0.31365846951878956,1188.7963154437189,0.18155063708985278,0.07273569023569024,0.29942760942760943
402e83205,0.4700928590035048,0.18987292150720322,598.5925603724887,0.3679804474124594,0.03750251610305958,0.021635970209339776
c14530f38,0.5092438214869281,0.28027429769177814,468.0873340818618,0.13213325929330064,0.07689127604166666,0.08160481770833333
ecaf2b938,0.6400011266603416,0.3165786891660534,1273.5863300717992,0.09788480392156863,0.059339717741935485,0.4297328629032258
d2512e37a,0.35917333333333334,0.1402388577737315,414.2896785582639,0.22512,0.043666666666666666,0.0
2e1448ee0,0.5690295098039216,0.23869873469664743,195.0210482663889,0.12225029411764707,0.015608333333333333,0.0437
c78fa1a45,0.5064366899302094,0.2645829403661773,385.041865384296,0.11957344632768362,0.054586864406779664,0.12640889830508475
dbfb1869f,0.5188378523284314,0.24720578906837237,247.80092947208612,0.1848334609885621,0.11421549479166666,0.027727864583333334
1c7619fdc,0.3162457382792861,0.2913665905364522,784.9769577341814,0.331312276112368,0.2993139022435897,0.08052133413461539
eb307c1f0,0.45145222503063726,0.22855926393038828,2532.1215774299567,0.176905579810049,0.05533935546875,0.0124658203125
02a084920,0.6180098039215687,0.2184436729436468,688.1058896281958,0.18896774471507352,0.01755859375,0.08826904296875
d42b92c05,0.5014596732026144,0.23138674947293378,171.0804899110417,0.2606527124183007,0.10708333333333334,0.030208333333333334
3161fe0f4,0.495493676497384,0.20897572288332916,2451.542539560725,0.46106090692720664,0.028002104025495838,0.0012273482059057107
f97c8edc4,0.5025691721132898,0.23514061824576205,728.2682260775342,0.3011549110384895,0.024276620370370372,0.07868634259259259
c31714ab2,0.5591198134684586,0.30153001493042386,860.5222009509707,0.27709400014687524,0.0950936329588015,0.21096441947565542
6a9d18d89,0.5909546889917016,0.2715255759193806,133.5053229684804,0.2654860468531982,0.017771535580524345,0.08628277153558052
fb00c8969,0.45941482843137255,0.29919865404970697,2253.2560506451905,0.4487174306659601,0.16007882882882882,0.13433980855855857
f66357936,0.4826218717750258,0.20844284596145765,763.107966908801,0.2022216847265222,0.03069078947368421,0.019144736842105263
8ab591301,0.4293807955473856,0.19269324678852834,1212.2468878972372,0.12363378267973857,0.07119791666666667,0.0012825520833333332
aefff4a06,0.4327874509803922,0.20365839314888837,264.8097641288889,0.23552774509803923,0.013041666666666667,0.0018
7dfa4e393,0.5206980755265068,0.20655564462533385,761.5003885754243,0.4372601367707577,0.04158179012345679,0.0028626543209876545
09c7b610e,0.454543868010167,0.16979058545626868,606.8417408130787,0.17020095769789398,0.024826388888888887,0.0001388888888888889
245b99f60,0.47924734931009444,0.20381004413618176,1781.2005473051306,0.19985266521423387,0.06631111111111111,0.0009037037037037037
2d304409b,0.5445930237835875,0.23007876816227252,1858.4643546448676,0.179104098583878,0.031116898148148147,0.058998842592592596
af56651cb,0.48841388888888887,0.15048320526854783,4912.926633099722,0.1784236928104575,0.0017333333333333333,0.0031666666666666666
50cbc6c8f,0.5519180283224401,0.2450598429676652,3019.7907678577985,0.048807189542483656,0.0708912037037037,0.051284722222222225
2a36bc3b5,0.5082973202614379,0.33238273612372804,548.4980329530556,0.11233954248366013,0.16128333333333333,0.2122
e976f3d3a,0.35493087327523604,0.24624510246425793,767.2792096610028,0.3983218500363108,0.12909143518518518,0.038871527777777776
e2e7a93fe,0.5141916606148632,0.24756043451647985,5181.404567157969,0.16920951343500365,0.06095679012345679,0.06888888888888889
0ea2638e9,0.6090032856195035,0.26464347509291647,440.8652695371641,0.19544288809836388,0.04168466522678186,0.18703653707703383
75bd3a017,0.4666452659767611,0.32403119631587,506.6028697996707,0.18259613289760349,0.1405150462962963,0.15052662037037037
6c61c33ee,0.37129522875816995,0.30977547229149494,462.03624099999996,0.42708666666666667,0.2808333333333333,0.09339166666666666
e40290fa0,0.3230852614379085,0.30602337178085515,65.92473017666667,0.4196707516339869,0.18755833333333333,0.152525
17b2d4cd6,0.3952870824255628,0.2783655314954689,2090.073394235334,0.28732908950617286,0.19104166666666667,0.06984953703703704
da8cfd914,0.49021329267492947,0.30649102368117576,1316.6444542094048,0.25319522591645355,0.12612876254180602,0.16934782608695653
f7eb5dd36,0.5681171855715466,0.21160131755018874,367.5854750617823,0.19575968318361828,0.01472359058565955,0.04998631636562671
945a7a8dd,0.7225691408320085,0.252031794649448,4517.323299153595,0.11675918565624449,0.025049268018018017,0.4182643581081081
3e50a5575,0.5425646732026144,0.28610763732257527,762.0693661530555,0.14468006535947714,0.09406666666666667,0.16753333333333334
5bb7dbfc2,0.37805710562170486,0.2206801630471588,152.9930195760809,0.22309566968781472,0.11491691842900302,0.008950151057401812
5f0bfe5a9,0.5154823287339627,0.1274198281753769,7578.398753657027,0.18717725732268214,0.002307098765432099,0.0024151234567901234
0c2549da5,0.4660365846903733,0.315947731022488,1435.6931975804664,0.14117018389276614,0.10133474576271187,0.1975776836158192
6d18707ee,0.6047925754571492,0.24615258616491117,2108.686112773272,0.16245061320408313,0.09181647940074907,0.08679775280898877
9c803d826,0.36433147058823534,0.2141871146925893,188.23621303993053,0.2768040522875817,0.17768333333333333,0.006125
3c5a98448,0.3527041398590686,0.22496868553842428,586.3037033578813,0.3884624980851716,0.15937744140625,0.010302734375
0149d04e7,0.5212390066320646,0.1874624674395148,867.6188159115485,0.13959832756632062,0.020340073529411765,0.06546875
6ad5aa95c,0.3955212645243283,0.3119144995404111,1014.6273241941013,0.18398152687000727,0.2839351851851852,0.07858217592592592
1ef3f5030,0.5048185620915033,0.20019010564072795,131.33326691083334,0.2608092156862745,0.00165,0.015158333333333333
a63c59c80,0.42789091503267973,0.24394803457179687,374.65689253270835,0.24472307189542483,0.14878333333333332,0.029825
6c2fa49e8,0.4370772739651416,0.1867996533202403,1119.9837962057397,0.3576956245461147,0.03637152777777778,0.021903935185185186
f1c03b3d0,0.46062719562328946,0.14045511333177327,337.60667571417804,0.3852882771953401,0.0022173814598802303,0.01006410106262541
400a15912,0.33364475490196077,0.19793710505402445,1057.350274449844,0.30112401960784313,0.0688,0.01145
040736f83,0.5186701133578432,0.26509898819112715,330.8293548541599,0.1399966681985294,0.11771809895833334,0.05413411458333333
d4c6c89ab,0.6457451306103836,0.19723954945808805,945.4336415643868,0.13964188000781708,0.0002491694352159468,0.15667774086378738
09807c555,0.4514887145969499,0.288656195235341,5459.79803207395,0.2013328540305011,0.1209,0.1010888888888889
28484f496,0.4826852362472767,0.27618408414431045,1447.6664626720853,0.1894734987745098,0.21327256944444445,0.02837673611111111
60aca92c5,0.4521347385620915,0.21754989157061824,899.2721880965971,0.353659183006536,0.021658333333333335,0.016583333333333332
0b3deeb66,0.3253690541031227,0.22469665021294108,2233.5904416150925,0.4289383850762527,0.12322337962962963,0.03622685185185185
8f2daa8e3,0.4420850219686537,0.30122468205859654,906.4408121494725,0.1780301331234835,0.11667224080267559,0.14697324414715718
50418fb29,0.5433475490196079,0.22301225145437029,212.72393791493056,0.19738179738562092,0.0248,0.031475
27b2c806b,0.5042109150326797,0.18511987336685817,264.4458080965972,0.24183558823529414,0.03555833333333333,0.005883333333333333
393e0c8a5,0.4154759625204248,0.25283773315414954,8218.803535217274,0.3307452256944444,0.129423828125,0.03470703125
007bc1db4,0.40422437817719675,0.14042110766874422,616.4056292170019,0.35781027596223675,0.01810185185185185,0.0
13469fc6a,0.5341279392616421,0.2584353871327909,998.8134067420007,0.3185372817095588,0.08089599609375,0.09162353515625
e1052f933,0.5712006475429678,0.3023325004162003,722.0317165632503,0.14165707455821835,0.16569444444444445,0.06402006172839506
eb6c579d5,0.5480758399714052,0.2109643623584565,1485.1796535807184,0.2873572048611111,0.035901692708333335,0.031412760416666664
2f4b73413,0.30122816811909947,0.18284188077193153,467.5703620305735,0.5892368373275236,0.2189699074074074,3.472222222222222e-05
94dc20e92,0.4107673611111111,0.2807307618494519,793.0820281141494,0.34368190019063183,0.2290451388888889,0.0030251736111111113
7f6cdf26b,0.4996010071997549,0.2500796180495507,493.2086961326361,0.2943641716452206,0.1144482421875,0.07048095703125
207c24fd3,0.3053224183006536,0.15729794349694923,598.2348263155554,0.7990437908496733,0.09994166666666666,0.0
52d65015d,0.373641521724969,0.3262688872358889,290.8213677950575,0.2344390267735001,0.2911627906976744,0.09673588039867109
f20fa5c38,0.6331866458704694,0.2225524215669642,239.3595125012754,0.21705867498514558,0.015498737373737373,0.1715530303030303
839404d8c,0.5805798157225853,0.22425301117236673,1748.7053963115343,0.3256362790486565,0.019114583333333334,0.11646990740740741
5ff1a0cae,0.4924201633986928,0.17925348031845456,1936.0394559049305,0.11654392156862745,0.013758333333333332,0.0041916666666666665
6b5c799b5,0.5435599724264706,0.18750656634231821,203.3527967446221,0.16409539675245097,0.019645182291666667,0.000302734375
c260c7b3b,0.5763475163398692,0.24676088732477666,218.76176663888887,0.17758797385620917,0.09774166666666667,5.833333333333333e-05
b5b9f6e99,0.4025699346405229,0.22012776298606823,467.4866774832639,0.32684702614379085,0.1135,0.003925
fce6f8dff,0.2693230065359477,0.24446134477102313,1896.8847707360417,0.38602094771241835,0.28455833333333336,0.057216666666666666
640683dd9,0.6237607376283847,0.2776209463506286,4307.333406335035,0.2272233893557423,0.023928571428571428,0.3025
f892df3a1,0.46194875816993464,0.2120570977274441,987.4468288610416,0.21529434640522876,0.03859166666666667,0.03598333333333333
db77fdb46,0.5357318954248367,0.1162567691168276,211.18511220659718,0.11747277777777777,0.0,0.000375
b48aa9d4a,0.4657833378721859,0.2749499333773449,1256.4024154776114,0.29851164215686277,0.08216435185185185,0.12322916666666667
9c0f6076a,0.2730752941176471,0.21061348141753,182.88078332638887,0.33163313725490196,0.2936666666666667,0.0
89c7be602,0.6424679783950618,0.21599359664206483,1000.4761168592664,0.15919555646332606,0.016377314814814813,0.10271990740740741
43100edd5,0.5708006025326797,0.2486122479758534,631.8250708096717,0.18517015165441175,0.042464192708333334,0.056279296875
14398288b,0.44166617647058826,0.1565095847797046,198.30142451326387,0.18591735294117648,0.025883333333333335,0.00031666666666666665
5bd405bac,0.40519426289034133,0.2430608349627035,327.5339698671601,0.39228168119099494,0.09695216049382716,0.04449845679012346
3de1d3794,0.5103354058195783,0.2239755887344453,873.3643422386193,0.36488502086333596,0.019273775894538606,0.02940207156308851
08f038689,0.5766081112132353,0.28900233586979235,325.4721755406591,0.5953416436887254,0.01517578125,0.22397135416666666
172b6f611,0.34495059458968774,0.21747554093491517,965.9712146342379,0.2064997503631082,0.16782407407407407,0.038489583333333334
228117dca,0.5370612929382279,0.23871109248044983,375.9650669129649,0.22903715170278638,0.053204887218045116,0.047640977443609026
c35cc3520,0.6128462009803921,0.24893261881130452,728.7298030280961,0.21461468545751636,0.028046875,0.152705078125
cb867cac6,0.5370892293980529,0.25639036829118833,1221.728171600613,0.3644533456739339,0.07797202797202797,0.11172202797202797
1945c0690,0.470022762345679,0.24394011228741558,350.8973936122565,0.17053342864923746,0.10638310185185185,0.005277777777777778
c220b4764,0.5087548692810457,0.24865801798527934,1664.2424275155556,0.22871457516339871,0.03739166666666666,0.09854166666666667
081199ea2,0.5682140395220587,0.32477402698154806,360.32084050258,0.22262071078431372,0.060009765625,0.23912109375
cd9c84ec2,0.7176885433116847,0.13010820557408,1170.1581153564073,0.06419879950297903,0.0018884481162022378,0.033235878087936176
b56b73e4c,0.6171531735089869,0.2556993460591665,2519.6232725585937,0.0879911279616013,0.04627604166666666,0.17731119791666666
73e1b299a,0.45854581699346403,0.26676932525130415,1489.215273513264,0.2500209477124183,0.123275,0.032175
180b3f500,0.4175013071895425,0.22333341242610172,339.3403468749646,0.41288907563025207,0.10610714285714286,0.010636904761904762
3ba83a496,0.5570715391419726,0.13542842751308518,74.36220612377396,0.15625925106884858,0.0019830827067669173,0.0
0e52438a0,0.588273579339143,0.11529034235998528,809.1577892746913,0.05752603031953522,0.003449074074074074,0.0
9dd3b3bce,0.3819895075086891,0.26574309093376264,1173.5013858916566,0.1741156469276674,0.07497491638795986,0.10787625418060201
1b5af7749,0.5118723202614379,0.3105782858945188,4318.213400462222,0.15403562091503267,0.13728333333333334,0.1668
f05838eb7,0.5587369607843137,0.1031137473665811,140.84412351555554,0.19200856209150327,3.3333333333333335e-05,0.001975
872317673,0.48969725490196075,0.1974420376953417,2447.634524969375,0.2125399019607843,0.03663333333333333,0.038033333333333336
cd9de4e83,0.5768193494452044,0.24877052235349686,2305.0532379663746,0.21267384860921112,0.01125,0.14265503875968993
f1afd4033,0.6927702205882353,0.2891337917496747,3198.546467978395,0.1724093364197531,0.027731481481481482,0.36494212962962963
f1164babb,0.6130668409586056,0.23833137589292466,317.28942539566526,0.09828206245461148,0.019555555555555555,0.1649037037037037
25765058c,0.4521650454452614,0.21491926914192455,3788.7105936965836,0.1574539164624183,0.06465494791666666,0.04216471354166667
3fa341801,0.6353131551898366,0.4021343677453815,420.97860976425324,0.1033489143851555,0.17137381268296792,0.5347718034582254
c3c27d97c,0.5540291565363596,0.16209663126846618,79.50928286285146,0.42796760119725813,0.013132542338505223,0.007315977805786141
5ed94ddc8,0.4931806209150327,0.28621961731437595,111.52974877493055,0.3073530718954248,0.09455,0.06401666666666667
9ebe2f16c,0.24138339869281045,0.17730189088899,193.13752480493054,0.3898393790849673,0.33535,0.000625
e2205b952,0.5382388725490196,0.2795656357995201,777.3736652173437,0.2762588725490196,0.068225,0.1904875
f36876126,0.4478407883986928,0.17930585301086646,1341.0895656840007,0.3019489549291939,0.04739583333333333,0.0013715277777777777
99b55ee76,0.49162591503267977,0.20437439613655103,244.37169131770833,0.24055604575163397,0.05901666666666667,0.004116666666666667
41ae99ff2,0.6725460784313725,0.2995234811618834,745.5454297749305,0.12120431372549019,0.059666666666666666,0.36164166666666664
d042e55ce,0.3982258651265905,0.2208736056178988,3083.212046378961,0.3016170386441557,0.15182893240978398,0.018576468244201446
1e83794bd,0.6684338235294117,0.26225683035223457,1532.1686551530554,0.15215029411764705,0.008366666666666666,0.27560833333333334
36ddc4f2d,0.41840722222222226,0.24174056011420716,938.4825825066666,0.20227722222222222,0.18389166666666668,0.000225
4dc936ac7,0.3824568355119826,0.201617156141491,2071.3857022825305,0.23587654320987655,0.050694444444444445,0.010283564814814815
3b3ce72d1,0.22857144482677008,0.19074352610603768,436.56323015460424,0.36841029912429224,0.4625754410399257,0.005013927576601671
5e4c387b2,0.4782937297221047,0.2743164186952917,837.2451218375569,0.2783916984059811,0.08303057553956834,0.044739208633093525
4e290a43a,0.43503150326797385,0.1597108329279478,509.98561426416666,0.35770761437908494,0.0137,0.0015833333333333333
c67d871e3,0.4769880718954248,0.1681905483251576,399.20303103270834,0.15894503267973856,0.027575,0.0
ff6ff53c4,0.5326283333333333,0.16170591394054848,662.9156089827082,0.32131967320261434,0.002675,0.0019333333333333333
ca11826f9,0.49375381349797304,0.2457222121590107,2964.0143557554475,0.15443567986266238,0.06896426687763713,0.07351002109704641
75ee37fa5,0.42596353264509573,0.22742867324370403,4604.424416206707,0.4665381994965242,0.07981448763250884,0.02402826855123675
9579ad7a1,0.5892904638707335,0.28789342889326947,1468.5771289603695,0.13841303558460422,0.043917824074074074,0.14730324074074075
1fce53107,0.4227427169620076,0.2775995041303468,1692.93650867973,0.4179715625109224,0.15593805704099822,0.0785204991087344
0b90767fa,0.41277403322440087,0.22874740444876415,487.57039925461754,0.3109591503267974,0.11265046296296297,0.022123842592592594
bd881326e,0.41716920842411037,0.22778616081664663,251.470270975985,0.18583599612684581,0.075625,0.020902777777777777
015c353ce,0.3039472719708848,0.224708335493655,5756.17764664907,0.27337612781352444,0.16344613293198038,0.04049133368937224
8143d5d0c,0.3546445340678077,0.2765577613813661,230.95928093582566,0.33848032657879207,0.2070484949832776,0.08502508361204013
eba773cbe,0.5891533006535948,0.31702706400951536,2686.0666083132633,0.3090626797385621,0.118325,0.3093666666666667
d7c6e0401,0.3565341321713871,0.2692557595139411,273.4954913771809,0.2586154230210603,0.32902199074074073,0.0
a7d44898b,0.33396275165584627,0.20089787928876515,1787.9219178686483,0.4610743655321661,0.08811036789297659,0.04897157190635452
f972a14d5,0.5041151402333085,0.24881460655665102,244.27468987017303,0.22422931248448746,0.06362658227848102,0.01150632911392405
7977491da,0.522242379304663,0.24384020514336086,10548.274047405432,0.2880899104739935,0.10021708683473389,0.029096638655462186
7f78266ab,0.538427385620915,0.1936236836155269,375.5264774215973,0.1739463071895425,0.00125,0.029558333333333332
ec780b913,0.4095550756055998,0.27294747406889586,1543.231914856863,0.233248371405768,0.17952420242024203,0.016446644664466447
51c04983b,0.47452944444444445,0.2552422871369333,353.4676827708334,0.2001868954248366,0.11958333333333333,0.022825
14a16b96e,0.43752842809364545,0.27257859374915666,2637.1194437281883,0.31924562266378126,0.11826923076923077,0.09865384615384615
69b2e9f3f,0.5793937581699347,0.2105933091031982,442.7437822997222,0.3750617320261438,0.0342,0.024458333333333332
176ef71db,0.5991352364475202,0.22248461149590895,454.4484688169875,0.18679708765859285,0.030025735294117648,0.03165441176470588
b88fa24c2,0.5000472468861759,0.25375255633045984,1403.6166387244868,0.272012707074444,0.07891116352201258,0.12717505241090146
cf020a716,0.42574173928830794,0.15958084667892944,1096.2767964819934,0.1801990135560397,0.07317129629629629,0.00016203703703703703
3d277ebe6,0.4945707843137255,0.2010184627687723,108.09735247888888,0.14697506535947713,0.055175,0.013583333333333333
02adb269f,0.42818847017973855,0.19582859773941194,1782.307655519085,0.13680506195533768,0.0480078125,0.0101171875
57b57989d,0.37456962599854754,0.22990737865662597,1058.5032765346366,0.3326736791938998,0.12997106481481482,0.02742476851851852
d083a22c5,0.4432770801204377,0.2062934052409787,269.6505459744841,0.15068653154145553,0.06107677902621723,0.00017790262172284643
c234e165f,0.4970840196078431,0.3103425258414933,371.2492624641667,0.18997267973856208,0.05525833333333333,0.07581666666666667
9dfee7db3,0.3929712009803922,0.23047397565848357,821.721572905816,0.22038715277777776,0.0425,0.04440104166666667
412b93160,0.5184492378982843,0.22923895862047328,18995.7256402646,0.45722495404411767,0.0556494140625,0.03008056640625
88bc9864c,0.5402442126275798,0.2421109562430764,6191.582616624709,0.19059258186033035,0.05180623973727422,0.12126436781609196
7b3332622,0.520404530909586,0.19360841115022384,260.4194920788235,0.1473935355392157,0.029622395833333332,0.044409722222222225
590a78f0d,0.4640678196372182,0.2514583443001217,4693.749793722647,0.15730362781816845,0.016769662921348315,0.08130149812734082
a24bb77d1,0.6392620171814546,0.2760749168467779,2935.379210046238,0.11447727719850481,0.1025,0.20862040133779264
79d1b0215,0.6275194943718229,0.15721628025704276,3016.5928702416354,0.10720490649963689,0.006024305555555555,0.02129050925925926
746fb982c,0.5217087803674929,0.2890421035241964,974.6359533520726,0.3695944629424097,0.10282232704402516,0.15132075471698114
675bb16b8,0.682304829339143,0.2751013624020019,280.1736799720293,0.14974276809489226,0.04136574074074074,0.3376774691358025
79420447a,0.556353924847531,0.2416100681066676,708.8346745952925,0.19790097711325333,0.06724080267558528,0.0035117056856187293
aa328a5ba,0.42454146395400266,0.16194079317722476,400.05628775289375,0.28086904761904763,0.04340225563909775,0.0009210526315789473
79318b69e,0.5868083861897249,0.17973651293481008,3988.2955372448005,0.10338592141837578,0.03186918445539135,0.010495347564313081
7b5bee232,0.607412293348712,0.2141687932870338,6204.321197733407,0.2126634467512495,0.042904411764705885,0.06625612745098039
b5c41169c,0.4006559150326798,0.20964326081115997,420.74924234416665,0.37114375816993467,0.11429166666666667,8.333333333333334e-06
8079e3a1c,0.4956449019607843,0.25125909934758506,1194.7927664433987,0.14077230392156861,0.07650625,0.07055
ff5158511,0.6363428401663697,0.26388492169119454,190.02092427061976,0.2423620092857439,0.05088530655391121,0.23242600422832982
f4cff3785,0.5264476897240378,0.2031380061788823,390.0145130829904,0.2085392383805374,0.009733796296296296,0.04995949074074074
0e23c4abd,0.46637683006535946,0.2528418129571697,192.43254162993057,0.427768137254902,0.056575,0.10531666666666667
c4a2fd15a,0.44740072129480724,0.2106686868930054,542.6947009585831,0.2746850102724528,0.04233517306293587,0.0005134129123347452
0abff77fe,0.7288615713891191,0.2951509667253204,1151.6412951767384,0.1453878072355703,0.028573943661971832,0.5097271126760563
f096fcbc6,0.4077091503267974,0.24729671862047528,422.96007178993057,0.5187488235294118,0.08166666666666667,0.08745833333333333
18b2da498,0.4800764226009129,0.11024985696998302,112.97437353329991,0.26812199939736847,0.0,0.0
e15353d1b,0.45220186546840957,0.29662049013920194,265.6434057033125,0.2982912581699347,0.13205439814814815,0.14365162037037038
78fd8ce0d,0.393316974149786,0.3092478204656984,1091.7978967739755,0.4438582178340209,0.20924940898345154,0.13102836879432625
cc7d90ef4,0.5411777147407186,0.2509181044840517,185.66601048709705,0.336756121230218,0.009708121827411167,0.09998096446700508
f584e226b,0.4387194308278867,0.1621643517715172,175.96188038910287,0.3224917109204793,0.019544270833333332,0.00037760416666666666
9f2948e8e,0.4487200326797386,0.20661590505242336,375.62044045826383,0.20950281045751634,0.09229166666666666,0.006816666666666667
623138a05,0.28214206506572664,0.20292844091693082,365.33837639713005,0.6079656311962988,0.303314606741573,0.00031835205992509363
b077aa9ee,0.7162081992953432,0.14908385924781592,522.9377274944246,0.03142627910539216,0.0,0.00052490234375
f2472c8dd,0.49274307824981844,0.28629910134745845,689.2398793844509,0.13988984204793029,0.12922453703703704,0.03306712962962963
2a64c0560,0.6341054474421347,0.20799007229403774,270.0689658474193,0.24807544596786085,0.042030075187969924,0.05722744360902256
9c996aee9,0.3990697214308325,0.2871700891978259,1131.2902328814914,0.25581305979181795,0.21706433998100666,0.08976733143399811
ff498c903,0.5755392627752349,0.30901703071647607,1229.1472834774197,0.20053234069804676,0.08058957732949087,0.31410302593659944
9942bce62,0.7378733915441177,0.22198731682754105,543.0842227162254,0.18247205627042484,0.014205729166666667,0.3450065104166667
cab545282,0.5493199881959473,0.256277046688055,1140.0071499130322,0.15572306380746279,0.03232441471571906,0.08775083612040134
620796ee7,0.44241596399663663,0.24579342591444725,270.18573345081313,0.23216452687066735,0.13446791617041726,0.04686335555137661
81c442177,0.5413087908496732,0.17452790843151092,870.4881997330556,0.1890147385620915,0.0013083333333333334,0.016466666666666668
776354931,0.542147827658276,0.22289279643266924,7928.692555345134,0.35118659670440944,0.012350026082420449,0.06531907494348808
4068b452d,0.4359472222222222,0.3280468510268605,1629.5648999899997,0.29816323529411765,0.18590833333333334,0.1858
fe4bb01a6,0.5130370824255629,0.17257503843637254,334.71174188043204,0.2248763843500363,0.014976851851851852,0.002355324074074074
97f683e04,0.5837973202614378,0.20910660893376343,192.5110317288889,0.24664264705882352,0.041833333333333333,0.0014333333333333333
36b7411f9,0.5470862418300654,0.24218245323595988,1389.4283708993748,0.11568130718954249,0.033275,0.088325
6b7be833c,0.5921090232389252,0.15681895672759838,1854.3653037985134,0.1878810820624546,0.03498842592592592,0.034137731481481484
d5052e2a9,0.6176277890466532,0.3102869351137107,1929.2204304993309,0.1318103110209601,0.05713793103448276,0.3239655172413793
e69df38b4,0.5534949673202615,0.2076908194312348,235.08974291083334,0.23598166666666667,0.00995,0.0069166666666666664
3d97fa45c,0.3793381747760833,0.1935020836318706,1498.1964764302675,0.11937327523602034,0.12453703703703704,1.54320987654321e-05
47a5a9516,0.45853091503267973,0.2694511958192204,886.9040472965974,0.20315581699346405,0.077225,0.10736666666666667
2ba019cb8,0.37571253933672233,0.23496921694786768,1359.7358412741962,0.4764751876059065,0.14247685185185185,0.019074074074074073
2ba9dfe93,0.5721253580083719,0.19638087547228247,1127.2181755965155,0.39153877506058604,0.03176029962546816,0.052799625468164794
afa46c13d,0.4759249019607843,0.22904153033038258,7018.308531323333,0.3860898039215686,0.07384166666666667,0.026275
4ea111bbe,0.4695599292348518,0.19515668209963044,308.79651365255245,0.2792703818369453,0.04712406015037594,0.0
bad8f7276,0.4795699346405229,0.2641446371835192,5119.244686469136,0.0766674074074074,0.10383333333333333,0.02727777777777778
11a337bfa,0.4072648718341503,0.22822110215628466,859.0242100554996,0.36572103502859477,0.07398111979166666,0.000107421875
2aac4b61a,0.39559696372038394,0.23980218769180545,3165.483908756508,0.09198765573937909,0.07370198567708333,0.036909993489583334
e9dec895b,0.48522390388516146,0.25922010723270056,1293.1734879257576,0.26483869038331515,0.09391909814323607,0.00046419098143236074
4d8b93dd1,0.5280862381989834,0.17283910541829606,469.5327060953776,0.31366889070442994,0.0003993055555555556,2.8935185185185186e-05
dea0253b6,0.4378604968303111,0.27935040971111463,894.8580465217614,0.19885069290874244,0.15619360902255638,0.10014097744360902
e73545fe5,0.6471997870309173,0.2331304483909127,241.07520094264194,0.07515197914371742,0.01252808988764045,0.07185393258426967
15dbf64f0,0.5603322171780589,0.3322051970230424,376.8519538544709,0.14427594792706355,0.05488505747126437,0.2769430760810071
519bc8382,0.4257076470588235,0.22231812531767361,257.3795565610417,0.12496470588235294,0.1179,2.5e-05
0d55c2e2b,0.5060511968500481,0.24349436477619932,734.7314144200166,0.14904643526421352,0.0261058009701771,0.07904455734473817
09db544ea,0.4531299848736118,0.2528552891611172,1886.9312058995374,0.2770684292323183,0.1004147028783087,0.003839385698288274
2d584af81,0.6482332062454612,0.23519092825324342,947.1699496479554,0.0867755991285403,0.06983217592592593,0.01037037037037037
6a54a03db,0.48688965417390584,0.3450803046162473,263.4518500037554,0.21966213700670142,0.19397679324894515,0.2373048523206751
2630db5dc,0.4876857409630519,0.21110760871862264,3089.7641832164113,0.3160047352274243,0.037482993197278915,0.009880952380952381
794806010,0.42405762357026144,0.25218060059970826,1074.9232324073685,0.37693780637254903,0.12208658854166667,0.064775390625
bd9d521c5,0.6126449040325743,0.21007220540581076,1707.1999508415074,0.05884605105543077,0.006278105793229322,0.1649166400955826
aa7395687,0.5251363017429194,0.16270542766566315,341.6856204973302,0.21545533769063183,0.020578703703703703,0.015214120370370371
12ffabf23,0.5151190196078431,0.21495073666609624,5145.880487961042,0.11784493464052288,0.0618,0.030508333333333332
881580d4b,0.5443958823529412,0.22987713174221225,95.80685566638888,0.1813028431372549,0.00925,0.084425
546a913cc,0.7404892451964064,0.289242042810376,899.3819597487025,0.07735005574136009,0.015794314381270904,0.49133779264214045
648727065,0.45090022875816993,0.1884830541493657,239.08195555555554,0.34901745098039216,0.06941666666666667,0.0039833333333333335
184a51562,0.2756908823529412,0.17034565737895066,199.445774924375,0.3743561437908497,0.132225,0.003908333333333333
61f95d269,0.45709418119099493,0.23871570809782697,9050.75561310389,0.5106186229121278,0.06638310185185185,0.003599537037037037
1652a3e1e,0.46069150931977726,0.21675987106951,1430.3168033121265,0.29221338658920354,0.10444444444444445,0.001095679012345679
b77b75f2d,0.4989567512623779,0.24585708729221406,330.9049475059004,0.3500540691192865,0.015501672240802676,0.12830267558528427
607744326,0.5834651551022886,0.32346523529053645,1859.1896782713818,0.34716608996539794,0.14589783281733745,0.2501547987616099
113204c87,0.35032333792892156,0.20012618319345438,145.92215692722536,0.09248807700163399,0.2029296875,0.0
42ea2e045,0.524694934640523,0.27278499354983554,510.63169745305555,0.10053571895424837,0.036991666666666666,0.11775833333333334
e585b064b,0.4901486805248415,0.2009550612605461,1582.4302119223107,0.22311256081379918,0.013073308270676692,0.00568609022556391
f4a6e9cec,0.5462792639468175,0.23208217943559414,5648.752853854027,0.16250033958163543,0.03658822330888346,0.07331397718011409
4bb0c8226,0.6149240004595588,0.2694766423929364,838.3533984201192,0.10984719669117647,0.03589111328125,0.1721435546875
da84db2f7,0.43614239940767974,0.2631417346740334,434.8317961499426,0.2945940436070261,0.12486979166666666,0.04650065104166667
13b807376,0.5773148696098157,0.22088805174436085,563.0589889300005,0.2439165782448388,0.015478837939920224,0.05804122983515126
fc710f1e8,0.48532980392156866,0.27019322595010997,292.46685579993056,0.34485748366013075,0.11164166666666667,0.10364166666666667
a64ca36ca,0.2839143981774568,0.1914306375375405,295.1289414503958,0.6659673145193359,0.2941101105498206,9.15147521780511e-06
24e2e049e,0.2678054695562435,0.2120318237462926,219.6089229216427,0.6079828615656789,0.3593421052631579,0.0
5daea1779,0.36720235004757057,0.25738365841857297,116.63101591403753,0.2019100241164353,0.23407898628558976,0.0015333364467068292
7b9b65bde,0.37892874001452437,0.27795844466808856,241.95154010416664,0.3807174110384895,0.15768518518518518,0.12840277777777778
29c50ee9a,0.4661132679738562,0.19346041254647858,402.4645666232639,0.20073150326797387,0.025308333333333332,0.044
9183ef863,0.5175487813180828,0.3261962212942037,2452.080363927469,0.3486486077069717,0.13755208333333332,0.23831597222222223
574919b00,0.6007693246187364,0.2004188771245286,259.67247958101507,0.05172310820624546,0.018874074074074074,0.023422222222222223
ffd2e82a9,0.44723016521423387,0.24514658236142722,601.4473469641835,0.2451000590050835,0.11370949074074074,0.024641203703703703
8ff2c63c4,0.6488805998093682,0.1841637578584592,434.8698730016449,0.1461924530228758,0.0014322916666666666,0.0037760416666666667
2d8b42d21,0.5002944117647059,0.2409994870169819,2533.707160133056,0.2659661111111111,0.032,0.094775
6c5079e85,0.5155740196078431,0.15976254714126958,143.6309808788889,0.10206924836601308,0.008575,0.0021666666666666666
fb1adae2d,0.35150838053740013,0.24347173161837912,637.0315374476817,0.31685443718228035,0.1812740740740741,0.06032592592592593
7cfaaa67a,0.4067904888551693,0.21456884003062218,3352.3099904604915,0.10832329388420381,0.051325207285096736,0.03798455105945716
2c281057a,0.4118352287581699,0.22819244572068784,434.5714552197222,0.21839228758169935,0.059083333333333335,0.016441666666666667
083787e4a,0.36362797154259935,0.2440507513748681,587.8622939793422,0.18167829255596044,0.23640117994100296,0.001592920353982301
1f6fe20fc,0.509135294117647,0.22390811160243548,487.4287392382639,0.3044606209150327,0.059775,0.004075
1819e298c,0.4281041503267974,0.16621326255078273,225.26988255305557,0.4447721895424837,0.0527,9.166666666666667e-05
21b5e3d22,0.3823304828539345,0.2476141549769556,849.9067298201012,0.3876081886499093,0.206068281938326,0.02540748898678414
e3fa09b97,0.366132824320864,0.19256297633415032,1243.9076825688176,0.477522606457172,0.12074358829404339,0.00025439538696364974
6f512ee65,0.4147709477124183,0.13664012995524333,635.6076649132639,0.6348241503267974,0.011325,0.007383333333333334
b38e94f39,0.44325300653594774,0.2538961860410032,3894.1448732530553,0.18062539215686274,0.09031666666666667,0.05926666666666667
6f5eab89b,0.4205927060639071,0.2884571373744436,2886.7040612449364,0.2341175108932462,0.23254050925925926,0.07070023148148148
838c5c399,0.4319266013071895,0.19883001197433847,217.41299973305556,0.116754477124183,0.12818333333333334,0.000175
23ce26e85,0.4294978809232026,0.22687784077659875,899.0692189412011,0.21803957312091501,0.06431315104166667,0.029140625
5b4a22c83,0.3846509443672482,0.24607691985754604,3286.257371694068,0.35864842262364266,0.18758748906386702,0.01863517060367454
c61869b9b,0.49333040761349584,0.2752291952626085,3478.143820819606,0.31043226130542306,0.08450168918918918,0.13734515765765765
6afc6acee,0.5266361145152505,0.23923910337759105,338.8869444172424,0.17270913330610022,0.053871527777777775,0.10312065972222222
687c0c2cd,0.6667724252491695,0.22196392672827175,1954.920479232845,0.08994977525894078,0.0,0.22446013289036545
474ee7e00,0.4090170588235294,0.22550467493989745,3090.6532655441665,0.22848581699346404,0.028933333333333332,0.04365
f3b52a69c,0.39925217138707336,0.19325500768494058,1443.4621480847188,0.17238117647058823,0.12282962962962964,0.00016296296296296295
15dc4c629,0.5357007470875379,0.2553761210115056,524.0793559247854,0.23960112601525965,0.06087866108786611,0.05663899058577406
298feb02b,0.49914221732027747,0.1959152211720635,363.3214246204755,0.16924135998602446,0.0143785468552442,0.004688301462684714
8fa1c5c38,0.2897687581699347,0.19661535609130848,3945.4355201997228,0.3181449346405229,0.3056,0.0002666666666666667
9b93196dd,0.4222751633986928,0.23442441960922164,15.455846888263888,0.23584571895424836,0.12036666666666666,0.0
be7fbd988,0.5230883529411765,0.2047045282240202,648.1538039100001,0.18696329411764706,0.04046,0.01962
a7a44933c,0.5007314386428728,0.1272771211706684,685.3004843067479,0.13796709994859369,0.003155430711610487,5.617977528089888e-05
bf458a7d4,0.5406898474945534,0.1774967387290166,704.3387001358024,0.12243159041394334,0.021744444444444445,0.012022222222222222
b121d3be8,0.364425933965222,0.2688601127346649,306.8582382664103,0.19042354026481442,0.3226860393603936,0.0
f261c9968,0.364514938144834,0.20929227867351097,970.1386154534944,0.24188373021694132,0.049132377389858685,0.018760390689941814
7bfe2d68f,0.5186124509803921,0.2592413825338964,181.81532492333335,0.21902049019607844,0.034325,0.12444166666666667
8c3d81083,0.6918634047301211,0.2095043712018196,1359.219461645287,0.037315140904120796,0.035693921769871136,0.014448625841030904
d58c146d6,0.4979680175360885,0.24239028113057948,688.6447199170407,0.5675611670953687,0.0427122003525503,0.05016937036465399
3ca057824,0.4625244970383987,0.20548910136950163,583.392183598317,0.13825667636846406,0.022464192708333334,0.005537109375
1cf66aed4,0.4598026279956427,0.26391938711659924,9009.82457747848,0.3898584785766158,0.0652025462962963,0.09570023148148148
2f8890a94,0.41346701767126603,0.24705534875938293,907.7483245732357,0.22228549382716048,0.09228395061728395,0.06195216049382716
d17343468,0.3293183333333333,0.18759353047941102,178.06187533222223,0.35782522875816997,0.18235,0.0
4b628f538,0.5669201627010958,0.19678647216536665,308.00841966980124,0.1807006557412237,0.00868910782703886,0.0027230432402846195
739cd2d34,0.6146013725490197,0.2641051405817861,184.0938274663889,0.058362810457516345,0.011083333333333334,0.280225
0d635d0b4,0.265001568627451,0.1955817951601776,210.44903567888892,0.3123456209150327,0.3379916666666667,0.0
a4c903a3d,0.5066150499935074,0.15938277551168262,405.04653067238013,0.18766290092195817,0.006216887417218543,0.01504139072847682
7542076e8,0.60401555487295,0.2641631891238111,181.6925414515183,0.13468499889076607,0.06633485639686684,0.06726501305483029
899859c9b,0.473952614379085,0.17521340697195611,179.6564499863889,0.23208823529411765,0.057308333333333336,0.0002666666666666667
7b4ff27b3,0.5413160360498366,0.29916478313666933,2940.625432945718,0.10859667330473856,0.08369791666666666,0.263447265625
3a6197f6d,0.2999903781141104,0.2643164268990196,319.0594559097281,0.1389690279294742,0.24220159151193635,0.05505968169761273
999d24492,0.44062722900480944,0.14148938208341505,156.1979056546814,0.2989160192378838,0.018339622641509432,0.0
8bb34f0bd,0.5516092653110627,0.21520274887193475,2056.144147793543,0.18733351488743644,3.08641975308642e-05,0.0728858024691358
d6aa53be7,0.43826896956699346,0.20288792582617007,1124.0861596110026,0.29677277369281047,0.046962890625,0.03620442708333333
08b454900,0.2733087704395838,0.21535150866094258,1189.540330302428,0.2558192468323069,0.3189891696750903,0.009846570397111913
f70571a3a,0.5522866512345679,0.26215172759988103,534.5502656691731,0.19931284041394337,0.0822800925925926,0.011597222222222222
0d20efa95,0.4058915032679739,0.15769321735068653,434.1527123794367,0.16563720043572985,0.002659722222222222,0.0003958333333333333
349fe9b9b,0.5057112634527495,0.17502979306829966,218.09289280202387,0.6089996682883679,0.05139097744360902,0.0
74b73209e,0.5786904048656499,0.15648316742357438,108.90851231885367,0.07549904684095861,0.0060879629629629626,0.02701388888888889
106128c56,0.4570331638828371,0.22134416731125506,919.8413097562776,0.08203328491890584,0.010277777777777778,0.04898148148148148
20e75472d,0.45448496221405227,0.22143480373320287,2018.9850311787923,0.2685421134599673,0.115244140625,0.0016569010416666668
a21b6c40a,0.3322393790849673,0.189612428001759,1002.0300707632639,0.3294669281045752,0.1028,0.0169
5fcd44bf9,0.5673425490196078,0.15045665269110114,106.03475786555555,0.08641111111111112,2.5e-05,0.0010083333333333333
b714e611f,0.41679600127087874,0.21502740719897206,2052.6986663580246,0.3392140522875817,0.07086226851851851,0.021498842592592594
e16882f44,0.3465214705882353,0.21769849974971123,686.533942186389,0.23496003267973856,0.18215,0.019858333333333332
887b5144a,0.4251909849877451,0.19145814411055756,532.6939191434119,0.15248419628267973,0.08285481770833333,0.0009309895833333334
923a7163c,0.46846941176470586,0.20962255342806732,871.9669568527082,0.2694639869281046,0.08154166666666667,0.0033916666666666665
52d336af0,0.463597159072969,0.18812261414807263,573.6141541249464,0.40664259101386124,0.002536231884057971,0.007648953301127214
5cfd4e3bb,0.34881692810457515,0.2686883336998577,5372.856270216042,0.226239477124183,0.2814083333333333,0.06621666666666666
840fbaeba,0.5104942583514888,0.21827278234302008,2085.3808178168065,0.12632600308641975,0.06070023148148148,0.03899884259259259
5c89ffa58,0.494834157556828,0.21176809399864402,9969.265303310753,0.24949123720284574,0.05133849557522124,0.044148230088495576
6231ed9b3,0.4983357999475673,0.21144261851955024,820.9712574578075,0.33742637330513864,0.02503038712661482,0.020846106683016553
0adebbf21,0.5096581563180829,0.21725724762062007,479.60152998378425,0.3254069308278867,0.020121527777777776,0.011174768518518518
00bfa5da9,0.43996762173504084,0.15696650495169012,865.6851754724291,0.30758652292405275,0.0010608856088560885,0.030973247232472325
4cfd979dc,0.5195035232843137,0.22854328623602307,300.92715637663736,0.3705651807598039,0.044296875,0.064794921875
9951dff79,0.33295364570725405,0.22817027494102513,2939.195526474741,0.30336763949406925,0.21508487654320987,0.00636574074074074
0e61fe015,0.5158336822273394,0.13360882029629567,562.4042413462818,0.18149246388947038,0.0,0.0007918149466192171
3ed60e624,0.4856849128540305,0.19782137220241858,260.79498576097154,0.46063925199709516,0.01015432098765432,0.011442901234567902
f04c098ed,0.5079413296568628,0.18553620797648215,390.2485309427474,0.2008977353962418,0.07650065104166667,0.021490885416666668
04a555b91,0.39639606593661586,0.29347518237441966,1557.999577583762,0.15459610699081636,0.1987938097405553,0.07831133363677742
71e96f977,0.49916207862455325,0.22819904050717887,2696.6260166241927,0.2705248076241991,0.023672687465790914,0.043746579091406675
5cc86be4e,0.4606501960784314,0.3013871675098543,414.2645328663889,0.0991383660130719,0.2503916666666667,0.05221666666666667
8ccaceef5,0.4599859165888578,0.24643459519374952,309.98085274728976,0.5092385102189023,0.09171296296296297,0.008544973544973545
3083ab744,0.4500581597222222,0.18434672943761415,410.23329833937277,0.5318421670751634,0.037469618055555556,0.0013368055555555555
1c9a2baf6,0.5370014265471814,0.2417107081940155,176.67419652194383,0.3538118393841912,0.00956787109375,0.0541845703125
903a75804,0.3386011029411765,0.22769075724113083,247.78410106811523,0.5267325367647059,0.29952392578125,0.0003173828125
b42873eb7,0.6210102060355392,0.21579042965178305,566.8572172801436,0.15907494638480393,0.0217919921875,0.1109228515625
e3acd4da3,0.4615328394515701,0.17422583873931763,780.7741090052433,0.23552598407784164,0.012321428571428572,0.026221804511278195
12b1bce04,0.5121880489174837,0.17166413103630238,338.207903263304,0.10552870966094771,0.012545572916666666,0.04177734375
410707dda,0.2897780392156863,0.1397738971567556,32.12468549305556,0.17631029411764707,0.12830833333333333,0.0
c5c51218f,0.6179512585175915,0.1708130284800199,224.851766324322,0.2963628146293979,0.004983535967578521,0.08914007092198581
4cc05c35d,0.45818806650018495,0.3113222215493938,616.6722828223029,0.10206722468861759,0.05812205188679245,0.11739878144654088
3bf71f7b1,0.6887674836601307,0.2418821272320013,5372.93044999,0.12924225490196078,0.031591666666666664,0.23135
427755203,0.5717892156862745,0.18072844042699457,4386.096249348423,0.29635200314693777,0.01965277777777778,0.006273148148148148
93692767b,0.4815710103485839,0.20433304452434076,1013.6421742169226,0.236372463916122,0.015299479166666666,0.0017447916666666666
29edf6e20,0.5144996732026144,0.2562108244574406,363.51315157159723,0.08957496732026143,0.10645833333333334,0.034916666666666665
971c160c7,0.5206229735988883,0.22111831974988005,370.67410768736687,0.3448014448561577,0.024598097112860894,0.019266732283464566
c160e581a,0.4029227282310774,0.17594850531888848,1064.83635489933,0.24329439437065148,0.05998543906810036,6.160394265232976e-05
828f48390,0.5911320806100218,0.17525140759323843,856.9463281289853,0.2860093273420479,0.006047453703703703,0.010445601851851852
f0a7a4dfb,0.4475253948801743,0.14234977362815363,52.663116854443956,0.19036272240377633,0.011105324074074075,0.0005150462962962963
476b3dbe5,0.39675318755551,0.2246440801889794,109.7007994280122,0.29582138800642205,0.12808144599303137,0.024490962543554005
e6151d695,0.5951295098039215,0.1779681190182468,1208.259827099722,0.2672331699346405,0.0017,0.044566666666666664
97c58d897,0.5404905010893246,0.2253893430612042,455.4226283950617,0.24299572984749454,0.0609,0.07586666666666667
4140b3b5a,0.6034654483152485,0.2066119212352168,1245.7536224075993,0.19496284662732408,0.00598705501618123,0.09527508090614886
6ada9811e,0.5852144044897111,0.26305966513196355,5002.581350209689,0.1979245825538696,0.061757950530035334,0.03702296819787986
ea1318971,0.6192408996005809,0.14912479686547048,1260.7434683103124,0.14831043482207698,0.004618055555555556,0.02262152777777778
acdf99f98,0.3676215161649944,0.24005764751243408,700.7884967838727,0.18754636369598007,0.11102842809364548,0.039331103678929766
dc1b809db,0.5682484426062091,0.2745724669654624,331.95787991662553,0.34674665543300653,0.014557291666666666,0.208193359375
a8cfbf446,0.4582082652505447,0.25839981655567607,5418.22344749858,0.28395585965867826,0.09270254629629629,0.05587384259259259
6ebcc7756,0.48559299597031796,0.2035385867298857,537.850452714785,0.3420334230183302,0.041925125313283206,0.027968358395989976
2455effb8,0.3762819535221496,0.26846328919196116,1193.8892825638382,0.3848670570079884,0.17873842592592593,0.08434606481481481
5e54f4e06,0.46524221192100024,0.24077012599614211,981.512674726948,0.2234964212134129,0.029676177536231883,0.07507925724637682
c634af483,0.4654978703091724,0.15096940090739955,4217.759444107435,0.2981945362414629,0.002462546816479401,0.007134831460674157
a631eba2c,0.35490724854756717,0.22519898898602883,9559.930733303194,0.4529401325344953,0.1695949074074074,0.01987847222222222
91697ee90,0.4514221568627451,0.28958072126803713,2098.7060335822225,0.2079079411764706,0.19010833333333332,0.030758333333333332
182faa94d,0.6655492011619463,0.3069778504004391,450.98465865041476,0.1334161446986202,0.01396412037037037,0.3834375
7a5091ca2,0.38141360523610196,0.24146354003159007,79.10694677646704,0.2363171495189836,0.10034527153558052,0.034527153558052436
fe790ba60,0.503513137254902,0.25783288886745576,3406.119986624375,0.17292869281045753,0.029416666666666667,0.11755
bd7f07424,0.3160413862062238,0.2162074541067254,299.69578905375954,0.30251070627255877,0.21727611940298508,0.011026119402985075
8cb067b2f,0.6083753921568628,0.27203858264148534,294.35059856000004,0.266298431372549,0.03515833333333333,0.29115833333333335
81f1d4d5c,0.40643055689708835,0.2723061274853323,3517.725403961371,0.29165470019425394,0.1766009852216749,0.06978653530377668
aa2a3d9c7,0.44734953703703706,0.18206352910501747,7719.952529215963,0.11661363017429194,0.026631944444444444,0.03155671296296296
c14ddf8a0,0.3970584484152364,0.20581822142656386,563.5501187848856,0.15062494021617828,0.0772327264611166,0.0006616076268214138
b6a16ab86,0.5386362745098039,0.215699278987785,3295.7560241443744,0.13416300653594773,0.01525,0.1167
15a828f9d,0.4614761764705882,0.14787156195358345,229.79769719234375,0.31177495098039215,0.01073125,0.0
acada131d,0.49619094952795934,0.26945993099560867,942.4202894265677,0.42172333424110386,0.09524884259259259,0.09726273148148148
9351d5173,0.3686127124183006,0.30144765698535414,2301.9602322443748,0.5506772875816993,0.2929333333333333,0.09100833333333333
01bcfcde8,0.3890747231535101,0.15043074616257252,404.5480223178064,0.3969852517863795,0.007361830742659758,0.017659758203799655
fbcea110f,0.69754200708061,0.31575619937595123,4035.0921011733485,0.11888596132897603,0.07389467592592593,0.4308564814814815
1f7c7c248,0.6161023202614379,0.22721711053669535,2615.8658109066664,0.18010892156862743,0.023466666666666667,0.1209
6c692e208,0.48122124183006537,0.222149158026859,699.9725462577082,0.19049088235294118,0.03799166666666667,0.028891666666666666
88fa13291,0.6212778104575163,0.3022306035115585,507.8935580915973,0.15735653594771243,0.08140833333333333,0.28281666666666666
fc7b01af6,0.5883766498289067,0.24688590455260978,1978.6949599876887,0.16946168956964136,0.07747576177285319,0.04081255771006464
cd89328a8,0.41883643535539217,0.33523991302583644,150.97259027823804,0.18261382697610293,0.2955029296875,0.1474853515625
d583d44d2,0.5520861437908497,0.18772801723555396,396.0258076666667,0.16710218954248365,0.027216666666666667,0.038075
2566ab3a5,0.4949632045286734,0.22917199236614127,591.2613049131448,0.06213577816063664,0.10494769874476988,0.0014644351464435147
1c59513dd,0.5613757035221496,0.26154407961072945,835.9081126521776,0.1702448710965868,0.07575231481481481,0.04894675925925926
3099254c2,0.36466984528186275,0.28566539322894063,921.932745796956,0.2256365017361111,0.285634765625,0.03521809895833333
100aed9a3,0.3731892374727669,0.24709303504391417,692.2705703998766,0.1355333769063181,0.04201111111111111,0.0739888888888889
24be8e826,0.6641374761710239,0.21273676943874179,1255.9485749746061,0.03301904616013072,0.00018229166666666667,0.13026041666666666
8af959627,0.5382603823240211,0.29007195098765354,366.00126295582606,0.26981194690265486,0.018003318584070796,0.13514933628318584
5bf976dd7,0.5413228996459695,0.2269119146922689,1082.0348973022271,0.15151761642156863,0.01115451388888889,0.0861328125
cd8e8d7a1,0.4700009446486928,0.2311729629318234,2110.2342999195416,0.1521762663398693,0.0984765625,0.023639322916666667
ab6c8aca6,0.7061491573217916,0.2314863610566025,597.9894976286619,0.18088005770870222,0.0005852842809364548,0.36937290969899667
4c3a2c536,0.621183750728014,0.3151193580503177,244.46585415535847,0.14218266679609137,0.07788091309130914,0.3036509900990099
a2cd5b78a,0.3209582122972646,0.23195287973447407,684.9920973784483,0.22814366981360445,0.2655092592592593,0.0055015432098765435
9dca0bf20,0.30028810457516336,0.1792918490347997,203.02345928638888,0.2579492483660131,0.09955833333333333,0.0004583333333333333
a8df693c0,0.4850145533769063,0.24030663326028115,1873.563278506173,0.12494967320261438,0.03822222222222222,0.0868
6fdb43f0b,0.5345437884108868,0.2989044639702145,1320.3458283435027,0.18824103745976004,0.11778917910447761,0.16130597014925374
0ac279a25,0.5142270241429906,0.24168722006358115,1291.5773140652357,0.24660454658053696,0.06616861030126336,0.06313775510204081
8ef276c3b,0.4533666182522391,0.15749505617106008,150.73438087181833,0.1463406257564754,0.0012191358024691357,0.008271604938271605
21cc6a743,0.6570013481583109,0.33296495931357234,2801.1101190476193,0.1293187274909964,0.05019436345966958,0.4145408163265306
0c9133a83,0.6335782044299201,0.21152556459554545,170.9444056348259,0.18585375816993463,0.03316550925925926,0.05671875
af005c575,0.5504359803921569,0.19287232661331033,2212.088908799375,0.18233885620915033,0.009833333333333333,0.0013166666666666667
85a0bad4f,0.39982017066085696,0.364128449542873,462.1045305118513,0.1420105982207698,0.4044270833333333,0.2084837962962963
8d76a1b7f,0.3786381372549019,0.29230358258454986,989.3068990655556,0.2929981372549019,0.19795833333333332,0.10949166666666667
2a9a33d29,0.5853989878358751,0.19981723322027894,1245.0945633968568,0.23749030954974584,0.0013715277777777777,0.11129050925925926
90dc0d83f,0.39044219286847415,0.16347185196140215,1012.7981078332547,0.1977690265698365,0.037281474454533135,0.005691828160997425
6d994c50c,0.46777960784313727,0.34846410314584486,69.73818288888889,0.15706653594771242,0.2002,0.16939166666666666
c6d7271e8,0.5960142982402166,0.24856244036851344,5475.869893227232,0.08275707092460415,0.03452209728033473,0.1283701621338912
99a994cb1,0.5266121421830764,0.12049429688273025,411.34398347613836,0.28232624689804625,0.006740196078431373,5.570409982174688e-06
2a06a5244,0.47314494825708064,0.21914016909620432,1650.3520790999216,0.26211453794480755,0.08532986111111111,0.0005034722222222222
8773f250c,0.5771230255991285,0.2446938159059123,11231.198070564042,0.20188101397966593,0.038125,0.07306134259259259
82ea3883e,0.4470396922657952,0.26002833220716,2536.657547631365,0.4787662547657952,0.13296440972222223,0.034131944444444444
04a5f717a,0.42814913641237745,0.2545243524319218,337.364739523983,0.23927617570465687,0.137412109375,0.034541015625
884b9a6ec,0.6131924509803922,0.23607807768395891,1393.7377699665974,0.20055303921568626,0.011766666666666667,0.09800833333333334
115a4b208,0.3754897712418301,0.29843483256576236,1000.195082048889,0.20713934640522874,0.21,0.1071
7e8bab7a5,0.21324149816176471,0.23853895210818477,123.56100794882178,0.22609303193933822,0.490048828125,0.01322021484375
302eb3771,0.5442567379011529,0.23675769952511394,308.2379426502511,0.08527399574061835,0.08912921348314606,0.05456928838951311
0bcae32b7,0.3860236274509804,0.23328105056695797,913.5345669882639,0.26793503267973856,0.09351666666666666,0.04335
07102e682,0.30301334513738604,0.2660880929672378,2010.5605767115999,0.2829036330251164,0.40365384615384614,0.03137123745819398
516fcfdf9,0.528524888821508,0.16038866172141933,164.24721529747947,0.23368359611885992,0.017242268041237113,0.0
0d4b69793,0.5032983558006536,0.24013010356365377,375.6708672881126,0.3630521471609477,0.09946940104166667,0.06120442708333333
a77b63ee1,0.546116587993222,0.20296863174225346,446.47860178701563,0.27376201282982326,0.01779320987654321,0.00013117283950617284
9449dcc18,0.3790617864923747,0.23390579386739657,531.5293712739506,0.3737825272331155,0.13448888888888888,0.0002777777777777778
1eeb50e8f,0.5142305228758169,0.2394619876830011,1591.3823293333335,0.138423954248366,0.07020833333333333,0.026966666666666667
80cedf6b9,0.38145612489787584,0.11650079218191747,227.2662087534163,0.3779991957720588,0.0016438802083333333,4.2317708333333335e-05
be376ea01,0.4727611735870819,0.24115402847185743,1716.728584144883,0.3061496539792387,0.1136764705882353,0.04289522058823529
fc43d7ddb,0.6101500544662309,0.1760832595809723,720.3252488465048,0.10178735799875506,0.00814236111111111,0.026349206349206348
05312ba72,0.5348472604105629,0.23638688268423858,3326.00942227068,0.3687783273567659,0.11858952368817405,0.006485211430961086
48c838ef7,0.48127735294117646,0.25242144691438373,854.244284253086,0.27034284313725493,0.0978375,0.04094375
411bba4e8,0.32405264705882353,0.22197959276540813,312.02509714937503,0.16020120915032682,0.24326666666666666,0.021533333333333335
bdb5b7ecb,0.6381979919516744,0.23873521357077904,1215.394226907422,0.11850717622981216,0.005307798380697794,0.23233365945350476
e7fae9937,0.5886646623093681,0.16653181836667963,872.2811813480248,0.11077237472766885,0.016511111111111112,0.0013111111111111112
f8fb0aa55,0.35763514257170914,0.3544095588230165,717.8142591003735,0.16327365682888006,0.43725172711571675,0.12702666234887738
bc6d86a40,0.5355217354302833,0.24882033768158654,2412.306644603117,0.16381678921568626,0.05267795138888889,0.0876953125
672e9e752,0.7937137951627352,0.2973406085813171,1588.3557790100188,0.2258859920871902,0.027881768189509305,0.6736701565143824
e6ff21b7e,0.5332973175381263,0.346138565356563,2813.0129771264346,0.33770399872912127,0.19166087962962963,0.23283564814814814
548351895,0.5192893745461147,0.24183435387235863,1043.7020406373242,0.3154238607480029,0.042563657407407404,0.052974537037037035
fcae5bea5,0.43764270152505447,0.19283340678631822,931.732928206447,0.18376282225853305,0.038287037037037036,0.027413194444444445
72d68bbd0,0.5901204384531591,0.25782070773994215,689.6921220823353,0.2585742783224401,0.021527777777777778,0.22793402777777777
c74d9c9f3,0.632516566952239,0.16672406445859583,1142.1460020490365,0.2367514980572703,0.005112067540513901,0.022315552317572655
a486e2ab6,0.48472783905228756,0.2439801176769138,336.76321706712247,0.12456148833231209,0.10668131510416666,0.029512532552083335
f304e7fb3,0.4758163871017157,0.2628250393320243,1831.0548656177282,0.43122978898590686,0.07672119140625,0.0619189453125
1f25222ce,0.4132757215245649,0.20634915315563662,460.25897137347624,0.2548398325622384,0.14890449438202247,9.363295880149813e-06
9aa9d63f8,0.5089461455080116,0.23930748604691224,1121.3292676619246,0.1686118892001245,0.0386152162014231,0.08460591133004926
37a8dcdce,0.3470630900508352,0.18192711049169086,1170.8428297598043,0.2354000998547567,0.13820601851851852,0.00328125
b93203aa7,0.5001279956427015,0.22578633631099548,315.20787305288826,0.23280277172597433,0.04715277777777778,0.06415123456790124
493d9cc81,0.43190520446096653,0.3135680006623592,454.78150499543955,0.2642570887090896,0.21238847583643122,0.11964684014869889
2fa5bde3c,0.26319483660130716,0.1875332017177318,99.48582687993056,0.4235986274509804,0.271775,0.0
8f32c880e,0.41675407088122607,0.21206181936401178,490.64792334047445,0.3039629817444219,0.03477011494252873,0.05204741379310345
ff2224b9d,0.6083717320261438,0.2549711059050096,495.7073197558847,0.2209868675865408,0.03280092592592593,0.07203703703703704
473caf456,0.3342824754901961,0.25002449303442137,358.2728957561729,0.23999210239651417,0.26484375,0.003929398148148148
63c794465,0.4022405849358974,0.15931594090207912,223.11561357215388,0.14907697413901458,0.02191756810897436,0.017983774038461537
b857d5ac6,0.4499744256288374,0.23648938169731012,515.587491857336,0.13014267676767677,0.015744949494949496,0.08663510101010101
d66a55b13,0.5285814181844285,0.22950920316092743,955.3688409648859,0.20305470095988187,0.07513729079497908,0.03590154288702929
b16b24c21,0.6346559776688453,0.19987257902990974,1280.3569463086208,0.14976345769789398,0.0022743055555555555,0.0548900462962963
eadb7f25e,0.2625862381989833,0.1383565070229199,365.3976339851452,0.11627505446623095,0.10635416666666667,0.0
44c308937,0.44517663398692814,0.20348092909261714,800.5483229610415,0.2057943137254902,0.022975,0.021708333333333333
8ec043344,0.5568399251057262,0.18539120876580034,1041.1952356384863,0.18117109495087083,0.0025646024866145746,0.013857852032934895
6cf058ab3,0.34498686274509804,0.22712285311689462,36.53150639555555,0.6409823529411764,0.29636666666666667,0.0
84e146ba6,0.44309496732026143,0.26471091790087337,144.069187069375,0.24463633986928104,0.10421666666666667,0.101325
c213bcac3,0.33383391203703705,0.15825717567107533,778.2623885452083,0.272588779956427,0.0714453125,0.028055555555555556
5dff24075,0.4647281529895909,0.22325787117825643,372.5378543188443,0.4012473977245219,0.009544753086419753,0.0
f06da7096,0.5352402641612201,0.1949489321143111,3187.149302006173,0.10928084150326797,0.0321875,0.06730902777777778
31e266863,0.2920828431372549,0.22261268135785978,51.55318786638889,0.4093228431372549,0.34323333333333333,0.0
0f1a3ce5a,0.4582298304738562,0.27186804672071235,491.46876809484695,0.3855635723039216,0.12252278645833334,0.015738932291666667
a5b9343c3,0.4925797101449275,0.28629752756174437,1290.0857106271183,0.20613112335235098,0.10949832775919732,0.1449665551839465
56b0b72b1,0.6684582821609566,0.15924187357215627,294.89682511520164,0.4169928817459309,0.004243160547156228,8.099352051835853e-05
c79c98af1,0.5158320397603485,0.17646816075354685,3868.5927997920953,0.17631429284676833,0.007633101851851852,0.02183449074074074
9243b2c43,0.5376659390318627,0.19799794715971128,724.9951365227594,0.255728413500817,0.032633463541666664,0.010279947916666667
29af2b6ec,0.4379499019607843,0.15375159965510782,705.9577545493751,0.307850294117647,0.029116666666666666,0.0005583333333333333
640e0b69b,0.4910948446794448,0.1723184363422951,922.5456789795761,0.26425574649335387,0.013426966292134832,0.00450374531835206
a5b4b663d,0.4268975429678044,0.19892604249602303,532.8632713610731,0.14104771847010408,0.1309182098765432,0.0013811728395061729
23ed3e349,0.5364632171387074,0.3020168372222725,1298.1318559649349,0.14341205519244735,0.07350925925925926,0.2003611111111111
31c2215c1,0.3827410130718954,0.16187327902041676,970.5363930299307,0.07600088235294117,0.044241666666666665,0.00013333333333333334
725a5345e,0.41450313725490195,0.23805133503473622,9577.91960336284,0.1972318954248366,0.12221111111111112,0.016788888888888888
2fe763187,0.4643539368872549,0.2620454721334448,6222.562298919159,0.1934069010416667,0.057724609375,0.104921875
5a60fde1f,0.503787876724764,0.2596197284141419,4390.398799381511,0.11048418209876544,0.10487847222222223,0.050688657407407404
ca28c5e51,0.3328588991866843,0.2013139287869339,655.9039589752139,0.4671484563814808,0.15862138263665596,0.0009780278670953912
41fa17c7c,0.5787370199015935,0.3250790315230208,709.4910426376264,0.14632305206726884,0.11205056179775282,0.21093632958801498
8bd033254,0.48588996732026146,0.16385260970452506,1045.477893359375,0.11404222222222221,0.013466666666666667,0.019991666666666668
be59708a0,0.5265989204670631,0.22007954765781024,963.4398962125118,0.26045836087243884,0.01851123595505618,0.04397003745318352
331a745e8,0.3944227777777778,0.21151940570688138,669.9741867899305,0.3399236274509804,0.07305,0.011375
c1ed7562f,0.5165163858970818,0.20866263695045079,715.2773143926266,0.4653824766408911,0.019245158450704226,0.016798708920187793
23eddf1d8,0.5924843462775736,0.2377233868098556,515.5335062484681,0.20588106043198529,0.0212060546875,0.082919921875
ef9b5808b,0.4606520343137255,0.19215798968067999,527.2542117148438,0.2969196568627451,0.06625625,0.00225625
7650ed0f0,0.5768818485248506,0.28022746143084964,4307.06867411481,0.07549604516135956,0.06929392446633825,0.19906951286261632
9d2fb911c,0.46703054401837363,0.2327964777072075,1517.7913790938933,0.27854449059317216,0.06813081554460865,0.027887246852764093
15592a54c,0.4043871641249092,0.27070941101658075,1581.0372818928702,0.2380618418663762,0.1674710648148148,0.07346643518518518
5997cc138,0.5011684712346477,0.22718261376501206,1161.0487635664474,0.3747811085972851,0.04903159340659341,0.06940247252747253
53bb1d133,0.424941781650932,0.16773290005923003,496.6180071673525,0.3733785403050109,0.010362654320987654,0.0026311728395061727
b9c0de515,0.5082458809912854,0.30135929981778636,431.8977268215415,0.22817012186819172,0.09350694444444445,0.19046440972222223
f212d0cdc,0.35971614379084965,0.20512820385732555,325.76424867749995,0.18732375816993463,0.1129,8.333333333333334e-06
4a9fa9d9e,0.4372179411764706,0.22816225931498327,1598.1121416649307,0.19688970588235294,0.12670833333333334,0.014675
6c5fb38d4,0.5122391503267973,0.24682730971411107,1454.6856326799302,0.406092614379085,0.08645,0.05760833333333333
72626612c,0.5980371221405228,0.18206059725419252,160.37201382107204,0.12812433619281047,0.03615451388888889,0.0
74fb03e51,0.5832012764837479,0.2691440870999583,995.7412871241723,0.17543805105934993,0.0076006711409395975,0.2138255033557047
4247730f1,0.3402927300150829,0.22116723343079725,691.5288135098225,0.272604826546003,0.13177692307692307,0.028153846153846154
39bf24ec8,0.38081783315177925,0.2306787809364277,6996.606134220544,0.33908183551198257,0.09954861111111112,0.045306712962962965
dc996a1a4,0.36713020525936124,0.2930397365857672,138.78765891628728,0.2916030559380943,0.14353678929765887,0.13532608695652174
d433a5827,0.45073571774388765,0.22123081144100212,188.06108924682783,0.20292190147664005,0.03229166666666667,0.005046296296296296
5ced5d057,0.42039517345399696,0.2385290151098309,5337.818050074314,0.24767165060003934,0.09168896321070234,0.05831103678929766
a22499988,0.300545108093796,0.190893084245868,1671.561457054608,0.47396201388248715,0.2240631731669094,0.012470719835200435
edc5c168a,0.4731062772331155,0.18890465451273586,4433.569520442708,0.3380721847766885,0.013294270833333333,0.03582899305555556
20845a37b,0.5098314705882353,0.20668649403156827,125.20440358638889,0.2937211437908497,0.023466666666666667,0.07774166666666667
8573077f3,0.41809133986928104,0.24797408217637926,136.88534024659722,0.15056088235294118,0.2590166666666667,0.0
5ca7a1543,0.36096811156328357,0.20830625676781186,534.6460981853892,0.3355701997780244,0.19217112159329142,0.0004127358490566038
63cc8aa47,0.5783049673202615,0.160941008979462,467.37186654416666,0.41314496732026146,0.00048333333333333334,0.0017
36681d1d5,0.34137869034406215,0.2078604360205749,245.46288321813813,0.20903669996300406,0.22059433962264152,2.830188679245283e-05
a983562e5,0.5321466351972888,0.23294388914982828,14163.08204117078,0.41300850278382956,0.042145061728395064,0.07064043209876543
c32ecd5bf,0.6842849824355972,0.19312370384601082,155.1664811198095,0.141089968774395,0.003018881733021077,0.2155115632318501
890dc359d,0.5003970806100217,0.2002429500750112,1167.862299678889,0.2638530283224401,0.01198888888888889,0.026866666666666667
35bd82365,0.6701830333226186,0.19359962786480506,422.72319532085163,0.17179328726025928,0.0051639344262295085,0.06261612021857924
1f4a53e6c,0.5859275941337079,0.26960613297888847,3411.9709919175434,0.21723834791697144,0.047695868022546786,0.21128491727402798
e24a30aaa,0.5791538970588236,0.12676039628363284,525.5502718975,0.5210166666666667,0.00249375,0.01316875
adc03f8b6,0.4384116581415175,0.2501327053103695,7613.945284399287,0.27008581983518043,0.12289855072463768,0.04038043478260869
474f23a3a,0.6993354341736694,0.22896432990730614,1050.9957925998324,0.18075899307091256,0.019783834586466164,0.24835526315789475
b1170cc46,0.4300069666109338,0.2758932246692195,1102.3949013978922,0.4215376365877962,0.0915428509905254,0.11430340223944875
43cd2eb4e,0.468800290486565,0.13959475730475482,190.04681062808405,0.07392880053255871,0.04535493827160494,0.0061342592592592594
ee8518e4c,0.3506958741830065,0.17938916138715835,140.69353891296805,0.6661165577342048,0.05650462962962963,0.014971064814814816
6608d48b2,0.4375765739889706,0.2879619596659085,776.1792196350038,0.1540245672487745,0.21692626953125,0.0366748046875
5330c4588,0.4824315481540412,0.25962078097791286,398.71832423920984,0.17580575118310918,0.01703428035460349,0.11416447308704729
134e12e92,0.40223277505446625,0.191107226987827,623.831599189279,0.21136058914306463,0.08734953703703703,0.0011226851851851851
1a8215249,0.5300956771012499,0.18390524749856665,156.13436684258403,0.19411663800022935,0.002853801169590643,0.0005263157894736842
6381b1706,0.46779630602240896,0.3033657809283917,306.37441803772913,0.18913454965319462,0.06767378826530612,0.15383715986394558
1a4d9f6e1,0.40767858922940997,0.19806926745437864,1301.1796130311423,0.2690655174250214,0.0813775332544049,0.003725886203774636
fc2012c7e,0.5923324183006536,0.2131828349605283,84.88026607993056,0.16729513071895424,0.016908333333333334,5.833333333333333e-05
8e2335bf5,0.5832536601307189,0.23484389482441792,484.5183580399306,0.14589281045751634,0.06005,0.03425
043d8c534,0.4417356572258533,0.25672944815707827,7664.927687897825,0.34213394153957877,0.1477835648148148,0.05263888888888889
ab0bb2f5a,0.49157753494916484,0.17433463712891328,4388.22481040672,0.0982689667302106,0.0015190972222222222,0.026497395833333333
4106b7290,0.38511220407895597,0.2540257218653271,392.4254169696089,0.6002618860253132,0.14911371237458193,0.056312709030100334
b08012e7f,0.276700865502451,0.16035674138252534,902.2346695794,0.29032095077614384,0.1790234375,0.0006217447916666667
f0137d4e3,0.5195688723350752,0.14726672721334746,291.2539185259533,0.36040339388290066,0.0042721412744242265,0.0007469952326596387
79531026f,0.4466227078794481,0.2050370103153545,516.3753269353085,0.3109736973493101,0.07413194444444444,0.0022569444444444442
4195e3052,0.3616548453107658,0.2887303152544167,658.3574512603097,0.2360030377127266,0.18117998231132076,0.11600825471698113
9499f293e,0.40442815563725487,0.30031258125453075,768.9151576463381,0.30204817708333337,0.22586263020833333,0.07228841145833333
6cfd5f1b5,0.45245294722827406,0.253844424972518,833.0565509259259,0.2516127450980392,0.17298611111111112,0.0
65470d9c0,0.4915490522875817,0.19878379838874494,245.63585746555555,0.30490715686274505,0.069975,0.0
f8619af42,0.47994950526506897,0.2825693029758366,1343.9685271978685,0.12249430374001453,0.06333912037037037,0.16288194444444445
4d73d97fd,0.4201888616557734,0.3016261507134326,616.3861094070163,0.11278660584604212,0.1445949074074074,0.1646122685185185
6cafa50dd,0.5049921895424837,0.1905829371940351,1918.3379534488893,0.26056349673202617,0.009558333333333334,0.028841666666666668
22c2f101e,0.42731404320987654,0.25931809430043734,601.9785319914641,0.2598771332607117,0.14683449074074073,0.02265625
37d88b689,0.3993115165819414,0.21018653262626896,1977.7776813771122,0.3431816146211571,0.07007716049382716,0.017669753086419753
9d8032dd0,0.5496578104575164,0.21803394302236462,159.84092484104167,0.12779705882352943,0.011841666666666667,0.013533333333333333
918ae2c95,0.5599794836645047,0.26905506129784984,163.72826451382488,0.3576362114607945,0.100007873085856,0.08293639858809326
86d02f6a8,0.44350675454128136,0.27442277439824836,1964.2542966291621,0.2956309921962096,0.15888795986622073,0.054623745819397995
b03b1a110,0.5253618552272239,0.2921709205781311,536.0830611477206,0.30190321120623526,0.0908108372456964,0.15734057120500783
91df1b68f,0.28959833333333335,0.17153596290148881,559.543026486389,0.6068774183006536,0.12014166666666666,0.0035083333333333334
bdde3b5ca,0.44775453885257804,0.19406735893713287,498.06545671296294,0.26727798959089805,0.06967592592592593,0.005354938271604938
f2f8980cd,0.5001540196078431,0.31384382222950374,1451.238133351211,0.33112166666666665,0.14201875,0.18505625
6f46311db,0.5241833352481617,0.29656290258251716,1556.1706891789374,0.15004932598039214,0.15051025390625,0.11355712890625
ea3de2587,0.5751068609261887,0.21103692912283706,660.0762213151831,0.28673554270192925,0.026634972170686458,0.07165661719233148
e7fdf6d1c,0.36294035947712416,0.315599512393217,1292.533177186389,0.1852375816993464,0.293575,0.13205
2f50d46b2,0.5408114630467572,0.224979285839314,556.9677944091789,0.10367037182766083,0.017775919732441473,0.10334448160535117
b09fa9385,0.45579959271139137,0.23858858521981283,2348.4595578295643,0.26051714100612516,0.06843230129390018,0.03247458410351201
57bf84005,0.3678931372549019,0.2737968534641545,525.9714002641666,0.6427940849673202,0.2887,0.019733333333333332
f77a6e11c,0.6100549980272074,0.12627675080225242,917.264268335312,0.23452380217178734,0.011968503937007874,0.0016447944006999125
51a0d55ba,0.4913757623450718,0.2359935510964066,261.4322697371953,0.28307689028788774,0.06359531772575251,0.050869565217391305
87520e2c9,0.40856731685729847,0.2251920432264828,802.2260460611226,0.3407113630174292,0.07517361111111111,0.02502170138888889
dc7dad1da,0.5228141503267975,0.28540463685822587,657.2543857955555,0.27822114379084967,0.084625,0.13163333333333332
07638746f,0.3767772222222222,0.1258480932589177,91.96351016416666,0.18455924836601306,0.0343,0.0
237343008,0.580370378880719,0.2353876025443758,197.1541193186336,0.05914081648284314,0.009488932291666667,0.06930338541666667
59a08eeec,0.561161381740196,0.16374769119945867,289.77713812585404,0.07037166819852941,0.002620442708333333,0.020126953125
1936c68a5,0.44990619828494055,0.28004526784993083,1420.1654248310367,0.1586227621483376,0.12474424552429668,0.008126598465473147
559afad4f,0.46680038126361656,0.2197981332270303,3119.88288287174,0.3218682219801501,0.0714429012345679,0.005316358024691358
0b501f1d8,0.530542095752706,0.22082676073889518,107.7644035152339,0.09693385496160886,0.005838055472711005,0.04490754548165821
7ba9cb4a0,0.43768680560395495,0.30174813637847264,595.1855426667906,0.22153095681934007,0.17514285285780704,0.11087781393883948
9a9707c98,0.5352022138297602,0.22318932701192243,490.38217311194205,0.5207035998575824,0.07939364461738002,0.007425421530479896
87a679d31,0.42694754947015573,0.15755496701963354,169.97373085021144,0.268136365069925,0.015498621323529412,0.006833065257352941
05f84991b,0.38596424452133793,0.21344028136533483,674.8163854023989,0.2641791166293507,0.06717128027681661,0.03419550173010381
5407c6e1a,0.45619898692810457,0.18795794729622994,827.6265833197223,0.13873588235294118,0.0879,0.00014166666666666668
df6048227,0.42944968756733465,0.16953578368771224,1811.860048806505,0.2878264382676147,0.041346153846153845,0.014304029304029305
707b0c535,0.3173639664620057,0.2548791781315763,242.90417017282815,0.2915448603683898,0.33326599326599327,0.0023569023569023568
5dff15fc4,0.5407424836601307,0.2714187671612425,435.5974816863889,0.22757104575163398,0.0007333333333333333,0.151575
a36e3c034,0.5108253367003368,0.254635189784632,1573.2863097794552,0.3056852594573183,0.10227272727272728,0.02506313131313131
2fa8b64b1,0.38319520091987413,0.22259640410421813,663.9146910319979,0.09272812273057371,0.09726080246913581,0.021527777777777778
132a28bc9,0.6810286445012788,0.2858153929956464,849.9877549816739,0.27156845694799664,0.022210144927536233,0.35255072463768117
93cdb10e6,0.5969679411764706,0.20359346941441925,391.0572731455556,0.09683715686274509,0.077325,0.010158333333333333
1696809dd,0.4745176107480029,0.22687509093446953,1404.1757214896738,0.18273940934398453,0.02798611111111111,0.05528549382716049
9981290b2,0.526749795751634,0.18891886318626133,83.3814305516493,0.21631535947712419,0.018916666666666665,0.012552083333333333
43fe381b3,0.43128128829656864,0.30114325609352055,1832.9435635066986,0.5635040019914216,0.24507568359375,0.062578125
b66a74309,0.6268158814451706,0.17037651638261794,1697.1986244397492,0.2715650871459695,0.004803240740740741,0.015653935185185184
deb43659b,0.48648021786492374,0.23270240888213148,362.1443972222222,0.3647545969498911,0.03417777777777778,0.0018333333333333333
d33840dfa,0.42358869162419066,0.1380185736528633,127.57895887945811,0.26454191922670706,0.008701697892271662,0.0
b0dc1d4f0,0.5347713326071168,0.19826534458103118,258.6847294152949,0.12701685427257323,0.04576388888888889,3.08641975308642e-05
8e8779496,0.6027613471314451,0.3084686025462825,826.3622504093793,0.1583467910312273,0.07791666666666666,0.28302083333333333
013527aeb,0.5154114855244424,0.23946897881794724,15694.051461856281,0.3533145723405641,0.030450878025628857,0.08654959658281917
05f00d521,0.6726694209456358,0.319845599780171,155.22598359749892,0.05562233589087809,0.16226588628762542,0.30683110367892974
46539f4bf,0.4860114620560868,0.06578117796312126,340.07459309649784,0.13399095270292027,0.0015873015873015873,0.0022988505747126436
8229b256e,0.2359162091503268,0.23661351327771693,550.1065499988889,0.5718703921568628,0.5222583333333334,0.005375
ff0b61121,0.5066467973856209,0.20647041847697234,1355.0211945900685,0.16259038489469863,0.018385185185185185,0.08115555555555555
118c1147c,0.5605360990075042,0.1127360545945965,540.410360184947,0.21485212418300653,0.00011574074074074075,0.0017901234567901235
047514286,0.4870527633506758,0.2758715916049335,4965.546317892398,0.20152543837743023,0.08398160484806808,0.07386713657397459
49d4a0adf,0.48296886570720243,0.24406803558632598,1759.2420449279703,0.37331482018094597,0.09236453201970443,0.04436234263820471
e99eda1f6,0.5209593969414509,0.17371091628697485,33.603821970711095,0.22512309631950708,0.01435969868173258,0.06575195049771321
249540f2d,0.4600631188930422,0.3342627464836812,1279.1106262597034,0.23057879205193782,0.2084866220735786,0.21051839464882943
74cd0ff66,0.4886386928104575,0.24641202402530074,1070.6355682655555,0.16646,0.018683333333333333,0.07778333333333333
0d7247d3e,0.4192870880991285,0.16264912159850106,109.04053613461258,0.17363111043028323,0.025455729166666666,0.001345486111111111
e133ab2f1,0.44465237729078555,0.2220281576525911,107.32036551109415,0.27155231046667033,0.049760737628384684,0.006979458450046686
01f976ec9,0.41589553950235064,0.26576816468180753,3947.5944622869692,0.21544909386756653,0.1654831523252576,0.031084656084656083
2a5e70892,0.5482342483660131,0.1618250999130523,405.9212298488889,0.15346581699346407,0.0042,0.0
23bf0ed46,0.42207325861056033,0.19949869875231052,60.07612307769695,0.26571078431372547,0.06787804307116105,0.0
321d04634,0.40735986348562414,0.22831571703106965,5585.060414661307,0.35700060100668624,0.1087712096332786,0.020210727969348658
40501d365,0.41630078431372547,0.2100656413564166,7624.081419953055,0.2706074183006536,0.08886666666666666,0.034958333333333334
15f89f939,0.45713076434277417,0.13449980313647783,547.334602539029,0.30772020243282494,0.008327546296296296,0.0
2c4089e4f,0.38426275246940883,0.33291908138624987,1113.688771804158,0.1835984077841663,0.3500563909774436,0.178703007518797
0f78e05ef,0.6095495174632353,0.38284472610285103,2128.35325925436,0.14442666207107843,0.23531494140625,0.37234375
67be298a7,0.6159266230415611,0.20292103518963064,50.923699162679426,0.1887191575194671,0.0011961722488038277,0.10938621411483254
4d98e5623,0.5854513208061002,0.26674903375633285,657.3989780948592,0.22074051379811185,0.049866898148148146,0.10094907407407408
6c324e80a,0.4800640522875817,0.17947384831993196,331.0326985233333,0.5101406209150326,0.0009,0.0005583333333333333
b69d479cf,0.5306837899543378,0.1483273918034933,62.83407989301976,0.23449862342197153,0.0035873287671232875,0.0
5ee5f72b8,0.5284853487863547,0.2291289903175,288.95400776791024,0.2603465996063853,0.012118959107806691,0.06576208178438661
3f42bd15e,0.5397947497420021,0.1083017721181028,456.82939435802245,0.08887694788441691,0.0038947368421052633,0.0006546052631578947
beb0f98f7,0.5155616993464052,0.2481079087770629,1332.6122999722222,0.23519924836601308,0.09230833333333334,0.06870833333333333
cbd703fb6,0.42734279918864093,0.22652412376381947,1004.6362586621825,0.2888623802011226,0.06826765188834154,0.018445539135194308
5550a68dc,0.55294723583878,0.25931964199077345,440.07261809359994,0.14707185003631082,0.09414351851851852,0.006927083333333334
91bab29e9,0.3235774315553728,0.18731833254613722,1216.0257939466762,0.3775850987248046,0.13172348484848484,0.014881993006993006
755abaa79,0.4391988471314452,0.27371643750875196,457.69198805455756,0.3036187590777052,0.09765046296296297,0.0940625
28a0ae4fe,0.48570672204066817,0.24727854832436136,5130.899109605276,0.3571922884894699,0.06311921296296297,0.024189814814814813
9ab7e48e8,0.444349183006536,0.18783400109790285,47.13951405305556,0.13648009803921568,0.022166666666666668,0.00019166666666666667
c6f39e0e4,0.43724127450980393,0.18323789573191465,1578.0947855410418,0.23048836601307188,0.060941666666666665,0.0
973278f56,0.5097123311546841,0.17059612678344718,1984.5108986458024,0.17419263616557734,0.014666666666666666,0.008266666666666667
50d2b5839,0.3172730392156863,0.35214944702898515,350.8734104166667,0.29780839869281045,0.46915,0.141
c12ae3214,0.4006179874727669,0.25358488812246244,1371.5746138317888,0.47342302106027595,0.09317708333333333,0.09678819444444445
cb0c04621,0.5206183356285659,0.28602185558006804,227.90631222665297,0.13703960915469868,0.030510033444816054,0.15539297658862877
47163bb58,0.4462450310202206,0.2806753765805841,1372.9059325171472,0.33552248008578434,0.12443359375,0.09980224609375
53fba6573,0.578605755265069,0.22528857621092543,4500.281813631152,0.1373348084604212,0.022818287037037036,0.017141203703703704
a993cd91a,0.43696944444444447,0.15708449855205545,114.40698236000001,0.22228411764705883,0.05895,0.010766666666666667
c1db71d88,0.41624816176470586,0.26691814704145644,1816.2061270215236,0.2101560049019608,0.12978125,0.0516625
d51b2e785,0.371782908496732,0.23049957312796426,213.60243679888887,0.3469250653594771,0.13614166666666666,0.014866666666666667
87613aee1,0.4404772690998728,0.21609438640772127,1511.13106792392,0.3277804557841445,0.10141511588602334,0.01129169293172911
9862e5dfe,0.5268855662666404,0.21150689445287846,3947.57647993304,0.3918849760640042,0.001596989966555184,0.09456521739130434
ed9936705,0.42512798713235295,0.252647417990128,503.70932771466573,0.29506978911356213,0.08025716145833334,0.042138671875
8dfb61116,0.6235657906681191,0.25639183922089503,1505.4513414339795,0.10437720134350036,0.02409722222222222,0.08407407407407408
d92c326f8,0.5536197278390522,0.20479327103960998,98.14108666736814,0.21445203993055556,0.006946614583333333,9.765625e-06
4a108fa61,0.4494340522875817,0.15080439182468647,359.93430829659724,0.12865209150326798,0.0010333333333333334,5.833333333333333e-05
b98316a91,0.2948161356209151,0.09494865078811124,145.299241367079,0.08090751633986928,0.0341875,0.0
5ab429fcb,0.558418232570806,0.3130361623242643,892.0795111111112,0.3444647558097313,0.09472222222222222,0.2928298611111111
ff2cf88a0,0.48231738562091503,0.17045924885923341,354.839821484375,0.35084660130718953,0.030775,0.0
fce854722,0.7419029411764706,0.17959306382827672,599.0054499288889,0.17390807189542484,0.0016416666666666667,0.34131666666666666
88e2d97b2,0.517381339869281,0.2399032559660628,574.9471622065972,0.3227925816993464,0.03824166666666667,0.027075
8a5d7e622,0.5254222494553378,0.2626923987292381,591.3599652129415,0.18749598311546842,0.04266203703703704,0.10367476851851852
87bdcbcdd,0.4449465550108932,0.2992186448652719,1665.1674220416453,0.1337685185185185,0.1448611111111111,0.1358449074074074
87a16f3fb,0.47179672977753795,0.25144116300837455,2501.0465057090446,0.427916141991965,0.051299694189602445,0.10356938073394495
4133efff0,0.48922780501089325,0.27517575994508026,785.2339265809529,0.30070315904139433,0.0671875,0.1517997685185185
a0909c2bb,0.3480388117793934,0.22043836038425704,213.85014004650083,0.33395685540133657,0.14298689138576778,0.005655430711610487
ef2ee6e9b,0.5727001378676471,0.30462192275389655,245.25954609103735,0.09603956035539216,0.06528971354166667,0.24357747395833335
60d72fc85,0.48666006263616557,0.16570335091759897,795.2021926323031,0.1685619212962963,0.026167534722222222,0.003572048611111111
f56c9eb67,0.46679681826434277,0.21507254041302457,2590.3868377925332,0.25649037763253446,0.06799189814814814,0.042980324074074074
cca4ba626,0.5621426355698529,0.268598205821776,285.850332026577,0.12797153607536763,0.046142578125,0.18578857421875
91d307ce9,0.598961862745098,0.2107809507197673,136.0035274382639,0.12396277777777777,0.0603,0.034208333333333334
5ee1c77a0,0.661208809912854,0.2717809207030427,673.6324564160758,0.20630625907770517,0.013940972222222223,0.3475462962962963
f995bc16c,0.515922047766475,0.1685934549962157,190.49361751998063,0.0921999852572608,0.018270676691729323,0.020770676691729325
afe19c37c,0.4735357189542484,0.17378076813848964,1412.5969139441665,0.34080081699346404,0.0036333333333333335,0.012
ea7fc7f4f,0.45767254901960785,0.2554626610822568,174.48293874993058,0.23209875816993464,0.15300833333333333,0.008791666666666666
937d74077,0.5769138235294118,0.16293904894748665,2729.7580696243754,0.4125216666666667,0.0007416666666666666,0.0362
3a88e6c8f,0.504034705882353,0.21664310525228186,1070.2787610833334,0.3167421568627451,0.08268333333333333,0.008858333333333333
3edf44325,0.43429200708061005,0.23895695177374068,740.2925115707251,0.31846446078431373,0.015474537037037037,0.05708333333333333
087fbda7e,0.5784463507625273,0.19841000369125938,14561.10305639384,0.40472419662309367,0.021631944444444443,0.028761574074074075
4b261a0ee,0.5148222612215617,0.2268380871673148,183.29610456878135,0.23031188084990095,0.04389699477351917,5.716463414634147e-05
d45562a98,0.276432912346225,0.18326935276737127,125.62057848603686,0.376165206043431,0.24722918407128933,6.683375104427736e-05
658e4415a,0.45990681735657224,0.20837474449271437,2336.354525997963,0.18438966049382716,0.052569444444444446,0.009033564814814815
3d9346cfb,0.4903265975650961,0.2508344153596612,1437.8506798701144,0.23504142902297107,0.10994203128722306,0.0023574604939251963
be4c2e0d5,0.5356997044449087,0.15072734159018777,338.94555839822715,0.380084077276821,0.022479284600869637,0.026675105188518924
a6b908d22,0.4615034134072477,0.23175212421588226,238.02741640699955,0.2870395236628683,0.06054319371727749,0.0855628272251309
d87ff9c80,0.4750385802469136,0.19830531482687191,287.42034799352575,0.22925043119099492,0.10955439814814814,0.0001388888888888889
373880ef5,0.4745176107480029,0.22687509093446953,1404.1757214896738,0.18273940934398453,0.02798611111111111,0.05528549382716049
1d48855c5,0.5115011750018359,0.2654480224267315,4866.557414833897,0.15644473819490345,0.057294007490636706,0.06738764044943821
5b346ef59,0.4606185294117647,0.1837759584769618,581.9633495330556,0.20972764705882355,0.051125,0.0005916666666666667
3948f67d7,0.43306100217864923,0.2955616780750461,9887.449042248365,0.2401164556100218,0.23970920138888888,0.032348090277777776
1f6dc1747,0.4967714710102287,0.19798980166407737,1242.0050060102167,0.2509538668565196,0.021641645544940535,0.03479460683594043
63cd0b2b3,0.4137689950980392,0.20920795577519682,8906.096414817057,0.19709152028867102,0.043059895833333334,0.014053819444444445
1b1a68a60,0.6742941176470588,0.19641922704131037,58.88695746555555,0.11928143790849674,0.004933333333333333,0.154875
6d5afdb0f,0.4225476154003268,0.2148755954458224,562.8499837025007,0.3055185355392157,0.068134765625,0.015397135416666667
4128e8e80,0.4899069716775599,0.20161009121148715,602.8041717006173,0.1771922440087146,0.004066666666666666,0.018344444444444444
10e27da02,0.41107755991285405,0.28003539829383595,573.6737034566668,0.13914287581699347,0.25183333333333335,0.002822222222222222
789083f3a,0.5162232352941176,0.18481705582054425,492.0664449822222,0.10969774509803921,0.050758333333333336,0.014616666666666667
0b3763054,0.43928893246187367,0.1757916037758257,619.4117219258025,0.3598645751633987,0.06578888888888888,0.0
8dbbd91bb,0.3742420339783423,0.2519359501283825,1186.7239545987945,0.18868379535722335,0.09329501915708813,0.05024630541871921
9031a7f4c,0.5453502093545752,0.2192687944361208,84.4248392867936,0.19031721047794117,0.004449869791666667,2.2786458333333334e-05
a854aca45,0.5859666339869282,0.2740141525227754,1343.6572199049306,0.12992192810457515,0.012358333333333334,0.21388333333333334
182aec7a4,0.42913386407194454,0.1833952343779981,622.7897675377353,0.24111429308565532,0.07650375939849624,2.819548872180451e-05
bd16029b7,0.5240792810457516,0.31639595962940964,318.25194803993054,0.10081202614379085,0.19556666666666667,0.03589166666666667
ad4456e88,0.4152361926767434,0.25630489267795625,181.488402980863,0.18399793612207568,0.16315722176759412,0.0005907324058919804
7e43ebd6c,0.5733813982521848,0.14883015140032255,69.0895880023566,0.1727785488727326,0.010402621722846441,0.0
c52908c2d,0.5856701633986928,0.29652010213381247,742.0200697482638,0.23608676470588236,0.08505833333333333,0.24824166666666667
3ee05e0d5,0.4833151633986928,0.20777340901636085,798.5600747882638,0.15012101307189543,0.025508333333333334,0.041666666666666664
6bacb98ab,0.431407486631016,0.2005993406738117,856.9705835700183,0.3938628045157457,0.03171969696969697,0.00906060606060606
dcf366e02,0.44186300653594773,0.20571346456030887,198.19773982159722,0.3022241830065359,0.054625,0.030108333333333334
d1b183683,0.4676389215686274,0.23709132614867734,154.49823597993057,0.1550067320261438,0.025516666666666667,0.0005083333333333333
aba758b7f,0.41771403778473915,0.19591360851856587,120.016067312578,0.3162303123912287,0.08306521203155819,0.0007149901380670611
234b2a6b6,0.43234488471314453,0.2637761574453959,3698.060475513566,0.17688099128540305,0.0829224537037037,0.10822337962962963
f095385ff,0.42616176470588235,0.27196212891848026,224.55280882666668,0.3379655555555556,0.018583333333333334,0.11165
24361123a,0.6457927332970225,0.22388362651809499,589.8550632595152,0.16678905682643427,0.03723958333333333,0.14350694444444445
609e37f6a,0.369587502094855,0.25385140142276047,757.8544890619222,0.3387803753980224,0.25502938034188033,0.026597222222222223
233aeb07c,0.5044229075889616,0.2852338318612234,6946.70558992935,0.13582409676833698,0.09958333333333333,0.13107060185185185
ec7952240,0.3838481526870007,0.28574131540198816,1300.945934749952,0.1651963734567901,0.3084548611111111,0.010277777777777778
809ca8efd,0.39133859840232393,0.16536440322588253,221.88353264650968,0.2990996732026144,0.025632716049382716,0.0
1c6e35149,0.4726631178513072,0.25758640145501877,1531.3304322059525,0.2385943882761438,0.082470703125,0.045947265625
f4a508263,0.47555221330956626,0.27207958741250626,486.01595482190606,0.298938651218063,0.1315168732782369,0.010382231404958678
06adfc154,0.534592843137255,0.26678799061372205,308.31996757493056,0.2392998366013072,0.07565833333333333,0.1373
640a267a9,0.4144898329702251,0.2163458442041016,2351.1859294609603,0.217058702493343,0.02476851851851852,0.05849537037037037
761523328,0.3233696732026144,0.16419731769753781,748.3013318395061,0.36074074074074075,0.1129,0.00037777777777777777
e6f4d14a0,0.37450855573710967,0.23567733445883982,724.6570093877261,0.24443321078431374,0.16655671296296296,0.02122685185185185
3b41cf42a,0.47023915032679736,0.182819647030207,2281.1919917308337,0.31610320261437913,0.0064333333333333334,0.015625
c5a7f7d69,0.412377994068533,0.24389681102532404,178.40056149321913,0.34402506233707353,0.15396796724470135,0.0012042389210019267
bff5e06f5,0.5136065155228757,0.237200994796008,4690.632282808957,0.170922035480859,0.04787326388888889,0.012344990079365079
e69dd7d09,0.5002262618010167,0.25026422037264584,881.2983550603084,0.24059808460421206,0.027291666666666665,0.02228587962962963
1b47183f1,0.5827107162309368,0.34443393753604545,74.13214558308918,0.16756074686819172,0.0700954861111111,0.3405078125
5649192e9,0.3719095557976277,0.1424104212807905,465.2510731380863,0.1219678044057129,0.031766975308641976,0.0
af2f3a166,0.5280394454656863,0.1654143497674606,179.31122297905816,0.06779060712826797,0.012379557291666666,0.03952799479166667
3dab3050c,0.391021280126634,0.22818742555988086,3994.326028489421,0.22294032118055557,0.13562174479166667,0.021435546875
880a0ac07,0.4361488562091503,0.28036669894479266,1210.0906279632638,0.27806689542483665,0.15378333333333333,0.045158333333333335
9faef6bb6,0.5566349891067538,0.2275903620067698,810.8482012365432,0.2969964705882353,0.03361111111111111,0.007055555555555555
2edce7d92,0.2662084967320261,0.14504292894269838,451.1722177027084,0.1937266339869281,0.07925833333333333,0.006925
19cb228a0,0.3598450662672476,0.2846519812643232,1407.5257287902077,0.379802151416122,0.28456597222222224,0.06652199074074074
e8be13bdf,0.46783176470588234,0.30881963433393833,260.3887566441667,0.3704418954248366,0.13876666666666668,0.13161666666666666
9c7476c25,0.45837535014005604,0.12496632813739668,214.4172129088677,0.14615174553427926,0.010838700234192037,0.0024699941451990634
b4aa0c3ce,0.5321796296296296,0.17772206653821696,2922.621361041474,0.13944114923747275,0.005340277777777778,0.02692361111111111
49a832741,0.4157930429710597,0.25742830151021623,600.9135795669662,0.21992403359061635,0.15573044009779952,0.01633557457212714
923a58e31,0.39751133986928106,0.2719196875969653,827.3951956597224,0.1875628431372549,0.140925,0.029533333333333335
f477f306f,0.673136806722689,0.15790141123718604,259.5338639333551,0.26086944537815127,0.022845714285714285,0.08719428571428571
851302ab1,0.5118342637981118,0.2647302837194497,4660.314971865221,0.35462393336964415,0.10300925925925926,0.07731481481481481
3c30c4a49,0.4053819038260571,0.19583226215760524,103.67007746826899,0.23429225604424542,0.017242992840765522,0.0006667914463525338
743b67b44,0.45634049479166666,0.21071848621866088,469.8165380859375,0.5105785941329657,0.0118310546875,0.07236572265625
3f4cf8745,0.4823368963326071,0.21984605761943116,1165.825022378921,0.29619955065359477,0.06215856481481481,0.0034375
9786bb3f7,0.4244424428104575,0.23706659233250413,432.1057490962457,0.2877169117647059,0.0501875,0.0595
732fa3cb9,0.6103230520672688,0.18537102989251583,1881.4043661364306,0.32380282000440624,0.002097378277153558,0.002303370786516854
bc0b9984a,0.47886037774689927,0.25874782967277365,2028.5287595306054,0.21965258264285592,0.008118985126859143,0.1316185476815398
2836c44dc,0.4359047748729121,0.257702212405841,662.1734181664737,0.1546703885257807,0.10734567901234568,0.05442901234567901
7c1f20f6e,0.6960327777777778,0.3135594343489424,4018.1579563027085,0.23662124183006536,0.08610833333333333,0.42195
0d460fe7a,0.45244078474301597,0.2552483173316464,1613.4807810979128,0.2702037519988838,0.12914614121510673,0.06033114395183361
0eab258a9,0.22807064590542098,0.095532604952331,141.19738517210263,0.25104978854286814,0.15169117647058825,0.0
49f6a8909,0.48829405062806375,0.253316584259249,883.7040115124641,0.29617497702205886,0.05126220703125,0.0728759765625
a2dccbe51,0.4534503594771242,0.2712251840557984,474.9651909860417,0.24447215686274512,0.167525,0.03953333333333333
6114449db,0.41776078889499724,0.2832466826875355,221.2720260923898,0.2781660023822613,0.15932145638629283,0.0038794781931464173
ad70b1120,0.3719866189719131,0.23951401404188838,158.72708506408648,0.3447564586645469,0.12381756756756757,0.0661402027027027
43bae1c6d,0.5118029835390947,0.23307958911184323,4918.016271919237,0.2926420963447107,0.02114969135802469,0.08941358024691358
3ef5f0537,0.4734218300653595,0.18608227496924562,506.8348035299305,0.14464823529411766,0.046941666666666666,0.00655
5376c81df,0.5232230718954248,0.17738149498420216,2231.2586568308334,0.16539235294117646,0.018241666666666666,0.020358333333333332
e58225b2e,0.539902037377451,0.2918444381465987,1621.316635892391,0.26081156173406866,0.085107421875,0.1567041015625
3ae51e685,0.4213136807234309,0.21554396733432335,326.63150248297444,0.560388855313815,0.024129566210045663,0.0430222602739726
b6c93a605,0.39634603695250764,0.2701628707208262,181.9570102109674,0.27516740787530874,0.24417715254135608,0.049702296144097664
f45457bdc,0.6301826267616422,0.3132958029156856,650.6455239149986,0.2927440257352941,0.10994140625,0.32737548828125
5b3559bf2,0.5046886801016703,0.17617328903727422,1268.4637297319746,0.1703991920842411,0.0035474537037037037,0.026903935185185184
bb051be7c,0.4427189088598403,0.2257666663974501,459.179341458762,0.16536217774146694,0.12273148148148148,0.0038773148148148148
568a5ab51,0.39346843137254905,0.1861423832003098,4570.428565056094,0.21063593137254902,0.07058125,0.00440625
b31045c50,0.38839477553473495,0.2515432915263804,970.9073899487903,0.2812281464309862,0.26659824849480024,0.002818828680897646
86dec16a3,0.6080298708112007,0.28064453073945755,399.7390551754874,0.2848566135484294,0.03350334448160535,0.21581103678929767
1cc20af0a,0.5000253999403815,0.26264597790365796,5982.111179616496,0.257711293554584,0.09044288429054054,0.04292915962837838
9999c355f,0.47721108799924644,0.13305493412988925,1800.9542621065268,0.4192327737195096,0.012937824702530585,3.3517680576504107e-05
89bc4559f,0.5078291473892927,0.2168827166336091,1848.810603090852,0.646919402217816,0.025121722846441947,0.012640449438202247
8afcd7b7e,0.3420462745098039,0.14627015561130516,136.87718026555555,0.4379081045751634,0.038783333333333336,0.007575
a9199119d,0.5448605154436357,0.24068218178670464,754.6044775111577,0.26249176995212803,0.08869565217391304,0.043938127090301
4ea31a03a,0.47316584967320263,0.12591810328120426,795.4170959340707,0.3443762103606875,0.000625,0.0003935185185185185
1ccd49ce2,0.4334713473121778,0.2246003893051433,1168.4686853241612,0.17379186237317726,0.0057132410073586545,0.051236345353992414
360dcecb1,0.5510196078431372,0.15770566335018954,254.6031446997222,0.2741813071895425,0.0030166666666666666,0.0
0c64a0f1b,0.5633752223769192,0.18214835639479174,324.0774416148222,0.23586594055768262,0.003611932938856016,0.0050357495069033534
95855babf,0.5457877128953772,0.14747920960544966,162.54145427795206,0.3629010026557257,0.01444647201946472,5.0689375506893755e-06
441594b56,0.3488957280177696,0.2428506220752068,735.6353608238162,0.36306376378676475,0.18503173828125,0.02216796875
9819716c8,0.4901402675653595,0.2304802116897658,300.80897621964345,0.3575300883374183,0.09266927083333333,0.051009114583333334
63e212498,0.5579470354260639,0.16152836044735572,102.54357326858776,0.10442533331799074,0.0026824139280125195,0.05318368544600939
bf7c0f270,0.3834523117889131,0.21606712230575578,1047.3513083333335,0.5387432824981845,0.12225308641975309,0.01919753086419753
20c3c2ba7,0.5749897151313355,0.3264662681310092,111.33942911178355,0.19485323714391417,0.16143396226415094,0.2603679245283019
5b945da83,0.46912947833454366,0.17115705729509847,1024.387776438186,0.08728622004357299,0.0032407407407407406,0.015532407407407408
3c7dd9982,0.5566578834273435,0.3141174986020698,256.29577133753986,0.3767194198227236,0.13543150684931507,0.1943904109589041
faec94482,0.770098924291939,0.22784436429273744,378.21333611111106,0.18045996732026143,0.003958333333333334,0.5302777777777777
9cbae8539,0.29731235294117647,0.12915740274864268,472.46681090666664,0.24678986928104574,0.030108333333333334,0.00015833333333333332
54314d17b,0.6445330392156863,0.2586869309492117,2138.8285325777083,0.4196977777777778,0.054825,0.24815833333333334
4b45ae85f,0.5710735512731693,0.2582588206314483,291.95870363961535,0.29080180140855155,0.03194545467903929,0.19018860161490592
8c1c5448c,0.42714940052454103,0.20436049368856013,462.25670275613356,0.3841132446609217,0.07701433121019108,0.009012738853503184
76aa06fb0,0.34446675290486567,0.16101769628361334,203.86053139347032,0.47006045751633985,0.09778356481481482,7.523148148148149e-05
2bbe22924,0.5365798157225853,0.31367934853575874,683.7038913708514,0.14958253903413218,0.09421875,0.21875
85c4e7a41,0.37978375816993465,0.19881678603239758,500.80352982159724,0.410508431372549,0.06255,0.003325
fd8c80281,0.3832563189338235,0.20131435593220465,453.4654405049642,0.3140511131535948,0.11349934895833333,0.0012044270833333334
ad9d334b5,0.42915806554103125,0.2439846400878831,2567.5368395085507,0.3688664215686274,0.057743055555555554,0.05474537037037037
134b82d89,0.4143852287581699,0.24862735296833874,136.10452437493055,0.09344513071895424,0.15988333333333332,0.0
06db81e31,0.24667220376522703,0.15394527394863183,449.65241916141935,0.21407856165722103,0.12908637873754153,0.006004983388704319
d3ffc5c1b,0.359948431372549,0.17119642242702798,766.5556847641667,0.24113068627450981,0.05753333333333333,0.004158333333333333
688b3183d,0.46264392701525053,0.25056314018305764,557.4030110601731,0.3969436274509804,0.07706597222222222,0.0722337962962963
412d7406c,0.44912538580246913,0.23603370667301063,1981.343511856862,0.2627561047567175,0.030787037037037036,0.06295138888888889
e67b88329,0.4363988562091503,0.17379058881880777,3909.0494308582633,0.1549757843137255,0.020683333333333335,0.00024166666666666667
0c4e78176,0.48127333333333333,0.19881967651357013,747.6582102415973,0.2812135620915033,0.03255,0.0137
9e6570928,0.49355098644396034,0.2621945873847343,650.5414532916452,0.14855207576857904,0.06888888888888889,0.08849537037037038
660dd8ded,0.4608593367034314,0.25679298267030315,655.8546557380618,0.26479653033088235,0.12361572265625,0.0324755859375
950dd345b,0.4950507940155229,0.20580408162799693,1544.4260429962053,0.13458123978758169,0.05842122395833333,0.061943359375
215345b52,0.4018791964729899,0.22128274029425415,591.0780826205998,0.19525239737189715,0.17025371828521435,0.0001399825021872266
ab94dbe57,0.49004637271575296,0.1486261353618248,766.2506798165413,0.40779170001333864,0.015051020408163265,0.001636904761904762
b72a62a33,0.4922366057751225,0.2614268633551653,543.0791501063763,0.23871978400735294,0.103857421875,0.02728515625
897e065bd,0.37693902575275123,0.27244209243892037,3617.7845143886316,0.19267691749064297,0.2628988603988604,0.03456552706552707
b2dbd92b1,0.40038969768509414,0.26430229382571957,604.4889984561136,0.45801534526854215,0.21720735785953177,0.019506688963210703
c05b74b05,0.5274819194549295,0.23805998536150277,377.9897185658731,0.10538469783367171,0.032192462463761846,0.09826489550430531
876dd37df,0.339319739469862,0.2111949649375374,937.2288206291461,0.6049436728395062,0.2000925925925926,0.0009606481481481482
fd139f4e4,0.4914763725490196,0.19355841366713053,3440.956291913264,0.14988892156862743,0.02265,0.06085
1d669183f,0.51364549291939,0.1870657185313504,531.1068599664297,0.30302832244008715,0.025572916666666667,0.06762152777777777
7fa3ab674,0.560671235778262,0.23035001165949454,268.62410974645394,0.3221313241345921,0.002337962962962963,0.007337962962962963
e4ece4eca,0.5988734298406863,0.23110822231510464,459.83945606942706,0.2051689133986928,0.055751953125,0.004111328125
5b1e90385,0.38004614379084967,0.3754211680412954,3585.0468531330557,0.2767233006535948,0.39384166666666665,0.18350833333333333
f60779a3b,0.418418779956427,0.2578728830218961,1503.764655527778,0.2545511982570806,0.1255,0.0729888888888889
5943080b2,0.5921695261437908,0.2391473526826769,495.84314113936983,0.20173754084967319,0.04478587962962963,0.10338541666666666
3c2e29219,0.5731022056718651,0.29910457920032907,152.3629029343862,0.36993040671059246,0.03464605569868728,0.26094957673905045
ef14eb18e,0.5777905026317312,0.3090389394178347,2024.124859338154,0.10921441378911446,0.11244837758112095,0.19722713864306785
7efb36b65,0.5047384640522875,0.25336279066393,251.9811971665972,0.30481908496732024,0.10311666666666666,0.07084166666666666
cf8539482,0.2627381045751634,0.26519954442260846,119.26641663826389,0.7342008496732026,0.457425,0.041216666666666665
2ac979cf7,0.4015565002042484,0.24214080567213558,6433.33885688823,0.46243218954248366,0.07016927083333334,0.054423828125
7374edef0,0.4799737413194444,0.22338785494279462,4388.3732911834295,0.26910188163807186,0.024290364583333335,0.03390299479166667
3aa4a07dc,0.48499754901960784,0.1491426784554335,697.1174292410416,0.31512140522875814,0.0088,1.6666666666666667e-05
2ce86e3a2,0.4013243081086601,0.21037606619372026,1304.8398603675735,0.19258172487745098,0.09251627604166666,0.021907552083333334
df0933e46,0.3769523193892942,0.13154204026009492,1646.6925141829465,0.2353692246129221,0.05894819466248038,0.004081632653061225
3af847ce9,0.5721849179923542,0.22795779600749966,1265.0761363090924,0.20332793809347638,0.04506027253668763,0.03923611111111111
09e39377f,0.1756573609936788,0.22977282700843762,169.35978236830817,0.39679013417481984,0.627146432238193,0.0006898100616016427
2e3c8edaf,0.590864213850334,0.22992733501274754,681.8015823295844,0.11876371447455386,0.022144194756554308,0.13835205992509364
2d63b7c4f,0.49653037037037034,0.22748543225092321,682.2828646309878,0.20254226579520698,0.1534,0.0006333333333333333
48dd04601,0.42373755438774935,0.28771256241032667,2171.393433727493,0.45445646154715486,0.1882420749279539,0.08954610951008646
2da9b0c2c,0.6312414442628903,0.2046680615796302,180.97470337563766,0.2312389705882353,0.011828703703703704,0.030989583333333334
44d1246e0,0.7748409415849673,0.21740275769961212,769.0127864576552,0.07944939746732027,0.0107421875,0.4143294270833333
a1019e087,0.3982593924693346,0.13435067965832911,3508.360765474869,0.28235305244242687,0.02144985104270109,9.45760627985057e-05
598f49a8f,0.41975056999544,0.1587381930866313,113.10470366630236,0.31695991032071746,0.010750968992248063,0.015828488372093025
6bc347d2d,0.2727217229484386,0.10477244160100405,102.67269009609562,0.12368883896151053,0.08611689814814814,0.0
705a6dffe,0.3378895848462842,0.22516987929559182,1295.0017067863132,0.3829791212781409,0.17522376543209878,0.048464506172839504
c947d8169,0.3657973267792805,0.18365980144598507,551.3476886814044,0.4128999646950193,0.12788550323176362,3.462603878116344e-05
492e0cc50,0.4072577487291213,0.24571981619197086,1437.31045830321,0.16554184458968774,0.14554074074074075,0.04371851851851852
e10252ca3,0.38966363862000497,0.25739725504202154,443.25898201810617,0.37229694713328365,0.09656962025316455,0.07482278481012658
1d2a7f0dd,0.31561856209150324,0.20420633279075256,151.01819523305556,0.35614075163398695,0.06853333333333333,0.0019333333333333333
d8519e771,0.5461149346405229,0.2147458953680323,502.44629145659724,0.21586725490196076,0.04108333333333333,0.07949166666666667
4518f180e,0.5350452977487291,0.24094613086541514,370.84832928574156,0.2736388283708545,0.08231481481481481,0.04840277777777778
3185aa328,0.4449164283769063,0.17667210562401522,586.1915401460436,0.49987581699346406,0.017256944444444443,0.003676215277777778
9ba7b7b9c,0.5615234769493082,0.3312784893337272,405.873371965638,0.22241169912781167,0.10726588628762541,0.25354515050167226
692bde33a,0.25145764846374924,0.22992354256799374,168.44783096107773,0.20509996908656244,0.42829705505761845,0.004122531331238117
cd469a42f,0.45726656964869283,0.2220463174150766,291.48684465938146,0.20972569444444444,0.06791341145833334,0.039153645833333334
537b5f09b,0.5738878758169935,0.23690749096948438,341.98428315972217,0.13616849673202613,0.009125,0.18659166666666666
9d64175e7,0.5072077450980392,0.24863083329690577,745.5084867974999,0.1842878431372549,0.066025,0.05648333333333334
1adb292f6,0.4381144301470588,0.24841035985085574,3382.4376555440263,0.6057444214665033,0.06870442708333334,0.043372395833333334
1c4afcc03,0.7653147803425168,0.19213331159427133,374.93553229093646,0.09111870191114421,0.003449367088607595,0.3890506329113924
054f35a8c,0.49711669934640523,0.2029694282261173,3021.977373723333,0.10885836601307189,0.0442,0.010775
d7282183b,0.593653262071112,0.1383422797911058,1068.5635105322792,0.0501068396707342,0.006527093596059113,0.0018883415435139573
895d8c870,0.6181903084150326,0.15320414810349842,1063.9033449257747,0.1056032475490196,0.0007682291666666666,0.04125
e66ee4be8,0.6166886403867102,0.2568372416650073,125.98951345891129,0.08590922862200435,0.1112109375,0.0002734375
81efac010,0.4645297661233168,0.2704526307205521,183.53214193924134,0.16105130817387198,0.18760918674698795,0.009743975903614458
4f7a70728,0.35519437636165574,0.25230832479348153,1082.0733079849053,0.2398303603848947,0.15105902777777777,0.06587962962962964
a21f20530,0.4497612185813923,0.22335631847808077,1685.8891029795252,0.27423749835504674,0.11331375838926175,0.007290268456375839
a091487fb,0.4983659364787582,0.20994895168850602,1557.5302623392317,0.08144935917075163,0.06256184895833333,0.021097005208333332
dcecf2ba5,0.575638866194626,0.23482368893589753,3153.8903583910696,0.21924428104575164,0.06331597222222222,0.07051504629629629
4bef58278,0.688788164290786,0.2888437295261768,503.93464362228076,0.13045514956214613,0.022556870937790158,0.34106313834726093
caa616482,0.4903915214233842,0.36029082480814917,488.0583536260074,0.2857472161704188,0.25656635802469135,0.27662037037037035
31e9530cf,0.5239223686002178,0.24773597884467222,280.0481878096781,0.21820891203703702,0.06144965277777778,0.0002907986111111111
cbf3467d9,0.3907753267973856,0.22986859600691964,424.5086392788889,0.38736297385620916,0.18190833333333334,0.0036
358270782,0.36821009803921567,0.23663114728404924,671.6045671997223,0.3855996732026144,0.10620833333333334,0.054575
0c6c71a55,0.5968108149509803,0.22818922011320544,1413.85762683915,0.23116636029411766,0.01825520833333333,0.058961588541666665
4079020a6,0.3782590849673203,0.27209916395264044,381.59718133320985,0.18195041394335512,0.1662,0.0927111111111111
0a38a1059,0.6070682011935209,0.33904904894069066,630.7891410319795,0.13004872450652502,0.13357023411371238,0.3008695652173913
807e3b981,0.5072511437908497,0.2863338557409105,545.2011531232639,0.29317297385620916,0.018508333333333335,0.13930833333333334
fc93d7cc9,0.42706100490196075,0.2723542206153148,3364.286884899844,0.2701733088235294,0.1573125,0.07393125
1cc66d907,0.5087474054074754,0.2426176970529793,847.2714774741173,0.3198867283241421,0.0414501953125,0.05871826171875
518384a79,0.5135300769577142,0.2414650840989012,293.19283062003103,0.5780856896516435,0.06192262526096033,0.020413622129436326
8b0fa13e1,0.367034148490857,0.26778737643391165,266.7655194902966,0.3377249761327752,0.21389513108614233,0.07041198501872659
373b98352,0.5308523738198984,0.19823072236097672,36.78336226768127,0.1616416575889615,0.05389467592592593,0.004542824074074074
5eb152e2a,0.39846605392156864,0.20552849948123836,899.2314844130859,0.28997565359477123,0.046989583333333335,0.04840625
3e2347b40,0.7778945615982242,0.2936851376009348,6399.3739105403165,0.09410640029596744,0.031405660377358494,0.6015
afe9d7dca,0.5423002224037764,0.19334934928896674,2248.4504624128926,0.4548777460058097,0.030364583333333334,0.030162037037037036
ec83e77f0,0.5117317647058823,0.1359608774103227,103.48625634993054,0.12823669934640522,0.00025,0.0019666666666666665
3947180ba,0.45574061734068627,0.16187150168651238,895.0301190853119,0.28302759906045755,0.021227213541666668,0.019596354166666666
f83c963d2,0.5906288725103911,0.21810472091411454,3056.172792716974,0.07359326472905947,0.004491725768321513,0.04589736012608353
15b5da7f8,0.3835684359681373,0.24103606577674141,396.76158458247716,0.10836694495506537,0.151494140625,0.000634765625
b5ce44276,0.4902875816993464,0.19525948032309207,2366.375122085048,0.2619262164124909,0.034414814814814815,0.03819259259259259
992170cac,0.35836689814814815,0.2545542432224117,447.32894704740545,0.30639320079883803,0.20061921296296295,0.039108796296296294
95e61ce61,0.4096308150711265,0.21894216111974604,338.7197143066594,0.3496569588619761,0.10207107843137254,0.028143382352941178
f40b68c08,0.41363119553376904,0.18289098974799411,521.4165264912338,0.11419392247639797,0.032164351851851854,0.014537037037037038
9907dde11,0.3481372179060303,0.14740907767847478,186.14799043066927,0.2640900110987791,0.06515094339622642,1.8867924528301888e-05
33ed78569,0.45341480392156863,0.25910800755797664,132.19016787993058,0.3257628758169935,0.019008333333333332,0.112
8d650d311,0.7534948529411765,0.27663748970232127,770.9249895775,0.13044725490196077,0.01218125,0.48215625
58e2cf3d9,0.6331752713317743,0.2922044632133087,1647.5072608926832,0.19744831204653115,0.08662079510703363,0.23015290519877676
d6d6d4aca,0.4210637037037037,0.23432929492420096,522.2162063998766,0.17664261437908496,0.1197,0.021955555555555555
288445cbd,0.541349945533769,0.20869734652991614,2668.217250300009,0.20376201282982329,0.013811728395061729,0.016882716049382716
1b0d28fab,0.48197150620547846,0.1773506649009425,1071.165994751557,0.09892637879121685,0.011385767790262171,0.0018820224719101125
7fb135352,0.6265429901960784,0.21820697728260463,878.3209392952734,0.14199387254901963,0.00944375,0.1352125
43c8e589d,0.4246845098039216,0.26467200190722745,260.70389449826394,0.23397797385620914,0.14550833333333332,0.022733333333333335
d7cc44152,0.2775190258751903,0.1668765827023473,385.8028695578748,0.37392965462440686,0.1905037100456621,0.005643550228310502
a90da3a12,0.41548378140318626,0.2121385675495189,696.8748961086213,0.15603186274509803,0.05006591796875,0.02762939453125
67967b0b0,0.5678291685095092,0.21017216895909716,652.4809797825449,0.07364318885448917,0.00481203007518797,0.005112781954887218
d22eb6266,0.27827925290486566,0.15332611075388441,1160.8360566044225,0.3389477124183007,0.1535300925925926,0.0012905092592592593
9e399c659,0.32209003267973857,0.2287239047119271,2604.12486719,0.3581474836601307,0.16300833333333334,0.02355
9a5da8156,0.4802037339627209,0.23339384474343972,872.3230285964768,0.14584924957637374,0.013865740740740741,0.04209104938271605
365f29337,0.3194804536801801,0.224476723103965,205.48628516384903,0.19371159316439754,0.2736298109615123,4.8571040003108546e-05
b9086e44f,0.08095819459859416,0.12222907959380386,1431.0672701147696,0.31907363731656185,0.8430490041928721,0.0026270964360587
1b5fd0e44,0.4641851307189543,0.21509179928055955,297.7332638888889,0.06736937908496733,0.116675,0.0
be340bbe7,0.6721137766093401,0.24047151663933924,839.5750888222519,0.16857003322744368,0.015700651769087522,0.21334962756052142
370d17232,0.5232749310661764,0.15919096709094652,78.584343573157,0.5797362515318628,0.013733723958333333,0.0
a88845c74,0.4025512976608793,0.27118994991604733,516.0240508297605,0.3230381770949604,0.2281782834436675,0.03260354983663301
387147d00,0.4722208823529412,0.28531262159953436,1266.507027286389,0.23515035947712418,0.14668333333333333,0.09848333333333334
c320a6005,0.4699410955419904,0.19134101778809798,6664.24482158439,0.14832407471636452,0.026181702044025156,0.026849941037735848
6f0d943dc,0.48523282144716295,0.2953977361709293,4554.822861202424,0.13679320666319628,0.15841814159292036,0.03800884955752212
f48338adb,0.32994084339388774,0.13942540103585924,604.8890764410329,0.3509987605178524,0.06183235867446394,0.00010025062656641604
742462799,0.5131231844589688,0.2673324933838643,3159.600682822111,0.19594346859114015,0.051834490740740743,0.1553587962962963
c1917c88e,0.49535747047356954,0.22914660821620406,122.57760273160973,0.2804109907120743,0.026425438596491227,0.05290204678362573
63057be1d,0.6080189043209877,0.24768899561179342,2462.726349432013,0.16914528867102396,0.034519675925925926,0.062181712962962966
91f52526f,0.5758444081336238,0.24188376890656113,4557.510873456255,0.12156623698862261,0.003148148148148148,0.11113425925925927
a6da4c5df,0.44556270424836597,0.26347417295623743,642.9308611918132,0.20768030024509807,0.076875,0.03734375
ecad4a875,0.5613717647058823,0.22756530065833647,367.2284815555555,0.11756179738562092,0.02725,0.01535
71eda06c6,0.47237059163943357,0.19946396656599377,698.0361372784461,0.2198565665849673,0.044275173611111114,0.021788194444444443
d54d84b63,0.5188251633986929,0.22713373270245596,484.35597407955146,0.3739167574437183,0.015925925925925927,0.06087962962962963
8e92ebde6,0.5186181617003757,0.30440614029218016,417.7114641673728,0.4450126087180279,0.1578937007874016,0.157250656167979
ff85f13d7,0.6407931021587039,0.34190742861462536,809.4193679729323,0.26344349799779065,0.11136296948356808,0.39827244718309857
4cef5b961,0.4935197130546737,0.1651261056278509,340.0537667963305,0.08258039641490414,0.013877423529149283,0.004001100674535002
efb36dced,0.528113198983297,0.27610123781515183,176.01026225988556,0.3890112563543936,0.1346064814814815,0.0030246913580246914
03926867a,0.38191491164366986,0.24770353326350544,3105.3940456175105,0.28169114621157104,0.08888888888888889,0.04420524691358025
62ad62e0a,0.5311366517310049,0.285756956570829,1822.01036992929,0.1402672238817402,0.07131103515625,0.16029052734375
ef0822572,0.49883931660899655,0.24094299841260594,1895.820113733966,0.395162809976932,0.030542279411764704,0.09705882352941177
1cd970978,0.6656298620188816,0.2833504343471277,747.2439907685048,0.17125315904139432,0.018992592592592592,0.3168148148148148
4ac47ceae,0.5469412091503268,0.28146852364682,118.57006731972223,0.16455843137254902,0.10655,0.12779166666666666
926c92b39,0.28915946250704755,0.2665915164235793,3879.3022102526884,0.23281069243458832,0.32951943556975505,0.058453141640042595
ab5964338,0.402425698983297,0.26423651050415053,728.6187177447703,0.27119042755991285,0.21075231481481482,0.06288194444444445
b72bbd6db,0.4103375816993464,0.2527210050933132,47.508244633055554,0.3833314379084967,0.07580833333333334,0.003191666666666667
d6243bdf8,0.34954607843137253,0.22415046541560776,380.1105353749306,0.3315764705882353,0.06928333333333334,0.016475
e74dd0579,0.49395948223039216,0.14874101069454168,7359.736698095533,0.476415198631536,0.015992838541666665,0.00798828125
28c34e5dc,0.5320198499152748,0.2556712673139028,1080.59628814866,0.25709809973372066,0.0677854938271605,0.11684413580246913
2cdaa8a5d,0.5318721632171387,0.16279805380103543,699.8672163022643,0.25572052015250546,5.208333333333334e-05,0.017829861111111112
defebd6b4,0.5645831372549021,0.31623992704396614,186.01208976,0.19677176470588234,0.08214166666666667,0.27310833333333334
f99149151,0.28600303921568626,0.22056242810487756,140.92462160826386,0.46014169934640525,0.3703,0.0001
a345b4406,0.38692368933388954,0.24240161888720718,2983.2973495732226,0.19988157071339174,0.13030585106382978,0.022296099290780143
91d238a62,0.4619619607843137,0.20234390287016937,900.8975766754321,0.28561289760348585,0.0038444444444444446,0.03848888888888889
b985b4ff9,0.5732174337327524,0.22182367641101822,2664.196084327846,0.3630146604938272,0.014774305555555556,0.07233217592592593
0b74e375f,0.4604575783900058,0.23814637675865902,349.280193609353,0.4372806527674361,0.035501054852320676,0.04571729957805907
122683077,0.43322885620915036,0.2936676367421874,314.74959738826385,0.198284477124183,0.059375,0.16690833333333333
d246be504,0.48474081699346405,0.22637865000737326,1314.442997174375,0.26128055555555557,0.04133333333333333,0.03665
f500d6361,0.4947828612926652,0.17919922542834782,888.7467549189815,0.24892813483418058,0.011280864197530865,0.023541666666666666
c05adb8fe,0.6036222312999274,0.19994317020714117,513.4667355275849,0.20234767610748003,0.014346064814814815,0.060034722222222225
a2124f529,0.49519699346405227,0.17294776623783628,292.3336333322222,0.2192909477124183,0.015975,0.0047
052c95a93,0.45635895424836603,0.21108314133840705,332.03846520444444,0.28211577342047933,0.029977777777777777,0.017622222222222223
343c1f526,0.37817473898650367,0.1886494500818912,369.0099518036768,0.25158910109498345,0.0924025974025974,0.0
35bb8ee8f,0.7004844915586964,0.2234641858532474,650.1819218280774,0.10230125407053281,0.004334511189634864,0.2799293286219081
e454518b8,0.5566909949164851,0.30308415192156596,745.1940254436728,0.26331324891067537,0.09436342592592592,0.10897569444444444
83703d7e0,0.38221628489157294,0.20162753567761071,846.210324399695,0.27410522760514355,0.14346462880077654,6.933263487123389e-05
29193bf76,0.5704862785278045,0.25835186179236247,182.95577396315304,0.20483453012352482,0.020857728337236533,0.1735106850117096
197c5ed9d,0.4165752614379085,0.19344680886321364,1615.9933981322222,0.20925120915032677,0.055341666666666664,0.03464166666666667
87b60f563,0.5755712399375306,0.23256127665082718,3994.1573461628213,0.25573372981936937,0.039834308580161265,0.06576380929400173
4cbc3433e,0.4024887581699346,0.23884099397308348,1139.3952270833333,0.20785660130718955,0.0796111111111111,0.004355555555555555
644d07ccb,0.3319456209150327,0.23534563689947813,752.2863067441667,0.30003705882352943,0.20989166666666667,0.017008333333333334
27ce98a2e,0.5831324607389252,0.19531616532391563,3475.0165435037493,0.3446244950526507,0.0007595486111111111,0.06232638888888889
175af62c1,0.5622954575163399,0.14161102709806814,31.304462586388894,0.37361522875816994,0.03710833333333333,0.0
97a80f8b3,0.4602607022658387,0.16382476558285713,248.29940826030167,0.48620102711139823,0.01708722882817464,0.006796314786239448
26662f4f9,0.3762228741015216,0.2633473893999539,1685.3658704472964,0.39998586451203405,0.180087489063867,0.0521084864391951
fb507a1cb,0.43548934882595014,0.2139669741880891,1025.6328922667442,0.44188586298717014,0.05316358024691358,0.018348765432098766
1ef4df30d,0.4157307189542484,0.16624773361087702,1798.8595021027083,0.2615852287581699,0.0578,0.0021666666666666666
b7f7e01c6,0.48600882352941177,0.25833887659900806,370.08209301604165,0.16708441176470587,0.11346666666666666,0.006475
bafa8c847,0.635639477124183,0.24607788540195838,332.0145755863889,0.1834368954248366,0.0012416666666666667,0.2517
7eff2bd81,0.17360468531982082,0.1550293619997185,37.67876323696503,0.4497315120804876,0.5380524344569289,0.0
acc741f2d,0.6016046262254902,0.24369564088258214,1461.9433920645713,0.2323169806985294,0.07716064453125,0.08067138671875
4552e7972,0.5276664052287582,0.16017530120197604,102.04707708333333,0.23017748366013072,0.013433333333333334,0.0
63a3f229c,0.4241526470588235,0.21760972009142415,292.13046470666666,0.1693708496732026,0.11185833333333334,0.01675
81ea0e01a,0.49654803921568624,0.2625045775505138,4915.213790581597,0.409498137254902,0.07408333333333333,0.12413333333333333
4f5205d2b,0.46466224885015733,0.16704923056149643,470.94668610628855,0.22881091140159768,0.024645061728395062,0.0005246913580246914
a8f43bea5,0.4295124183006536,0.15971465526631942,276.33845994555554,0.1515423529411765,0.01795,0.017866666666666666
be0635ef2,0.4855000871459695,0.3003069394609645,453.62487752777776,0.16994814814814815,0.1086,0.16414444444444445
da9b9db54,0.43300431522844984,0.14181114951832768,204.92115075127344,0.2167813540510544,0.01583873820754717,0.004009433962264151
9521ff66b,0.5047229565983696,0.31129526113084083,1524.594620221563,0.209768744951164,0.1646441947565543,0.14390449438202246
a07440416,0.45507741830065357,0.19394824151635373,1368.1743059455557,0.1319332679738562,0.006875,0.016233333333333332
4fe9ef7ce,0.3762481146304676,0.27489513375683944,2327.5435730701306,0.26821471665589314,0.2620879120879121,0.006346153846153846
5bd541f6f,0.2989931917211329,0.27593690606507343,146.98490492618177,0.2680981526870007,0.38331018518518517,0.04408564814814815
3cf8487d4,0.45775901960784315,0.13655658294071524,16.633261802708333,0.25980045751633984,0.026658333333333332,0.0
aa11bee11,0.7045324850643382,0.28115473454916023,380.6098779296875,0.12863549325980395,0.01267578125,0.39621337890625
ae17429ae,0.4008042024101307,0.24319212140392907,121.00845422867668,0.19761869383169936,0.11677083333333334,0.038408203125
0a3fc490f,0.6877986564996369,0.18989703502307612,603.796542565384,0.14261507504236262,0.0009336419753086419,0.0034953703703703705
23c4874d8,0.4261121096586783,0.19585192392180464,1277.8476635534216,0.20777950254175742,0.014618055555555556,0.024346064814814813
394217006,0.4643101511437909,0.2565358862829057,197.07624846581353,0.18949390659041393,0.08064236111111112,0.08784722222222222
b2406f38d,0.5134226276930525,0.28532027604523785,1325.587584826472,0.46896744129750667,0.03375,0.20457561728395063
f91cc9f0d,0.3958569964871195,0.25312911967321094,79.93289949181353,0.3692235070257611,0.20282128220140516,0.029522833723653396
053d121b8,0.3933638684640523,0.3165077752857502,890.2657673969787,0.3234956256808279,0.3182682291666667,0.117265625
2259cf6f8,0.2590255882352941,0.2628262220926026,163.3952414082639,0.5452157843137254,0.452225,0.021358333333333333
a6fea1d1a,0.3560519607843137,0.2521212699476746,3513.912627382222,0.32669598039215686,0.17403333333333335,0.05629166666666666
a8055a2ba,0.42084012254901965,0.15516389630638452,993.9161634560937,0.43209450980392156,0.02120625,0.00013125
9fe6f98a5,0.5795316666666667,0.2871278456700233,5655.0010783882635,0.28244732026143793,0.0125,0.214025
b73a7ca90,0.5667372563447748,0.3172473102811056,23.256378415488058,0.210667121153097,0.1682487122884474,0.264095842531273
aa40c19c2,0.7874418954248367,0.16233364957372512,7357.061851972222,0.12428379084967321,3.3333333333333335e-05,0.33948333333333336
f94991b4c,0.5066260723039216,0.25432101611163127,3929.4789805603027,0.26407461873638344,0.0644921875,0.037439236111111114
aebf47483,0.5511402287581699,0.17229915310613345,76.73668238638888,0.14195032679738562,0.021408333333333335,0.0
ace26786b,0.44866921568627455,0.2867023095044563,1191.2642404930557,0.44594519607843136,0.165225,0.073375
9ef928aa7,0.8490053565285763,0.21301045243163536,302.3003818512054,0.12483819843726965,0.0,0.7007518796992481
c40052aba,0.4177285620915032,0.2819314624200175,1513.1520154197224,0.296640816993464,0.17795,0.09355833333333333
ac8229264,0.4332114705882353,0.20847526395550645,4876.627228646597,0.28037921568627455,0.04215,0.01485
e0d18f038,0.4617443264342774,0.23582550485412712,948.4001822868441,0.10338400962236746,0.08658564814814815,0.02457175925925926
a88733fd1,0.513231723553619,0.2848188818155639,1283.194443068892,0.17659117041878478,0.06296296296296296,0.09054783950617284
88cdc9a60,0.23501298603732682,0.2684721374388501,1498.5924322866067,0.4595931399379675,0.5048987411056377,0.025506294471811713
2625dcb50,0.30784221004604556,0.1986553877926311,1187.5899025271913,0.4343422765251711,0.13919967880085654,0.019963418986438258
00c19f4fa,0.5848570867800246,0.3184626830215477,1337.882768215603,0.28083670343137257,0.0817578125,0.24552490234375
bf190a061,0.44056279983257673,0.1993307498108737,1816.4179508244483,0.17848514118290995,0.005692391899288451,0.02534209085933224
1cac8717d,0.6208702977487291,0.2167763065685375,532.8571935892456,0.25869275236020334,0.009703703703703704,0.10802962962962963
19f5a15ab,0.46628410947712423,0.2528142616336953,10119.042177342544,0.20345004992737836,0.09641782407407408,0.041435185185185186
484346fbc,0.41446784077615717,0.15556869699297338,448.04160292485994,0.19063341811820514,0.03441434044882321,0.0
dd5f93066,0.7583578941993464,0.2048679386699506,37.43733638055119,0.21107678036492375,4.340277777777778e-06,0.3606467013888889
e3e339d6f,0.5999935406454248,0.20961595000301433,243.27334271541167,0.14916895169526143,0.016142578125,0.12689127604166667
e04d44883,0.6144656635802469,0.2705054704913013,1518.649202028544,0.19010201071169208,0.02792824074074074,0.16583333333333333
8623ecf43,0.563312320261438,0.2575212557478249,248.17189713305555,0.16651565359477125,0.06608333333333333,0.0984
cf85bd080,0.5562343920206971,0.23052216580928908,562.4332148425444,0.26042939814814814,0.008450520833333334,0.10664930555555556
1d6a1b32c,0.47864958605664487,0.20987969447263893,1105.1298885802469,0.23330779956427017,0.014122222222222222,0.032855555555555555
7000a4f76,0.4212424727213061,0.18490183364203366,371.31559473650236,0.2576549347772582,0.06721757322175732,0.002311715481171548
5955c1678,0.4617208496732026,0.20112459038520025,14059.36026728993,0.4729314052287582,0.03978333333333333,0.023641666666666665
f245f7d4f,0.4327874509803922,0.2454261345978922,1063.4577071049305,0.18300297385620917,0.07670833333333334,0.05963333333333334
6b2fc7a10,0.42057238562091503,0.1947088862130942,392.3919866597222,0.24168643790849673,0.10871666666666667,0.0010916666666666666
c83fe0079,0.38871477124183007,0.2874325587957713,820.1850567708333,0.23540970588235294,0.248375,0.06624166666666667
923da13c4,0.4589973958333333,0.32223836543814177,1126.0060896484792,0.2852822744332108,0.2122412109375,0.13968994140625
26a7ffaa7,0.6268350752250585,0.2054894742360609,740.3105133005431,0.4762437697825461,0.0019195492662473794,0.15506747903563942
c3b94defa,0.6752304674825013,0.2977432445776173,557.5197098044645,0.24361071999721876,0.0444813829787234,0.4343823877068558
714b4fa64,0.36074408771142047,0.27600504079033744,636.7401363428478,0.10709017279515708,0.12827608142493638,0.06497031382527566
0f1424059,0.42864404223227753,0.2261801714435088,4637.51278732893,0.158197258836645,0.10074414715719064,0.03368729096989966
66fcb54d7,0.5520182026143792,0.25904485283026496,348.38234315305556,0.2804638562091503,0.062433333333333334,0.122925
9684a1603,0.533166394335512,0.2890630751516337,480.3387296724965,0.19552764161220043,0.19310185185185186,0.0007638888888888889
6c9e1c82f,0.44080991099511474,0.2598610115086412,168.51432373586178,0.11839045037810346,0.08284982935153584,0.009215017064846417
5b4745340,0.33924131600205626,0.2281308151143395,746.1085499880767,0.15937864434163176,0.26258426966292137,9.363295880149813e-06
39944ac3f,0.5016850523407195,0.16484766957829394,7939.453993760328,0.18398849566927042,0.018252032520325204,0.00014227642276422764
b02c50d9d,0.40018736684360673,0.22165327321225153,447.81240095960004,0.18612250839562344,0.05049493554327809,0.025799953959484347
b34a4f038,0.5939119849111519,0.24882208728478447,155.32821184959414,0.21726385378370097,0.0229248046875,0.00626220703125
372433bc5,0.39804037249117935,0.16791763598105006,809.7638574116132,0.11414587309850194,0.09876106194690265,0.0
07cc0ce27,0.41004584918544534,0.2362441439099048,254.67436445486598,0.4756473584458659,0.010678749111584932,0.01474324804548685
eff4a47b5,0.5461363736505839,0.36234252398941946,745.1064439989865,0.145409267826981,0.19484082397003746,0.26585205992509364
73dedcf29,0.4355332550609874,0.23143072762102895,1331.1708361181784,0.33280918898037515,0.038483175697057066,0.028433130574405493
ff16e6dad,0.5191962751655846,0.26525767682496026,159.09112624691,0.22817447045707914,0.042717391304347825,0.12536789297658862
5ff246254,0.35785410344693436,0.2465366762103633,219.73969879538683,0.2675155617802677,0.17408234126984126,0.001525297619047619
f33406495,0.5844856563314982,0.1815515467789892,818.1356409870837,0.14415875162325464,0.00812807881773399,0.0002599890530925014
500728fdd,0.44236071537990196,0.19072425808654864,156.44874974706173,0.19235306564031862,0.0,0.02033203125
94fc65b67,0.5774188650870185,0.3112825202718624,224.864694213268,0.2659482912017266,0.12347043325526932,0.2140954332552693
91c023cb7,0.38997359368021245,0.2057224374310364,2445.082031972013,0.20853196886474987,0.09563554164493132,0.030012171796209356
138035c7a,0.3043940333946078,0.2019880130698611,596.0165973067284,0.3834387637867647,0.269404296875,0.0
10949ac80,0.3572507843137255,0.23037239772527476,838.856366248264,0.3120476797385621,0.1035,0.021683333333333332
e46373e2e,0.31638426676059644,0.17787177317439318,1108.7555083336083,0.4565330515439709,0.09068263473053892,0.0017005988023952095
798fae45f,0.47311437506036896,0.22595808721506194,1512.9985638716535,0.47185676856949677,0.07813526272577996,0.022639573070607554
b18e25ae6,0.5038590503365525,0.22078133477587206,310.66115242780967,0.17919370061457418,0.08269589552238805,0.0
77b247a02,0.48203131808278865,0.16954783615817975,1110.5893318184633,0.16056454248366014,0.019521604938271604,0.00507716049382716
2bec9dd86,0.3847601160314313,0.2035123404022356,119.22320168609463,0.41574568554013364,0.023913857677902623,0.027808988764044945
7e43a342a,0.27601830065359473,0.28177560240691596,450.4447594183813,0.46606646332607116,0.40482962962962965,0.08437037037037037
1cbe873e7,0.4370196329461058,0.2756209251306317,238.0393458014092,0.14528688200164225,0.11111272759014497,0.09566969514013661
e1f0c1add,0.44642005567659165,0.17705791792822928,6580.180495535884,0.5614279230210603,0.016435185185185185,0.009907407407407408
9e2a19b16,0.5486804042604696,0.19708021756155442,236.14580374079551,0.127190813362382,0.026358024691358024,0.0008179012345679012
7e6385ded,0.5649511789525936,0.26391311285850455,597.2544505681782,0.5569879126334079,0.09312658227848102,0.05065822784810126
8d301b5e6,0.31503489352730335,0.22014912979168505,542.5577823793855,0.2520134935694708,0.2350089605734767,0.019659498207885304
66d4911f9,0.5778381445170662,0.2254034852934687,833.1872476658951,0.16446981663035587,0.025775462962962962,0.10318287037037037
4325e9930,0.3518136299974535,0.2167248809080754,645.6575128340967,0.3930732747644512,0.14780844155844156,0.011371753246753246
b9f58834b,0.605142956835512,0.38682757055805833,2057.7516371093748,0.24202030569172114,0.18942708333333333,0.4332682291666667
b356b0f05,0.444401568627451,0.23531459088184817,399.12259344659725,0.2403716339869281,0.10225833333333334,0.04173333333333333
10eaafcd9,0.6599169389978213,0.2025693727860462,730.4792871172787,0.2945964960058097,0.03737268518518518,0.07912037037037037
a54497b9a,0.3205090522875817,0.3832810028262068,6168.943718826389,0.2461298366013072,0.4835833333333333,0.19621666666666668
b0c159af4,0.5984333406224944,0.20382103934443588,341.5682787515893,0.13300648735330564,0.021933085501858737,1.858736059479554e-05
87fa5c42b,0.49289494393074956,0.21331347375895446,1731.2368812624438,0.37295061971276805,0.019974916387959868,0.05008361204013378
f5d7daf1a,0.7229185620915033,0.16650253217825067,515.4027661530556,0.18635761437908496,0.0013416666666666666,0.18303333333333333
b6661be84,0.3204879266521424,0.26743734600733676,1679.2749451355398,0.27285614106753814,0.28740162037037037,0.033512731481481484
28af3f2c9,0.3627452614379085,0.2617001682944149,4816.428380176666,0.2629057516339869,0.24320833333333333,0.05109166666666667
fd717a456,0.5261182679738562,0.16813496898805916,552.8766885160417,0.13472209150326797,0.022583333333333334,0.00645
429df135c,0.392875612745098,0.19081497540898898,557.2478798513322,0.3739303740014524,0.0007349537037037037,0.04995949074074074
bc14cca27,0.7763960375816993,0.1775372263575719,210.72674184721015,0.10902246732026144,0.01115162037037037,0.11172453703703704
8bf2cc0a1,0.6969613732418762,0.32033980875002077,8943.871545423763,0.12347561144599183,0.05301236749116608,0.4438427561837456
8d0f353e2,0.43976026143790853,0.2544820492852405,1472.1249998655555,0.08971575163398691,0.14345,0.047391666666666665
7d0367e19,0.5309496519554238,0.13904855443621844,142.47518390934283,0.09416935180474417,0.02060965304702257,0.0
3b923cef0,0.530231862745098,0.33184722490197355,150.53425672437498,0.11706385620915033,0.17355,0.15228333333333333
5fc06cf73,0.5221226434277414,0.17143720684926045,818.7253798318792,0.20744342774146696,0.00017777777777777779,0.04979259259259259
a0f2d927e,0.5294803594771242,0.3288995060512209,510.4020050663888,0.146198431372549,0.19386666666666666,0.18163333333333334
59f4e3255,0.39288202614379086,0.1334854786974576,89.76921741222223,0.543998137254902,0.039066666666666666,4.1666666666666665e-05
029b05087,0.5421565678903141,0.15653756653245382,1267.1300887260443,0.16072209936606222,0.013637218045112781,0.005347744360902256
6568f907c,0.3898680215141612,0.311299338729244,954.2185763707289,0.3743313248910676,0.23712673611111112,0.12365451388888889
b0d8b0778,0.4061605392156863,0.1934267644172921,122.71580940933596,0.17724267156862744,0.02180625,0.02896875
5493d0771,0.6239150036310821,0.2876103469236265,515.93007465262,0.2348866811909949,0.08746666666666666,0.25721481481481484
59c9f850a,0.5606250980392157,0.24807480025734585,3600.0349482222223,0.28647006535947717,0.040841666666666665,0.11059166666666667
8b17616d3,0.5291176470588236,0.30062784211015753,511.1736891272671,0.3887152456488213,0.12088951310861423,0.160374531835206
cd668b430,0.6052551633986928,0.16575486864104244,75.33339995659723,0.1935301633986928,0.0012833333333333334,0.017608333333333333
03ae93b48,0.5175459803921568,0.25518058258677373,1467.058903693711,0.28459845588235294,0.05384375,0.10381875
a2cd25e49,0.5342871296350679,0.274386331473557,1376.2597255622145,0.27874641744991846,0.045584097304166286,0.18875676984054945
3e411bd12,0.6464815495642702,0.18095630772461802,435.4569111656325,0.1487629357298475,0.006215277777777778,0.0425
036c684d3,0.6112382026143791,0.16064899612801373,44.34385512326389,0.3045231045751634,0.007725,0.003341666666666667
110682438,0.5448468954248366,0.24190844786245963,1557.5160037415972,0.43677986928104573,0.032475,0.09178333333333333
9e4420002,0.5377584195715324,0.1932420058508596,709.2888623541185,0.41589567447349307,0.06199074074074074,2.8935185185185186e-05
2bc51f69b,0.5221709175243131,0.24349290805556084,451.05612989163643,0.1438650937903251,0.053987760834670946,0.07658005617977529
573f51aca,0.43027656862745095,0.2235807096988596,247.56264987749998,0.2851493137254902,0.096575,0.016516666666666666
39a66e7cb,0.4277269934640523,0.2825419319259912,706.1825002493749,0.22698702614379085,0.18205833333333332,0.07531666666666667
b9d49b198,0.6211710130718954,0.22082439192291817,183.73793044333334,0.3794195098039216,0.0,0.17850833333333332
7c139389d,0.5242368373275236,0.3001084383271993,4383.187778897081,0.19505510167029774,0.17081790123456791,0.03981481481481482
e3fb26abc,0.37206944444444445,0.2575217436735515,1036.2801009527084,0.30988676470588233,0.146825,0.08838333333333333
8e4f0e111,0.7158547567175019,0.22093398447213058,155.36496684426305,0.1041337145969499,1.1574074074074073e-05,0.33641203703703704
9c443e54d,0.5308590877757352,0.24605408301642023,1450.7080041907727,0.4173887676164215,0.0655615234375,0.02380859375
29a9fdad5,0.4778025816993464,0.18905350219052433,374.8221862663889,0.20314601307189542,0.04795833333333333,0.0
2ca3f6d92,0.7550498581641845,0.24912667237572383,432.33974000447995,0.09967109424414929,0.042430351906158355,0.44554007820136854
649589d9f,0.4837207843137255,0.18595550185065565,9454.106242448888,0.25720649237472765,0.027844444444444446,0.01671111111111111
121ee5fa0,0.6932309980171844,0.3001302043479962,897.3315540121897,0.08806095322023941,0.0,0.4609644194756554
7a6bc9e55,0.41091536458333333,0.22917125859699167,926.6604047291651,0.1752005846609477,0.08992513020833333,0.017740885416666668
032aefa61,0.3065685294117647,0.2736170490127307,332.16315673437504,0.5156288888888889,0.35115,0.000175
88f79f7ee,0.5469286601307191,0.24845892357394456,199.75040607993057,0.09776130718954248,1.6666666666666667e-05,0.14990833333333334
1ef5b1310,0.6385853360799573,0.28585831006011453,1838.8027999666913,0.2854465171282521,0.055690661478599225,0.2642120622568093
5e9737811,0.45935124183006537,0.16952525437075447,4815.19802599,0.15884346405228758,0.042025,1.6666666666666667e-05
46ef61c91,0.5414041503267973,0.160734010346982,81.8112529882639,0.08355568627450981,0.033341666666666665,0.0
d8697f0fd,0.5241074800290486,0.20809586560982946,5407.553459440875,0.10072941630355846,0.013252314814814814,0.009890046296296296
bdff3528c,0.37191699837829867,0.1805720577089306,3444.07583324347,0.37426135190918475,0.12891917293233082,0.0018421052631578947
98d3a24b8,0.44179615056725036,0.21713210534876337,506.72096945224325,0.21843674995081647,0.08234113712374581,0.045
2cc0c6dee,0.4686478889889714,0.29481426474603556,487.01147366386357,0.30128024273884607,0.0458928866025766,0.1846663767116097
c0503dd75,0.4987010951537806,0.1909091657430969,296.26443949843963,0.28945265263295955,0.04381270903010034,0.00023411371237458194
26bba34a6,0.4247915758896151,0.20055288234528915,4222.913100372407,0.21602414669571532,0.043348765432098764,0.016867283950617283
c92b59557,0.4885543137254902,0.20923387767274837,395.15592706293216,0.24829211328976034,0.0006611111111111111,0.0278
034259113,0.5627284967320262,0.1348209495362917,108.08453379555556,0.065990522875817,0.01485,8.333333333333334e-06
5287fead8,0.43721668845315903,0.26505471840998895,801.7823965776543,0.3510287581699346,0.1332111111111111,0.08171111111111111
ba4811f35,0.588824395541431,0.21282676873559161,891.6827043489917,0.11245158002038735,0.018357118586476383,0.10069656812776079
1349f68db,0.48818826593137254,0.2528442234179755,1031.7216188164418,0.15551147194989107,0.12938802083333334,0.010073784722222222
48432dfa0,0.29120424836601305,0.23452308411623277,280.63373919538753,0.35034667755991283,0.3217303240740741,0.02428240740740741
03188ecad,0.5475463265553134,0.1669262475055213,3392.6916125683497,0.09023114863229242,0.0038503086419753086,0.0037885802469135805
91c2edae8,0.48427218954248363,0.2342348702430517,616.5190674930556,0.21804408496732025,0.06108333333333334,0.020883333333333334
d680ddf5d,0.38376315581620357,0.2519304469877009,2238.308938140371,0.32956220504314515,0.1409491440080564,0.019354229607250754
6ab0ddda3,0.5872168479370915,0.257703534493549,1635.8578092286748,0.11910204758986928,0.042874348958333336,0.11841145833333333
f9e4762d2,0.5690828139868388,0.28062756954410517,221.8425203574399,0.3333039908148267,0.0032991569833675095,0.2133242196400091
3757e3734,0.5103773299443235,0.15794802532098678,1946.9640088696465,0.2884805434519487,0.0004938271604938272,0.03025462962962963
36d764abf,0.4542144662309368,0.2126759350408851,427.05520286802465,0.13427642701525055,0.09072222222222222,0.0
dce7af31c,0.4872350697864953,0.12619322646896117,54.47027069301256,0.06252764854352728,0.0,4.14524954402255e-05
4733d5e7a,0.6169424785539215,0.2112890629946716,6167.38382828759,0.1708388863357843,0.028037109375,0.058623046875
0fd9076d7,0.5222019486807068,0.20560221107084958,1948.9330503423996,0.30541221859114015,0.006504629629629629,0.04699074074074074
6fea8ac52,0.518410343319484,0.257827319485945,452.06593141255314,0.16174185436256286,0.07459107806691449,0.05946096654275093
6e50b52c9,0.4587746308399903,0.24886426292926458,6581.372545278861,0.19969562454611475,0.07846450617283951,0.020462962962962964
6914ade58,0.8282230126707723,0.25155387544305985,247.27527066396019,0.13722591491470235,0.014936823104693141,0.673384476534296
560d2b399,0.29274405410312276,0.235219687942728,1003.6067915626809,0.27724468954248366,0.2105787037037037,0.07206597222222222
9b09190e4,0.6322931045751634,0.15234952787707115,187.49325991555554,0.23715238562091503,0.018275,0.00665
af4941f15,0.5782897385620915,0.2253214735265782,1563.0140220863889,0.11614676470588235,0.04500833333333333,0.0747
7e3c6f81d,0.5807192401960785,0.2672009738621313,620.0267484375,0.24342424019607842,0.038675,0.21425
e2bb56954,0.5596500197394394,0.21140873349448477,745.5975163818634,0.1422691801552836,0.06704697986577181,0.0008557046979865772
3dd6ea6bb,0.3734047058823529,0.23792814775137547,476.76759858326386,0.3182108496732026,0.200075,0.0022
2f3d368d3,0.4688646179719451,0.29565506008906656,6646.09589847624,0.2439589305507778,0.13386939571150097,0.11615497076023391
072bb91b4,0.28998951470908263,0.21605407228596551,1351.1196965321644,0.1382709627265946,0.2389459315092884,0.02537242566324411
b7351540f,0.45144395084422656,0.27877619799573766,337.3053415128731,0.23076133578431374,0.18516927083333334,0.06286024305555556
8e0d93659,0.6443961764705882,0.22733156436829155,650.7066795308334,0.15996918300653595,0.04533333333333334,0.0438
fa89bfa82,0.29077115105301377,0.2631135571101106,428.4845883647066,0.28083853031953526,0.4251736111111111,0.028113425925925927
5ac95823c,0.6131605147058824,0.22277306962231078,1057.2943775623437,0.37951696078431374,0.0149625,0.14705625
2cf6b6627,0.5394533006535948,0.18459825744657543,200.4562416082639,0.1957391176470588,0.015258333333333334,0.00020833333333333335
ad5250ecf,0.3363222265650446,0.18747961789440504,1075.4764213126095,0.18342993941762753,0.1261544850498339,0.0012458471760797341
e156e8aa0,0.4580003921568627,0.1867437492020858,950.2336855599999,0.2642115359477124,0.023433333333333334,0.021958333333333333
4b3efcfe0,0.5794529738562091,0.21852433813578265,1235.097314986389,0.11542401960784314,0.022475,0.053975
f555570eb,0.6498807827818627,0.2925928170963586,639.6253943115235,0.16536113664215685,0.00775390625,0.33459716796875
f8530e295,0.4931569680606618,0.2955678948706633,1656.8835909938812,0.3424974628523284,0.0731640625,0.17914306640625
5c7136c2e,0.5186963071895425,0.23515514973105073,3268.5670277322224,0.16707287581699345,0.07121666666666666,0.015083333333333334
bb90447e5,0.39936995847603274,0.20952971446980295,3200.4361288926893,0.21860333320788328,0.04820457453614843,0.001183621241202815
e218c632b,0.5349365359477124,0.1443138490479573,2259.0627385443745,0.2828422875816994,0.006066666666666666,0.029275
f394d4aad,0.4792887618010167,0.18945142555127842,3296.911224918017,0.2554172718470104,0.0416358024691358,0.011589506172839506
92b5de07f,0.46753676470588235,0.20667349258181064,5029.683060026042,0.19286598039215685,0.016675,0.019841666666666667
3befd2af6,0.47758170624062246,0.2533239919749744,1060.9242284707047,0.27145904386859343,0.09599404615402646,0.04954115537428361
dfe83669d,0.3917319746796356,0.19940904708561624,3171.1525682407805,0.4461991662806855,0.0368153980752406,0.010008748906386701
179c21d17,0.4910567278619665,0.22096436407633288,5696.20177475181,0.3828208679593721,0.07414589104339797,0.04276315789473684
595b8d58f,0.37504250635439357,0.25654462876260203,2380.7700293595344,0.23381120642701525,0.1595659722222222,0.014814814814814815
cf9bc2dc8,0.5591894063180828,0.23950950922849537,7278.1756958106935,0.20391678013798112,0.013321759259259259,0.10344907407407407
323f562e0,0.5149233160856935,0.1584111563096134,688.2296519482691,0.24341512345679014,0.009369212962962963,0.016215277777777776
e2f5253f7,0.3118427345264165,0.1851205755585242,424.34822676227213,0.335160893625743,0.12682621187114126,0.0028271899260345987
93df8b5c7,0.3489046166961768,0.23294668931450274,1121.6991691026246,0.24569142238835334,0.16292642140468228,0.033168896321070236
51e25fe8b,0.42198692810457517,0.15888557720596688,217.54792566658097,0.19202720285645122,0.027723765432098764,0.005817901234567901
f72db59b3,0.4300348366013072,0.21664946157411644,256.1244890488889,0.1172212091503268,0.056725,0.0579
48c9474d9,0.5422162527233115,0.23739407713557106,556.8794710754321,0.20917302832244009,0.028288888888888888,0.10724444444444445
9e2af0f7a,0.5665581993096864,0.19206371388926766,3519.3793590652135,0.27745006242197257,0.00049625468164794,0.09596441947565543
d7dd71467,0.502806045751634,0.2507792520236072,1617.3453042566666,0.2831646732026144,0.050666666666666665,0.07603333333333333
43d31be6c,0.31207485736769625,0.21453707819947096,622.3244209817984,0.3018205128205128,0.23909698996655518,0.015033444816053511
4a4d8cadb,0.5808157189542484,0.20589115048243542,91.07089152604168,0.220080522875817,0.0,0.125675
5e203eeaf,0.3649659150326798,0.25557934865366755,8408.0476918775,0.5505044771241829,0.22550833333333334,0.03231666666666667
eee978cc3,0.6172585153302513,0.20987987327106464,1025.1714095636783,0.2961331898613104,0.020399728997289972,0.08769647696476965
cfbbeec5a,0.5823589832970225,0.3422706480014753,340.40749587928667,0.20044415395787946,0.1892148148148148,0.2532740740740741
0e9c1385c,0.3893302696078431,0.1931773827089875,812.4416116509332,0.15961322167755992,0.002818287037037037,0.027546296296296298
8da7afcd4,0.5253034547152194,0.22461329755744164,524.8336616055569,0.28710062569088934,0.001176792556102901,0.1360016420361248
2cb770ad7,0.44692959814133987,0.24864718334216987,256.46776383395724,0.29807479319852936,0.0890234375,0.03828450520833333
fa1d3af33,0.37767002399918304,0.28689930164385385,6965.948110283746,0.26006012561274505,0.21341471354166666,0.101162109375
420193f17,0.6951586333530068,0.17574536477619473,107.76722267060771,0.11490582989048463,0.007876254180602007,0.10920568561872909
82ab0ebbd,0.4328898692810457,0.245841968376529,193.35458965305557,0.1260864052287582,0.022866666666666667,0.10005833333333333
bf37d753e,0.4639285294117647,0.2746155237185635,904.8236747415972,0.49934437908496737,0.11318333333333333,0.12458333333333334
0de6709ab,0.5450800653594772,0.17527232449196434,228.0221582277084,0.18819516339869283,0.013308333333333333,0.031391666666666665
703f1a4c4,0.657343954248366,0.32322236454341435,309.69247275256663,0.13489671840958606,0.11344328703703704,0.3425578703703704
a8518bd6b,0.650009713144517,0.2815177151502514,95.21972064280988,0.09046899963689178,0.04449074074074074,0.2586574074074074
6c5a7a1ef,0.40734318520485696,0.2539074633632133,390.2202043067514,0.3202453746735715,0.19213694507148232,1.8811136192626035e-05
05fadeacd,0.5959187545388526,0.23545727396520935,840.9136337770063,0.24264724037763255,0.025572916666666667,0.18253472222222222
cedeef1a7,0.4596843137254902,0.1799271416082782,82.51151243270833,0.35674823529411764,0.049008333333333334,0.0015166666666666666
e633a6647,0.40936205882352944,0.21075567415142354,937.3008454165973,0.20018281045751635,0.07664166666666666,0.014116666666666666
2fdc23bcb,0.47482271241830065,0.15926863755933843,50.08306624416667,0.20473581699346405,0.037191666666666665,0.0
43c623f94,0.4526896616285403,0.21827754299250204,2608.044153464065,0.23063621663943354,0.10151475694444445,0.011753472222222222
d6209194b,0.40905745467998517,0.20422658799939755,279.1474808628515,0.36614702182759895,0.08972641509433962,0.0024622641509433963
4edc9ecc5,0.3723648039215686,0.21911958566846507,508.88541007888887,0.3432629738562092,0.16525,2.5e-05
087804d85,0.6562226684031547,0.2913801188276187,592.9660015437562,0.14676864915707982,0.05793357933579336,0.32289667896678964
bb928145e,0.37068236768391566,0.17083362483295358,581.0987262415025,0.39024793601651186,0.1273966165413534,5.639097744360902e-05
27bbc8c4f,0.39978234688937303,0.23205117741574277,3017.61005354075,0.3901961994674413,0.1570216049382716,0.003765432098765432
99c110585,0.634180580487281,0.34028509548822633,194.3647697003543,0.13517705360704532,0.02257433489827856,0.3883705007824726
cabb4127e,0.5618742283950617,0.2658119626588805,1015.9724361400129,0.23848406862745097,0.02287037037037037,0.18840277777777778
a2665a33f,0.41403110219497635,0.18966024849977492,170.78735449271508,0.5485616275198604,0.01595067330210773,0.014329625292740046
de8b7400d,0.38060696188587795,0.2616639263794813,393.35659992284917,0.2915125578321216,0.2815823970037453,0.008211610486891386
8e3e0ffde,0.16892807189542483,0.08057579998835972,47.574605066388884,0.4372135294117647,0.28285,0.0
e7a8fea6b,0.5664861111111111,0.29260406591834137,275.00287734130524,0.33243026053013797,0.044334490740740744,0.2363310185185185
5b7007847,0.47930752239167274,0.2467055668638217,1513.2033372389878,0.13808956669087388,0.05778549382716049,0.09462962962962963
8bdffc917,0.34972637254901956,0.27874608543496915,179.0996806832639,0.29616153594771244,0.28785,0.082625
63e2cb92e,0.5533994647727858,0.21801781869403508,723.4289182035749,0.29832770444135664,0.011396817585301837,0.0802985564304462
a5f027ab8,0.4500032679738562,0.24202106370615223,318.4428645061729,0.3158365559186638,0.12004050925925926,0.033478009259259256
6e9e0ce30,0.4111941176470588,0.1920336945780487,317.2286092259157,0.22769755761953905,0.0731140350877193,0.006850877192982456
fd39fef15,0.4740517973856209,0.1900414256238159,333.94028750666666,0.3840367647058823,0.06394166666666666,0.002758333333333333
c120a6f75,0.5368194444444444,0.2857337908389444,171.51658610493055,0.23972264705882354,0.08324166666666667,0.19221666666666667
22abde55b,0.6117183006535948,0.2102189117103937,951.1856095802469,0.09328479302832243,0.02772222222222222,0.10804444444444444
6e31c7d5c,0.4689108823529412,0.24203897613682213,171.9434450715972,0.21527232026143792,0.081325,0.03835
a6adb9a9f,0.5424958891784563,0.2257027203546094,342.2480744061379,0.2683876401298916,0.027360232067510547,0.08244330168776372
7efce4735,0.5144030236207958,0.21656533756151664,1905.2687212283224,0.11226490950990325,0.02006079027355623,0.023429584599797364
4dbcd1d36,0.28026953976034863,0.12036526413761342,81.1304397955247,0.26420243282498185,0.1136400462962963,0.0
7125e101b,0.45550060518034374,0.17585279440977203,228.85331412037036,0.20845334059549744,0.08668981481481482,0.0017592592592592592
bded2690b,0.4708218954248366,0.30522814949607613,330.3017462577084,0.28657297385620917,0.09396666666666667,0.19730833333333334
9ac5a9faf,0.5854675925925925,0.22484921919931053,3008.9856871913585,0.10660300925925927,0.004913194444444445,0.12752893518518518
83502a253,0.4565590849673203,0.13237302025830783,187.62503785305557,0.15307787581699345,0.0013916666666666667,0.0014083333333333333
5d3c9feba,0.5102211111111111,0.22641447283456467,3086.6236135308336,0.21565839869281045,0.020825,0.08759166666666666
97dd55a08,0.5093091412490923,0.21933630238337692,9791.853199312489,0.10679359567901234,0.003969907407407407,0.09857060185185185
8e3c58de2,0.6211685729847495,0.26938340293250523,1537.0613790533039,0.1953405274146696,0.038292824074074076,0.1830439814814815
65c2785b3,0.4374196405228758,0.23155569029514247,733.2726255660417,0.4924574509803922,0.044583333333333336,0.047558333333333334
52dae90aa,0.6510880537400145,0.2209469071769156,1592.4249979402434,0.12353671931735657,0.048859953703703704,0.08338541666666667
01b167b92,0.5122520588235294,0.23126687868530904,933.8758065610416,0.2743668954248366,0.045083333333333336,0.0153
8d6b89eff,0.4833766084558824,0.300194918283305,858.8794151204825,0.26995666743259805,0.10924560546875,0.1982421875
402799b02,0.46546815507095884,0.20171817721853927,1335.7021330625605,0.24301404414309855,0.05107736240913811,0.02553219106957425
abfad94f2,0.5672933986928105,0.18698231435575943,2127.971203144375,0.18205911764705882,0.01925,0.03571666666666667
c57a0afef,0.4678879536809365,0.20793292412020645,1031.7339661974029,0.11910779585145956,0.021114683815648447,0.005097802786709539
de97498e6,0.5237677777777778,0.27787187840477434,423.93005863888885,0.18018934640522877,0.08800833333333333,0.13684166666666667
70edbb1e3,0.2817911437908497,0.1603845197879742,99.97504092993056,0.26288232026143793,0.21091666666666667,0.0
e5ffc0a9d,0.3607834640522876,0.27556041530477154,947.2339804215972,0.33689862745098037,0.2720666666666667,0.061925
3086dc257,0.4546973266158315,0.171933676500779,852.859760483345,0.1636233660130719,0.0018981481481481482,0.0004166666666666667
b5fd8a091,0.4300328431372549,0.19053415007722974,1376.016777466389,0.14019712418300653,0.070825,0.005608333333333333
546cf9e37,0.5798099636891794,0.2469234608783635,879.8923405298218,0.2965790559186638,0.028177777777777777,0.1275111111111111
8bc5380ca,0.47271010893246185,0.2997352642090039,5667.65820662111,0.04829437908496732,0.10251111111111111,0.0958
f27a94272,0.3512827251270879,0.10172680987624699,417.5478122165423,0.12584173021060277,0.026961805555555555,5.787037037037037e-06
0819ac2f6,0.5555027450980392,0.2578287810241286,2404.6563436433335,0.24368071895424837,0.0487,0.0956
d48e16ef4,0.4844846078431373,0.2582027627377737,1222.1619324149306,0.13844120915032682,0.03966666666666667,0.12445
49f12d27b,0.4727913489469862,0.16816397515129092,214.67816666184416,0.20356851397966594,0.015810185185185184,0.0003298611111111111
2374a1c12,0.322338984204793,0.21614623803042132,170.2959616672762,0.4529104938271605,0.2546701388888889,0.00026041666666666666
640dbb3b6,0.5324302894878378,0.22427076422935951,2991.103356784808,0.16970154825998643,0.048590819115845035,0.06115090960505232
deb0ad8cd,0.4284309127336027,0.2819551725771536,262.4548254446437,0.23861786054455283,0.11232830820770519,0.1221608040201005
78631549e,0.31511761537486643,0.20548141015346694,876.4841617683718,0.23448228414172687,0.22516158818097876,0.004351338873499538
8b03c494a,0.39541467320261436,0.13889147611307673,1416.4520823599998,0.32007454248366013,0.0107,2.5e-05
e493537b3,0.4507022909858388,0.2562743733657119,2644.2725908126076,0.1594094158496732,0.014761284722222223,0.08692708333333334
63562f208,0.33899575163398693,0.2772591143700037,259.2987202975,0.12583970588235296,0.3033,0.052475
1c8ab73ca,0.43830226922229565,0.2609125025968303,1372.3066620502464,0.43362142909598295,0.07912921348314607,0.12120786516853932
23e36bfd9,0.07355970883336611,0.06674753118538117,14.019347745271308,0.4034396353859269,0.8151170568561873,0.0
189eaf5c4,0.6869974992895709,0.25485733350436396,600.0379870615417,0.06392421142369992,0.01091304347826087,0.2670072463768116
0b110b315,0.4747509477124183,0.16510965728957877,850.6331491715972,0.17222529411764706,0.006575,0.012191666666666667
267841852,0.4275823202614379,0.1674247099431574,5742.38148934993,0.37059447712418303,0.017366666666666666,0.018241666666666666
4ae292968,0.2758917647058824,0.2756868550530802,34.405339653055556,0.216855522875817,0.45426666666666665,0.072175
10124968c,0.5571699983694426,0.22916681972127342,2097.965013732996,0.16262220714955128,0.025292914264459735,0.10506832452155122
dc3066d92,0.37176919934640523,0.29784014402840797,2051.7393104944113,0.2864802389705882,0.24404947916666667,0.12491319444444444
88db34068,0.29940029411764707,0.3260250723074494,158.08726111604167,0.45025179738562093,0.39813333333333334,0.12456666666666667
e7e23bfbf,0.5437817647058824,0.35363489751347993,229.96886050826393,0.17368960784313725,0.13870833333333332,0.29175833333333334
ea678fb08,0.4400748194014448,0.2436115835099387,1469.9764160918824,0.27018718364538796,0.06030701754385965,0.049398496240601504
ba16e7f4b,0.49059393155410314,0.25134378025944776,1236.73625504353,0.20906011710239653,0.12758101851851852,0.04991898148148148
b4060a70e,0.4626799881989833,0.23220304583847512,6605.943497888803,0.18430196986201888,0.06366319444444445,0.039699074074074074
5fc55b842,0.3796570588235294,0.18555289586150714,463.0179255197222,0.3645557516339869,0.055483333333333336,0.0012666666666666666
e4c9325d9,0.48142319623161767,0.1756468520483834,226.5843512308538,0.22895067401960784,0.03032470703125,4.39453125e-05
1fba191e3,0.4562763991013072,0.18156261262049597,18512.988528780996,0.3295114889705882,0.02744357638888889,0.005846354166666666
e2b705117,0.5376235778261922,0.20383394778171773,299.06975511777694,0.037739651416122004,0.012260802469135803,0.0
79b439763,0.5751681130305563,0.20832976517513319,301.7730001425073,0.17083827261595813,0.002430165070255038,0.10329494189578728
8a6f301fa,0.4105806327160494,0.28084255695592386,761.2965277306828,0.15503009826615832,0.09071903935185185,0.12037037037037036
dfb7301a8,0.5264065904139434,0.17676966002946634,2306.7696106180074,0.22485253267973856,0.008385416666666666,0.00625
f160ae385,0.49672909101912366,0.18698245824381268,2825.3101926196828,0.5107282740256597,0.031512345679012344,0.002816358024691358
a05674125,0.5930496007926981,0.2119710154941544,2575.747722046994,0.21610470378627641,0.028577502429543246,0.028498542274052477
d9175b948,0.43034088235294116,0.2161184434400291,635.5139164930555,0.29286735294117644,0.024325,0.007675
1faffda03,0.3974019607843137,0.30473586616761206,339.00906461222223,0.23091493464052287,0.30835833333333335,0.058741666666666664
5606b4630,0.5421043294270833,0.24659259270504696,798.432558343506,0.2637490713082108,0.04552490234375,0.08915283203125
ec9da833d,0.6444135947712418,0.1916440056723551,928.981724969375,0.19773,0.0011,0.04409166666666667
785150e60,0.503436568627451,0.22809472305052725,1437.4816457900001,0.29992279411764705,0.0629375,0.0584625
3e25d4fb8,0.7441683229932599,0.2583061915654778,4113.168257942105,0.24349829580269608,0.01154296875,0.48224609375
20f870155,0.4835386483297022,0.23510280285056714,694.4482045918196,0.3239980482933914,0.035902777777777777,0.04236111111111111
f29afd123,0.580789132400533,0.21169578572306058,1300.4976436067777,0.34755958896503586,0.01794599514563107,0.059557038834951455
6d55edd17,0.6197404796629395,0.3064450952230798,1682.6275204904039,0.16109131421163506,0.06615702479338843,0.29491735537190084
cdd50f583,0.4360876353145425,0.1330040716911462,558.5633170068423,0.6013587494893791,0.015423177083333333,1.3020833333333334e-05
ea03ccbba,0.763271568627451,0.14967776710474406,153.1324374215972,0.046218464052287585,0.001175,0.162775
9abb10f2f,0.4585588888888889,0.18042163282909418,14.764289683263888,0.28722771241830064,0.017725,0.00018333333333333334
5eee1e783,0.3791381381381381,0.29602929353198637,2078.4444524964683,0.7258441529765058,0.32616554054054053,0.055230855855855854
41ce762ce,0.380916862745098,0.22827679802179618,2151.2928222217283,0.20697525054466231,0.10538888888888889,0.04158888888888889
22e4974f2,0.5277810130718954,0.22225352184947691,3685.5232658493746,0.2763727124183007,0.042216666666666666,0.061941666666666666
82c90e313,0.3403966339869281,0.2686382526437597,105.79396683826387,0.3454728104575164,0.30669166666666664,0.030083333333333333
7dd6704a1,0.51332124438317,0.19646665670547403,411.4718022033267,0.3546789981617647,0.029427083333333333,0.053870442708333334
0af365e26,0.3349384354131516,0.30353355145182837,256.10103281657837,0.15205137025570462,0.2458813700918964,0.11985519353940406
5c4c1d10c,0.22857144482677008,0.19074352610603768,436.56323015460424,0.36841029912429224,0.4625754410399257,0.005013927576601671
a868df43f,0.5564541273299444,0.09278007350167582,163.82634840100354,0.09226981965625757,0.004783950617283951,0.0
277210bb9,0.4070340522875817,0.269981257273046,266.1419897299306,0.3249840196078431,0.10954166666666666,0.06410833333333334
d0f4115e6,0.5391019356460532,0.15473642983607547,2708.9853796583348,0.09873994469582704,0.00749198717948718,0.010550213675213676
7aef49fb2,0.34339372702205884,0.2697224468193044,49.52815598711371,0.5417194297640932,0.2547998046875,0.04142333984375
75f3f26cd,0.603961662276851,0.3611573023290976,3969.4650125971125,0.1622039069359087,0.167294776119403,0.35451492537313434
2b8008b16,0.5313824891067538,0.24469902104092997,1097.3674429226346,0.21228036492374727,0.06420717592592592,0.10806712962962962
38fc09756,0.47007468571341915,0.24774486466840093,723.2178268407604,0.2949697465993358,0.1915361562258314,0.003552784222737819
c504cbfd4,0.4496908587509078,0.29456026565037724,733.0874422818073,0.1611430646332607,0.12609953703703702,0.07954282407407408
bd2f5699b,0.42250312755310454,0.26871922550949895,881.2591271901024,0.17637747651143793,0.22856119791666665,0.0151171875
89ba257e1,0.4650109477124183,0.26996919143359766,1523.277385924375,0.23818003267973856,0.09025,0.08506666666666667
f89c6f6a6,0.5141439440359477,0.15715763587139292,317.4969311743418,0.1916459099264706,0.011448567708333333,0.003271484375
f6c14900d,0.3858553409063502,0.2201631450185241,648.9415125555719,0.611868714275378,0.09322724477244772,0.02667589175891759
2716a01b4,0.40315712688584204,0.22496163357377907,562.6031784259757,0.3565852130325815,0.08099154135338346,0.0362390350877193
d9b4b1930,0.43320398675655736,0.22993825312390773,2009.0962968278134,0.3809728097713276,0.0931233595800525,0.015853018372703413
5b7fd5349,0.5468839188453158,0.2795854379830277,1483.6211063582055,0.2285291167392883,0.09896990740740741,0.0812962962962963
0594ed847,0.19429956427015252,0.28987067557235835,702.9121682955508,0.08589466836117163,0.6467515432098765,0.04425925925925926
5aefb7197,0.4622681188516362,0.21744388332558068,63.034082941487384,0.25717222110687277,0.06254266211604095,0.04162116040955632
1bc97732e,0.5956462969803306,0.21501320495665976,1310.8528647972084,0.30657575530212083,0.013721546310832024,0.027165914442700157
9e5476a10,0.5149464358660131,0.23201127850199132,1355.2998126001994,0.11769727839052288,0.03247395833333333,0.045192057291666664
8de855263,0.4809660130718954,0.20411153305801444,5091.307283553056,0.1883438888888889,0.014691666666666667,0.058325
500327aed,0.5040450481118374,0.19898638126737614,3412.7655320130316,0.41936240468409586,0.010179398148148147,0.010011574074074074
34452eefb,0.3800294420237231,0.2165714660254357,1306.3456631799174,0.514985445412733,0.10801697530864197,0.023279320987654322
0063bd7e0,0.5852962740238598,0.2309396320285225,229.32061643376804,0.3442887904852151,0.010974287484510533,0.13019671623296158
25c681109,0.49371908496732025,0.28471893965265604,111.7723577082639,0.09648777777777778,0.0335,0.17381666666666667
b28acaaeb,0.41274683324657296,0.19825583062417687,364.1543028550048,0.25305662560009257,0.0872566371681416,0.007846607669616519
16ce3524b,0.382129970043573,0.24228648806978312,869.6499742329162,0.29850186092955705,0.13957175925925927,0.02440972222222222
5b8610245,0.4152927332970225,0.25960683985322985,1094.7398244918927,0.21403233932461874,0.1610300925925926,0.05243055555555556
083f50328,0.36495299734477127,0.289606069801803,685.438057246738,0.24816659007352943,0.18959635416666668,0.10471354166666667
62d09ac7c,0.5776817647058824,0.2645542168756815,566.6104566652734,0.3566926225490196,0.03026875,0.15206875
28e14ee81,0.6544489705882354,0.3066663919652334,372.61271230859376,0.32956401960784315,0.00540625,0.402025
755f10f8a,0.5065861020334059,0.24762650610888695,948.2880458199375,0.16353488108206246,0.0757349537037037,0.0385474537037037
2db012118,0.5902217194570136,0.17648316306977332,310.5189406488043,0.21392930683979278,0.014924749163879598,0.026722408026755854
1043aca38,0.5782380387050653,0.2184243866194506,299.7994188393487,0.1666849213643791,0.017317708333333334,0.0018424479166666667
8ccda6476,0.5880019534129441,0.2531811453742788,3508.2849884246566,0.21559638065752615,0.017593984962406016,0.14021616541353382
53964c5d0,0.4677554253472222,0.24820972887559975,15859.72007799758,0.1726081622753268,0.08277669270833334,0.05992513020833334
4427541c0,0.4045045982994968,0.17183967938487915,1785.1152251755555,0.31929619989588753,0.018289085545722714,0.004778761061946903
fd1bf9554,0.42898901960784314,0.27132415102455987,1282.6523423091357,0.19832187363834422,0.018533333333333332,0.1657
8c2e6c331,0.6084566194899013,0.15362535226139062,76.92675590895118,0.1607735515258735,0.016334586466165413,0.007904135338345865
be917151a,0.5687972752163928,0.24992308218516845,1120.7082951210077,0.5661886592474827,0.011863738738738739,0.22585022522522522
59c474c59,0.6115065964657468,0.2241276110213775,874.5213305893134,0.2725580367949649,0.04359567901234568,0.10195987654320987
b41fd3816,0.4545593001089324,0.18467740624740878,157.88430555073302,0.21205253721859113,0.11083912037037037,0.0
c59fe4bcd,0.4598924046152757,0.2600806206708749,232.08651687750069,0.23639477596092587,0.14518050541516245,0.005487364620938628
db5a260fa,0.4001394642363988,0.23870070156525885,1519.7275033887402,0.3703096060020252,0.13143779342723005,0.022981220657276997
ded3b183c,0.4114770806100218,0.2581113734701923,8226.250480738765,0.3423423529411765,0.15243333333333334,0.057355555555555555
842c9622d,0.5034089869281045,0.1576699573002491,246.11247401604166,0.12528127450980392,0.01365,0.006308333333333333
9c296a253,0.5572750544662309,0.21563663806217417,636.5574465829354,0.4073856209150327,0.027604166666666666,0.011579861111111112
3e0ce6020,0.5548314568014706,0.1971301960057679,776.1664062275781,0.2821798151552288,0.014801432291666666,0.03682942708333333
faa139539,0.5110430964052287,0.2235689740230328,161.83100045839944,0.22783976715686274,0.024283854166666667,0.012080078125
c4dc1e8fe,0.3566109150326797,0.21313734123007755,178.202934,0.3246780392156863,0.23443333333333333,0.0
97cdcca1f,0.6033127496368919,0.1119854361300188,125.76294260973937,0.06862159586056645,0.003472222222222222,0.0
c5d0fdfac,0.2750442156862745,0.24837497915401707,2377.936454498264,0.19945950980392158,0.38208333333333333,0.028658333333333334
28e86bb13,0.6516266911764705,0.17328117816837357,32.939520269374995,0.28406252450980396,5e-05,0.05005625
5d517a321,0.5258674964866493,0.27106087206567514,5185.7334278299695,0.3007574449575052,0.054334470989761095,0.1445307167235495
62eac41fa,0.3047993827160494,0.18313005684864486,4204.7441273126715,0.5199560639070443,0.1371604938271605,0.0060185185185185185
09c00211e,0.263475,0.2388119518100508,206.65985120562067,0.14795310457516342,0.37994791666666666,0.030614583333333334
2262be7e9,0.6172185872395833,0.3085175528817688,1514.6520056714771,0.09505200674019608,0.1769677734375,0.1516748046875
7a7277559,0.5242301960784314,0.17122407305424267,9135.986511494375,0.10239588235294117,0.020275,0.005825
bb74a9d58,0.4819078612926652,0.16843162990778682,3375.761434981433,0.09999734477124184,0.040625,0.001412037037037037
91acbbf47,0.3591349990288513,0.3129283688054547,5202.188487065421,0.1384365442083266,0.34024545490710906,0.037773003938417475
df26f1098,0.5241929314935851,0.22408819085187992,970.5459798177084,0.14622388646816753,0.042222222222222223,0.017723765432098765
b88fdc7ba,0.44814860203340595,0.32881890349632487,1415.4692924067765,0.37862630113773904,0.1921141975308642,0.17228395061728394
5017052e7,0.33175481840463455,0.28506814843496314,130.9260229975505,0.19223253908571003,0.2636215672348485,0.09471472537878788
d43834f69,0.5174362291212781,0.25632178149271834,1868.4199908045055,0.4991021014887437,0.1210474537037037,0.03697916666666667
01d646ea8,0.38367298023015894,0.21413651488713661,647.4291785537873,0.3086258310013474,0.1088970816861369,0.0041131790521032295
803c3b444,0.537621762285161,0.13469652234876223,431.5875782976585,0.10071302348099732,0.03398148148148148,0.0
617ee6976,0.6591537581699346,0.2622508599223763,1190.9701903249306,0.23472751633986927,0.04435833333333333,0.18374166666666666
fd3804c20,0.5481603184354682,0.24176881443524634,405.07612905871434,0.17778024369016537,0.013283289817232376,0.05969973890339426
5181f9924,0.4371556883169935,0.26057882296411367,547.393427563466,0.30227923304738563,0.11071940104166667,0.06838541666666667
bd2084cc9,0.4008391884531591,0.1682138493081462,513.5508798144598,0.32103016067538126,0.009398148148148149,0.010671296296296297
6c55e596d,0.43654754901960785,0.23703681376687927,2177.223749159722,0.09278581699346404,0.0899,0.01125
4363acad4,0.4358528434629666,0.21815758736087695,292.50566240990713,0.20724763859031983,0.010257475083056479,0.035664451827242524
da8d56dff,0.4683496051198257,0.19424493036182608,2344.9882091866198,0.20969399055918664,0.07335069444444445,0.020943287037037038
903523a17,0.4465497539839906,0.20375452294161756,174.70767285275426,0.3462817434089741,0.024307116104868912,0.015543071161048689
cd1947175,0.6343182732077206,0.2814462135648435,5409.76877342186,0.11619401999080882,0.018837890625,0.293349609375
0e56a693b,0.594706045751634,0.20808128313129717,1258.8609295677084,0.13277049019607845,0.00875,0.0513
642b0dbac,0.5343571169208423,0.2517915202436092,2808.679451080247,0.20037089233841684,0.04976851851851852,0.032413194444444446
55b9c70eb,0.3326311501452433,0.23174140580669747,687.465425941867,0.37266573620188814,0.18711226851851853,0.03757523148148148
7509ed502,0.47695340584150325,0.12474473957119789,36.085770827388764,0.18274934895833334,0.02739908854166667,2.9296875e-05
f2be40d43,0.25185779774872913,0.25441843661362057,148.27881793927898,0.5397098311546841,0.4201099537037037,0.03435763888888889
add3c45c6,0.44432999268510165,0.30934798534536545,679.7553067797853,0.11702966479018463,0.21464403497624882,0.11706756225227678
cbf6b6e42,0.4407255555555556,0.18418281244973003,779.3421216775,0.21123611111111112,0.0,0.026491666666666667
2eaab0cb1,0.3857515126981745,0.2619261155497748,1004.4484012974959,0.21894281690098139,0.1786901724271244,0.09295600402072218
fffd9b5a8,0.3960731045751634,0.1548103504973715,217.1157716597222,0.1221368954248366,0.03410833333333333,0.02615
92d830572,0.40004715686274506,0.17242260582015265,2883.4250735455553,0.4350954248366013,0.025341666666666665,0.029133333333333334
5a089c77f,0.505079248366013,0.2189219460516209,4378.050282705987,0.24125983418058583,0.045007716049382716,0.03428240740740741
4b9f45715,0.5160851761757334,0.1891729294422158,297.8846081883515,0.1985091773551526,0.026823308270676693,0.015789473684210527
f8e3f9ddf,0.44547023407063974,0.2781675361005963,617.0445708521662,0.17854749562660313,0.07721674876847291,0.0884783798576902
21fc38738,0.5012776189179375,0.28875290369391554,1390.0142166063515,0.18514179375453885,0.10509837962962963,0.11566550925925925
1c3793826,0.5919611764705882,0.24800376744264177,5743.656591699722,0.1879728431372549,0.009191666666666667,0.16650833333333334
e31e27ce7,0.4741158823529412,0.21367558845859533,3436.8560105155557,0.17472228758169936,0.029033333333333335,0.014958333333333334
cc0a49f6f,0.2202940520689881,0.17750485816651929,1236.0468550058165,0.29180595448881896,0.2846989966555184,0.020309364548494982
7559336dc,0.35980542790032677,0.25997174728024697,1611.9347531860244,0.24399495761846404,0.13348307291666667,0.07119466145833334
32168f6f5,0.6050089593889991,0.25982880090062976,696.9755445053761,0.1027938973342146,0.022865168539325843,0.11251872659176029
bcfea60f5,0.40649591503267973,0.2665214298881926,2917.6105978957357,0.24518799927378357,0.12467013888888889,0.05938657407407407
e5317b212,0.5555007489106754,0.19188292540546886,148.14708330319252,0.24853576615831516,0.01587962962962963,0.004479166666666667
b49c33f08,0.5221306032737578,0.28321378421141624,523.2143599202931,0.24465313204927988,0.12442477876106195,0.12737463126843657
ad4a30fcb,0.4027441448801743,0.15744998014281664,653.0647500546218,0.4717057688816267,0.006446759259259259,0.005075231481481482
931fd5858,0.4196762209513435,0.20375991976165353,411.69935329295123,0.1589751497821351,0.057471064814814815,0.055636574074074074
9afc068ae,0.6379755809731299,0.28516235319952987,230.13395219853825,0.16287040062938757,0.06446759259259259,0.22492283950617284
bba70dd12,0.7352617093348968,0.292146029193897,936.1582658303992,0.08078972053937854,0.0036461794019933555,0.5027906976744186
230009c15,0.4532630065359477,0.2126823725510273,866.8836894641667,0.15286271241830063,0.11613333333333334,0.012483333333333334
c4fcf4990,0.4182101081812035,0.19626924208516122,284.8490492624851,0.2311735294117647,0.047025862068965515,0.00593103448275862
17d9c9586,0.46719620915032684,0.25182846654586805,5443.216763999931,0.2624310784313726,0.03675833333333333,0.10014166666666667
c2cad7ef6,0.4558628758169935,0.1933675475962666,568.6605405815972,0.1911688888888889,0.051133333333333336,0.013791666666666667
68ac3848d,0.49797270220588236,0.22134987959490676,2192.7027212997436,0.15103388480392158,3.90625e-05,0.084875
6dc40f9b5,0.5676544571532316,0.17187030029224643,384.2401941710337,0.20303415486564996,0.0019155092592592592,0.038842592592592595
3d3006ccc,0.7044902697921274,0.18102320586932005,657.60040790569,0.07037641898864809,0.005601503759398496,0.12229323308270677
7314ad440,0.47913516192994055,0.15843534393345682,1112.691177696068,0.1367460527282074,0.020870786516853933,0.009419475655430712
c1ecd33ac,0.4237124509803921,0.1735311774118382,479.0051786863889,0.3606767320261438,0.008083333333333333,0.0002916666666666667
2d06250ab,0.5765302925857843,0.27591010397312754,937.729970148319,0.2451193608302696,0.0522265625,0.298349609375
8ab1bbd3f,0.5431512043088841,0.26200663592998163,452.99973533926806,0.1808395061728395,0.0025308641975308644,0.1047145061728395
59a23bac0,0.5453500665698378,0.12853133887360288,554.9768479642967,0.4937849189058339,7.716049382716049e-05,0.003256172839506173
ac1eab621,0.6659792574437182,0.19419532165632328,1786.1194434536822,0.13705042665214234,0.0025694444444444445,0.040983796296296296
90e582b0c,0.7405347385620915,0.2345934550262974,365.3189523530555,0.12204571895424836,8.333333333333334e-06,0.395875
b30bcaab6,0.48004353362438723,0.22605597917857984,3736.6204627456427,0.16625679764093138,0.034619140625,0.0519775390625
f4c32b8a5,0.3705249346405229,0.2519792304566367,734.7888847899305,0.23057656862745096,0.20995,0.0030916666666666666
edcc13ccb,0.22462575163398693,0.1386080946713733,154.76889146326388,0.30449908496732025,0.19026666666666667,0.000425
610c05772,0.25477796500544664,0.20487561278672128,917.7998875677981,0.2716910913671024,0.30833333333333335,0.0015451388888888889
ece3629b4,0.3547948366013072,0.20375226080375997,1998.5381477065973,0.23484790849673204,0.0886,0.012266666666666667
bb714a80a,0.45307954339143064,0.19859318010721033,1442.030992539009,0.1834344135802469,0.04093171296296296,0.022430555555555554
73a25206b,0.3512293790849673,0.1992301247459937,1024.461022316597,0.09376421568627451,0.15995833333333334,0.0031166666666666665
26ceb4ba8,0.47361607327141386,0.2584912301955222,1077.2561447306095,0.08725415376676987,0.0640921052631579,0.0085625
ba20d5a08,0.5929823740042892,0.23445514397684752,1243.005823500818,0.4283185604319853,0.0422509765625,0.09400390625
f3082fa97,0.6219933088235294,0.3091286963433524,1415.96749059,0.18685019607843137,0.08051875,0.3180625
a6deb30e1,0.5820927450980392,0.24335234417247373,6489.2749508177085,0.41962065359477124,0.041508333333333335,0.074725
93eb14f37,0.4319891955994376,0.21072087049334148,345.89819246737903,0.4946563219456419,0.024157801418439716,0.048808116627265564
681a6f552,0.5570747303921568,0.33530915020015223,551.051075,0.390105637254902,0.1924375,0.25514375
27058d03f,0.47259259259259256,0.19644568347359637,831.2361068858024,0.23659424836601306,0.07357777777777778,0.013733333333333334
c71d537da,0.581800290486565,0.2731849673646732,897.0775520310558,0.2194703612926652,0.02011574074074074,0.25158564814814816
437b01de4,0.5486800108932461,0.20903480311358955,5845.660508582464,0.3887864469862019,0.011921296296296296,0.0428125
3b9f04df5,0.3928959801190671,0.2572759374597995,233.60257137384596,0.20033524040999873,0.14581592386258124,0.017862116991643456
bb16182f7,0.4210279593318809,0.2064050069988037,8466.61715211096,0.15241724158799322,0.049992283950617285,0.012800925925925926
7e704dadb,0.402878431372549,0.2016057744311738,1617.2716048249306,0.1749845751633987,0.05695833333333333,0.025025
505034c5a,0.5272015477487291,0.23140798607331622,891.1967152729551,0.16422455973129993,0.03484375,0.05772569444444445
88edfa259,0.4239042483660131,0.25596759696449745,125.70090624826389,0.37866238562091503,0.0042,0.09161666666666667
54e0ac09d,0.39579821627647715,0.3162280834539058,367.04966543998387,0.19651993573349072,0.23334448160535118,0.15767558528428094
69275e62d,0.40223000000000003,0.2355758151595939,75.59948511972223,0.20464392156862743,0.002125,0.08639166666666667
4359d65e7,0.4190363071895425,0.25022548696280134,1611.2347159493752,0.11314761437908497,0.099225,0.03553333333333333
6a00de73d,0.5572953176062092,0.22141591410080405,1047.7908733428849,0.3049459124795752,0.020546875,0.12055013020833333
aa0901313,0.3471571653352699,0.3479387007471319,1435.8462386230542,0.060924261679980635,0.4222145061728395,0.060848765432098766
541400630,0.44684002533597705,0.31654284438316144,6067.283738106838,0.20111923514724242,0.1827071629213483,0.09335791198501872
dd7732e86,0.4510527450980392,0.27777147731840535,264.25057441666667,0.13473754901960783,0.1193,0.09260833333333333
b2b9c5176,0.4822422339722406,0.2699028909930845,899.9673856940586,0.25598791951237426,0.06340823970037453,0.1368445692883895
704737525,0.3833931062535021,0.14013720066862762,573.7288774819847,0.3455923262988875,0.0028408839485631852,0.0018319718920641102
708189e17,0.4706629947859293,0.23575842514391546,270.72026181379664,0.1531181978409341,0.06664794007490636,0.036226591760299624
139f58538,0.6894994099491649,0.16281397353653437,667.8096816952469,0.23679466230936821,0.00140625,0.0002314814814814815
5e2e48bb2,0.37268693029051086,0.28542962634265406,821.6968666423613,0.3005636435176077,0.28244983277591973,0.07381270903010033
b9005c792,0.48339095690359474,0.17131246496888886,409.00459090524254,0.12029693882761439,0.041178385416666664,0.005836588541666667
716167b76,0.541765189628483,0.2688318903386,2557.22010628023,0.14009345975232199,0.08770559210526316,0.11101973684210527
f447d931c,0.7216588235294118,0.28607387286436087,269.5917589197222,0.149328954248366,0.0149,0.52575
2177b28d2,0.48597633986928107,0.22623716864094665,183.67008775000002,0.2992656862745098,0.015825,0.08621666666666666
d320b7121,0.511661424291939,0.18208485227944696,12585.722979994502,0.18229336873638344,0.00921875,0.03695601851851852
93e53882d,0.20283787581699347,0.13229575585423617,72.00880803993056,0.5966284313725491,0.300175,0.0
2ef182fc5,0.47811703703703706,0.27606686317050866,3279.9916349032096,0.14796409586056644,0.1660888888888889,0.025633333333333334
5918330ac,0.3007833152557764,0.1159152970254741,232.87464067769986,0.21842429917936299,0.047713872212692965,0.0
b1c7e0838,0.5883739215686274,0.1948782050610193,1496.103153308264,0.33601006535947714,0.00425,0.067825
f2697fe84,0.569380816993464,0.18075174955414253,98.86175158638889,0.16738042483660132,0.002825,0.007175
645914c88,0.489829705882353,0.16039478225168255,96.96771461222221,0.2759343790849673,0.023583333333333335,0.0
1b9b55f0b,0.5177153267973855,0.168949684000744,197.0523394415972,0.15212166666666666,0.0058,0.000175
a41b62aa8,0.38453154684095864,0.22210513844948493,1643.4950572795062,0.25293464052287584,0.10038888888888889,0.025155555555555556
5c9d75ab9,0.5997169261181121,0.20387704867036202,1144.886714568936,0.13819321792467915,0.06379836916234248,0.019071905114899926
17ba1d7ce,0.5807782997458242,0.18567069835339034,1227.8179971506545,0.2758241875453885,0.018865740740740742,0.012546296296296297
e95d902dc,0.38892686567164175,0.19380818462771052,691.2201477921585,0.14251881767632427,0.1012910447761194,0.01282089552238806
f071f1cb7,0.49141938997821355,0.28341474932330896,763.4927768058891,0.23756381626724765,0.13537808641975307,0.09385802469135802
9a7885841,0.47732570806100216,0.22535545366136328,589.4164438645352,0.32354166666666667,0.027181712962962963,0.02591435185185185
eb3101bcd,0.591512265942413,0.22479637754678644,1760.7359457824723,0.15784371687864335,0.006067004504504504,0.13182010135135136
4badb22cb,0.6517706734867861,0.25107242714904404,285.09831939736415,0.232214473080202,0.01943979933110368,0.23764214046822743
5b3c81931,0.47537581699346404,0.18780712738904412,8078.794814737655,0.2859055918663762,0.033796296296296297,0.020185185185185184
b3a19b9dd,0.4290173774509804,0.24590687593651575,4566.034646560585,0.3173486274509804,0.12179375,0.057375
d870d5767,0.5179087009803922,0.29462377042866816,2307.7396684103965,0.19444379978553922,0.05873046875,0.17733154296875
fb570c67a,0.6460695122814469,0.3388823058191991,1761.0915558230101,0.1234794719331776,0.0701985559566787,0.40439530685920577
c9c5b665b,0.49745433914306464,0.2873936076578615,876.352974262629,0.23763262527233117,0.061064814814814815,0.16154320987654322
7bfe95866,0.4213837581699347,0.3094773730568031,494.3016669641666,0.3404550326797386,0.24454166666666666,0.09414166666666667
07cfb3380,0.6266509459252451,0.23634018315487956,803.6425553495346,0.12538701554840687,0.01873291015625,0.15276611328125
2cf6ead97,0.4260376064567241,0.28099741489244057,821.5755518534063,0.574496212121212,0.1615088383838384,0.04099747474747475
f5f1ea56c,0.5188773202614378,0.2556359021069406,118.26917494937501,0.04445584967320261,0.01633333333333333,0.0168
1aaa74b35,0.40227872066859527,0.17558877079316407,417.6855901112604,0.2470693989071038,0.03472950819672131,0.0
06c5ddbd6,0.738036424291939,0.22677172737906545,360.8401471594958,0.1399342547204067,1.1574074074074073e-05,0.45777199074074076
f97d14e01,0.3328055351307189,0.23811205981445574,1029.739550748264,0.2184673815359477,0.16701041666666666,0.03925520833333333
ddeeba131,0.6264464705882353,0.1996753826120954,261.78500065305553,0.25917813725490196,0.0050416666666666665,0.0858
ca121ab91,0.39425297755821076,0.2907640496807535,2579.871368902916,0.391078431372549,0.18443359375,0.109462890625
d755e40d7,0.7179537254901961,0.17702090982905735,150.2438440828395,0.1958432679738562,0.0057666666666666665,0.09877777777777778
48cd2ebaa,0.4627338233117387,0.3497170563010105,1513.5337087502057,0.2201947782959135,0.25299735826051617,0.2044902044902045
d202e4c9c,0.5790526180509656,0.25338450705803106,140.8053802822841,0.15951101564221193,0.030159176029962546,0.15062734082397003
c6a2b6ae1,0.4042232207697894,0.27157982506026357,648.9096741159883,0.30199540062938757,0.13483796296296297,0.04420524691358025
84998166f,0.5676041624026089,0.23885209779404745,294.73476643035957,0.2199613903784664,0.03001043841336117,0.09154633495708653
79a352e54,0.46263858629871707,0.24544592024214282,3270.525313570185,0.4238665274751876,0.11625771604938272,0.014652777777777778
fb1a745e6,0.633915963144517,0.24099642196226193,159.73215018955224,0.09728413217138708,0.0,0.2159837962962963
1d5870131,0.4927979377297794,0.2726172267628054,418.1837240958214,0.25027900007659315,0.03756103515625,0.15753662109375
879c40dfa,0.3811509150326797,0.24827171921007055,716.1296140815973,0.16909950980392158,0.1462,0.025325
0d873789a,0.19479807189542483,0.12303860551523921,115.53920830270832,0.2014453267973856,0.32855833333333334,0.0
619d6fdf8,0.4535053921568627,0.3095380769698787,614.6370966027083,0.24863192810457516,0.22388333333333332,0.09889166666666667
fe879c04e,0.5569025417574437,0.1849151306610313,1799.0506950312208,0.32441487291212784,0.010622222222222222,0.029792592592592593
c90570913,0.4331173529411765,0.18376277898438714,314.3971071777083,0.19772431372549018,0.016791666666666667,0.0023333333333333335
b690774cb,0.4288479484386347,0.21419465531518728,3026.9313280044366,0.19390920025417574,0.05168402777777778,0.042604166666666665
78599649f,0.6082216993464052,0.10339773870509951,244.1592473322222,0.2152137908496732,0.0009083333333333334,0.0001
059cfed40,0.500051557638775,0.25243602161139683,575.2403793163866,0.36581890503715453,0.06222725173810964,0.08160172737855996
65829d12f,0.5179483986928105,0.14414866076994087,193.77705095270835,0.4654816666666666,0.0202,0.0033666666666666667
c1577c976,0.5142249863245862,0.2697812078037046,329.32595074708445,0.29404861496678025,0.04693855548041205,0.10437759939362456
1c8a8385e,0.5741449482570806,0.2081597316395005,828.0376215100616,0.1096898828976035,0.05278935185185185,0.00037037037037037035
3d9ee26e3,0.5900839839481892,0.29477161717770944,4066.782665107389,0.22671543794822893,0.08636018237082067,0.25193768996960486
c7a324d3d,0.34389071895424833,0.2538699960683378,166.00585332993055,0.3381837581699346,0.21933333333333332,0.0018666666666666666
678d21531,0.3226946033042847,0.2592584961617338,5387.948262439986,0.43898109567901233,0.24456597222222223,0.05347222222222222
107d56dc4,0.4685702614379085,0.2084097660574679,2584.3132477443755,0.18719679738562092,0.06745833333333333,0.006083333333333333
646fe5d09,0.5762848039215687,0.2691671996650273,226.9820094632639,0.19770986928104575,0.07500833333333333,0.19160833333333332
e2e5b8ae2,0.5780374509803922,0.24376893307074596,417.2660504622222,0.10483996732026145,0.003191666666666667,0.19153333333333333
5b26ccfdf,0.3701627450980392,0.2543567557985935,1867.2912453055553,0.2709531154684096,0.19595555555555555,0.0172
d16f1d371,0.4082705446623094,0.2302936493354908,2999.8300739511114,0.18806318082788673,0.07642222222222222,0.02192222222222222
7b22d0224,0.5340575816993465,0.22579052379733283,648.6735098888889,0.24610320261437907,0.002916666666666667,0.09186666666666667
cea713af9,0.24310212418300653,0.2310438252417473,239.41711129659723,0.30591441176470585,0.352925,0.020025
24af5742e,0.4592980718954248,0.2536730486556462,3080.117340288264,0.20681633986928102,0.020733333333333333,0.077525
ae84e47c8,0.4850817808420126,0.22908210845016128,321.52013691091673,0.2508517309667009,0.04466957605985038,0.07138923524522028
64dbb2214,0.6197765295933187,0.250841420338216,184.08411720595288,0.29465168845315903,0.02627314814814815,0.03277199074074074
549c35706,0.5337614814814815,0.30985870650403347,2402.6032324424696,0.07260745098039216,0.10038888888888889,0.1775
832110a99,0.5449595663287187,0.163260763971219,593.1052863644887,0.14206975108503594,0.009518810148731408,0.0055993000874890635
ccf8c71f6,0.4212093790849673,0.29278616283205255,47.12728151,0.31703395424836606,0.11905,0.13871666666666665
eff316e87,0.4693517610748003,0.2632834436679036,2942.264712622673,0.3991100671750181,0.06631944444444444,0.11003472222222223
ee34f3079,0.49857999727668845,0.1800631043281139,2372.4150389263955,0.11409347766884531,0.04397569444444444,0.03246527777777778
021b0b7bd,0.5400470368071472,0.17913674291423604,513.4117732781596,0.27770121779772516,0.009757169913419914,0.03705018939393939
49b868ae2,0.3680917965476789,0.2343378518046983,146.25397888531646,0.2115162560750796,0.12247405372405372,0.025595238095238095
529c2e04b,0.4164034439710464,0.2909337948717916,2397.468646480011,0.1712089833012644,0.22276577102803738,0.06792129088785047
1d911bffb,0.4916149109014675,0.3108167231530245,646.1408332529865,0.18192102653430345,0.07656577568134172,0.2181505503144654
b968b85c1,0.5157855775122548,0.2929807225291343,489.6674443525076,0.2813251187193628,0.1141357421875,0.09173095703125
6cbbe5cd9,0.6752013661946259,0.16321858732359265,255.9943054349923,0.15535289578794478,0.007609953703703704,0.051944444444444446
d29627289,0.6129349111832872,0.1984536880001017,610.6752250788678,0.2899961155218734,0.01043583844580777,0.0488049591002045
c2b92d7a0,0.40048853183248606,0.2524892307034145,1308.6841533516586,0.11431551077221012,0.0661574074074074,0.029020061728395063
48cb3c66a,0.5718715692657271,0.2497691638086276,1475.192437854032,0.2285601181661901,0.05038113064236111,0.13090684678819445
1cfc647dc,0.6292268845315904,0.28658924471112895,316.3208521758025,0.11112039215686274,0.13876666666666668,0.18288888888888888
61338b2e9,0.41862664316662995,0.2289782350867073,9656.381534374079,0.42927825512227363,0.06117041198501873,0.06581460674157304
429017e9a,0.4250286628540305,0.3374406973368824,1126.9685813700273,0.31478324709513433,0.26307291666666666,0.16659722222222223
bc4f18ced,0.48865255045532857,0.20139005359039303,547.1413768059251,0.28310242585527934,0.03755883891213389,0.04915664225941423
a1a9e48a6,0.2608542581211589,0.1697319279875704,81.40192762864781,0.15788977904594673,0.3002891791044776,0.0
7133c0c97,0.36874951491013075,0.25429812552017156,702.340529060777,0.26170774611928105,0.22403971354166666,0.051142578125
86629a3ee,0.21209254901960783,0.24405641285835056,951.7103569299305,0.19316084967320263,0.4879,0.010191666666666667
b9f90bdfe,0.44733441176470584,0.2693230796491384,481.4953320788889,0.14989542483660132,0.12675833333333333,0.049683333333333336
7595f467b,0.35583039215686274,0.21926183699678897,1597.245610728889,0.2903599019607843,0.19203333333333333,0.0113
192303603,0.4434269547325103,0.2629896976046208,1308.5899974734702,0.22513692205277172,0.16271604938271605,0.06477623456790123
45f8df95e,0.43807758366504496,0.15037995536477225,701.0880340434027,0.23237605042016807,0.008129699248120301,0.0
ed9885dcd,0.35547660130718955,0.24599248645178182,538.5341648441666,0.4769014705882353,0.20175,0.044283333333333334
c5b5d2650,0.6730982434640522,0.23809345862715203,766.8462897268035,0.12123944716775599,0.014809027777777779,0.1920138888888889
12653b9bc,0.7324552505446623,0.19971050220237913,606.929779845048,0.15174849673202614,0.00954074074074074,0.12275555555555556
bcf657071,0.5072393790849674,0.16441599357717362,182.66542467437068,0.14654293300653595,0.025635416666666667,0.0
314e041cc,0.5582724509803921,0.31426027587873206,333.35488570493055,0.19159607843137255,0.15136666666666668,0.00024166666666666667
0fae8116c,0.534080637254902,0.18048761853645548,699.601625516836,0.27115093137254903,0.0244,0.04165
ea4c18b67,0.5392066766521423,0.22102641082450622,203.44582742302035,0.11092805918663762,0.05648726851851852,0.01566550925925926
ba04f3e21,0.3835187553282183,0.24055231622417345,1097.9565460185008,0.2992769689815726,0.16385451505016724,0.04937290969899666
a0fd5da22,0.742874364560639,0.21081602701825375,177.20600226414265,0.1691524763979666,0.004251851851851852,0.3687259259259259
3821d75e9,0.5857647966594045,0.2749041493831055,2691.694987701341,0.09406858206245461,0.09627893518518518,0.17107060185185186
20f05426f,0.4730536764705882,0.15857287884866733,942.1589219738499,0.2029936274509804,0.00096875,0.01890625
bac34e381,0.5686660028594772,0.21078799415920316,4337.504490078555,0.21798766424972765,0.02942165798611111,0.019677734375
c4ff3b712,0.48277674215225996,0.197201379886351,585.70264040271,0.23714558593390406,0.02154733959311424,0.009751564945226917
063521459,0.41341400304414,0.20017861088397434,531.8752883462604,0.2587655340675083,0.051335616438356164,0.020131278538812785
0e1a54250,0.45979870749798046,0.22617059074723098,667.0734727790227,0.29165789087170446,0.1053183520599251,0.033305243445692884
ce768b010,0.4617681402062741,0.2107375532855377,1065.9907571384456,0.1353988645266536,0.019772851669403395,0.010207991242474
619dcb4e6,0.4828393075980392,0.4116379490476445,525.0126183979552,0.08173434095860566,0.31009114583333336,0.3195442708333333
e4dd90768,0.6157273481973434,0.1830509923610459,761.3550937037519,0.27620717372970693,0.002772177419354839,0.012933467741935484
10e1cbfdd,0.33224134729649435,0.20489056448832219,6731.859010678717,0.3667917842642107,0.11744002525252525,0.025347222222222222
49d1423d5,0.46932424428104574,0.27979869377336075,702.6472779116207,0.10824202154820262,0.19183919270833333,0.05806966145833333
01e6a888d,0.45863031045751634,0.1263400025964885,356.08585609537755,0.16402859477124182,0.005,0.00010416666666666667
b414c5dd9,0.513852851297549,0.33244429262011443,799.4597117360388,0.12522038133579655,0.14873377507488428,0.20320716468488095
79f358573,0.5067961764705883,0.2101999215950503,704.56906536,0.07688107843137255,0.006741666666666667,0.024791666666666667
9c714104f,0.4881422249455338,0.20691145236730718,419.2920360677083,0.26260748002904866,0.034386574074074076,0.036869212962962965
ba030cdba,0.5081066639714305,0.27150075383865974,3659.099419925293,0.37048308739303276,0.12405498281786942,0.10478522336769759
c457ca802,0.5241926289034132,0.23761048984007405,1354.8365638883529,0.18589019002662793,0.01739969135802469,0.09449845679012346
8a9bdc274,0.40666607661583154,0.19675323480145854,2016.4110433135274,0.33864592411038485,0.0478125,0.020225694444444445
f8710e158,0.45526611111111115,0.2364678622740352,807.8547226165973,0.2249812091503268,0.09063333333333333,0.05335
eddc2e2ae,0.5487385961328975,0.18586412103587904,292.7856623019748,0.19901126770152505,0.032578125,0.0
d5cbed556,0.4852491861979167,0.2930346909629999,653.7139500941694,0.21135639744178922,0.10830078125,0.14198486328125
0e8887c13,0.5783793119099492,0.3180540935887484,1455.3167056058905,0.17577267156862747,0.05663773148148148,0.2841782407407407
5c1fa6bd2,0.5856875226942628,0.21910641772748243,4014.334066934016,0.1870363789034132,0.0033912037037037036,0.08002314814814815
b2676e6b1,0.5224102088018305,0.18697706325023775,228.85657054559343,0.22661747445457056,0.012694919517102615,0.005721830985915493
8f90bba4c,0.39695256869040757,0.20406866915583194,2056.098649535831,0.3420515668471561,0.09369750579429714,0.015862552892895874
0cf709a59,0.14768418300653594,0.08029344525233133,11.759996216597223,0.28754620915032675,0.409225,0.0
573f877f8,0.47167450980392156,0.2052393627375523,758.1737151027083,0.15354522875816992,0.032425,0.041508333333333335
02f89bdcb,0.3516592483660131,0.2185310546948072,247.98703545826388,0.2666514705882353,0.075725,0.028133333333333333
0c281122e,0.5029490570533769,0.23667819005659804,247.33019636109904,0.18345675040849674,0.0,0.13418836805555556
511b4a044,0.5616927124183007,0.20911282978514237,6658.142001442708,0.22880307189542484,0.024275,0.019408333333333333
9b7179c65,0.5862706753812635,0.23942686985690628,934.9776799011112,0.2962427450980392,0.0517,0.06452222222222222
61e477c0a,0.4481042265795207,0.23657160116334425,548.6252425461729,0.2629106318082789,0.10358888888888888,0.03222222222222222
6d67ee4d1,0.49703308823529413,0.2556948941046876,2444.3650102493216,0.19600034722222223,0.09484375,0.07941145833333334
c659e8a32,0.612371339869281,0.1946877491765466,379.33160272888887,0.29859977124183007,0.001025,0.0971
2401dd6df,0.48516730210602754,0.1869482325001654,4647.738178471686,0.5668763313967563,0.021689814814814815,0.010100308641975309
becd6c70d,0.6592070927136287,0.19515754648813674,694.7279680460296,0.1117527838295812,0.00013117283950617284,0.18761574074074075
4b2aa880a,0.6104336274509804,0.24948834836685685,600.7370083177084,0.3390338888888889,0.011316666666666666,0.19445
f51667d46,0.48225608481327437,0.25311720181155145,1127.4607911461524,0.346808003785128,0.05788439955106622,0.05366863075196408
68838474a,0.5632029185943382,0.38886340099202654,349.51393961078963,0.18216666783672533,0.18822055137844612,0.42762859529776825
3745aa22f,0.3937369934640523,0.24372656164942205,900.6313509799305,0.13912725490196076,0.15031666666666665,0.004008333333333333
548df7912,0.3735096732026144,0.26817043299050963,1238.5818915260418,0.1815527450980392,0.13846666666666665,0.08555833333333333
f246dec63,0.4860315032679739,0.1923533526595329,923.9989441766667,0.22708006535947714,0.004091666666666667,0.056933333333333336
6a546bfb7,0.38357407407407407,0.26288834166894176,4952.532927708237,0.36766324739772455,0.20319444444444446,0.00984567901234568
99859bab7,0.4465343790849673,0.2317735535308055,225.57475049159726,0.30579800653594774,0.023825,0.029583333333333333
5d02f91fc,0.28685029664401085,0.23895937178351997,277.1896816205527,0.28897672077974995,0.3380299251870324,0.022864713216957606
c87651546,0.5200988441353553,0.14128075441027302,394.04148504488114,0.06709665475385555,0.0038314176245210726,0.0002736726874657909
75bc667ae,0.47995202614379084,0.18878204515197677,421.04698686326395,0.24172264705882351,0.030825,0.004583333333333333
b1021dc35,0.3493246003356298,0.28703113196424007,1105.6259220133384,0.43947215597950895,0.2701435810810811,0.10957207207207208
c042fa2d5,0.26791607843137255,0.20201607698104307,161.9145653382639,0.4317655882352941,0.35528333333333334,0.00025
f45b98b4f,0.48900339562908496,0.1829802321677578,17651.617948480223,0.611214128880719,0.026588541666666667,0.010406901041666666
4c04c9cba,0.2615406964869281,0.19238686692528328,175.11091594208142,0.28905596405228756,0.26033854166666665,0.0
e3f28534a,0.40272061376633983,0.20226074632316882,7879.4981254785225,0.20918580218545751,0.030475260416666667,0.026552734375
f0ba86cc6,0.5059401864980521,0.23852199923746273,1057.6275989665673,0.3787315897042856,0.05411237785016287,0.12019543973941368
c7c443855,0.6332646574742163,0.24173583565841375,1271.8577947074846,0.2813920778810485,0.0339527027027027,0.18328677234927235
257a99aa2,0.5896906318082789,0.2040955383328557,628.3175449297786,0.17988682371096587,0.0528587962962963,0.020515046296296295
94afcd90c,0.5882223969252272,0.16928266947863774,76.10543754793343,0.26057600608377524,0.0010940775681341718,0.04183700209643606
26edfaa28,0.5001147875816994,0.23619894201102004,986.456788929579,0.2458649662990196,0.014241536458333334,0.040022786458333334
c1da8c2de,0.5016394603818539,0.15501044726602728,3052.2476127096697,0.2836415102439443,0.007703886152162014,0.004269293924466338
3a4ce4c6e,0.5790915141976523,0.20432076427766782,349.86344945631197,0.09955869237327038,0.04580267558528428,0.004698996655518394
62d822791,0.45873323529411764,0.18170511019044758,370.57994935305555,0.1996217320261438,0.059625,0.00044166666666666665
a9294a9ea,0.5861965550108933,0.21697289791618826,1530.456306785301,0.12281510984023239,0.0,0.08519675925925926
a97a679b0,0.47908953382677577,0.2077221245348638,1772.752613043219,0.1077006232956759,0.006076158940397351,0.041821192052980134
fb9833d4b,0.35216844107434636,0.18667662124589612,872.5238606709797,0.217621195874183,0.10986653645833333,0.011490885416666667
c29a364bc,0.45836431525735294,0.3052067607747966,2030.6475622501137,0.19162625421262255,0.12559326171875,0.14166015625
6cc070892,0.525088406541656,0.21631518565847682,1352.366886407144,0.28551698918286383,0.060780567685589516,0.004089337700145561
6e61a7b46,0.46850826071169205,0.17477637479294938,292.17475355782216,0.12566246822803195,0.014149305555555556,0.043778935185185185
fc0952bea,0.5793713814265864,0.2552606863916683,1137.1530015069845,0.07216979311409603,0.12920767716535433,0.04830216535433071
dbfc5a778,0.4148576482200325,0.2650150592719335,912.8519952192581,0.16074434532696327,0.1687711505922166,0.03840683164128596
06666dc09,0.3313722539941903,0.2002510279037581,436.73858451937446,0.18622474128540303,0.0659375,0.04480324074074074
31353ed83,0.48010344045025416,0.2806495325066582,2749.9212627515417,0.16016367102396514,0.13397569444444443,0.10058449074074075
d605fa35d,0.5828885172798216,0.20806502694705098,568.7869536123758,0.11476050888582859,0.0067558528428093645,0.12139632107023411
e5155cda1,0.5561106753812636,0.3010500829568041,1873.4631716933334,0.08169725490196078,0.07266666666666667,0.1612222222222222
cde0d8e8e,0.592740034559849,0.2607459674270432,489.9349145753573,0.23782040928296005,0.03590154288702929,0.1111074790794979
6b7f2c603,0.486463137254902,0.16475639995849745,848.4458474775,0.20297169934640524,0.032358333333333336,0.026058333333333333
095314294,0.4905830065359477,0.21248264519271962,2669.006950956597,0.386507614379085,0.029008333333333334,0.052125
49a867af7,0.5301590187000725,0.25350057678623444,1892.6125999805756,0.18213035584604212,0.05741898148148148,0.14027777777777778
1712ba40e,0.5704169607843137,0.13987894342319876,202.44987041972223,0.3964158823529412,0.004183333333333333,0.012641666666666667
610ece7bd,0.5889461764705882,0.23595985929796087,1961.4965247082641,0.15021803921568627,0.059975,0.028525
9da5c9d23,0.4974265931372549,0.21891813839421273,1141.7141976775,0.42546539215686274,0.08478125,0.02558125
30aa1059a,0.49265305861928105,0.24151438879752415,478.4811528320207,0.2464365553513072,0.065205078125,0.049970703125
ef7bdaf3a,0.4618620958317102,0.15540696680131819,2862.8213352944363,0.2862172445136995,0.020165562913907285,0.003195364238410596
f1775b51b,0.41475805562383855,0.2502899131751203,146.99180127896804,0.24453799215605346,0.04307253779084765,0.08851184027240365
2a2b95086,0.46519299791048924,0.17666367512950434,315.91626535669934,0.3191578511335006,0.0014173017783126087,0.00152426795026073
67db5accd,0.40815298202614375,0.212560702832539,195.72133700560462,0.15079023692810456,0.1454296875,0.004641927083333333
c001473a1,0.5258484126072304,0.16944111796973735,585.6107313500252,0.29467973297717526,0.006231689453125,0.0188690185546875
4910ac042,0.4659628500229523,0.13562865620877887,456.37234588476366,0.17191766673224473,0.018436454849498327,0.0
92b6acf73,0.392547785397684,0.12855059221249207,163.08609742672775,0.15848095560063105,2.7367268746579092e-05,8.210180623973728e-05
7e3607e1f,0.6674601960784313,0.2449473216434032,1973.2593712155863,0.20750833333333335,0.01675625,0.24928125
5893f7a9e,0.4781066883894728,0.3141199775997157,7154.103252552341,0.1724240456509766,0.12524623632782017,0.16849103003766835
3dc98128b,0.4644544768956534,0.2620755731982678,2488.010588378099,0.17894762100644454,0.08840034965034965,0.07818181818181819
8a302ccba,0.5423154616013072,0.1805269253642233,2724.832648944049,0.12112867647058823,0.005358072916666666,0.00205078125
a0f76e19b,0.5021170343137255,0.23238736614404004,369.87241118960907,0.40621170343137253,0.087109375,0.038828125
edb154f1c,0.5267240522875818,0.2435793710408393,1644.1101329441667,0.32141555555555557,0.058583333333333334,0.05105833333333333
0dff88b6f,0.6239558276842335,0.1891717372691373,78.1235839843804,0.22270212843501713,0.003949814126394052,0.015613382899628252
6f18704f7,0.31062906227305737,0.26326386733520035,791.7791703959566,0.2842648420479303,0.31971643518518517,0.01119212962962963
093cce3a1,0.40545831063907045,0.24184173475794543,521.3892294619127,0.4699367510893246,0.14628472222222222,0.0030381944444444445
aa91c3400,0.3390399116436698,0.2800722613346284,294.3140084438348,0.3664316751391915,0.3364969135802469,0.036188271604938274
e86af84c5,0.4510931117238562,0.2444889838897724,13.632070209715103,0.1352640420751634,0.12796223958333333,0.044069010416666665
77a6f71e8,0.5924170765296085,0.2721093223843239,422.6843894905398,0.3160425273788445,0.030660535117056856,0.24431438127090302
2885ade43,0.4794891067538127,0.24580152288533505,446.369799844038,0.20776273148148147,0.0316724537037037,0.059785879629629626
5d3289417,0.4997716276325345,0.2094482270432126,363.43288578636054,0.2430669934640523,0.018408564814814815,0.01318287037037037
75b726ba0,0.5217142565359477,0.24488749048426522,701.2106072641901,0.34890549683415034,0.055361328125,0.10396158854166666
39ba962ef,0.43870182951457737,0.21721965671645713,1432.050546862637,0.1874996787104355,0.016485252808988764,0.020271535580524344
31eb7b312,0.3375408544565367,0.1228023271699801,26.568771319151693,0.42065533590485377,0.039201551522248246,0.0
171113c99,0.5295855800653595,0.16898294118704946,789.5148253277982,0.3654113108206245,0.018744212962962963,0.0007175925925925926
acfbc9b71,0.5573818082788672,0.23387711078104162,3238.2483379773976,0.17013457697893972,0.06414351851851852,0.03774305555555556
fa3df8921,0.5551384350036311,0.2509782790398233,1171.4607398959608,0.2607989288307916,0.026319444444444444,0.11127893518518518
c491ec026,0.5310400653594772,0.3508273554362016,61.31150541493056,0.2314335294117647,0.13073333333333334,0.2849083333333333
f5819a31d,0.35585986928104574,0.2977214288877271,1925.2901450465972,0.4711815359477124,0.2766166666666667,0.08503333333333334
2abfa66d6,0.6208371568627451,0.26878440074372534,362.4186136715972,0.22181673202614377,0.004791666666666666,0.273375
c99e3a906,0.5878716861276346,0.25006313234768657,267.0510925839716,0.13927223323786442,0.0584562265917603,0.08072916666666667
44d722701,0.35002178649237475,0.19557557175089835,225.38532989563907,0.27960661764705885,0.14590277777777777,0.00015625
3ae326dba,0.509612586238199,0.22016858081583085,2267.992024377592,0.35169256082062456,0.021238425925925924,0.023148148148148147
8f1ccbc6f,0.4274829946023353,0.24489846828557293,495.05836259195485,0.2099208939193655,0.028546348314606743,0.0879564606741573
03aae5768,0.5891155917696232,0.29279300398022384,1087.8314459001974,0.297086973308132,0.055280172413793106,0.18693181818181817
ceec02726,0.6286914317810458,0.2113458078241072,128.5450064207289,0.43741639859068626,0.026188151041666666,0.09791341145833334
b2876d101,0.5622629012440485,0.2989816369676844,1959.960055641829,0.19099485486100445,0.06155352480417754,0.22597911227154047
44f048354,0.5230885294117646,0.24534252675988502,124.13613315972223,0.18210787581699348,0.027541666666666666,0.09215833333333333
dce0ccf91,0.38481139984757473,0.1828397706635032,443.0556933187624,0.10738518061575628,0.00034724633655114936,0.011135032525406856
ab2c124e7,0.6075900352328432,0.25924195443377895,888.0148409938812,0.25186473651960783,0.04840169270833333,0.21069661458333333
8de170932,0.40464385893246185,0.19024063280725093,994.1376393806531,0.5196337145969498,0.09194444444444444,0.03466435185185185
44965fd2c,0.515648191721133,0.2554769828937594,3303.5824909387657,0.2637215250544662,0.08041111111111111,0.058977777777777775
dd074b8ba,0.6711971432767864,0.18079075737589181,373.1295702155136,0.14072347066167293,0.015964419475655432,0.04380149812734083
5e10e3f87,0.2381097494553377,0.18546920843125386,451.7726612048491,0.4207089460784314,0.2989525462962963,0.008327546296296296
3cbe65e9a,0.4464354575163399,0.19577538439935593,7442.630415972223,0.2089763071895425,0.055,0.023958333333333335
e6ff63097,0.49425030758350774,0.18923236319014752,574.6038769021678,0.24737794747345576,0.05806571146245059,0.0022264081027667986
060d1de98,0.5001811002178649,0.25051528643658927,768.975464965646,0.2609801755298079,0.051893939393939395,0.04513888888888889
33a9dff78,0.682761893281903,0.29825057866795,629.805578798962,0.1679554805528769,0.012448770491803278,0.4222438524590164
da9d78f91,0.6384601470588235,0.25405466437359936,635.7374372793358,0.1940845343137255,0.00883125,0.2439
ce0412bad,0.43030660130718956,0.17383836972358585,397.71801784993056,0.357352091503268,0.0128,0.0036166666666666665
a7560614d,0.37869872549019606,0.2213354919748096,264.2280239822222,0.28598836601307187,0.15771666666666667,0.003966666666666667
2ddad75c0,0.567550766934905,0.21195947276961596,1796.2015310363215,0.2600206137368242,0.006984585741811176,0.0736873795761079
7d25ac957,0.4565549019607843,0.26581086400106363,6519.949630153056,0.1782225163398693,0.07423333333333333,0.06068333333333333
7413a61ae,0.3233447840073529,0.24739164182600645,247.8920123799642,0.39185648999183004,0.3350325520833333,8.463541666666667e-05
e7da5a824,0.44219523547453465,0.2499096832852347,279.4376989657257,0.1771672708362708,0.10376556096806619,0.03623289260032475
8421c66e6,0.5666530175420922,0.16209295488773004,292.9137386870672,0.11810159059342283,0.010544925738919892,0.031088522750760326
074d26284,0.5221145606390705,0.22967577732535388,253.83696179802033,0.16231531408859842,0.034971064814814816,0.04770833333333333
23b64fe21,0.5501314890710383,0.3108485339222352,35.75777493857205,0.08909464400514304,0.20895418618266978,0.0003878805620608899
0aa2ce4a9,0.5470882125998547,0.17013058093026465,710.8609491343221,0.2960644517066086,0.014189814814814815,0.03155092592592593
9725fc542,0.4622192807580779,0.1908903333614405,122.18951451851532,0.37800721917288044,0.024928477112676057,0.003144256161971831
656246ceb,0.4299010428141294,0.14220565771449106,211.34560899998598,0.2539364397444371,0.00020599250936329587,7.49063670411985e-05
7f352f8dc,0.5083961220043574,0.17790395581263094,446.570579001358,0.2003953376906318,0.02388888888888889,0.0
dcd8e75d3,0.5633644444444444,0.20254980317581125,9285.064833116598,0.28321098039215686,0.007416666666666667,0.1087
a2656874e,0.7499333384395425,0.2001628650910921,1152.1289778211806,0.12494757199754902,0.011767578125,0.2582552083333333
fef340804,0.5799897724521907,0.2342833377738535,442.96348698535854,0.20721048172355364,0.09119598765432099,0.0005092592592592592
afa1e2afb,0.6181217473954987,0.23737608136271807,653.0346161674166,0.1308435669060832,0.06260128232227154,0.04424716409497639
d574448ee,0.4732137254901961,0.25593510296187305,2866.834394359375,0.19029816993464052,0.017441666666666668,0.11469166666666666
0306e85dd,0.36116133986928106,0.18669528870119023,515.9346896530557,0.25574075163398696,0.09341666666666666,0.0028333333333333335
3ff737b0e,0.5105311648965142,0.20104652310898904,1589.8404687463078,0.1977104779411765,0.026280381944444445,0.04046875
fc2925be3,0.4889868300653595,0.2685129637278966,213.7019099455556,0.17346513071895425,0.156875,0.004533333333333334
ecf521843,0.37939650964120086,0.29619837345670985,923.1374342072925,0.25770238385810756,0.34637966804979253,0.008195020746887967
736b228b9,0.577695414624183,0.22437592273476856,2215.1757183227433,0.651031964869281,0.022919921875,0.11201171875
375a0eb3c,0.6601022040395105,0.30942003588162903,241.59158743816778,0.17691220698805837,0.05021616541353383,0.3958176691729323
ca659fd81,0.5557011208129085,0.2832160622329707,341.608866996087,0.25632917177287584,0.08615885416666667,0.052490234375
ac8fa1b6c,0.5759041605957586,0.21726592366627887,356.11605413256945,0.2561136664476378,0.022826614861583293,0.07790189412336085
82f95b703,0.479307121459695,0.28279738309384395,602.6321733405135,0.20419455791575888,0.06544560185185185,0.006967592592592593
780dff088,0.5831784166850261,0.2585595634531013,1804.6932584269664,0.2076215025335977,0.001048689138576779,0.23529026217228463
352ba3335,0.5192750326797385,0.22090911613239697,1336.258494699722,0.2591161437908497,0.03528333333333333,0.016516666666666666
e3e66cb5a,0.41871236878589824,0.20797288397640246,1020.8077435430297,0.3513701970687265,0.09210227272727273,0.003087121212121212
40156a896,0.5180176715686274,0.20765984471804635,1730.335032666836,0.39126899509803925,0.02755625,0.0795875
76a045292,0.47536076401364036,0.2751737877815854,489.6591711477678,0.11285100391834253,0.2778402961560252,0.02231259361588191
0c5d5968b,0.5562548039215687,0.19625774515578054,298.33104803305554,0.15552133986928104,0.017158333333333334,0.08053333333333333
8d970238d,0.4958331180832989,0.2429977669631269,785.1030907381107,0.45948305551728885,0.10484484777517565,0.027616364168618266
41e4cc1de,0.507231568627451,0.30628492353223574,527.2079797999305,0.31816950980392156,0.19209166666666666,0.11488333333333334
7811bdd84,0.5109996405228758,0.23555860753020705,1472.248465226667,0.23587493464052287,0.03729166666666667,0.06558333333333333
cdf5760e8,0.5039345894607843,0.3003218516518451,185.60113606642616,0.12222125204248366,0.14207682291666668,0.11242513020833333
57dcbe4c9,0.4675814379084967,0.23157790510086862,9109.1913496796,0.33004541176470586,0.021446666666666666,0.06662
7c82670f8,0.8186895424836602,0.15584378193281806,168.73996366493057,0.17831486928104576,4.1666666666666665e-05,0.4505
9702a20bb,0.3977041462418301,0.24277504374786876,3692.449080187215,0.14810269863153594,0.09695638020833333,0.042109375
8b5a5458e,0.47250187605906563,0.2011448233221528,8668.652557226831,0.45323269184216897,0.031103395061728396,0.007932098765432098
152880177,0.5213291802832244,0.27970486620273893,960.0524848056788,0.2561932643427741,0.1347974537037037,0.0828125
fabc9bfec,0.27573942447349314,0.08876912520221832,77.65677186049892,0.07594074527959331,0.04495949074074074,0.0
379d5e10d,0.5028666339869281,0.17431115305085237,1401.1871915999309,0.4619587581699346,0.005633333333333333,0.009183333333333333
ed08c717d,0.4440003267973856,0.22857481137053423,2498.819138096597,0.10753307189542484,0.05176666666666667,0.012216666666666667
4df0d1886,0.45055685618729097,0.2945208061494335,289.91072455558384,0.17978592038822216,0.0747324414715719,0.16718227424749163
9a719040f,0.37237349673202613,0.18400347361829916,107.13329971972223,0.48787728758169935,0.121375,2.5e-05
881aefbb9,0.6659818976279651,0.23621029880303404,261.3236854742667,0.28934302709847987,0.010187265917602996,0.21851123595505617
126cfd595,0.44163101307189545,0.1653202662819846,129.72582979972222,0.19791767973856209,0.017125,0.002775
c6e25d716,0.4668879206003389,0.1938199210887206,967.8461290999846,0.16834265311062696,0.0007407407407407407,0.025516975308641974
991c722c1,0.4585097167755991,0.27757718360537986,3352.312841884445,0.24175019607843135,0.1341111111111111,0.043244444444444446
ddc2e31c0,0.5788280582574237,0.13820617703517216,598.4953667059333,0.4668280582574237,0.010323709536307962,0.0014698162729658792
d9c6517ae,0.4932428947188631,0.20426179178370335,2887.6093033002912,0.14628299287194552,0.049317653890824625,0.0016623112659698025
3b2a0338e,0.7222222578404659,0.20074763535279044,67.71898474337176,0.39066322060159214,0.005619891008174387,0.10333106267029973
84efe95e8,0.4398344226579521,0.15499358471061395,315.3590407321674,0.24611056644880172,0.01726851851851852,0.0
8d047d078,0.5828887908496732,0.18971068291593401,1983.8116249915975,0.1910803594771242,0.009783333333333333,0.04811666666666667
2f0abd493,0.4658999019607843,0.2639628670008629,82.10453092652344,0.25967257352941175,0.055025,0.0287
3eaa698d3,0.38129504953022875,0.24190145423999787,1220.8238256231944,0.1786422589869281,0.14257486979166667,0.04481119791666666
9cf90beff,0.5986910130718954,0.32195358811801156,2990.198166326389,0.24301650326797386,0.0967,0.353875
4eae8cc31,0.5613956047250704,0.23544312774275025,1094.224197191536,0.3269321220843077,0.05892201834862385,0.10669724770642201
9c777bb01,0.46585393147157855,0.22908698473320488,172.3988308767919,0.48842067736185385,0.052695707070707073,0.005138888888888889
66a287bdf,0.5316171568627451,0.15843800668951852,142.408472969375,0.28640937908496733,0.013175,0.0
5510ac89a,0.4973056463326071,0.21436101517202505,541.6897007115912,0.24877119644153958,0.018958333333333334,0.048663194444444446
fc0b0843c,0.4722095044914517,0.21313555468140788,3408.7315059547404,0.1707646736855662,0.0062397372742200325,0.06321839080459771
e1d86f0b6,0.6190557213223454,0.25706777273125103,3798.835592390976,0.45055245334848915,0.0028743961352657005,0.2942512077294686
41ee5af3c,0.34441774509803924,0.2089534456626711,431.17548801104164,0.36874875816993463,0.17679166666666668,9.166666666666667e-05
062f73a4b,0.4939472624798712,0.25789757872000174,2221.9189309201715,0.2527606327555177,0.06253623188405798,0.09440217391304348
0ea0beb3c,0.28951820261437905,0.23785587673116662,337.7773753322223,0.15912359477124186,0.27334166666666665,0.0005916666666666667
106f7b51d,0.5260108379289216,0.29332707886303033,944.1334235355316,0.2611551202512255,0.09500732421875,0.17812255859375
87a3ef269,0.5954543391430647,0.23360787720212217,3847.659166345031,0.13324836601307188,0.04493634259259259,0.07938657407407407
bd4404a60,0.575228316551846,0.3244688658771771,487.0290199151854,0.1755453541777071,0.05275900900900901,0.2668918918918919
c7cfbc8e9,0.5193326715686275,0.25348751837872163,2092.076234656094,0.14160198529411763,0.0853375,0.11050625
31653bea0,0.21955614379084967,0.24010104059377982,329.30073329972225,0.16862019607843137,0.5791916666666667,0.0017833333333333334
14cbb81c8,0.4322234477124183,0.15140855611782977,778.7781374755858,0.11048337418300654,0.032677083333333336,0.0101875
843d24f0a,0.5834089147954263,0.29787679218211915,385.0842715935526,0.1880377806860449,0.1873353337236534,0.0980898711943794
53b996932,0.3983283388827229,0.19927134493149248,164.81803290708436,0.13219019607843138,0.0999811320754717,0.00020754716981132075
979d48d7b,0.47131733227446093,0.2826624661299951,435.5461185015157,0.43939511911595663,0.16175801599530412,0.05101621542299509
40c204453,0.46010284313725486,0.21613349305863178,365.44866686604166,0.3139466339869281,0.051908333333333334,0.026283333333333332
1eb7eb47a,0.21439613564258594,0.12658094954254565,49.997898359764726,0.16625087117074946,0.2544429708222812,7.957559681697613e-05
4c5db9ed6,0.4767441538090646,0.2279719640432016,2169.2252534592976,0.46312498995499835,0.07784579918032787,0.024892418032786884
822b31b85,0.5457012527233116,0.2789798661006255,438.3257639074051,0.23350435729847493,0.062330246913580245,0.19892746913580248
84b297843,0.4079284237132353,0.20005665283841062,98.87667058256997,0.11591297743055555,0.10753255208333333,0.0
26e7f93e8,0.6052788589119859,0.23884661925886924,108.03422460144722,0.08268973905351615,0.0027913533834586467,0.03267857142857143
a366ce2a5,0.5608116702410131,0.24992797986739645,288.4368171868219,0.19325435304330066,0.05398763020833333,0.016614583333333332
92d0ff357,0.5772613122171946,0.22151871016414554,471.89846539694287,0.1359980517848165,0.005424679487179487,0.07443108974358974
dff412d60,0.23313416143156293,0.18415605910037988,128.07466141824028,0.6027688939653532,0.3232065803667745,0.019754584681769147
323803a9b,0.49275063336952585,0.2530387920372472,337.5382455686238,0.26946842200506693,0.09289495114006514,0.036699239956568944
404eb3b06,0.5074000288350634,0.1508615035594331,164.58910933910036,0.20723944636678202,0.011970588235294118,0.0
d1052eb2d,0.533597350645944,0.22057974405406047,87.16867812936935,0.11042861827005049,0.005451505016722408,0.10116220735785954
bbab88df0,0.5461961550245098,0.23639923599730764,585.973436126709,0.6236193321078431,0.0076171875,0.08847005208333333
b39f3f7ad,0.46953600555266356,0.21675248420180113,1153.3750118986084,0.3555657354387183,0.06300884955752212,0.054100294985250735
694653d6a,0.4304483333333333,0.1815548449276116,105.15917965972221,0.36211630718954246,0.006066666666666666,0.0034416666666666667
cc22a5abf,0.39020452069716777,0.2780794010247927,1905.7122571292748,0.4225065359477124,0.24013310185185185,0.042430555555555555
8c10b6035,0.5101686921296297,0.23152697755632606,1009.5191810919868,0.1584145901416122,0.036362847222222223,0.07143229166666666
db8a8df8a,0.45136599037763253,0.22868926917489765,848.3891928744092,0.2509363652868555,0.056614583333333336,0.04578125
4dc593f4e,0.5016558823529412,0.14289186979309498,3529.79959304,0.24783830065359477,0.002075,0.016658333333333334
420bdee9f,0.7315684640522876,0.2845678329176289,396.63637906555556,0.047629771241830064,0.03323333333333333,0.45034166666666664
95636a0d9,0.4780102462037446,0.16946764892428373,3414.6199827243154,0.14410022605533443,0.028489974937343357,0.013402255639097744
a8ba4dfa1,0.5068087095319822,0.28827358460646324,937.7198140180808,0.074100055012585,0.005622922319291788,0.1976024382969747
f29dc8be2,0.5715681981604902,0.20303092655414098,584.9780986037675,0.15699346405228756,0.024931581828133553,0.027654625068418173
470fba174,0.48195704636369596,0.26814237410060215,393.8466638761731,0.48618329070758737,0.063938127090301,0.1326505016722408
56f62a309,0.425060520361991,0.2917174144512171,252.27020061425202,0.22962339743589744,0.11868589743589744,0.13778846153846153
9ca5f1891,0.5947942689421447,0.25133685025372177,1447.9995129386125,0.09506699346405229,0.053495370370370374,0.009521604938271606
adc5ada07,0.5344333986928105,0.23115638934661534,498.9741626666667,0.154868954248366,0.12750833333333333,0.04074166666666667
769579681,0.4093441811909949,0.24828218311312902,1124.4756424374343,0.1139440813362382,0.09817708333333333,0.05293402777777778
77c076881,0.5905646254595588,0.24924582095601647,847.4494595601022,0.2611201842064951,0.013896484375,0.14810302734375
7da9d50b1,0.4342193548131227,0.20796220830128034,773.0918150334463,0.32737981074306743,0.11219660194174758,0.01253539644012945
00af25fc0,0.6741981663035586,0.31642337550296545,3642.5188474007746,0.17759059549745823,0.07142746913580247,0.3888734567901235
804c6c78d,0.47094853766422395,0.21838353272627936,3334.464013977882,0.24592764243744636,0.025925925925925925,0.04074915824915825
a8b358af2,0.3680966980863262,0.28362917150648587,972.8972571848767,0.1980956976215533,0.2911015307111025,0.06306917264096105
8e68a9075,0.6312311486322923,0.32273483306603956,577.2687719644848,0.17690374606632778,0.0896604938271605,0.31948302469135803
79a6cc443,0.45967022875816993,0.21989059033978334,524.4109674663889,0.3099481045751634,0.06183333333333333,0.056541666666666664
99a9c9a23,0.4602390967828779,0.2434028160061974,103.96570010979002,0.44760437699107103,0.09698226544622425,0.025638825324180017
c7bb75711,0.5997263298838054,0.23688259638301196,433.17112252229083,0.2792042937545388,0.013952546296296296,0.08191550925925926
51d637766,0.47660607843137254,0.29077071280884065,5095.431709331598,0.16790859477124181,0.15150833333333333,0.06199166666666667
efd269df8,0.6563799847749862,0.29538652488013684,496.5120686566952,0.2597706739902762,0.0005284262223741879,0.2692059618911442
73b5c37dd,0.6023820125272331,0.20025208304010794,468.81881484130525,0.10388562091503269,0.020833333333333332,0.005109953703703703
8f214e361,0.3879589971405229,0.17754853902243195,143.06939149831135,0.11830759803921569,0.06174479166666667,0.025911458333333335
244144067,0.5530217396854574,0.21269934870420934,140.25632798206541,0.273830384497549,0.017727864583333332,0.047379557291666666
0493336f7,0.2788712176228516,0.3263650131075407,1907.8386452436746,0.19471066327765674,0.47856481481481483,0.09655092592592593
d1fa13f8d,0.3615029502541757,0.1876516789894734,429.91647728574566,0.12539258805374,0.012621527777777778,0.0006886574074074074
486f89692,0.7150836821620034,0.18893222441010388,281.82166029041997,0.26066027759418375,0.016273408239700374,0.23597378277153558
c18106b39,0.5203343091866376,0.2218294238476307,1104.2469537015604,0.2606027369281046,0.05207175925925926,0.006070601851851852
afc71f432,0.43183617011619463,0.1670845187611911,645.2116549284925,0.13878497185911404,0.030734953703703705,0.016927083333333332
59e7b5f52,0.5460435729847495,0.2520540058712156,2231.0153266065295,0.1869830065359477,0.07237037037037038,0.0892
5182392d9,0.5487184640522875,0.18363835077686416,945.6649565332639,0.16727705882352942,0.013441666666666666,0.027216666666666667
6fe7448a5,0.505590603391115,0.1973785455353412,2984.66283799641,0.21054667519181586,0.015730676328502415,0.009229066022544283
762a1ef1a,0.6468208061002179,0.25989030790853807,598.0375163865431,0.24124440208182038,0.05459876543209877,0.15493827160493828
e3fa5b2be,0.5324750209768592,0.24036061692481286,1678.7843652767297,0.1746109068627451,0.03865427927927928,0.12414836711711712
6dd12152a,0.5278410130718955,0.11672244559093115,264.02112011555556,0.07600297385620915,0.00025,0.004966666666666667
8940dfe55,0.595375,0.2534565627352906,273.8568399428798,0.15050521968046476,0.05353587962962963,0.08451388888888889
82905a82e,0.630081797385621,0.1893051692950403,828.4219684582638,0.20323287581699345,0.00013333333333333334,0.10168333333333333
1716cd645,0.4291024645969499,0.2772484504011047,2566.879127342109,0.17157475490196078,0.13559606481481482,0.03988425925925926
58d54417f,0.42229153231663036,0.19481377918512696,2481.3531779377777,0.354080174291939,0.050414814814814815,0.02100740740740741
387701d9d,0.6342165513264129,0.1996577746597571,153.3018921067324,0.2286113857307629,0.011659663865546219,0.0571218487394958
97094f7ec,0.5098032066993464,0.13061183519308067,104.68192613915338,0.15640436070261438,0.03201822916666667,3.90625e-05
1a6729b6f,0.5226650519031142,0.23097940273925366,444.5845710101644,0.30663340542099193,0.0420625,0.05253676470588235
4fd97d6fe,0.44455698529411763,0.25918603383513816,501.5592629881473,0.2863655591866376,0.08583912037037036,0.030208333333333334
015fdb354,0.4646866716035073,0.19690833325220478,9431.524896934596,0.3047217124397652,0.036850027367268744,0.016023535851122057
07b2a1416,0.46436950980392155,0.2629954234123879,540.4242217899305,0.31848349673202614,0.16865,0.06651666666666667
51398fac1,0.4417335410985586,0.2914216231234128,968.9070573590521,0.16744094922737304,0.11975165562913907,0.11072847682119205
fe250bce9,0.6740156862745098,0.2741366831356675,378.2923558610416,0.13353019607843136,0.035575,0.308825
e62c62127,0.3591917941288772,0.23722145886359416,732.5633721454553,0.26034748893830156,0.11974513172966782,0.020196162657502865
d8727d356,0.10554256639364606,0.15190207476754497,112.86569854991188,0.33021385579548274,0.6938132911392405,0.00015031645569620254
d99c980a9,0.47534057280319536,0.18529833463766263,473.62516001036846,0.14124242011619462,0.038483796296296294,0.02420138888888889
8aec4488c,0.4632586928104575,0.19107393185373753,749.1628066041666,0.286717908496732,0.029783333333333332,0.014808333333333333
c6d378000,0.47663734000544666,0.17054402533085286,1174.641553541226,0.23248435797930284,3.0381944444444444e-05,0.014448784722222222
345b95213,0.4043987835875091,0.21543971909773785,329.24241869802387,0.17368709150326797,0.10651620370370371,0.028252314814814813
814740bc3,0.41844846889373033,0.21960932731996982,7804.775338811728,0.4590843621399177,0.07948302469135803,0.014637345679012346
6bbcc7ea5,0.38648770837923185,0.27658546086259445,4397.283354053865,0.3160952531761768,0.16146418539325844,0.09335791198501872
a399a151d,0.48669687840413944,0.17525975868006047,110.34458827218893,0.1249381297657952,0.05013744212962963,0.005555555555555556
23367e78c,0.24194961166284695,0.14326795287761798,290.7291718407404,0.18422386681945507,0.22386363636363638,4.0584415584415584e-05
1b8ef81e3,0.5098969680464779,0.20456590046103618,384.8134884392623,0.3153156015492617,0.01986882716049383,0.0006018518518518519
7a1d75edd,0.41998754901960783,0.20077189184611735,615.9465532222223,0.33509767973856214,0.08594166666666667,0.017416666666666667
0659c05d5,0.6369632352941176,0.180603574676256,244.28910358638888,0.23557892156862745,0.00105,0.06029166666666667
4c674cc1f,0.5971175449346405,0.12271623662269177,87.51734705086649,0.13316586614484502,0.0005544354838709677,0.017258904569892472
5353b2283,0.6161383789184464,0.25404406474915947,180.7433454941757,0.30679233795429,0.029538216560509555,0.09828821656050955
da5d1c5ba,0.3874721241830065,0.278924885816357,852.4008131510417,0.18361166666666665,0.138225,0.101375
7a2ea6461,0.5814461866424274,0.11522982653618945,103.49433577469914,0.13201010150196943,0.006256898454746137,0.0009312913907284768
2023404f9,0.27720789225187614,0.36279982136745315,1110.6706644066853,0.11200501670774168,0.6038392724019681,0.0867302817951394
e29fd3f0a,0.43056,0.1915936544750757,950.10859799,0.2102356209150327,0.020525,0.02455
ff361d3b6,0.3668002941176471,0.16042477202761865,117.71370621222223,0.2176358496732026,0.0815,0.0
d09a7dda3,0.4072100546398116,0.22803983458677574,1860.0367438475303,0.35215110918055526,0.09031286436066847,0.026233968130586864
14a1d0eb4,0.38632793028322443,0.1656850618352474,519.4201148795062,0.27875211328976035,0.03546666666666667,0.006666666666666667
1027c621c,0.4362887581699347,0.2658940461538533,1579.019332212222,0.20553434640522877,0.060625,0.057583333333333334
513062327,0.31026434640522876,0.2865083839270475,283.29317088826383,0.3469204575163398,0.36475833333333335,0.005208333333333333
91306f563,0.48275712418300654,0.2005516728023306,522.8869170054321,0.17177633986928106,0.0021333333333333334,0.10547777777777778
b3f83cef6,0.44122971677559913,0.3423651961480681,519.0187705766666,0.1840240522875817,0.05494444444444444,0.21861111111111112
db5d27601,0.4374637345679012,0.287457905924706,4767.087618710582,0.19437858569353667,0.062002314814814816,0.13330439814814815
11c88e3be,0.5302061764705882,0.27215748728628236,141.62688179659722,0.2677055882352941,0.03501666666666667,0.19255
bdcd82280,0.4708919607843137,0.2250781760552778,348.42059203826386,0.37471339869281045,0.07275833333333333,0.016008333333333333
45904d2be,0.4827487908496732,0.16328577966412694,143.63916439888888,0.14521356209150327,0.011816666666666666,6.666666666666667e-05
f247a5242,0.43339408496732024,0.10645011250107698,108.47566654159722,0.28491225490196076,0.0020583333333333335,2.5e-05
a86f09670,0.5837182423275522,0.16245538405203436,844.1245009657081,0.0742742696378639,0.0003882327209098863,0.07603893263342082
c82b8b2c4,0.6632887315419995,0.2202945578461084,1483.9889234133875,0.1493632897603486,0.0325,0.0842283950617284
7803e9e5d,0.4456274169389978,0.29834303251195765,1503.6212669879487,0.3337290475217865,0.0052734375,0.18936197916666667
63afbf2f2,0.5532550608206245,0.1648316248606621,1730.9507234733676,0.21641668936092953,0.01513888888888889,0.023599537037037037
89c980093,0.4195845436940208,0.2299424711165926,1453.611774905633,0.41427926046962,0.08420524691358025,0.04902777777777778
699365a99,0.6227526797385621,0.3375110856968659,68.8497736582639,0.05551986928104575,0.0201,0.3864916666666667
48d1bb550,0.49231696320503515,0.15669152480309306,770.091413379963,0.2204920418784798,0.027021604938271604,0.002916666666666667
3c9dc7370,0.4838330274638591,0.3281661761832084,2148.719032932546,0.22373708103931228,0.1895457033388068,0.20677339901477831
701c7e67e,0.452047181372549,0.243571847047537,824.0351850425661,0.09922039675245098,0.1208349609375,0.0395166015625
303696f08,0.49787109404756463,0.26205293812468555,61.63246396501832,0.33276610372198606,0.08093434343434343,0.06989607614607615
2ef8bed36,0.5040421389910131,0.21274923468836973,91.85762186262342,0.17291943678513072,0.017688802083333333,3.2552083333333335e-06
daed4ac40,0.5082054057734204,0.2285871313127881,1340.8176496066621,0.3448549609658678,0.06496527777777777,0.05168981481481481
d6b7b63de,0.5670130208333334,0.25065790515627373,880.88107257381,0.134478515625,0.05911783854166667,0.04864908854166667
5c9de0c0a,0.4512577096566326,0.16940323932562984,5498.97096877436,0.09109825209426493,0.029562793427230047,0.00036922926447574333
964b2fec4,0.42825552495245595,0.3451103760591867,635.0775222591889,0.18330687258180864,0.24039297658862877,0.1526170568561873
8fd0bd843,0.5243261846405229,0.20322966320345626,663.5325365803702,0.1907220179738562,0.04873263888888889,0.002181712962962963
9e3239219,0.31551216412490923,0.2594299360691679,583.4504697573136,0.3275140099249576,0.33958333333333335,0.02574074074074074
d3ebee32b,0.442638144312542,0.20421944325890865,3736.596590364192,0.2089791953933276,0.026961868338666737,0.015089627182142207
33dda6165,0.44591613022567517,0.14801452187444977,105.83200395790318,0.2957952645209027,0.018754716981132076,0.0
d3bafdff5,0.5054030065359477,0.2937877590220648,1338.283934662222,0.2850635947712418,0.06665833333333333,0.14124166666666665
c11ca8051,0.42781356663035586,0.22916838487558092,2673.651107365579,0.23064292846768336,0.06467592592592593,0.0797511574074074
b412a3f6a,0.5385556535947713,0.1990491193794774,364.78079017159723,0.2362856209150327,0.045025,0.044525
c790696c7,0.39045547385620916,0.28034241582373326,227.72686152903026,0.44127065177923025,0.29935185185185187,0.006342592592592592
34edfc9d5,0.4704116913859561,0.19297901482731722,424.0786555710914,0.16800499099212335,0.009869123931623931,0.015598290598290598
98da79d01,0.5857151416122005,0.20259547188397853,1163.8111789346494,0.20310330428467682,0.004508101851851852,0.0697974537037037
4a78a1859,0.39329493737294247,0.30318094179357524,4755.123474079638,0.2279739655059348,0.22108695652173913,0.11969063545150502
2fdd78c55,0.47918604108309987,0.2756445275484374,88.783295904195,0.26388015873015874,0.1675,0.00794047619047619
1f3e595eb,0.45851313997821347,0.25983803342653466,199.1053635920018,0.21988124092229486,0.08521412037037036,0.07175347222222223
92fa4a896,0.5556078527113971,0.28118027528919837,774.0736155317724,0.24276130706188725,0.05925048828125,0.092470703125
4b8b0a817,0.5738656862745097,0.1536133455459996,944.9110446371485,0.4722246323529412,0.0047,0.03024375
bb32a589b,0.5271373202614379,0.2374802851904856,222.83587984888888,0.223405522875817,0.027933333333333334,0.0
036e015d2,0.4474783713807584,0.3285460767457647,3457.27187539342,0.27782541599570587,0.22315821256038648,0.16288747987117552
9b5df2f3d,0.4994050925925926,0.221770614197762,557.9221739320774,0.22558496732026143,0.03690972222222222,0.027609953703703703
73d65de2d,0.4147687454611474,0.24151551198849294,1364.7804921103395,0.2956348720043573,0.0625462962962963,0.03875578703703704
2b666036a,0.4540993205155404,0.24364153390274523,1114.9501025221552,0.24606108168556254,0.0685326120178495,0.04723699492634024
db745332f,0.6062688513677076,0.1669466872916483,259.5473515851242,0.09396135923505204,0.0,0.12907407407407406
1e4b7018a,0.4771536288126361,0.23681335714994753,738.0149133936565,0.13246170343137256,0.07713975694444444,0.03911892361111111
246c3850a,0.38404474421347484,0.19424745123919612,696.7607888504155,0.381640940586761,0.10712406015037594,0.009595864661654135
eada14618,0.48719002782631204,0.258438008343715,2129.662499990734,0.21456944714079249,0.03364961496149615,0.1316831683168317
49310cec4,0.2503927259609078,0.15849119290377026,784.5485121110346,0.23420236551921045,0.22004132231404958,0.004378197560015742
2dd6e4186,0.47217156862745097,0.2107527686723848,734.6493323330557,0.31226797385620914,0.07034166666666666,0.003625
de591574b,0.546085875090777,0.25382879494811694,1942.860758422818,0.20202954793028322,0.036626157407407406,0.12850115740740742
10c24c385,0.4236125647583448,0.16192827712456745,360.7607019158063,0.16393127418191356,0.024857859531772577,0.036153846153846154
bfdd20655,0.41555321385454397,0.1929389087090477,2708.3300156520017,0.29242587215353233,0.03404989384288747,0.010920912951167728
31a77d7ba,0.49045362745098037,0.21791116385345033,503.77703562326394,0.23533088235294117,0.07235833333333333,0.006575
df9a4b31f,0.5271899282861293,0.23644695420951756,1135.4878069042231,0.13118173565722588,0.07320601851851852,0.045063657407407406
a7baf1366,0.33866240970072237,0.22736431369936197,565.4310945591131,0.31615953947368425,0.30671875,0.006036184210526316
d8e376a50,0.5605954974582426,0.24214257383321247,619.1209806315104,0.24259704066811907,0.042957175925925926,0.08078703703703703
181d40c5e,0.39786511260851093,0.240128998854068,919.6225764930532,0.32615850179080924,0.14726006191950464,0.045147058823529415
33f056cc7,0.5020202948603684,0.26987561600707893,2353.8318597422694,0.2490933538819568,0.0531802398989899,0.027675189393939394
886debfe8,0.5117828385984023,0.23387074551666817,4528.670998475242,0.3572020243282498,0.02347800925925926,0.05504050925925926
6029e0ed0,0.329713401245915,0.24494396234726526,393.833778899765,0.2623038832720588,0.12902669270833333,0.0008333333333333334
4dfd61242,0.5398996405228759,0.28811238805225353,869.1788328197223,0.12264437908496732,0.0471,0.17625833333333332
2599e55c5,0.35494618055555555,0.17688776247126958,315.1069023284806,0.1538714256535948,0.05255533854166667,0.019339192708333335
ca40312db,0.6683487908496732,0.32617933309005825,94.98598027083334,0.09312493464052288,0.012125,0.42835833333333334
f8d16f3ef,0.4461440849673202,0.19817391454412037,155.0094131197222,0.1859456862745098,0.06121666666666667,0.0
963520a2c,0.49752736383442264,0.24597300409107403,913.1888937777777,0.38990143790849674,0.025544444444444446,0.04084444444444445
2c5b817a7,0.3197587207167511,0.32089910632324464,1005.8605845045342,0.18441877799809062,0.4955430711610487,0.05426029962546817
26d17afbd,0.5456705013411915,0.12437186117773284,582.8708518749002,0.11039371528958404,0.00656912331406551,0.021604046242774566
86ff8539d,0.5476695140102246,0.1152187398873834,249.52791627938169,0.09181019866692552,0.0008745874587458746,0.009843234323432343
45c871da9,0.5134192311183733,0.21086282528419556,589.76674279822,0.13620011801016702,0.0134375,0.0009780092592592592
0ed23a049,0.4676016339869281,0.2630847621338926,2517.6045901860416,0.17830856209150325,0.08675,0.0364
02126e289,0.4617683369644154,0.30279290917266505,7660.4048939363365,0.1725587327523602,0.13443287037037038,0.1488715277777778
012a1a396,0.6269512745098039,0.25580097735531226,5066.55856156,0.10817787581699345,0.0023666666666666667,0.2357
af7125abe,0.38346264502611255,0.24861829896358198,126.91741362240114,0.5318962652844231,0.125109649122807,0.00998305422647528
a09a76aba,0.5622853759450488,0.2286603658061629,204.13278721825236,0.11668333947999261,0.05388175940438871,0.02132641065830721
aee1ad5e4,0.5240275816993465,0.18225355978504507,188.8258463263889,0.3070835947712418,0.0,0.034833333333333334
a6c836abe,0.5946936774709883,0.2677306212508908,907.9622110784279,0.332640389489129,0.08700680272108843,0.12258503401360545
be467e42b,0.3569267320261438,0.22882673801088596,749.4344349322222,0.31504326797385623,0.232475,5e-05
4a2544358,0.692589085449678,0.14382050359681423,255.72865165569178,0.09669805006873598,0.0027214022140221402,0.007679889298892989
a5f576bb1,0.6186460501896232,0.19903147391866682,930.7104294229158,0.3730460340514807,0.02147633744855967,0.0024382716049382715
1aa39ed52,0.3587984130106892,0.2532864069370045,509.2216441090564,0.24623263820578398,0.15510869565217392,0.03470735785953177
74a9b9a9e,0.34545019607843136,0.25125389568478984,2282.5352196788886,0.3479730718954248,0.19896666666666665,0.050675
ddbb99929,0.45631028486866443,0.22721246832040862,60.10699351192595,0.6913422863485017,0.15984905660377358,0.0
c1548b685,0.5025466835171568,0.2670422486229654,1342.1443315052882,0.34689482485702616,0.039365234375,0.06590169270833333
092b32197,0.548905576183962,0.2975461567542461,243.54336238555592,0.1670344602957462,0.05491694352159469,0.22489202657807308
167a6dcf3,0.42002577218178244,0.2633851663137439,1210.7826372512611,0.3825045576759132,0.1225418060200669,0.061036789297658864
1e1727250,0.3480754187091503,0.23188006926993282,325.064264312066,0.6178943525326798,0.32647135416666667,0.0
51196cf13,0.5050735069050577,0.2507772325441121,310.48823594489005,0.2815027503195952,0.01315426997245179,0.12790977961432506
bfc46890f,0.39868712595479955,0.23345837811829728,258.9585415671121,0.30510651675328765,0.17289470381526104,0.013990336345381526
6cd340cfd,0.542912320261438,0.20153521607154717,175.16967351555553,0.1557847385620915,0.024258333333333333,0.0178
c16df543f,0.4416995424836601,0.1917488047814725,313.8438950122222,0.25848535947712414,0.11210833333333334,0.00044166666666666665
a4cec9f83,0.4763687445127304,0.14293383568494294,230.00616732011585,0.1662569505414106,0.006119402985074627,0.00044776119402985075
a823f714b,0.35533149315897244,0.2258472713426737,841.9399475130663,0.47815257352941176,0.17712371439873417,0.010326839398734177
28060651e,0.41961873914425485,0.2610421538010632,632.2031735939123,0.45059288450250984,0.10919621150253912,0.07499084790628256
570fdcc4d,0.5680263863357843,0.2391835451548197,1815.1126875266075,0.30616311785130723,0.017327473958333332,0.17736979166666667
b4f69489c,0.3533575163398693,0.26698977240109883,300.13428959888887,0.1604685403050109,0.12768888888888888,0.12242222222222222
8837fcacc,0.45917346707469114,0.3061616687140367,669.9880289627799,0.17115720276549926,0.1783176782273603,0.14789860308285163
bbd704c14,0.5917839703974975,0.19742381175105936,407.9235796528902,0.26890096894789045,0.0006906614785992217,0.024143968871595332
521320b95,0.3587395908980876,0.37250912726836155,1957.2865120017907,0.2503205337690632,0.46020833333333333,0.15493055555555554
87ef4d3ca,0.4497162091503268,0.2247035239150853,1144.8881049215972,0.27819078431372546,0.06925833333333334,0.012966666666666666
10f4c8d8c,0.490382608251634,0.3135991994724367,600.7953497110578,0.12943171721813726,0.14811848958333335,0.13731770833333334
94aec9453,0.6437455973129993,0.18883989677034868,78.81388785150892,0.20302961601307187,0.0033333333333333335,0.13940393518518518
6975353f1,0.4724594907407408,0.273191275254395,4272.563482115912,0.16383210784313723,0.0998263888888889,0.08372106481481481
fcc2ea490,0.5058100502463249,0.22180130893285643,4936.470705659206,0.33433808808808807,0.03968968968968969,0.04675925925925926
5925cf3fa,0.3886546918767507,0.22440253115764916,340.5807470247928,0.2201812675070028,0.12886607142857143,0.02500892857142857
8d3b5e6e9,0.6454888562091503,0.28877575540042477,857.7892231066667,0.14176026143790849,0.05538333333333333,0.18033333333333335
3b0238af8,0.4943336283587509,0.2566289346983347,403.92341426129536,0.2598450435729847,0.11178240740740741,0.08995949074074074
e9e9c9efe,0.47012123275236023,0.23513704464601834,8382.947975795418,0.2071975989469862,0.03643518518518519,0.08315972222222222
919ebd16f,0.5440125816993464,0.15052545641497495,1003.8649596132639,0.21626790849673203,0.0015333333333333334,0.00995
a031e3771,0.4498611791938998,0.20829195271516782,1064.029754194396,0.21936911083877994,0.02997395833333333,0.08851996527777778
2bf4445c7,0.49514170297748733,0.23465159613364117,1316.3497227840137,0.26168452705156137,0.10559606481481482,0.014826388888888889
6f1e6e8ed,0.3328193565265126,0.23597596318054034,612.981379818022,0.2951218413874736,0.09375546806649168,0.04342738407699038
35c9855f5,0.4646476061689044,0.3224306273430395,1103.2280414051272,0.3081470212606115,0.19131089217296113,0.13082922824302134
1e34e1ebe,0.4354176879084967,0.20670835518739444,2102.63824078776,0.17246952160493828,0.07181712962962963,0.03155671296296296
a630f3a73,0.49640281045751633,0.21205351491799626,392.5894234108334,0.15905846405228757,0.04175,0.000875
cfd0757cf,0.523214248366013,0.20236673827239304,874.5999957746913,0.34552322440087146,0.0024,0.0822
a54202bba,0.49655112411456725,0.28738763757765123,2481.1151299606304,0.44480171440303873,0.10420811518324608,0.11758507853403141
e9fa49f8a,0.35273218500363107,0.15855148702318553,245.9970177803699,0.4295177242193174,0.08752314814814814,0.0
967ee6c2e,0.5761615468409585,0.3323784529480721,235.12008794204388,0.31013053740014523,0.1029537037037037,0.30312962962962964
b532e9588,0.3583801130939267,0.2517165260118998,843.2088365775224,0.36543585224351915,0.10065543071161048,0.07627340823970037
29eda0717,0.33090447712418297,0.18639861308968272,265.3504365555555,0.5289953267973856,0.10259166666666666,0.008641666666666667
f75724b44,0.6051618932217082,0.2827661072622493,157.14957588267475,0.25007020635969746,0.05271535580524345,0.24920411985018726
2b3387bd7,0.38254754901960786,0.27710881392742387,2202.439396288086,0.2798670343137255,0.21095833333333333,0.08660416666666666
1f9a15807,0.4632465219421102,0.18249538987355113,2024.063907459042,0.4998980859010271,0.022827380952380953,0.006976190476190476
584ba2890,0.5845176107480029,0.22356254391153474,1247.8238084871184,0.2601930374001452,0.0031539351851851854,0.06980324074074074
d83749129,0.3623096078431372,0.17706835220261505,1081.4201895815972,0.20102140522875817,0.0589,2.5e-05
f293ae915,0.446993137254902,0.14298367279054125,23.319506319722223,0.07956313725490195,0.020358333333333332,0.0
8ae60c34e,0.6511723090277778,0.2583413138423253,251.97263528374566,0.0613403160743464,0.06442708333333333,0.2937727864583333
4f75e3aa2,0.5327362472766884,0.21960701836536226,5338.344914835442,0.18824147263071897,0.0007638888888888889,0.08217881944444444
01d981c81,0.4877187953885258,0.23207196003442632,501.9754512340321,0.38417283950617287,0.03902199074074074,0.07271412037037037
d6fd7962e,0.5500251055283225,0.15024554542070157,380.91539816555445,0.1457535913671024,0.02736545138888889,0.015750868055555554
e554a9066,0.416293455449724,0.22112271606657666,12138.31863101326,0.1617313959559949,0.08800122436486073,0.04300581573308846
1ddc14ad6,0.5673044771241831,0.13822154371077255,51.93668398638889,0.1671308496732026,0.005175,0.0
01c6d3224,0.6205234545206972,0.1368666573952647,4909.454252833218,0.26893491285403054,0.0003385416666666667,0.02845920138888889
8cae4a15b,0.5678288813572304,0.1879865141780231,181.73183192748428,0.26381227022058823,0.00188232421875,0.04969970703125
e7d595174,0.5990757843137255,0.19478565258198816,1086.0235633766665,0.09627290849673203,0.008716666666666666,0.015233333333333333
9f07e684f,0.4780016742612538,0.22878083757919895,3170.938767538261,0.10569116496363803,0.08777142018779342,0.023943661971830985
1736706f9,0.5847799199947538,0.21909490657858247,571.8853675427988,0.22743455308544822,0.007884615384615384,0.06045150501672241
298ae7ea4,0.4051244138509289,0.2533856979889812,753.8396484463568,0.2240747816430947,0.10519638688724246,0.041966913630366386
be5f7a129,0.5132864799960388,0.198656953177784,524.8202168658627,0.24609715413943356,0.019965277777777776,0.0011994949494949494
f3778f601,0.5722790940450254,0.22538349305996822,1073.5192818446449,0.1197100807915759,0.04473958333333333,0.09065393518518519
d0e2d8d15,0.5968447111285986,0.2618649809596142,564.4159856813683,0.13957305397075218,0.08266722408026755,0.10421404682274248
555e742f9,0.4054108981976629,0.261806782000296,977.3426704478098,0.2856968211527035,0.06678661616161616,0.07248737373737374
eb81b0503,0.3738684512867647,0.1802953734174471,22.915614837265014,0.32175654871323534,0.05033203125,0.005901692708333333
ab4ab38d7,0.4652102614379085,0.1914891349478384,2813.8894174832644,0.30181977124183,0.0006666666666666666,0.07731666666666667
bef49a74b,0.2545028854351105,0.20634388572913656,297.71249966715976,0.27211266312545085,0.31964882943143813,0.0029096989966555186
d08d2829f,0.5094488453584559,0.24024330916464,176.85503062075972,0.21587211818321078,0.0318896484375,0.07612548828125
39366118c,0.4349588300187692,0.19858323987065357,1041.8331653302982,0.17427634928716904,0.08597568737270876,0.0020684826883910386
c272d9284,0.7316034555797628,0.21375257909368156,109.13741068619258,0.13338005325587024,0.0,0.29584104938271605
5792107ef,0.49618343906189927,0.2551315583773403,3948.656154239064,0.14132667990943654,0.051953976034858386,0.10358796296296297
719917454,0.8471416804426688,0.1968663183882621,119.94280502144679,0.15914366361298618,0.0024004683840749413,0.5259660421545668
dac37d01d,0.4189588749357421,0.22797324053182683,1156.4303930564322,0.20567228464419476,0.12797752808988763,0.04331460674157303
9e6d5d0df,0.4249502087872186,0.19526201074730928,663.1900098024638,0.1634036855482934,0.03482060185185185,0.02884837962962963
df0a5e6c5,0.3689095526790103,0.19428572178073178,1553.3801446909347,0.4821567944726637,0.08532381615598886,0.04117339832869081
abea0e83e,0.44782702432824983,0.18709625463298074,563.4663240547839,0.15603860294117647,0.009375,0.03179398148148148
d3975e1bd,0.3773354651756536,0.17129996865569674,187.86938743078443,0.2626056347017974,0.10516276041666667,0.00027018229166666667
4a66f74ff,0.5229771695715323,0.20974027789027264,4919.0976251792035,0.13925220134350036,0.040943287037037035,0.06282407407407407
9945962c3,0.43987853604983657,0.23955815088064847,726.4401308881017,0.15526531862745097,0.04579752604166667,0.026998697916666668
355048bb7,0.4749719887955182,0.22593259571981353,1028.9096226724714,0.13734682378698604,0.037848932676518884,0.0032019704433497538
7fb5c3b87,0.6202862418300653,0.15004456677674904,684.1315148832639,0.23638199346405228,0.00036666666666666667,0.040891666666666666
ce26d6864,0.6566003696560591,0.21409436460886985,4044.649727321658,0.2613385567341691,0.011844262295081967,0.1494467213114754
7a875ef01,0.5126902272845477,0.26295651020271005,833.1930396637913,0.19633278722629635,0.07539124668435013,0.07678381962864722
3d8a35224,0.4394749114923747,0.1446006754020977,12069.538905519086,0.37583644812091505,0.010342881944444444,0.009457465277777778
f124ecf25,0.5261617973856209,0.19642581759017103,1818.094673619375,0.32244800653594774,0.05164166666666667,0.043325
9120f2894,0.3669586274509804,0.24589910890976596,1348.5872459382638,0.17919816993464052,0.2513666666666667,0.0005916666666666667
af3d7c201,0.5132251688195025,0.21109051113096647,1920.4290176896611,0.38768521745190965,0.02744372037914692,0.02978870458135861
9b2316d19,0.41848262784843665,0.26744766080520116,1076.7126632254624,0.16454884572072073,0.0888328758445946,0.057804581925675676
ce6afb606,0.5662682765413858,0.2678122722027631,271.6548894879759,0.415177465216856,0.05122399921507064,0.1420280612244898
44594e996,0.5759045098039216,0.21475429888614742,34.494999749375,0.15360460784313726,0.052033333333333334,0.009191666666666667
764837930,0.5187166848220769,0.2357542112902742,6164.111401547195,0.18856944444444446,0.06677083333333333,0.023883101851851853
8a811328d,0.46184082470197385,0.18157844888322427,1266.848335066942,0.12149827372809589,0.020456810631229234,0.0384468438538206
fb2dc3fb7,0.44452127450980394,0.18753664745819593,1737.8015506327083,0.17745797385620915,0.020666666666666667,0.004116666666666667
062e2772c,0.4970482352941176,0.2756164192943335,944.4759969995062,0.11873420479302832,0.15468888888888888,0.0024
eb350f2bc,0.5741972400939542,0.2435340990359304,407.255311126709,0.26167871732026143,0.05345703125,0.058610026041666666
929528b36,0.5214074806177701,0.2774683471436534,598.802677300392,0.21865410154647633,0.03622515690376569,0.18251176778242678
44da8c2a0,0.5364590595497458,0.21726350498613256,5354.593974879436,0.13486785130718956,0.010167824074074074,0.07902199074074075
28ef05fe6,0.46451785311825877,0.3481655482138437,1729.7105398585095,0.18727572254955624,0.3103174603174603,0.056390257252326215
785413d29,0.33353176470588236,0.26060936850447336,174.51016887437498,0.3025343790849673,0.26319166666666666,0.050416666666666665
bdc7db9b6,0.39184449891067535,0.2404953602230858,536.5702432403857,0.265260144335512,0.07974537037037037,0.006116898148148148
bddc0b2c7,0.4789266110089869,0.22725540726588953,110.58687554995218,0.1633368821486928,0.06373046875,0.04861653645833333
387a2639c,0.5361556431657681,0.2263084669876559,1942.9675612726978,0.15008577990263128,0.06276725937657476,0.020466489093657763
65266fe36,0.5149825495302288,0.21185804660894414,5293.487898069764,0.17141038602941178,0.026845703125,0.031669921875
e4b90955c,0.6886455836964415,0.22153212534266992,474.693736091821,0.17212311637618008,0.013269675925925926,0.14625578703703704
150bf58e2,0.3699536431856693,0.2596105335910849,1506.256293146767,0.28150807915758896,0.15584876543209877,0.06185185185185185
6464f2352,0.5074000288350634,0.1508615035594331,164.58910933910036,0.20723944636678202,0.011970588235294118,0.0
fab1170a2,0.420612385620915,0.36310052132652393,326.34712683305554,0.07577411764705881,0.2990833333333333,0.2389
172433b2f,0.4827795630597918,0.21288605869227023,1871.849784824567,0.19106239409343986,0.01607253086419753,0.0071913580246913585
4daad230c,0.4901977975217865,0.18012595080265875,906.9512893119905,0.10322092864923747,0.008563368055555555,0.006449652777777778
d2f04a19a,0.30125802809549745,0.26864885471209277,213.7085596338908,0.5578550517429195,0.3148871527777778,0.03119212962962963
69a1b02f6,0.4219655882352941,0.3261088302518946,189.0298396266667,0.2727803267973856,0.09314166666666666,0.1981
c62a2a817,0.4343422549019608,0.21858434322482406,4378.514091471597,0.22674617647058826,0.061191666666666665,0.04306666666666667
b854220cb,0.4559191336039624,0.24067942074961154,504.47976895835666,0.2272627155245779,0.050455729166666664,0.1009250217013889
e282d2bdf,0.41872404747852315,0.19563597315828807,237.2519190472562,0.2681576824709817,0.07066889632107023,0.019949832775919732
ec496eb44,0.29783717281904937,0.26864133206709234,1378.312816025465,0.15752211252263032,0.3969141236306729,0.012886345852895149
9fb186834,0.523634477124183,0.19929277491322808,1636.794587109375,0.3472075816993464,0.007716666666666667,0.043408333333333333
7e6d7cbb3,0.6782827450980392,0.17676390769408598,45.37099295121094,0.08286808823529412,0.0027625,0.0015125
29fd25bc8,0.46381917211328977,0.2694306306526538,1950.261625238395,0.08558806100217864,0.07592222222222222,8.888888888888889e-05
351d29156,0.42677202614379084,0.22322624865977847,2001.8887985197223,0.39347604575163403,0.15546666666666667,0.0004916666666666666
b9d28a286,0.5384142412173202,0.21689400306437645,1171.3598448752402,0.19348683874591502,0.06588216145833334,0.027565104166666667
c1c16ac86,0.43795529411764705,0.21924161151846622,1031.5310700958023,0.335161568627451,0.11298888888888889,0.0027444444444444443
cdd815db9,0.47473129734848485,0.20039961355249342,4468.313183407534,0.2320199467097445,0.024384469696969696,0.023076467803030302
9b3e95995,0.3942877777777778,0.21582457186718584,3270.831922576667,0.08812947712418301,0.05935833333333333,0.034025
1635eac9a,0.5809918905833938,0.18829837135757735,440.1575693584725,0.14692408012587752,0.0014814814814814814,0.08867283950617284
802a18435,0.6632945006127451,0.34029462138849353,178.6571219461653,0.08571525224673203,0.046194661458333335,0.527470703125
047c20d1a,0.49550644880174294,0.14638099901866342,2067.255615762469,0.1880526797385621,0.007733333333333333,0.011033333333333332
9761c645f,0.5847290607601066,0.3097942611832168,1178.857208118939,0.1672404078915517,0.08827932098765433,0.2724382716049383
7a87da606,0.5351571568627451,0.2760640406856681,29.978734359375,0.3735972222222222,0.019058333333333333,0.14395833333333333
c1aa4142d,0.40539596949891066,0.2763247838140013,845.0430152386616,0.16784340958605665,0.12936728395061728,0.06283950617283951
df89a82ab,0.4317474809368192,0.22213757548322238,257.3770192708333,0.25314792120551927,0.06365740740740741,0.04771412037037037
f7b533990,0.24914452195972728,0.1756472732820323,2718.728400625132,0.48175825802018923,0.18278975741239892,0.008773584905660377
2204729ca,0.6865963071895425,0.2549957954415843,78.29105863888887,0.0849363725490196,0.009158333333333333,0.24004166666666665
af6364af9,0.4490704559601619,0.2787025965396177,1262.1358058956916,0.45436029411764706,0.12922619047619047,0.07343253968253968
e8dc8fa13,0.30975453885257803,0.3091758561554999,120.76302849549765,0.23845844680464778,0.35911458333333335,0.12410300925925925
e333feca8,0.4559764887436456,0.23094401035521187,637.6656448023834,0.09442647058823529,0.09199074074074073,0.0008564814814814815
e653e3c51,0.48047220520152506,0.18506013543509114,961.9685517030881,0.22420494621459697,0.008311631944444444,0.021558159722222223
fdbc1c567,0.5225028758169935,0.22982179975333986,1244.9407977997223,0.28446676470588234,0.0225,0.054191666666666666
3d751fe45,0.5566051171426425,0.2346056525089126,3944.221724575328,0.1118962834175816,0.04029830322933771,0.04657909140667761
351d1e748,0.49556039699830545,0.22939812251869549,431.45478330666054,0.19102003146937788,0.05137345679012346,0.017739197530864198
8f1b39562,0.3921822222222222,0.21165471453050472,292.56872728993056,0.20953192810457516,0.021833333333333333,0.022558333333333333
e4460cb03,0.5421877874606633,0.24603483691111455,4306.438428939949,0.25905712902444933,0.06878086419753086,0.04259259259259259
c8f4a2877,0.29598458119978355,0.25202447431350145,634.5661909044014,0.2832096394821198,0.2963375796178344,0.02266122611464968
0753ad1cd,0.4540908678286129,0.2401770318990421,1406.568599416474,0.2992565586419753,0.09825231481481482,0.060480324074074075
eb6c84ec0,0.41206248054777467,0.1984209198981227,1101.5734014073917,0.31346790382819795,0.05154265873015873,0.026066468253968255
75a803430,0.547795278828873,0.1761637058976765,34.874899741522896,0.18169118497873155,0.003867346589547897,0.0378667501087844
33826a08a,0.6812485929557008,0.24014069366369734,726.9057578598881,0.11592917120551924,0.013975694444444445,0.13133101851851853
ec0fd1a7e,0.3593080970060608,0.20519011262101888,73.35241837035089,0.5586389289443588,0.10213264299802761,0.0
330943a7e,0.48209117647058825,0.1861218615448799,403.4386312660417,0.2655868954248366,0.034416666666666665,0.0
c1ed602f2,0.47025882352941173,0.1768910804657136,129.51342716638888,0.10883196078431373,0.018566666666666665,0.00705
fc6976a96,0.258277091503268,0.24010014919608444,134.38257408159723,0.18105555555555555,0.40674166666666667,0.0175
c467f8702,0.3885579411764706,0.180189795810639,164.26258633826387,0.2467967973856209,0.0449,0.00195
ee0e059cb,0.40363591503267976,0.2663257197310449,2665.2145629299303,0.2604607516339869,0.170725,0.058666666666666666
44bc5f67c,0.4459491830065359,0.2700695709110931,137.276395344375,0.06041679738562091,0.17969166666666667,0.0083
0256cac2b,0.5294554227941176,0.18887443413203053,690.3679422783557,0.10200941244553377,0.019131944444444444,0.00018229166666666667
239326fd2,0.26376907679738565,0.234553911833051,381.700429874566,0.3008280637254902,0.29163541666666665,0.05023958333333333
6276a846c,0.503871808278867,0.2379561804937109,863.8797647198767,0.18303982570806102,0.07097777777777778,0.03088888888888889
870e7158b,0.49985617545987465,0.23420620218025767,1756.0700015404136,0.11393804325854053,0.02402061855670103,0.10171391752577319
7f3f14a72,0.4187758999122037,0.22805808752251483,85.9603629531041,0.10652886303775241,0.17609141791044777,0.006604477611940299
3983e7c06,0.4797345911544694,0.20756350293343584,419.29704249176655,0.16353064597486505,0.0205528188286809,0.04545703338806787
f1e99433d,0.45983424836601305,0.25680765682371964,391.2999982663889,0.3373745751633987,0.010941666666666667,0.10055
01c3c09df,0.4523995608660131,0.22193784986531262,565.2382859902276,0.2776689644607843,0.03401041666666667,0.05622395833333333
6b446b436,0.39023401960784315,0.18078004856782506,292.9599006655555,0.24955271241830065,0.10955833333333333,0.002533333333333333
e32c29f03,0.6308949070350797,0.3267328951365374,256.7177368091047,0.39723656747855396,0.02738037109375,0.3735198974609375
4eb9088a2,0.5283060746468645,0.22799242735680303,532.1417378308506,0.30212864532619016,0.019293643971287296,0.06056631914596604
74ca92e79,0.5082020261437908,0.18638929623399642,386.66025832159727,0.11413888888888889,0.04819166666666667,0.0
8f1d6224d,0.5687640165441177,0.19121549551552378,714.6082513014052,0.43112071078431374,0.016139322916666667,0.08507161458333333
08f40f232,0.39913290849673205,0.1674452128671802,199.21635666493057,0.12868212418300654,0.023316666666666666,0.00015833333333333332
1f33216f7,0.2715500275449516,0.16822397252362328,470.11988151407786,0.36527977111709564,0.0758243534861489,0.011099161412313813
ef4059fae,0.37266827094474153,0.2635681617137724,1834.9510876142679,0.2282207961972668,0.18667424242424244,0.023121212121212122
ef7c5813c,0.4334916485112563,0.2123739341919968,834.3968066903238,0.21844510257806826,0.07299768518518518,0.017395833333333333
fd48a560c,0.37573343137254905,0.26672802082728625,1080.0641549641666,0.2994247712418301,0.1997,0.0663
210b8d077,0.537888381708329,0.307546143649678,1248.5635404158897,0.1962779099730086,0.1047616112904344,0.1497430840696716
6ba094bf4,0.44056526768010573,0.2521137449218826,1712.5728875140055,0.2052632738488654,0.13404494382022472,0.04296348314606742
96462a567,0.44635717743887676,0.24454576199836398,1517.8561105323477,0.35063310941660614,0.06332561728395061,0.009645061728395061
146aa46b3,0.4685861437908497,0.23542674875359815,5088.015337286042,0.3515023529411765,0.09198333333333333,0.016433333333333335
5f5d44f43,0.3884742420116195,0.2628665556497791,872.9505776743612,0.2451811002178649,0.1935185185185185,0.07838541666666667
1930bcf64,0.38242692050741584,0.25121641247645493,547.9862911627389,0.16732577336292506,0.14051175235385763,0.03826288694709747
b586e1ea4,0.42600764796659407,0.2572202201951414,702.6201158929184,0.3412014115831518,0.01515625,0.08023726851851852
428fd4ef7,0.43222419971292286,0.16739240496563265,295.91328854014375,0.21046360223797395,0.04758737610850287,0.0
ef8d291b0,0.6724148284313726,0.15230658457197052,331.78321160297577,0.2766090005446623,0.007175925925925926,0.009236111111111112
5597af31b,0.5635797079248366,0.17840562830897064,387.062610050106,0.20194833792892156,0.017444661458333333,0.016673177083333334
52ec30101,0.46758968772694265,0.1675150666701523,2888.6674410922496,0.13747646604938274,0.004195601851851852,0.026753472222222224
9ee7776db,0.5698540531953522,0.2268181162477705,1897.469410545234,0.2327568082788671,0.0372337962962963,0.06208912037037037
14dcf6ec8,0.43136562091503267,0.26467422992201045,611.7257041041668,0.13779967320261438,0.14793333333333333,0.014591666666666666
8db729086,0.3891001960784314,0.2894768199470316,1614.135280331597,0.5084915032679739,0.225575,0.07575
58bfbd845,0.3884140114379085,0.2411992486692339,4532.5142942696275,0.3253936092955701,0.14328125,0.0590162037037037
109d21b69,0.7050587560491256,0.30251421875688533,7575.583208395113,0.19985520658607595,0.036135693215339236,0.4814958210422812
b28bc9e65,0.5099620760466349,0.2360640174523411,3356.512125892433,0.15546309176823883,0.0700731981981982,0.020443881381381382
863947277,0.48416372549019604,0.2326221403059373,307.7333260997222,0.317195,0.03953333333333333,0.004
2ac3ca459,0.6186893464052288,0.2072826284489172,3540.8560448788885,0.2768274183006536,0.002,0.066325
a3740bea8,0.5045913117851307,0.2336014560573577,656.4125453531901,0.29276459099264707,0.019895833333333335,0.11732747395833333
cc628c147,0.731672612563544,0.18242260372360364,151.23931133401922,0.19990393518518518,0.004606481481481481,0.16297453703703704
0c47e700c,0.3636839748244977,0.2698365473214839,1884.6803447687446,0.2764924957637376,0.17954475308641976,0.06790895061728396
76017363e,0.5124779051326412,0.3142258970097087,2515.865513851305,0.27351247116493654,0.11315257352941177,0.22459558823529413
8de1c1ca1,0.34179915032679736,0.32425253165678525,369.25607061222223,0.22760683006535948,0.351125,0.12280833333333334
c432261a7,0.6883074183006537,0.2506017337107175,3457.5440973632635,0.0828764705882353,0.002225,0.28125
df9cc49a1,0.4691166787702736,0.2166546363858641,252.53463694552804,0.35841645485354634,0.010794753086419752,0.00022376543209876544
07e6b5eae,0.5840591726304765,0.2900798155006416,201.8963203184298,0.07300125094548204,0.10457715133531158,0.13740356083086053
0ff50cbd5,0.4701723002633889,0.21934473864067142,2695.7638172467496,0.5307511706175007,0.03245024875621891,0.018277363184079604
8310e47df,0.5243656862745097,0.20570853631701103,310.3772581382639,0.22592784313725492,0.015833333333333335,0.008983333333333333
dd4f3b8a8,0.4441379738562092,0.19806020460055518,855.6025305610417,0.3873189215686274,0.05915,0.04745833333333333
39816161d,0.4827968627450981,0.26975978993152133,144.63494799305553,0.21333166666666667,0.09714166666666667,0.09038333333333333
9d70a0499,0.44592828612926655,0.238852003367347,809.6633061677155,0.14806311274509804,0.1478414351851852,0.06477430555555555
4a2270c3e,0.5590724183006536,0.17809891625160004,1100.8467592530556,0.2381454248366013,0.001,0.08053333333333333
d76e9dedd,0.5541240970072239,0.23227390531852313,327.72841442103845,0.1966986215538847,0.04466165413533835,0.04725563909774436
d1f80f7d1,0.39148697349310096,0.26299559470826905,976.6316552447704,0.38220082153231666,0.18800347222222222,0.057025462962962965
1d4adbcc2,0.4490400326797385,0.2916759970729062,356.02455968923476,0.3664055237835875,0.14951967592592594,0.07554976851851852
7986a1870,0.4147709477124183,0.13664012995524333,635.6076649132639,0.6348241503267974,0.011325,0.007383333333333334
15538a661,0.38500178528201406,0.2748586255329764,2029.6730915294922,0.41336450012103604,0.1972530864197531,0.06719907407407408
6bb85e53d,0.39331153594771245,0.2009267377743892,5346.190144619721,0.22531013071895425,0.07985,0.017941666666666668
7a1f83080,0.3369213961244322,0.24973908133080933,686.5363928951741,0.5686283422459893,0.201950146627566,0.0855058651026393
bbaa4a431,0.5575990945953452,0.26560144149839493,209.97193504782962,0.16868010887074378,0.04392351274787536,0.14271954674220963
10bbe5ea4,0.3179827124183007,0.2495161294286574,346.12619087493056,0.34619633986928106,0.3324,0.022408333333333332
ffb33c204,0.5592511437908496,0.26815930181190734,264.00305518270835,0.16049944444444444,0.06425833333333333,0.034541666666666665
54ec12bf6,0.4206278431372549,0.22665187655537297,77.38808489159722,0.1321686274509804,0.19585833333333333,0.0
ded8d95c0,0.49849158466805527,0.25745554155786227,1519.1329200992768,0.5004778663602193,0.15151862026862026,0.0008470695970695971
f8b975c1f,0.43241231548799297,0.26647347493338147,4764.045672841445,0.32299306014540646,0.10373595505617977,0.061413857677902625
311157c79,0.5852123577826192,0.21310881416778102,725.7584931983858,0.21033309126119584,0.012638888888888889,0.10715277777777778
ad6992c20,0.4833213725490196,0.2279227105834459,566.985062766389,0.4040159150326797,0.032625,0.025766666666666667
4c0de1708,0.5041653502390356,0.17931216013485712,95.92408349765573,0.21953304926210768,0.05236749116607774,0.022835689045936396
f5de721c8,0.36034326797385624,0.17880830693932995,1712.7214989322222,0.31312660130718956,0.036033333333333334,0.01435
fe2cc3feb,0.2798828431372549,0.233164454153672,2413.0047552197225,0.49806375816993465,0.31355833333333333,0.020608333333333333
24e800fa6,0.4056387254901961,0.26720098498949685,203.6129830663889,0.2485372549019608,0.21896666666666667,0.050375
02cf14499,0.3755385263480392,0.2418225795589953,163.30865179290774,0.39897149777879903,0.08085205078125,0.05659912109375
521e214ec,0.6076593875008198,0.18793486714123803,2906.1657425319627,0.11022529346186635,0.030100334448160536,0.01766722408026756
edd25890d,0.5084809876543209,0.1927696938529064,566.2938484365433,0.2529364705882353,0.016162962962962962,0.01405925925925926
3d9b4bdc1,0.4844876046772876,0.3139872184953091,402.4098922754818,0.19435777930964052,0.10786783854166666,0.15192057291666666
a1eb5f685,0.40402581699346407,0.18805099474416093,125.75115983826389,0.23628,0.090875,0.004233333333333334
89792afe0,0.44799471314451705,0.2760327141445631,1284.729134214321,0.09772217864923748,0.08001481481481482,0.039762962962962965
c7f20f68c,0.45718669843416293,0.21763812151537495,1693.1132588949615,0.3487790441847237,0.03047345374931582,0.0074849480021893814
e2c1b469e,0.17603447712418302,0.14225481904512013,560.8741567915972,0.5719948039215687,0.43628333333333336,0.0
784ec5ba3,0.42227123090038693,0.23479972730737306,6470.922582910425,0.20854856056134827,0.13932274247491638,0.021070234113712373
65de38d1d,0.4503924836601307,0.20834826551613414,346.3013666666667,0.3138865032679739,0.068525,0.023866666666666668
117059fe3,0.6364887581699347,0.2847265490221101,2391.5023643333334,0.1488439651416122,0.024622222222222222,0.3077888888888889
ac813296c,0.5351875765931372,0.20675280839427987,4863.782146542857,0.11826856107026144,0.03523111979166667,0.049547526041666665
e456bf863,0.35468781045751635,0.20226874614862445,133.54938072159723,0.21649022875816992,0.1249,0.0004916666666666666
6b10d4880,0.3293151633986928,0.14395715806509407,184.38014423999996,0.3705159150326798,0.086525,0.0
67839e63d,0.7114579248366013,0.22587440123938599,569.597171241507,0.1513895470225127,0.0,0.3115914351851852
77014fe37,0.36458444444444443,0.28367731859492495,1033.5612326415974,0.2627993790849673,0.28235,0.06621666666666666
8f1105e2a,0.563092190285205,0.2749894803638808,1632.105855988507,0.34780408868092694,0.06481534090909091,0.15130681818181818
55247ed35,0.6118836274509805,0.17458855410747753,560.040668109375,0.11495454248366013,0.004241666666666667,0.027225
6220663ba,0.7308388562091503,0.24468668630899082,1449.4827404715973,0.26153875816993466,0.010125,0.36649166666666666
b5486d844,0.41411105646271884,0.29393842876506143,1017.7854430262945,0.31150609876057445,0.06801003344481606,0.1477257525083612
48a2123f4,0.47037944444444446,0.24931167290090617,404.07792165972216,0.2887732679738562,0.05859166666666667,0.09099166666666667
d6ff1af86,0.5281746194981489,0.3095674225818017,2416.660926485097,0.28866580968051553,0.11512237762237762,0.10261363636363637
d76134f00,0.5288518109656731,0.2851487053020193,907.035891415476,0.1688093360668664,0.11144101876675604,0.11329088471849866
48594b089,0.4794821471798596,0.14654472928038847,706.9256429955418,0.13476177075768578,0.0008564814814814815,0.020200617283950617
53f434ae8,0.490202947228274,0.2220858061474698,819.3129911903078,0.2734401174049867,0.036882716049382716,0.006195987654320988
e1a2d9477,0.48990498160048335,0.17726171967727,46.70318417322812,0.17430271324215962,0.05315126050420168,0.0
558ca2c00,0.7953912529550827,0.34979726699457026,5364.933153191175,0.08803466138228341,0.111072695035461,0.7373670212765957
9deb1340f,0.434895901416122,0.26249361962432477,1502.6861746945397,0.12277133260711691,0.13213541666666667,0.0606712962962963
3dae967f1,0.3712293390012255,0.26051975359830176,1276.3862021577597,0.18311163449754903,0.30144775390625,0.00119140625
a90161422,0.3697788888888889,0.19165831575354061,697.7182782266666,0.29521552287581704,0.11415,0.00685
67af2d880,0.4824763931888545,0.21458613611960436,4367.345695040859,0.26553160474716203,0.011585526315789473,0.041578947368421056
1e45f7387,0.5783240286855483,0.2705731061070742,725.5415657406068,0.24015091684822076,0.012378472222222223,0.20864583333333334
662564431,0.3008299325477317,0.15436435011803223,104.98500792538577,0.6645580186097427,0.15794848111658458,0.0
73ec4c916,0.41681049019607846,0.21178145633744155,919.6610137882639,0.13648287581699348,0.046483333333333335,0.017558333333333332
419d296e7,0.45829702614379086,0.15158106382786385,128.71035418222223,0.1383250653594771,0.06803333333333333,0.0
4dff83c9f,0.4448619886226095,0.2777152470169293,475.29430033912513,0.4266227003146938,0.2060648148148148,0.020192901234567903
8cee52ff2,0.4374527278503994,0.25687043128140397,575.7764014901286,0.28789960058097314,0.08512152777777778,0.04528356481481482
0cbe33a44,0.5420535303323207,0.23254272139605583,408.3527067454425,0.12131012381478412,0.05996919014084507,0.050271420187793424
91c4cb54d,0.4137689950980392,0.20920795577519682,8906.096414817057,0.19709152028867102,0.043059895833333334,0.014053819444444445
2a6bb49f5,0.2865831517792302,0.19029381777613416,699.6268364195149,0.5162130839990317,0.24810185185185185,0.0027546296296296294
d08efa704,0.3751899019607843,0.30046266405176586,126.84190626222222,0.13211271241830064,0.2514166666666667,0.06633333333333333
c70867d90,0.5705754811183733,0.22579766425275308,722.0974767681273,0.3783707788671024,0.03045138888888889,0.07224537037037038
f11772123,0.4715665339052288,0.21153177915472662,836.9999739365567,0.32993967864923746,0.043059895833333334,0.05612413194444445
eec3cbd6e,0.3072401788584286,0.12697626398586356,95.74878085059696,0.1876804799788768,0.09556864754098361,1.0977751756440281e-05
ee8bf2efb,0.5386554557007988,0.1615221348106725,233.71644449534895,0.08792824074074074,0.02649884259259259,0.0
44a541574,0.38191221859114016,0.1656920136411555,1515.4004645833336,0.2579104030501089,0.045202546296296296,0.0008101851851851852
8bf424910,0.5146517320261438,0.18756108582267367,118.81689824000001,0.15342807189542484,0.0035833333333333333,0.07488333333333333
f135e422d,0.5331241176470588,0.2398739786329118,482.0718931715972,0.22033898692810458,0.013566666666666666,0.08085
09ef02857,0.5783303594771242,0.1322565266745128,1760.0928017155557,0.0755541503267974,0.0012416666666666667,0.000575
847a8b31d,0.5952569358142318,0.23904243248473897,761.4524301314615,0.2735099937862469,0.03722491197183098,0.1347087734741784
6c44c99ef,0.5166925314186978,0.2317555040654812,372.2135990130407,0.22238803567403972,0.02319376026272578,0.004652435686918446
9160fdb5f,0.3272845751633987,0.3209980087733905,637.0023132465974,0.26401434640522875,0.40224166666666666,0.09831666666666666
8132fabfd,0.36782357298474944,0.18338031630805526,3725.225664528889,0.26521228758169935,0.1005888888888889,0.0088
0244298a9,0.5340489742193174,0.16450866552849536,164.31858211962958,0.067647558097313,1.1574074074074073e-05,0.04146412037037037
787a8c11d,0.36132501987281396,0.2884988007646329,2798.694981841145,0.3008815911499735,0.24476351351351353,0.0663766891891892
35d9045fb,0.4176819607843137,0.20581104849729911,248.80854103993053,0.3088465359477124,0.05246666666666667,0.053575
8cc02d983,0.48027352214960056,0.2433964609019534,1415.186692884719,0.18168633260711692,0.030474074074074074,0.05902222222222222
01928bd13,0.4907109150326797,0.18993940762127545,121.14185579993054,0.16024094771241829,0.027941666666666667,0.014616666666666667
618bb4def,0.46363241830065355,0.19132086131228668,521.1778962222222,0.28273696078431376,0.072375,6.666666666666667e-05
3a8f24615,0.45825622957516343,0.21028540944536578,11021.220448109265,0.1925799121732026,0.030618489583333332,0.03171549479166667
bbdcd94a9,0.5454137690631808,0.1865335818476222,734.89239479,0.11498156862745097,0.03991111111111111,0.02858888888888889
e239373ff,0.8012973856209151,0.18795841880190786,1220.0817111291956,0.0882525871459695,0.0002025462962962963,0.4218402777777778
3517189ab,0.4458343260675918,0.343516245207072,1896.6241291224287,0.2349406505897378,0.24181718664477286,0.15725232621784346
b73c5a1b7,0.45351534846148195,0.2202579474781261,445.9215808924764,0.19100785782477786,0.07853932584269663,0.007359550561797753
7193a5332,0.6335393790849673,0.2805734805465483,1466.847015305556,0.10076692810457517,0.026383333333333335,0.1833
81670cf7e,0.4570056735657226,0.22646521158784522,17409.55699738498,0.12225299564270152,0.06469907407407408,0.04065972222222222
055825f1c,0.5988869934640523,0.2832322812699822,2047.6672218049307,0.08706212418300653,0.04643333333333333,0.16861666666666666
a37a24a58,0.7920174758953168,0.11187547253765909,1605.1723844359722,0.07558755165289256,3.228305785123967e-05,0.18584280303030304
a12589a09,0.3828245098039216,0.23757419469923957,253.62565828993053,0.2289117320261438,0.0967,8.333333333333334e-06
8e343f4df,0.34672639170610775,0.18123541390264597,643.6104785809929,0.6215762473571804,0.03389436234263821,1.3683634373289546e-05
3c43b7541,0.5129316789215687,0.31004885617666367,799.4094162204207,0.3238269473805147,0.12890869140625,0.1751123046875
3e9a56447,0.4253535993100944,0.24806731126905812,4257.6402300120835,0.20467145515613652,0.14366319444444445,0.022216435185185186
dc9557824,0.25195250090777055,0.13540702439704108,338.9787182709285,0.40160902323892517,0.2643229166666667,0.0
4ad9ea6f0,0.3972912127814089,0.317882185674558,2806.539492246944,0.21152035675381264,0.27167824074074076,0.11279513888888888
1d5a59ca9,0.4510130718954249,0.25806203195391997,9792.081041037714,0.1647462176228516,0.05033179012345679,0.08076388888888889
113bc00e8,0.33614196078431374,0.2145518939960505,1214.767148851358,0.44738819172113287,0.22118888888888888,0.007222222222222222
0c200f7a6,0.3801383896151053,0.2508933112914687,1581.4221324930072,0.2999563816267248,0.1395949074074074,0.03972800925925926
967fa3210,0.4150918337372402,0.2537932443841973,308.96542821613434,0.26512150253359773,0.20448501872659175,9.363295880149813e-06
525947b88,0.5806597449164851,0.24821526328164042,9173.850457973118,0.24390184731299927,0.051695601851851854,0.13657986111111112
62817491e,0.5033006209150327,0.21850413338256586,1950.5643870933334,0.28956049019607843,0.025225,0.05345833333333333
a6396a580,0.4996325320826005,0.1706308079215896,254.45766276751914,0.3477977981890431,0.023255813953488372,0.002367109634551495
a40a8c0ce,0.342725294117647,0.20688821335638669,1485.19906201,0.2733105637254902,0.1341125,0.00204375
40ea976de,0.4749967973856209,0.24126224135613603,2612.899063486389,0.27193797385620916,0.071175,0.009608333333333333
f4c9a0b24,0.5637632944228276,0.26685619993632964,1651.62594742691,0.19528168154421302,0.10268482490272374,0.09481517509727626
a6a0b1762,0.4957065048241519,0.234706139835264,1390.063049782515,0.1755896304882106,0.03955938697318007,0.03405856595511768
a7d65135d,0.5183838273590686,0.25440114860119206,400.7809018026292,0.18285173483455883,0.04749267578125,0.093056640625
adfa73768,0.5053357843137255,0.23819966188840205,1072.38831131282,0.1729084059549746,0.058576388888888886,0.005260416666666667
93bffe78b,0.31826422173807795,0.206797281803394,266.8804219292386,0.1849344287097555,0.1533179012345679,0.0
5accbdfad,0.4129810767500258,0.19806261637545738,703.4054269553969,0.16217057721048125,0.04831768638651587,0.025673373720814067
6c7db281b,0.3300852614379085,0.19561658797430148,631.4441076666667,0.4317899673202614,0.13343333333333332,0.002875
ac6adc2e4,0.5374129411764706,0.23609523273181396,700.2716949124692,0.25258623093681914,0.058722222222222224,0.0933
59903171d,0.43612503267973857,0.2858516522095284,188.54644953305552,0.21736725490196077,0.064325,0.10301666666666667
3bedb1ef9,0.45914204179324314,0.27058659236448734,800.4176032606842,0.2610975329098775,0.0859668427230047,0.08447769953051643
53db5839b,0.5172429496489954,0.22012207253875563,331.8967731460048,0.3736890583393851,0.006890432098765432,0.07347993827160494
a839e26eb,0.48944163035584604,0.1674238934696174,305.8689743143634,0.1975051515976761,0.009212962962962963,0.04331018518518519
bf1762a3a,0.5883560049019607,0.22953532034521562,383.85574721573727,0.1788920036764706,0.007054036458333334,0.06791666666666667
ccf24ab8f,0.5821140849673202,0.26100877971079756,315.7201788400001,0.109961045751634,0.09569166666666666,0.20798333333333333
094ba0325,0.409739167271847,0.18792945500992075,1145.9598292809192,0.17029490438150569,0.086875,0.00018518518518518518
bce2ed853,0.4190374531835206,0.17964033497525855,777.6463484983658,0.20508136887713888,0.0626310861423221,0.00046816479400749064
4cc67e8b3,0.5221543209876544,0.29586511926638126,437.1395904463282,0.2193315480513193,0.026041666666666668,0.2190817901234568
38470b3c1,0.5838975816993464,0.2772053002913087,540.15179991,0.2407182679738562,0.102825,0.12205833333333334
bc22c806a,0.2417688562091503,0.22666626121296923,773.5293569132639,0.20530369281045752,0.4728,0.007116666666666667
096c37d99,0.4304926697530864,0.28456302238371994,2463.5829507511094,0.3623968545751634,0.19506365740740741,0.04958333333333333
51cdc726a,0.4929785294117647,0.24714660540141173,123.12273181222223,0.325885522875817,0.07225,0.00665
e9ac456b3,0.5109418278939483,0.24136284196987226,1565.1708666459945,0.20828297830760212,0.046320598006644516,0.08525747508305648
d55faa0ff,0.47755441176470587,0.11637922960331454,193.38677411326387,0.11461656862745098,0.00525,5.833333333333333e-05
329058ec1,0.5121290298891092,0.11989065786650119,74.9482765349493,0.05472277300433282,0.011423220973782771,0.0037827715355805243
bb2c896c5,0.37714672983287273,0.28613648354017096,968.3501060174656,0.2468150085537571,0.23465604026845638,0.08228187919463087
03c1e47b4,0.5246675957964886,0.1560311675897035,96.8891872591029,0.11219088411508393,0.012586805555555556,0.015037785947712419
354e9fc50,0.4245600833791461,0.276804248392106,708.4982955653536,0.0898509798194979,0.24312207943925235,0.05041983060747664
4b7f7fcca,0.598546568627451,0.11212123411287402,283.54208104661643,0.08839074981844589,0.0035243055555555557,0.0
4c4ba8c4e,0.5385484621942422,0.31585286316550365,250.50352664931043,0.2070525280346252,0.09537625418060201,0.2551505016722408
011350faf,0.25644837811667875,0.2732152462226002,953.2164271824037,0.33375015129508595,0.4740509259259259,0.003580246913580247
c554f052c,0.3988129738562092,0.24795076268579405,726.8008892832638,0.17253460784313726,0.09403333333333333,0.05649166666666667
a30ec0916,0.47621831880900506,0.2909287056526515,144.84073463993778,0.15734007352941176,0.19675925925925927,0.05150462962962963
1f7363767,0.4721062745098039,0.2079814358079912,973.5931579632639,0.15486326797385622,0.0156,0.042541666666666665
2aac3e0ac,0.5925804248366013,0.30752088105611647,720.6626893322222,0.15054415032679738,0.10939166666666666,0.19466666666666665
7998c5869,0.4440684458968773,0.14428932158497162,458.6594929088553,0.2531087509077705,0.012083333333333333,0.00020833333333333335
1a61a5963,0.3158562091503268,0.24756218477039768,2763.730490716042,0.554102091503268,0.29125,0.016858333333333333
cba8264f9,0.46190798946444245,0.27344150715604754,3395.7925905010025,0.3445493122622183,0.1224776119402985,0.07155223880597016
ecd574ddb,0.4107351216868657,0.2971361771498671,549.148253766319,0.24463186028180114,0.1848680904522613,0.08990577889447236
e58bebf13,0.42457323588117885,0.33865203791365706,1444.9736676375542,0.16376696606786426,0.19883982035928144,0.15669161676646706
a1543decd,0.4174897225935829,0.3139030426156288,140.10744622853178,0.186792502228164,0.2597869318181818,0.10252130681818182
0f27a7baa,0.4892407927590512,0.14705832231562652,179.9668464925435,0.1470242619519718,0.008930243445692885,0.004716760299625468
15600cfea,0.26775450980392157,0.24475704119704603,943.5591204132639,0.1955392156862745,0.2901666666666667,0.020291666666666666
6a393b32a,0.5696542841942979,0.3001936896634582,679.24720030066,0.22758240505504526,0.10176495016611296,0.18599806201550387
36f07fbe0,0.48571369281045756,0.1404197588678546,217.8931164488889,0.14745758169934642,0.019216666666666667,0.0010666666666666667
836b6e6f3,0.5379954299428105,0.13300159218650479,3075.9869562092995,0.08595429942810456,0.00267578125,0.019619140625
3863ab300,0.6879254656862746,0.29294773388236367,1055.1580199015234,0.2140783088235294,0.018425,0.40020625
50682d0f1,0.5121822222222223,0.17123565664489557,147.3174808263889,0.14302676470588235,0.0004583333333333333,0.0136
b0ad07cfc,0.4540991587993222,0.24307898216058985,516.70258477914,0.3465916243040426,0.10779320987654321,0.0179320987654321
af9325798,0.5920894641381457,0.1941843341279138,388.7962865430556,0.16401461734118936,0.015106732348111659,0.0011357416529830322
c7726d2a4,0.4244475989469862,0.2855016969783596,3013.801702776572,0.16094657770515614,0.13512152777777778,0.06935185185185185
a7d9451a5,0.6447016525673815,0.15166788467200717,301.9621070563388,0.213014000918093,0.0003511705685618729,0.030158862876254182
cff311279,0.41092238048259133,0.2703098104553065,81.88941213245757,0.30410639412997903,0.19167976939203354,0.0009040880503144654
51b7034e6,0.4449001477931997,0.27694079667860233,150.29682027580822,0.18322935026070353,0.16580056179775282,0.00513810861423221
fa87afa7d,0.39878708242556277,0.20229204310184232,874.2214070864077,0.23077237654320987,0.005439814814814815,0.009380787037037036
792e8c192,0.49458859911151964,0.2392258252830876,588.2665900844574,0.12791973996629902,0.08617431640625,0.00179443359375
a3d8c3aaa,0.36547755417956657,0.258188724661737,478.8020476002035,0.19427296181630546,0.13173872180451127,0.09473684210526316
e3ae90795,0.5576096032282645,0.26936145511981147,1335.8206419158032,0.19161987400324115,0.05778598795840175,0.09541598248494801
7117c4553,0.5445383333333332,0.12850633772279743,461.06060786555554,0.07791447712418301,0.00555,0.004316666666666667
86aeb2732,0.45219040486564993,0.2694294208185472,1603.4189862742398,0.23769837055192447,0.14612847222222222,0.08283564814814814
799a41eba,0.5970043119099492,0.25405593842032154,1162.9623898437167,0.18923279774872911,0.03706018518518518,0.14662615740740742
f21f48009,0.4358708496732026,0.23736280227980452,3662.299803993056,0.28634333333333334,0.09658333333333333,0.045358333333333334
777f82721,0.5059743247789311,0.23799426546681948,7222.19666245117,0.15681426614763552,0.037729779411764704,0.024034926470588237
7115607a0,0.3167366013071895,0.24445032318872056,151.0571105860417,0.45155973856209153,0.241075,0.025258333333333334
fde52ef8f,0.5676903897361413,0.25479974399176547,764.8858236667785,0.15653419268942145,0.03699074074074074,0.0014737654320987653
0c28877b7,0.5235418326184641,0.1643349141178822,835.905507774353,0.4704154284109477,0.026829427083333333,0.0006868489583333334
b67a29908,0.37980090323166305,0.26379015315594123,3671.11009199912,0.2727591230936819,0.1737326388888889,0.0333912037037037
97b469d4b,0.4017704248366013,0.16794856163673394,11911.137857369597,0.4337805464778504,0.028993055555555557,0.016927083333333332
527071e27,0.5594897875816993,0.28937713730833814,766.2931017681274,0.11205094862018883,0.09170717592592592,0.13236111111111112
fcb565f06,0.5847925139191479,0.23492924918384625,144.04271270570177,0.17170691115952555,0.03571759259259259,0.010771604938271605
c59d7c9f3,0.2340747371412333,0.16011373139563198,640.7044821557151,0.48396064222790564,0.28330615942028986,5.88768115942029e-05
f98e4f7b6,0.4504573327458324,0.23031229352095728,924.8669740099278,0.28792142175222146,0.06684456928838951,0.02644194756554307
b4bf9e247,0.5346602456086601,0.2817951753600144,185.66264178259107,0.11422917943218955,0.194091796875,0.018072916666666668
eda903960,0.505360017691287,0.1803217619129615,31.13134102682105,0.22903103346601797,0.013101503759398496,0.0
115d6458f,0.44130468749999996,0.20298904777719248,7337.240981963432,0.3737286815767974,0.06026692708333333,0.025729166666666668
ec4ed9fe6,0.4041369523117889,0.2103856151335557,772.6299108790937,0.3927890341321714,0.06392746913580247,0.0006712962962962962
28af5e0d3,0.5314970432617491,0.2341322669048854,2909.560918699701,0.11620212069502131,0.0702928297755884,0.04815270935960591
6ca8ebdbd,0.5615936601307189,0.1933189194769986,1288.5083629930555,0.18842970588235294,0.034,0.0079
201ea7802,0.44549326797385624,0.24725412944434338,168.40009164937499,0.19443898692810457,0.146625,0.017408333333333335
e73b8f98b,0.3611598039215686,0.19142483208201216,732.1419270833334,0.4988348366013072,0.08185,3.3333333333333335e-05
207c30391,0.5796527777777777,0.2540191771357054,3778.4983485713256,0.1257774827523602,0.014322916666666666,0.14980324074074075
843738a2a,0.5500089566690873,0.19061730206990526,1889.9129760781034,0.2181875151295086,0.022160493827160493,0.01832561728395062
a9495309b,0.7029838198437269,0.2202383419002027,1864.8948248656475,0.09765262420757777,0.008430451127819549,0.18988721804511277
ae5f13659,0.3306956730060445,0.23222813000519543,233.96804044003335,0.6423491817779744,0.2720206766917293,0.004172932330827068
1bf4a2ca7,0.4089743923611111,0.28556476350344495,344.04143954124453,0.20930060253267974,0.27697591145833333,0.05294270833333333
11f773e2f,0.5141337690631809,0.20152174139936968,3067.3117313302464,0.2886545533769063,0.016933333333333335,0.005866666666666667
fd740c8dc,0.5037364228586172,0.3214467095479846,136.33890950674126,0.13900519220846233,0.18892269736842104,0.18814144736842106
72bfc767c,0.41216641445850366,0.1947515917051785,3648.5608897395655,0.2048785107912897,0.06323207443897098,0.0020935960591133003
bde40e198,0.4039270808725096,0.2595599110271904,3939.9897253975737,0.3590005512245059,0.1849598393574297,0.03136546184738956
954243934,0.33921084967320264,0.30137161982869815,765.7875842299305,0.2964151633986928,0.32245,0.06970833333333333
9b2aaf395,0.47504296780440575,0.24504816157740233,2229.6247023775804,0.2126242233518922,0.09338477366255143,0.03868312757201646
527b6112b,0.6442069035947713,0.15066957727620123,210.52955616845026,0.3374138242102397,0.012942708333333334,0.02365017361111111
e276617a4,0.36805371732026143,0.13978179158575643,179.56786406005523,0.24041362563543936,0.010052083333333333,4.6296296296296294e-05
bfaca902b,0.5314235359695717,0.17200003499530164,3509.374431695115,0.13358656305331496,0.0068561872909699,0.023578595317725753
a9c968c38,0.6795396948252986,0.262445299603669,4749.560371761759,0.19776713843432112,0.017603383458646617,0.23106203007518797
9430042a3,0.5457590794333765,0.24607082959632384,1264.0253769632886,0.29981403984439464,0.045772795591182365,0.056650801603206416
ab67afee5,0.553982036292778,0.30585488549963247,256.5146086946877,0.4230867738399708,0.01125776397515528,0.2791149068322981
90489eccb,0.43070849673202616,0.2260605418797912,546.4660725997222,0.22860264705882352,0.056508333333333334,0.05368333333333333
8facdc86a,0.5111841412490922,0.22640832248240725,1757.68463999643,0.18907793209876542,0.01612847222222222,0.10592013888888889
3d6f14681,0.23346962605323254,0.19587486689645825,34.891424576937496,0.411232331285928,0.3809676204819277,0.0003702309236947791
cb8193d43,0.5560883050538223,0.19001732103564045,248.59693751705777,0.2173460725286283,0.0013683634373289546,0.04340448823207444
bd2dc39e7,0.30902360203340595,0.19810653884474919,8911.198677049568,0.5098148148148147,0.2424897119341564,0.01501028806584362
447be811f,0.45984954248366017,0.19352442125591235,522.1316777999306,0.17506539215686273,0.09093333333333334,0.013558333333333334
5eb355cea,0.381693954248366,0.21878849997218994,1274.8849165955555,0.25502254901960786,0.10751666666666666,0.030116666666666667
ed7cde89e,0.3850998366013072,0.22923533883524055,198.78997423437502,0.3895066993464052,0.09658333333333333,0.0481
1c723cf91,0.5670804248366014,0.17596255636635427,1631.107136491042,0.32245660130718956,0.0036666666666666666,0.034425
73c4d95a2,0.5222578431372549,0.1451903492942774,409.5225739822222,0.28350522875816997,0.004658333333333333,0.00019166666666666667
8685a0b1c,0.6952526470588235,0.19778403444921874,338.6990069915973,0.06363764705882352,8.333333333333334e-06,0.13769166666666666
a7402f657,0.5244402178649238,0.24045109157630412,2673.1755938458027,0.15533241830065359,0.03231111111111111,0.10964444444444445
5a17ff971,0.37761655773420477,0.25592892926168376,252.47117329580095,0.36620034495279596,0.23516975308641974,0.0031867283950617283
17be61e34,0.2866624509803921,0.17478902119468692,31.93967119104167,0.37704745098039216,0.2574416666666667,0.0
a4e56218b,0.40384352425180603,0.267247327029967,1721.8942059859767,0.327811661506708,0.15613486842105262,0.029835526315789472
ece82128e,0.3737222541360294,0.29286598407607756,399.1096528915405,0.40008551623774513,0.22129638671875,0.08920654296875
3859838cf,0.6227988607480028,0.27948469950419536,396.64837954252266,0.1712809776688453,0.03576388888888889,0.21505208333333334
b04a0dd9e,0.40525805545147997,0.16950192299260147,180.19936976626445,0.35841351707880603,0.004811902866242038,0.016684912420382166
410490c8d,0.4266213765199567,0.23022687643379525,4714.720144320026,0.355922545263316,0.052093596059113303,0.05487137383689108
081f88f27,0.5983490196078431,0.2177281792769653,138.90871174159722,0.11792055555555556,0.022258333333333335,0.008991666666666667
1e5aeb31d,0.5172990522875817,0.2512080243225593,2091.255419991597,0.3255633333333333,0.050091666666666666,0.10673333333333333
295b1eef3,0.508501797385621,0.2966653207680834,1486.089474144375,0.24646918300653595,0.09689166666666667,0.14210833333333334
94dac1ddf,0.6342758823529412,0.29572538441816815,335.14142431,0.21804764705882354,0.06989166666666667,0.26815
252b8d395,0.35657385620915033,0.2117029027421049,96.98277906222222,0.1259281045751634,0.14070833333333332,0.0373
85078bc71,0.6309458231209151,0.23762349520999285,480.34878032391873,0.3193426011029412,0.009850260416666666,0.17073567708333334
0d25fb291,0.41949646422372594,0.22176278535213248,101.79183029425438,0.12155239603127381,0.14512666029895585,0.028262839509196443
34090e9d6,0.32685128449527956,0.24382960943178894,675.8985505545576,0.2481980755265069,0.22517361111111112,0.0190625
b833f9624,0.6332040280064528,0.16374497431623508,1348.597309552577,0.11912916396414375,0.009679813401187447,0.008444656488549617
e6292a7b6,0.5213609749455338,0.16416709561269122,44.541075392358096,0.16563965482026144,0.0005642361111111111,0.014149305555555556
cbc7dc778,0.5342250326797385,0.09090176031995485,220.98249936000002,0.06692418300653594,0.002075,0.000325
6a6756c71,0.4200481004901961,0.2327201025865021,548.2194122304857,0.17013200827205882,0.0580419921875,0.03132080078125
91b580948,0.4466982352941177,0.2650685019085627,154.29620919937497,0.1970375816993464,0.08535833333333333,0.08143333333333333
c0de58288,0.3778494235657226,0.22995290306489904,2800.366711252438,0.371183369644154,0.09889467592592592,0.02914351851851852
c88eebfdd,0.31490656771968045,0.22076265575820944,454.2922906759045,0.37424137618010167,0.20589699074074075,0.026765046296296297
b89a89c58,0.5132175320745582,0.2772035545854746,2880.680674277692,0.25030470830307433,0.053140432098765435,0.12982253086419754
6ec9364a7,0.5583314406843819,0.2726773897840877,579.2129665215684,0.25395028642087464,0.020244530244530243,0.21696267696267696
e63a7dd84,0.45252432029512835,0.2530332041358691,3684.2441100985566,0.21537950188666533,0.12466172680412371,0.05035438144329897
33a8b9601,0.24483251633986927,0.16508893156069424,1053.283507702936,0.5679435026325346,0.21484375,0.007631655092592593
092c46fdd,0.4811722721496006,0.28045019481413486,1816.4777103619779,0.1266219362745098,0.12162037037037036,0.11911458333333333
dcdb6907c,0.6296326797385621,0.14709987975330036,151.45177876659724,0.2609180718954248,0.00025,0.018616666666666667
279ca5034,0.5623988764044944,0.25739843400896184,563.1429825064175,0.39009601968128077,0.03452247191011236,0.17126404494382022
14bbc5876,0.5086800066380719,0.21367917654862395,975.6439218592221,0.2030424453635621,0.03333658854166666,0.019248046875
96b39751e,0.42848718954248366,0.2283592816450693,6842.5339099149305,0.2275067320261438,0.08410833333333333,0.024158333333333334
bd05c2f75,0.5469896296296296,0.18109204286824865,7687.0455018622215,0.21559254901960787,0.0065,0.024455555555555557
b677eae2a,0.5842993158801982,0.09003895999860427,84.00311500752723,0.11351343101343102,0.0009615384615384616,0.014142628205128205
e5e06c8dd,0.5239526797385621,0.2806894621182547,230.28232456659717,0.23430045751633988,0.14924166666666666,0.078375
0bf9dfa21,0.5487271241830066,0.2774970490919209,375.476603464687,0.14203973765432099,0.0032291666666666666,0.17175925925925925
d7976886b,0.554127640428152,0.24466947237763578,2667.143504602463,0.2464850099460074,0.042143719806763284,0.10609299516908212
2f4eb5847,0.48206200471402616,0.2766700822202799,534.8144566379932,0.17313889932969992,0.16939147364217252,0.04321335862619808
7e3d0e3f0,0.4270093137254902,0.265867731699586,4137.241914366042,0.5631653594771242,0.15041666666666667,0.05895
a963a6979,0.433248343318809,0.22461964163243103,1272.8236341820989,0.1891400236020334,0.01564236111111111,0.03155092592592593
97a020fe8,0.4295955237358101,0.16420328765786082,164.31113114605424,0.39499451754385967,0.02799342105263158,0.0007072368421052632
081c2daa0,0.4721200094209721,0.2931993224867521,1172.1501662798526,0.14592428457268358,0.1289824816193156,0.13229251762427763
b34a57b41,0.5236004320909399,0.2468710051076688,102.71985937355531,0.10625328822261663,0.13982017780172415,0.0
d560b8003,0.4836519607843137,0.23690513320576512,1688.3008158997222,0.2368406862745098,0.05975,0.0648
8b6690d89,0.6061215359477125,0.14418117740796865,239.43841556416666,0.19709728758169934,0.0,0.045
863738ca1,0.25197787581699344,0.16617436681745879,685.8346915382639,0.18809549019607844,0.27081666666666665,0.0006166666666666666
b7910b841,0.5551050063543935,0.19176549687430555,260.8980439706308,0.1643172431009441,0.029519675925925925,0.001846064814814815
e9e82ad8f,0.6673132679738563,0.17743128754280807,100.97979111659723,0.06773506535947713,0.012141666666666667,0.004308333333333333
39b3fe88f,0.488176045751634,0.20076401762736462,2245.37187944,0.23067643790849673,0.012575,0.005091666666666667
d672df50c,0.5937291503267974,0.2626028617773316,278.60093274555555,0.12048843137254903,0.0546,0.0032166666666666667
77e679018,0.39033178377734074,0.25718453826435833,2444.2371832371746,0.08174977650634721,0.12150455927051672,0.06883738601823708
b7656e70f,0.5672745098039216,0.20246018987284106,96.89677412440925,0.25936996187363837,0.0020601851851851853,0.06558449074074074
b66715e26,0.26704188615744806,0.1598566649829072,145.38874711760693,0.26888096283289437,0.20532649253731344,0.0
502d58dea,0.5922702205882353,0.17380682947543866,472.9511164397063,0.06189576525054467,0.008315972222222223,0.0046875
a0c15424b,0.4725957414215686,0.17601490528532654,289.98812065819635,0.19228290100762527,0.029305555555555557,0.0003385416666666667
1f72d4b56,0.5199452311788914,0.256888446588607,570.1658702932098,0.1397763253449528,0.03354938271604938,0.09341049382716049
d965d6f3a,0.40941051626643166,0.17815946523892012,2656.1109271682867,0.14465219945656163,0.06088014981273408,0.0003745318352059925
d8a48180b,0.5600776597676108,0.34003741272337484,279.63267915618434,0.2531590640885984,0.06286458333333333,0.3521122685185185
489466e53,0.4919607237956911,0.2710390913140826,801.4164787037037,0.26102541757443715,0.1429320987654321,0.05151234567901235
cbefe3979,0.4816695584197911,0.1430250347429954,401.8692827438479,0.17682241218180186,0.0134406952337699,0.0001104714676748211
7b36167be,0.5681083537581699,0.17808906866187446,75.02557290581598,0.36167958537581696,0.0015625,0.012473958333333333
a2b2abe02,0.7547594408133623,0.22962644475185634,1294.5431490273668,0.08227440675970088,0.0012324824824824824,0.3961836836836837
919820452,0.49024278032726093,0.19883805983839953,1014.9254853662277,0.158142469753859,0.00025856973995271867,0.03958333333333333
d7fac1aa9,0.5461556535947713,0.1734074180572061,1047.119288096597,0.1968418954248366,0.0024916666666666668,0.0009
ddc3af1ee,0.362437541596273,0.2316273870054492,156.87694558394895,0.3869789373538797,0.10201261966927763,0.05683202785030461
bf9fe33d0,0.59694535221496,0.1740048454169995,1018.9115508776671,0.27137116466957156,0.008101851851851851,0.015434027777777777
f64813f9e,0.5509632352941176,0.26132273370780706,1628.5241843315973,0.1230993137254902,0.10174166666666666,0.08323333333333334
e6c3faeed,0.5609714451706608,0.2325523419561816,384.167767014321,0.12956374727668846,0.004192592592592592,0.1570814814814815
8d05a7ab1,0.5806718636528686,0.22270049773260667,833.6948672730998,0.04583151779230211,0.00016782407407407406,0.028466435185185185
e2f718e94,0.35773782169117646,0.20017944948347138,745.0328337228987,0.277385480494281,0.10142578125,0.008440755208333333
b93a2c373,0.5114159645629085,0.23831449008304514,2920.800596103923,0.21398958333333332,0.053310546875,0.050185546875
30bfebc76,0.3689896078431372,0.4260878647156467,699.5027643560937,0.08414833333333334,0.51756875,0.26791875
ea2542b58,0.39417930427985143,0.2717177853056308,289.94183092453454,0.2863264608168849,0.13483388704318938,0.05940199335548173
4d8bf7feb,0.5513286928104575,0.15327397066963097,1228.191716594375,0.1790819934640523,0.006908333333333333,0.00021666666666666666
10554e146,0.3801524009392333,0.27514339004719945,1770.8291850353,0.47016444914831856,0.23957353902054215,0.06201426848767842
f5ebfd099,0.4251786921665218,0.2216247315062263,362.8606165522095,0.15218600083711648,0.11083743842364532,0.0
f5e496f46,0.3174696323529412,0.25255973356743805,2760.9645115608982,0.42039901960784315,0.24565625,0.04291875
c4ab38782,0.6711123284313726,0.24304903983491982,856.5451618398439,0.13870149509803922,0.0107125,0.243225
d4e96e3ce,0.4901200980392157,0.23542691860470005,4870.922955357798,0.20344306009440813,0.06068287037037037,0.06056134259259259
f20390dba,0.36488650326797384,0.1898190273912444,648.5521820677083,0.2718306862745098,0.08621666666666666,0.020641666666666666
f61e89a28,0.5333380844645551,0.22033119324223074,6480.423805667159,0.42015403469079937,0.08935576923076922,0.010211538461538461
487f74408,0.6512965768247098,0.22645606137874444,492.8645472019329,0.2418223817955276,0.04118729096989967,0.027491638795986623
49fac4dc6,0.5954573202614378,0.2088958504262507,602.0355788308333,0.12201630718954248,0.010791666666666666,0.04045833333333333
98673487c,0.5145171241830065,0.21975635967257162,711.9351241322223,0.16876300653594772,0.023725,0.0806
6326e5387,0.45458182038247397,0.22516647647316554,1062.6760961074435,0.11068878600823044,0.15150462962962963,1.54320987654321e-05
19cd32fd6,0.6441161764705883,0.2253634083685528,217.30272991083334,0.17780496732026144,0.03298333333333334,0.13370833333333335
d4c3abf4c,0.5221457950367647,0.14575552152104665,563.7960722980076,0.2505014297385621,0.010107421875,0.0278125
1368f0b22,0.3145058083129085,0.222132637338318,296.1477013644748,0.25418483200571895,0.25421549479166666,0.029554036458333332
ff8e7c016,0.5739144357433377,0.25677245321486614,441.6848987571103,0.257445516906453,0.04375644994840041,0.12325851393188854
4a7fe0b83,0.5217294444444445,0.24709996213100818,1181.9628841465972,0.3253552614379085,0.056516666666666666,0.12004166666666667
839aa5fd0,0.534847385620915,0.2472651272574704,1013.1180246299305,0.16413859477124185,0.027625,0.11963333333333333
63647ce22,0.39747415124868046,0.20102776431960503,1088.5090080576142,0.16617708948768797,0.0168748940019221,0.03994007575329301
8b0310013,0.23341712055192448,0.19117320889851272,1126.5977652753331,0.31344172113289764,0.2584664351851852,0.00982638888888889
43ff07bab,0.40001754901960784,0.1433644577836404,1271.614346099722,0.4696432352941176,0.006233333333333333,8.333333333333334e-06
095cba2c7,0.4703076888162672,0.25267061249127803,893.1535129749858,0.298798021060276,0.07835069444444444,0.06734953703703704
f895c20f3,0.6043408362694036,0.25971904899514614,1291.487756341282,0.20643680215141613,0.010002983940972222,0.21378580729166666
5ab714faa,0.4296368843069874,0.35467102162193004,3378.6300249901838,0.47805211912943874,0.26305841924398626,0.18560137457044673
0b4a33baa,0.42153465801036133,0.3436751589940978,3296.18163531616,0.16504488818938948,0.25699832775919734,0.14104515050167224
f4cf82def,0.30096986928104574,0.21599034423146335,27.180404232708334,0.14663107843137255,0.09273333333333333,0.0007416666666666666
3711579ed,0.5170167634955216,0.21519284244069756,3513.231360904814,0.1886341987412249,0.008449074074074074,0.07040123456790123
ae886e80d,0.38792954248366013,0.12542221225488112,229.68641636416666,0.16139261437908495,0.002375,0.005741666666666667
c0b3f2081,0.5208442668201466,0.23724867070159894,852.3675328180918,0.4462777203533171,0.03097044728434505,0.07752845447284346
ab13611c9,0.43849930068980497,0.1546560840319534,36.63393389940677,0.46137187007767094,0.019671918282548478,0.0001298476454293629
5afa2e561,0.21078093086192812,0.2395044148843713,4137.666038867145,0.3487542636846405,0.536796875,0.0015494791666666667
5e5038eb5,0.4238405047204067,0.2529535363723218,174.00250237908176,0.27326697530864197,0.061510416666666665,0.06575231481481482
7b79e52f0,0.5042475816993465,0.23632299577411042,537.0794857082639,0.324519477124183,0.084625,0.08368333333333333
a0fb13b2e,0.5219135694078627,0.15393183352291076,2185.597810823989,0.12259994146912497,0.004079601990049751,0.0029104477611940297
0e922caab,0.4948000835993312,0.18928129181176886,420.6421496244216,0.42215997872017025,0.02312984496124031,0.006007751937984496
c59c51828,0.3558570261437909,0.2305410852251223,539.0399904572831,0.23483653322440087,0.21946180555555556,0.0010879629629629629
db27a0a42,0.3158780392156863,0.2677574848346304,1469.7842781005859,0.3401845588235294,0.29153125,0.04451875
0e8a11aaa,0.506870299096201,0.2934334184577055,929.6439591361046,0.3368874655330882,0.08570556640625,0.176533203125
fc537bc7f,0.6947301778634951,0.07772018939049721,269.1438305764113,0.38981364513018324,0.0,0.0004644808743169399
a3d9bc3aa,0.5622010784313726,0.21538018942270723,1599.5910002582639,0.32040287581699345,0.030941666666666666,0.01145
b0c2a069c,0.47976117801886686,0.17096560993028925,102.24382275461751,0.1853670802782478,0.02155950366610265,0.0
d7c0647d0,0.4889622367465504,0.1859536045890904,200.89172453690307,0.2116264070442992,0.012893518518518518,0.0
ccb658698,0.47402639342774144,0.26326143681871117,397.3789082110286,0.3455437999273784,0.12086226851851851,0.05552083333333333
cea6df421,0.4728918557183966,0.2513376015948998,651.6788795023821,0.2517113364116978,0.07318259385665529,0.07091296928327645
d18d572dd,0.527190418054014,0.21593028004564938,112.59080117826629,0.18058982611912688,0.042566037735849056,0.05624528301886792
12c65f314,0.4507654867256637,0.2621341517374815,7950.887443253191,0.5206058910289779,0.11,0.07279867256637168
22230a3ea,0.5271985578010433,0.1442619431875171,424.35039825522995,0.24869881489812676,0.018084619645050207,0.00978881209815301
11bb6fca2,0.5097633421789769,0.1425092885774847,392.21959581793413,0.18360246203744657,0.005413533834586466,0.0026973684210526315
6da091c79,0.49333133986928107,0.16703185925298691,392.32014420826386,0.13434686274509805,0.034308333333333337,0.0017916666666666667
e9c78e9fb,0.5524183333333332,0.17178998080572674,91.03500497437501,0.10240908496732026,9.166666666666667e-05,0.011983333333333334
2bfc5658b,0.4085982434640523,0.21416264975267804,713.4641594971373,0.24288410039941905,0.07585069444444445,0.05375578703703704
763264fa2,0.3838889503169689,0.2046804441242325,71.41856738333146,0.3223379035824856,0.12100563909774437,0.012105263157894737
df1d3b1ec,0.7314151254764201,0.18074673351164883,129.93388015297415,0.23247279239564678,0.002656615925058548,0.25560231264637
a65ec6d03,0.5481598075627652,0.14022247575100108,440.74829212980785,0.16650847943634278,0.009540389972144847,0.0002785515320334262
971817521,0.5035181284790131,0.2275712104364154,1143.5297629933984,0.2631515972117747,0.09430946291560102,0.004782608695652174
8a0a8eec0,0.5120185349611542,0.18318263936847534,396.1589778988074,0.16149578246392898,0.0003018867924528302,0.022518867924528303
9e5672e85,0.5310869281045751,0.23434727559098026,2187.7426250415974,0.3217461111111111,0.007791666666666666,0.13503333333333334
fc2ac0b04,0.47456079036552895,0.2278234646832409,1018.0188936175887,0.25873075526506895,0.019429012345679012,0.08837962962962963
8b01f5e06,0.48859214183757793,0.12805897645993206,453.9440196853723,0.20071938353885616,0.005172413793103448,0.005788177339901478
0627105f6,0.7664650436953807,0.30279169206771134,145.32360242384868,0.054098810310641114,0.015177902621722847,0.6675374531835206
c5574bf3d,0.5159420261437908,0.22759605346824666,309.30378442159724,0.09517176470588234,0.0597,0.07039166666666667
3735485c1,0.6037645091481408,0.2174442820891762,166.02846879446258,0.26245835792510985,0.018996655518394648,0.06597826086956522
f48b3cebb,0.4179780319535222,0.22949210949647353,667.0720051319431,0.23123173111837325,0.015543981481481482,0.019791666666666666
9ed8dd7a7,0.21206868796901476,0.21236267951749227,79.44337657887279,0.5643747276688453,0.4939506172839506,1.54320987654321e-05
ab4ef2577,0.5202185185185184,0.19121896116959441,3920.762322369876,0.1514938126361656,0.017444444444444443,0.015577777777777777
d6d9a938f,0.4948272815298959,0.2370220914429343,1168.6128360396067,0.193720890825466,0.043680555555555556,0.03521604938271605
804d08f42,0.4788675552618051,0.21538640779047824,1080.8430194201596,0.3149725343320849,0.015299625468164794,0.03387640449438202
1398adca0,0.24017699142156865,0.12665870427178827,60.27385320288086,0.378985631127451,0.197390625,0.0
26cd1c2ee,0.5295537990196078,0.3349832616326419,587.4648739685938,0.1827014950980392,0.2211375,0.129425
02d66a1be,0.4728904575163399,0.2563572953536641,6812.879371021729,0.08002313725490195,0.07146666666666666,0.07664444444444445
33f89cb83,0.5520197385962753,0.20550507579891994,5886.007148261707,0.17020693606940684,0.031024450836820084,0.04462277719665272
4470adc62,0.5045804936917423,0.24916909166743234,547.0933180230379,0.3144770759222451,0.04025509341914817,0.04949782156685549
f824e33a8,0.3625816339869281,0.19752571603902047,352.67204343305553,0.12458650326797385,0.058975,0.03875833333333333
f54d6a569,0.39850435193234385,0.23755678755504048,1943.5001033687358,0.15042086566427337,0.19937055281882868,0.0
f89f0e01d,0.33664179869582495,0.3147565883328475,1187.7928940056447,0.23767644381893782,0.35124552595546377,0.11153282567440967
401fcc4c5,0.2827719389978214,0.23686549673906412,52.72331110320987,0.4497793464052287,0.22573333333333334,0.0
773243cf2,0.5598025816993465,0.3193599745536638,1418.5281264166667,0.16379640522875819,0.0439,0.275375
8ecb9aab0,0.519455065359477,0.19380578033384394,235.24216556416664,0.2719539869281046,0.030766666666666668,0.0
0e6b24bc4,0.545135816993464,0.18503053246660645,442.02837852604165,0.37131568627450984,0.013241666666666667,0.0028083333333333333
93ae9be69,0.6802026034494065,0.3473976146496338,91.48422089734734,0.06312905764312414,0.12498327759197324,0.4761454849498328
df706fd55,0.4609651186790506,0.23073342126778099,223.22373856571252,0.21300488476092191,0.02230701754385965,0.019807017543859648
351586450,0.506314183006536,0.2845123103898022,177.24736984104166,0.15432598039215686,0.050216666666666666,0.17569166666666666
828f0e616,0.42128275236020335,0.2867799484674973,1541.489712086334,0.2504214596949891,0.16603703703703704,0.08388888888888889
d8603dd80,0.6039839778503994,0.16538741191412262,7132.3880384611575,0.24449069535221496,0.003472222222222222,0.040949074074074075
5b7ead040,0.5484462507659313,0.27105017757992234,2553.7783006007908,0.3074825654871324,0.06081787109375,0.1255126953125
890127ff5,0.3541669934640523,0.2800276196533122,1121.809736338264,0.2683491176470588,0.18441666666666667,0.08044166666666666
71edb3344,0.2265528322440087,0.20040208820565925,422.1547364920911,0.7097441902687001,0.4149382716049383,3.08641975308642e-05
308034707,0.38579920918643695,0.23870190413273099,1970.6631827363776,0.5203740453363666,0.12136999309392266,0.020739813535911603
7abf263f7,0.43897261558944567,0.22361328068614456,1365.3764584188293,0.256233508835633,0.07054012345679013,0.020046296296296295
69c1801cb,0.499523798228969,0.19211423393880026,390.0149330384564,0.3592984925152857,0.008508064516129033,0.03938172043010753
a462b563c,0.33129030501089324,0.22954648949795076,680.8702675913869,0.22793579793028323,0.14336226851851852,0.02697337962962963
1dbcdd322,0.4613419968681917,0.25412136915100375,1486.8225812864368,0.25545445261437905,0.04656394675925926,0.0939453125
87e6807c7,0.5360430379746836,0.23410399844344976,838.8568849157186,0.13547267311988084,0.04889873417721519,0.04898101265822785
0459c7bb7,0.4397293089520452,0.15992049119907673,3203.8413002979946,0.12469784093412646,0.02563670411985019,0.00012172284644194756
3330252db,0.4849466666666667,0.30122741178087026,264.66319199888886,0.13974650326797386,0.16333333333333333,0.06500833333333333
c2e22f843,0.36883222222222223,0.2440804845615204,491.0388914082639,0.15940339869281045,0.22525,0.017341666666666665
0db65104a,0.472781406748746,0.21822088213015595,74.93496877514028,0.22014286935704516,0.13321220930232558,0.004142441860465116
49e140a8e,0.34078633986928103,0.2591201672981053,84.08284439888888,0.35088330065359474,0.22573333333333334,0.025483333333333334
7b8a09f2d,0.6340636601307189,0.1741712954128004,34.83720899555556,0.31251990196078433,0.000625,0.12551666666666667
9295d02bd,0.5805492156862745,0.21072514369985698,705.0655251775,0.3128331045751634,0.012833333333333334,0.109675
9c8209bae,0.45025733997302625,0.19316627660067934,1890.7901994457045,0.3301549693951655,0.08086640211640211,0.0016402116402116401
474294e01,0.4686176470588235,0.21435332119916378,299.6893839863889,0.23599565359477123,0.08685,0.024608333333333333
44fff524f,0.3723138894353728,0.1882839764795163,386.00385420122535,0.4491267624106499,0.006605351170568562,0.020225752508361203
ab87287a4,0.4913960130718954,0.28646303151176417,6170.176473817708,0.2570002941176471,0.09649166666666667,0.128375
62c16fa1a,0.5304924712313294,0.2844758661323577,975.7443026924204,0.23991637404106902,0.04484584430123143,0.18828477201900093
676b51817,0.543883016748366,0.18422291231703436,28.99288649660746,0.2372091503267974,0.0066015625,0.0
e911008b8,0.5541057623570262,0.27181298941957455,295.3147125752343,0.17680306627859477,0.10271809895833334,0.011806640625
a16f85c6f,0.5656444444444444,0.2721380462124595,645.1726207955554,0.12525747276688454,0.021111111111111112,0.16834444444444444
1da3eb996,0.5040732343863471,0.29039877222425514,1045.3747803878387,0.14777614379084966,0.085625,0.14088541666666668
2a154e41c,0.48595222222222223,0.15721131675910027,289.1992155715972,0.06882918300653594,0.0005583333333333333,0.00015833333333333332
006610fe3,0.6011471241830065,0.25576761459302866,1678.0449404827084,0.042762973856209155,0.13425,0.0028333333333333335
05fb5b403,0.4326335294117647,0.1884606108836349,400.4673396530555,0.3220837254901961,0.046525,0.0156
3f3e1f288,0.39031778776325343,0.16894920346260936,401.0928037494843,0.6689306463326071,0.03623263888888889,0.0010127314814814814
c0b1f82b1,0.5991868663475889,0.23842655389419912,1555.258156728659,0.16185531710496973,0.05721784776902887,0.058127734033245844
ba7d1a755,0.46755086540789154,0.17426235741655233,2464.838416818844,0.22145019365771,0.03847222222222222,0.012746913580246913
e9e4424a6,0.4757376808401263,0.183195798930388,4564.694018690735,0.10928064184475288,0.011385767790262171,0.006329588014981274
d1a9104a1,0.5159225671750182,0.2082852600839937,2673.413135602033,0.0834772149600581,0.06366898148148148,0.009398148148148149
d6715d925,0.5013703594771242,0.27372603209457,321.66152491493057,0.10753075163398693,0.171925,0.03696666666666667
0e1a2937a,0.5355071940813362,0.14963043987610414,71.923740565924,0.4230559186637618,0.004016203703703704,0.0
475564ad6,0.4758807700163399,0.19529609929430902,876.204861952021,0.11447046909041395,0.053736979166666664,0.0
597ff6946,0.4709202154820261,0.25472913738759306,4812.255104064676,0.3900119995915033,0.053343098958333335,0.0925
3d9784a88,0.4949647385620915,0.2578377582997158,3310.965989588264,0.37825620915032676,0.07793333333333333,0.11679166666666667
290cdc8ee,0.6160660113564236,0.1768881935865178,1748.3411136159164,0.12014011973993446,0.015223097112860892,0.008853893263342082
44a0c16bc,0.398166887656702,0.2801333936568574,555.7099321125462,0.10243873984019838,0.2359923887587822,0.07245316159250585
bb2a61d2b,0.5762648672637779,0.1973307749434387,5027.507046664528,0.13088981683208262,0.03781893004115226,0.026059670781893005
3050bd8df,0.6676228894335512,0.20048493514328244,651.526182471172,0.06111530954974582,0.043153935185185184,0.0015451388888888889
c6de9b701,0.47800712418300656,0.22084563618721476,717.75614071,0.22685696078431372,0.061641666666666664,0.036783333333333335
cfae2101c,0.4874941448801743,0.2776374413003063,2064.8472979943544,0.36153267973856207,0.038832465277777777,0.14375434027777778
de1f49c9d,0.4267780392156863,0.2767461900813948,319.5686915815972,0.13955049019607843,0.147475,0.07850833333333333
e093c4886,0.40372300653594767,0.2208925669297333,66.0334665863889,0.20834950980392158,0.11256666666666666,0.010566666666666667
cf2e67122,0.4828621096586783,0.31246941386889526,977.4927954196673,0.32824875938029535,0.06158179012345679,0.21751543209876542
b5931099f,0.5271098121256872,0.1745473150369591,933.5418683661657,0.164768602838625,0.04274058577405858,0.001589958158995816
0a4b42306,0.4346759912854031,0.21955990916769488,712.6280777006173,0.13773803921568625,0.03722222222222222,0.023355555555555556
1e7e220d7,0.4451305961691035,0.20360551025915877,204.21270176417522,0.20779474101779438,0.011907514450867051,0.01139450867052023
f0e24b0aa,0.31978684190211515,0.25739750360717806,731.6780237450727,0.25417438628994904,0.31986958661417325,0.00904281496062992
a4b85d322,0.6713926875353933,0.14267918756993805,692.6738391547132,0.32061292196143737,0.0072244369312543105,0.03084893441657836
0eaa0e3c6,0.6293853192427599,0.16429326484219603,450.42865611793684,0.1785486145294938,0.007041056485355648,0.03744769874476987
dbea554c3,0.37762669588037234,0.23672124336217268,1490.1114498360516,0.26650305134680136,0.09063289141414141,0.051759785353535356
ecc64a258,0.5346166666666666,0.2604906821272841,536.7924183860416,0.17856133986928105,0.0317,0.10713333333333333
fcdf10cb0,0.558164533405955,0.2744617715815126,1123.3617395227502,0.21222308460421205,0.0866087962962963,0.08653935185185185
95af010cb,0.4258105519074661,0.25993318391595105,137.2027841584287,0.5376453176899174,0.08419529013791309,0.04291894353369763
d86f635fb,0.44396636284722224,0.23181803644664176,1854.2341440683576,0.21132494638480392,0.087939453125,0.03738932291666667
7fe0a86f8,0.46694126361655774,0.258250598706435,781.9957060788889,0.32164740740740744,0.027544444444444444,0.12653333333333333
1e753137d,0.553550564236111,0.19650957462634622,984.5001094138993,0.2019694393382353,0.00958984375,0.003899739583333333
3485ea1db,0.21813186274509802,0.26315790662049526,2207.5112329441667,0.2630562091503268,0.507875,0.01345
191043d9c,0.5947892624931916,0.20036859767020343,249.90328139172658,0.2014036543436819,0.03142903645833333,0.061778428819444446
83976eb62,0.5916819784093413,0.24038074766675036,381.72287315539563,0.24761970331203645,0.00850187265917603,0.14907303370786518
d3b4b6a8a,0.6187732679738562,0.2506409625421556,261.2159148082639,0.1901950653594771,0.04750833333333333,0.03780833333333333
e7176bba4,0.6983953573563152,0.36638369005667326,272.52180596951143,0.14402706923477357,0.12407079646017699,0.591543756145526
710126170,0.5926400192864031,0.2753405799248917,260.95139268771834,0.2636717132754741,0.09277049180327869,0.18458196721311476
75f94bea0,0.5445051969862018,0.2728287942116458,561.2659258209019,0.20813473583877998,0.03872685185185185,0.06512152777777777
ba72b4212,0.431407486631016,0.2005993406738117,856.9705835700183,0.3938628045157457,0.03171969696969697,0.00906060606060606
1adb69797,0.16589863229242316,0.23277774412454075,2408.100896944956,0.40339503146937783,0.6138348765432099,0.02034722222222222
9351715a9,0.6287390280330882,0.2751967480419444,313.00325439352395,0.10269488166360294,0.03517822265625,0.28521240234375
08bfdc66f,0.46586906403186273,0.16776613410380006,2453.194319217163,0.20359737540849673,0.009498697916666667,0.006829427083333333
27e8956dc,0.5975631657507293,0.22809969887546935,103.87476137857546,0.0616673112151435,0.01764705882352941,0.1244809688581315
cb11e3261,0.5075265976761074,0.24239899406399273,851.3180100436648,0.17041336843379326,0.01287037037037037,0.05849537037037037
33752346b,0.5945595098039216,0.16415919095359433,697.0792133197223,0.21061575163398694,0.02415,0.020716666666666668
133af5fc3,0.3928484860089869,0.25122314180499244,158.02176516109043,0.29559423508986926,0.128818359375,0.04527018229166667
5043a32cb,0.4382812897886427,0.22650903301027384,3561.2382625653568,0.19798192004074358,0.07504058441558442,0.029261363636363637
bbb0a9ac2,0.4737881045751634,0.2689031889067366,3581.5093953882633,0.18544055555555558,0.11475,0.07763333333333333
ab1777794,0.5367293255265069,0.23903545256489103,492.10043091238936,0.2601970315904139,0.018813657407407407,0.14049189814814814
65ba8b6a0,0.5612179411764706,0.2938223619632028,1458.6873559988885,0.16799486928104576,0.08213333333333334,0.16091666666666668
19a36eaab,0.3169938271604938,0.20302526318429318,457.95758156075186,0.36012987926652146,0.07833912037037037,0.030914351851851853
c6d91de2b,0.5654178534571723,0.19176573994837148,173.6837300399931,0.2282313209494324,0.04598684210526316,0.0015197368421052632
998488372,0.5544196405228757,0.22561922047943747,212.29183185666665,0.1784918954248366,0.013075,0.10086666666666666
a678a4342,0.674176891439863,0.21305127623486994,147.82662437166096,0.27237624505019,0.00992142009158234,0.16737332051934348
7f4e5c2a0,0.7456047712418301,0.1284377807942582,848.6748289233333,0.07944444444444444,0.000325,0.113375
8cfcbd9bb,0.44235986292665214,0.23938537888728126,1104.9160267468278,0.21982529956427016,0.08537037037037037,0.06211805555555556
56f7b3216,0.596924555759804,0.2093054036247117,2245.0007350253636,0.18922181372549018,0.015501302083333333,0.0448046875
637186543,0.3559343210968598,0.11090744913549433,28.114910700064303,0.17150372254164825,0.02648496240601504,0.0
187b92014,0.4193026100072136,0.27812517220686883,837.2655427494519,0.3691424355695455,0.14198996655518395,0.07500836120401337
7ed568ab9,0.604672156862745,0.33432063574751825,879.8681155432098,0.09959607843137254,0.040633333333333334,0.3256777777777778
e468bfbca,0.5964650468883205,0.23516584655898426,296.7142499611302,0.2472905108531707,0.010568561872909698,0.09838628762541805
a37c82165,0.5608230065359476,0.17427076097617317,402.10258855305557,0.23458555555555555,0.001575,0.03705833333333333
c7e8a87dc,0.729826568627451,0.1699611931484978,703.3442203955556,0.147285522875817,0.0023583333333333334,0.19693333333333332
269a6756f,0.21637284167398302,0.1420568246190144,47.612549437165846,0.3861318773778168,0.28344216417910445,5.5970149253731344e-05
cad25c91b,0.5043005952380952,0.3490932734610629,829.4962453110481,0.43106889230051,0.24204441391941392,0.19634844322344322
84057a73d,0.5179534967320261,0.1904965762626882,1154.5505261330554,0.125598954248366,0.010375,0.028341666666666668
97b32f734,0.35213797385620915,0.13459473586079138,84.49572555770834,0.2701742156862745,0.052583333333333336,0.0
f8d3b2e51,0.660860715379902,0.25157915240917,618.2041503901058,0.16204836856617647,0.024195963541666667,0.229384765625
6df28d790,0.49221670751633984,0.2648524980870245,604.046133485511,0.21387908496732025,0.11694444444444445,0.08457175925925926
282c90ff4,0.500469077104526,0.27833644470489366,2389.5209473458085,0.2602156125608138,0.09970864661654136,0.14491541353383458
b71eb2942,0.3801716013071895,0.14986819593696812,159.3853158863889,0.3209911111111111,0.017566666666666668,0.004225
1ff9cda01,0.4272044706776535,0.23096029295764492,224.9698078434297,0.3545389751571278,0.11582937265876013,0.001103066376463969
30764a1fa,0.5278405078506498,0.33512001930680774,1228.8733136774329,0.11779403715509193,0.25320197044334974,0.20513136288998357
189bb90dc,0.5739094577402111,0.26597335571208186,636.7058659670619,0.14958843732424743,0.018657755499860762,0.18120857699805068
a929a9f48,0.5871432461873638,0.22601280214658245,208.19236432850948,0.09220027687000726,0.0054918981481481485,0.12126157407407408
391da7c7d,0.45981228936887253,0.21115069609447623,859.7468967122971,0.24821505438112745,0.015458984375,0.0742138671875
8ad937f6c,0.38646012618010167,0.23662604719467742,960.0303002065317,0.4616837327523602,0.13109953703703703,0.04292824074074074
f26f1acb2,0.4839054557007988,0.2022463444217529,301.3439681664738,0.23334438543936092,0.029519675925925925,0.02326388888888889
953e3ebd4,0.3893516702977487,0.26543794120400405,241.87984418282213,0.4185815177923021,0.12261574074074075,0.0677662037037037
283d93104,0.5596943464052287,0.17471683497118792,1179.0742103693751,0.45698686274509803,0.008191666666666667,0.003375
44ddc2e22,0.5493465359477124,0.2980796867946444,644.944397119375,0.1568100980392157,0.03351666666666667,0.19719166666666665
0146f6d2c,0.3911012418300654,0.2012624759908164,75.0546123263889,0.2207764705882353,0.07309166666666667,0.0025166666666666666
469bd2504,0.4316473492007245,0.24287024316712552,769.1868882266956,0.13310683912119065,0.20074673694779116,0.0064319779116465865
3021613fd,0.5086227777777779,0.2500329879631738,4957.706874016597,0.2037570588235294,0.031141666666666668,0.13430833333333334
01958f464,0.7138327397365196,0.23347188986154926,122.64961805894374,0.10028789445465686,4.150390625e-05,0.33598388671875
0090eb457,0.46958260711692085,0.23869539496288888,1590.0929429955418,0.5180471738077947,0.03670524691358025,0.038425925925925926
566dcbd9f,0.44662610440368467,0.20775049939856643,353.6560460172372,0.21587591943267817,0.043880285420496684,0.005117938491259777
eeb377c0b,0.29707185870602926,0.2506796864545784,637.3827268105879,0.287291180142469,0.36515917602996256,0.023370786516853932
936fc22ce,0.32342395908980875,0.2240623099826423,2639.626414332562,0.489100913822319,0.1895601851851852,0.0031944444444444446
4436738dd,0.3852275381263616,0.25374485521018403,2663.1433416177774,0.2766927233115468,0.15795555555555554,0.056077777777777775
ef690f7c1,0.4965764040183975,0.21538005325746656,320.13155716253004,0.1296097191963205,0.04425925925925926,0.008140432098765433
d4f813a7e,0.48786241319444446,0.20571828446729765,3355.0490548103226,0.17812622549019608,0.013001302083333333,0.07136393229166667
c38d0b5ea,0.6714177786855483,0.24314683037710366,293.2124755253544,0.1599048202614379,0.014021990740740741,0.2201099537037037
ef30ade75,0.6744516339869281,0.288591138131272,460.4091644110416,0.18874156862745098,0.015866666666666668,0.35986666666666667
bdeeb6fe2,0.4385294117647059,0.22936905325105986,96.01741385103384,0.1666063688633348,0.06343045112781955,0.005864661654135338
a99a82e6d,0.5057946117439018,0.2246562585380388,4139.309983899793,0.35279429968273784,0.013183023872679046,0.07885941644562335
172305d1b,0.3503432734204793,0.23398843256767948,146.334039351316,0.11688652868554829,0.2799421296296296,9.259259259259259e-05
c18984292,0.5979387177201542,0.34146366897088754,3577.7249701734286,0.2029588319584834,0.08928778900894621,0.3548025693372504
fd2d48292,0.44698437720411904,0.2091274291672016,275.7500113296413,0.12033326280152348,0.016771582733812948,0.004217625899280575
34d903f17,0.6497413875272331,0.17203195666432977,975.7548600260417,0.08928664556100219,0.00829861111111111,0.015525173611111111
245d6e033,0.37903666666666663,0.3168406416466556,103.0069548888889,0.19872591503267975,0.272775,0.019341666666666667
935098bbf,0.5120768300653594,0.22958118369144198,1096.0332138622223,0.12130035947712418,0.028741666666666665,0.046533333333333336
7993d67e3,0.6553931810819567,0.30914931104744187,1203.5765609797277,0.1516516606642657,0.037633624878522835,0.35761054421768707
1ca147dd8,0.5477552338643792,0.28469869313182505,2600.235075317213,0.19704730902777778,0.01869140625,0.2006640625
63051e3ca,0.5765125767478708,0.2561396055945161,673.7589532221768,0.2502240047534165,0.04924242424242424,0.14336700336700336
bc7b17cd5,0.7867718063969774,0.24016097899895528,3335.0929722916967,0.20017265976157905,0.03705149501661129,0.5761461794019933
e53933782,0.5325226143790849,0.14856354592112614,1145.4748662655554,0.19144558823529412,0.002958333333333333,0.010708333333333334
746f52206,0.5068493464052287,0.13458888355457263,311.76354162326385,0.21063666666666667,0.005083333333333333,0.0
6b29b45d9,0.3961027293633503,0.3213365865978194,2273.3651985334145,0.3439300411522634,0.30421296296296296,0.09614197530864198
563854d72,0.4697364033204523,0.2841388800482107,205.85305491427022,0.16336510662659223,0.20315693430656934,0.024936131386861314
fa73b1181,0.536196861886517,0.19094257434928827,1584.7605689755535,0.24156251006149587,0.02163382594417077,0.013929939792008758
ab309dd09,0.24078555238485685,0.2136584723924782,1458.3260771981156,0.15381856018863524,0.36642977306279395,0.015827239331204723
05ab54e3c,0.5365823529411764,0.09680241997694214,1537.0831849288888,0.09122150326797386,0.0003083333333333333,0.00355
8e8080bbe,0.486451646090535,0.2671054404696938,151.26219278543428,0.21712233720648755,0.04408179012345679,0.04310185185185185
41a6a7467,0.3817557984845856,0.21194899573203588,332.6341093446802,0.19702354097981375,0.02766961651917404,0.05480825958702065
4f3b3314c,0.6660358823529411,0.250215649467431,619.0683858549304,0.1030314705882353,0.0008,0.213425
1099a5406,0.4345727822727604,0.22769853935706658,1826.3825550779252,0.2192806326991763,0.051440520446096656,0.04976765799256506
14155e8c0,0.4828602366727941,0.2295467910514595,286.03187657318114,0.2942688706341912,0.03176513671875,0.0120947265625
ed29f6592,0.405219183006536,0.22529505915279407,2228.8329352049304,0.12763581699346405,0.06615833333333333,0.012925
86c35033b,0.4450012254901961,0.22252739935961674,1040.4327791232638,0.0874595588235294,0.03057291666666667,0.019322916666666665
191660250,0.5984248039215686,0.20380530995392132,333.38308859993055,0.19148055555555557,0.017566666666666668,0.02405
76c194060,0.6122136461797195,0.23627577274575678,902.5673911119954,0.12854610996445362,0.00012487816764132552,0.1731694688109162
d147c39fb,0.5731793899782135,0.18595550232835587,262.1513084069136,0.07092762527233117,0.041077777777777776,0.05782222222222222
1e8b70d35,0.4738136274509804,0.21724100176885447,172.84783799555555,0.3375725163398693,0.015175,0.0015916666666666666
fda733a81,0.5104896954010262,0.2657514465807897,1511.0720802553699,0.2575607531421876,0.07799834313818017,0.08117574270404043
9af8f154b,0.3529655387238507,0.24175352687222681,670.9596234449278,0.29097540822349005,0.2095484949832776,0.03362876254180602
fbc6507e7,0.45850416156045753,0.2594880633846768,516.3813513681624,0.3523204912173203,0.023740234375,0.13689127604166668
383e5b82e,0.36631057774280285,0.27939277607592533,541.9782051867428,0.2538679913436947,0.28372909698996657,0.04375418060200669
c1680e63c,0.34282831203642505,0.19165331207308856,627.5376793088901,0.277909735991775,0.14073618913857677,0.002346676029962547
b0a8a88a0,0.48360505174291935,0.25536913868765254,1595.9407139574757,0.250853894335512,0.047141203703703706,0.10480324074074074
e50570999,0.4922404714694867,0.1741195224592665,48.53148918057134,0.7296668502607035,0.03352996254681648,0.0
f663a91e8,0.7615109803921569,0.21337450032598332,604.0082785322221,0.21680869281045753,0.014041666666666666,0.3829416666666667
ccb7df174,0.5154016549148396,0.3253283220547581,780.9941764187839,0.3139170610773045,0.02584838533114395,0.28244389709906953
0fd1d2d85,0.5827098682095789,0.28492874819153724,1049.2307408220909,0.1863468338154934,0.027344262295081967,0.22203278688524591
a5205f8ab,0.39066058460421205,0.2504480836373234,1534.8777653826678,0.2742335920479303,0.16651041666666666,0.043431712962962964
942af9028,0.8501929206139385,0.2462699320518522,3289.3305805243444,0.04164614085334508,0.02150749063670412,0.6751966292134831
063495ecd,0.5212810020329202,0.28143758024067655,291.1978844335494,0.18894638992720836,0.0038461538461538464,0.20512541806020068
798a0cb05,0.4470863970588235,0.18907077752912058,497.9181160074535,0.22074330519244736,0.0486400462962963,0.024230324074074074
bec6cc26b,0.43903764705882353,0.17930421458025955,213.00119578993056,0.2019248366013072,0.07054166666666667,0.007216666666666666
ad111a12a,0.522748455882353,0.2053399743442471,520.812193656211,0.25195046568627455,0.03485,0.06415625
7959e3491,0.5534819607843138,0.17087479426013524,101.20753880493054,0.15415235294117646,0.050225,8.333333333333334e-06
1882ebd32,0.5994985294117647,0.12183324077083799,227.24611654416665,0.10137395424836601,0.00020833333333333335,0.0001
8f0468771,0.6147561501452433,0.23805130953450235,659.570023304579,0.1745241920842411,0.024195601851851854,0.025
a8f17e0de,0.5486665758896152,0.3174367643539173,571.898065995799,0.16001593137254902,0.032586805555555556,0.31703703703703706
b3408d846,0.31821042483660134,0.17215060154841436,64.48370064104166,0.16231862745098039,0.10886666666666667,0.0
4e47644c8,0.37638053740014527,0.22473907337341814,377.9280624565972,0.21526827644638102,0.16501543209876543,7.71604938271605e-06
227bfa6b8,0.5077210577717677,0.11481968848294258,347.96169101241367,0.15709853289974995,0.02022441160372195,0.0005473453749315818
7ff979d3a,0.36987313725490195,0.2692503693859944,1267.1218110310938,0.26422627450980396,0.2605375,0.04330625
4cdf29720,0.697694018974164,0.1394538505738142,1676.390685392943,0.5127958602646968,0.006117266851338873,0.052787396121883656
88448bdc5,0.4300725566491188,0.20239711551449813,757.644983721839,0.4548671702143892,0.05181906614785992,0.006332684824902724
818b12621,0.5155186395545872,0.21438908824935946,251.53312499994047,0.3282887012829823,0.011381172839506173,0.012584876543209876
4874347b0,0.4136166787702735,0.2841582798253135,7275.348625685872,0.31210708666182524,0.15830246913580248,0.0861496913580247
596c81470,0.4855869038973614,0.23012999799230383,797.0243803749786,0.10635490801258775,0.03440586419753086,0.023179012345679012
4348b169a,0.4186475163398693,0.1567023157794678,548.6711984360417,0.276942385620915,0.037983333333333334,0.00015833333333333332
c64c9e2d4,0.29138196713870734,0.15599833799389798,211.6693049117142,0.17430464778503996,0.14060185185185184,0.0
9b53610ea,0.44696945352214956,0.2710073592607902,1187.6330718195074,0.2557343409586057,0.1207175925925926,0.08135416666666667
215f9a760,0.5547916339869281,0.1739435702502588,125.05676233826388,0.18401908496732025,0.0036,0.0236
b02f2fafa,0.4569217320261438,0.2555546417372772,392.3351193155556,0.30286460784313723,0.11515833333333333,0.037233333333333334
03edf613f,0.495767179557008,0.21531362131506063,915.5607799960079,0.2126785357661583,0.08207175925925926,0.0035185185185185185
31d921827,0.5291634667755991,0.2522600493975038,1311.4124918075918,0.23825186092955702,0.03155671296296296,0.10156828703703703
f4e2b49f5,0.5758763071895424,0.20300934134019974,2863.371153738264,0.07532049019607842,0.04443333333333333,0.0029833333333333335
2d813cd28,0.4901873638344227,0.2061452192334313,301.41660210048013,0.12755603213507624,0.0821875,0.0045138888888888885
b49012dd4,0.4889899540062939,0.2136257511332775,336.90086560356656,0.13503140885984022,0.019359567901234567,0.04871141975308642
f982548b8,0.42828656045751634,0.14416610208485955,419.65762522421414,0.17787624818445896,0.018096064814814815,0.003119212962962963
a59aa3f80,0.5786379901960784,0.16611136090548953,770.8152715810937,0.46312752450980393,0.0029,0.05104375
7810092ba,0.5512896444809808,0.16151863177341,73.82211683279603,0.18827945489790118,0.00745018115942029,0.005942675983436853
ea3fe3286,0.5777217637054822,0.18962750197234965,879.2944627342772,0.1734263455382153,0.020089285714285716,0.03080357142857143
a63364c39,0.8636796492034313,0.23347705037186828,561.3118781956036,0.08815105443218954,0.024163411458333332,0.8069401041666666
31b919935,0.35797535403050107,0.22870366736635667,1721.200827857048,0.15256379357298477,0.05832175925925926,0.07727430555555556
cc492b6b5,0.28560702614379085,0.31671045103711737,1931.1443363909368,0.1592661885741951,0.4790586419753086,0.033040123456790124
a3a0fa212,0.5346515359477124,0.21217023868215257,1015.4394895530555,0.1592009477124183,0.024166666666666666,0.06733333333333333
bf2f87f17,0.6132474128540305,0.22236214594103387,337.22913841597943,0.16250503812636166,0.01992476851851852,0.009224537037037036
10e723583,0.5538594651095733,0.36069480916708957,565.729705703598,0.05511775519031142,0.14806985294117647,0.3344301470588235
e0bf99ea2,0.46957143790849676,0.19453727755661548,1511.7239392993752,0.15292928104575162,0.07821666666666667,0.0
871ca78ab,0.5519206209150327,0.15941551656623698,428.9589844166667,0.35891973856209153,0.019725,0.014416666666666666
41e824cbe,0.6208418663761801,0.16996038569796934,736.4142017982682,0.26503000181554104,0.00837962962962963,0.024583333333333332
9495fed48,0.6966355555555556,0.19200741088460782,540.1709799360417,0.13701029411764704,0.00435,0.17551666666666665
ad8569001,0.5063573298429319,0.22252915568922388,427.8280099694018,0.2816876604044759,0.002087696335078534,0.06933900523560209
787f3055b,0.4973416993464052,0.2406823179297191,650.3933325530555,0.20449555555555554,0.0693,0.10036666666666667
c68bc0253,0.47615126792766577,0.20896102170641687,296.9180788085215,0.376877782252477,0.07543065371024735,0.015232994699646642
4f45bb293,0.4995095459236326,0.23296959538434056,433.7752224877572,0.2866553516143299,0.03478383458646617,5.639097744360902e-05
87554ea1f,0.37100186274509805,0.17981814150473163,798.6227738082639,0.34621421568627453,0.15478333333333333,8.333333333333333e-05
326a3c785,0.38235213625680153,0.16391234889076295,284.95768012441243,0.47743633085418075,0.1363984674329502,0.0
fbae7b0d5,0.5510454411764707,0.2899265829287351,2390.6055271083983,0.29123149509803925,0.04185,0.1540625
0f012474b,0.7394769773077771,0.22860517671602118,325.659359340063,0.0947252698832342,0.009887640449438202,0.397312734082397
5dddf96e8,0.5029835437787086,0.23523071821260733,1116.294065826774,0.2568887978307938,0.06678921568627451,0.008481682146542827
8b56fecb8,0.4613419968681917,0.25412136915100375,1486.8225812864368,0.25545445261437905,0.04656394675925926,0.0939453125
aded1fafc,0.5461029593993731,0.19101554875438767,241.80172827075356,0.18414184707340184,0.008345724907063198,0.003299256505576208
7ed14130d,0.5576559418145957,0.2237878356752341,74.35666546902901,0.28855613325211743,0.03918269230769231,0.04664848372781065
e92d3d4cf,0.532608954248366,0.29636416623361234,621.0123507455555,0.11947839869281045,0.11126666666666667,0.17679166666666668
32bc0b4fa,0.2617781224468954,0.1505415895151435,155.44669127193026,0.3499199729370915,0.24967122395833333,0.002373046875
1326c53f9,0.631108834545054,0.20726047537375275,1044.8135333277223,0.12561217595652494,0.02438202247191011,0.024222846441947565
8cd1d06ab,0.4923924112233065,0.18287358339393825,10965.081217380624,0.20332298227159878,0.02020179271204,0.026740537213038453
081301773,0.4736807149689144,0.20057245277883934,208.6568287091366,0.4670733799617408,0.007820121951219512,0.0004192073170731707
38e87cee8,0.5323588562091504,0.18560800512974088,559.109777984375,0.32562160130718953,0.030816666666666666,0.011925
155d18f5f,0.33373422748729126,0.23729939601328215,332.600056476659,0.27465974491648515,0.245625,0.02875
17c4b0394,0.5679805453431372,0.2561124159477891,484.7225816080306,0.1642845690359477,0.096640625,0.00484375
0b8e1dd80,0.41695039034132175,0.2217327587447114,6202.2484723665975,0.4190342229484386,0.07028356481481482,0.018292824074074072
e2c365994,0.511593431372549,0.2113838887360834,548.0347798488889,0.16474166666666665,0.019375,0.04583333333333333
1e85c2b18,0.5093031170801654,0.22609165808427303,118.9238383110202,0.214781089519141,0.01369579081632653,0.02034704506802721
c3750cec1,0.40039279025450336,0.2905664704902565,1440.6349745026882,0.2966734483266991,0.20020050125313282,0.0817376775271512
751412a89,0.4756915996614473,0.28078811911617096,1902.0354926109383,0.2864201227253491,0.11030575539568345,0.08303956834532374
084b7e7eb,0.4434452366805308,0.33074320448582106,921.1611794555403,0.3148538324420677,0.1661111111111111,0.1575252525252525
bb2e480f4,0.3752678376906318,0.23352747987467726,2304.611324989518,0.34008991466957156,0.14243055555555556,0.0008275462962962963
2e3bec724,0.45041032679738563,0.13345146161982202,271.43066469972223,0.2823584640522876,0.010483333333333334,0.0004166666666666667
0ab4214b4,0.4570880882352941,0.2520126077187978,1270.605112772461,0.2686755147058823,0.1235,0.02576875
bed78eb25,0.44181769063180826,0.21395016783540818,3592.954852199945,0.30672424110384894,0.04253333333333333,0.015422222222222223
235a61374,0.4678439869281046,0.19282051410386972,429.2428450997222,0.11658284313725491,0.07690833333333333,0.0016666666666666668
b0cc3078c,0.4423699914748508,0.2848275519427422,304.3237508078769,0.12054393730736442,0.11530936454849498,0.06902173913043479
e2bcb9213,0.42821005564387915,0.2545210628658564,124.42696177631655,0.39667431770005296,0.18175675675675676,0.025253378378378377
0286dd665,0.5799027927422153,0.23740054470181599,136.7362109478776,0.31986074393315406,0.01407715988156377,0.0748418523661531
01c7411ef,0.6465014742739201,0.32634828178568737,4824.308816163205,0.24431132979507592,0.08692669172932331,0.3958364661654135
1d9604897,0.3413647269454657,0.200965102003714,364.81659754022957,0.1302796989889706,0.10760009765625,0.02428955078125
b440a9cf1,0.28446878829656863,0.1953167900906873,266.156763392204,0.5053056161917892,0.18915283203125,8.30078125e-05
e40368c38,0.50998022875817,0.1959951386650695,755.5887738465972,0.2613821241830065,0.003916666666666666,0.026808333333333333
15b27df66,0.7235797022512709,0.20345144610122512,955.0667264121644,0.1431583378721859,0.02592013888888889,0.1810011574074074
b686d33cd,0.6838387799564271,0.17496946761213866,708.5501619464808,0.09882504992737835,0.012806712962962962,0.01154513888888889
1e8187711,0.3598418669793499,0.17402684123628695,187.00099171532324,0.27155068073741123,0.08105481727574751,0.005681063122923588
b47b947be,0.37095082054560957,0.24264203100652595,585.0845659630124,0.3067830349531117,0.14710597826086957,0.007554347826086956
dbf8ba091,0.25574605321055627,0.2143349336291438,499.96851387473345,0.2406724835528081,0.40543240284619597,0.0029009304871373837
829ba7bfc,0.46436366013071895,0.14770594011336638,2600.6961554197223,0.3059840522875817,0.008175,0.0035833333333333333
e54866fe5,0.4292818168465888,0.195668786572679,3744.520849707178,0.3315185797165308,0.018333333333333333,0.028249063670411984
3639e2409,0.48728651506899057,0.14821411707773027,90.33860313732426,0.17798499909222948,2.3148148148148147e-05,0.0014409722222222222
30f92e1ab,0.4531883396877269,0.24139527753084364,1054.1057153978052,0.18180210602759622,0.03421875,0.05134259259259259
5d53d4bfb,0.31161918599388044,0.22394361682510472,1466.5552801979502,0.4557977115130447,0.2285376269621422,0.009995383194829179
a5a240214,0.5580373886823811,0.342240909556849,648.0670038237712,0.1700583830027973,0.1408954364758153,0.2695735074559747
8d676283f,0.4109147389292796,0.20054230743038562,3080.537996752567,0.3261361166189322,0.04332397003745318,0.03326779026217228
3eaae43f3,0.5345520987654321,0.23018587670729754,686.0790594763237,0.3963902396514161,0.060088888888888886,0.09161481481481482
0806f9e3f,0.4582925490196078,0.2700873827664556,1608.723739386543,0.1852379520697168,0.033077777777777775,0.09824444444444444
310045474,0.5093090628829657,0.2705743102945093,1261.4579658312261,0.3143417107077206,0.06732666015625,0.10648193359375
48615e613,0.8270515344158497,0.2627697872808827,6394.437154634432,0.17166410079656863,0.019290364583333334,0.6754069010416667
8a3c86cde,0.49665256596465746,0.18247134502924237,505.59710492392304,0.20395043572984747,0.03943672839506173,0.0
78a99e7a9,0.5654167035235147,0.26431181489626515,179.8934947933744,0.3269278711484594,0.030394736842105263,0.20832706766917294
af1125994,0.47850787581699344,0.20358983869149203,1566.3900727249306,0.432042908496732,0.015275,0.051116666666666664
08aad5787,0.33644537815126047,0.21319681463923604,232.8856581156305,0.4522533068783069,0.18785714285714286,0.021617063492063493
1a47d1c94,0.46695227396514166,0.19461617671201695,10798.677863463969,0.43215384440813365,0.0496412037037037,0.02096064814814815
4f34d790b,0.571381626724764,0.25203994531631774,238.61437097908095,0.21860539215686273,0.021242283950617284,0.2075925925925926
8420d063a,0.4353935997040325,0.19870349311322413,1989.6502742467069,0.2976960784313725,0.03518867924528302,0.03018867924528302
91f87fa27,0.454131495998847,0.23067087537527908,6693.082141678722,0.2489785623421628,0.08916586768935762,0.014221796100990731
5c1890dc7,0.468943954248366,0.12271903727384105,232.09849332638893,0.13502166666666668,0.016475,0.0
e442c149f,0.4137194480755265,0.23293450341923913,3829.48456485048,0.399596397966594,0.04034074074074074,0.09801481481481482
d02baef01,0.4962079738562092,0.2270050358633055,448.39225728270833,0.20624055555555554,0.0517,0.004975
8a030b8f0,0.5233981935366739,0.2280420327490044,557.4493984840843,0.2093484023238925,0.006915509259259259,0.07487847222222223
56c329fdf,0.531917764501634,0.2457085602916849,2266.6833921897783,0.13807523999183005,0.03345052083333333,0.09791341145833334
cdb4a7a7d,0.5544921241830065,0.24077555213908347,180.76533679888888,0.14446820261437907,0.025591666666666665,0.095075
4f66fa0c3,0.5177249962000304,0.21328256704702317,1922.9963054578113,0.06770964432284542,0.005949612403100775,0.03159883720930232
cc515ec8c,0.42237601307189543,0.2270777988409133,331.7591247065973,0.19857686274509803,0.0991,0.042208333333333334
d38fca349,0.5365857516339869,0.1837277118858517,561.4392620999305,0.43294921568627454,0.05506666666666667,0.0012083333333333334
9f341e7af,0.2947561728395062,0.24231714967765577,263.8244552332162,0.2169415395787945,0.3243229166666667,0.0036226851851851854
a99968c35,0.5186010071997549,0.2442085571339378,1325.956914433837,0.11506790939031863,0.0519140625,0.106328125
85d242c14,0.4764634512808955,0.24714525412511987,502.7143415720871,0.27559263552164165,0.06696770662287904,0.00421455938697318
647284f19,0.36041245098039215,0.24668818707267948,2343.160630466389,0.17273303921568628,0.07819166666666667,0.053408333333333335
ddfea1140,0.3155059912854031,0.24482810991852094,2802.3830006715225,0.15216790728637133,0.28314814814814815,0.025169753086419753
1eeb4ea81,0.48825598039215684,0.21437673360566606,2875.4286005799304,0.1031925816993464,0.026858333333333335,0.067775
fad223ef5,0.4876811607358993,0.19096751526814876,453.7561316085939,0.268538156620673,0.0009567901234567902,0.007368827160493827
f5c803412,0.19564340044009806,0.13134525490099958,204.51152304735348,0.3747513009102277,0.341364522417154,8.911166805903648e-05
771156bfd,0.5446895316266042,0.2983443352400803,524.182604628812,0.12337326558530388,0.07393687707641196,0.16480066445182726
82563b26e,0.4854948685433873,0.2118459846313551,1323.7297840647964,0.13878367550205817,0.028374029688923746,0.005651737620964486
0e7ca23c9,0.4989736274509804,0.21913672213119798,924.8658804930556,0.40100313725490194,0.03779166666666667,0.0416
ba392c802,0.4615158675449346,0.34517946520241505,4069.0655083075203,0.39930482792075167,0.25229817708333335,0.16984700520833335
631a6a27e,0.5737530754992055,0.2683454741534972,2522.233686536835,0.0983358614400926,0.003620161514898357,0.1641436925647452
9252b5dc8,0.61586714778504,0.2170181812908211,1252.6279801994585,0.1285223084604212,0.005028935185185185,0.12197916666666667
b5475edf9,0.46653304284676833,0.2604109335302707,6565.7994950617285,0.16352142338416847,0.043333333333333335,0.09814814814814815
da1e7c53d,0.46071105664488016,0.22271301178713887,568.1413578312543,0.0808897966594045,0.043271604938271604,0.10412808641975309
4f10d4a75,0.6072746005809732,0.23703225117665813,1823.7370352961034,0.14672027051561365,0.029756944444444444,0.07111111111111111
d96987111,0.5131018518518519,0.18604916194093088,387.7396784269356,0.1741260552832244,0.03421006944444444,2.604166666666667e-05
a4de6ea51,0.39297219433848624,0.2314542697201884,677.6483613542382,0.28759295322224454,0.045238907849829355,0.03622866894197952
c33220375,0.529700697167756,0.28402690496623284,2201.526201287778,0.29948858387799565,0.12177777777777778,0.08833333333333333
a02551367,0.5302684558823529,0.19197043459957885,170.759250484375,0.47609539215686275,0.01603125,0.0051375
de43c6ce5,0.42364287581699345,0.1961124335039437,1437.0677784049308,0.45106745098039214,0.049966666666666666,0.00215
adc51c1a7,0.3821892912690923,0.31551395905852725,933.3670407606481,0.3070801658453043,0.2737633689839572,0.11231339126559715
5ffd4e822,0.5700772875816994,0.21798962291894758,491.82646661972217,0.3977758496732026,0.037641666666666664,0.005525
d73e917de,0.5070137073347858,0.213713336398591,687.3255345192592,0.3505585814572743,0.006319444444444444,0.02408179012345679
acf573d1c,0.5873958496732027,0.2287881363613262,188.22009149305558,0.13059964052287582,0.06920833333333333,0.03038333333333333
5adb4e661,0.30255944444444444,0.33525132480276026,401.45280308159727,0.24850807189542481,0.4171666666666667,0.14575833333333332
39adf62b4,0.2971506209150327,0.31209512185138105,1032.4876528266668,0.3712304248366013,0.462525,0.082425
aca9ddee7,0.7055317320261438,0.22733950607782133,333.6112332197223,0.10154506535947713,0.026733333333333335,0.24511666666666668
08710204e,0.32358914306463327,0.2937755738778906,1312.130420008647,0.19025313180827885,0.31096064814814817,0.08053819444444445
f557e9262,0.4502085375816994,0.18886376793356302,8592.085156001338,0.278169707697894,0.01625,0.022991898148148147
169fc07e1,0.5368959477124183,0.18663234793200556,561.3436000832638,0.401115,0.010025,0.03038333333333333
25e0e0edf,0.37636920764399506,0.18013707697650638,501.6021953904569,0.2825236960018382,0.0371142578125,0.0086962890625
ed5c2d9dd,0.6888787990196079,0.273239247267778,468.80587286109375,0.24266845588235295,0.03599375,0.28773125
1c3f75c04,0.4512994217218137,0.36636937578983486,623.7012303519249,0.1725842715992647,0.275302734375,0.2362255859375
8bc346340,0.39485186887254903,0.29701814780663716,1544.285705795023,0.19027888837826798,0.24690104166666665,0.051500651041666665
e808828dc,0.4651491240014525,0.20162468739414519,83.3944791504576,0.13314022785039942,0.04799189814814815,0.00047453703703703704
ed5b8276f,0.5498626897318445,0.2343399779068951,1037.7310044350604,0.21676027342900528,0.0399984969025456,0.06058019561739728
dcb42ee1e,0.6204960294117646,0.18769927166768777,678.4097082077734,0.1900935294117647,0.0078125,0.0967875
82a97cd8d,0.5003973916727185,0.2864235590805531,2595.441540808375,0.17850357056402807,0.11814043209876543,0.10352623456790123
cd2fd9be8,0.44604381091184525,0.19091816284904284,2183.058862386513,0.15486027375098044,0.03578167668741137,0.03891096187428947
81c4d25d6,0.519254681372549,0.2994308548396719,2433.753856299844,0.1710257843137255,0.1212875,0.1634125
c13da6b92,0.21646604495456717,0.19212323940261172,404.24384823173773,0.5086920817107331,0.462212543554007,0.002221254355400697
db61b1f31,0.5222804248366013,0.19375944886634386,428.1798682249306,0.12631274509803922,0.037658333333333335,0.004366666666666666
3c778df64,0.46127327154820263,0.3186090860264379,591.9210531552527,0.3177754289215686,0.25262369791666667,0.131015625
530b7bcec,0.710282330596056,0.24125500328055519,269.1472786744832,0.09365870621752974,0.002621082621082621,0.32929487179487177
3f0c30d12,0.5247336528685548,0.1907864638901822,4480.060810925433,0.15149827160493826,0.01554074074074074,0.06748148148148148
865619d53,0.47505301470588235,0.26356702780105395,2357.478230424844,0.21509943627450978,0.08640625,0.05315
7c542e43e,0.4658645098039216,0.28642043803170447,494.0987248049305,0.3171332026143791,0.14670833333333333,0.046925
c55e9baaf,0.42906396416244397,0.20216672527464666,454.6430593884575,0.4442612175956525,0.028689138576779027,0.05530898876404494
22d381889,0.5115156880362207,0.23042992783863336,222.31060218854364,0.19497104187586983,0.028891509433962265,0.1001740790655885
c8be7beff,0.607044362745098,0.30368059458884145,509.4515025974122,0.13796531862745098,0.0359453125,0.2907265625
27830acaa,0.6956914261606282,0.2742959767971014,4111.694199189599,0.1033165581806493,0.03358094262295082,0.23732069672131148
3fbc3fa12,0.48117746913580245,0.21328455018983442,1337.614164801419,0.24912012073347858,0.07134837962962963,0.0004918981481481481
e08c4940e,0.41249727668845315,0.20330556562734786,75.14312265089552,0.18566147366495367,0.06965118744698898,0.0044370229007633585
b543331f4,0.35737188993244356,0.18894950584529113,999.7733700141937,0.3034521234964574,0.1229954481792717,0.0023984593837535016
1250404cf,0.6546294519761029,0.3054272189616167,667.4055476318359,0.07797227328431372,0.00109375,0.2770361328125
ea9d28227,0.4579245852187029,0.26819765345331786,275.20050626887564,0.3759832448029379,0.09578595317725752,0.06630434782608696
07227963b,0.5191845383986928,0.25133275188621124,126.4082850621353,0.2484408871187364,0.10555555555555556,0.0
035992662,0.5072741140727124,0.22094290626771634,1606.9725002270698,0.2807236881297658,0.030110677083333332,0.060309516059027776
5ac0ddea0,0.4102809477124183,0.21517216041589413,2537.587231812222,0.2121179411764706,0.10095,0.017091666666666668
86f4297b4,0.5377383428118723,0.1960793547926176,8734.594396718876,0.34256037263390204,0.018231421356421355,0.026415945165945167
35bbdb5fd,0.38889745597313,0.17622970221153436,147.21820782314768,0.13140485997639798,0.09986255787037036,0.0019097222222222222
76042f693,0.5212061037318153,0.3272812801564007,2351.4683695814256,0.23758950031625553,0.19364516129032258,0.1942983870967742
807ba246d,0.482520816993464,0.13934473862581928,152.24617986222222,0.07624856209150327,0.008266666666666667,0.00025833333333333334
b7c0b9180,0.3824874183006536,0.29273896759967805,249.47264096638892,0.07553,0.3344416666666667,0.005733333333333333
765bd139e,0.4789495755619321,0.2904809910737309,4747.410888788064,0.16191197393591583,0.17779725609756097,0.06607469512195122
bb817b755,0.5305236193862132,0.14098229430171305,1225.826283582498,0.14660148986571758,0.007859964046241258,0.005406185621120865
7117385a0,0.26060373515603424,0.23049008921951541,720.9512944138532,0.3091720173985087,0.3063820422535211,0.04720950704225352
fee5e43b2,0.4246220552417209,0.22552420760431688,638.9854487670642,0.4470098422980883,0.16023290709812107,0.012532620041753654
2bd8e5830,0.514094596366975,0.33221738522287875,1043.099620487956,0.2653613351695193,0.14184782608695654,0.23419732441471572
22a0baf52,0.46006965557758683,0.2667268406811771,604.4054427667662,0.2823371153704928,0.12606741573033708,0.0018726591760299626
98231df17,0.4160310840055086,0.2971132878044963,546.744257459019,0.22855862679519967,0.17141304347826086,0.12929765886287625
2bf49ebb9,0.23554439703342475,0.09700065633289905,64.17962929873117,0.3561044397033425,0.10885362694300518,0.0
58ee93558,0.45185034602076124,0.09399342841959134,52.59159085118248,0.19137199853203313,0.0068248663101604275,2.67379679144385e-05
f28c8090d,0.46111801016702975,0.2019626696470137,873.260719107165,0.2005666908738804,0.04688271604938272,0.006736111111111111
2485efd0a,0.39208526092728757,0.18631361826464685,4145.413885592895,0.19375020424836603,0.06953450520833333,0.00462890625
a21f5e84b,0.5971290631808279,0.17774372036679245,724.2178209209327,0.14530759622367465,0.013051851851851853,0.050074074074074076
4fdebca57,0.5438849627814089,0.3078895275028861,1707.3577833638426,0.2189052968409586,0.09002314814814814,0.24971064814814814
46e25aa2b,0.5001866993464053,0.2648806046488837,1023.4923765822224,0.22279598039215687,0.06725833333333334,0.036241666666666665
58a414b45,0.5649794615063701,0.2057529422562305,1699.718405931714,0.2502709048704042,0.005319148936170213,0.08360611020185488
75642f3e5,0.49412419506548005,0.3231079689334798,2968.7124613103547,0.20915870776354822,0.23539667896678967,0.12088560885608857
86d20d7e4,0.3780064705882353,0.2638957229896667,957.5876110655556,0.5324485947712418,0.16614166666666666,0.043675
39444f259,0.5257960784313725,0.19993235557326625,401.31483512159724,0.1532073202614379,0.003908333333333333,0.011766666666666667
2fbf2cb7c,0.4909180283224401,0.31252098815975843,261.08345484017997,0.210692470043573,0.1763715277777778,0.17412037037037037
bd0a144b0,0.49240996732026143,0.22212596977132754,851.2686399375,0.1424600980392157,0.064025,0.0005083333333333333
a009a2f0f,0.31502359068627456,0.19072052946054663,496.50167693963584,0.1278029003267974,0.049140625,0.027194010416666668
76b818bdb,0.3818724183006536,0.1983945534926584,163.35589637326387,0.36984813725490195,0.08795,0.005816666666666667
2463e0981,0.5671742011619463,0.1936947274463453,1130.9527850222312,0.2565037823771484,0.011419753086419753,0.03847222222222222
863262193,0.5498899782135076,0.22462331273905128,2314.3040527729213,0.16310577795933187,0.00012152777777777777,0.04217013888888889
f665c5189,0.49613500913337033,0.246780025655335,263.1196114555921,0.4197303054476508,0.0998267983490566,0.06285377358490567
b03983a09,0.4819933088235294,0.1127346326746409,164.23985372359377,0.24742507352941176,0.006625,0.0
0434520ef,0.4315146078431373,0.33122659808039256,341.2415827610417,0.2067275816993464,0.17335833333333334,0.193325
a22cc0413,0.5967414105281753,0.25619517698319494,2407.288097045344,0.23791037360890302,0.019911317567567567,0.1936373873873874
24bbd04ce,0.6913667783569124,0.20340285509636633,994.9865266177671,0.06194213824770415,0.025221518987341773,0.10235759493670886
4d76c16ab,0.4900481572258533,0.32422667625226836,308.13860322145064,0.28920633623819897,0.13599537037037038,0.23078125
08dfce1e7,0.7144568954248366,0.1953875149916409,243.90747108333335,0.1281080065359477,0.001525,0.28876666666666667
11db3b853,0.5164274388767852,0.26799361448086473,375.7461169619127,0.15611695110142823,0.012955246913580246,0.15411265432098764
267162afd,0.47093837535014005,0.24195563200177048,525.2478946940896,0.21246203744655756,0.1231203007518797,0.0003383458646616541
88487194e,0.39366057930181414,0.24165020616256525,556.974460537914,0.12278389568444201,0.15764091705607478,0.012123977803738318
f026fa4b5,0.4737846088268083,0.2679162029157267,388.2367561066851,0.1843959603908453,0.05972408026755853,0.11269230769230769
43c661026,0.42394915032679736,0.24506311731968766,110.44660807493055,0.26649356209150327,0.12940833333333332,0.0413
a1b34954b,0.6153870053768634,0.2136941257623185,312.75738580550245,0.12560047007308672,0.00996168582375479,0.11041324575807335
e7b201da2,0.4428322152413391,0.23157062712633533,266.8310421039985,0.24908245496946824,0.08705985915492957,0.0070398082942097024
e6335223e,0.6192920588235294,0.17885869210783498,1383.2828139215972,0.14821470588235294,0.004541666666666667,0.08159166666666667
8e3b1dcd1,0.516326568627451,0.14526887353265053,76.91556186555556,0.1375812091503268,0.008966666666666666,0.0
1ef39cee1,0.3566985634531591,0.27852079190423845,2172.8950068250115,0.3297297794117647,0.30105902777777777,0.018776041666666667
96ad2141c,0.461326570442992,0.24914538521779525,2374.2615059059594,0.1825013843500363,0.08780092592592592,0.0463599537037037
a61da96ad,0.6327838598402323,0.23190868784377852,157.1241145830319,0.28157439179375454,0.018836805555555555,0.13629050925925926
77035285f,0.31100490196078434,0.22918676532938348,1265.6687924910182,0.4054708605664488,0.2744212962962963,0.008072916666666667
5074cf806,0.4618099357390015,0.14655934088100098,380.1545245170495,0.18480017301038063,0.03816176470588235,0.00011554621848739496
88b60278f,0.6689684640522876,0.18755751498233222,487.0309133527083,0.1425532026143791,0.01665,0.05165
c4277da90,0.6456693471396049,0.2601752777403842,160.39487652933832,0.16541029595358742,0.04459737827715356,0.17082397003745317
8c7b2f093,0.6877225172476398,0.29265150451157573,342.70137401285467,0.07496160130718954,0.020827546296296295,0.44416666666666665
f819c7b65,0.5031716833890747,0.2884072462508615,812.7820410268761,0.3611133189061578,0.14846989966555185,0.08001672240802675
6e5f03ddf,0.4315876167684055,0.1795794473232994,638.5767783256441,0.41586720773214947,0.09412588443396226,0.01047317216981132
d52f229d1,0.538391568627451,0.23498021297924723,1278.3964834298436,0.20579647058823528,0.07935625,0.0226125
7f40cce5f,0.7418957166199813,0.1840385765277696,337.12673342641267,0.12441243805214393,0.006856684981684982,0.15236378205128207
b99644a34,0.455539533405955,0.21988570418048822,787.1742129146037,0.19036576343500364,0.03498263888888889,0.05195023148148148
6c4af5f08,0.4649475308641975,0.17316594475546332,1628.5731546065292,0.16695458121520212,0.027623456790123457,0.014891975308641975
2352b7f0e,0.523683660130719,0.20419963769479982,349.55204197222224,0.17211617647058824,0.017433333333333332,0.0913
bf8aa8f96,0.42865354562877783,0.235799129556239,724.3142450066956,0.2570341294412502,0.12067669172932331,0.030535714285714284
11e6c4d80,0.4400277161178937,0.19154939423315717,323.6818622619259,0.24072937476877543,0.08110062893081761,0.005212264150943396
f2ac99dfe,0.3890847385620915,0.2497436832130703,226.69179752493054,0.4344850980392157,0.18895,0.0013416666666666666
fb442ee5e,0.506514343357922,0.2136601069649907,243.0437007965566,0.21538528466048798,0.012765273311897106,0.04864951768488746
618f4931a,0.4454150980392157,0.27879149949626353,1618.1917368400002,0.4078025816993464,0.16514166666666666,0.025725
da7fe1120,0.344389070442992,0.24425245827233627,1665.0315581113632,0.34028735475671745,0.19756365740740742,0.04552662037037037
d4b5c41ac,0.4890223614137013,0.19206646382905054,1748.677186821214,0.12503413217138706,0.019884259259259258,0.008904320987654321
88a5b8318,0.47871302472879185,0.3199660847111259,3265.4772620463114,0.2581729667812142,0.19254295532646049,0.13192439862542954
3ebe9f7af,0.40384247912127813,0.25428955376431195,761.7253645832999,0.2967602124183007,0.13552662037037036,0.07449652777777778
21bebd773,0.43745771241830067,0.21201705221547154,597.2863853066667,0.21855441176470589,0.0559,0.05483333333333333
bc9036716,0.5690404248366013,0.32757806860575084,953.0938346122223,0.22257513071895424,0.1131,0.22355833333333333
363e8df66,0.5164399509803921,0.18528907439434533,12615.109333716639,0.21125029124995517,0.011600205667276051,0.03139853747714808
cb5ecf136,0.5202550891884532,0.35385836402528215,385.7060916434394,0.28048973651960785,0.08631510416666667,0.3216189236111111
353187b3d,0.5277674479355151,0.20651602981229997,1006.9773855708663,0.2697852529785303,0.0038397895540752684,0.08865458865458865
fa1608a29,0.48756551833696443,0.23127216193945715,1666.7992886176216,0.3056837327523602,0.07707754629629629,0.039832175925925924
d18218a56,0.40660949966193377,0.23107674612668994,261.34331798268425,0.1262395199459094,0.08612931034482758,0.018293103448275862
f3b29563b,0.39836225490196076,0.14705006584952446,138.32092246659724,0.1869874183006536,0.042275,0.00010833333333333333
a62fcea51,0.47734394148284315,0.20529474161219835,919.3954447873328,0.3704106158088235,0.027747395833333334,0.03508138020833333
1b3dcf712,0.5477790958180148,0.32429696396207125,1897.2944614170494,0.11995028147977942,0.04120361328125,0.28494140625
fe22cc3da,0.6081555918663761,0.2457945299486366,4666.655479143745,0.19359691963205036,0.013479938271604939,0.20679783950617284
d0aa84916,0.481733958699759,0.23880607255270742,118.06915902583857,0.17898856752003126,0.034451827242524914,0.053903654485049836
cefba5d32,0.4749806862745098,0.1458444196760726,147.13667095305556,0.19163689542483658,0.0146,0.00023333333333333333
64f06dc3b,0.6802912510033253,0.2675634434502574,539.6941743299351,0.06896335610267498,0.0,0.37507101086048455
774de959c,0.47258761230244606,0.24874058217239445,1525.9061059562393,0.11561426978818283,0.10755016722408027,0.04093645484949833
a479a1a6a,0.5001237745098039,0.13527336950636162,424.2031989549844,0.07510121641249093,0.002766203703703704,0.020497685185185185
1f470d9f4,0.5382745981275393,0.2540609767535481,2022.3881283609708,0.17026577128599188,0.049282094594594594,0.13796452702702702
3c155e05c,0.5989443943779925,0.32628387857193625,1828.4719481018612,0.13930858230014384,0.1618094243268338,0.23759865366759517
ad937498b,0.401217091503268,0.19916689688844427,678.3355832499306,0.4095379738562091,0.061441666666666665,0.004816666666666667
b89c365c3,0.4515639675623336,0.1923369899158683,237.96672747675657,0.15372900024207214,0.06094135802469136,0.012345679012345678
8044a4f7e,0.4315639999489379,0.17758400410111144,1007.3436455914709,0.09026231553819444,0.003352864583333333,0.04338785807291667
5d822305a,0.5966189250374265,0.2106652271931774,220.68567264078317,0.1788279566947822,0.031063780260707635,0.00796671322160149
451d17b57,0.5279391371783089,0.34863455048125264,1516.5029003897666,0.15995580575980395,0.12885009765625,0.29402099609375
b5b6b9398,0.5172087254901961,0.18525698827844767,212.69760684888888,0.12557029411764706,0.0382,0.0014833333333333332
1afdc26fa,0.3604246663943355,0.26670575135363417,943.2651322541226,0.1824258408224401,0.12424913194444444,0.06672309027777777
fe4b30cfb,0.5043543137254902,0.15771170297922227,436.1838485677083,0.1164416339869281,0.002475,0.009816666666666666
4199f1957,0.5677448710965868,0.28662838461684476,405.94538637846017,0.2266134940087146,0.08603009259259259,0.18369791666666666
c81a8045f,0.3835886384300002,0.24348061349149577,352.194899281253,0.4684486130410169,0.1387357830271216,0.028603455818022747
9cda44cdf,0.432779128540305,0.2017836008194995,4545.291972305062,0.29046657952069715,0.045033333333333335,0.017644444444444445
30506e8c1,0.8083942498347654,0.1241395758960741,72.29393874922849,0.07140838657560403,0.0007116104868913857,0.27864232209737827
6b6d2c65f,0.4232195936345553,0.14784031290969057,333.69969672206474,0.56064656152316,0.01855072463768116,7.246376811594203e-05
cc0d4cec3,0.6594356862745099,0.1748662819842911,640.3510527443749,0.08572957516339869,0.002183333333333333,0.026575
3c29e8689,0.583884705882353,0.2285388509241932,4563.719086971597,0.13951169934640523,0.013275,0.093425
bd7b805ba,0.35388473856209146,0.19044338611804854,84.93778159972223,0.2795282679738562,0.072975,0.00048333333333333334
8b9c38ed2,0.5521995761846406,0.2173639744027982,2620.999804412323,0.23029000714869283,0.05451497395833333,0.03544596354166667
aaca75307,0.47541454248366016,0.16779354752730202,308.49223191659723,0.12699803921568628,0.072775,0.0017833333333333334
bd70d885d,0.6077140503330518,0.12841839294936336,3655.2575900002516,0.26038027332144975,0.0005308014354066986,0.0030303030303030303
c38afccab,0.28276467309331754,0.27767872266301974,308.54887499888144,0.2701465997770346,0.45985785953177255,0.06274247491638796
f5e706014,0.4893613664215686,0.21322805234092573,146.70672113239502,0.3338621323529412,0.07472330729166667,0.00032877604166666667
276ce7f3a,0.7073105189444199,0.175389131154722,232.93982713259302,0.06646354857732566,0.0007048872180451127,0.005460526315789474
ac384792b,0.3768104177841349,0.28597630493802373,171.59989878921806,0.20969131056677992,0.15737841945288752,0.09491641337386018
be579e6ed,0.4771898685616953,0.22027406293836316,803.3152071326334,0.21961672268324545,0.06821865795432328,0.02594150704198702
d0bf2b3bf,0.352375406162465,0.2406176180993441,894.6069283856632,0.24864120448179272,0.22539285714285714,0.009664285714285714
d867c4016,0.4518801307189542,0.266669849375823,1845.0929253822223,0.16771084967320263,0.19241666666666668,0.014358333333333334
e9a854207,0.5845924734477124,0.17364202683421814,181.86365056249832,0.12214167177287583,0.01357421875,0.004303385416666666
774289137,0.430413431372549,0.1750828115403571,1552.5507931799307,0.1173995751633987,0.06724166666666667,0.002916666666666667
42b4b0024,0.4789112745098039,0.19031182918155387,42.842944949930555,0.225839477124183,0.04545833333333334,5e-05
5b1528841,0.5900671126089324,0.15592454760212712,89.592946161548,0.1766705133442266,0.027408854166666666,0.0
a144cca8c,0.535085751633987,0.1816563987031057,237.11949911,0.21120779956427016,0.0017333333333333333,0.016277777777777776
ecafbb542,0.3561654248366013,0.22147394001634835,258.4611151455556,0.2472886928104575,0.2853,0.0
4033fee1a,0.5188207843137255,0.20568134133908156,4411.631333151111,0.30636174291939,0.0129,0.0472
5f1896e5d,0.4293253921568628,0.25076636753459497,7896.489388448889,0.23766124183006537,0.09505,0.058525
ee6601d0b,0.438915,0.24883665646067785,848.3131206122222,0.2917474509803922,0.08485833333333333,0.07063333333333334
156da1714,0.3749782606937165,0.22341543801734312,604.427227279852,0.18584520400569468,0.05336221122112211,0.04723597359735974
924373704,0.4863541911764706,0.3362294694789156,160.74698780484377,0.4362076225490196,0.24650625,0.1576875
4263cc9ed,0.45669519607843134,0.13470284693182916,1417.7669296597223,0.10248150326797385,0.013941666666666666,0.0
0910c13a3,0.5229507002083161,0.2746350228211365,1432.3082667821775,0.14551730983307073,0.027905933615276175,0.1444316288606946
5d3ee6378,0.5822440994916485,0.21764555545402448,411.2868763741199,0.13542585784313727,0.008408564814814815,0.05147569444444444
42a28c241,0.16495365831517791,0.12873679782696373,123.0084490306713,0.2909805283224401,0.5270833333333333,6.944444444444444e-05
a86bbc71f,0.6140392156862745,0.20996639837712897,3396.9357114221307,0.2431808505809731,0.03616898148148148,0.022135416666666668
5962cfdd9,0.522061940208182,0.20918713596982372,808.8608982504929,0.2020194868070685,0.0026697530864197533,0.06016975308641975
f4d945501,0.384998139070443,0.22237994023891727,5289.278558838862,0.38330603213507625,0.16876157407407408,0.00171875
bdfe6125d,0.4617504308363971,0.2240418440630154,103.97018430232406,0.17293664790134802,0.0769189453125,0.01029541015625
4e8ae40c0,0.7391689644607843,0.1257734086760572,161.11597111899292,0.10981786151960785,0.00019097222222222223,0.052191840277777776
ddb95945a,0.5775635294117647,0.22681677220937313,344.8065378655555,0.2976257516339869,0.039975,0.09295833333333334
453125325,0.3679274464415396,0.24437488581860303,1337.4690991028754,0.3569424246550472,0.14877314814814815,0.04754050925925926
5c92de3f6,0.4981479438997821,0.22945463038995187,284.8630544294611,0.34680215141612203,0.024212962962962964,4.6296296296296294e-05
41175dcb5,0.5492668719745343,0.2699660162214177,1291.0080532252096,0.16885331317925825,0.047838616714697406,0.13649135446685878
e24b153bb,0.4557704873125721,0.2426715895431452,450.58088121777683,0.4109831314878893,0.07654044117647059,0.07484191176470588
edf74226c,0.4793320624546115,0.21634778661363052,352.04265014383867,0.08117283950617284,0.07247685185185185,3.472222222222222e-05
99b263dea,0.39758436592229485,0.21258093119465235,198.93861029307047,0.2873023329702251,0.01286892361111111,0.00012297453703703702
454607f26,0.476510832728153,0.2365625443073856,1809.215023262222,0.22936788913096104,0.06257716049382717,0.06020061728395062
30669fef4,0.4210936274509804,0.20734827369957323,151.87755239972222,0.11712428104575164,0.05629166666666666,0.0018
3cf06742b,0.49563545751633986,0.1612440115985876,111.47477926326388,0.1344231045751634,0.019133333333333332,0.0
059baa037,0.596504170070806,0.18533155930873177,214.53651614312065,0.12625839120370372,0.004370659722222222,5.208333333333334e-05
888c22eb5,0.6203549773390982,0.3020953877559165,5189.170198091854,0.16545813659119352,0.07232833655705996,0.2716815764023211
d3a92c453,0.4514004785615714,0.22471957980854723,379.9944860238782,0.3010740734762831,0.0005316229935519275,0.05467999725613939
f0a4b28f6,0.4438120007262164,0.19306134675413775,571.0635493217497,0.2645577039457758,0.036473765432098765,0.022978395061728395
bc4b95345,0.534361349783359,0.25675181738338626,876.77924714814,0.18544279209811265,0.0671816479400749,0.08166666666666667
5776e3791,0.4634764887436456,0.21832431169247124,715.0781329865874,0.21475251149842653,0.1190895061728395,0.00017746913580246913
553752e54,0.47215046658761983,0.23353694832965174,1390.3526723326465,0.3742266029866837,0.05426475868082269,0.08096117351387393
08767d88e,0.49569483660130714,0.16985526847775723,153.80517132493057,0.3047799019607843,0.0017083333333333334,0.0
076ec7e18,0.504803581154684,0.261449576051722,463.96798530400696,0.23098745007262161,0.15078125,0.006481481481481481
fed799a78,0.5611778549382717,0.24532911271162014,1104.6089588356467,0.16444247004357299,0.08332175925925926,0.000792824074074074
426bb5e4c,0.5409941612200436,0.34394113057512105,1164.3124879165432,0.2874497167755991,0.1734777777777778,0.28252222222222223
f08b9d3c3,0.4532554075441836,0.24223611649997512,1183.4367162014648,0.2200777609249978,0.1063060538116592,0.024831838565022423
71deb8267,0.4108201812835226,0.1690539672508236,157.4918053566113,0.539449100741214,0.009161829869562503,0.0
d412201f6,0.43875604575163396,0.24549678060893015,2063.5733257733336,0.12000934640522876,0.06338333333333333,0.05631666666666667
f6510f0c2,0.5235943464052287,0.21362180164480288,2614.558966416597,0.5318233660130719,0.025208333333333333,0.021491666666666666
766c2cd92,0.5625965359477124,0.31875640422860657,1343.951998583264,0.21637633986928104,0.122125,0.255925
2d725d001,0.4783535975251524,0.21753270299373473,924.2658197943831,0.17410901813909085,0.02854049625468165,0.03703183520599251
6ee8964b0,0.4611677777777778,0.16902217314916548,369.32148944159724,0.31710176470588236,0.04513333333333333,0.0016
563eaa005,0.7230263725490196,0.27082865691711044,521.8806499988889,0.07990483660130719,0.01075,0.413125
91e663cd2,0.5292045751633987,0.24523362342314103,84.62379431972222,0.21711333333333332,0.030408333333333332,0.03154166666666667
33f28ad35,0.6355174291938998,0.20488254001763131,385.45627032666624,0.09042442810457517,0.002471064814814815,0.07555555555555556
80a2e14af,0.44747875816993465,0.16840656987490185,2177.339649081597,0.1400604248366013,0.025083333333333332,0.005116666666666667
0e736f310,0.3220815752461322,0.19018520821297014,346.5674180109288,0.415901778081134,0.002478902953586498,5.7137834036568215e-05
f5768c4e2,0.5301448602696893,0.2957483298162507,353.3788823936343,0.1932753023690096,0.11665282392026578,0.07254291251384275
2f3bed708,0.47118579193335364,0.3095227229125406,164.58014533943023,0.3530850858478106,0.11432642487046632,0.14957253886010363
1d4940497,0.6018297476397966,0.24897640191398518,190.97334498212314,0.15956354393609296,0.004866898148148148,0.26144675925925925
2288c4fc6,0.531443359375,0.27870917295910813,712.252294363761,0.22102134076286764,0.03380615234375,0.17824462890625
3a8f89229,0.39352245201359237,0.24020596213934514,115.35714258714458,0.11678128013500481,0.2185853337236534,0.00077942037470726
3f03da51e,0.5079878104575163,0.20098362142490694,602.7574515555556,0.3149797385620915,0.032916666666666664,0.007225
e77b5a78f,0.5165754729626225,0.28276413579919923,279.4251119321585,0.08197002336090686,0.1717724609375,0.07005126953125
a6f768f75,0.46501802965088473,0.30468853549047087,613.8275260307853,0.5125682926829268,0.14697560975609755,0.1414512195121951
92d4c1513,0.49328238562091503,0.17426784251922522,1028.723009974375,0.06451297385620916,0.04599166666666667,5.833333333333333e-05
27b708edc,0.5435368285334967,0.26017622566990534,808.2622848889563,0.16558792892156862,0.08816731770833333,0.06239583333333333
a3e73475f,0.40144459543993616,0.18517053636166125,741.1587998269883,0.0559968668435471,0.039665841584158416,6.8756875687568755e-06
13426c720,0.5867350984033353,0.22398219529485605,536.4034378475092,0.23088267154586997,0.021866295264623956,0.042159935004642525
8a0cfdd56,0.5158402607570806,0.17290357299777773,3696.054956216525,0.08644764433551198,0.007999131944444444,0.029778645833333332
686b90dfc,0.529012218653104,0.21935571933727072,955.3386505520817,0.2310506870552544,0.002197098976109215,0.014554891922639363
b188b50cd,0.5001153594771242,0.13124586720047415,341.41409288888883,0.2771105882352941,0.015883333333333333,0.0
960f1a1d8,0.38813356209150324,0.21833325093505984,852.0715107493751,0.39092235294117644,0.146875,0.00021666666666666666
31144a6be,0.4783100133440691,0.15148919708105446,134.85370436689223,0.2458569047052019,0.016780412569886254,4.626951995373048e-05
8c28914a9,0.39153023217655264,0.190740730812404,362.5453984496727,0.14094232504717366,0.08210251046025105,0.001202928870292887
a3449e0d0,0.528798431372549,0.22922489810928667,25.908840779930554,0.08496045751633986,0.150025,0.0
1f0bb9d58,0.3958607843137255,0.24412127628611816,246.45413972888886,0.306857614379085,0.14813333333333334,0.019141666666666668
b1988cdd5,0.3960470905954975,0.24298062684296934,852.3671630389177,0.3022857661583152,0.1213599537037037,0.011765046296296296
309f63a00,0.508635533937678,0.20963775381941896,159.29345523798335,0.26632236073012583,0.06978742546050128,4.613663364052642e-05
beea1e1dd,0.4454937672334559,0.16784168357398058,805.9631852233648,0.7670086167279412,0.021953125,0.03277587890625
01dc16c21,0.4361656794662309,0.2541677010443873,175.32683394773508,0.3423371800108932,0.0009765625,0.04861979166666667
aba03a4c5,0.44646738562091504,0.19195601498877607,521.2325148433333,0.26430869281045755,0.02969166666666667,0.001825
111748c15,0.46030183006535946,0.23304594746007073,1046.992771849375,0.2324717973856209,0.069025,0.003691666666666667
e78e9736a,0.5076690196078432,0.24592539767619892,2238.364317346597,0.25249748366013075,0.044991666666666666,0.08668333333333333
827ac9a9f,0.6004353728113319,0.26206126831302434,603.074609399713,0.13810499049117975,0.08015886287625418,0.1124581939799331
8390dbef8,0.5174651884191177,0.29614318309359594,1499.902736434555,0.21616102749693628,0.10051513671875,0.144287109375
2bcab4c4e,0.5166980065359478,0.18350238154812074,291.23171249305557,0.2256348366013072,0.00825,0.00105
a2b34e983,0.5095967320261439,0.2884210856984397,418.23663977333337,0.09203964052287582,0.070975,0.17820833333333333
9df9b11b1,0.5692972549019608,0.18979006644233884,318.6219731358025,0.13539898329702252,0.009096296296296297,0.072
567c1ab71,0.462568082788671,0.21425522982724454,1620.595047652797,0.12143730331638829,0.026296296296296297,0.03228395061728395
d0b5fece1,0.4070021241830065,0.20184047495764568,55.1935303288889,0.8269786928104575,0.0766,0.0
bf2f22377,0.514770265976761,0.22022455171111868,1611.0270999308434,0.20238130900508353,0.05337962962962963,0.029652777777777778
f7b84bc3b,0.3966314596949891,0.26469549375110557,1828.387253985062,0.3008642265795207,0.21614444444444444,0.049577777777777776
e570d64ac,0.452579896216299,0.26381048161524934,259.0269942437112,0.14602450022977942,0.03760498046875,0.16157470703125
8111f6d4a,0.4934412130523851,0.21586398931915188,1328.3750361157133,0.3186450468247,0.020569029850746268,0.018722014925373134
45d1d74ca,0.5584757625272331,0.23563557256368486,871.7826959918814,0.12023744250786735,0.10551697530864197,0.0019753086419753087
60e5899e2,0.3916918119099492,0.20425961971076934,737.3020310951431,0.2284683188090051,0.04353009259259259,0.03370949074074074
949fbd095,0.31699904684095864,0.23757396187833787,1818.8721130657095,0.3598747730573711,0.31703703703703706,0.001591435185185185
d94f98004,0.49842213598402324,0.17621440581580408,887.5584408456308,0.07434288761801017,0.01806712962962963,0.007575231481481481
9d8e820b0,0.5195347712418301,0.18202503948311483,201.7014488965972,0.1598112091503268,0.0037166666666666667,0.019533333333333333
9316ce78a,0.4165712418300654,0.20481761310691554,692.2966936649307,0.3339917320261438,0.053033333333333335,0.020133333333333333
d4066ef07,0.47950714112805615,0.20851226637191728,873.6442209340706,0.24564935850883562,0.007978395061728394,0.02452932098765432
916c891aa,0.3704227260348584,0.2706754579334536,1041.185871778681,0.1768324142156863,0.27296440972222225,0.010416666666666666
bb4e0ddb3,0.20094865035641649,0.17894738111919328,807.9298341306045,0.31651531307387,0.4289086102719033,6.923464249748238e-05
6e21edd32,0.4347946422716244,0.26174280774378067,339.5522938109613,0.2712572955603646,0.07345317725752508,0.12866220735785952
de7905c9c,0.4273767928467683,0.16381785864277382,352.3823718278464,0.2958469498910676,0.028703703703703703,0.0
5d622bf92,0.40606345315904135,0.21863778781588053,2566.7426833199374,0.351633896151053,0.07950231481481482,0.035555555555555556
e6d60a265,0.393096009497549,0.2775377228161783,663.2408697855412,0.34165435431985297,0.168330078125,0.0655615234375
b5cb75a44,0.4787355555555556,0.244837320681606,222.1286541832639,0.30066133986928106,0.11938333333333333,0.004158333333333333
0e5d845dc,0.5176681699346405,0.19984502278303157,1079.5986467165972,0.3556478758169935,0.024825,0.010608333333333334
aece30836,0.41576207966937934,0.2858431333114045,130.89452146949836,0.22609656908260053,0.23459261838440112,0.06700324976787372
fc7f99ad7,0.46168200798838055,0.20651495197195674,1331.3319502314814,0.5762676561365287,0.04927083333333333,0.02191550925925926
c1653516e,0.43124840958605665,0.2173044542143714,6881.016773506666,0.17876884531590412,0.03305555555555555,0.03722222222222222
74c7373bd,0.56821875,0.19475218688422202,836.7553277584876,0.14790708968772695,0.03622685185185185,0.028541666666666667
94dc821ee,0.46412179738562087,0.29937371339154656,452.3801568732639,0.31365147058823534,0.129975,0.15873333333333334
e32467940,0.41365478271159906,0.3089029920559748,1084.5077661024943,0.16234283685619094,0.15797934076137418,0.13920612813370473
cb860243c,0.41794235657225853,0.3481611493557094,4330.707060857626,0.2829833197167756,0.3060763888888889,0.16804398148148147
fe74d6173,0.6083398465867829,0.21512105306472137,2307.8764395554704,0.1279658905228758,0.042025462962962966,0.014878472222222222
5220e701f,0.5518277579230926,0.3669435577634165,1645.0875488334234,0.09285762580894426,0.19426655719759167,0.28263546798029554
85c65d28b,0.5526066025175502,0.24819512755751322,126.47091741898149,0.12272355361897845,0.09729938271604938,0.0730787037037037
4d3e3a146,0.6146977004036909,0.31172597631499993,2940.157234168114,0.307447592272203,0.0985202205882353,0.32004595588235296
0a949618f,0.406298225308642,0.24647920877750498,1801.3609227075563,0.09849509803921569,0.1590162037037037,0.05852430555555556
4813a0d67,0.3867642463235294,0.22694424080581102,4720.361319680743,0.17285660488153595,0.05724609375,0.04052408854166667
c5422c04b,0.4782558097312999,0.26511811006615316,653.3499125380445,0.15142592592592594,0.08699074074074074,0.08809606481481481
acc81bdf5,0.514478605664488,0.26802443160673445,682.889134279506,0.18423019607843139,0.13845555555555555,0.02891111111111111
bb6276b35,0.4875500181554103,0.2138086169377496,9978.392447136488,0.5480189950980392,0.041498842592592594,0.01125
7b9cd9253,0.40367929726635177,0.14441960865667683,297.09046896070316,0.14891570058680406,0.0420529197080292,4.562043795620438e-05
dad58d0a7,0.5155011437908497,0.20815278037428667,2885.813198176667,0.3864587254901961,0.00013333333333333334,0.007775
3fbc4677d,0.46959522875816995,0.2569170644950505,1741.0667815915972,0.2135221568627451,0.172625,0.006375
c93e63352,0.46982214506172837,0.2444547018786185,1701.9976958547331,0.32845964960058094,0.08325810185185185,0.07126157407407407
f69a878a6,0.4223087908496732,0.16588293823580347,179.10069930555557,0.2605052287581699,0.016008333333333333,0.0005333333333333334
91471cf89,0.3908980573710966,0.19937518967619516,2103.682000050603,0.11270608660130718,0.07962384259259259,0.011290509259259259
8b84922ac,0.4036092156862745,0.23186467014229398,46.175633186388886,0.11133199346405229,0.150975,0.0032833333333333334
e97446c37,0.6343590561801822,0.23436629097656247,1188.0504934821997,0.23742635743124582,0.005661357340720222,0.12081024930747923
5390fc59f,0.3964486916717907,0.22632073464686545,9527.320295401185,0.07702900184464029,0.028754355400696863,0.07525261324041811
655eaa578,0.43227751633986927,0.2823783066877598,1701.9611055555558,0.34353192810457517,0.169975,0.03846666666666667
aef2fa931,0.45630681391330474,0.22341697779341113,931.8199433511018,0.41417071809566736,0.0111247947454844,0.07881773399014778
332ae5ab2,0.3078094135802469,0.23076109638860987,663.7719743907202,0.3537951615831518,0.32089699074074074,0.03507523148148148
1bc9bf272,0.561535198801743,0.2656296429626908,277.2465415806314,0.2185855346768337,0.01721064814814815,0.18492476851851852
4b4bb2b0a,0.48576507775524,0.20785014577941943,258.17057207966707,0.29194607843137255,0.012758620689655173,0.008224137931034483
b7a55f716,0.5642263988323922,0.24163189370682384,272.3495959885468,0.3707041829794327,0.025081208100076025,0.10302025019006152
3166b0f31,0.4215893173322841,0.2347488903050687,2091.292043967,0.16876772247360483,0.07960702341137124,0.044732441471571904
afab70239,0.3859156209150327,0.20539032303421648,393.1728515582639,0.1367684640522876,0.1641,0.008991666666666667
fc96276a7,0.6881515181323365,0.35316247523593597,158.41701176266204,0.07120001311561414,0.20069397993311036,0.5244565217391305
9104803d9,0.674737362132353,0.2778424887623912,6012.516445980824,0.17860804738562092,0.018170572916666666,0.370205078125
20e4dbf48,0.46556194159621034,0.15371928690915185,516.8649017364326,0.23604841997961262,0.030015290519877676,7.645259938837921e-06
66bf65c82,0.3774799112097669,0.1951524276364269,141.21731663616947,0.0775929337772845,0.1489245283018868,0.0
813658b4b,0.6524816327765673,0.23480635878577102,1466.2123533950617,0.19691385257806826,0.028225308641975307,0.1783641975308642
965b31ba7,0.4304054575163399,0.23215209628994288,60.87263892888888,0.3288068954248366,0.0226,0.028691666666666667
b8084fe32,0.5647616993464052,0.23457072614829771,197.94531639888888,0.17043382352941178,0.06713333333333334,0.005733333333333333
27867018b,0.42959071895424833,0.289847312527212,7100.4097649915975,0.30753441176470586,0.14578333333333332,0.11335833333333334
52820e80e,0.7933733660130718,0.14895334649561567,328.7761862786187,0.09603987949346406,0.0,0.282734375
b65fd06e2,0.45115473515795207,0.240098577097218,621.3427114099386,0.17478097766884532,0.10862847222222222,0.012157118055555555
c0b5e6036,0.3818082026143791,0.2238896353662345,490.0055134049305,0.2751538888888889,0.06731666666666666,0.023508333333333332
300c91d3a,0.35293763616557733,0.23174956471620137,1633.5553498938707,0.27785791122004355,0.12790509259259258,0.0052430555555555555
b94b99757,0.36477071721212084,0.22518805375075,4721.913390271229,0.3394026680286936,0.11282750265031047,0.022555404109243272
71ec53012,0.33977467575571896,0.2590117454966814,2255.678958068805,0.28587630208333337,0.26402669270833334,0.036839192708333336
3f169c299,0.4417716784989858,0.22258056930662334,2519.574767508918,0.23491966700473293,0.11135775862068965,0.005549568965517241
36e1415c8,0.4590035100459937,0.3487907867367387,480.6834403206447,0.18196399176954733,0.14228395061728394,0.3296450617283951
dfe361097,0.4816673202614379,0.24981530124516507,207.7542257066667,0.16731356209150325,0.15435,4.1666666666666665e-05
3f3962d65,0.47450984931009443,0.22916732550322516,1592.458924695343,0.09540379901960784,0.07556712962962962,0.041608796296296297
4747bead4,0.4925184015012255,0.3123815027059102,418.6116328720093,0.11386248659620098,0.04010498046875,0.14749267578125
4cc49be2a,0.42407407407407405,0.28384592689013816,552.564681711322,0.13775465232389253,0.11924189814814815,0.10917245370370371
91736f444,0.5483329399661099,0.14297525155401525,326.2758273881648,0.18425263253449528,0.0030246913580246914,0.0072376543209876545
64ea72fca,0.5838293100944082,0.19638400128357564,4468.201567209876,0.2322560929557008,0.004859259259259259,0.04997037037037037
029641a1a,0.6452719298245614,0.23038608365054067,1831.409481566846,0.23240056022408964,0.015657894736842107,0.12251879699248121
fd7f76b49,0.5072239422084623,0.251648755652337,3539.490574845181,0.19356588782293482,0.044968442047527195,0.11088585337689774
453750088,0.5280183187177719,0.24954630491994434,999.4651814477177,0.2995576534633954,0.012243509212730319,0.07677449748743718
aa32ec730,0.4792065249320702,0.2936522127486575,700.8034070400062,0.24103337739590217,0.17707865168539325,0.11842228464419476
75fa09239,0.38575925925925925,0.2026570692224198,797.483399170247,0.30063703703703704,0.0838,0.046566666666666666
cecb3b8ef,0.5767703703703704,0.2793324289193696,260.00913026555554,0.052345577342047936,0.14953333333333332,0.024422222222222224
4bdbeb107,0.43022287335987025,0.32183887780034515,2286.211939379611,0.3507905793896506,0.2883740601503759,0.07072368421052631
9141b7803,0.426333954248366,0.19519036302974507,434.27932676638886,0.19160124183006536,0.08219166666666666,8.333333333333333e-05
7f33563b9,0.591709183006536,0.23874912262272197,2148.8423001632636,0.12845934640522877,0.0028166666666666665,0.13669166666666666
470e49e41,0.48364297385620914,0.2425999860248305,399.74981544159726,0.32198166666666667,0.04940833333333333,0.05018333333333334
61da44459,0.4124185502904866,0.25869594371454513,407.90191218050734,0.2353040804284677,0.1321701388888889,0.05189814814814815
c787ee619,0.36023308792930403,0.1393338333507861,72.7460459903082,0.1889539117769455,0.058801498127340826,0.0
ee4cb45ea,0.4532696405228758,0.24938415705740624,117.22670053305555,0.21787493464052288,0.09155,0.05976666666666667
35dcf4794,0.7150834285657003,0.13098741334031125,977.6411650441553,0.1164772169092586,0.0006742075664621677,0.038583205521472395
ea9ad03dc,0.5375536274509805,0.2804126832571563,208.70176456416667,0.09662542483660132,0.16755833333333334,0.00275
cc081896e,0.40582512458665176,0.22796730131385753,596.3173759394773,0.5696882810923262,0.0942745447347585,0.010748218527315915
346c5abcd,0.5478446308210785,0.228629364613538,247.9234798532168,0.40378449244281045,0.018030598958333335,0.08335611979166667
9a1be07d5,0.5164825816993464,0.21537536893102474,539.24357191,0.14796751633986926,0.005716666666666667,0.07164166666666667
2ccf25b91,0.522905818809005,0.2376203317463526,7316.447404509837,0.08446391612200435,0.0729224537037037,0.01818287037037037
8648922dd,0.34166327103758165,0.281830723375497,1397.7126220385128,0.26489435253267973,0.202890625,0.09084635416666667
7dc33902f,0.4213337418300654,0.15415155297969504,319.08629533178015,0.2200036393345217,0.05649621212121212,9.46969696969697e-06
1c16e813b,0.5280536274509804,0.2227401557720959,488.92533089104165,0.18866901960784313,0.0061,0.049708333333333334
423c5b45f,0.45940704308479247,0.3189013005245955,146.4672038453149,0.3096500754147813,0.17294314381270903,0.0824581939799331
40f17b3a1,0.47722660221496005,0.25731638945759683,1970.4082950488346,0.22204901960784315,0.09631944444444444,0.10212384259259259
081c0a12d,0.27534745098039215,0.21613460208568266,1325.942530048889,0.16797356209150327,0.310475,0.0010583333333333334
eb30d51aa,0.34128761437908495,0.28135295930758514,278.98330121326387,0.415002091503268,0.254225,0.053983333333333335
f31cebfd0,0.5573317973856209,0.12126712045034528,4702.512220923333,0.331421339869281,0.0005333333333333334,0.00295
ed390241b,0.5657025816993464,0.23885631889725828,72.6618456632639,0.1976716339869281,0.0575,0.033591666666666666
40d7cb083,0.518803888888889,0.26226905724182736,515.3593335155556,0.3215364705882353,0.07165,0.07656666666666667
4a762f7ab,0.24029329792117515,0.09817746301948506,33.504093656600595,0.8975894812774609,0.09936454849498327,0.0
ff9ce365b,0.5242118612698157,0.1671667224282439,348.5432859275583,0.4613908210616668,0.019950752393980847,0.006900136798905609
1ba29c00b,0.5623748352524972,0.22507597705284152,162.897934060129,0.18117658620051794,0.07208136792452831,0.009695607311320754
05d10428c,0.4994585148874365,0.13054476642490725,3027.5516805362654,0.09298081578310337,0.002662037037037037,0.005115740740740741
86c131c22,0.4403662745098039,0.23726421846689374,1797.1130137577081,0.262893431372549,0.08129166666666666,0.054841666666666664
a118d66aa,0.5809402952192113,0.27210516141336705,671.630868913507,0.08703602115003305,0.0,0.21262172284644196
997653f86,0.5364469862018882,0.16942265175551782,919.6524291228474,0.10891206729605422,0.04631944444444445,0.0001080246913580247
ac31057e6,0.4944136407649479,0.161937268372015,486.4472153549383,0.23849204187847978,0.023958333333333335,0.009174382716049383
aaeb4781c,0.4706899509803921,0.23577958544836675,1376.8554687420278,0.39943823529411765,0.04846428571428572,0.08308928571428571
14084c784,0.4523991176470588,0.25656517994939676,236.311595344375,0.34095307189542484,0.0109,0.09566666666666666
3fcf1b40a,0.23497650326797384,0.21557407296749037,134.53945212493056,0.2937109803921569,0.35606666666666664,0.000175
4eb30abb2,0.4479736861517928,0.21003333732290733,1131.8012866706886,0.3010884590114658,0.014826014087643426,0.0614429872367357
6806f15f3,0.4339570977567982,0.24631506875183257,938.5794207008806,0.3608255668522553,0.07520576131687243,0.007767489711934156
c15d26817,0.6210843035130719,0.23754060025239918,352.87305670149067,0.28728615196078433,0.0050390625,0.17881510416666666
a1ba2f016,0.5498219117647059,0.2613157490598792,1028.4177498808983,0.2040010049019608,0.05938125,0.15039375
3fa277b19,0.40246613190730834,0.27769226432981425,1340.4088272611377,0.2343852612815461,0.21409090909090908,0.05007177033492823
6c71db5b5,0.4168868738665273,0.23885803006546374,7434.947776054191,0.40752782760025746,0.14715756180118192,0.02403610502270436
a8057f0a8,0.50464272875817,0.35545804832103417,2112.944426863607,0.22505428921568627,0.23085416666666667,0.2536875
95e92b082,0.4879370012277471,0.240442917171979,594.0485433538386,0.3226880890477738,0.02685888581952118,0.06883632596685083
f3c8fda0f,0.45431490196078433,0.25815995826406446,1528.4773249099999,0.35977745098039215,0.06710625,0.10479375
dd4b67059,0.35589316993464054,0.2251940976028338,708.7061590082639,0.15933444444444445,0.11616666666666667,0.037208333333333336
a7b53e5ca,0.48061598039215686,0.2651961219463618,572.8902515441666,0.16646774509803922,0.0636,0.07516666666666667
55cdf4eda,0.5055813725490196,0.20218987550270429,1000.7339124997222,0.16527565359477123,0.020041666666666666,0.01095
25f055b91,0.40147366013071895,0.2687569852342137,516.626960608264,0.16999029411764705,0.2107,0.07853333333333333
5c1f1a317,0.598084036855483,0.3000314608201229,541.3812557804731,0.19399934186637616,0.08638310185185186,0.19231481481481483
6e441b406,0.5116389115831518,0.2292839651017093,653.0713657395352,0.263223720043573,0.029704861111111112,0.08221064814814814
0fe9d0022,0.5898029738562092,0.21932672021508576,142.37115728993055,0.3018949019607843,0.019475,0.030241666666666667
5d7c27d43,0.6441975104648601,0.25534089915821995,436.14202870349914,0.19377726371447454,0.01858614232209738,0.2408801498127341
19af88854,0.4219776915395788,0.19227864366736525,3408.9099496380086,0.4064111292665214,0.03462962962962963,0.024560185185185185
b623d9449,0.5057965032679739,0.14214567072940204,1014.9281010330556,0.14767529411764707,0.001575,0.0047
d99ea593a,0.5012522793861537,0.18541596301524083,296.2513295968669,0.07949290060851927,0.006785527690700104,0.04164707419017764
4db543276,0.5460430149071123,0.24274216344101723,645.5553857316918,0.26137850542515856,0.049069512862616314,0.022755883962780516
bf537cdb3,0.40662487844328016,0.18371967314380697,6260.633701036367,0.232348637076288,0.059947494939271255,0.013401442307692307
e2aa20dbd,0.44451860636727814,0.18482681762429717,1581.411821591369,0.3015178684376977,0.000739247311827957,0.05040322580645161
bb9e47b4a,0.4624039215686274,0.15818167394992347,77.368692794375,0.20357506535947714,0.045408333333333335,0.0022333333333333333
b17f7a1fc,0.619920320442992,0.16700859396393206,1015.2624201624658,0.21235634531590414,0.012523148148148148,0.011880787037037037
107c30c6d,0.49029545751633985,0.13586413780523493,1061.0280023715973,0.12484166666666666,0.0004,0.003
0833744e6,0.521003090891529,0.20488786645225246,1512.3778915758844,0.21298061753437006,0.022988505747126436,0.0034072249589490967
55ccb364d,0.4675816611691405,0.2592085017258404,602.0797647191248,0.14632851154480483,0.07363707165109035,0.03441880841121495
92d1612f0,0.5154474854756718,0.2649539108208704,1361.6263740128547,0.19445222857661584,0.09362847222222222,0.06910300925925926
4d8bc908b,0.5558949579831932,0.2689954077872666,2047.2279023546996,0.37860972048393826,0.055227963525835866,0.1498480243161094
41c83dda8,0.44651885148590686,0.33877386020016464,1641.6820938476562,0.4250859375,0.27184814453125,0.13491455078125
7a5b854f0,0.45908476307189544,0.22394939026400448,4122.322337287675,0.2414567901234568,0.018912037037037036,0.07060185185185185
d4b2dcfb6,0.47387569204152247,0.20684171085536865,3289.4744476827286,0.179537961361015,0.02252941176470588,0.025856617647058825
8d39e0fa1,0.4424673529411765,0.3124346567610514,165.51264809993054,0.22648107843137255,0.25603333333333333,0.167675
56856fe73,0.4394053497942387,0.2174259174019989,777.0244780328361,0.15841808884047448,0.054375,0.07270061728395062
749afb385,0.5218103553921568,0.21934508554965818,4606.498777343072,0.3052703099468954,0.04495442708333333,0.045602213541666665
9acd96273,0.47013196078431374,0.10975810057096375,396.85310366859375,0.32788181372549025,0.001175,0.0
ebb74d225,0.33228692810457516,0.2833353976894438,2632.6524822869137,0.1844839651416122,0.2513,0.09104444444444444
daad5c208,0.4002705882352941,0.2181067627499922,1147.5714257066668,0.2705342047930283,0.07652222222222223,0.0194
b2e46582a,0.453886003880719,0.2694755317915967,1247.2040911300553,0.27233820976307194,0.188681640625,0.07399088541666667
65650b974,0.5728470007262164,0.2928090761218524,705.0921071881481,0.11989472766884532,0.025792592592592593,0.22142222222222221
b4d7cbe8b,0.4176349264705882,0.17196937840496354,3421.267446926107,0.16632536764705882,0.01884375,0.02721875
13d30c173,0.38510947712418303,0.3107722140014533,307.73693537580704,0.24530882352941177,0.27000434027777775,0.02814670138888889
77d38bd16,0.478376506803249,0.2699574464149158,759.4424185225232,0.3110317398727301,0.09319920844327177,0.03899736147757256
36d7fc2c5,0.31435751414659824,0.2952291706410742,702.3306421523101,0.3745673443874194,0.3525587248322148,0.062181208053691275
39fb68722,0.5680549428104574,0.25175595856271993,324.508299686502,0.2132436456063907,0.026614583333333334,0.16400462962962964
b497fb8eb,0.5230490933215391,0.24881955785137772,234.2174457317224,0.16090759988205808,0.05341165413533835,0.04201127819548872
faf64d6a6,0.5896901633986928,0.11723167672905578,478.8265817332638,0.22063816993464053,0.0016416666666666667,5e-05
75f574b0a,0.4643030392156863,0.2739909867800761,995.0992345999306,0.26277660130718955,0.13549166666666668,0.04328333333333333
1c07c6ee5,0.4967468894534558,0.22880236546730628,391.81989078597366,0.20997918702364668,0.02235049833887043,0.03926910299003322
21f4a6abf,0.4425528237336601,0.19705506688740487,6219.807011167908,0.1884365553513072,0.018583984375,0.007535807291666667
72f891e55,0.3503321844362745,0.235799771895801,1098.6724754446984,0.34986621093750003,0.20082763671875,0.02267333984375
854edf08f,0.5777547276688453,0.2797467833857951,567.967197977284,0.13569167755991285,0.059477777777777775,0.11633333333333333
29ca8f313,0.36814578888550237,0.19383684018400457,198.66760109650593,0.2759759219750076,0.00805699481865285,0.00025906735751295336
c9d333b09,0.44105985753676474,0.2255403588215117,948.1265484998914,0.2228445414624183,0.09642252604166666,0.05284505208333334
f5e35ea02,0.48288786317446686,0.26940616440099463,3178.6626241378735,0.11924187777300702,0.21246350364963504,0.0015875912408759125
b0d54f76e,0.41654713423831075,0.23645673626537175,224.95216164388285,0.30303822949298065,0.11062869822485207,0.014866863905325444
97ce22dae,0.4558599111519608,0.2330826841117545,1308.4449317484537,0.34682028696895423,0.1370703125,0.027610677083333333
8039a31ae,0.4002643427741467,0.22989266936955485,5459.695519187108,0.509528980573711,0.08462962962962962,0.048755787037037035
5208915a3,0.5083437726942629,0.2060716743258052,237.06152457049336,0.09902782316630356,0.06022569444444444,3.472222222222222e-05
abfcb22bc,0.5233556027775095,0.14700240997961894,9284.635775955689,0.33037664874378875,0.003133552271483306,0.009660645867542419
bed5b657b,0.6352761159071137,0.1737506900529011,805.8396442572862,0.21331723884092887,0.0006825938566552901,0.1015358361774744
399856928,0.4711272222222222,0.2211020989822751,67.43492914555556,0.0,0.0,0.071475
8ad959e57,0.5497653927471372,0.17749562421631848,1348.1974923805674,0.08821415156100755,0.049178981937602624,0.00030103995621237
2c46efe8f,0.43493055555555554,0.12555542444472897,1170.66968815883,0.1432218264910131,0.0023274739583333333,0.005439453125
f600368fb,0.41182434640522875,0.2303515581718047,3017.738368681809,0.28896815625475,0.15873546511627906,0.003367248062015504
a6cbd39c2,0.5046219048516842,0.19940006039609776,753.2520157197986,0.31268690034774593,0.05285456730769231,0.0020833333333333333
f3c7e1bf4,0.6368661038489469,0.19427433091432855,978.3582588218825,0.2349240876906318,0.010046296296296296,0.06375
a906ff5f5,0.47909111111111113,0.26371092111893907,629.3058735399305,0.1657721568627451,0.09795,0.07744166666666667
bdc5ffaba,0.7810010648454138,0.16822074553652863,135.090505582909,0.1289952265550415,0.0,0.3139606741573034
4a27c67eb,0.40504081699346406,0.2605061586146269,439.25879131770836,0.08993156862745098,0.22799166666666668,0.00315
1ad691ca4,0.5952248672044068,0.30712644899661806,280.0458085395437,0.20619529149452423,0.041780936454849496,0.25259197324414717
7827eee65,0.48093026143790846,0.20405629240888523,79.54393769993055,0.2440069934640523,0.016825,0.02875
da4da9308,0.2824111008986928,0.1846767852071825,964.4917100223494,0.3286602158224401,0.14082899305555555,0.0008420138888888889
f4bc92fc6,0.4688571297063426,0.22912583458381505,655.6845359634596,0.38032536540959627,0.06274560945922449,0.038610676404103636
485bebd4f,0.5267644117647059,0.20848377954194286,306.07352478993056,0.2736102287581699,0.06408333333333334,0.012225
1fe400328,0.6021934156378601,0.30780003459237587,1189.3765824864731,0.1094001452432825,0.14351851851851852,0.19334362139917696
c8b79357a,0.39272210288609827,0.25966465482502443,4398.586085288314,0.3998102096643901,0.09943235018726591,0.08506554307116104
ec5670386,0.2690167070573548,0.21614354371371447,703.1995894121112,0.2923895131086142,0.3322191011235955,0.0005056179775280899
13fb61859,0.6915634985475672,0.20384138754164544,296.84541941949453,0.2658637436456064,0.007771990740740741,0.002482638888888889
461b33f39,0.3812405816259088,0.19564663443926789,246.08365234152535,0.7237052948520232,0.037209737827715354,0.020749063670411984
7c9dc0791,0.4110008496732026,0.27762132075192997,336.56682103993063,0.44126166666666666,0.17755,0.07910833333333334
f53be74bd,0.5820519281045751,0.23330186775783449,462.9733445822223,0.21777692810457516,0.005716666666666667,0.12585833333333332
9414e54b1,0.428676597582038,0.27002283973473895,1237.7892419748673,0.4496607783873481,0.14050626079447323,0.07265220207253886
8685546cb,0.501219158496732,0.18106257772825998,607.8088754231771,0.22268023216230937,0.0911328125,4.340277777777778e-05
f8b827be1,0.3405342031549462,0.1998990228801125,206.7429134645825,0.4336124871001032,0.20481203007518797,0.0
ee9e87618,0.38813661946259986,0.25374355024557116,4773.702910871057,0.3868317296054224,0.13945987654320988,0.06986882716049382
72e76bc9b,0.406286771935913,0.2076487188904327,1247.087293639979,0.2741424026837874,0.09014749262536872,5.899705014749263e-05
c2490d2cf,0.5818511772910001,0.22284489976839267,469.7269140595184,0.14574833866601034,0.004246861924686192,0.1175418410041841
34d0c00d6,0.4422988536432999,0.28448269636707296,311.1916113786462,0.4193513945471081,0.16375601343378415,0.08577652718525915
9d5f190cf,0.730046439628483,0.3147646106324117,120.57532886248163,0.2063110717971399,0.01661654135338346,0.5320018796992482
8c1fd43ef,0.46641438898791837,0.25147120489478914,3392.908479229776,0.38137056842939193,0.07704387626262627,0.06724273989898989
bb5162df6,0.45436620830150243,0.2754082584546385,1509.6544200185108,0.32830572956455306,0.1458116883116883,0.05188961038961039
f152b2fd4,0.5184833823529412,0.22885791344421014,460.4047696762109,0.3682426225490196,0.0375125,0.07030625
eed4b685b,0.5145600980392158,0.19118552070495165,631.9780086655555,0.09942464052287582,0.05185833333333333,0.0022833333333333334
52ffdc6c2,0.5291829284614871,0.1852859385638461,332.69540487105263,0.0947371009837382,0.004001706484641638,0.0007252559726962458
2ba8bb04a,0.47207492260061923,0.2144513309874796,2087.942213811461,0.25603503611971107,0.006743421052631579,0.06558552631578947
214dbc1f4,0.5123086200517942,0.22605445168754756,264.08948509220363,0.16232878283388827,0.04891509433962264,0.06271698113207547
38f6d8ab9,0.4257356220080005,0.3055344504020709,370.6048105708409,0.16421303036264673,0.08494147157190636,0.1569732441471572
da4a5403d,0.4897640099249576,0.2237868860362844,608.30849679778,0.14141575889615104,0.08247685185185186,0.049089506172839505
22cf2902d,0.5286801470588235,0.3162896125383317,1138.1616392851067,0.20936862291212782,0.10837962962962963,0.24177662037037037
c6c6adc4a,0.5266126807678452,0.16097249648363482,635.3309330810272,0.20812155833461993,0.007322834645669292,0.013188976377952756
21c3157e8,0.4935839950980392,0.3273121914549219,376.15342271234374,0.2857235539215686,0.21211875,0.16654375
fa27f275a,0.5765310457516339,0.19001406744201227,639.2758149863889,0.22970584967320262,0.009383333333333334,0.003525
198a73c5e,0.49986420416730665,0.2603601285189521,10870.354308089734,0.09624857932729226,0.08434073107049608,0.04962793733681462
377d9bef6,0.44240944989106756,0.27610012709283777,257.6762401804899,0.17186004448075526,0.1130324074074074,0.006151620370370371
c8172e598,0.5119482038909314,0.2772423588185285,2670.611615151352,0.30971070772058823,0.1199755859375,0.11936279296875
576f4893f,0.5925264175351386,0.18739243257856386,1137.1907163191272,0.3483881790917504,0.012540153199901162,0.025698047936743268
b0a24f910,0.8244846643947251,0.24563974423405222,227.7397480879899,0.14425465501061885,0.006290931989924433,0.6126448362720402
3584bf68a,0.5302912241285404,0.1856506926986421,985.3530863360286,0.12743829997276687,0.01748408564814815,0.05106336805555556
3c008b0b7,0.6432920005211387,0.28937778399296527,2716.0634479969867,0.2004202332095629,0.06853820598006645,0.3141112956810631
d3ac21f5d,0.4475112974877451,0.2238665940434552,11102.151572913954,0.29326871425653595,0.05705729166666667,0.039397786458333334
615f5dc85,0.5355319086436072,0.21425902338185945,200.4362238626401,0.38252845707571415,0.04175093632958801,0.05389513108614232
2db00a064,0.4517634201221472,0.23486190641841156,1980.8089647985041,0.19015525554484086,0.043329918032786886,0.06548155737704918
a2b226c6c,0.5287793625811529,0.29021798571571206,3889.7188700740903,0.17965171486654863,0.11274247491638796,0.12717391304347825
9827921f8,0.5121026831785346,0.12957337962757814,508.59736734964605,0.15836160990712073,0.0061403508771929825,0.0
d1bfba974,0.4871425063281575,0.19545318195570974,253.7592019376413,0.17768826268464996,0.028907755298651253,0.016648603082851637
61ac348d1,0.31719980029048656,0.2508825067106825,2921.9769520604113,0.47242383805374005,0.247554012345679,0.005401234567901234
60bc5ce92,0.4026327614379085,0.25810913837725113,212.77095993427966,0.1832018200798838,0.14543981481481483,0.06228587962962963
9024c21fc,0.7168615672417378,0.2988874236924225,556.5675875987182,0.23757126030624262,0.06079505300353357,0.4632067137809187
994450113,0.5689640277163498,0.18236068579586334,155.04329257509966,0.15451367389060888,2.819548872180451e-05,0.10851503759398497
6bed4e9d5,0.4519005549389567,0.19482609542767876,76.99518843859025,0.17413888272290048,0.05189622641509434,0.00031132075471698115
b780980c1,0.45813738562091505,0.14797124111404308,2290.230496462222,0.05922509803921568,0.04620833333333333,0.003925
10b669bea,0.588603927833114,0.24257734075057263,1945.5922729408665,0.15510229906659148,0.008849840255591055,0.16945686900958468
5b214efd1,0.6582712051112579,0.19763710057932582,5548.690504557156,0.3226188954982742,0.01692883895131086,0.03506554307116105
5d00ca4d0,0.492704636369598,0.32155237376888857,405.76741479394803,0.10311794216014165,0.07434782608695652,0.2193979933110368
261a88440,0.46718907563025214,0.29414349877501184,984.5396031211383,0.20909062448508814,0.2353781512605042,0.008886554621848739
e0e241d57,0.3281779603105182,0.2717381883920502,1662.5179787787913,0.6780363911363801,0.3447229321561338,0.02520039498141264
3005b75eb,0.4047445987654321,0.18011216587296086,1071.6939715706446,0.41393877087872183,0.07657407407407407,0.0007638888888888889
8c75e5189,0.41764486928104577,0.22043570382546768,438.4527075641667,0.14184264705882352,0.07768333333333333,0.005425
0e88c1c1c,0.5151430414270972,0.20388192746295974,481.8021806486376,0.26982172342621263,0.019906015037593986,0.021597744360902255
c17b66965,0.4750898087630114,0.18584133053860674,619.3366651041665,0.293530077463084,0.017137345679012345,0.011859567901234568
35ce89b5c,0.5780395029105392,0.1177147326930741,293.02571288824083,0.049822437959558825,0.000810546875,0.0433837890625
01e410583,0.5576764592147764,0.2986254357843668,1908.7300361642774,0.2369693523194274,0.04532579273008507,0.23812838360402167
4bbc7992a,0.3613477041207108,0.24798678267621488,756.9225444531381,0.2060125804227941,0.2139208984375,0.02446533203125
eb77432cd,0.4093276688453159,0.17016958048608824,588.4221149506174,0.25466919389978215,0.1105,0.0010666666666666667
9a0db11a9,0.44323756354393606,0.1697641398255054,631.1711574555993,0.31334145787944806,0.0024421296296296296,0.01732060185185185
65a7711bd,0.5480689210580065,0.23245126347036468,69.80824895833332,0.17333660130718956,0.040582682291666665,5.5338541666666664e-05
8ece5f3ba,0.5136619281045751,0.16887216150094192,1561.295874871597,0.20693807189542482,0.006641666666666666,0.013833333333333333
3497c1ad0,0.5170047712418301,0.1613137191355287,132.84637423305554,0.24827166666666667,0.014016666666666667,0.0018666666666666666
7b25498d6,0.6516687091503268,0.1844096423284056,634.6623791336792,0.23599187545388525,0.010138888888888888,0.04438078703703704
eb79f1cfa,0.3858553409063502,0.2201631450185241,648.9415125555719,0.611868714275378,0.09322724477244772,0.02667589175891759
76024f2ed,0.585355,0.22974378425723446,128.70120819555552,0.18561843137254902,0.030266666666666667,0.050758333333333336
6edcc1f1b,0.5990998692810457,0.28964783129034316,689.3303363577082,0.14583830065359477,0.007775,0.23336666666666667
aba512b8f,0.48635062636165577,0.2503409860943485,272.5603202026535,0.2801296069353667,0.04774305555555555,0.03993634259259259
dcdf98438,0.417823300080266,0.2668050887262818,1598.6217786496272,0.29826310056186217,0.09902777777777778,0.09069444444444444
47d68f63c,0.6474806219362745,0.26279075625683884,1545.1655581127106,0.14125786037071078,0.04890869140625,0.21422119140625
9679275a3,0.4689629399952752,0.20590829543895126,1949.4551822026056,0.21817449208599102,0.058298192771084334,0.005662650602409639
8717133d3,0.38287811667877025,0.2464486976659723,1718.5677546296297,0.20153827765674173,0.11638117283950618,0.04939043209876543
ef80d0222,0.6520293972403776,0.20984332472579995,1576.108058418875,0.2927116339869281,0.013333333333333334,0.12453333333333333
fb89569d8,0.4542999346405229,0.22120654894327818,3351.6234800715974,0.2218563725490196,0.048475,0.0535
b256f479c,0.3628736274509804,0.24058644045756644,315.0013488263889,0.3134530718954248,0.16880833333333334,0.04049166666666667
f3db279d0,0.41092238048259133,0.2703098104553065,81.88941213245757,0.30410639412997903,0.19167976939203354,0.0009040880503144654
35fc0fd89,0.34542088235294116,0.20268705054899105,122.60821934104167,0.16407689542483658,0.189575,0.0
8300e943e,0.4653742737835875,0.2759828346141351,279.89170595418466,0.2681044389978214,0.17445023148148148,0.0730150462962963
c2386bba2,0.5550878681060439,0.22951286727281842,269.8121927638731,0.26432441066314166,0.0326123595505618,0.10485955056179776
2c401c793,0.5581729411764706,0.2393028436697741,1660.5224519375001,0.27003029411764706,0.09965833333333333,0.0502
c55f2f503,0.5919849966685703,0.20170403888029587,1258.6396422821676,0.40708275826511836,0.03783373786407767,0.03038531553398058
e03ec2a98,0.41872244916485113,0.2234638271893383,8487.890072268003,0.32269274237472767,0.032615740740740744,0.05331018518518518
8c7dbce06,0.4083856568268333,0.2969644790471202,1088.4829750751385,0.2389865869424693,0.2025,0.15267857142857144
d9cf525bb,0.3105941595889693,0.20080620692044607,320.3116647916726,0.3609535493341722,0.14776737967914438,0.008315508021390375
f85ae1408,0.4604153267973856,0.17330015194594306,124.80736741104167,0.4569527450980392,0.04086666666666667,0.0
0e1f78a77,0.4955952308006536,0.1770427000703011,189.9793445561621,0.24455710018382354,0.061005859375,0.00014973958333333332
d0a66003d,0.5482570806100218,0.2567855318837191,3232.3782058211114,0.29606169934640525,0.022822222222222223,0.14754444444444445
d3f157880,0.543048798466755,0.24309272355006145,817.0749789621198,0.2061074008550789,0.009238721804511279,0.1149624060150376
de2d4f372,0.4834911111111111,0.1968465197052387,315.0706543549305,0.2257456862745098,0.03161666666666667,0.0033666666666666667
bb2cbdb23,0.4195727668845316,0.24453220604841233,1426.1143976646913,0.2732566013071896,0.19413333333333332,0.00012222222222222221
e97e1afc1,0.6282938235294118,0.2108041400827138,96.22540770826389,0.22263222222222223,0.018841666666666666,0.08114166666666667
867057e77,0.4897530561607359,0.14933125760288737,1549.7494898090397,0.21710339506172838,0.010817901234567901,0.0023919753086419754
d2f333b86,0.40287418300653594,0.1968626487445949,487.6425276041667,0.07273143790849673,0.084525,0.0028916666666666665
248eca1fa,0.29337706879361913,0.17299562498284288,53.068905841999424,0.2652344632768362,0.20147457627118645,0.0
d6b0d8aa9,0.5582711437908496,0.231004302909115,150.33774988638888,0.07583196078431373,0.09713333333333334,0.0016833333333333333
24e2a6ff5,0.4361488562091503,0.28036669894479266,1210.0906279632638,0.27806689542483665,0.15378333333333333,0.045158333333333335
8ef541435,0.3455725490196078,0.2446292806512368,37.51201643305556,0.43470771241830064,0.2522583333333333,8.333333333333334e-06
2bf818d30,0.5794173049428104,0.20365098567816414,500.1814054660373,0.13990981158088237,0.005133463541666667,0.03807942708333333
24379b58d,0.4918899185478399,0.203250393087356,1081.291539244375,0.148349050974937,0.08433750652060511,0.0022474352286558858
7cd4ec150,0.6430932507262165,0.304340330022731,811.9831150161555,0.0825345179738562,0.08001736111111112,0.27427083333333335
0a796c967,0.4809215032679739,0.270012572635059,209.7628103732639,0.262459183006536,0.062158333333333336,0.0030166666666666666
38ea54f1f,0.5627740332244009,0.24724007710415774,1330.0824544195482,0.2816183278867102,0.03935185185185185,0.1359548611111111
f50d4f5bc,0.48660437908496734,0.2741140856750067,353.01729837333335,0.34072934640522873,0.034,0.12810833333333332
d8df310c9,0.5858097312999273,0.2857124716686744,288.3387656204752,0.24989533405954975,0.05459876543209877,0.19233796296296296
bd263a880,0.6721351960784314,0.23204574705099712,518.8241656997221,0.16526519607843138,0.054141666666666664,0.06405
9e3d235d8,0.5948972992970774,0.218843985696873,288.2688452203632,0.4083230484646689,0.048235849056603775,0.0750943396226415
7cbf39f49,0.4625267778753292,0.22788314886036087,1249.0805190847595,0.26542145888206026,0.059953358208955226,0.013591417910447762
1f82b8bf0,0.5443476080246913,0.21988581525225803,315.58428540688766,0.30317517701525054,0.05393518518518518,0.1009375
9a48cc316,0.42732531590413947,0.27616875613917025,1932.9675229387653,0.23268806100217865,0.18016666666666667,0.03857777777777778
076a67405,0.38669878579046685,0.24135929076902402,330.18838930855117,0.49569632455492657,0.14744769874476987,0.0015585774058577407
e5ea737ec,0.549003781786152,0.35394763831254983,565.7854125525415,0.17184120327818628,0.15013671875,0.285478515625
8b9a9eac7,0.38382104575163395,0.22939715945684122,1409.082434994375,0.2162713725490196,0.07565,0.057416666666666664
9817c3ef1,0.49057414215686274,0.18241869070054284,1082.7336968535667,0.46427144607843135,0.021909722222222223,0.01265625
506bacb46,0.5140394880174292,0.17651627683905746,576.2438999807099,0.24259353062212538,0.007391975308641975,0.025578703703703704
ee83e7a09,0.759562030075188,0.2250417422268012,55.369322624229746,0.113718745392894,0.0031954887218045114,0.41852443609022555
3bf7bccc9,0.5735109313725489,0.15875618199516378,165.42756983746094,0.43097563725490196,0.009125,0.0007625
d8179f4d9,0.5305778104575163,0.18924414481778262,2490.135279048889,0.2043,0.0012333333333333332,0.0318
70a7a71fe,0.648563135780628,0.1716265930096691,133.36189924096544,0.20473651039363114,0.009981203007518797,0.00443609022556391
67e6db7dc,0.5212810020329202,0.28143758024067655,291.1978844335494,0.18894638992720836,0.0038461538461538464,0.20512541806020068
abf1716a9,0.4853972842010368,0.23504149834445143,756.9557914828887,0.2522624802794681,0.08142241379310344,0.04254310344827586
846ca7805,0.6178870614929012,0.32480968141488364,456.87983859675387,0.16923977827243714,0.16880405606919177,0.19783863440992264
df091dc6b,0.5520182026143792,0.25904485283026496,348.38234315305556,0.2804638562091503,0.062433333333333334,0.122925
caa16cc3c,0.7105592703227124,0.11970497607914685,42.553800792429186,0.24166545394199346,0.0017057291666666666,0.058336588541666665
ae089cd20,0.49171490818549646,0.21824909579581256,3140.0250578825226,0.16301384179402756,0.05750208855472013,0.04324979114452799
b5e7e4539,0.4372169934640523,0.21097935490265063,625.9911208965972,0.29790375816993464,0.08635833333333333,0.05300833333333333
838b5c426,0.28792937545388525,0.18231040580899657,597.5926620322145,0.28950226942628904,0.1986747685185185,2.3148148148148147e-05
67888f9fc,0.5869793790849673,0.2927084185138341,312.7388052197222,0.10766519607843138,0.0046166666666666665,0.2954333333333333
121abd2ba,0.47208202614379086,0.19486672144281175,852.7368201308334,0.3659744117647059,0.03600833333333334,0.0016583333333333333
b48b65ef2,0.43610761437908496,0.22796502065309854,500.92884637326387,0.15638140522875815,0.04479166666666667,0.008783333333333334
ef0b07c6b,0.47862235294117644,0.18310322261402634,159.51734116493057,0.19565029411764706,0.010283333333333334,0.005175
219bf9c22,0.5621844589687727,0.18764457585466618,1098.690103048316,0.12934104938271604,0.033680555555555554,0.033595679012345676
38a780df6,0.31683181997631266,0.28626060546195375,1536.881797765233,0.34276572575338865,0.36884228187919466,0.04277684563758389
79786edcd,0.4132586465141612,0.2607277680167271,799.7183411939245,0.14325274600580973,0.08319444444444445,0.07435185185185185
f05665d6d,0.3089661437908497,0.21987260804796724,437.1622581232638,0.43666297385620917,0.20789166666666667,0.008033333333333333
7d86df9b0,0.6055467728758169,0.22708017955760007,344.5042586157193,0.16876681644880173,0.06283564814814815,0.0007696759259259259
d8f9d07f2,0.4280827659767611,0.12356990321663738,833.7016280730238,0.1626310820624546,0.03294560185185185,2.8935185185185186e-05
146f076cf,0.42465890522875815,0.29017477804169556,2398.445428561707,0.18975955428467683,0.23174189814814813,0.08614004629629629
a8de0737e,0.4484219281045752,0.16386570279063595,95.15266967159721,0.15547676470588234,0.064575,0.01425
b041aab9f,0.6085466328853638,0.3149078170002021,198.34454256398251,0.06770044796944995,0.12598314606741573,0.008220973782771536
e303359a7,0.46037658207095544,0.26329670475309225,1269.0088972036108,0.3479069447176864,0.06857023411371238,0.07455685618729097
26988350b,0.30433885620915035,0.19203709261666815,154.09888742993056,0.2062036928104575,0.23226666666666668,0.0
a371e0164,0.2654006339377856,0.2502266644247514,608.6126103648454,0.3764348002358838,0.38628759398496243,0.04726503759398496
9f88f23a4,0.6589649331086601,0.24172838732139973,3331.959900770982,0.14669837622549017,0.017252604166666668,0.21508463541666667
279a5187c,0.5287809549745824,0.1211659958273347,196.41964139993902,0.12337454611474219,0.0003935185185185185,8.487654320987654e-05
a8267c4eb,0.36234658187599367,0.28515778238062595,1923.2349387919082,0.36903471118177,0.2458011583011583,0.10064671814671815
b7d2d752f,0.3806953220741422,0.2628180178101697,602.2845381102503,0.14849207261029412,0.1342529296875,0.0718798828125
141b5d279,0.4416063403463575,0.2526326690774324,1011.451891240543,0.15303245312723632,0.18867700729927006,0.00014598540145985403
cf357f057,0.7022852214960058,0.16562224800737632,495.49980775432823,0.10358617011619463,0.004803240740740741,0.10726273148148148
b1307cb03,0.3408632443718228,0.2523700975260639,646.0894377456476,0.4301903821713871,0.22696759259259258,0.021197916666666667
02c7d1b74,0.37685307189542483,0.20817925543303395,194.38707669333334,0.24963093681917212,0.18265555555555554,0.0
9f40dbc58,0.44191471389957854,0.2547630930886934,947.0432096765235,0.2947406570689023,0.017749707943925233,0.09526504088785047
6ea65996b,0.4469352614379085,0.15701848717344416,2302.202340553056,0.32808281045751636,0.011766666666666667,0.007416666666666667
46687a6d1,0.46306138798111834,0.18838188285721613,203.25133332676936,0.35465541031227305,0.012662037037037038,0.0007523148148148148
84d1eb4ab,0.4841584513435004,0.25978171948056583,1543.44504518698,0.3801153549382716,0.08377314814814815,0.028101851851851854
357707ba7,0.3682449668830743,0.24605789393861088,1054.9272728772607,0.2574890484621942,0.16344481605351172,0.04786789297658863
506fa1d6e,0.3952466339869281,0.1959107205006882,1678.4473124149308,0.2362935294117647,0.03348333333333333,0.005366666666666666
aef6836e4,0.44448666666666664,0.20476525260600317,842.7674600217284,0.2742525925925926,0.024511111111111112,0.007388888888888889
26e02fdeb,0.6057315194811774,0.20571786580479073,5648.74656337756,0.1897481126817652,0.004896640826873385,0.08385012919896641
6968f86dd,0.5030831063907044,0.29941309197615085,693.0525118821803,0.17559486201888164,0.17342013888888888,0.10179976851851852
59f987236,0.5119656426368767,0.22743421943576436,182.0121158127988,0.2687437889102229,0.04454747774480712,0.06137240356083086
b2d7d59c9,0.5055202636238442,0.17450055767306769,680.5939108485923,0.1931666338776313,0.013219063545150503,0.04839464882943144
31b7a54b6,0.29219693380707984,0.10995423412721778,1111.0097577921601,0.14909965126990396,0.02644295302013423,0.0001761744966442953
18b6fc5f0,0.30955371961518685,0.09305717367253788,77.80219984008752,0.5480505617977529,0.017837078651685392,9.363295880149813e-05
b76e8c452,0.6628464657467925,0.2870141957414923,4828.826624454102,0.13096940813362382,0.04063271604938272,0.35226851851851854
72519f841,0.515237614379085,0.3009377605557477,292.3814967455555,0.20309333333333335,0.162725,0.16510833333333333
ff618d36f,0.5089409495279593,0.2527306944444963,1054.9762197385853,0.2399377269426289,0.15512152777777777,0.0027256944444444446
2fa65607f,0.7478271322663341,0.30544950269642107,4721.224734982332,0.04928687729508765,0.05513250883392226,0.5515547703180212
f743a63aa,0.5957322984749456,0.16306522039136018,565.1332367348564,0.08043096405228758,8.680555555555556e-05,0.011857638888888888
cd2b84b66,0.5004716666666666,0.231750663142172,1905.1805683155555,0.11097127450980393,0.06481666666666666,0.005375
507e734af,0.42748792665214236,0.23360213882294117,1142.215192565384,0.2443568748487049,0.01337962962962963,0.03964506172839506
e98e609ac,0.4483108823529412,0.26078590461378354,74.6687655822222,0.15226859477124183,0.004633333333333333,0.13504166666666667
42d2aa0bf,0.5815325964780816,0.2608162072213108,1596.3149413383276,0.2695413076058449,0.04730891719745223,0.13995222929936305
8f15fc3d8,0.514954239313454,0.2275275091694813,46.68811258354371,0.19830723480527945,0.04225069252077562,0.06148891966759003
e1d40ecc1,0.5416629411764706,0.35466617748050794,1080.5799637452735,0.3366568137254902,0.212025,0.3007125
b66a5bd9d,0.6636376407044299,0.28853215291995793,615.5209404813957,0.12179838416848221,1.736111111111111e-05,0.3578935185185185
34f6111bf,0.6099502801120448,0.20548041604869702,864.7185150353857,0.2829810187232788,0.02035714285714286,0.05401315789473684
86228db7e,0.3816209240798279,0.26657100601256173,2200.8205299233546,0.19426690444217035,0.22480888413502376,0.0002831346147796269
91fca388a,0.5572959150326797,0.1444676869811123,474.4513211299306,0.196439477124183,0.0,0.0022166666666666667
05aad3b3f,0.6319035039941903,0.1251168421454793,1800.4644547319742,0.11601935820624545,0.0005729166666666667,0.006186342592592592
fdb71d0c8,0.4766141830065359,0.28462183150167386,1217.4167500863887,0.1679298366013072,0.09640833333333333,0.12693333333333334
63f2faf77,0.5148539804614426,0.21161527167773156,1215.1648772046567,0.37752736783759444,0.031148409893992934,0.015397526501766784
0fd5ff08e,0.6641211571048173,0.16264047272888382,356.785253986566,0.07480443597191963,0.0,0.0020833333333333333
bfb19deda,0.45203243010167027,0.1872761846008693,2057.7839833566086,0.11148819898329702,0.029675925925925925,0.026921296296296297
d4beefae9,0.4338481230098877,0.27827978801765846,2564.3228097199108,0.18699595692978044,0.13387820512820514,0.030224358974358975
557f3e130,0.5245555555555556,0.1733158900764756,9193.622707567707,0.1099072549019608,0.009291666666666667,0.027983333333333332
c84e9ae78,0.5288477450980392,0.22297763704256274,538.5143479415973,0.13651392156862746,0.0017833333333333334,0.03575
ff127e4d3,0.39680672268907563,0.24389908293468635,4492.710186927613,0.16975910364145658,0.09671182266009852,0.039064039408867
550f8a3da,0.5830230366758101,0.21679780912199373,77.47005578803291,0.16476221680381997,0.020939119170984455,0.02654145077720207
ff891d6b6,0.5751495424836601,0.255875292142551,1608.327320694375,0.24346503267973854,0.022366666666666667,0.11295833333333333
7648e56db,0.4963148148148148,0.14045039301621906,704.5709702932098,0.12644728879206002,0.003564814814814815,0.0
091a5da01,0.5704788235294118,0.16047174248030757,713.8521894197222,0.16648205882352943,8.333333333333333e-05,0.005
edd2ebd5e,0.5813568672839506,0.0879193081894803,86.24732053992923,0.2373769290123457,0.0002199074074074074,0.00017361111111111112
b07678538,0.29447692810457515,0.2940826664963629,745.2237167641666,0.38623816993464055,0.35470833333333335,0.092475
886d23c56,0.283457637375938,0.30044425943569764,790.890375794229,0.25116058460421203,0.3855324074074074,0.09296296296296297
fac19639c,0.4985699346405229,0.180946446014684,195.85047328826394,0.30353977124183007,0.007525,8.333333333333334e-06
24fee0cc4,0.6063409804869916,0.24281602349609552,661.7264524514337,0.17008000562765588,0.07773403779868862,0.03528857162098458
a6b5ed0f7,0.5061830718954249,0.232015293226903,1655.4965537465969,0.306257614379085,0.027816666666666667,0.07419166666666667
1882fa24c,0.48177926046961994,0.22789089085288072,528.4680559839868,0.25786622488501576,0.014822530864197532,0.0705246913580247
7aae61018,0.6214809803921569,0.23828448241696362,370.1478690382639,0.1532445751633987,0.028625,0.00805
f87489d3e,0.43626220555336226,0.19558528386337118,80.62581544968414,0.5416257731280432,0.0614010067114094,0.03565436241610738
33a51709e,0.5327353749659587,0.21671764902938,489.1027008685065,0.325317542381536,0.034600151909722224,0.05813259548611111
c45a57747,0.5247989813112746,0.22739999606443934,565.4439375697076,0.22068158318014705,0.02213134765625,0.07149658203125
6f3f2899c,0.5115972449164852,0.20941259064323314,6704.418281068318,0.19945036764705884,0.020810185185185185,0.024207175925925927
8cb6dfa5b,0.6020473801560758,0.27826428391028674,137.34533422193266,0.09575063938618926,0.10268394648829432,0.10964046822742475
906308870,0.3937693137254902,0.21006918214235357,878.4624759988889,0.23317633986928105,0.05238333333333333,0.04488333333333333
d2f3db726,0.39416131082062456,0.22962033605907348,1787.1467977961036,0.1957478818687969,0.11050154320987654,0.017554012345679014
4512e1ea8,0.3556062130500569,0.307083571994235,229.97768792828475,0.15911714009390548,0.27664081145584724,0.128425815433572
98780fbb6,0.47354647926879084,0.16197579372202753,309.8845428601477,0.142970396752451,0.0,0.017623697916666667
ee36e2198,0.43557593500363107,0.24907582137035603,1177.3971785460337,0.22564158950617286,0.11104166666666666,0.03328703703703704
8f38dbd18,0.5274270427324185,0.24930191079146125,960.4024257268064,0.22360389711923626,0.047107438016528926,0.10397274177178484
da697d5ba,0.5297652292687909,0.26051269560627177,2439.5161573526593,0.3599564312704248,0.068203125,0.09520182291666666
f9d9f8fd6,0.38800137254901956,0.2230114555805861,906.1059147455554,0.2753233006535948,0.18729166666666666,0.009741666666666666
585a4d5b9,0.5187144803345352,0.16337102150772617,691.6126514339712,0.2016311058428409,0.011203820319059614,0.00010495382031905961
a0322013c,0.5899277187726942,0.31503031163441375,361.30007703239534,0.20158660130718956,0.05951388888888889,0.2243287037037037
740d9759c,0.375599477124183,0.2634204477337182,1129.9226997155556,0.13593303921568628,0.29030833333333333,0.0004166666666666667
f03af5072,0.5785903004720406,0.16783234870038483,41.76335364368999,0.1566909495279593,0.0,0.04782986111111111
3bbbccce4,0.5289447167755992,0.19177165024263482,669.6569983723623,0.31779781681190994,0.0013252314814814815,0.06613425925925925
0dc32d6fd,0.4799204021065994,0.21306374338139797,2377.9907666659783,0.09869576106908205,0.0441994750656168,0.0
50ae3720b,0.29115875816993464,0.2196285916178745,106.53779065666667,0.22908676470588235,0.276225,0.001958333333333333
24573b56d,0.5132480718954248,0.19209787092212793,202.25121650666668,0.24667996732026143,0.058866666666666664,0.0
28cc87730,0.40635080585264405,0.2660677662739848,2510.6363730701905,0.24614551767676768,0.1559469696969697,0.04826704545454545
e1d1b893a,0.35109232026143794,0.3348845004412035,317.01567452159725,0.15506516339869283,0.366025,0.11918333333333334
2ef82137f,0.6150200291053921,0.239485985201527,632.9604312913259,0.08362808925653595,0.016637369791666665,0.13287434895833333
6f14bc8cd,0.5126468405696383,0.2388053069044355,225.336046826868,0.32880607054109817,0.034127561403895466,0.08097673154209556
570b3eb92,0.578926640795207,0.1901392841883707,2468.4540383680364,0.09607514637799563,0.0054991319444444445,0.09165798611111112
a86ec27e9,0.43131363834422654,0.2403213946148657,3991.4675296591363,0.2419493246187364,0.11847777777777778,0.04162222222222222
c421064dd,0.5215711111111111,0.1890770672950298,526.2870483733334,0.16732366013071895,0.007808333333333333,0.021775
ef5fcd597,0.4126132521974307,0.21262946278606884,1322.2109417208992,0.32812448350987905,0.07168856048166393,0.017898193760262728
ccbd1f9fc,0.42618738652868554,0.09835468412706552,2768.964106596017,0.14418407316630355,0.002193287037037037,0.0006828703703703704
e7cecd5d2,0.4803606138107417,0.19440946365817116,3789.8285378888654,0.3399447759780241,0.010338164251207729,0.03821256038647343
4b8db7cbe,0.5875419822755333,0.1960305915849075,3000.5717691449886,0.21487155348748885,0.06572769953051644,0.020425487938110845
0ba16b529,0.45201957380174296,0.33129072105160806,2518.7603766138714,0.14717247072440087,0.16527777777777777,0.19342881944444446
d08b5b163,0.556110725308642,0.325287194726343,677.8699671054835,0.1532205882352941,0.17267361111111112,0.24234375
4559bd457,0.5681317401960784,0.2739795928505829,1796.7080356994547,0.15613180827886708,0.04185763888888889,0.15285879629629628
335eacf2d,0.4524856535947713,0.18403067504927428,1597.5404891927083,0.32716434640522873,0.048266666666666666,0.009658333333333333
577d15fea,0.35961993917937546,0.24356433342108194,2555.558147677918,0.3261439950980392,0.2121412037037037,0.02730324074074074
4756b380a,0.48276307189542483,0.24324204906038527,2598.245934798847,0.3031618100944081,0.10920138888888889,0.02724537037037037
9d87fbd92,0.49945352941176474,0.2903924307654505,1903.7375185068358,0.22539742647058822,0.10695,0.1368875
4acf3e30e,0.49100902980467,0.2300319114205408,76.41245525550609,0.17064925254452926,0.0894948711832061,2.9818702290076336e-06
1b1ddc50c,0.42098572814542484,0.19335464110934575,291.4079814275106,0.3003239634395425,0.072685546875,0.03406575520833333
e267af6d8,0.47592996732026144,0.2435695243951839,287.6419908415972,0.11311084967320262,0.05524166666666667,0.09675
befafd8d3,0.43962983387799565,0.24131020230992592,4899.552515912711,0.3599634622367466,0.10137731481481481,0.04699074074074074
f928a7e7f,0.5296417743397936,0.17727319196726402,3307.9708260346656,0.20546006649287846,0.0031490847784200384,0.03651252408477842
12c071b30,0.5504399673202615,0.27324156875793043,328.6186163663889,0.13962408496732026,0.019575,0.18260833333333334
d2dd7e8c2,0.47311425409716124,0.24705742062433309,1913.2093815469009,0.11039087649985367,0.05329990671641791,0.05423274253731343
6e09bfe1f,0.5826039869281046,0.20797363033389468,2957.1612706232636,0.3465432352941177,0.007941666666666666,0.07265
e01f077a7,0.648567200903799,0.24718149214484916,1138.249276799941,0.13293564261642157,0.01434814453125,0.16658447265625
b47109e90,0.4930842178976854,0.1740582426286187,740.5040753632202,0.17210220403951054,0.03587406015037594,0.012734962406015038
efeabd288,0.6744655946490745,0.1579564779537699,1009.4679112883802,0.33404266691100115,0.00434190031152648,0.12102154724818276
d1a577692,0.43945464052287586,0.24826564323544012,1458.296851814321,0.16998549019607842,0.053733333333333334,0.04368888888888889
5ab4df736,0.3428668823027932,0.19394467829100398,947.3345458653708,0.2524057720274811,0.08755115089514066,0.008139386189258312
67d0b57eb,0.21738418943075807,0.21856240727185539,148.58414881474175,0.4913184493883023,0.44145299145299144,0.026411146723646722
23e49bd2e,0.5812652800583835,0.1449728908083307,208.14616750086657,0.05909408974317696,0.015188834154351396,0.004406130268199234
268cdb435,0.6082806862745097,0.22671838949028242,1977.3970663330556,0.26176826797385616,0.009708333333333333,0.13993333333333333
3f8824a3b,0.3284396332607117,0.22933577843436642,402.51295087442605,0.675372881868797,0.3193364197530864,0.022577160493827162
af0494f60,0.4998900980392157,0.14701538606933492,727.0873561382639,0.17639539215686276,0.004941666666666666,0.0019
3664119b9,0.5398818950761314,0.1920628180496956,369.2577779683764,0.13270884786296797,0.004345472821464471,0.03997525709425501
59309ddf6,0.30241986928104575,0.19772850583740548,114.00619445770833,0.4473885294117647,0.195975,0.0011
afefc6424,0.46782495158557247,0.19434173605813826,180.00913642112246,0.11642063059791818,0.034915123456790126,0.003310185185185185
bf5d1a04c,0.45610398692810455,0.3104943600505774,103.2336157415972,0.24782032679738564,0.17636666666666667,0.17181666666666667
5a60de180,0.48153549019607844,0.19085919502335943,856.0878396715972,0.32833395424836603,0.016825,0.04634166666666667
360215e23,0.5118619281045751,0.24012507213629272,238.09306769270836,0.23390323529411763,0.0504,0.07640833333333333
04d4ce3a4,0.5223096564797794,0.247662687416185,1785.1863105373322,0.5048006759344362,0.02989501953125,0.0851123046875
4b02a097c,0.5125327858416094,0.280174301042168,7453.906953263905,0.08476813831593244,0.04502840909090909,0.15805600649350648
f2716e1e5,0.4961486289828431,0.17800014968275926,8412.055702012634,0.10601157832924836,0.008219401041666666,0.03375325520833333
bd331b74e,0.6025065359477124,0.2346910861599469,409.5654037599999,0.07961251633986928,0.08991666666666667,0.008783333333333334
96a35824d,0.37617469618055555,0.24382453813617375,4198.551727326447,0.21371960529003267,0.028251953125,0.07730794270833333
2f51acf95,0.6358640840595498,0.13357724402004567,1083.0975285517604,0.11359413580246913,0.0005787037037037037,0.004704861111111111
0a8746c09,0.473824439122595,0.2561564971618668,152.68027088040728,0.1939535375260237,0.08434967016202714,0.13248841166461303
aa07ee8b8,0.6033906890439792,0.21694921543494108,836.221175608013,0.18017461504375762,0.004364406779661017,0.0803460451977401
509180812,0.5703724716441824,0.21448485360912103,1290.6811892713033,0.2771982358402971,0.012668291550603528,0.02549326833797586
a9b7b72b4,0.5538847131445171,0.2646223463392275,281.18808994287986,0.12934275145243282,0.12173611111111111,0.0671412037037037
591909a93,0.5241050399419027,0.23878938771781097,3260.4915549627435,0.18848604212055192,0.06342222222222223,0.031037037037037037
16c53ebf9,0.4941464687726943,0.33839515743997234,387.61315059678816,0.3485725535584604,0.17706018518518518,0.21525462962962963
e9b641d69,0.5117272433278868,0.27154350558018814,2862.807252888696,0.2823804125816994,0.027595486111111112,0.12131944444444444
9a6f2f7d3,0.2511159477124183,0.24057211717571847,538.7053908749306,0.3239851633986928,0.44611666666666666,0.0041333333333333335
9adf0f234,0.47309043842256004,0.2631032635344456,2283.4259363208207,0.1165799735624587,0.1666011235955056,0.005861423220973783
49ad94a6a,0.46473915032679736,0.24922130922521374,215.29371919993056,0.2568656862745098,0.008733333333333333,0.078975
ee459f62d,0.38959677559912853,0.2099231172751134,4695.4682395555565,0.22538004357298475,0.17337777777777777,0.0025666666666666667
a554dbeca,0.49458846507352944,0.2755261801460933,95.93190662125481,0.2620620404411765,0.09950520833333333,0.11240234375
dd579722a,0.6629307091257556,0.18335419337560627,555.1226310952428,0.11441640866873065,0.008204887218045112,0.1956296992481203
93ea39e5f,0.46273441110450914,0.2890905729939696,458.8185110940518,0.22000458011487423,0.10103114478114478,0.10746001683501684
e1e2b0af4,0.6296735220403952,0.15434806361380085,66.18826151810447,0.36973223499926283,0.0021710526315789473,0.0
d05933e84,0.44296952916969257,0.23994620014321044,6662.731522419411,0.5054639917695474,0.08472993827160494,0.05054783950617284
cdcaefa4b,0.5051704793028322,0.2239858497112669,1306.1042060099453,0.2167074482570806,0.014733796296296297,0.05078703703703704
7a23819c1,0.3786214294359719,0.2645107521989846,533.530925697064,0.2570410917453401,0.1706172839506173,0.07460648148148148
a8eed143b,0.43626220555336226,0.19558528386337118,80.62581544968414,0.5416257731280432,0.0614010067114094,0.03565436241610738
a4e4b1640,0.43446264945002394,0.2770810778046305,556.5708737323023,0.35073758967001434,0.15814634146341464,0.0351219512195122
83b705aaa,0.4900538562091503,0.20578760165379484,196.8596656666667,0.32210238562091503,0.007275,0.057866666666666663
ed9daa1ae,0.5952080383079157,0.29006908307287277,700.676011431776,0.15075878267973855,0.07739583333333333,0.23950231481481482
2d7b61eb5,0.5631988888888888,0.148129618398985,301.6734734582639,0.16589176470588235,0.006783333333333333,0.0034666666666666665
eb90062ec,0.35028493794521554,0.17445228584458605,181.69010730652695,0.4159012264081663,0.10719101123595505,0.0
2b9fd4034,0.5715824316348612,0.1985544096097849,990.3060789004038,0.15326811594202897,0.07178929765886288,0.011479933110367893
e0667be3b,0.42179030232782766,0.13610434815806385,225.9662594064688,0.16869592281356988,0.024233716475095785,0.0
bbd8a4220,0.48374242709904475,0.15339396955587406,512.9068250199679,0.4550785570638512,0.0013701923076923077,0.0005288461538461538
1f4871c30,0.564298452251271,0.244504629825829,915.0254401229209,0.16681211419753086,0.036556712962962964,0.04234375
5f79b840f,0.5783683965159098,0.21965773095127736,5879.43492171938,0.14740589494224657,0.0035488563402889246,0.05558035714285714
e0be7da0d,0.4751853667392883,0.2167554883690567,678.9078553368003,0.35311789669571536,0.04261574074074074,0.039635416666666666
e298c61fc,0.5791143137254902,0.20534651858948508,317.4368265215972,0.17814228758169934,0.017491666666666666,0.0642
a6e7b6870,0.5961775816993464,0.16951858820817445,3542.13110880493,0.10264748366013073,0.009483333333333333,0.03834166666666667
2c9f807c1,0.4836861872345377,0.22492615234932786,340.38879686440623,0.20689660790132078,0.08423590504451038,0.037952522255192876
e2198e9c3,0.6982520197893973,0.19266306544581496,941.519779600661,0.16481946713870732,0.004363425925925926,0.08936921296296296
c49480455,0.591629050087468,0.1806565123490041,774.200902789574,0.1252281678955107,0.015448823207443898,0.0008347016967706623
9b9cadd98,0.448072980494281,0.2683895923500663,1273.6144340479534,0.3504854090073529,0.09488606770833333,0.07283528645833333
b8715f663,0.34936581599853056,0.18976988577911014,568.7037918218143,0.26449489426918305,0.16072160421545667,0.000117096018735363
c3768e2be,0.4052113619858718,0.20599256497835722,533.7591277930114,0.16894510464118306,0.1333164983164983,0.0012542087542087542
d4223dd4c,0.43957549019607844,0.2075393611333674,614.2134234775,0.16268653594771243,0.042225,0.013075
1811b1412,0.5946595008912655,0.21159443141553405,321.9729894835537,0.16770563279857398,0.0030818181818181817,0.008572727272727274
3dd380ccb,0.4589977277369281,0.24300724713223715,356.88536058854,0.40809489889705886,0.07609700520833333,0.10125
f86c83084,0.39324063042938695,0.21413055848639448,1473.1109056119212,0.33408106229833706,0.03462025316455696,0.02141139240506329
4ce29bb83,0.5550945098039216,0.25959127682042,321.1451390799306,0.3240182026143791,0.016691666666666667,0.17364166666666667
7f74af51f,0.45668588235294116,0.1646852134241061,268.2833644663889,0.0923693137254902,0.030316666666666665,0.0011916666666666666
72ec92880,0.4790540584049712,0.3241645621404084,789.789402822641,0.3447391523659272,0.19578544061302683,0.15878489326765188
1b752d78e,0.6378703703703703,0.18909426343686642,3917.6621943980244,0.15957769063180827,0.004388888888888889,0.08232222222222223
e40a90daa,0.44491290769181235,0.1967564552121999,3430.123739688404,0.17171549845992035,0.05784072249589491,0.019239189928845102
85327438d,0.38830010281266064,0.16100094212073224,795.6120783360686,0.22852643754130866,0.038164794007490635,0.0007677902621722846
8d2afd85f,0.4554638480392157,0.22035658043127782,424.9046219135803,0.38262874455337686,0.07424768518518518,0.0024189814814814816
4c2040263,0.4951681857638889,0.19928602812135748,4432.453853597641,0.3679305172589869,0.013815104166666667,0.04118815104166667
653f94080,0.4723892644536374,0.20938689867552926,459.7826300478494,0.14767558352672114,0.002060999142367067,0.08654320325900515
8bed563dd,0.5743782679738562,0.25856577752882376,173.6056979082639,0.1789970588235294,0.004125,0.20079166666666667
c9feb3eb3,0.30423507965686275,0.18933511480378523,706.7402776473998,0.37535539215686275,0.147171875,0.013484375
2e2b3f60c,0.5213498573875098,0.25527032816576917,360.2831918583329,0.25018484056979295,0.067142249153882,0.0037492653466550474
7d2e1dd01,0.533662908496732,0.20274752069948346,262.64553291083337,0.2369043137254902,0.000125,0.048791666666666664
348a982e2,0.4983369281045752,0.2268518710990532,4153.434103699931,0.3010149673202614,0.030983333333333335,0.0491
92bf36222,0.41621565601549265,0.23392619273532939,805.3966971869761,0.13061153473735174,0.09596450617283951,0.07975308641975308
5c67a27f5,0.45304124183006533,0.24190377657787995,6479.554793626666,0.21684836601307192,0.120475,0.017541666666666667
35225eb67,0.542728077342048,0.22825378309925892,1836.960565624464,0.2874825481118373,0.03502314814814815,0.06204861111111111
14f3fbc84,0.4371422549019608,0.25234423886781404,69.65712310666667,0.09716774509803922,0.128825,0.0545
91568ddf1,0.42195124133303513,0.18393645293261768,333.0601044108452,0.17280265414150453,0.049695817490494294,0.0
f5a34370d,0.1834675816993464,0.18096606468240603,270.04669682993057,0.27146143790849675,0.47515,0.0
4a56df934,0.5260204825424594,0.24030660949146312,384.4292226502363,0.6453075661491363,0.05303903345724907,0.07095724907063197
f759dc332,0.347540816993464,0.16912783457995748,33.609153157708334,0.1528358496732026,0.15205,0.0
208843e22,0.5032493198236232,0.2122444578869795,564.2705508366051,0.12043404634581105,0.04833732057416268,0.022799043062200958
c71d630d8,0.5655620261437909,0.2337135882557528,242.20635487993056,0.2014387254901961,0.040966666666666665,0.033925
b00ce0fd0,0.3585368017717484,0.21992779648234828,112.49274772129775,0.5756654828755698,0.05152410207939508,0.024943879962192817
53cfa1a3c,0.4711051879084967,0.1517086149457226,407.06205178313076,0.197599128540305,0.0008159722222222223,0.0005729166666666667
283d778d2,0.335218601304499,0.18668832062511095,709.7627271369994,0.2393398748543494,0.14275632920697462,0.002117086653532888
2e1853b79,0.38056643790849676,0.21750959681700494,2677.54658479,0.15612333333333334,0.11651666666666667,0.0004
cf86cc5ea,0.48286264412131896,0.2695871685330515,184.3168340969162,0.10518189579202468,0.1242626404494382,0.00040379213483146065
092418816,0.49140075565109764,0.2865053352105465,518.1116358735003,0.22526890756302523,0.08098837209302326,0.1189202657807309
4d43092e3,0.3455850289801455,0.22437225658758814,2658.6172524020017,0.43210685657910963,0.31647798742138367,0.011446540880503144
4fac67d06,0.4125011347131445,0.21418239618659649,1980.668310148715,0.3164814587872186,0.0662962962962963,0.019618055555555555
b2048c71d,0.3597930392156863,0.17439973600756545,678.2670743577083,0.4196166666666667,0.11598333333333333,0.0006416666666666667
11a30eacf,0.4201683594008056,0.24375608047850475,763.1985408397283,0.17825398161295256,0.06717127428808788,0.05455762219042784
e8ee48e12,0.3105804738562091,0.23054275710736308,745.6513468759749,0.4340598447712418,0.24772786458333335,0.00201171875
682b7b7d0,0.4887648893618583,0.17733207956233016,2284.2822722672595,0.4728272723936736,0.009706799750467872,0.001534622582657517
9a1a1d801,0.6618248825571896,0.16158328957874346,915.3748293660059,0.12787133629493466,0.00033203125,0.058258463541666666
ee4acef8d,0.49063911764705886,0.19208235029840334,995.6763054799304,0.1421831045751634,0.042041666666666665,0.003525
6c06b0725,0.6099930169139728,0.2805301238720992,4709.110592357561,0.14973674041688748,0.09848676801801802,0.16096565315315314
5f986901c,0.5205270818203824,0.1768376843557798,107.99124397933814,0.13244477729363352,0.02449074074074074,0.0
cbef1e6db,0.44465290849673206,0.20357643616062376,209.49265634993054,0.3222858823529412,0.041883333333333335,0.006816666666666667
10b9af23d,0.4999036855482934,0.36501850586205337,1489.2413640445793,0.2636031529895909,0.20900462962962962,0.35073302469135803
08fc1372f,0.5050337254901961,0.20107759821269505,2469.5905186587647,0.33643115468409585,0.018055555555555554,0.02723333333333333
e681e0cbf,0.16295228943850268,0.16507808342809535,539.8597306422209,0.11418619095365419,0.56359375,7.102272727272727e-05
0722660e0,0.44627726148329705,0.19314021957129326,45.27615720390456,0.10128673633805374,0.03156105324074074,0.0
a78dcb663,0.4297476347813527,0.28769822544770374,723.8329897749304,0.14430192196583974,0.14723756906077348,0.1239468232044199
6b0da38ae,0.47143888888888885,0.3086645362399557,368.9189266510417,0.35875232026143794,0.23331666666666667,0.11375833333333334
d45e400b8,0.4963698659540445,0.1956180437051709,1742.243010126938,0.08689488822348863,0.08249863163656267,0.008141762452107279
b9cb2f0fd,0.5202146491544357,0.1775195912095895,1181.6180512363933,0.18179395804593065,0.004107919318354957,0.027026710265696238
6b91edb8b,0.5117637073347857,0.16094592856713474,381.41524499391153,0.37651282225853305,0.004201388888888889,0.005092592592592593
a809464ca,0.4679876316267248,0.22990267348973267,672.3556561019751,0.28925145243282496,0.027054398148148147,0.04286458333333333
1542ab941,0.3811550980392157,0.2162370211572048,186.0571772488889,0.47677584967320263,0.04375833333333334,0.058208333333333334
79ac40056,0.5245838567553298,0.18366285063530585,478.16428155432226,0.32931295173594044,0.007613741875580316,0.02372330547818013
98128b920,0.5190556682443092,0.2819733844845182,4996.529241859062,0.17191839187782393,0.134688013136289,0.031787082649151616
5edc72757,0.39885202614379084,0.18040821144225885,182.1452478732639,0.20135718954248366,0.07885,0.0
a8d44452c,0.5129418743191722,0.20688994599645233,1005.5102449949476,0.239424308959695,0.024479166666666666,0.03788194444444445
60786724b,0.5145202450980392,0.1367368171950817,1251.9631477873438,0.1317104656862745,0.00173125,0.00250625
fd015c129,0.6314982679738562,0.22439766690959093,2167.7543901822223,0.1944981045751634,0.003841666666666667,0.107425
6469a2a4a,0.3486037037037037,0.27684462798757,936.3434034128394,0.3341029193899782,0.23023333333333335,0.09187777777777778
c7f9361f9,0.5327052559304972,0.1805323442923091,111.74961043959978,0.26996996454831934,0.0022147042410714285,0.0010532924107142857
85952663a,0.5896817810457516,0.11821751371623364,21.6536661649895,0.3257791394335512,0.0023668981481481484,0.0
5f6931436,0.4794891067538127,0.24580152288533505,446.369799844038,0.20776273148148147,0.0316724537037037,0.059785879629629626
db9af2894,0.5625481045751635,0.2030857522951096,342.0131653863889,0.2454977777777778,0.024533333333333334,0.08428333333333334
5e6a7ea61,0.34104270152505445,0.1497525429914588,261.5842526961728,0.1906949891067538,0.11615555555555555,0.0003
77bff1468,0.5500336567616738,0.28232787809382137,3552.1998334041136,0.32449471059901625,0.10891752577319587,0.16162371134020617
31a2e04d7,0.5525152908900186,0.17864235848106783,10093.191803769327,0.37680940853707734,0.02396090534979424,0.020823045267489713
30507c621,0.3312149994097256,0.22890684228150454,737.9633397817555,0.34621870204020305,0.23047345374931583,0.01539408866995074
e0764fb9a,0.5701097040668119,0.16498316762274198,811.0293789999879,0.19709629175744373,0.005410879629629629,0.034930555555555555
7316c548e,0.47935515258735073,0.18647206458910348,1048.2404183321014,0.15505947876226514,0.02275689223057644,0.02979949874686717
f3abe5d8c,0.3897314133986928,0.1848961969702552,2818.768023299506,0.4368000711086904,0.03189300411522634,0.01377636316872428
08b7e05a5,0.35358491625816996,0.23197196023207223,249.37692672458226,0.14691351783769063,0.06169270833333333,0.05440972222222222
c0d50b9f1,0.4527837341833285,0.314537072657199,460.7682832811527,0.09737048842525516,0.10244937055281883,0.0713327859879584
9cf32e2a6,0.30128622855392156,0.25273558547156133,589.8410915078058,0.3814443933823529,0.314814453125,0.06025716145833333
2b5c446cc,0.37783396877269426,0.2119953254541031,45.12807232426564,0.3601448801742919,0.06696180555555556,0.01976851851851852
13be42d0e,0.5323345424836601,0.3012739512507539,657.5659659722221,0.39627813725490196,0.042341666666666666,0.22819166666666665
5f44a43f4,0.5264779922385621,0.2358661917348437,2462.004366531636,0.18960968137254902,0.08207899305555555,0.07377604166666667
482d05dc8,0.4645649019607843,0.2547727950548317,833.1029617663891,0.48952967320261437,0.1261,0.05844166666666667
c5b943ccc,0.5038152655698295,0.14352658608800348,346.00506261442354,0.5233053221288516,0.043760262725779965,0.0009852216748768472
774bd5a80,0.5176946869893791,0.3456412269961446,1802.3039911882083,0.20602678206699346,0.15978515625,0.24535807291666667
5cdb90323,0.37896741103848947,0.23902177847465966,567.2729491121185,0.19106829460179134,0.20881172839506174,5.401234567901235e-05
b35c61109,0.34479741830065364,0.24569754128118082,1290.7860968197222,0.3748326470588235,0.24960833333333332,0.03495
64e7edd37,0.6052479084967319,0.19565357014436352,598.9745087482638,0.2849825816993464,0.012791666666666666,0.04388333333333334
56ba19506,0.5386406136528685,0.3681870429760315,483.6419280368846,0.19272152626482691,0.20411265432098766,0.3810493827160494
70900313d,0.4610606329780234,0.19121559258185525,248.04434151586642,0.5852596065271747,0.06715604026845638,0.0030369127516778525
2bdf3471b,0.4970467973856209,0.27910536918696544,518.3972417322223,0.2965673202614379,0.13865833333333333,0.078
f53e55959,0.5771533006535948,0.28403676211244244,148.72531657666667,0.2009380718954248,0.13316666666666666,0.042041666666666665
64a3f89ee,0.33638654993770084,0.21382060863460384,91.6184660707794,0.39877037838546786,0.33490802675585285,0.0
ada6358f5,0.30920116761982575,0.2867248033266074,645.4641467007108,0.19190068423202614,0.4060416666666667,0.05549479166666667
ff8e4c708,0.6022743464052288,0.18011323662749382,236.82028679888887,0.11739405228758171,0.006258333333333334,0.024983333333333333
efa71e34a,0.5153954550956185,0.23131711074544556,711.6114791594628,0.18656408859840232,0.045,0.042847222222222224
46a5f0ba6,0.47019169843863473,0.21029827603801923,10495.588385510975,0.377691221859114,0.03646990740740741,0.05732638888888889
3f5405630,0.16875215686274508,0.1185004292948898,73.48109530555556,0.28663790849673204,0.4243,0.0
15e5b6d26,0.5508401518502138,0.1908683984808265,1700.8926404014326,0.29628512457614625,0.007302631578947369,0.03566729323308271
341420028,0.44679678044057125,0.23166193333720558,67.01543061932013,0.11706384652626482,0.0016975308641975309,4.6296296296296294e-05
b641cecaf,0.556463809742647,0.2430636231170048,66.51714549779892,0.12760516237745098,0.023837890625,0.05099609375
bc5ae0001,0.43608056565322756,0.31531317034028633,733.0045501079617,0.3316456222001909,0.24562851123595505,0.09020950374531835
7af35cc82,0.5163707189542484,0.17251314925418249,1433.1134467816737,0.1922718373275236,0.019155555555555554,0.02348148148148148
8d5f95d9a,0.5268659803921568,0.20286636605982578,1155.4690744715972,0.09237349673202615,0.030416666666666668,0.033933333333333336
8fddd8a5b,0.26988969153235065,0.23607528420477394,83.43396869719743,0.3761407390825182,0.3736973067915691,0.012309718969555036
f291e702a,0.7651370098039215,0.2200849583866471,465.45393746371093,0.12958409313725489,0.00574375,0.4422
b5974bdd0,0.3091341922028443,0.2102492496785391,273.4507012895253,0.2401564604066082,0.19425251256281406,0.008438023450586264
ec7383d83,0.465429483251634,0.22906999690843624,3492.562708820088,0.29404314746732024,0.04860677083333333,0.038971354166666666
4a0d03a9f,0.5190100000000001,0.19074019369061254,814.8823084749306,0.2398658496732026,0.0348,0.0007333333333333333
21a7f4896,0.5411674650920975,0.17211395041227914,885.1762848634604,0.24636762849079025,0.00823074494949495,0.004924242424242424
500fdf3b1,0.457844543100259,0.18476521476174626,1778.617869791296,0.19383510913799482,0.029537735849056605,0.0003490566037735849
cff0d8c7b,0.46136039260710027,0.20826197209311037,152.4506582888322,0.19974769012082444,0.029887649663769066,0.05063555847137937
9180e09cb,0.35523417796237267,0.16696612165535893,3088.519736881574,0.12595232729106967,0.05960591133004926,0.0033661740558292284
b940cf8b8,0.708021308154258,0.2705452298320921,225.16863069357024,0.11550741022116102,0.0243849938499385,0.38904520295202955
23cdf5f21,0.5580754395654975,0.23959535222643627,1037.9858154507688,0.19997696308570376,0.04384389671361502,0.10202464788732395
04dc94c39,0.48315732026143793,0.27529433440822676,354.1701797766667,0.2415552614379085,0.052725,0.15559166666666666
5a289a426,0.7860227450980393,0.2964256992023055,342.418159964321,0.03588945533769063,0.047733333333333336,0.7142888888888889
a07a65495,0.501364928002451,0.27977657815004325,1103.481822241211,0.29837958601409315,0.090966796875,0.1234423828125
71a92867d,0.5321968524251807,0.24870962146887496,485.6839187997307,0.3423345127524694,0.063796992481203,0.041635338345864664
1c6aa4b33,0.36118713235294114,0.27073784419338875,552.5504580373437,0.45889536764705885,0.2100625,0.09255625
c2eec623c,0.24403196078431372,0.1617440151985745,83.61961819659723,0.5216394117647059,0.31555,0.0
7c3423bab,0.5412948741224884,0.22728443243958008,3384.2883339629416,0.3304658678286129,0.02449074074074074,0.08645061728395062
c484dec95,0.48027349673202613,0.1857956983877906,135.74075726222225,0.17709624183006537,0.04106666666666667,3.3333333333333335e-05
97d823486,0.5051014887436456,0.29955904204186556,2775.7857286522035,0.24616463931251514,0.1563966049382716,0.030640432098765432
88bffd281,0.4090553594771242,0.19781362794701288,443.8274187065972,0.22517640522875818,0.08058333333333334,0.00015
5d32494f0,0.47153821997549017,0.25526151098103206,3951.176933335877,0.30177772671568626,0.13255533854166668,0.0373828125
c76e9857b,0.56021617811004,0.22605881675150902,106.27409446622522,0.15126801757492295,0.04180602006688963,0.09315217391304348
048df7861,0.28100597426470586,0.26864828031265287,460.767371174452,0.3653655918096405,0.3841373697916667,0.03156575520833333
c014197ab,0.37168644650842797,0.22793114665951958,1761.6892300099937,0.3741005427512135,0.10553118908382066,0.028703703703703703
0d508e63a,0.5060615241466957,0.21436303100260112,173.40531693990994,0.19622980210602758,0.02197337962962963,0.016857638888888887
26aa722e1,0.47541823529411764,0.2089089838939943,126.1264624165972,0.15481826797385623,0.04485,0.0
631c813af,0.6214039773773359,0.28144504563374007,1008.3775524447361,0.316822442004971,0.07097637910798123,0.18028902582159625
180f1ef16,0.4696927381572098,0.3317298909797285,1375.611271398382,0.20014688530279368,0.25021017699115045,0.05886061946902655
51366110e,0.4806651537158073,0.25671406467974994,132.5577767715954,0.3904500423626241,0.16960648148148147,0.015007716049382716
d8876247a,0.6759618253431641,0.25295226289865413,1077.3088074341906,0.09032304109383217,0.0025177887246852766,0.3211822660098522
2b1582f99,0.6548461998642809,0.15610410971369362,392.1926593121321,0.4579127156327012,0.009255464480874318,0.00044968123861566483
59d42b6bb,0.45862777899263796,0.22087599211002834,293.6105663754474,0.27910397988191554,0.039990706319702606,0.04537174721189591
979bab13e,0.5341596405228759,0.19173835953843932,187.48400263305558,0.14923104575163398,0.0445,0.0
115299f16,0.4301116339869281,0.20526204091654027,1154.815158212222,0.33284,0.06843333333333333,0.027625
079332bdc,0.41368155410312274,0.14369074622259004,273.14886412037043,0.2174051077221012,0.02974537037037037,5.401234567901235e-05
240ddd506,0.49669746278140886,0.2861178153004441,616.3192918208537,0.19510679920116195,0.10051504629629629,0.11400462962962964
ce971a506,0.39035895424836603,0.24765145515321765,355.7396797215972,0.5574460784313726,0.223975,0.009641666666666666
dd654a9e7,0.5271024836601308,0.19235183996468996,2699.5340915715974,0.10518156862745098,0.0009333333333333333,0.005666666666666667
23c8c5957,0.4872546732026144,0.22969026347318935,2758.2543581597224,0.10790294117647059,0.03738333333333333,0.10575
b138f5cc9,0.4215597712418301,0.3057023065276512,131.807836,0.19879058823529414,0.018008333333333335,0.16338333333333332
9eb6e75e2,0.3976595751633987,0.18100328754886633,1857.3093642775002,0.08660346405228758,0.041525,0.02275
d8dd968c6,0.6978663846809627,0.23100237777228486,290.85290707905955,0.13497724440946948,0.033879598662207355,0.15312709030100335
44dcffea3,0.3247109770874642,0.2559976562543856,284.24828580640815,0.15214430950282737,0.19634246254681648,0.05114700374531835
1c2dfa92d,0.6659355367565086,0.2295323660536439,112.35803853172783,0.3037543445471834,0.045426421404682275,0.11228260869565218
bf0dd40e3,0.5878561545019345,0.18821672199807207,336.25907879770637,0.41335202308348085,0.01012541806020067,0.0075919732441471575
c9e2b26c4,0.47529381496024364,0.2897350720612327,1834.5451033553795,0.30933201716756115,0.17377967635473224,0.07331922708399873
90f09b568,0.5316909113694641,0.18767947969597334,280.9264441967728,0.23504897140763875,0.008904867256637168,0.002574975417895772
451d64f26,0.4428872875816993,0.25898654636535856,439.8871585066667,0.2177422549019608,0.08608333333333333,0.06578333333333333
aa68a3672,0.36815787581699344,0.23133549122529273,84.56361911937499,0.1119373202614379,0.14585,0.0
a3cc5de2b,0.31323428104575163,0.17961790230771404,107.55925794270831,0.5300986928104575,0.07579166666666666,0.0
b40818da6,0.5235073447439176,0.1757006133503781,733.6609952338341,0.24666066627319824,0.011881270903010034,0.03677257525083612
8f3235380,0.600978367900091,0.17318278059696957,3061.851755468449,0.12460940421662979,0.0046544181977252845,0.043709536307961504
dbba10f87,0.4960616149237473,0.16156941922059856,3717.3036142883216,0.16561449255628177,0.0038657407407407408,0.011927083333333333
170fa3d49,0.6032638562091502,0.1657793568189298,299.15190819270833,0.13513022875816993,0.005291666666666667,0.0755
079785984,0.3850983333333333,0.17715937669774057,192.8892913732639,0.3616566339869281,0.06274166666666667,0.000425
04f8947f3,0.5836575816993465,0.20654215861513306,1910.8022405955553,0.09289715686274509,0.034258333333333335,0.04035
40f1ee340,0.5791403392817802,0.2235620251476657,367.95994072288505,0.3758284130131453,0.06363295880149812,0.04702247191011236
a892f5fd3,0.4466767126603728,0.18262300482908259,1540.9573390674416,0.1913947893972404,0.04356481481481481,0.0002623456790123457
5b4dd9fb3,0.5777983302696079,0.15507062866649965,3467.843145865536,0.19949601715686274,0.0014453125,0.051083984375
b65dc15af,0.3472327614379085,0.18791845233926474,767.1794281210937,0.13185866013071895,0.07941666666666666,0.013708333333333333
ba79cfddf,0.41148418300653594,0.2569373915611802,547.6341428680247,0.29548466230936815,0.1725,0.016544444444444445
ebdf19959,0.37234876543209877,0.19728980549242534,2651.024302541474,0.21884919662309368,0.11815972222222222,0.006267361111111111
a1be4d855,0.5106551833696441,0.21065707337341982,1026.9785706363798,0.3595130718954248,0.00011574074074074075,0.06898148148148148
eb4f09e0e,0.47327111111111114,0.2795217812051922,840.4079907330555,0.3542764705882353,0.12039166666666666,0.11408333333333333
eded59b25,0.6070492483660131,0.18905322399413046,268.00444183999997,0.22490477124183006,0.015708333333333335,0.051833333333333335
5c881b941,0.5911999515855725,0.3191001244879349,8937.58859192095,0.18250574921326554,0.05056327160493827,0.2747685185185185
4f39ec246,0.28887021292892157,0.2004372798251914,496.97974853515626,0.25696966911764707,0.1990673828125,0.0006689453125
f1db33c30,0.3964222267610748,0.26226781691303047,1979.5813013276695,0.24777755083514885,0.18850694444444444,0.06108796296296296
21958b8f8,0.45852073759191175,0.21333663745121015,588.8009910638273,0.40412311389399513,0.057890625,0.028388671875
9d4cf29f6,0.44571830320669936,0.2399343191564329,5180.7906986339885,0.19817888327205882,0.07492513020833333,0.06336588541666667
1bff3e46f,0.4694331045751634,0.28233889381509586,444.54474921659715,0.17629418300653593,0.13165833333333332,0.09353333333333333
a9085cdde,0.4914920582865384,0.3043232512838076,1055.7918870857864,0.19305703228083096,0.09030712050078248,0.1778340179968701
c81372ddd,0.4641307516339869,0.2680067393247123,414.62296679555556,0.20461549019607841,0.09788333333333334,0.07343333333333334
f2b8dbfde,0.5818719934640523,0.18721817149346467,6682.981171315556,0.44970954248366013,0.003275,0.108675
b7cb6e33e,0.5334054708303074,0.2789298472751576,1298.742864365188,0.25122055797627696,0.039066358024691356,0.14315586419753087
8111713a2,0.4545300217864924,0.3026342229854518,1145.688638986543,0.2818000871459695,0.12264444444444444,0.14956666666666665
603e173e1,0.7316681091707516,0.25826527507279945,2598.2799878285305,0.07575554023692811,0.00014973958333333332,0.4517578125
24abd7725,0.6410713053469899,0.20001828285123735,362.5470821630182,0.27958225484937815,0.016185794999522433,0.07499981632098275
96477b249,0.4780727124183006,0.12150362759712467,3365.321161873264,0.20951091503267974,0.0002,0.0038916666666666665
d14a86fd4,0.516332893310581,0.1997352456169239,2920.236280503382,0.08786819708726402,0.051915708812260535,0.025164203612479473
10486a12e,0.32998516339869277,0.21257042330139858,516.2424441663889,0.33433297385620914,0.19555833333333333,0.0
ca75db93c,0.4903917362324468,0.2141299584371509,1383.9064853199986,0.13736313337216075,0.04625412541254125,0.039554455445544555
dc4747d5c,0.3597461800773821,0.27419457312607487,1890.1981484350706,0.3067750672175225,0.2287541806020067,0.0512876254180602
221331819,0.6614549240748931,0.16043667833041633,571.0584118413103,0.24863242665487248,0.002058270676691729,0.07604323308270677
8f6b92b4d,0.5835445957981108,0.17357120465256093,4869.341078161795,0.2669641479365101,0.00019474196689386563,0.08301735494587319
e8fdeb33e,0.3700045993706125,0.21817623493971716,303.6865064755278,0.19240746792544178,0.14344907407407406,0.0012654320987654322
89bdd90b8,0.4963929939792009,0.13499545583042624,5401.553764602992,0.0810736555158462,0.0016146688560481665,0.016037219485495347
ffab93d18,0.23221804647785038,0.2568543240956601,641.1628650832095,0.4063656499636892,0.4972685185185185,0.02330246913580247
5267f524a,0.42417441297506653,0.22947917397302037,5679.068135562176,0.4278618373275236,0.070625,0.06313271604938271
4d767b639,0.37471643790849674,0.1947080033421826,184.44639551972224,0.44333781045751636,0.03796666666666667,0.029458333333333333
6282ddf87,0.4916772222222222,0.2885773473670073,166.36345445305554,0.327128954248366,0.062158333333333336,0.16616666666666666
a27a03914,0.32582750090777046,0.1748668204782297,192.79534631769624,0.5136400916848222,0.06272569444444444,0.025127314814814814
bac8c1a73,0.29393049503752117,0.2848092501949338,3865.0596339758013,0.20064884410554346,0.3659182098765432,0.035424382716049384
2e5d8fd10,0.4510553020838991,0.37522735163505805,266.72786505039585,0.3282756685314938,0.4205390120036934,0.09916897506925208
6f08e9c5f,0.38298307189542485,0.2500626018516144,4776.3602638863895,0.40911133986928105,0.11108333333333334,0.08011666666666667
cbef8d00b,0.37254366376180104,0.26955379924395734,718.8287715856482,0.27119700889615106,0.26318865740740743,0.034027777777777775
0142670c8,0.21079735294117646,0.22129523163165937,357.1077541822222,0.4154557516339869,0.4315333333333333,0.008866666666666667
e50174698,0.5322073848048796,0.20107416527342964,365.94325673490266,0.4895086249532808,0.01927985100365593,0.017279437124922397
d4e6a9aab,0.5204883030812693,0.10424041686897233,1926.4532864082707,0.23382422421626511,0.005190879821276037,0.0013423070785578179
ec14446ba,0.4332699936456064,0.23060769035003847,422.5057318632317,0.39794734931009446,0.1302199074074074,0.015462962962962963
d04fbf327,0.4480202195820857,0.283441905305919,1890.6305609029955,0.20962780514504653,0.1310207991242474,0.08217022441160372
d16c37008,0.6173192774288535,0.18466912385490009,1465.4444299007273,0.2724742349196623,0.013800726996527778,0.07655843098958333
b8088575c,0.37924040032679734,0.20876436071633975,6553.565868441224,0.5289487563543936,0.04100115740740741,0.027662037037037037
dc23feccc,0.4526706209150327,0.24319546394137334,238.07290145666667,0.16450797385620916,0.08120833333333333,0.06594166666666666
b3e897856,0.4562523913339342,0.14619651167761713,2315.4250119223793,0.14970393152292077,0.011586253649592863,0.011339737614495143
d9b9b0174,0.4922033551198257,0.2454450839232983,5074.512666701728,0.11163333333333333,0.07805555555555556,0.004711111111111111
a98716d75,0.5111058857570806,0.29197200052710925,460.25891226731284,0.31045406113834423,0.02084201388888889,0.21292100694444444
a24a102b1,0.4027820625060797,0.25257972656365824,470.1311608930397,0.25927569741302176,0.19778662159952026,0.009485907430627487
ad5692ee7,0.617862928692076,0.3358779662432469,474.06079474778716,0.19810692516707057,0.12583333333333332,0.3432677902621723
c318c6ccf,0.4894490438150569,0.185093930190559,5519.651545284398,0.17503815662067296,0.006666666666666667,0.038140432098765435
95914d469,0.4119808496732026,0.18894567461496722,2038.477253081597,0.21502156862745098,0.03355,0.0006
f1dc8864e,0.4207952941176471,0.19119975774348874,1181.2070873865432,0.37403106753812637,0.08768888888888889,0.0172
6b42c0d29,0.5648491739288307,0.23893351709379368,995.561220996998,0.252501656681191,0.0390625,0.09308449074074074
f8d98877d,0.4769348447712418,0.20933194304886477,275.85671982811823,0.15778190104166667,0.045914713541666666,0.008570963541666667
2b95747f3,0.38470320261437907,0.26940614876127833,2359.073416444375,0.22072434640522876,0.20856666666666668,0.04425
c4be004d4,0.5740831744734931,0.2709797137662357,1059.5660609032066,0.2342523375090777,0.06050347222222222,0.10091435185185185
a0c584c54,0.5195131699346405,0.23656943220316373,805.6224792410417,0.13367346405228758,0.04058333333333333,0.011891666666666667
b517c8c90,0.5333046468935739,0.2074566914418255,3142.3198085794643,0.1660526107616095,0.027752652510373146,0.0818150493173106
edac63019,0.4822097385620915,0.1597080501479707,183.52783821222224,0.10990303921568628,0.034091666666666666,0.0
c0a4d02cc,0.4558612745098039,0.25368364456607906,235.73133220659724,0.26521218954248366,0.03795,0.11170833333333334
d2fa0b0df,0.43095447530864195,0.23263486194948818,581.9082682409216,0.2956335330428468,0.06914351851851852,0.02849537037037037
1fd1d2349,0.5520275238473769,0.25342980036860063,1887.0395283013297,0.3735834823794383,0.02808277027027027,0.14918355855855855
c63dc4adb,0.3692212091503268,0.3261842069726538,1172.4738503530557,0.23346375816993464,0.27565833333333334,0.16569166666666665
9edb2d79a,0.27465098039215685,0.20530436530784232,502.9909215465972,0.38755156862745094,0.2484,0.0004166666666666667
767a3b706,0.2894247685185185,0.2575267612152801,120.14378070743179,0.28743030591866375,0.3349884259259259,0.004618055555555556
bef897b2b,0.4881369281045752,0.2438688388719432,1509.9403532999306,0.37304764705882354,0.051133333333333336,0.058333333333333334
e4b1b7afe,0.6109335038363172,0.2584122683493966,776.1430164913564,0.1796892911010558,0.004732441471571906,0.22219063545150503
69f986aaf,0.5680796815370444,0.2976525196949548,167.56739680144537,0.11319088037899724,0.002230145413870246,0.25967561521252797
911464bd8,0.7437401592215833,0.2522046388839941,137.96606287947313,0.04688710747456878,0.009614661654135338,0.29913533834586464
918471707,0.5558028431372549,0.15832046090692767,537.6771262222222,0.26706395424836604,0.002625,0.006866666666666667
b567ca662,0.44228482812878234,0.2597437202744098,359.8610251099656,0.44306602517550225,0.1812114197530864,0.010601851851851852
a2c98c186,0.6583661029411765,0.2764583066521316,106.8336650775,0.1490238725490196,0.00634375,0.31004375
ac45f71e3,0.46098944444444445,0.13872430524937548,44.66824159993056,0.2974447385620915,0.0,0.0
ebae250e9,0.4548931699346405,0.18352398545026577,2049.2654263330555,0.19287084967320262,0.013833333333333333,0.008291666666666666
84ce5f32b,0.45505254901960784,0.20525031933266066,579.3360169160417,0.2667743790849673,0.037358333333333334,0.034525
e808d9fee,0.31514299655047207,0.22937442816780015,366.0500738147291,0.3714208877995642,0.21898726851851852,0.00896412037037037
d01112d4a,0.46984647085921316,0.19300193639281168,2366.544053234941,0.24615288110010095,0.07337469493369403,0.006204240054103326
99a0196aa,0.6294463725490196,0.30192609440291013,411.40747842159726,0.15825931372549018,0.04841666666666666,0.31979166666666664
ecba83b43,0.5879253921568628,0.18228255567817112,1562.7966963455556,0.2762322875816994,0.004058333333333333,0.028041666666666666
485cff597,0.6049702565236621,0.2718945737628989,78.52108114285362,0.22927089783281734,0.01244360902255639,0.26848684210526313
295dac1ce,0.258910360498366,0.20591734444691004,309.2210904627376,0.2887741779003268,0.31399739583333336,0.0056770833333333335
b09ecfb53,0.5132093095779402,0.2820809601836184,2364.6565991666944,0.2666887623008576,0.07790152071909096,0.14837846495939097
331a14422,0.46119462599854755,0.20186011985690544,466.7561015302902,0.13269595739530382,0.09938271604938272,0.03808641975308642
2fe1eb7b8,0.3713176969862019,0.2627790530662872,545.9049753515089,0.33874527959331885,0.21839699074074073,0.04075231481481482
23a1e62d8,0.39217522240377634,0.27322226536414573,651.3641306166074,0.20087847222222222,0.2184664351851852,0.054739583333333335
32ac38a9f,0.5914163120719026,0.18303178004938797,330.1523096366778,0.17368034665319187,0.0021044978859362145,0.034504199429872394
35bbb3a85,0.4577180482848877,0.17182738450324359,164.24391463916137,0.1775125706020113,0.004932669789227166,0.0
784e466b1,0.42088968318809006,0.1872905750006863,882.5018007196288,0.23356349854756717,0.042505787037037036,0.024027777777777776
f68bec222,0.30460143790849675,0.2553609010634621,1252.4564905895063,0.3366123311546841,0.33024444444444445,0.008611111111111111
c5baf5497,0.46814200980392157,0.30341336261683266,924.678705026211,0.2576518137254902,0.1526875,0.14393125
16ffedcf8,0.37139045751633987,0.18984251967281465,442.79954871555555,0.23056277777777778,0.019325,0.03600833333333334
18286db6a,0.4766752614379085,0.15204991487857883,120.48580809159722,0.2679949346405229,0.002958333333333333,0.0
e66a993a5,0.4127828431372549,0.20825682590054412,699.5704594527734,0.5355599019607844,0.0677625,0.0007875
c8e2a9092,0.5928924291938998,0.24144551774335832,502.25329011488344,0.12506706154684097,0.032100694444444446,0.09116898148148148
4a5a05ef7,0.4037763253449528,0.19597371136127523,213.6552198847683,0.21028960148874365,0.029467592592592594,0.014438657407407407
11fa9d216,0.5554117349067287,0.2677114153414206,1120.038493925361,0.13569750879075035,0.05304711246200608,0.13984802431610943
5abbde253,0.2614488454661643,0.16665496958519996,1316.0568628355766,0.10838207859321013,0.2590216141858405,7.537641095219251e-05
85f63b533,0.5476913126361657,0.2637480115600015,1060.0183231512292,0.07821600399419026,0.0882175925925926,0.10623842592592593
cbd6b3064,0.44367725335910807,0.15501081621726337,566.3637708624548,0.3855927050292461,0.034656329553344134,0.0071742652163850965
c278935de,0.41182428104575164,0.27567942128020667,129.5259448415972,0.2209464705882353,0.22349166666666667,0.017208333333333332
8599dc67a,0.5005674927378359,0.25614971503751316,437.7097239301684,0.33080732570806104,0.016863425925925928,0.05617476851851852
6c64dd197,0.4554297956945016,0.3101822440178624,1723.4962653381583,0.2457924722336487,0.20072552447552447,0.16102272727272726
f1b4a123f,0.3483469008854613,0.2576711770145539,368.43381532195355,0.445012853470437,0.31135925449871465,0.002892030848329049
99cbd42dc,0.35109438543936095,0.2594494437071314,4142.922092422163,0.23943007897603485,0.15417824074074074,0.06723379629629629
4a8f49ac8,0.5145620309852337,0.24936289888858176,2580.913725384314,0.21254992737835876,0.06762345679012345,0.08592592592592592
db4165316,0.7044902697921274,0.18102320586932005,657.60040790569,0.07037641898864809,0.005601503759398496,0.12229323308270677
0e12b9baa,0.5024821169208424,0.26573649963726764,311.83541648327656,0.17131259077705155,0.09850694444444444,0.08481481481481482
15d4c0bad,0.503897818627451,0.15383299503846437,474.74570573999995,0.23422117647058824,0.0355125,0.00205
fa253c6e7,0.4192895424836601,0.20577085852397575,260.4576574777083,0.19747918300653594,0.12084166666666667,0.0010833333333333333
ea087d248,0.5212269934640522,0.13318221024412966,153.19561428993057,0.30360460784313725,0.00075,8.333333333333334e-06
86f41cec9,0.5934543756027001,0.18119538508550806,114.5230748494137,0.21834960623593702,0.0179596018735363,0.000428132318501171
0c5fe8151,0.4443869607843137,0.22464004800153425,94.62655731555556,0.25241290849673204,0.022966666666666666,0.07766666666666666
e4a48ef49,0.5588532897603485,0.2134677868373171,667.4304303995062,0.14013176470588237,0.0065,0.04632222222222222
cad1405fc,0.6681081280930327,0.2791635517897815,276.38127245405144,0.24720826299614768,0.041032008830022074,0.3546219646799117
fea9183f6,0.3940397316821465,0.16788928980514248,3605.9429343828615,0.3313343284682294,0.043458646616541356,0.01025375939849624
dfa39b9f1,0.382257908496732,0.207406200465351,2344.899754,0.2038379411764706,0.10425,0.0025583333333333335
605eca728,0.5680144282322304,0.2879569153130941,309.4206097563744,0.24617661420036763,0.128876953125,0.12990966796875
b70ec3788,0.36437152777777776,0.4448186596008672,304.38268858235676,0.059238396139705884,0.5778352864583334,0.280205078125
47ec9e919,0.5864701414419935,0.2046543128652172,1215.2008306705793,0.29570053359885623,0.011604817708333333,0.05115559895833333
7dcbe3383,0.5532646831880901,0.1152935707622685,594.9653695343311,0.3565185412127814,0.003258101851851852,0.02486111111111111
d5f441f79,0.48399161825223913,0.23406881233773683,3033.0338838760763,0.08888032558702492,0.11618055555555555,0.0006327160493827161
fe2757847,0.5220515311062697,0.3212833147713611,5103.009011459523,0.168249515855725,0.13469907407407408,0.2616049382716049
de4de2e7c,0.4088549964256536,0.2670445910655931,6220.084169372718,0.36631243617238557,0.06827799479166667,0.12317057291666667
09e64ce2b,0.6514058529778952,0.23186948050176814,558.4364831452784,0.16227061761034,0.011245318352059925,0.21044943820224718
1adc56d3c,0.5029078888918764,0.23305843860182196,1406.6836549068898,0.29093238082828504,0.028304208712773813,0.07370814434560435
b533529a6,0.5290119584306484,0.18475020577872087,1901.7362378979383,0.4526617918635598,0.011282317636195752,0.035716759002770083
ac9feb346,0.5353570862855445,0.18021365641113934,964.6541570853518,0.20785989092317816,0.011055641281655624,0.06310247798856312
062b387cf,0.3700752554542944,0.18765351174248932,241.00860806392737,0.44054948563932617,0.04730046948356807,0.0
bf6dedb55,0.5694562675070028,0.2649885751037618,1738.9088335872925,0.21918501400560225,0.029357142857142856,0.22019642857142857
1c107ce2b,0.5769400718033693,0.1515355986808739,92.67200333371765,0.16933514280125195,0.006312353286384976,0.0
f7550219b,0.4642675816993464,0.28764780263423856,1840.028051466389,0.20420091503267973,0.139975,0.085525
c03b8b2db,0.5136427923021061,0.22172006716334006,1244.5655427525696,0.1826719317356572,0.036743827160493826,0.04792438271604938
12b47b4e8,0.32904604524101305,0.21519706515323156,768.9367936036746,0.22595575469771242,0.08166666666666667,0.024612630208333333
40b1839ea,0.4719880392156863,0.23470084912881986,363.51733261659723,0.13951767973856208,0.10448333333333333,0.00625
553d1ee3b,0.3623712100580973,0.2039886787583572,1303.6021141851731,0.1886282906681191,0.06428819444444445,0.012945601851851852
8b9739cef,0.536888534983886,0.16874343970066977,2764.84245477388,0.2584644852564682,0.012768817204301076,0.007546082949308756
e464e666d,0.45040454884414616,0.21608044187119813,735.2247879259361,0.3182185704259332,0.05600531319910514,0.014730145413870245
8ca49ce85,0.44224124183006536,0.30702281724550035,497.40849617666663,0.20783532679738562,0.18246666666666667,0.141175
321c14446,0.7572538126361656,0.22138907834612226,183.44677488305365,0.12904924655047204,0.035416666666666666,0.35681712962962964
f1d86e6ea,0.41407545751633984,0.18232163843739285,524.1222374027084,0.09962346405228759,0.016816666666666667,0.022716666666666666
cfb8b6b93,0.43092570465686275,0.25536832528426306,1532.8056214809417,0.25570055912990197,0.12638671875,0.075126953125
56147c737,0.4630912082425563,0.24216117681726232,2705.36001442419,0.2839880401234568,0.12925925925925927,0.03871527777777778
36a5b3b3e,0.3509265256664464,0.23812724041877936,269.426507358779,0.34779830359109937,0.2482116104868914,0.0
f0bfe80e3,0.3779786184210526,0.15570083298940304,453.46254036902434,0.5004468201754386,0.0359375,4.111842105263158e-05
00a1a8af4,0.4137622549019608,0.20420908007636912,377.57264637326386,0.19422225490196077,0.08084166666666667,0.00455
662f8c2a9,0.4691520213023481,0.10941804139697228,167.0221913150982,0.12465758896151054,0.0,0.0011265432098765433
c2deaf1e4,0.4499268942144759,0.28473348402421333,806.8268766646066,0.16448299443234082,0.17175154320987654,0.08318672839506173
03f130f5f,0.38572532679738564,0.2490584413649675,2791.4402333108337,0.2794887254901961,0.18644166666666667,0.04901666666666667
5e5f1623c,0.5143432138480392,0.22851966579811991,5496.873692468256,0.14589243451286765,0.0100634765625,0.0877197265625
00f3a3993,0.47337466715081095,0.22274996745087908,379.3622581217969,0.07933735778261923,0.042152777777777775,0.029112654320987655
d1de97c49,0.5670918966351972,0.2660976876708322,1405.4167591439946,0.11789893488259502,0.06625771604938271,0.019174382716049383
38fb7c50c,0.5026403140203449,0.2159149466085323,61.687795295098645,0.12775464396284827,0.07907894736842105,0.0017293233082706766
3b15c42d3,0.6583184655243479,0.2290496161415968,109.24129232560263,0.16890999823352765,0.045255255255255256,0.08298048048048048
09d7272ad,0.47185190551316314,0.18102162025821644,3152.843015138279,0.07747265956190906,0.012151067323481117,0.0006431308155446086
623111d43,0.353303312978817,0.21775251408550475,112.52003013666233,0.3334689278249989,0.07703442879499217,0.0009346200660754651
e809de3b9,0.5365341460268318,0.2982844368900708,133.53104622176897,0.28959004127966975,0.05830921052631579,0.21514473684210525
6f665c704,0.6504230006609385,0.12758804318653277,296.11675531989505,0.12757773371520892,0.0023220973782771535,0.00699438202247191
7d6d03de2,0.3237458121234228,0.21804212635553868,236.1492391660195,0.37296624663376615,0.27555548160227183,0.0
ffe5a0271,0.45521928709755505,0.2580741340714172,3090.4611215820164,0.211215232389252,0.056921296296296296,0.019814814814814816
51c4018b8,0.5608383374183006,0.22742808556213584,2212.986501280202,0.12517745353349674,0.03364583333333333,0.020634765625
3433731c5,0.6367355882352941,0.22360002772726023,670.8466265110417,0.13765166666666664,0.011866666666666666,0.13904166666666667
74f15e0fd,0.4140977668845316,0.23283713571732062,1407.2625393630708,0.36075015885984024,0.06243055555555556,0.02771412037037037
bd763ab11,0.5112231413398693,0.2675923583104556,308.47607290574064,0.31028211805555556,0.12354600694444444,0.009609375
df880995b,0.47664003873154204,0.21367974033489748,1656.8013364739918,0.14993025296538368,0.07849537037037037,0.04225308641975309
5546a54ef,0.3164720604965536,0.21970598959771467,485.7448186477857,0.37799471324365924,0.17649317406143344,0.03169795221843003
8019d0c63,0.5201035794526143,0.25089899345178707,1516.8574145858659,0.18682368259803922,0.09454752604166666,0.012415364583333333
f64fd2354,0.4306324134592108,0.2237630844769169,2917.4949869183793,0.06948229847494553,0.03386574074074074,0.052307098765432096
3b3349318,0.40583718954248366,0.18722700681386112,460.5658194382639,0.24422856209150326,0.055983333333333336,0.0015
2befe2607,0.4780573152337858,0.26359965287587356,1882.367872819096,0.31738792707718544,0.07010033444816054,0.061471571906354515
edbffc8cf,0.42026936917088936,0.29662734942997887,2185.164891302918,0.44367158698685466,0.20696629213483145,0.09805243445692884
6fc2970d6,0.4041557287093942,0.2869014648772851,2189.0687589140643,0.22994168861574482,0.15946828358208956,0.07781716417910448
a32e58f2f,0.28182640623817096,0.2417687991743738,1698.892277063457,0.23312767809826632,0.33325289575289574,0.013658301158301158
3695274de,0.5707995415758896,0.1503987692085045,367.47476373336224,0.08014036401597677,0.009074074074074075,0.0007060185185185185
04aa54436,0.44675110689437064,0.2223983115499687,1639.5668454522267,0.3115218611638204,0.09163306451612903,0.00018145161290322582
546957a8b,0.33183598039215684,0.22121227464811907,925.5522287215972,0.22800735294117647,0.20158333333333334,0.018658333333333332
01c62e03b,0.6292582763739298,0.28648062107484107,392.72991575332276,0.12047362607014638,0.000579518779342723,0.3410431338028169
7759517e2,0.4991790236928104,0.2579050994193451,506.9061457142725,0.21346679687499998,0.07662760416666667,0.05861653645833333
46c5fd256,0.5321675857843138,0.22034821360929857,2580.1412597462863,0.7480585426879085,0.018362630208333335,0.06259765625
f19658d12,0.573467047297176,0.23611462320844825,1367.8670927895034,0.43846222484963504,0.027600877221867322,0.06434277510323162
8913e5b27,0.4483008721883402,0.27431875869497363,660.9652271225449,0.3385928312239054,0.09862040133779264,0.07047101449275363
e4efae0f1,0.47304324959150323,0.19204708653665958,2216.3093845538665,0.2526906658496732,0.001953125,0.0292578125
6460390c0,0.36900388211472895,0.2167890566418984,3829.3301342862865,0.348268513555764,0.1269504555808656,0.025493545937737283
affeb8b58,0.3938528976034858,0.20236581666933204,173.3940394069136,0.33443986928104574,0.13296666666666668,0.0024666666666666665
b3a42fc4a,0.5323906274908337,0.3016118499646976,460.30663829542493,0.22355902777777775,0.20785696138211382,0.0846290650406504
5366eff00,0.34328770739064857,0.25193720477083437,306.1836419185466,0.31349302413273,0.21751923076923077,0.04723076923076923
570fb2f6c,0.6590618872549019,0.3169615946325848,1602.8994368375033,0.24021591605392156,0.017779947916666667,0.44423502604166665
705ce0ebd,0.30642042237542344,0.27264271588357447,849.9413927444375,0.4686142327928797,0.2793038702366477,0.06579154156017106
e809f1cb5,0.41489601307189544,0.16971363768521494,222.4023653382639,0.2978532679738562,0.021175,0.0009
538b47698,0.4887978265380226,0.17594129127611355,155.32426557167878,0.31884318912750287,0.029702380952380952,0.0035383597883597885
3a7b85800,0.4264998032657879,0.28464884559159015,266.752212155345,0.3837090956784051,0.16453177257525084,0.05954849498327759
abb847f55,0.6334521956414878,0.20842156165953515,1145.7504363293733,0.07052342199646805,0.014896703806870937,0.05078342618384401
4c237475f,0.4693023492922073,0.2157903608804517,470.3958253229398,0.2957928995352931,0.04261083743842364,0.0002599890530925014
c6189ea84,0.49788618827160497,0.18365230948142988,47.50361425376023,0.14387586238198982,0.042193287037037036,0.00012152777777777777
3afb76273,0.5224502733785822,0.2782386237113123,1369.518085651742,0.4571720504441093,0.02905315170940171,0.14551282051282052
7a785a607,0.4300116339869281,0.24674443949482555,1351.260415328889,0.19181222222222225,0.08678333333333334,0.06238333333333333
385b5b8fc,0.5320133817894974,0.2306700726837971,5499.982727010668,0.36176763578994814,0.04762212643678161,0.03766522988505747
4cdb41608,0.6882047440699126,0.17958120780811407,538.8832485530727,0.12601700080781375,0.0005898876404494382,0.10159176029962547
000fb9572,0.3960209247878256,0.26390571049865014,462.08770882156387,0.30783271144278607,0.24798507462686567,0.018171641791044777
2628915bb,0.6010086985774702,0.2772622935657626,4659.923269152452,0.24565751153402537,0.019816176470588236,0.11119485294117647
608a58c8e,0.3698450889615105,0.2135656904442107,1534.2006179322796,0.3542372458242556,0.11182291666666666,0.022002314814814815
11b3fd45f,0.41640505004084966,0.23864112069109442,2105.4845996917616,0.36392783649918303,0.020338541666666668,0.06466145833333334
ac34b6e29,0.4778014025054466,0.2893939337429903,1099.1744275107974,0.1561264070442992,0.0738136574074074,0.1264699074074074
1f7bf1b32,0.4591267329197304,0.21353205421609806,1179.512419984603,0.3951171683517157,0.0272216796875,0.041494140625
f5dc6f316,0.5223884803921568,0.2229844944340529,336.2991032016247,0.3373724582425563,0.045399305555555554,0.010289351851851852
737413132,0.5049215032679739,0.32722614174777204,10409.707293574931,0.3030655882352941,0.14495833333333333,0.2367
b05d0484f,0.5060703594771242,0.2176633854771321,87.94056164,0.27703660130718955,0.02655,0.010366666666666666
57ac7373a,0.506609477124183,0.23519112781675258,3439.5791626156815,0.399571471798596,0.06236111111111111,0.07282407407407407
75332917e,0.5412948741224884,0.22728443243958008,3384.2883339629416,0.3304658678286129,0.02449074074074074,0.08645061728395062
057e5347f,0.5436153134625498,0.2651520521566896,1992.1048606463119,0.4014395283975659,0.08197437739463602,0.087709530651341
358517d09,0.47499015967773245,0.2518287381841548,408.68004323928875,0.14387059551543388,0.057568069306930696,0.038883044554455445
d0ef38cff,0.4770187908496732,0.30784843403186213,344.16439148604167,0.3398008823529412,0.1154,0.175925
634f65242,0.5378495098039215,0.23540243753512524,184.31329949972223,0.11715519607843138,0.030866666666666667,0.04514166666666666
196d58932,0.440416394335512,0.21002809053894111,619.5122469419202,0.2945673868312757,0.06332561728395061,0.03781635802469136
01a7b719c,0.6555812418300654,0.20807671161987323,248.27456995305556,0.13364382352941176,0.013808333333333334,0.09140833333333333
8e01a6de2,0.46156228758169937,0.2003547537092468,193.99801682993055,0.22467186274509804,0.12945833333333334,4.1666666666666665e-05
d60dbdd7a,0.6539363926912484,0.20686132275617483,329.90629197091187,0.2535857277921651,0.024233490566037737,0.08738862683438155
3effb8d44,0.48095878721859114,0.20425192684372856,815.7848763679317,0.19313997821350762,0.0010339506172839506,0.028541666666666667
71ef1c6c4,0.5137753721859114,0.2577655129243025,835.7822847870251,0.33762881263616557,0.0696412037037037,0.07168402777777778
d3ef2ebef,0.5425150980392157,0.20885574136206425,145.27214955305553,0.14007735294117646,0.00165,0.0066166666666666665
9f2e4a2e1,0.43338761437908496,0.3318291577038889,456.92677841972215,0.3775325816993464,0.3355666666666667,0.000475
dbd4f79ef,0.38297439442799464,0.28840006238006827,425.3936911793773,0.18071369334867637,0.1629320343307817,0.05378489136317946
e7b5ed1a2,0.4220861247276689,0.19649823226826932,1887.8645384111567,0.3882166394335512,0.05164930555555555,0.026099537037037036
84d7ac922,0.4675315223311547,0.3254711647434299,559.3974521672567,0.2719986213235294,0.17960503472222222,0.1818532986111111
f4316f2bc,0.4817898965141612,0.2097162876890751,2660.84045226967,0.6167672476397966,0.043015046296296294,0.010520833333333333
db2d1ccaf,0.8709521292892156,0.18830661658718176,289.6882552079519,0.08927688419117646,0.005416666666666667,0.8409993489583333
7cc9b21fd,0.3489602295072757,0.1163643852845222,663.5187990183647,0.11772039510646666,0.07936962750716332,0.0002731017191977077
7d4f585b5,0.44500631893382353,0.2591889325248197,1507.7669003957005,0.28932702716503267,0.13888671875,0.0508203125
c82f54ef6,0.5352292810457516,0.20392553138365158,103.9198482165972,0.13248529411764706,0.096275,0.0
5d792dd24,0.44570212418300653,0.1748104990129041,58.85279839159722,0.294266339869281,0.04465,0.0
93b1ca32c,0.45690877808076874,0.2194122814942722,143.7036009505477,0.6584759771458252,0.05630794701986755,0.0018956953642384107
cc9f9c4c1,0.5802431683784626,0.25298996123613066,420.73601837641723,0.19870491752256458,0.034039682539682536,0.07487301587301587
66038a4b3,0.407267361794216,0.139053856277556,108.25187155170245,0.5663460226900124,0.0038210702341137126,0.0039632107023411375
cb5e73024,0.5715354901960784,0.19358885341507695,345.3542968315972,0.1279994117647059,0.014575,0.02495
05d2022eb,0.5883562745098039,0.2920153255861772,453.72044366638886,0.07730607843137255,0.07426666666666666,0.21095
e5a2e7156,0.5396105664488018,0.3017956009275003,794.1224195982295,0.23370926379811183,0.04061921296296296,0.2740798611111111
ec2bb7160,0.2938600388071896,0.1979393239592976,315.5682789101495,0.14692126225490196,0.19688802083333334,0.0005729166666666667
ffdad97e5,0.5224276053013798,0.22480353743064332,4344.486472992621,0.15608174473493103,0.023547453703703702,0.032303240740740743
9f1ba804c,0.500518139948287,0.2932319329469302,2571.9611482686464,0.32129623644329525,0.0896978021978022,0.14594207875457876
2ba66d1e1,0.4166475490196079,0.2290234417062384,346.7961533082639,0.3892333660130719,0.08360833333333334,0.06990833333333334
cf74322de,0.36693654258578434,0.20594016791415415,372.5051170314789,0.38806613817401964,0.086083984375,0.0
7d0aedfb3,0.28379726389122983,0.28671232403759733,494.40830549844827,0.4942743272093938,0.43829990448901623,0.11068529130850048
d336e6953,0.4651654248366013,0.3617156433011101,47.287633401041674,0.4155231045751634,0.23174166666666668,0.28121666666666667
cace2b412,0.6046802941176471,0.31539657699567314,353.077859794375,0.11600084967320261,0.08860833333333333,0.21139166666666667
d1632981e,0.4412831045751634,0.16324714957187228,9325.978212083264,0.40486545751633984,0.013308333333333333,0.014525
ca1df3f71,0.6331135534307952,0.22841834006359124,1135.1303450397543,0.26473581953393843,0.013883981154299176,0.15915047114252062
5fb30c1f8,0.5116611764705883,0.21835923885065908,2563.382540212222,0.2290795751633987,0.021625,0.05338333333333333
ddd7cc601,0.32236209150326794,0.257351526008351,2449.003230265556,0.40868356209150325,0.28901666666666664,0.04281666666666667
1b9cedf4a,0.5451902687000727,0.20978907441848185,503.999852965555,0.16966857298474944,0.037760416666666664,0.03986111111111111
9b9976e20,0.4468753466946434,0.2196766553498336,595.4766154770851,0.18944622313870196,0.0627460024600246,0.030873308733087333
b37d04bd6,0.612994977003147,0.272393907107196,2260.531908422818,0.08465183974824497,0.07698302469135802,0.2073533950617284
e6e4a6f37,0.5314386073117675,0.23271443869410374,2869.829803947797,0.319919380372958,0.0368979570057428,0.08718242878200724
9c17624f8,0.5798862990196079,0.33665885094591286,580.8766704090235,0.3234462254901961,0.194275,0.21950625
1ae4a77ba,0.5740433845092289,0.22502747183662047,1199.3135569976503,0.3281020930366282,0.032404692082111435,0.106341642228739
fc46e61c5,0.5330318954248366,0.2474074703007438,1058.2459032332642,0.16489718954248367,0.029316666666666668,0.11775
5e3dc5d76,0.4137224264705882,0.19983228134788525,1329.2259311337232,0.5442068582062455,0.05288194444444445,0.03214120370370371
18427ab22,0.5402250042874293,0.23306764188371273,440.139327608182,0.2607202881152461,0.04173469387755102,0.09477405247813411
9a65d163b,0.4667420402244499,0.23747067692542398,519.1602928768701,0.05611673286678015,0.10114951768488746,0.0033762057877813503
1ac7dad15,0.5071598039215687,0.1800299953764095,144.05494346638886,0.14646637254901962,0.0009,3.3333333333333335e-05
38c5d4e0e,0.40163800381263615,0.23704345049640121,426.6742848178356,0.21567104665940448,0.12667824074074074,0.022112268518518517
c9d8b22d0,0.7354053159041394,0.18843947454840443,696.6416423530316,0.10214745098039216,0.005896296296296296,0.22093333333333334
60923a60d,0.6373504575163399,0.3481159272454826,390.29577565104165,0.233627908496732,0.10358333333333333,0.39510833333333334
ce0e8f18f,0.47278705831290846,0.21232484598885035,1007.2332386644044,0.10314125051062091,0.09576497395833333,0.007666015625
b488dc067,0.7155578652513637,0.14006609335975942,215.46981566934255,0.18841714580569072,0.0008834586466165414,0.05766917293233083
104910cb4,0.46468529865649966,0.2952043078306109,558.2530862991898,0.2563519199346405,0.16730902777777779,0.1776215277777778
0eb219818,0.6144420617745426,0.27289804292854886,158.8701839185244,0.12325244278313333,0.048093645484949835,0.25444816053511704
b5b9c3c05,0.4382156862745098,0.2220541282582126,1114.9162307484235,0.44269471677559913,0.03140046296296296,0.02172453703703704
caa5d1e6b,0.5847963125548727,0.13061033552856843,164.72255909506225,0.40550212174422007,0.005186567164179105,0.0009888059701492538
d77a66a2f,0.48142145847102885,0.22795110490534937,1696.6960806960928,0.09703256958213997,0.00020599250936329587,0.004204119850187266
f5d60ca48,0.4838694020818204,0.3073630241199175,255.57403099130988,0.08162297264584846,0.06925154320987655,0.09568672839506173
dffa25e61,0.7024766518586602,0.1622739482503664,673.1163800801171,0.09819095945669934,0.005830078125,0.04033203125
a845ba4d6,0.5578356921716054,0.2139056660856183,59.57781932804286,0.21120750405425326,0.0012406015037593986,0.0008740601503759399
8988d22a5,0.5084273992800246,0.24048571817021744,626.9972612368524,0.26251455269607843,0.05677490234375,0.07324951171875
f6003c18b,0.5380196305374002,0.19438167362757042,674.8633154866201,0.24735870551924474,0.0005092592592592592,0.041666666666666664
f262fd637,0.5245450980392157,0.19817089270208335,1804.4056965165973,0.2416150980392157,0.019933333333333334,0.038875
bb5917ca8,0.4651172536916001,0.23167401294494236,570.7538524686,0.3017476397966594,0.07050154320987655,0.036828703703703704
bc6abd32e,0.48309962406015033,0.1952131829257285,279.96894673517085,0.3014770750405425,0.049577067669172935,0.0029793233082706766
7c5a912a5,0.40190449608075735,0.26328499625521723,342.6151914392249,0.24988547554253016,0.07491844602609728,0.06743772241992882
d061bc124,0.4704352915645425,0.2627266403246997,17541.799862301978,0.2798879442401961,0.08374674479166666,0.06888020833333333
420f5cd9c,0.5189652436225327,0.23753979732395303,278.4092797277855,0.28875985310512164,0.006354515050167224,0.11191471571906354
0d150e90c,0.4914495751633987,0.12430171510845892,227.93273977604167,0.15103411764705882,0.01225,0.0
b310f969f,0.4592041830065359,0.1966496409808418,975.5016447049306,0.34874745098039217,0.04521666666666667,0.013325
cbfaa79cb,0.44655222222222224,0.24073714314092523,499.71510663888887,0.2580337581699346,0.09379166666666666,0.03564166666666667
a8ce7d647,0.4699467538126362,0.24690108662673524,362.7919174665432,0.2837924618736384,0.0118,0.09203333333333333
e4424b719,0.5197642822561124,0.15991171637919058,211.27807581709152,0.19534492253691602,0.0011188271604938272,0.011427469135802469
5c82c5903,0.41104676470588236,0.2342639734489642,1479.6539294775,0.40456418300653596,0.04755,0.09779166666666667
ec59f8c50,0.4316950653594771,0.2439770257652184,6627.322087221598,0.19625947712418298,0.11400833333333334,0.025283333333333335
20b7e24b2,0.5493182189542484,0.23601781903808022,591.7733510078325,0.2814374489379085,0.08611328125,0.033258463541666665
a22ddc666,0.5390008496732026,0.22349763787886,2279.3702128400005,0.17952271241830065,0.021691666666666668,0.08290833333333333
ae52ea5c4,0.5543946020806442,0.3122237562539671,836.7172560736677,0.18009621442620935,0.08497746865203762,0.244969631661442
993113176,0.557056281771968,0.12710931633118058,2232.3557156849542,0.09371747155652384,0.0027391975308641977,0.0
df03e957d,0.5410814379084967,0.24581119920151245,1518.003939510988,0.24680867102396514,0.08925555555555556,0.04022222222222222
1e2cca514,0.6169567647058823,0.286959220510604,5546.131225469375,0.1821091176470588,0.085575,0.2058
2a9223451,0.44888637254901964,0.1644891888755697,575.5749929930555,0.44800369281045754,0.025191666666666668,5e-05
6434d0273,0.5476430481703475,0.29035960078502027,297.9128469954452,0.1431631916913559,0.06708140886668552,0.14460992239293682
4f94e2b5a,0.3367588204722574,0.23432087083261974,2076.352157028685,0.5997236146241228,0.17923482995781592,0.019999841710789786
015b8b722,0.45792604513503515,0.1516684788451157,27.910349054378784,0.26361883092859784,0.039528301886792454,0.0
bcda757a8,0.46856829235600495,0.22453339778198653,1411.7907447793425,0.20072528913909313,0.08610107421875,0.03461669921875
6a7310588,0.31237626883550845,0.25797203634275034,450.53018753838364,0.4243910220036568,0.33609324758842446,0.00039389067524115757
4dc6822f8,0.5126890522875817,0.27401540515906575,361.37488965104166,0.17856575163398694,0.024008333333333333,0.15944166666666668
21206933c,0.5912390522875818,0.21843454074156296,273.58301863888886,0.19097686274509804,0.005208333333333333,0.08475
ee2e82f01,0.526142116792221,0.1587760026445429,402.19706246909544,0.05336648501362398,0.010892370572207084,0.011260217983651226
58e368a56,0.43102535705640277,0.26418426244569954,2472.6878938871146,0.24185572500605182,0.17835648148148148,0.040470679012345676
3ce0f0aa5,0.3250926008139105,0.24486528271780383,322.73013724092203,0.13042652608213098,0.34985849056603774,0.0
01142a354,0.5257146139705883,0.2937000380911891,1156.3412504121568,0.32287906794662313,0.08330729166666667,0.20855902777777777
133ca8c90,0.4700326797385621,0.19726432624644183,1060.1414463305302,0.14791787702735415,0.08116512345679013,0.0029012345679012346
299e17017,0.6315326071169208,0.2641482810716017,489.42475260554187,0.15741838779956427,0.05143703703703704,0.21644444444444444
8a615bfca,0.5422301375696643,0.27786890012212134,228.29019121464717,0.247482664926216,0.15606114258734655,0.049852455146364494
32f617eda,0.5225249019607844,0.2079797030871816,1454.6231077065972,0.21184176470588234,0.037775,0.037441666666666665
2f532707f,0.5212635257806827,0.21302377440367595,246.89827074164572,0.31773680706850643,0.1089891975308642,0.014359567901234568
8a4e70a21,0.4347522686760655,0.25803239225367613,126.16430775721858,0.5962656781720953,0.13452479338842976,0.06573347107438017
3f518238a,0.5036973420479303,0.23881804937105633,507.74233635111113,0.26875925925925925,0.0448,0.027177777777777776
9cc36a057,0.29532558823529415,0.2654937380827638,732.6010067288889,0.28668901960784315,0.40584166666666666,0.01535
f9d621157,0.6090032856195035,0.26464347509291647,440.8652695371641,0.19544288809836388,0.04168466522678186,0.18703653707703383
0291e8ca0,0.5630365157781863,0.21102297429407096,364.3577880599737,0.2827584156709559,0.039775390625,0.068759765625
10e26690b,0.5735757843137255,0.21903815601892948,135.13853332333335,0.2618138888888889,0.014666666666666666,0.06958333333333333
27a7a1795,0.6179154184822077,0.23166213867902596,3599.610174434123,0.22620197893972405,0.044994212962962965,0.11429976851851852
9795ce5b0,0.5823836635348585,0.2078537222306819,2533.2155762690604,0.08588459967320262,0.03898871527777778,0.03582899305555556
9e935b385,0.4541434517996531,0.1686692861969691,45.33303709396875,0.17113061638172283,0.044322214933306424,0.0
493ab5d96,0.52940125,0.17619582963725156,978.0565044900001,0.5109288480392157,0.0336875,0.01323125
3a0ebb3d1,0.8315569757199754,0.2802611330433263,1537.0463623040914,0.0918248410692402,0.02838134765625,0.7071044921875
53c0ebe89,0.3604616412490922,0.319704633577586,257.30101521624147,0.26440790123456787,0.3456740740740741,0.10991111111111111
f1ceeda99,0.34826654411764707,0.23701087152620057,4970.661732132222,0.5552743055555555,0.2039279513888889,0.02079861111111111
3a9f1c036,0.49948000068082793,0.205123485197338,410.27706984816183,0.17718278526688455,0.024895833333333332,0.0019401041666666666
062633cb1,0.5354939869281046,0.187930266299488,410.7335749915972,0.3563228431372549,0.0005333333333333334,0.002175
42d565331,0.45801594771241827,0.25605069771168665,1835.5063009677779,0.20574056644880176,0.09443333333333333,0.0986888888888889
a89af346d,0.45164160329240727,0.29555017113078474,184.95610382032393,0.20821101337731354,0.11986954828660436,0.11453952492211839
81614060c,0.4933549607108761,0.2106529650997212,742.8931792334721,0.36581434970992144,0.10554307116104869,7.49063670411985e-05
4b4f32911,0.4159606141067538,0.30961209369460313,2019.589668465998,0.19729384531590413,0.23445746527777778,0.16304253472222222
cae5c7ef1,0.3311741663527009,0.17237840495333168,198.06087385101574,0.18374952632124975,0.07819548872180451,0.010671122250069618
e90930a27,0.4849009017187122,0.2529886478252713,396.6674152091311,0.2510110142822561,0.15358024691358024,0.0008256172839506173
c60a12958,0.3930089869281046,0.17627015237396476,219.15014958159722,0.2152182679738562,0.066825,0.0
0f15ed6ab,0.6804635117204777,0.24196924474592899,139.0945587653344,0.13625254312251214,0.013806390977443609,0.26348684210526313
788ea6e94,0.5105459803921568,0.23742656790357836,218.30854894416663,0.16188673202614381,0.046525,0.08795
0bd83ba72,0.6926151053013798,0.17471055372427668,151.379916210904,0.13003351942628905,0.0024074074074074076,0.10291087962962962
248c027cb,0.3802042483660131,0.17621160752508686,171.92700317159722,0.34553977124183005,0.05293333333333333,0.000175
c44215cc8,0.4673361720807726,0.267119590175364,2146.0250009845736,0.48280357038337723,0.05313432835820896,0.10792537313432836
f749cd744,0.46952546296296294,0.23105153813795504,1642.9338007678484,0.22982088037235096,0.06410195707070707,0.026972853535353534
92e87765e,0.3723701664573876,0.29080443898428116,459.71313990632376,0.39995089990018995,0.2751231527093596,0.04518336070060208
3f9b11590,0.4322587903924636,0.15071433193307562,66.57690018183443,0.26440254741722424,0.0002960396473838867,0.01898308553718404
0995bd489,0.5266403760005874,0.21144560777395996,159.64353776450432,0.25661783065286037,0.010561797752808988,0.05813670411985019
cea2544a7,0.3439088266828293,0.1872725332680565,1390.6222082540141,0.7668759680724495,0.1227443711497574,0.011530284032055825
8e6e57951,0.5145600980392158,0.19118552070495165,631.9780086655555,0.09942464052287582,0.05185833333333333,0.0022833333333333334
6a9f15d94,0.5146551393995098,0.26151355852478303,202.6052587890625,0.3254033107383578,0.018525390625,0.18844482421875
0605aab21,0.5329663725490197,0.17876353850047108,427.52108849826385,0.19451545751633986,0.008191666666666667,0.00036666666666666667
6caab3194,0.42471150326797386,0.2527752428702384,2406.564460946597,0.3070014705882353,0.09675833333333334,0.0524
2e77e1c78,0.43096227787990193,0.2354979380277275,11558.215644191107,0.14684270322712417,0.07462565104166667,0.03341796875
13485ebf1,0.5413789215686274,0.2627705760701305,3952.985239262222,0.18838601307189543,0.019933333333333334,0.16538333333333333
d596234fc,0.4610547385620915,0.1648425216641107,1854.4121714488888,0.16117199346405228,0.021908333333333332,0.0009833333333333332
750f8baba,0.6353817654402585,0.2615596473326641,2990.9281430090896,0.26833891459205406,0.08478464419475655,0.21613295880149813
e62224eeb,0.4424198665577342,0.28213318437642965,2206.8975534517076,0.24385867715141613,0.06090277777777778,0.143125
72389d266,0.56033749860343,0.27181286982343844,387.4435328623772,0.1708184249483269,0.10081018518518518,0.02012553418803419
5e1c81876,0.4053757563572304,0.2940990419070751,1275.710583090061,0.3024213005514706,0.16621826171875,0.1154541015625
fee0b4da6,0.4491750980392157,0.18544827123147448,349.0002233315972,0.12607124183006538,0.029233333333333333,0.04388333333333334
4982cc983,0.31022758169934644,0.24553083969337014,256.83240873305556,0.2252502614379085,0.2973,0.0
046256943,0.6091991744066048,0.224446479805567,278.2257071569902,0.24388729994921945,0.024786967418546364,0.08316624895572264
0a8fc6614,0.45743974443710067,0.22946588935117107,891.7418656271478,0.3094275537930528,0.06672284644194756,0.017640449438202248
4374d6f52,0.3963028776325345,0.19920171763523178,690.3917843330707,0.23566392066085692,0.016828703703703703,0.02542824074074074
93d43258b,0.5493135620915033,0.2814378473454951,99.77115478222221,0.06969418300653595,0.0001,0.14789166666666667
63a4f8b8a,0.4191143137254902,0.2625083826403749,794.4786914299307,0.18879937908496733,0.17016666666666666,0.01955
a645311ed,0.3486451222464294,0.16292399170826308,700.9419956704389,0.3447142338416848,0.056574074074074075,0.0006635802469135803
e6d358f70,0.23235777777777777,0.17218137371384798,561.0295238263889,0.26615627450980395,0.2694916666666667,0.00011666666666666667
9593c0350,0.6381341987412249,0.1917646800078868,250.82476207508145,0.08255864197530864,7.71604938271605e-06,0.005625
54ab4b5d2,0.42404856056134826,0.22900845957513571,1707.986901779552,0.3336979801954227,0.04710702341137124,0.022157190635451504
c335ad2df,0.5354294151688452,0.17827308762139166,954.5730836947218,0.14944255514705884,0.0336328125,0.011644965277777778
a7b91a377,0.46964624183006537,0.15113000862573292,2227.7981669715973,0.18183519607843138,0.023558333333333334,0.00010833333333333333
9cb5c5f68,0.419668190847914,0.1933168460442841,823.3911024738175,0.20185590244016238,0.07413475322547614,0.03722340871634339
dfdbfce71,0.512021045751634,0.1940889366976867,304.03021061222216,0.20878049019607842,0.004391666666666667,0.014466666666666666
8a7860ee2,0.3154529084967321,0.12054562882518648,220.48363177083334,0.22289944444444446,0.03365833333333333,0.004491666666666666
68e46ed0e,0.5813590214932126,0.2346911263563006,796.6388458569609,0.15755692244846656,0.03698317307692308,0.055448717948717946
dcaae830b,0.7045112260953764,0.14723558886691862,639.02737498071,0.056359235052045514,0.0010108024691358026,0.03025462962962963
544c16564,0.42118905228758174,0.17172614086597507,49.46712833159723,0.3200572222222222,0.0782,0.0
0aa767c04,0.4967102076124567,0.16193892971322119,787.3625600056167,0.13278421760861206,0.008419117647058823,0.004178921568627451
19efe1616,0.4410029299075952,0.2943712873249215,805.6513629931538,0.3245828369662041,0.1732895457033388,2.7367268746579092e-05
710dc1661,0.49499355482933916,0.19971524267214041,6123.458454570555,0.19200451615831518,0.029780092592592594,0.0012847222222222223
87b715441,0.25491968500363105,0.11996060544145275,407.87882484805687,0.49407906681190994,0.10879050925925926,0.0038252314814814815
a61776aba,0.3933404442023723,0.25903715921334275,1605.9341479504242,0.2451256959573953,0.09726851851851852,0.1030246913580247
850cb2e50,0.5010436588428475,0.21341678361987054,3439.507600182441,0.14453974693325605,0.03371647509578544,0.030760810071154897
6f43738b5,0.5261447213144517,0.28151784577390193,6243.72727784124,0.17325955428467682,0.08381944444444445,0.14519675925925926
cd3cd5fcc,0.5769264833537582,0.18391234091634717,1371.89190360917,0.2540176419526144,0.020602213541666668,0.027688802083333332
14c70761a,0.3587617647058824,0.38513916793677805,5507.785002484376,0.27603375816993464,0.4535166666666667,0.18544166666666667
3f2d1ff6c,0.3437308088235294,0.294628912594553,587.772970484375,0.4881172303921569,0.30610625,0.0721125
4d7dd6115,0.5120622875816994,0.1706180317326447,932.1605939565972,0.3246392810457516,0.000775,0.013708333333333333
9f4a72311,0.504659283466473,0.23109889791206398,385.62393398467265,0.3085238441055434,0.056026234567901234,0.0
50ef65df7,0.5343237783394608,0.279955328524931,2063.308089548087,0.17996701708026963,0.08175537109375,0.14338134765625
c7561189e,0.5901493790849673,0.22535988476270088,142.34758479,0.23189934640522875,0.004775,0.0036416666666666667
e678bcc42,0.42490583186064124,0.29326921727242483,2941.6588183059594,0.2181508998449165,0.21518087063151442,0.0873513182096873
f58424835,0.4625814464072523,0.32127583198514237,487.0268328958547,0.30289716505797365,0.2838622291021672,0.14549471104231165
e2db9e1eb,0.5310948353197488,0.270346968200387,104.01116115169378,0.18815154427784186,0.16633986928104574,0.008676470588235294
c70dc1bd1,0.5295139869281046,0.14394391665615044,328.2518310161729,0.2872484531590414,0.015555555555555555,0.0
3f4d6a956,0.6622424653551701,0.28201992399112663,192.99999287208823,0.15073219506089092,0.044715300658978586,0.18114446046128502
ea4cea375,0.4449496656900308,0.22465967558096525,1442.4987401349758,0.32294938665121226,0.022728516694033935,0.057676518883415434
b0b9f2902,0.34675845221809654,0.2874291212509823,1906.573662462266,0.24196381343234968,0.17949335548172757,0.09924418604651163
941eb9304,0.5942793702767565,0.2114725953243814,1587.2684443127594,0.3892799128114787,0.015190972222222222,0.023878309461805556
bd74f5ce8,0.48077842731295417,0.21952022174797237,27061.40126962607,0.38158358995772224,0.05049541555752736,0.04018041999408459
06fda20a2,0.4503526797385621,0.27124404364152277,483.9114566597222,0.30517509803921566,0.08493333333333333,0.08346666666666666
8b9d9a18b,0.5076884778301565,0.19331398580703515,2493.2299190165577,0.25491784518685523,0.05932781649245064,0.009973867595818815
da2cdb505,0.42074278867102394,0.24815698417818052,1528.9443607822222,0.2886136383442266,0.10366666666666667,0.0005333333333333334
e31df86bc,0.39109489227789884,0.2163808730140869,640.5352507599356,0.3156752602275478,0.05908179012345679,0.03222993827160494
1a90a4805,0.48992769607843134,0.18849356786334392,901.1257087713465,0.3412942765068991,0.029780092592592594,0.006585648148148148
005bb92d8,0.5262446317968724,0.1977647812641529,2708.886103693699,0.08613932091161071,0.002350567190226876,0.03523669284467714
aa7548beb,0.37646973856209154,0.19805234473867464,199.11351927083334,0.16361460784313725,0.07845833333333334,0.00895
469894776,0.5406060936158976,0.25436798991807585,442.1771985476964,0.17614745494157258,0.04865319865319866,0.08094276094276094
a355a6873,0.45386764705882354,0.1462859384224904,556.0197195108625,0.16132065716911767,0.019518229166666668,3.2552083333333335e-06
79e5de9a7,0.4247143473129993,0.2033905849327113,6360.284887282684,0.49578637890341326,0.02293402777777778,0.03769097222222222
f569b3a29,0.45903985112563545,0.17498494871985934,2919.5724244389194,0.18291687847978697,0.03017746913580247,0.017770061728395063
347be28a8,0.23074728094362745,0.2187151017324669,151.05018063316345,0.30018826593137254,0.3769384765625,0.0129638671875
ccd14639f,0.48235491557734206,0.2005971141350597,6550.67832565074,0.5613967524509804,0.034856770833333335,0.024800347222222224
71297d780,0.6512353858655763,0.16999958245038901,8266.641878092738,0.11136448830869246,0.008311051693404634,0.07819741532976827
146b9d6e7,0.5778284767610748,0.1945275846552201,275.6443406630444,0.186208197167756,0.011290509259259259,0.025005787037037038
727b7e63a,0.5230140711255262,0.2847325706851927,332.52671498617207,0.2586623421298344,0.09161793372319688,0.0470286828181565
b5010c15b,0.4717741272809702,0.33014331342994296,1906.8660646864248,0.15654468434772753,0.22601758188824664,0.16707008670520232
44aafd1b1,0.4633424509803922,0.23478863859314297,693.8412132330557,0.2924804248366013,0.08195,0.032975
32ad56035,0.46618163398692813,0.26803386406674845,754.4581819882638,0.1609661111111111,0.13966666666666666,0.0025416666666666665
5a12ecdfc,0.5946332546396486,0.21137118771608368,146.60996619277188,0.2531337464751787,0.03112876254180602,0.09044314381270903
7d0fcdd6d,0.5395774183006536,0.19985101556413493,240.20382376416663,0.19159568627450982,0.0048916666666666666,0.04720833333333333
45dea4033,0.33217983660130723,0.2348366622503714,881.1423165441665,0.3392631045751634,0.10650833333333333,0.009091666666666666
859b1b236,0.511445867800245,0.2990937538923405,789.6711644923628,0.10293156403186275,0.0633935546875,0.19985595703125
73ab55e8c,0.4562726041615985,0.1598053546754548,144.48969528224265,0.34270645810019623,0.019158395368072786,0.0067100909842845325
d02feb234,0.4630783632897603,0.22376867614000417,88.73358215499479,0.19059111746550472,0.07958333333333334,0.010497685185185185
2105b697d,0.5119980392156863,0.23951414125009876,1138.1124779288891,0.17052091503267974,0.006508333333333333,0.08061666666666667
66064ba80,0.463044441040305,0.20609417378913986,1593.3247893563541,0.2516095281862745,0.044769965277777775,0.03641059027777778
2b4c4793d,0.27734138223190513,0.2597382518352845,593.2795924723271,0.32151180101670296,0.39222993827160496,0.03489197530864198
55c827f51,0.45018578001375986,0.15420452349388114,2648.8001770947553,0.44358969728242176,0.006513157894736842,0.0034978070175438595
9999b8c82,0.3558526007625272,0.2731455148947142,174.87791617784958,0.15073157225853306,0.2830902777777778,0.07982060185185186
687ddcca9,0.6253709884344363,0.18264862804234158,118.51788329905867,0.0,0.0,0.000322265625
b97569bc9,0.6742604357298475,0.21547428484171177,375.80439215999996,0.0797962962962963,0.024877777777777776,0.09053333333333333
2fab464fb,0.5676677124183007,0.17013952355122078,575.7809608263889,0.3186449673202615,0.00535,0.011116666666666667
c34b20922,0.30753418300653595,0.19128377855901357,111.471092224375,0.2644925816993464,0.139025,0.0
51d880078,0.4198704575163399,0.1708890413218903,671.8915815860416,0.5579633986928104,0.0041,0.007925
6333963fe,0.6731189854781503,0.15703939989903512,459.65430009639016,0.08515856922973968,0.02366040955631399,0.01717576791808874
6730a4a60,0.5015204901960785,0.1956213405301408,422.40348219555557,0.36520114379084967,0.009375,9.166666666666667e-05
283d0763f,0.4851943914432862,0.1781428927507649,757.5457185956113,0.2809028004002234,0.029744363132911393,0.0013795490506329114
6438c6b3f,0.42789767156862746,0.2424195655663326,210.8147106138546,0.12113972857661583,0.10838541666666666,0.037320601851851855
560232264,0.44544869536356213,0.25056459576650764,3786.7511229790584,0.1365241779003268,0.08292317708333333,0.054306640625
0e9a2fed4,0.4786761235467638,0.2936266738655299,2051.5230993499886,0.24910216033315982,0.06389380530973451,0.1536504424778761
ac2f56dbf,0.5362879186038677,0.2836106594995226,3116.3677863510557,0.2263465736810188,0.10291237113402062,0.13463917525773195
37cec5261,0.5422517870024264,0.20260877933917343,91.23817460032605,0.13529942947078497,0.051011705685618726,0.004807692307692308
e2fbb0332,0.5465695454211648,0.2265049711174884,156.20266740696323,0.24379507233605052,0.07341760299625469,0.029194756554307116
f9934b985,0.5375670445261438,0.1489031737724374,1603.2848366586004,0.188968443627451,2.604166666666667e-05,0.02705295138888889
dbe634a4c,0.4219907516339869,0.29680494373273963,387.0683703733334,0.22250196078431372,0.20840833333333333,0.06330833333333333
a39ad6dc7,0.4302971568627451,0.22456857382970197,374.70563977159725,0.18576754901960785,0.0863,0.019191666666666666
48a44eac5,0.4623990074633457,0.28779564389844803,2820.645167437834,0.28148306394629924,0.16586782094594596,0.09484093468468469
315d0e254,0.4297398131127451,0.21707741499679595,3680.995004286437,0.3868452180351307,0.043294270833333336,0.061044921875
9aee8fe5a,0.45631039215686275,0.23328672381940554,1600.7617989056635,0.3320735014005602,0.10597142857142858,0.060007142857142856
a385cb92a,0.40399423565722586,0.24828638728094887,714.0558258704334,0.15689363198983297,0.15616319444444443,0.006336805555555556
ccc88931c,0.45692637254901963,0.34736856758969653,1150.5609142215972,0.06494486928104576,0.23026666666666668,0.216125
d6be47a3c,0.5247159150326798,0.15024063444929686,386.71511982437505,0.19396934640522875,8.333333333333334e-06,0.010425
76d3ef2a4,0.39425212418300654,0.16657059472107502,47.576081083333335,0.18641045751633986,0.04156666666666667,0.00020833333333333335
ee9ba4990,0.4540305010893246,0.21265319284748666,6917.197640629227,0.3222255507141128,0.08277006172839506,0.013009259259259259
03f0fc32f,0.5719726470588236,0.1976056286337998,563.5241245815972,0.2264738888888889,0.009008333333333333,0.056883333333333334
421ea515e,0.36079450344952796,0.18826625170792027,344.5392962745614,0.2984183914306463,0.07568287037037037,0.00011574074074074075
b8d96cdd0,0.3410475088545661,0.2576329232055699,1173.3070866509888,0.2301508242961989,0.11169692737430167,0.059398277467411546
0be5af159,0.37974986383442266,0.32695424647214977,182.59764499689217,0.1566173066448802,0.24502314814814816,0.20789930555555555
fc63194d1,0.393605979370915,0.22396109983835905,810.5110609333886,0.3201098983864379,0.10981770833333333,0.027063802083333335
af8cd40e0,0.6049639373978758,0.225079773187634,715.3544953375498,0.10987854881535948,0.0253125,0.037395833333333336
ee2c40165,0.3619664218701011,0.29982405556942515,1665.381304522165,0.2733926331910378,0.19025215252152522,0.12572263222632227
017d966eb,0.4457404187728731,0.24255798299336537,409.26450440977027,0.17196496989600438,0.09378762999452654,0.0017925561029009305
7d8ffca23,0.5392888417103932,0.17961436459584232,448.4543445793107,0.09333364977446378,0.00031543427230046946,0.0005868544600938967
fc02869d9,0.47748522875816996,0.2102430639758441,384.26714851972224,0.21929745098039216,0.06734166666666666,4.1666666666666665e-05
8ca64b428,0.5570988562091502,0.14698199823115424,157.33272788888885,0.22172581699346405,0.007241666666666667,0.0004333333333333333
269db95d5,0.45446166961767986,0.28835064480696954,907.1826573248621,0.21039015673158898,0.13914715719063545,0.09678929765886288
5071e525c,0.7079753491324587,0.26617201785214467,2178.4197112921174,0.18607709126816194,0.010809352517985612,0.4685431654676259
8f20e24ef,0.5828040522875817,0.29068461617749736,410.76908931604163,0.12257888888888889,0.12055833333333334,0.09059166666666667
a8c19a325,0.42693879901960785,0.2551888780633573,604.5414487493749,0.376974681372549,0.0986875,0.03056875
2d6e2292d,0.3217180021614945,0.24208556249292204,1007.1078572075144,0.38934869538366523,0.32520669291338583,0.00020669291338582676
6b240dd0b,0.48464869281045747,0.22588437739628345,950.6762477610419,0.21332281045751636,0.036675,0.058741666666666664
a0c9daa0a,0.6125198692810457,0.14158154312992735,294.61177658222226,0.19404248366013074,0.0036333333333333335,0.04430833333333333
628fd5227,0.5243642769607844,0.27779352232326565,347.60587858543397,0.2893951184640523,0.12339192708333334,0.07678385416666667
e80066a19,0.47758139675623335,0.2430775625576278,445.31949252680374,0.39948157225853304,0.13402006172839506,1.54320987654321e-05
474db10df,0.4081763394320939,0.21984390171006502,1485.0464769566336,0.38784861302380486,0.08281772575250836,0.04864548494983278
48a2630a1,0.3812504248366013,0.22768528869053886,250.07431884333332,0.3685118300653595,0.15453333333333333,0.0015416666666666667
b6f77d754,0.47781411764705883,0.32599216019424804,1208.93434686,0.24982987745098037,0.145425,0.1852
316f30229,0.5996869399100637,0.1939087087859166,2330.238122059367,0.10175837384762335,0.00016420361247947455,0.04012041598248495
802b1f331,0.4962122303921569,0.26804817313405804,1533.433854765586,0.2213486519607843,0.0359875,0.1305875
422059173,0.5201986655773421,0.2290305244802948,1053.1577643068078,0.18619088144517065,0.01685185185185185,0.005827546296296296
325d0e364,0.4832314052287582,0.26840063451197793,1307.2978141110418,0.18683049019607845,0.10561666666666666,0.09006666666666667
cd4624a1a,0.3817441892487332,0.2953314361901017,295.5677463354214,0.19581095781009034,0.270687031835206,0.09169007490636705
7b60f948e,0.5285468367034314,0.20275597599571737,402.97954419246247,0.09297177542892157,0.071513671875,0.034541015625
27b5a9db5,0.6814343464052288,0.37085299542256767,189.7938394415972,0.23021271241830066,0.11674166666666666,0.5270583333333333
ccd20906b,0.43232716049382713,0.20872681920054006,4954.129731222136,0.40417519970951343,0.053217592592592594,0.03509259259259259
05dc47bda,0.6971395517724747,0.22788190427132118,246.9119993516578,0.13585769536065934,0.008166451335055986,0.1707202842377261
1a12e3633,0.6171727777777778,0.12468125130492924,403.58138578604166,0.06584771241830065,9.166666666666667e-05,0.021258333333333334
c46e29741,0.5255476352578068,0.23334854446409187,3288.4642240410863,0.1416630128903413,0.057436342592592594,0.01956597222222222
b2e3cf5a0,0.4395704248366013,0.21611008957400674,347.4414092863889,0.265136862745098,0.08061666666666667,0.000875
d5b6f17f5,0.5337778382958122,0.22832555651827455,6181.17633778935,0.4208057371096587,0.03685185185185185,0.061080246913580244
d9fca8be8,0.43657860566448803,0.14209128880053215,196.0749430902469,0.33117233115468414,0.008355555555555555,0.0
672ddf4a9,0.6256734988613009,0.22378313079778928,498.57070533222924,0.2788131422540688,0.018923512747875355,0.1669971671388102
8dd8e4a4f,0.7764045893719808,0.2839545581772939,602.723284162991,0.1439365586814436,0.02980072463768116,0.5748188405797101
3fccff52b,0.3536823640704992,0.2091025940997118,130.0701106993195,0.4575427214229345,0.12829592363261094,1.934984520123839e-05
40fdde0aa,0.550751045751634,0.27325441644579873,920.5821892382638,0.30591274509803923,0.071525,0.078775
3679001f5,0.5834839920343137,0.2701592243260381,324.9500724611044,0.28214822686887253,0.05362548828125,0.05679931640625
8f31c806f,0.5754168255265069,0.2137238453787438,606.1250195889864,0.16448701888162673,0.012042824074074074,0.07229166666666667
d6691251b,0.5825472875816993,0.2916043728229518,1586.7564739455556,0.23700679738562092,0.051075,0.201325
0a6b9433e,0.3965998384372476,0.27343483777004984,4707.320440073229,0.3508670228390982,0.13526451310861423,0.09031484082397004
bf1b733a7,0.4327598366013072,0.19886350734616098,639.2413211041667,0.23666888888888887,0.057383333333333335,9.166666666666667e-05
ff706f8cc,0.5224696350762527,0.23245183191643876,476.61911005467545,0.14440547839506174,0.029641203703703704,0.08243055555555556
3ad53090d,0.5319204901960785,0.23756767835323253,3211.8000392899303,0.1675327450980392,0.057175,0.005741666666666667
2416a2da1,0.37349055555555555,0.3745562616565055,3459.8624017827083,0.32987970588235294,0.38629166666666664,0.20066666666666666
ba13c272f,0.553614651416122,0.21906191820692622,894.6232015694325,0.238151075708061,0.04161458333333334,0.06052662037037037
62332ea2c,0.6809908088235295,0.18467960334117628,11416.821380499023,0.1918246868191721,0.006766493055555556,0.12514756944444444
e4eccb132,0.44971735851531247,0.26612483908766066,316.4692149749443,0.5173169716046954,0.05881270903010034,0.13433946488294315
5e5d1fc6d,0.5585837908496731,0.3235255555707072,888.9960155239506,0.1798088017429194,0.1421888888888889,0.22877777777777777
9dae4e297,0.49652684731299923,0.2636116005802214,469.53645312469865,0.3343742737835875,0.07219328703703703,0.12061342592592593
e8d0eedf7,0.5040345256876697,0.2698746220676664,421.77583235293497,0.30535303776683087,0.0560207991242474,0.1672687465790914
3a016a6a0,0.4610308823529412,0.12472116156250336,143.82854375,0.3773916013071896,0.009758333333333334,0.0
5e711ed8d,0.4177595920212465,0.2776276207188926,4576.366654409347,0.20363821551675426,0.16670749279538905,0.04590057636887608
615f2f661,0.4187322775263952,0.28609654995268574,440.884887215747,0.47371601416486325,0.11945652173913043,0.10510869565217391
c626f2f93,0.42343171296296295,0.2176887210423991,2027.660270924928,0.17366124273783587,0.06961805555555556,0.03302083333333333
87aff0121,0.4735285130718954,0.2077703053251827,2431.8969100910376,0.3000482843137255,0.025697916666666668,0.027260416666666665
8f9010452,0.5752740238828822,0.2264441686391241,762.2243331610371,0.2444550185933587,0.01049541904530994,0.08838634309770989
3ba4ccb80,0.42467187500000003,0.2535103320001734,450.9030671766493,0.2987622549019608,0.15118923611111112,0.022265625
ded648294,0.4903064935850884,0.18695023263455476,856.8169591820987,0.16857788671023965,0.006057098765432099,0.0016589506172839507
bec2fe7ad,0.592052734375,0.28522131047616717,573.9355680856646,0.2533840858609068,0.05635009765625,0.22037353515625
e3883d4f0,0.528524888821508,0.16038866172141933,164.24721529747947,0.23368359611885992,0.017242268041237113,0.0
a99b34f95,0.47341614040825913,0.2681072152360233,624.8672782614119,0.3200131250104833,0.07256469204448246,0.061109923011120615
a87f5839e,0.46380894024276376,0.26240217666792465,7464.115487233972,0.4466161395113601,0.06653645833333334,0.09850570436507937
ed97f6919,0.2992932098765432,0.16739062267110486,809.5310723014926,0.5306129039578795,0.12373842592592593,0.0010821759259259259
f344595d7,0.4354547249455338,0.23424300883221688,297.83116885234483,0.31962375181554104,0.060572916666666664,0.061550925925925926
1d0a5c20a,0.5400837737438725,0.24230662540748835,394.1987395773888,0.3189003714767157,0.0135498046875,0.1346826171875
dffc5cef6,0.4056070806100218,0.27431131527580416,2298.3185183136093,0.2546478213507625,0.21394444444444444,0.051527777777777777
4fedc2eb6,0.37509357762017337,0.20606381983027142,204.69643943944772,0.28859569832661197,0.06518912529550827,0.01619385342789598
db71b8b85,0.4362218954248366,0.2524536435925688,1696.3103464882638,0.22084901960784312,0.09725,0.07408333333333333
bd54dcfd0,0.41771250933056603,0.27590616797803164,2230.9221636463044,0.20909998725581225,0.12215645311049211,0.09525301764159703
bc1319810,0.5775276643064634,0.230065502494588,721.2048751434703,0.2093355119825708,0.04743634259259259,0.08048032407407407
e945a1e04,0.4783535975251524,0.21753270299373473,924.2658197943831,0.17410901813909085,0.02854049625468165,0.03703183520599251
2d72ef0c4,0.4467205579762769,0.15963392202123297,171.50655292489475,0.12332280319535222,0.02978395061728395,2.3148148148148147e-05
ac4c28677,0.5258473529411765,0.2162106862022701,1324.5372246655554,0.14491771241830065,0.027025,0.0299
3060d192f,0.5774006756260557,0.24556757915846544,754.3964170177026,0.5832620988470294,0.031647940074906365,0.1918445692883895
f410b0841,0.4601469281045752,0.3175209416281134,397.12939135493053,0.3071663071895425,0.09379166666666666,0.19450833333333334
573ee1a1f,0.5335074264705882,0.22411269479526627,403.4873153515234,0.23562843137254902,0.060525,0.0452
34dc86aae,0.432489212407371,0.1475393206333633,168.819192451986,0.2059443897960522,0.033938127090301,3.3444816053511705e-05
ab7ccc7df,0.4396982679738562,0.21099333238907794,655.3723005360416,0.15311434640522878,0.104075,0.0027166666666666667
a0401d349,0.5399706753812635,0.217638670731787,3159.7830088295063,0.26602557734204796,0.029944444444444444,0.008555555555555556
1f58a286e,0.47250160130718954,0.20868744114372992,234.87099414993057,0.13474055555555553,0.06548333333333334,8.333333333333334e-06
5909a21cc,0.4291053226846294,0.2691240476974575,372.97850704566287,0.39845233232181765,0.1604485544217687,0.060400722789115645
01ba86830,0.410216520288671,0.3566646288126888,1579.1770594970515,0.19533411628540304,0.2864236111111111,0.18647569444444445
b165fe8b1,0.36208892156862743,0.19472304957633996,356.2653037465972,0.12317039215686273,0.10984166666666667,0.011308333333333333
8d7a8a5c0,0.32601398692810457,0.17494091684685603,276.2672249965972,0.5820345424836602,0.139625,0.014275
6ef02d7e9,0.6202075674019608,0.24876729091429833,449.51707575136817,0.10624417892156862,0.005361328125,0.15044596354166667
b8c54bc91,0.41061549433515127,0.22519967167301785,693.2723121478037,0.19493211108946892,0.07601148592715232,0.01119101821192053
c0edff1e1,0.44883202614379086,0.27752218616444085,979.1750459135802,0.4053502832244009,0.16036666666666666,0.025455555555555554
e4406b18a,0.5121858660130719,0.24797041058384878,3268.3225819026156,0.3699603304284677,0.08599537037037037,0.07486111111111111
1be58123d,0.5105288500816993,0.2770167865380133,1271.5037122594576,0.16651392293028322,0.0907638888888889,0.07182291666666667
abd80f666,0.5009210835375817,0.21611640520398376,1989.7799182444148,0.21077182904411765,0.01314453125,0.0437890625
2fb22dd88,0.4838992677317841,0.1940894529016807,409.30349468872646,0.24994135802469136,0.03172067901234568,0.007175925925925926
5a21eec6d,0.5321303703703704,0.23468712960126775,1514.7316138961728,0.14826570806100217,0.04265555555555556,0.09084444444444445
9cd7bfaa6,0.5345125612745099,0.10024214219920999,369.9312000736554,0.22343904462826797,0.002255859375,0.0
fc7f7797c,0.5721183619281045,0.27225734042581684,341.08850537579855,0.5687203329248366,0.012884114583333333,0.17524739583333335
af75249aa,0.5040805495037521,0.23391817315103242,909.6969870348938,0.2554864439603001,0.01859567901234568,0.08189043209876543
0d7f7a155,0.4287182138480392,0.2513197170994866,675.5605923615396,0.11871431717218137,0.0040234375,0.0966162109375
5aff9022b,0.44894367851307193,0.24846881118141442,2083.2082378472223,0.14303349673202614,0.018658854166666666,0.0599609375
09bc86c05,0.32295252837977295,0.21457841322733986,124.64967953212447,0.24223791095385522,0.21782894736842107,0.00880639097744361
5bbf44cea,0.487180539598652,0.3370406157494043,1967.426750436729,0.2984697265625,0.2000439453125,0.2147802734375
e40073625,0.5888153238782805,0.22776099756072718,349.63612440060444,0.20860924217181429,0.03526234567901235,0.08011528685548293
2f29e9d88,0.7192785892510157,0.24294347839046118,4638.06062879373,0.2204113948507331,0.012978603603603603,0.2913288288288288
6e3631a29,0.5197102741722667,0.23448797710981656,538.0521114973536,0.199859768633588,0.003198356807511737,0.09147593896713616
df4354823,0.5660759912854031,0.15164381654254194,1025.692968798889,0.1079885403050109,0.00013333333333333334,0.00023333333333333333
bca099371,0.3788099019607843,0.23031746695070007,811.0294353082639,0.2034145751633987,0.18310833333333335,0.013866666666666666
a0b82db0e,0.5535096078431372,0.21901854369806606,1873.0338522077084,0.13611722222222222,0.032558333333333335,0.013891666666666667
8425c2a48,0.4165596078431373,0.19479179303293892,3224.1667387298435,0.33774889705882355,0.044025,0.00698125
97e47e7c0,0.3428895751633987,0.3262189815986687,693.1694065815972,0.6189451633986929,0.37150833333333333,0.115075
41d6c5f90,0.5512838598402323,0.24475189195808825,1444.4032147617336,0.3636755174291939,0.03441550925925926,0.15752314814814813
02c40b53c,0.4654023574747818,0.2746124232510665,2214.821047520219,0.15835786674978275,0.14320809248554914,0.09869942196531792
3f016dcab,0.47349059998531245,0.23606167829156544,160.5116693332772,0.21449283983256223,0.08717228464419476,0.020973782771535582
e3b6b7d2e,0.5268371826540321,0.18392767619068628,1043.4655223050859,0.18946751176955465,0.030860726143795886,0.009583310864423884
21c281e66,0.5461251134713144,0.3487087392985133,1142.2465314621913,0.15512536310820624,0.18880208333333334,0.24310185185185185
32387ac37,0.4668846405228758,0.18135129473033101,2879.6348213777087,0.300507908496732,0.003125,0.019858333333333332
350208e1a,0.4376146211571048,0.22776789329241529,733.795753985673,0.1747793815056887,0.03679012345679012,0.034089506172839505
3c8468196,0.5327942311183733,0.22330300372391748,374.089914681358,0.2641660766158315,0.01457175925925926,0.006585648148148148
dabcf0e55,0.44984917534722224,0.2618512113390953,413.70680611266033,0.24093949142156865,0.11861328125,0.120244140625
03f217352,0.6923969907407408,0.15113511136164884,974.4496114269533,0.13431967138707335,0.00010416666666666667,0.02097800925925926
481cbcedb,0.3187187254901961,0.168895091409453,116.27211615305555,0.7430359803921569,0.17156666666666667,1.6666666666666667e-05
6f8ae496e,0.4242589103349673,0.2579730045283188,59.52148792707655,0.12249429381127451,0.18031901041666668,0.014020182291666667
34c4e74a9,0.42639460784313726,0.17619020843761987,832.8276759530555,0.1905969607843137,0.06959166666666666,0.0
b06d39b09,0.5531692810457516,0.24740861481192616,144.13639867159725,0.09528892156862745,0.14153333333333334,0.0007833333333333334
b3a6f353d,0.4383801633986928,0.28555182613744706,456.94572834555555,0.37258447712418297,0.131225,0.13363333333333333
485887f4c,0.46172832697893973,0.30273933602708986,7663.51775200403,0.1724327568990559,0.13439814814814816,0.14859953703703704
92085e776,0.3548200157015931,0.23997427164562432,810.3999420902194,0.22528352864583334,0.1449267578125,0.0216845703125
a9391d398,0.2847015359477124,0.2203341701600651,825.7894836330555,0.18200539215686273,0.29125833333333334,0.024275
8efcfe9c6,0.6587962254901961,0.309884516422232,851.3155622110937,0.2345756862745098,0.083075,0.1586875
09a024035,0.4293807243827764,0.23568938919705526,1065.6008315128972,0.25580737411243565,0.06962624584717608,0.03529069767441861
734123308,0.5124238480392157,0.22551809498998251,971.4543059765234,0.27267399509803925,0.01253125,0.05478125
5a358b56f,0.48476831427015254,0.2601861426187593,195.07653211805555,0.1755057019335512,0.1244314236111111,0.0
2562fec96,0.45978202915515237,0.13575314206483177,2208.547002185204,0.25811872302014066,0.016356681176625774,0.0011118020615448396
4909dc5af,0.4109475163398693,0.1859080423929266,871.1525747632639,0.20128408496732025,0.0736,0.006158333333333333
c0b704c99,0.4613172154107545,0.19579062911807352,490.49026234265165,0.17423613502778162,0.039991949648711944,0.007347775175644028
9e9a3285d,0.5479030392156863,0.2082074150191675,547.3094356777083,0.15098640522875817,0.02425,0.013158333333333333
1f70f8112,0.35583039215686274,0.21926183699678897,1597.245610728889,0.2903599019607843,0.19203333333333333,0.0113
75bfbc825,0.3195666339869281,0.20938061772632047,581.546069566389,0.17977924836601306,0.15890833333333335,0.006933333333333333
a3dfe1991,0.3697803577571379,0.2109422163207335,331.8680455404548,0.138702958376333,0.09865131578947368,0.0007675438596491228
9123c847a,0.40362039215686274,0.25280768535306486,413.28037116493056,0.21170169934640523,0.215325,0.0209
8c96f8ed3,0.436206131989833,0.21386708900348167,272.97532915698815,0.20779082697893975,0.01703125,0.0005324074074074074
3ef9ac2a6,0.47578156862745097,0.22634540963434635,538.3540905465973,0.12491411764705883,0.019358333333333335,0.019991666666666668
7db48c47a,0.651706184943113,0.3078371209979465,1850.4754939938057,0.1410469922536916,0.13141975308641976,0.278641975308642
9ab8dddba,0.5250984605876735,0.24837529215004298,359.93880698841275,0.4526210976272075,0.0615090735434575,0.0940365329512894
2689341e7,0.5415029949601673,0.2901059110541991,2761.4410952392277,0.15693578172009545,0.06003898635477583,0.19165692007797272
e09807e6e,0.5195500037136067,0.2461186041967749,1219.8227832895618,0.10652511635967518,0.06547506313131313,0.0009627525252525253
e039f2392,0.40922820261437903,0.24229911877695967,1034.8266501066666,0.2189624183006536,0.112325,0.03254166666666667
af32c8be0,0.5349408115736717,0.35101103917020193,388.1458400283529,0.15740488532577782,0.12909140667761357,0.3569512862616311
745facb3c,0.4015783006535948,0.22196889418827884,1480.5893469443752,0.20107254901960783,0.09931666666666666,0.018875
a5c5278b8,0.5002244462599855,0.2654079835152711,1689.2345745541838,0.24655260530137982,0.03476851851851852,0.14017939814814814
c0f651276,0.46949467502737136,0.30144749430342194,929.2200488480444,0.2875180402110083,0.179752538071066,0.0682233502538071
82ee2f3e9,0.45894154986213237,0.23535689729523918,3649.540783297324,0.18917832797181375,0.042646484375,0.05582763671875
941880ea3,0.46704968530622126,0.19698411014844056,269.1209207094955,0.4343349975792786,0.0042361111111111115,0.0001234567901234568
c4bc89962,0.496938789748109,0.22456826562005366,1222.8323635609981,0.5178142028346919,0.07884831460674158,0.024737827715355806
c7d02bfca,0.4484221755368814,0.20030211543715204,4095.393376373756,0.2650112356053533,0.11048412698412699,0.0010912698412698413
ac6d69d99,0.6406221435942798,0.18458021019488438,169.30262362909153,0.20366375497567446,0.0035150375939849623,0.06400375939849624
b7fcfa1e6,0.4291863047688211,0.2899784777822799,298.2388069806432,0.28234216896635195,0.11949074074074074,0.1587962962962963
fc601e041,0.44244319950202304,0.21951626773149013,790.3401980689224,0.20083888727904955,0.08787629994526547,0.0061029009304871375
23874f644,0.34303344134263875,0.16165702018370076,357.2343479916646,0.5074622798271852,0.13546610169491524,0.0
cca88204d,0.4821332026143791,0.1930414709673728,129.09646173826388,0.21200339869281046,0.026775,0.0
f5dc70d35,0.32648006391917317,0.25113997421128176,3058.8658874653006,0.2692440830039585,0.16777236526714606,0.04730534292120931
4d163b731,0.45392447657028917,0.20599246883055328,812.3782830848489,0.2156223413094051,0.04925847457627119,0.0475
a83d95ead,0.8294813485818682,0.2970398901439663,1372.354615132098,0.1206846804681282,0.06819361162361623,0.7156221171586716
