PetID,perro_segmentado,pct_pixeles_perro_original,pct_pixeles_perro_modelo
3422e4906,True,0.41906666666666664,0.5600486288265306
5842f1ff5,True,0.5243416666666667,0.7106186224489796
850a43f90,True,0.24614314988290398,0.46151546556122447
97aa9eeac,True,0.37945833333333334,0.5979551977040817
8b693ca84,True,0.30506628787878787,0.6033761160714286
aaedd873d,True,0.07573333333333333,0.13221460459183673
c02be41e6,True,0.16984932349323492,0.39098373724489793
1fd342e17,True,0.16387152777777778,0.2532485650510204
f9d07d5fa,True,0.3150962962962963,0.4463488520408163
1c92ce464,True,0.2951166666666667,0.4626315369897959
6436c1a59,True,0.49246666666666666,0.5920161033163265
234a5a54c,True,0.2583916666666667,0.3994937818877551
1a76190c5,True,0.16835,0.2900390625
543130f60,True,0.33411024305555553,0.40138711734693877
deff069a2,True,0.0966304347826087,0.16747050382653061
4e3640544,True,0.12871391076115485,0.2570750956632653
671ffc570,True,0.44241100323624594,0.5714883609693877
aece6e7bf,True,0.34626436781609193,0.3766940369897959
c1e816568,True,0.5818869426751593,0.6521843112244898
ea159d8da,True,0.33450520833333336,0.5493861607142857
af1035c81,True,0.8061355973025048,0.9550382653061225
6fecc5cf7,True,0.3680324074074074,0.5616430165816326
015c75c9e,True,0.32405092592592594,0.5426698022959183
9609a0b86,True,0.37706666666666666,0.6297433035714286
d765ae877,True,0.5268229166666667,0.6770766900510204
8ce183889,True,0.268591426071741,0.5361328125
f0ef9c777,True,0.16553819444444445,0.21847098214285715
3181e5424,True,0.23045112781954888,0.34157764668367346
9883a048e,True,0.12196629213483146,0.23762356505102042
b0dec8779,True,0.6992252396166134,0.8701371173469388
e8d0907ae,True,0.4267391304347826,0.6456672512755102
ef14861df,True,0.17633787519747235,0.2308673469387755
a9bc357f0,True,0.22895833333333335,0.29789142219387754
aaf4a1439,True,0.18909722222222222,0.4051538584183674
1e62e6022,True,0.3232583333333333,0.527702487244898
4e797dcdd,True,0.4623779296875,0.5587930484693877
45d2ddcb8,True,0.32185,0.49051339285714285
259b10a3e,True,0.2197159565580618,0.3776307397959184
d2490c888,True,0.2406074074074074,0.34542410714285715
2c93c0c11,True,0.22107060185185184,0.35142299107142855
35593da00,True,0.26108796296296294,0.5008968431122449
4cc70e613,True,0.35561197916666665,0.5841039540816326
ff125cf8d,True,0.2681417624521073,0.3806202168367347
c30dd6e9a,True,0.33466814159292035,0.6119260204081632
be9474b85,True,0.2851678240740741,0.4154775191326531
815f4cc08,True,0.2848611111111111,0.5890266262755102
867308404,True,0.113725,0.1980030293367347
258667857,True,0.4886111111111111,0.5603475765306123
fd3172797,True,0.2165,0.35941485969387754
8df0bb3b3,True,0.21906666666666666,0.36501514668367346
3d0752cd9,True,0.433,0.5472536670918368
6a763a055,True,0.26890468227424746,0.4536631058673469
a44d42407,True,0.2675187969924812,0.46986607142857145
cc8401c02,True,0.15904079861111112,0.3395248724489796
43ddb2eb4,True,0.2629805194805195,0.35439253826530615
dae92dd61,True,0.5864814814814815,0.6889150191326531
a6ac8884b,True,0.21036666666666667,0.44056919642857145
d50e11ec5,True,0.17605337078651687,0.287906568877551
27b6e5aca,True,0.5413343060959792,0.6846898915816326
80ebea85c,True,0.17550167224080268,0.29528061224489793
b84dad49f,True,0.120625,0.2764269770408163
f0a2122d4,True,0.15432592592592592,0.24732940051020408
46d88ca3e,True,0.231796875,0.3885124362244898
c61f6507e,True,0.2069777777777778,0.46976642219387754
e464fcd4b,True,0.22911666666666666,0.31509088010204084
86379f12f,True,0.25207034951351603,0.44804288903061223
392d3346e,False,0.0,
35c0c3aca,True,0.34015833333333334,0.5038863201530612
d080818c3,True,0.3025725232621784,0.5061383928571429
6f0cb510a,True,0.37631944444444443,0.7222576530612245
61ac3c78c,True,0.2206020066889632,0.3812779017857143
368b2adc1,True,0.023242803627760253,0.03045280612244898
4c594983d,True,0.4068981481481482,0.5449019451530612
05f99fc56,True,0.3324505846325167,0.544921875
6d9b202c9,True,0.2748,0.45938297193877553
54791dc58,True,0.4198501872659176,0.46675701530612246
48b418070,True,0.30104166666666665,0.40700733418367346
8e0d65b3e,True,0.320725,0.42251275510204084
9a34ddc8b,True,0.21420833333333333,0.36924027423469385
474bccd75,True,0.07352150537634408,0.10518973214285714
e4abb93bf,True,0.4175916666666667,0.6590003188775511
a8cdba660,True,0.49696666666666667,0.6654575892857143
9bcd62ef1,True,0.11176666666666667,0.18718112244897958
c3f2f166d,True,0.17672222222222222,0.3893494897959184
687e9c33c,True,0.315634765625,0.41019610969387754
bb5f471dd,True,0.12337962962962963,0.20733019770408162
dcba09ff1,True,0.5150283797729618,0.7256855867346939
d7f938acd,True,0.193896484375,0.253109056122449
ea11b6f12,True,0.5126310861423221,0.6958904655612245
3332eb59c,True,0.06986666666666666,0.12187101403061225
594e3dc3f,True,0.3591497747747748,0.3573620854591837
fbb112b7e,True,0.414625,0.5712093431122449
d14d62508,True,0.37730902777777775,0.5887077487244898
747c82f83,True,0.2241,0.3365951849489796
c737c30d7,True,0.4655625,0.6486567283163265
03b0568b3,True,0.14354910846138916,0.24131058673469388
5c28a8cec,True,0.2549035812672176,0.3627431441326531
2c8ae4c7e,True,0.094072265625,0.11967873086734694
cd7bea671,True,0.2807175925925926,0.44240274234693877
aa189a931,True,0.30029320987654323,0.5144889987244898
3b4a987ba,True,0.20335910652920963,0.33924585459183676
1bbb46822,True,0.5779356911432383,0.8262914540816326
702bee848,True,0.3184664351851852,0.49314413265306123
66757255c,True,0.03613425925925926,0.03806600765306122
0b0f596b5,True,0.5637954545454545,0.8185387436224489
938bcf142,True,0.39109375,0.5369698660714286
bea72e6c5,True,0.22141975308641976,0.4502750318877551
52e555a3a,True,0.4298416666666667,0.6303013392857143
3998bcfec,True,0.1654331683168317,0.26907286352040816
e62e5aa26,True,0.2653935185185185,0.3911631058673469
1eb8a0278,True,0.22927777777777777,0.5181162308673469
207d61997,True,0.4649583333333333,0.7023078762755102
65d10be4d,True,0.5717083333333334,0.6303611288265306
c7b468b32,True,0.41325810185185186,0.5351163903061225
249112486,True,0.25989766081871346,0.3718311543367347
b243b8e93,True,0.3124375,0.4008689413265306
89523a695,True,0.5369555555555555,0.7195073341836735
b5fcc079e,True,0.5468833333333334,0.7039819834183674
d4e83ee5b,True,0.10400205761316872,0.2235530931122449
74e316be1,True,0.5899169389978214,0.6809430803571429
039509c40,True,0.564475,0.8009606186224489
eeb60466e,True,0.46685302734375,0.5402582908163265
82137b39f,True,0.19085207612456748,0.2780612244897959
f70251906,True,0.19719328703703703,0.32914142219387754
e83f846eb,True,0.09380833333333333,0.16384327168367346
60b9421cc,True,0.41985595703125,0.5095264668367347
ae03f99f2,True,0.23676666666666665,0.25843032525510207
6a5c652b5,True,0.4094675925925926,0.6118064413265306
706a9cd5c,True,0.30390939597315436,0.41579639668367346
62550cf78,True,0.273443287037037,0.40341996173469385
701c5afba,True,0.20591666666666666,0.28535554846938777
7bce76c66,True,0.6478327338129496,0.7972536670918368
3b0b88ac2,True,0.3422376543209876,0.6441924426020408
a88d34ee3,True,0.5784833333333333,0.7257254464285714
061378b30,True,0.30089527027027024,0.4587252869897959
d5b9e0322,True,0.29355509355509357,0.5005978954081632
a2dc697f6,True,0.3690335648148148,0.6049705038265306
be7b65c23,True,0.35562177835051545,0.41115274234693877
e37f4aa07,True,0.3302,0.5006975446428571
7de2f688b,True,0.13524305555555555,0.23244180484693877
e7020fa9a,True,0.25187934027777775,0.5098852040816326
be23e42d0,True,0.6096866096866097,0.7883450255102041
1c59cecac,True,0.12045833333333333,0.2100207270408163
e7e1904f4,True,0.1939820868200837,0.30602279974489793
d78d1dec0,True,0.02191550925925926,0.037388392857142856
0443d6f82,True,0.25455,0.42677774234693877
fa1a30192,True,0.4756916666666667,0.6824178890306123
d4d6997e3,True,0.16920833333333332,0.2943837691326531
d13d93f69,True,0.13133333333333333,0.29392538265306123
3bef75882,True,0.19604310344827586,0.2819276147959184
60bf93971,True,0.40691666666666665,0.670539700255102
e9eeadf82,True,0.3748038116591928,0.5581951530612245
a4530b1d0,True,0.31855432231372083,0.6028579400510204
da6bb3100,True,0.20845505617977528,0.3923389668367347
79669f807,True,0.20321565407772305,0.3852439413265306
3af2b1473,True,0.17590277777777777,0.35218032525510207
b8976d821,True,0.17231336805555555,0.3863002232142857
9eb98f34c,True,0.4496,0.6467036033163265
e317b2a73,True,0.21435,0.37294722576530615
ebd78e1d4,True,0.2515833333333333,0.43086336096938777
0822c54d5,True,0.429314381270903,0.6079998405612245
4036e0e12,True,0.5284227748691099,0.6569475446428571
0fb490c9b,True,0.5407916666666667,0.7945830676020408
284be445a,True,0.20116185897435898,0.3272082270408163
145883970,True,0.2967936197916667,0.5102439413265306
e3d9dc96d,True,0.20917438271604938,0.3619858099489796
6e643eba1,True,0.308175,0.34560347576530615
a1b3dafc9,True,0.25877859933035713,0.3184390943877551
bda2d149e,True,0.44953333333333334,0.5608258928571429
6cb5381cb,True,0.1980295566502463,0.42576132015306123
a8a8f95f6,True,0.3486574074074074,0.5602678571428571
5eeb10b7a,True,0.08223090277777778,0.13703762755102042
f03b04b1e,True,0.04014214046822742,0.06698421556122448
a672ea96d,True,0.15894589552238805,0.2958386479591837
aafb75ee8,True,0.32614166666666666,0.4901745854591837
e9cf01a21,True,0.2615104166666667,0.3879544005102041
1c74d62ed,True,0.508325,0.6541175063775511
2148c2ef6,True,0.33273890784982935,0.5228396045918368
479500716,True,0.23135802469135802,0.4590640943877551
1afdf61ec,True,0.3413333333333333,0.48447464923469385
110d4487e,True,0.20784379473555242,0.4516501913265306
27cede3cf,True,0.2161797417534722,0.27590880102040816
99dcd9020,True,0.19516666666666665,0.2858936543367347
a13ed5e9d,True,0.3381018518518519,0.600227200255102
82aa52460,True,0.27855172413793106,0.41408242984693877
4c9f111f1,True,0.18855902777777778,0.3279655612244898
eb6c692dc,True,0.43013758782201406,0.740234375
109c4f5a8,True,0.36766956162117453,0.5506417410714286
eb652ec07,True,0.358372641509434,0.5477519132653061
026ebf139,True,0.3138811728395062,0.6105907206632653
1a9733afb,True,0.01715927750410509,0.039740114795918366
1a54d4e92,True,0.5667013888888889,0.7682756696428571
8526200d3,True,0.24498842592592593,0.3434311224489796
8df39788a,True,0.14499565972222223,0.31491151147959184
045543730,True,0.19343424479166665,0.3368343431122449
bf50b399e,True,0.15436666666666668,0.26869419642857145
dee525fcd,True,0.35380859375,0.5272839604591837
ceed27182,True,0.2630439814814815,0.4194834183673469
9c87d70e5,True,0.43995659722222225,0.3914819834183674
4574e3de4,True,0.22790833333333332,0.39255819515306123
794a45833,True,0.34633680555555557,0.5369300063775511
800a7c025,True,0.28218364197530865,0.5073939732142857
6c75b9082,True,0.0704656862745098,0.1513073979591837
3f9f466d1,True,0.27121527777777776,0.31570870535714285
8bf9a6b80,True,0.056341145833333335,0.09833386479591837
3a3ae56f1,True,0.38113715277777777,0.43325494260204084
9718baba0,True,0.2524416666666667,0.40359933035714285
cdd7aee45,True,0.3211695906432748,0.6097935267857143
ba311fc1a,True,0.32472993827160496,0.5445432079081632
4060caeb1,True,0.21699166666666667,0.37448182397959184
5a2c8a05f,True,0.070330903664237,0.11910076530612244
75bbaa3fa,True,0.3316049382716049,0.6306999362244898
b4eb7f4df,True,0.3369097222222222,0.5106226084183674
fd32ce3ef,True,0.10902777777777778,0.18999123086734693
a15d8c8a8,True,0.17009114583333335,0.2412707270408163
ab599a6ac,True,0.20374421296296297,0.34970902423469385
81da09ea9,True,0.11538333333333334,0.2003547512755102
0f122f712,True,0.10045,0.17528300382653061
58a10d0cd,True,0.17714833059660645,0.3457629145408163
3b1976326,True,0.440075,0.6041533801020408
bfb33b149,True,0.42368055555555556,0.6994579081632653
375905770,True,0.4304397357028936,0.5915975765306123
9ec161c16,True,0.23991638795986622,0.3897680165816326
19f38a3f0,True,0.3909925925925926,0.618522799744898
e2f1f5377,True,0.5121333333333333,0.6025988520408163
b912b1114,True,0.33735537190082643,0.5788823341836735
bd9e9d9e2,True,0.2895888888888889,0.6381736288265306
084874570,True,0.5337166666666666,0.6132613201530612
3cc84c2f8,True,0.12843645484949834,0.22391183035714285
9a770c49a,True,0.14734536082474226,0.1484972895408163
997db5df5,True,0.23864583333333333,0.39564732142857145
8705145ca,True,0.073875,0.1750438456632653
81d97fa9f,True,0.4021683673469388,0.6319953762755102
78b07d4e0,True,0.13482253086419754,0.31411431760204084
fb3bd80d1,True,0.3300493381185835,0.5311902104591837
1a1283447,True,0.28716471354166667,0.4535634566326531
90592e40c,True,0.19489197530864197,0.42055963010204084
e4e5ea1d2,True,0.47625833333333334,0.6074019451530612
e7a74fca8,True,0.1686574074074074,0.3622448979591837
a5595a935,True,0.28403010033444814,0.4860092474489796
c7575df7b,True,0.32088333333333335,0.4627311862244898
e81c6347b,True,0.1767556179775281,0.3104870854591837
76d5726c4,True,0.24748697916666668,0.4930843431122449
1a9e7158e,True,0.649375,0.8757174744897959
d38bcdf49,True,0.18331594505303425,0.3956273915816326
85a79f281,True,0.2931591796875,0.3811583227040816
91c2159dd,True,0.2815354938271605,0.24557557397959184
91d6a2898,True,0.20815833333333333,0.32083067602040816
cfddf0c47,True,0.2914322916666667,0.4204201211734694
072ae6d9e,True,0.1496219135802469,0.3466198979591837
b5df81f99,True,0.2753833333333333,0.30502630739795916
2c24655fe,True,0.12212191358024692,0.27596859056122447
c8208c3c9,True,0.4202752177755334,0.560905612244898
9a9f6c753,True,0.4509666666666667,0.6553332270408163
92b89a666,True,0.21690586419753086,0.4102758290816326
6819ce556,True,0.27544166666666664,0.41663345025510207
17bdf954a,True,0.17865162037037038,0.30642139668367346
53cd96ef8,True,0.33228125,0.41294642857142855
da327c74b,True,0.19452160493827161,0.3499282525510204
878e36da4,True,0.141275,0.23351801658163265
1ffe668f9,True,0.14591145833333333,0.2482860331632653
9a2f44ddf,True,0.4177916666666667,0.5272042410714286
d30b90a39,True,0.35994166666666666,0.48489317602040816
20559d623,True,0.17099537037037038,0.3621851084183674
3b0b2a86a,True,0.3664891975308642,0.6915058992346939
64c1c412b,True,0.2403125,0.41539779974489793
0e6dd5e23,True,0.33489197530864195,0.49392139668367346
184ea777b,True,0.24389322916666667,0.4845344387755102
86547ad6d,True,0.4902330508474576,0.671516262755102
ead547f1b,True,0.24914715719063546,0.4225924744897959
703f38466,True,0.35868055555555556,0.5626594387755102
60b188249,True,0.3537109375,0.4326769770408163
3c5e8cc5d,True,0.2989988425925926,0.4360451211734694
9f533475e,True,0.2570216049382716,0.4912906568877551
0636650db,True,0.2557125,0.333984375
d8128cefd,True,0.09989166666666667,0.1734295280612245
dd2ec7bf4,True,0.23271666666666666,0.36192602040816324
fcf377cce,True,0.32653093434343433,0.5353555484693877
d4b028ea8,True,0.3971604938271605,0.6825773278061225
7f8f45a35,True,0.3076333333333333,0.41111288265306123
c92256e41,True,0.34878748257254516,0.6325733418367347
6c3a05812,True,0.21911371237458194,0.36989795918367346
5d1fa8ddf,True,0.5635666666666667,0.7428252551020408
68cdd6d6b,True,0.2751838235294118,0.4450135522959184
1171c9a41,True,0.30345833333333333,0.4514309630102041
3db150833,True,0.3299537037037037,0.5478714923469388
3b8b38508,True,0.4379166666666667,0.6786312181122449
2e1d4e279,True,0.089725,0.15634964923469388
c3cafb38c,True,0.04423333333333333,0.07704878826530612
a6e902691,True,0.5724083333333333,0.7550621811224489
e3f841674,True,0.37794375,0.4530452806122449
2cea63a41,True,0.21710648148148148,0.3717713647959184
9a3c966a9,True,0.30516183035714284,0.4493383290816326
27104e464,True,0.19739166666666666,0.3282844387755102
da8a47785,True,0.26794560185185184,0.4661391900510204
1ba11aaaa,True,0.48131944444444447,0.6205157844387755
e5164d828,True,0.24815,0.42109773596938777
a0dd85af0,True,0.4173394097222222,0.7955994897959183
0392c0c81,True,0.04987955729166667,0.08629623724489796
fff24fcb5,True,0.6689555797836053,0.8097098214285714
1195168b6,True,0.356,0.4180484693877551
accca912b,True,0.2274122807017544,0.4118502869897959
12d514ef2,True,0.19386780753968255,0.3268893494897959
17e6747da,True,0.5815139949109415,0.7085658482142857
0052dcf47,True,0.262201605158458,0.32840401785714285
cdb855a69,True,0.3858826112412178,0.5831672512755102
6f93a41c5,True,0.2799,0.4531847895408163
dc56ff89a,True,0.4029083333333333,0.6478396045918368
23379775f,True,0.2508,0.4174107142857143
fca85f778,True,0.26526041666666667,0.41597576530612246
87f4ea65f,True,0.3994386574074074,0.5976761798469388
97dc6aa32,True,0.2941166666666667,0.4157565369897959
bb4c6519d,True,0.1633564814814815,0.347476881377551
d95eabfe9,True,0.31154541015625,0.3939931441326531
146d950bc,True,0.31986875,0.4024234693877551
0b8614414,True,0.24336666666666668,0.42344945790816324
20d4ea30e,True,0.8711935028248587,0.9969507334183674
f98750599,True,0.3210807291666667,0.5159239477040817
fc9b4b692,True,0.36504059076682316,0.4684311224489796
487abc5e1,True,0.17532407407407408,0.36130819515306123
5c66641a1,True,0.3164178240740741,0.5090880102040817
518f86025,True,0.23790123456790124,0.4397122130102041
8dfe4da6a,True,0.37563038130381304,0.5076530612244898
94bcf0199,True,0.22133680555555554,0.48377710459183676
e758e4c0c,True,0.2940335648148148,0.4245057397959184
782eb0d9d,True,0.4483801498127341,0.7593072385204082
7fd7b7583,True,0.27703964194373404,0.36953922193877553
7687b7da2,True,0.7679052337398374,0.8736248405612245
203e2bd3c,True,0.2883,0.4737922512755102
6b0103c04,True,0.23567669172932332,0.41410235969387754
f99a5e817,True,0.51085,0.6456871811224489
157e3e074,True,0.2602333333333333,0.41994180484693877
68731378e,True,0.122975,0.21348852040816327
eb8aeff64,True,0.3382583333333333,0.486148756377551
79f8b048f,True,0.15664444444444445,0.34823421556122447
846e720dc,True,0.08248842592592592,0.14353475765306123
9744dcc69,True,0.5523856209150326,0.7237125318877551
a2ae5fa7d,True,0.31933268229166667,0.5372289540816326
b9d6b1488,True,0.5014214046822743,0.6971460459183674
1ffb40e20,True,0.3575385802469136,0.6188416772959183
1ee56e81a,True,0.46658456486042693,0.7016501913265306
f4415e636,True,0.3740046296296296,0.486507493622449
f91147e5f,True,0.09075520833333334,0.20731026785714285
2418f7929,True,0.32500833333333334,0.4053332270408163
0e4049f6d,True,0.5643146355915465,0.7890226403061225
daf1a8d08,True,0.11208106884057971,0.22353316326530612
1ba69dec6,True,0.333359375,0.5046436543367347
cfe285c5f,True,0.1027875,0.1343670280612245
92caf1d01,True,0.1846348067915691,0.34470663265306123
37bf6da18,True,0.355927734375,0.48166454081632654
24d9b76ae,False,0.0,
c0ca6dd73,True,0.16034166666666666,0.2786192602040816
6f72c46b5,True,0.287802734375,0.4331154336734694
c8fc0d746,True,0.18515,0.22991071428571427
7b8924342,True,0.07345,0.12609614158163265
b8bf2c090,True,0.38251543209876543,0.5840840242346939
44bba906d,True,0.37896158854166667,0.6100725446428571
7d1d7a4f6,True,0.09502574906367041,0.16737085459183673
fbaec0999,True,0.46902222222222223,0.6630460778061225
43b277272,True,0.25090833333333334,0.38584183673469385
36cc00cf3,True,0.22860532407407408,0.3850047831632653
4bff9728d,True,0.08231666666666666,0.14132254464285715
77fa5cdd7,True,0.22082175925925926,0.3522999043367347
a76983523,True,0.20725,0.2888034119897959
c60e6aff7,True,0.2275439453125,0.29195232780612246
3304185a1,True,0.32359953703703703,0.5230189732142857
d7dc2efde,True,0.4103,0.6758410395408163
59b224cc9,True,0.12334166666666667,0.21480389030612246
32ef0472e,True,0.25345,0.3860610650510204
4f7aa1d3c,True,0.240725,0.36122847576530615
8b63e1b21,True,0.12474751170960187,0.2439014668367347
7395053bc,True,0.2165551839464883,0.37513950892857145
88030e16e,True,0.14003333333333334,0.24314413265306123
694caa813,True,0.19910330756013744,0.26052295918367346
4eb61ccb3,True,0.4024914089347079,0.6455078125
99558286a,True,0.14125771604938273,0.3253148915816326
7f8955f6a,True,0.15147551546391752,0.25916772959183676
9397426ea,True,0.26388451443569555,0.3607900191326531
cb9cffdff,True,0.22143229166666667,0.3576610331632653
11960b9ed,True,0.22478395061728396,0.38651945153061223
9dd9f107d,True,0.21557758620689654,0.38456632653061223
58fe1756c,True,0.14446666666666666,0.31676498724489793
ebbf04d10,True,0.23341820987654321,0.40762515943877553
30dbb2e50,True,0.2263427734375,0.2768056441326531
3536e1efd,True,0.19574906367041198,0.36716757015306123
de993d8ad,True,0.243925,0.4106544961734694
d8c1859cb,True,0.50785,0.7383011798469388
9ef475fbe,True,0.19613333333333333,0.33882732780612246
7ca780c35,True,0.32655092592592594,0.5351761798469388
c039154f9,True,0.908561872909699,0.9540218431122449
4be73c550,True,0.380075,0.4575095663265306
4683d863b,True,0.34460833333333335,0.5339604591836735
ff05d4438,True,0.43927603036876356,0.5393614477040817
79b514f79,True,0.03902006172839506,0.08382493622448979
4e7a22c99,True,0.5005381944444445,0.6698022959183674
8c36b62a9,True,0.25198333333333334,0.4294483418367347
6d59be88d,True,0.3004783950617284,0.5516183035714286
181fb7dae,True,0.30631637168141596,0.45157047193877553
1aef9fc86,True,0.3281833333333333,0.5412747130102041
b386bb45c,True,0.4097062211981567,0.4646843112244898
b7fa5b815,True,0.26220703125,0.44760443239795916
070faf086,True,0.29172284644194757,0.48652742346938777
36a216956,True,0.19591796875,0.3275669642857143
ae524a36a,True,0.37755794701986756,0.5060586734693877
154d24447,True,0.1703428093645485,0.2895607461734694
9e0b14cf6,True,0.17036666666666667,0.29647640306122447
80fcac43d,True,0.16725555555555555,0.3514429209183674
a2b42f2e5,True,0.20222800925925927,0.34207589285714285
0baab7556,True,0.18837962962962962,0.41848692602040816
e825b8b9f,True,0.16333333333333333,0.22401147959183673
14357e2ed,True,0.36739700374531836,0.5634367028061225
056437112,True,0.08922067901234568,0.1590202487244898
abc69ab7f,True,0.41808125,0.5170798788265306
dd5797b7f,True,0.37425,0.46366788903061223
28c005011,True,0.2860243055555556,0.4267578125
dc0ee2c73,True,0.26606203007518797,0.3854830994897959
124f45c2b,True,0.2039887152777778,0.45938297193877553
bcf13ec9d,True,0.2234,0.37527901785714285
2d33077f2,True,0.17844328703703705,0.2941047512755102
842528c2a,True,0.54649169921875,0.6522042410714286
96a1bce27,True,0.11877205882352941,0.23317920918367346
d2dd62cf2,True,0.3507368421052632,0.5589923469387755
53549acd2,True,0.28639513108614234,0.5332828443877551
f981112a8,True,0.24803385416666668,0.40126753826530615
d83aa1f02,True,0.13144097222222223,0.2112763073979592
9e27976e9,True,0.0036946614583333332,0.00665656887755102
3a67f200f,True,0.15536666666666665,0.27012914540816324
c93c0faa3,True,0.14376666666666665,0.25061782525510207
c9439e71b,True,0.4671875,0.5646922831632653
9725bf4d2,True,0.44583084279737,0.5798588966836735
a58d8080b,True,0.5577958015267176,0.8233019770408163
796774834,True,0.4973148148148148,0.8228236607142857
db635ae93,True,0.1611400462962963,0.2759486607142857
137916924,True,0.3076833333333333,0.4857700892857143
30e66b835,True,0.4903,0.7984295280612245
1bd200942,True,0.437375,0.5910993303571429
ff7ff0f3c,True,0.3261547888386124,0.44204400510204084
64568c4a6,True,0.18189138576779026,0.34048150510204084
caf3220f8,True,0.3653,0.6682876275510204
2d837689d,True,0.095975,0.1666533801020408
cc8bf5e79,True,0.34274444444444446,0.5436662946428571
4a8caef08,True,0.6138583333333333,0.7139269770408163
642a88a93,True,0.23538541666666668,0.4729153380102041
5f2edae7c,True,0.15975260416666667,0.27650669642857145
a22c43e29,True,0.2231051873198847,0.3352598852040816
92c2878db,True,0.26978051391862956,0.3031529017857143
d0b61aedc,True,0.2514966555183947,0.3212292729591837
bd5ac00df,True,0.43844086021505374,0.5321468431122449
2db6c996b,True,0.1744875,0.2281170280612245
f7af4ce3d,True,0.11598524305555556,0.25516183035714285
102482c40,True,0.19578993055555555,0.3766342474489796
7d028bdea,True,0.22239166666666665,0.37454161352040816
c6556750a,True,0.44704758382643,0.6367785395408163
defc7be05,True,0.36346435546875,0.47148038903061223
209e4f717,True,0.2381076388888889,0.3174625318877551
303ecdb58,True,0.36789402173913044,0.4975685586734694
4c1a9d86f,True,0.34152702702702703,0.5080117984693877
8c17f26c4,True,0.16169166666666668,0.27208227040816324
7ddc32b12,True,0.31845947265625,0.4159558354591837
3e4f81782,True,0.35791666666666666,0.6014827806122449
f2755d8bf,True,0.4265335648148148,0.5649314413265306
cad137e83,True,0.30045155993431855,0.5064174107142857
0e8c2a1aa,True,0.2236984126984127,0.35429288903061223
b8d244dd5,True,0.34723333333333334,0.5556441326530612
4e00cd0ac,True,0.1681640625,0.2198860012755102
8563bddec,True,0.20662658368786846,0.3409797512755102
f3b4e3f5c,True,0.4558707865168539,0.5178372130102041
ca144ac2a,True,0.23765833333333333,0.39975286989795916
b612d6ba3,True,0.14775716145833334,0.25452407525510207
c517992c8,True,0.24335205992509362,0.4721580038265306
661bcb904,True,0.24943636363636362,0.3336654974489796
d6e342121,True,0.249033203125,0.3219666772959184
4e01721aa,True,0.2781133333333333,0.3643773915816326
b90e6ec69,True,0.026259765625,0.02796157525510204
bbff353ce,True,0.46016296296296294,0.7361886160714286
4a0cda147,True,0.911025,0.998046875
7a54b760e,True,0.05892746913580247,0.13626036352040816
4c5dd1f7c,True,0.27505833333333335,0.41896524234693877
7be394a98,True,0.499875,0.7758490114795918
87074d17f,True,0.14614583333333334,0.18809789540816327
a578345c4,True,0.3193416666666667,0.44814253826530615
052b0ada8,True,0.34029166666666666,0.4534438775510204
529025eb8,True,0.2834159281716418,0.43100286989795916
3d3aef491,True,0.2511792452830189,0.4362643494897959
c37cd2095,True,0.5146632124352332,0.6242028061224489
a79fe858d,True,0.2509967320261438,0.4253627232142857
fd279ad95,True,0.18705729166666665,0.4277941645408163
c1ba2169b,True,0.311425,0.32505580357142855
d01e08ee2,True,0.24945592822180843,0.4024633290816326
fc4b199fa,True,0.3472696940104167,0.4330556441326531
ed6684f3a,True,0.1361936090225564,0.26650191326530615
27bf3ae34,True,0.3763117283950617,0.6818598533163265
cec359a78,True,0.3277111111111111,0.5443439094387755
ebcdfedd2,True,0.36443333333333333,0.5443837691326531
7f4fb6f7e,True,0.35559166666666664,0.5438855229591837
6c5f1f0a3,True,0.43129436119873815,0.5327248086734694
d4c9eaede,True,0.42606666666666665,0.6403659119897959
bd30ea4fa,True,0.07744140625,0.1350047831632653
6dac572be,True,0.47097222222222224,0.6503706951530612
fb0180584,True,0.052426083138173304,0.10241948341836735
281e2d7e8,True,0.289077868852459,0.5576570471938775
bf74b13ab,True,0.26143229166666665,0.498046875
02d6020a9,True,0.30572614107883817,0.5235172193877551
12f9b8e6c,True,0.3160669191919192,0.6173668686224489
468cec390,True,0.2924333333333333,0.49998007015306123
b2a23ac85,True,0.2452314814814815,0.3891501913265306
a92b06d0f,True,0.5181666666666667,0.672492825255102
7af7d9cb6,True,0.27498371335504884,0.32376036352040816
99558ec92,True,0.366225,0.5219626913265306
4d20f6163,True,0.29591796875,0.32979910714285715
d6cfa5d4b,True,0.39620128827518464,0.5815330038265306
5e390710c,True,0.2947,0.5007971938775511
056cc22d2,True,0.5564525462962963,0.7406927614795918
204a3b926,True,0.2350244140625,0.28746811224489793
640e18ef0,True,0.4111622073578595,0.5353954081632653
b63d76ef4,True,0.32764166666666666,0.49776785714285715
8435e081c,True,0.49578595317725754,0.6253985969387755
9c580ca06,True,0.16213738368910782,0.36678890306122447
706c85343,True,0.04230833333333334,0.07382015306122448
94fa9ff25,True,0.23326666666666668,0.33346619897959184
06bf9e676,True,0.27903333333333336,0.3819953762755102
e25d4dcb1,True,0.2780137772675086,0.36941964285714285
5c810c552,True,0.21890299479166667,0.33420360331632654
54c2d49bb,True,0.313134765625,0.5274832589285714
30dd541af,True,0.5153395061728395,0.6288464604591837
3209cdc3c,True,0.29285714285714287,0.40854193239795916
9b980624e,True,0.3802141853932584,0.5558832908163265
6f3e5cbd8,True,0.11407877604166666,0.18395248724489796
4669945ed,True,0.180625,0.29161352040816324
1b932e373,True,0.2406058282208589,0.37838807397959184
59e24567e,True,0.10510833333333333,0.16557716836734693
50361acf5,True,0.3158444444444444,0.48329878826530615
50e35cd70,True,0.37651643990929706,0.4983059630102041
76288167b,True,0.23791735084838533,0.5089883609693877
f93283e0c,True,0.3409583333333333,0.3846061862244898
6be0a8fcd,True,0.2691851851851852,0.3996731505102041
151d50f53,True,0.1400810185185185,0.2434032206632653
a81084ff0,True,0.064425,0.11204559948979592
c712cfd20,True,0.2633625,0.342594068877551
467614705,True,0.06010833333333333,0.10477120535714286
88ac92eed,True,0.39009166666666667,0.5076331313775511
9fa760b69,True,0.274921875,0.4370017538265306
04e7d89c0,True,0.29135833333333333,0.4953563456632653
93f758039,True,0.2677,0.4412468112244898
85b57bb1e,True,0.193076171875,0.32441804846938777
0bc3f09be,True,0.144,0.20894451530612246
32148e0fc,True,0.2630246913580247,0.5876913265306123
da8d4a273,True,0.0951099537037037,0.1657764668367347
deeea2b65,True,0.15797916666666667,0.3341039540816326
12380b365,True,0.3094502314814815,0.5213448660714286
cc60d07c7,True,0.4200111111111111,0.5377471301020408
3a4178fe9,True,0.14695833333333333,0.2298309948979592
355743336,True,0.16889802631578948,0.29356664540816324
97db95d21,True,0.42518518518518517,0.6034558354591837
e42dc215d,True,0.23274475524475524,0.31698421556122447
2b5a3c81d,True,0.2748906386701662,0.3350207270408163
6029bf590,True,0.14972222222222223,0.2529296875
78ad8f1a2,True,0.49859166666666666,0.6624282525510204
3089a5bd8,True,0.06676875,0.08408402423469388
cb5597fb1,True,0.37144965277777775,0.5337213010204082
1a3a45096,True,0.12679765886287625,0.22136080994897958
382e4bddd,True,0.14346324906367042,0.25205277423469385
944db63df,True,0.1540277777777778,0.26640226403061223
1d03b6d7c,True,0.23571061140505584,0.3402622767857143
e3a5332ce,True,0.3354012345679012,0.5556839923469388
e5e083218,True,0.40088541666666666,0.5554846938775511
b75594e30,True,0.33169398907103825,0.6271922831632653
0bd2d5882,True,0.1857625,0.2197265625
ea319fdec,True,0.18316080729166667,0.2910953443877551
300337abe,True,0.37213541666666666,0.5388034119897959
90a967a14,False,0.0,
76358e754,True,0.3925416666666667,0.5646324936224489
8dd958339,True,0.26061666666666666,0.3365951849489796
796382bf4,True,0.26716586794462194,0.41782924107142855
81a176a02,True,0.35745,0.3817163584183674
67e7da152,True,0.2273,0.35024713010204084
d721ed589,True,0.24786535303776683,0.46536192602040816
1a018ef15,True,0.16116666666666668,0.2757095025510204
1bb0600a7,True,0.2739043209876543,0.5122967155612245
e04df6caf,False,0.0,
faf6a8cd0,True,0.10493333333333334,0.15906010841836735
86d203b94,True,0.666188524590164,0.7153419961734694
2e6fc0342,True,0.4143576388888889,0.75
f849d1829,True,0.43255,0.6334103954081632
32918fcdf,True,0.11858642578125,0.15443638392857142
abdeff83f,True,0.2847280092592593,0.3518813775510204
8311f29c4,True,0.3378464419475655,0.4628109056122449
69c8c9463,True,0.23983333333333334,0.35776068239795916
aefafcc66,True,0.07238425925925926,0.11782525510204081
228d72748,True,0.24035300925925926,0.3727479272959184
e21d09b79,True,0.14042100694444445,0.27303890306122447
833c51fd2,True,0.3682890365448505,0.5931919642857143
38e12233c,True,0.2704108796296296,0.4444953762755102
4d6a996c1,True,0.28836666666666666,0.48782286352040816
52238d3bf,True,0.4324979114452799,0.5614835778061225
e99c4a55d,True,0.10882378472222222,0.25296954719387754
727a1c793,True,0.18606481481481482,0.37575733418367346
24afd5f54,True,0.28196666666666664,0.4881218112244898
d2d9924f0,True,0.261762962962963,0.37952407525510207
5419155f2,True,0.372505787037037,0.544304049744898
48f5de7e9,True,0.33943603515625,0.43997130102040816
cad1a9f54,True,0.3924125,0.45962213010204084
952501bdb,True,0.37495833333333334,0.6173070790816326
798f4a1e4,True,0.45235,0.6729711415816326
98c17f102,True,0.29667824074074073,0.4724968112244898
4a67bf90d,True,0.35091666666666665,0.42540258290816324
e152df77a,True,0.4030416666666667,0.5740393813775511
26627b528,True,0.3444580078125,0.43203922193877553
2c15f3086,True,0.40034995625546804,0.5888073979591837
ced0659f2,True,0.1001,0.20266661352040816
bea0802eb,True,0.4806666666666667,0.6879982461734694
066521b34,True,0.45976666666666666,0.6027981505102041
bd37ccdd5,True,0.29368333333333335,0.4602200255102041
35f8b4bff,True,0.5231324404761905,0.6960100446428571
5b56430cd,True,0.4265335648148148,0.5649314413265306
36ab1bdc9,True,0.160275,0.21340880102040816
d6ad64584,True,0.588225,0.7540258290816326
492fe3371,True,0.3842534722222222,0.46488360969387754
4e4ba4429,True,0.49122807017543857,0.7780412946428571
d111847a0,True,0.31689623507805326,0.5167610012755102
ab2bb4a0c,True,0.4462058823529412,0.6120256696428571
9e25c09b2,True,0.09147569444444445,0.21201371173469388
ff832cb7e,True,0.16949629629629628,0.2619579081632653
3de6bc035,True,0.0385807037278235,0.08043686224489796
854319675,True,0.27309368191721134,0.22861527423469388
51df78553,True,0.31454444444444446,0.6199178890306123
fb8efea32,True,0.025891666666666667,0.045041454081632654
40b53f6c2,True,0.1790972222222222,0.3016780931122449
9951b9762,True,0.012755555555555555,0.021863042091836735
19d7de899,True,0.5788657407407407,0.7436423788265306
eb42f77fd,True,0.3309201388888889,0.4582669005102041
ab09748d1,True,0.543857421875,0.6842315051020408
98e211da3,True,0.4924294431731503,0.6333107461734694
d4aa3713a,True,0.22964506172839505,0.5141302614795918
c0771fde0,True,0.24847777777777777,0.4473254145408163
009239f92,True,0.2764083333333333,0.4639867665816326
b2056e185,True,0.44493333333333335,0.7217793367346939
4f678d1cf,True,0.5105827067669173,0.6855269451530612
b7d753c5a,True,0.42735099337748345,0.6179647640306123
2e85b81d7,True,0.5562174479166667,0.622688137755102
400e57095,True,0.1984375,0.25916772959183676
848c1d759,True,0.15266666666666667,0.2627551020408163
6d4bdde4c,True,0.2743142361111111,0.4850526147959184
ebba4f83b,True,0.2020949074074074,0.3268295599489796
4c1981df1,True,0.11139166666666667,0.1937579719387755
378406cf4,True,0.5281712962962963,0.5150669642857143
c9a00b80f,True,0.117744140625,0.2045001594387755
2398599fc,True,0.47039748953974897,0.5319475446428571
27e458086,True,0.5017333333333334,0.6984016262755102
7439df9c4,True,0.3429699248120301,0.42544244260204084
1d777bbcd,True,0.3737078651685393,0.47636320153061223
6679c179c,True,0.3004571759259259,0.4169323979591837
15a491e20,True,0.32141891891891894,0.47823660714285715
fe3a83fe5,True,0.35486666666666666,0.462711256377551
e0dbd7901,True,0.31848290598290596,0.5104033801020408
c93e37265,True,0.2797803217821782,0.35664461096938777
577de26db,True,0.31291341145833335,0.44381776147959184
1076dcc35,True,0.4350125313283208,0.5486886160714286
29bf0cb2c,True,0.40617843232309725,0.5292570153061225
5980b0699,True,0.7902264819558052,0.9722377232142857
d73b2a4c6,True,0.408927304964539,0.6792091836734694
dc20a0cea,True,0.35716145833333335,0.5252511160714286
14c6c68e2,True,0.45503333333333335,0.43502869897959184
6593bd2a2,True,0.3541782407407407,0.5462970344387755
afaadb62f,True,0.2940333333333333,0.42703683035714285
ca39f5e93,True,0.27563333333333334,0.4605189732142857
1ec7dc903,True,0.19327777777777777,0.44595025510204084
a2037a7b0,True,0.19895,0.313297193877551
227580301,True,0.08620225694444444,0.19989636479591838
f95b39c6f,True,0.17337962962962963,0.3581393494897959
ff10041de,True,0.21534722222222222,0.4350087691326531
a7eb03730,True,0.29248779296875,0.3689014668367347
f1cc9dd25,True,0.1758203125,0.22971141581632654
385028a00,True,0.34391203703703704,0.5500039859693877
8bcb0a0e6,True,0.41631666666666667,0.49184869260204084
bc14f3a48,True,0.7047106481481481,0.7893215880102041
e92ed29c2,True,0.3220449050086356,0.36698820153061223
a655655d4,True,0.36352430555555554,0.5301538584183674
8140d2734,True,0.489796875,0.5407166772959183
0fe58286d,True,0.28915833333333335,0.44624920280612246
f47fc05a6,True,0.43277925531914896,0.5639150191326531
62e2e9071,True,0.18124166666666666,0.31570870535714285
1f2c63312,True,0.4926438053097345,0.6182238520408163
00648f96f,True,0.46258333333333335,0.6942960778061225
f70a1bf5d,True,0.23021809895833334,0.3850845025510204
da5295aaf,True,0.21415833333333334,0.3304966517857143
afec4c35e,True,0.25154296875,0.42410714285714285
73066f6ff,True,0.19897569444444443,0.33962452168367346
6af981c61,True,0.2881712962962963,0.47132095025510207
5685ae208,True,0.42407470703125,0.5318279655612245
f60ee7233,True,0.02251736111111111,0.03932158801020408
f67dcb4b3,True,0.16671052631578948,0.3172233737244898
140ef35de,True,0.2147511574074074,0.34139827806122447
7f7e9db52,True,0.3049067112225007,0.4348692602040816
28ec2de89,True,0.3042438271604938,0.5254504145408163
d50b449f0,True,0.2862,0.3530373086734694
5d2f7761c,True,0.23788773148148148,0.3483936543367347
cf795bb00,True,0.5059131493506493,0.6450693558673469
896bb46bd,True,0.36395833333333333,0.5185546875
f6c91bc20,True,0.3313833333333333,0.5016940369897959
c0bc43dd6,True,0.33069444444444446,0.6072823660714286
85094deda,True,0.1230859375,0.20579559948979592
edef78673,True,0.35749375,0.45705117984693877
95a89f5f2,True,0.2193,0.36196588010204084
61dc8345a,True,0.555577761627907,0.6996970663265306
bde802b84,True,0.14126157407407408,0.2390186543367347
125522846,True,0.19790833333333332,0.34231505102040816
4a1702099,True,0.3306365740740741,0.44284119897959184
29aa0b74b,True,0.216748046875,0.32692920918367346
eea15297e,True,0.0857,0.14913504464285715
b421d0d48,True,0.40924812030075186,0.5013950892857143
e1f08c5b2,True,0.24355324074074075,0.38620057397959184
611970ebc,True,0.32909565423702003,0.47604432397959184
e25112cac,True,0.3587712236533958,0.49318399234693877
29466dcf4,True,0.323325,0.43959263392857145
5bc5b43ae,True,0.0728,0.08978396045918367
6348b55cb,True,0.43225694444444446,0.6812021683673469
71f245b82,True,0.35959375,0.6590800382653061
245434d5d,True,0.15340633656509695,0.32631138392857145
c70a3fcc5,True,0.21671666666666667,0.37731186224489793
dbc39e84b,True,0.4333767361111111,0.6310985331632653
f0057428e,True,0.21258101851851852,0.3330875318877551
3afe6f1fc,True,0.058547453703703706,0.10168207908163265
70be9c861,False,0.0,
2931d3eac,False,0.0,
f77452d59,True,0.43094945355191255,0.5349569515306123
2f72b9f33,True,0.273994140625,0.3444276147959184
a662626a6,True,0.6137795275590551,0.8845663265306123
e21ecf520,True,0.5953166666666667,0.8200135522959183
077001793,True,0.4372668810289389,0.6259367028061225
689e4e3bf,True,0.14807692307692308,0.2522720025510204
310ea711c,True,0.0673828125,0.11820392219387756
1f949d065,True,0.21688333333333334,0.3529575892857143
1dcb1fe2f,True,0.6164473684210526,0.7815489477040817
9b251f717,True,0.249416928721174,0.4425422512755102
c49629a90,True,0.5031583333333334,0.5909199617346939
bda912e4e,True,0.6275583333333333,0.6697225765306123
ee5ceb065,True,0.1308888888888889,0.23060825892857142
2430b50b4,True,0.16770833333333332,0.29159359056122447
b03c17502,True,0.015777994791666666,0.027363679846938774
a710da2ab,True,0.20581666666666668,0.27200255102040816
a1d8d917c,True,0.037627314814814815,0.06554926658163265
55e32b4b7,True,0.20173502604166665,0.29647640306122447
27a8bdbf8,True,0.28474166666666667,0.48319913903061223
f0ee32b27,True,0.18397569444444445,0.3200733418367347
591f1d67c,True,0.21433333333333332,0.3600526147959184
b1e590596,True,0.4972083333333333,0.6352838010204082
66f6cd1cb,True,0.3259737827715356,0.6145368303571429
c54b26d73,True,0.42486111111111113,0.5916573660714286
7ed1216f9,True,0.7653516179152875,0.9332948022959183
ea303d329,True,0.3140464620419497,0.4590441645408163
0c2e0fc7d,True,0.18084558823529412,0.16386320153061223
a8b9d57b4,True,0.14584635416666666,0.3294005102040816
4ea7c5d48,True,0.06528935185185185,0.11383928571428571
70aa95825,True,0.3955921052631579,0.7718829719387755
f024e91b9,True,0.4341449652777778,0.5319076849489796
c842fa148,True,0.278875,0.39684311224489793
25f6db0fd,True,0.24586805555555555,0.3693000637755102
c23b2926e,True,0.26590169270833336,0.35610650510204084
76a063a20,True,0.33536666666666665,0.4884008290816326
6a8d98847,True,0.4411921296296296,0.5541294642857143
a5bed2b62,True,0.16949652777777777,0.2948022959183674
8167f58bb,True,0.6190319548872181,0.7915138711734694
04e829d49,True,0.4122602070429882,0.602180325255102
86f7b4013,True,0.39297991071428573,0.5285196109693877
2de32b48a,True,0.30405,0.4895766900510204
cd5a7effb,True,0.22745940783190066,0.39554767219387754
a2a899dab,True,0.49918981481481484,0.6191007653061225
2fcdfb0e1,True,0.22976190476190475,0.4210180165816326
ea433c341,True,0.4628992450638792,0.6746851084183674
5a7207717,True,0.43117431640625,0.5539301658163265
fc8220250,True,0.0980324074074074,0.1708386479591837
1ca9db40b,True,0.209775,0.3620057397959184
7f51a7e88,True,0.1329515050167224,0.22907366071428573
b593502c5,True,0.10725833333333333,0.1865234375
9f02a1c14,True,0.11286875,0.14748086734693877
c4e0d125b,True,0.36668125,0.44772401147959184
ea7ec0562,True,0.43917910447761194,0.6068638392857143
eb900ff8a,True,0.607626953125,0.8367346938775511
cf51903db,True,0.16841688131563304,0.25759327168367346
37438ea50,True,0.37690199335548175,0.594367825255102
21b90ff68,True,0.2591261574074074,0.3253547512755102
b7d23de06,True,0.211425,0.3570033482142857
2ee5073bc,True,0.3209490740740741,0.5149872448979592
86f40e2b4,True,0.36338485663082437,0.5049226721938775
924cc5438,True,0.29730833333333334,0.5092873086734694
6f3e4618d,True,0.7240509259259259,0.8548309948979592
467aed7e3,True,0.43607620320855617,0.5381058673469388
733f9942b,True,0.7585243055555555,0.9008689413265306
0a9f9f178,True,0.14468424479166667,0.20860570790816327
283424d80,True,0.23219907407407409,0.3848254145408163
8fa2d16db,True,0.4044979079497908,0.539680325255102
6ea58b8ac,True,0.44125434027777777,0.5972177933673469
bedd7f1e7,True,0.29302134646962236,0.3402822066326531
b551658f4,True,0.07728333333333333,0.13428730867346939
b2c120250,True,0.38825174825174824,0.5580556441326531
451bf38f1,True,0.234443359375,0.275569993622449
e61aceb9e,True,0.2528125,0.3413783482142857
12d48709c,True,0.16447599531615925,0.3217673788265306
f680cd37a,True,0.22626543209876543,0.5021723533163265
f4f5588c6,True,0.16055555555555556,0.34873246173469385
9af15c8f1,True,0.19729166666666667,0.33083545918367346
b7da4e981,True,0.23055,0.3403419961734694
19caeb6b5,True,0.3024131944444444,0.4323580994897959
c919eb44b,True,0.3880546240948632,0.5678411989795918
60f317698,True,0.2061796171171171,0.3234813456632653
04a6267e4,True,0.38944931773879143,0.6213129783163265
060b52c3b,True,0.343916015625,0.5692960778061225
d919bd302,True,0.45498076923076924,0.5377869897959183
96ba0193d,True,0.1282349537037037,0.22311463647959184
e2b5913e7,True,0.45013798896088314,0.5802574936224489
e19ee42ce,True,0.38604269293924465,0.5929926658163265
86c412966,True,0.23960833333333334,0.31383529974489793
a4385e043,True,0.25825810185185183,0.3990951849489796
e58eb3249,True,0.48647959183673467,0.5707310267857143
dfff88c90,True,0.207314453125,0.35415338010204084
3625dd7cf,True,0.575175,0.7529496173469388
dcf2641f2,True,0.29788773148148145,0.48341836734693877
e910d17de,True,0.07612040133779265,0.13301179846938777
e1c40a1eb,True,0.1088,0.18763950892857142
c8779a4a1,True,0.32605,0.5408960459183674
c90558513,True,0.2526157407407407,0.48947704081632654
6da65afb8,True,0.025853909465020575,0.04926658163265306
b4475834d,True,0.22736666666666666,0.3829320790816326
204ca9f14,True,0.20625434027777778,0.3920798788265306
6bf7eec1e,True,0.4247,0.6082589285714286
54224dada,True,0.11155442804428044,0.24449936224489796
818cf6f02,True,0.7710580524344569,0.9530054209183674
35b51bb28,True,0.04429166666666667,0.07692920918367346
72acdecb7,True,0.37700833333333333,0.6174864477040817
c05a9c0c8,True,0.4583083333333333,0.7178332270408163
0ce80622f,True,0.27757475083056476,0.42679767219387754
9668972cc,True,0.42673958333333334,0.6456871811224489
8e372fc09,True,0.33823333333333333,0.44029017857142855
8ff66c239,True,0.08308888888888889,0.19242267219387754
19bdaed52,True,0.24602623456790124,0.5116390306122449
3e373923e,True,0.46875,0.6039740114795918
f376f922e,True,0.4295899470899471,0.5526546556122449
b8dd18a5a,True,0.4470659722222222,0.6384725765306123
da8859f46,True,0.24498263888888888,0.3745814732142857
5f2623cb9,True,0.5422384937238494,0.665397799744898
92bf4bb1a,True,0.5291985720198675,0.6331313775510204
f77a10b5f,True,0.3391071428571429,0.480289381377551
8a99dadaf,True,0.6628674540682414,0.7786192602040817
bee25f46d,True,0.415225,0.38022161989795916
30ca259ed,True,0.3309166666666667,0.4813257334183674
dcefbb974,True,0.28760416666666666,0.44704639668367346
51d3a70bf,True,0.3239138576779026,0.4331752232142857
5e08b9ce5,True,0.2989044943820225,0.5623604910714286
c924a03e8,True,0.07868055555555556,0.18004623724489796
3595648ea,True,0.30807407407407406,0.40431680484693877
1667eb8a4,True,0.2762,0.4112523915816326
dcdefed1a,True,0.3073996913580247,0.5211057079081632
760c7d8ac,True,0.12619926199261994,0.2919124681122449
48333a921,True,0.12319966281310211,0.12755102040816327
f068b8fdd,True,0.7770880149812734,0.9003507653061225
24993107f,True,0.130975,0.22781808035714285
7e29d5a9d,True,0.1594849537037037,0.27664620535714285
12e747332,True,0.1475390625,0.2449577487244898
ea1736eec,True,0.48787841796875,0.5657485650510204
1555b08c9,True,0.4917822265625,0.5718072385204082
7e681c7eb,True,0.25287037037037036,0.48596938775510207
deda21b9a,True,0.3052256944444444,0.4481226084183674
81d38d5ec,True,0.32688333333333336,0.5321468431122449
f6ae0d580,True,0.21705,0.37366470025510207
1bd13d3e5,True,0.23133333333333334,0.3816764987244898
44817c8f4,True,0.2277951388888889,0.33460220025510207
41bc94422,True,0.47169375,0.5933713329081632
af86d93ba,True,0.22975833333333334,0.3742625956632653
24ee3b57d,True,0.20556396484375,0.2683952487244898
d1a67cee6,True,0.15042293233082707,0.29139429209183676
943bcd4db,True,0.18298177083333333,0.2824657206632653
352522dbd,True,0.25626298476454296,0.29707429846938777
2e4eb9198,True,0.19810833333333333,0.3454440369897959
0e4ef28c9,True,0.38848333333333335,0.6401466836734694
c06b6d8bf,True,0.690962643678161,0.8260124362244898
d3411347b,True,0.6367685149373556,0.7770647321428571
cfd819dd9,True,0.6401520593869732,0.8092514349489796
1a2f33fec,True,0.3332407407407407,0.5080915178571429
44c8447f9,True,0.25079588014981274,0.36389907525510207
1a3da2ae5,True,0.47955,0.7072305484693877
1c2f669f2,True,0.2679529282977559,0.45388233418367346
cc463360a,True,0.449258658008658,0.5528938137755102
2469e58fd,False,0.0,
42444811d,True,0.457037037037037,0.6242625956632653
fc9773fa5,True,0.240875,0.40341996173469385
89fd79488,True,0.275187125748503,0.42972735969387754
988f48ca6,True,0.333625,0.5530532525510204
bcd6d7e62,True,0.5952814569536424,0.6949139030612245
b12b6dc93,True,0.3519924812030075,0.6152144451530612
ba6ea2d18,True,0.4550749142830304,0.6036152742346939
31da37bc0,True,0.2207190635451505,0.34512515943877553
9fce612cf,True,0.1445066889632107,0.25223214285714285
2b31f1be3,True,0.27971666666666667,0.40100845025510207
49c8a0216,True,0.0926925505050505,0.1465441645408163
662af5b80,True,0.18849824100093188,0.2989875637755102
a3d4585c2,True,0.49615546218487394,0.6002471301020408
7ba2a5c50,True,0.3770486111111111,0.5489078443877551
ae0076e01,True,0.21227422003284072,0.47767857142857145
919768bb5,True,0.3447145061728395,0.5740792410714286
6b685abae,True,0.28701342281879194,0.4789939413265306
49360414f,True,0.5818333333333333,0.8345424107142857
ca3312b77,True,0.620462962962963,0.8864795918367347
859426703,True,0.3796158854166667,0.5044842155612245
a428c4daf,True,0.16948504983388704,0.2641501913265306
5c4742e35,True,0.24947615606936416,0.3330676020408163
e064d3504,True,0.277859778597786,0.6118064413265306
50e061767,True,0.45648953301127215,0.78125
797bcabfd,True,0.41619791666666667,0.6187619579081632
f653550ac,True,0.12380787037037037,0.20549665178571427
241b90aaa,True,0.4913207257072571,0.6099330357142857
b0b33bec3,True,0.3557677902621723,0.6468032525510204
c68f66799,True,0.3658,0.5679009885204082
00c71a320,True,0.051291666666666666,0.08956473214285714
1238ed024,True,0.19857253086419754,0.37270806760204084
ee7c25387,True,0.4554666666666667,0.6750438456632653
8c5bf2766,True,0.3085787835249042,0.3422353316326531
11b9089f7,True,0.6390901137357831,0.8475366709183674
4cfee2fbe,True,0.3146833333333333,0.4651626275510204
9b95ec85b,True,0.45380497685185184,0.6375358737244898
9ef11ed6e,True,0.16261574074074073,0.27403539540816324
5fcb3804f,True,0.11439453125,0.19597018494897958
d67c5c6cf,True,0.26220238095238096,0.37661431760204084
68f3cfdcb,True,0.13135,0.17149633290816327
02cd64831,True,0.5093055555555556,0.6062260841836735
37ed9080d,True,0.2216898148148148,0.46950733418367346
7a9ca7419,True,0.07040833333333334,0.12254862882653061
022b37ea0,True,0.2043606171548117,0.23652742346938777
edf80e3cc,True,0.07811053240740741,0.1621890943877551
9012ebabb,True,0.46392939814814815,0.6601363201530612
45c2eb379,True,0.2859195402298851,0.49547592474489793
b94ddd6a9,True,0.34958333333333336,0.5501434948979592
69e10dd04,True,0.19005833333333333,0.3143335459183674
123f15578,True,0.4831166666666667,0.6019411670918368
1a952e440,True,0.27725625,0.33872767857142855
fd2cc8576,True,0.4270289855072464,0.5777264030612245
92189aa31,True,0.24220052083333332,0.29984454719387754
b3185d954,True,0.3489875,0.22546635841836735
ae0bc846b,True,0.18141666666666667,0.29482222576530615
3d7275647,True,0.20976875,0.27377630739795916
3cfec8730,True,0.16885451505016721,0.2836814413265306
9c3f9ca37,True,0.33375353857041756,0.38345025510204084
143760a33,True,0.30743408203125,0.38235411352040816
e42fd0fed,True,0.22636666666666666,0.3934749681122449
7c37095b6,True,0.14673611111111112,0.2809311224489796
66b978701,True,0.2864583333333333,0.5367904974489796
6627a8ab8,True,0.541425,0.7983298788265306
62887c0ea,True,0.3699732142857143,0.6004464285714286
e3d10f7cc,True,0.21363324175824175,0.2801139987244898
074042a24,True,0.14224279835390946,0.24627311862244897
5bc5e3faa,True,0.30830833333333335,0.5056401466836735
89a396d79,True,0.1941488436793601,0.4360849808673469
91f5bb21f,True,0.25275,0.4161750637755102
6c3222742,True,0.37005576208178437,0.5949457908163265
199f37bc2,True,0.14445601851851853,0.2365672831632653
adff46aad,True,0.2500692137320044,0.27748325892857145
6ea2ddaf2,True,0.24971478684682308,0.43395248724489793
b53990a1d,True,0.19523333333333334,0.3384486607142857
31893804f,True,0.10652018229166667,0.1657764668367347
c36943627,True,0.318610876303184,0.3999521683673469
df7aa79a4,True,0.33573333333333333,0.5538305165816326
c226ecabd,True,0.3124710648148148,0.45137117346938777
37bbc6060,True,0.17982276119402985,0.259944993622449
144ad89a5,True,0.43799342105263156,0.6167091836734694
9c91ae76a,True,0.6505997304582211,0.8131377551020408
a427984f4,True,0.25243333333333334,0.3158482142857143
48f20f515,True,0.277662037037037,0.4329161352040816
a7fd7a703,True,0.4002673350041771,0.6933195153061225
d2b59ecaa,True,0.1658368142578669,0.3317123724489796
c8f5f9120,True,0.3910666666666667,0.6106305803571429
515d9508a,True,0.2342,0.39457110969387754
a7a28b4f4,True,0.37101666666666666,0.44786352040816324
9aa2d99f5,True,0.208825,0.3448062818877551
86bf33207,True,0.09613837020795185,0.16753029336734693
5902c3051,True,0.19656828703703705,0.30869339923469385
3a7d3c17e,True,0.5612123745819398,0.7795958227040817
a8da358d1,True,0.47885833333333333,0.5793407206632653
829ea64cc,True,0.4897416666666667,0.7665019132653061
54b0c0564,True,0.279675,0.47604432397959184
6f28d2ab3,True,0.3525083333333333,0.5993104272959183
29e6c171d,True,0.2039163843675122,0.3332469706632653
2db964259,True,0.28120949074074075,0.3538145727040816
c98188040,True,0.3780246913580247,0.39391342474489793
bca8b44ae,True,0.233075,0.40116788903061223
e76b8eeb2,True,0.32819166666666666,0.5303730867346939
183c947eb,True,0.2791829427083333,0.47106186224489793
7f5e7cf4a,True,0.22887152777777778,0.35658482142857145
0e0d0a9af,True,0.3399151614668856,0.6014229910714286
6cb63297c,True,0.1957,0.33639588647959184
229beedff,True,0.255927734375,0.301578443877551
b617ce1ce,True,0.22703993055555555,0.3305763711734694
4d75e5771,True,0.2361651234567901,0.5014748086734694
36b57b1ee,True,0.33717592592592593,0.5383051658163265
ef86c51b2,True,0.3711482558139535,0.4555564413265306
5b539effd,True,0.2523996913580247,0.5304528061224489
b3f69b209,True,0.12916666666666668,0.1934191645408163
a1fb1b5bb,True,0.3378846153846154,0.5241749043367347
90caf70eb,True,0.3854143099547511,0.6266143176020408
c219bf074,True,0.24319166666666667,0.3690210459183674
5dace0494,True,0.4551236979166667,0.6787707270408163
58ef3eec9,True,0.34125,0.4479830994897959
919a7dd34,True,0.23430833333333334,0.4024234693877551
80034deb8,True,0.2452224185000803,0.3215880102040816
6dac8ec35,True,0.30793333333333334,0.4205994897959184
69f9ebfbc,True,0.7059142394822007,0.8404815051020408
41b98eea2,True,0.4054485049833887,0.6408043686224489
91e1bffc5,True,0.26583984375,0.3469786352040816
bb1775dbe,True,0.32024305555555554,0.5523557079081632
858854bb5,True,0.13154166666666667,0.22809709821428573
cf6995fef,True,0.30985221674876845,0.6201769770408163
0d440b00e,True,0.14131074596190876,0.27158402423469385
d1878035a,True,0.22886666666666666,0.3907844387755102
b86b0db65,True,0.28726666666666667,0.5462173150510204
7448f3165,True,0.20969101123595504,0.33095503826530615
948f580dd,True,0.5719097222222222,0.8151506696428571
05bde54cc,True,0.2706076388888889,0.5774473852040817
7e48ad81b,True,0.17446180555555554,0.30391023596938777
a79983c71,True,0.2736166666666667,0.43787866709183676
4a9d058f6,True,0.7135775947806023,0.8881935586734694
de41ebc79,True,0.26407581290210397,0.44242267219387754
a8e5ae23a,True,0.26418212890625,0.3369937818877551
ada44e887,True,0.21398726851851851,0.3356983418367347
8378c8af1,True,0.115925,0.20202885841836735
71e5aca0a,True,0.016981390257252326,0.039959343112244895
a124a31ee,True,0.32538333333333336,0.5165617028061225
1e115d8ff,True,0.09212962962962963,0.16597576530612246
5f235ec16,True,0.3280439814814815,0.5224011479591837
554965e66,True,0.259725,0.4211375956632653
f33f3512e,True,0.09595833333333334,0.1665935905612245
2b38b60d2,True,0.3180056179775281,0.4853515625
fff4a6420,True,0.48013605038022816,0.6868024553571429
f5170bc70,True,0.233037109375,0.26076211734693877
c32eb7405,True,0.5131494413407821,0.6759805484693877
ce50f376f,True,0.56658447265625,0.7109375
09e9110e2,True,0.23429976851851853,0.38137755102040816
42fc9a244,True,0.3403877887788779,0.5309111926020408
21ae91701,True,0.404723991507431,0.480289381377551
fbb3db415,True,0.4352776318094237,0.5777264030612245
d6e372a1d,True,0.28892333984375,0.35220025510204084
cbdeed3f9,True,0.38946533203125,0.500617825255102
df8425410,True,0.6621616541353383,0.8519810267857143
ec53a8725,True,0.2943926202321725,0.3996532206632653
24d3b54ec,True,0.3698148148148148,0.6828563456632653
dd2452dfa,True,0.0779180602006689,0.13337053571428573
9223ae4c4,True,0.24074652777777777,0.38418765943877553
b5ff2b987,True,0.15689338235294117,0.2383410395408163
bdbe9a6e3,True,0.1293,0.1685467155612245
4f6c8d13e,True,0.44506305432372506,0.5774075255102041
c135e081f,True,0.30883333333333335,0.5147480867346939
1dff1959b,True,0.1139525462962963,0.19794323979591838
d1da78c20,True,0.2510730088495575,0.35018734056122447
35fdb89c9,True,0.20295524691358025,0.4343311543367347
7d6847fba,True,0.08350260416666666,0.11908083545918367
5a5ec1a49,True,0.009058333333333333,0.015684789540816327
483f1aae8,True,0.27216666666666667,0.4580875318877551
2ff9e9534,True,0.494758064516129,0.6526028380102041
896e733b5,True,0.5212574019245003,0.6256975446428571
28d20bc71,True,0.3906233933161954,0.48794244260204084
784d3319e,True,0.22175925925925927,0.29137436224489793
89dd8e9e9,True,0.11472687167510055,0.16408242984693877
2b980afbc,True,0.7785384615384615,0.8812978316326531
f1b5c8b92,True,0.4105034722222222,0.5497050382653061
ab385bfae,True,0.245,0.34703842474489793
04f7eafde,True,0.4821369294605809,0.8208904655612245
8fc22fd2c,True,0.4581423611111111,0.7182517538265306
fe83618e5,True,0.193575,0.2995655293367347
27e6b452b,True,0.24962962962962962,0.41440130739795916
53ac79c6c,True,0.5451864406779661,0.6990194515306123
11b20ee8f,True,0.3361838400900901,0.5491470025510204
8a7fcc8cd,True,0.4966083286181622,0.6922233737244898
6868acfce,True,0.37679012345679014,0.5322265625
339a623c4,True,0.16619565217391305,0.2793566645408163
0073c33d0,True,0.5003929765886288,0.7057358099489796
3f222f11f,True,0.20034166666666667,0.3423349808673469
34fcc459a,True,0.23668539325842697,0.45836654974489793
9d3d3b938,True,0.38204122340425534,0.5026705994897959
e4deffd71,True,0.19646666666666668,0.43783880739795916
59d95faef,True,0.26348333333333335,0.3928172831632653
4b2150d3a,True,0.5469569288389513,0.6522441007653061
20ba919c6,True,0.2702973977695167,0.49898357780612246
79075eca4,True,0.06865833333333334,0.1197983099489796
3101ea018,True,0.3095023148148148,0.38374920280612246
412b8d565,True,0.28987480438184665,0.3624641262755102
db33da35e,True,0.21710966542750929,0.41689253826530615
b25ad3ff0,True,0.48835284280936453,0.6365991709183674
63dad490d,True,0.4708834586466165,0.6693239795918368
f44a6cdaf,True,0.5152734375,0.6118064413265306
5601bd45c,True,0.18856846473029046,0.36684869260204084
7964fc4ad,True,0.26385,0.45224808673469385
6c196faec,True,0.384,0.5722257653061225
8054aad26,True,0.3468196614583333,0.5385044642857143
a111adc75,True,0.19090806480642572,0.2575135522959184
6831a72fd,True,0.5354745370370371,0.6524832589285714
67d853896,True,0.13719907407407408,0.2616390306122449
b3b6d78f5,True,0.51578125,0.6843909438775511
1bf044649,True,0.5682449494949495,0.8125996492346939
35cc85250,True,0.13155833333333333,0.22263632015306123
2959602fc,True,0.3287333333333333,0.5170798788265306
f0b2787f5,True,0.21289200173973033,0.33970424107142855
bec49d8b7,True,0.1453395061728395,0.3160873724489796
fd9a060d7,True,0.14324074074074075,0.22283561862244897
96703e01d,True,0.17618439457519916,0.4741709183673469
1123cd69d,True,0.21188657407407407,0.3276267538265306
bf5c5cded,True,0.3290568862275449,0.4819435586734694
ecad98f44,True,0.2320949074074074,0.4009486607142857
6c551fd9b,True,0.38919189453125,0.4804089604591837
5bee46079,True,0.2503414351851852,0.3057238520408163
2dd31e8ff,True,0.28717966573816156,0.40517378826530615
5b72e14bf,True,0.19688232421875,0.25685586734693877
869a1634e,True,0.3348224765258216,0.5218630420918368
f61c4cead,True,0.35451822916666664,0.48046875
fe5dc391c,True,0.3236863425925926,0.5313496492346939
c1816081f,True,0.2732175925925926,0.4608777104591837
7d73574ed,True,0.45034126732507435,0.6305604272959183
7c787403c,True,0.1947265625,0.31831951530612246
484af2d62,True,0.04836142322097378,0.09516501913265306
a2b2f53be,True,0.5215065105540124,0.6053890306122449
a6e37f91b,True,0.37075278810408924,0.6152543048469388
b02fcb74b,True,0.15073333333333333,0.2623764349489796
b84ad40b4,True,0.2554666666666667,0.44355867346938777
c4ea89ddb,True,0.2444991789819376,0.4830795599489796
11a3055b7,True,0.07189640768588137,0.12458147321428571
50eddd1bb,True,0.47500936329588017,0.5200693558673469
11c222a3c,True,0.12165282392026579,0.2107780612244898
b630ac493,True,0.15076666666666666,0.25492267219387754
8693c4e7f,True,0.5307677902621722,0.7108976403061225
828ac8371,True,0.45596989966555185,0.6982820471938775
8d862cd26,True,0.10596643518518518,0.18429129464285715
de9e02d44,True,0.43857421875,0.6103515625
7169c3e3a,True,0.24427902621722847,0.47090242346938777
069fc79d6,True,0.4863204225352113,0.7643096301020408
7ca7983b5,True,0.12460286458333333,0.19110730229591838
064217ca4,True,0.6735364145658264,0.8131377551020408
1ae9a98d3,True,0.45602014866979657,0.5988121811224489
27226ea0c,True,0.164625,0.28378109056122447
bc4bbcef1,True,0.24598333333333333,0.3645567602040816
1bbf00182,True,0.30596153846153845,0.5730030293367347
15937e540,True,0.7311081794195251,0.8416972257653061
965adb809,True,0.18138576779026216,0.3553890306122449
e1cd37f6c,True,0.27982297687861274,0.4559948979591837
9ecb47019,True,0.45325,0.6193997130102041
2e55bed12,True,0.2063222222222222,0.4383968431122449
23941ded4,True,0.34266460905349794,0.43905452806122447
217fcf5f1,True,0.42504375,0.5347177933673469
79d5a2615,True,0.3006333333333333,0.38671875
79bf5eb37,True,0.6419270833333334,0.7599649234693877
53895ad35,False,0.0,
abf0f2579,True,0.23857253086419752,0.5090680803571429
5e0519e3d,True,0.15187174479166668,0.2088249362244898
3d63dfd14,True,0.4258823529411765,0.6847297512755102
a63a0ac25,True,0.17372685185185185,0.3973014987244898
7ecd54695,True,0.3523777777777778,0.43363360969387754
b2b52ccf2,True,0.49269675925925926,0.6903698979591837
520dc7925,True,0.228175,0.3734654017857143
266aee5b3,True,0.12917230314279424,0.281429368622449
e95bb9197,True,0.3854224537037037,0.5679009885204082
ff7d25ffb,True,0.44505158694139363,0.5678013392857143
8aeda3d62,True,0.484275,0.6865433673469388
c7e61f3c2,True,0.39169243986254293,0.5835857780612245
172c8129a,True,0.3702362204724409,0.4833386479591837
68b7c23f3,True,0.2418896321070234,0.4134048150510204
34fe22f69,True,0.27741753472222225,0.6338089923469388
a362ad62e,True,0.2887268518518519,0.6065848214285714
ca46b14de,True,0.3019832402234637,0.4348692602040816
14a9958e0,True,0.10444986979166666,0.16729113520408162
ec4089e58,True,0.05653125,0.0735610650510204
9e2039291,True,0.18989166666666665,0.32864317602040816
ec182ebc4,True,0.19156666666666666,0.33310746173469385
605ca1a51,True,0.4056,0.5218829719387755
c3eefdcd8,True,0.278076171875,0.35728236607142855
83defd365,True,0.17284505208333334,0.28599330357142855
6561001c8,False,0.0,
dd79180bc,True,0.20222222222222222,0.34958944515306123
7aa682539,True,0.4779229607250755,0.648796237244898
f45beac10,True,0.5091222222222223,0.6940170599489796
1c28dc555,True,0.292775,0.4499362244897959
f49099d52,True,0.26261538461538464,0.48280054209183676
14831f659,True,0.12874421296296296,0.20723054846938777
2edeb7931,True,0.30031472359058564,0.4821229272959184
69a1c3147,True,0.06322710396039603,0.09765625
3560a3e97,True,0.32426875,0.3910634566326531
4eba3b5c0,True,0.18165123456790122,0.18596540178571427
ef7555da8,True,0.16115,0.2807118941326531
8063090ec,True,0.3413802083333333,0.49525669642857145
2ac1366f4,True,0.42091435185185183,0.6179049744897959
32eb3673a,True,0.6083956692913386,0.7524314413265306
b28951b61,True,0.133875,0.2225964604591837
d50a1665e,True,0.43556666666666666,0.5899433992346939
a43d578dd,True,0.23609962406015036,0.40939891581632654
fc48054c2,False,0.0,
533916bd6,True,0.12059166666666667,0.21008051658163265
5d168f0e6,True,0.10406828703703704,0.18122209821428573
27e16a68d,True,0.39859375,0.5648716517857143
b119aa181,True,0.3867703703703704,0.5232382015306123
32f97388e,True,0.246083984375,0.4016661352040816
04b5f77c0,True,0.24455479452054796,0.3448860012755102
c68936b74,True,0.23476666666666668,0.3873764349489796
a7e623e5a,True,0.447510162601626,0.6750039859693877
d3b4f29f8,True,0.144625,0.25197305484693877
f94c2a347,True,0.09638888888888889,0.21833147321428573
0c862b8a3,True,0.3624583333333333,0.5358936543367347
0cdb80095,True,0.35892193308550185,0.6657565369897959
dcd7102d9,True,0.21463333333333334,0.35989317602040816
d302ad015,True,0.503925,0.6840322066326531
1b3492bde,True,0.24931666666666666,0.3916015625
e481cf862,True,0.2151678240740741,0.36160714285714285
7fab3c124,True,0.29648907103825134,0.07132892219387756
fe854f6a1,True,0.17037760416666667,0.2961575255102041
82dd5838f,True,0.04877777777777778,0.11358019770408163
8102d6dc7,True,0.5774166666666667,0.7595463966836735
46f656f13,True,0.2086400462962963,0.3491111288265306
daeac2b84,True,0.23855170640058238,0.49204799107142855
e0781fb0a,True,0.159875,0.20884486607142858
d2cd71ec2,True,0.14244127516778524,0.24930245535714285
5b0355a1b,True,0.10474392361111111,0.23164461096938777
c77a68714,True,0.4334671787709497,0.5915178571428571
1d72ec242,True,0.13697916666666668,0.30454799107142855
119903786,True,0.23348333333333332,0.3180604272959184
f5d514b10,True,0.23471666666666666,0.36698820153061223
659dc9159,True,0.1984359296482412,0.2604432397959184
fc8388b28,True,0.145525,0.2487842793367347
988c18c10,False,0.0,
4d82fddba,True,0.28951666666666664,0.47751913265306123
d25a850ae,True,0.4947,0.6390505420918368
172d395a5,True,0.4222916666666667,0.5933115433673469
dfcbce94d,True,0.24600213219616204,0.41916454081632654
460edc419,True,0.16166548295454544,0.24216757015306123
d79342c8d,True,0.38058333333333333,0.5156847895408163
d5e351a09,True,0.21350833333333333,0.3596141581632653
a2ac8316b,True,0.3625732421875,0.4457509566326531
c53fb8a18,True,0.44383895131086143,0.6935586734693877
7a84326ff,True,0.10757523148148149,0.1871014030612245
b12fb6709,True,0.13842013888888888,0.21400669642857142
619f26bfc,True,0.485381679389313,0.6777941645408163
f06cf606d,True,0.123125,0.28475765306122447
a92c2f233,True,0.5878877314814814,0.7797951211734694
a29c12bef,True,0.25698996655518397,0.30879304846938777
cae004390,True,0.18588333333333334,0.31620695153061223
26901ccb0,True,0.395331715210356,0.6187021683673469
4715f897c,True,0.08659166666666666,0.14991230867346939
282678629,True,0.14096064814814815,0.19569116709183673
2683c99f1,True,0.16024305555555557,0.36266342474489793
f94ea9d92,True,0.17715719063545152,0.29904735331632654
a58fef87c,True,0.37269021739130437,0.5046635841836735
50723f2c3,True,0.16891927083333333,0.3638392857142857
1fbf04fab,True,0.25779967159277506,0.4141820790816326
ef1d7c2a1,True,0.15306315104166668,0.2662826849489796
df1507e61,True,0.37634758364312265,0.5674824617346939
58396d68b,True,0.5785127314814815,0.8192163584183674
c69bdf768,True,0.30674273858921164,0.6296436543367347
902114441,True,0.1161056376573618,0.25631776147959184
ab8dfa983,True,0.26938963210702344,0.42207429846938777
d7185ffc1,True,0.17313078703703705,0.26853475765306123
4b949e5c7,True,0.3299143747541678,0.45707110969387754
041dd606f,True,0.23360833333333333,0.40644929846938777
933b2b3d4,True,0.21241319444444445,0.3659518494897959
4f4028c04,True,0.54628125,0.6581234056122449
733ccdc63,True,0.18000936329588016,0.34566326530612246
5a567392e,True,0.2915583333333333,0.47733976403061223
5347d6835,True,0.1391111111111111,0.2414500956632653
0cb52145c,True,0.20184413580246913,0.4268176020408163
3d1d0f102,True,0.21784166666666666,0.317562181122449
e6d59d514,True,0.29987751531058615,0.5858378507653061
2d9bdbca9,True,0.1519921875,0.2645886479591837
2ad939a78,True,0.18177083333333333,0.2892219387755102
7e3680561,True,0.48463991769547327,0.6871213329081632
6003cc8cf,True,0.2889699074074074,0.29099569515306123
e92713811,True,0.14041666666666666,0.2352718431122449
079565e72,True,0.029573672657429002,0.05161830357142857
4745e5286,True,0.15722744360902255,0.2926498724489796
80f1863b8,True,0.31333333333333335,0.5409956951530612
59b66be84,True,0.42061197916666665,0.6469826211734694
bb675d874,True,0.1360127314814815,0.2089046556122449
4f402845d,True,0.16390833333333332,0.2809909119897959
89788a8fd,True,0.2899626209322779,0.465640943877551
0058586f1,True,0.25036265432098764,0.45960220025510207
f53c216e2,True,0.23099537037037038,0.42793367346938777
4175a27e1,True,0.16357421875,0.28451849489795916
fa41fb473,True,0.18116666666666667,0.3149314413265306
ca7a148c0,True,0.30064784053156146,0.47811702806122447
a14caa3ea,True,0.26987413194444443,0.5721061862244898
966598774,True,0.47444444444444445,0.6162507971938775
3e5627478,True,0.4212156862745098,0.6185028698979592
afb230f5a,True,0.6192623782467532,0.7685148278061225
8660ad37b,True,0.19381578947368422,0.3717514349489796
fded1ee28,True,0.1805840455840456,0.26719945790816324
a0fb6cd44,True,0.1675341796875,0.21857063137755103
9c64232b3,True,0.667075,0.8437699298469388
f68a56b90,True,0.4219583333333333,0.5719467474489796
08f54d056,True,0.14796666666666666,0.2575534119897959
17a5487d2,True,0.19046875,0.32423867984693877
19745f3dc,True,0.1670920138888889,0.37364477040816324
afdc5f01d,True,0.23680888171595169,0.2954599808673469
64f41ee68,True,0.2379096989966555,0.3848453443877551
403aa5c4b,True,0.5174333333333333,0.6959701849489796
ef4dce041,True,0.12453333333333333,0.21554129464285715
5cbe99be7,True,0.34431398416886544,0.45900430484693877
6f07e7abf,True,0.4047203947368421,0.48539142219387754
be16b20d6,True,0.37822222222222224,0.5806361607142857
9b56301b6,True,0.10105805243445692,0.19772401147959184
ec13e5f25,True,0.5842339832869081,0.7568359375
f6beefaeb,True,0.63508125,0.7489636479591837
bd59fdd99,True,0.21675555555555556,0.44443558673469385
17ac391be,True,0.4217228464419476,0.6565489477040817
ae4ebeb3e,True,0.19334444444444446,0.4413265306122449
c3208c19d,True,0.24309413580246914,0.5270248724489796
1758efd47,True,0.401390977443609,0.5247130102040817
8f26b1b5c,True,0.0822378277153558,0.16065449617346939
982564925,True,0.28996666666666665,0.44746492346938777
45c718348,True,0.5166337386018237,0.5979950573979592
8d51c3200,True,0.3320166666666667,0.3915218431122449
86386b0c0,True,0.43493542884990255,0.6286870216836735
b9568ee6f,True,0.2210625,0.2833625637755102
94918fff6,True,0.25688181818181816,0.42568160076530615
a55f8d58a,True,0.15905833333333333,0.2770248724489796
816005a03,True,0.20583333333333334,0.3394252232142857
cac68ead1,True,0.5609200743494424,0.6796277104591837
7cf995ca4,True,0.29236401673640167,0.47458944515306123
ce344f70e,True,0.33508680555555553,0.43106265943877553
4525391a7,True,0.7504360465116279,0.9483418367346939
bcf546cb8,True,0.18035,0.31236049107142855
b5c553616,True,0.004358333333333333,0.007772640306122449
6c3d7237b,True,0.3200349956255468,0.49986049107142855
196f95fdb,True,0.16635,0.28208705357142855
a528683b3,True,0.33733644859813083,0.4791932397959184
664d0bed8,True,0.2432638888888889,0.41135204081632654
e315452b5,True,0.18279513888888888,0.31798070790816324
83dff4077,True,0.26871666666666666,0.4380580357142857
6d6bb4a66,True,0.199075,0.32944036989795916
805dcae38,True,0.46063333333333334,0.5779456313775511
c76384236,True,0.103725,0.18030532525510204
b9aead110,True,0.3843666666666667,0.5378268494897959
b147d1870,True,0.4488416666666667,0.5203085140306123
2a19120e7,True,0.3163078703703704,0.3727479272959184
951352bea,True,0.2291724537037037,0.2600645727040816
93685a66f,True,0.2662912912912913,0.41659359056122447
a1188fdb7,True,0.032861328125,0.05701929209183673
8d7c78428,True,0.27988322717622083,0.4295280612244898
4194f0f66,True,0.3808871722846442,0.47947225765306123
94d930dae,True,0.07603515625,0.13229432397959184
85fd5df90,True,0.4180333333333333,0.6478794642857143
4c9e42452,True,0.14983579638752054,0.3065808354591837
53abbdf1d,True,0.6222511574074074,0.7389190051020408
d37de633e,True,0.15265,0.2657844387755102
a5f08e991,True,0.675632802853615,0.8926977040816326
92f84c5b7,True,0.15905,0.2697903380102041
48bfc494a,True,0.3297833333333333,0.4410873724489796
5b64325b9,True,0.43981233243967827,0.6092155612244898
87c19915b,True,0.3451004155124654,0.5556042729591837
f21d7ec45,True,0.0662109375,0.12651466836734693
92fae4396,True,0.44693368544600937,0.5974569515306123
0e6c32c9f,True,0.5107764929742389,0.7016103316326531
948a1a82c,True,0.17657986111111112,0.28902264030612246
db044e38b,True,0.5029912725225225,0.5415736607142857
df0b49ce7,True,0.40530104712041887,0.5315688775510204
683f1dfd8,True,0.1827932098765432,0.34964923469387754
6ab29b3d4,True,0.04019833948339483,0.09271364795918367
67ab87b4a,True,0.2525848765432099,0.5177574936224489
c37bb10fd,True,0.24344166666666667,0.346859056122449
1b154dffa,True,0.5156871727748691,0.6527622767857143
91add3784,True,0.2910474537037037,0.45005580357142855
0940ecf2b,True,0.11010416666666667,0.14337531887755103
f8e3fabe6,True,0.241975,0.2528698979591837
48769873a,True,0.46458490566037736,0.6397879464285714
acb614bba,True,0.5090333333333333,0.5854791135204082
c6e763332,True,0.22006172839506172,0.4887794961734694
031a01c36,True,0.0311767578125,0.04075653698979592
eb3b2ad1f,True,0.17755226480836236,0.31837930484693877
0f4291ce6,True,0.12096666666666667,0.19447544642857142
fff6f2f61,True,0.562662037037037,0.7865712691326531
e98593be6,True,0.21881666666666666,0.3537547831632653
0e4cf50f4,True,0.35748949579831935,0.5694953762755102
0ac6fe826,True,0.544693287037037,0.6345264668367347
b2385d700,True,0.41434365781710913,0.5478714923469388
a47931d69,True,0.19527669270833334,0.3383091517857143
ebeebeee4,True,0.27780944625407167,0.4475645727040816
e472219f1,True,0.3232274247491639,0.47929288903061223
b00d0fe1c,True,0.7726093010303536,0.8214285714285714
4e9a13862,True,0.3514074550128535,0.45200892857142855
1a0ee9580,True,0.38855,0.6149154974489796
277014d80,False,0.0,
65daac431,True,0.29115555555555556,0.5796595982142857
b6256e92e,True,0.3119324391455539,0.571647799744898
10ae2697f,True,0.12959104938271604,0.3008410395408163
d49ea4e84,True,0.1992567883895131,0.33021763392857145
fe5d572be,True,0.21541666666666667,0.3747409119897959
15bcbb6e2,True,0.340375,0.5488879145408163
fcf5f5a0d,True,0.23755401234567902,0.43787866709183676
baefc2985,True,0.2527916666666667,0.3654735331632653
ea383096f,True,0.5007233796296297,0.6461854272959183
0f9d7b0f9,True,0.24049046321525885,0.3084343112244898
95696f11b,True,0.4080166666666667,0.5387236926020408
05febeea3,True,0.20359166666666667,0.31897720025510207
34482d66a,True,0.16668981481481482,0.23194355867346939
fadae6510,True,0.031575,0.05504623724489796
724736153,True,0.2867978395061728,0.4610969387755102
6dc2f0739,True,0.28221666666666667,0.4585459183673469
47453584e,True,0.23438333333333333,0.40463568239795916
756d92515,True,0.4253875,0.17239317602040816
112ae92e0,True,0.21091820987654322,0.39211973852040816
52a88696e,True,0.33748953974895396,0.6720543686224489
fed43b600,True,0.61926875,0.7129504145408163
411792ceb,True,0.321438127090301,0.46193399234693877
0164a9cfb,True,0.2833583333333333,0.35959422831632654
245bfe92f,True,0.2681102941176471,0.402523118622449
76f668025,True,0.05798214285714286,0.10778061224489796
448770499,True,0.34263621794871796,0.5517578125
c5d1b9bf9,True,0.10866130169172933,0.16988201530612246
d30dcea91,True,0.1910763888888889,0.3047472895408163
6984b9727,True,0.2525810185185185,0.388671875
682ed2e7b,True,0.2103317901234568,0.33067602040816324
a952a211e,True,0.13286458333333334,0.2310467155612245
0d85af6c4,True,0.5007707949118079,0.6560507015306123
1a8503d2f,True,0.3230208333333333,0.5013153698979592
6344c2cde,True,0.11834166666666666,0.20290577168367346
440676acb,True,0.5189631463146315,0.6410833864795918
5ea10e37f,True,0.24459030100334447,0.34231505102040816
02468e968,True,0.27116666666666667,0.439273756377551
f3367a65d,True,0.32629774305555553,0.5948660714285714
8cf927527,True,0.27945216049382715,0.5710100446428571
94ec1c180,True,0.5162123745819398,0.6925621811224489
505c5d7c6,True,0.6190451388888889,0.7986686862244898
5dd3f3eb0,True,0.21485,0.32848373724489793
68d430cbd,True,0.2843333333333333,0.4174904336734694
cfd87918e,True,0.2333,0.3951889349489796
4f18ce587,True,0.21443125,0.2801937181122449
9003318e5,True,0.3002666666666667,0.3828722895408163
c8049d235,True,0.2717625,0.35463169642857145
01231c438,True,0.3493478260869565,0.539421237244898
bc7956085,True,0.09067708333333334,0.14845742984693877
7575371db,True,0.2571701388888889,0.40878109056122447
84fbd99d9,True,0.7257416666666666,0.8830516581632653
acf9a72ca,True,0.3342833333333333,0.4846141581632653
cef342d22,True,0.19816296296296296,0.32822464923469385
488cefe35,True,0.07971354166666667,0.18528778698979592
d3c79cf76,True,0.26156666666666667,0.40206473214285715
a5f6e77bf,True,0.17469594594594595,0.23158482142857142
b0d4b988a,True,0.36539794921875,0.4387755102040816
f27915d51,True,0.6014916666666666,0.7477080676020408
69daafdd4,True,0.0855167449045398,0.14989237882653061
50fe7d515,True,0.2704,0.4683314732142857
ac52ba660,True,0.1993271982058619,0.359554368622449
71f895aa2,False,0.0,
be07596c5,True,0.2306341719077568,0.3341039540816326
4f8a564a2,True,0.2592883895131086,0.43411192602040816
77f9b1470,True,0.3016916666666667,0.48696588010204084
685010499,True,0.3421655518394649,0.5346779336734694
8813e5e4d,True,0.41186666666666666,0.6573262117346939
790a68c0c,True,0.14873697916666667,0.2583506058673469
cad8537e1,True,0.29129664179104475,0.3633410395408163
a06a2ee4e,True,0.2514290364583333,0.2542051977040816
6a8f9aa52,True,0.5589670658682635,0.7951012436224489
00709d75b,True,0.3236722797927461,0.48082748724489793
d62c55d90,True,0.47245318352059923,0.6895328443877551
95c01e235,True,0.6730416666666666,0.7879264987244898
015770429,True,0.3612827715355805,0.46920838647959184
13296aae7,True,0.3345222222222222,0.5174386160714286
2a92877f7,True,0.07793744228993536,0.1354033801020408
7ac66a1c2,True,0.2797411792014856,0.3922592474489796
25fc96414,True,0.3328525641025641,0.443180006377551
09b5921e9,True,0.38515977443609023,0.6801259566326531
58e24d608,True,0.195825,0.31704400510204084
3c0450f2f,True,0.4076345486111111,0.6935586734693877
80fd005d2,True,0.3821629213483146,0.6418008609693877
ecb3e47a6,True,0.3365916666666667,0.5235969387755102
3c97d1670,True,0.5141220955174444,0.8100486288265306
89bac4c29,True,0.194575,0.3286830357142857
7c9fdd0ca,True,0.26432373046875,0.34275350765306123
c31f3d3f3,True,0.1429888888888889,0.32858338647959184
19272319c,True,0.3073420698924731,0.5215043048469388
2560aee80,True,0.6380916666666666,0.7578324298469388
18ee92cdf,True,0.32529622395833335,0.37960379464285715
ed9d88a61,True,0.43711971830985913,0.6229472257653061
b5521c7e1,True,0.48864942528735633,0.7520527742346939
4ff447944,True,0.5030357142857143,0.6714166135204082
7ea357093,True,0.27703125,0.5154456313775511
2b34c70e7,True,0.46928024083196496,0.7626355229591837
41e792442,True,0.348232421875,0.4262197066326531
e22b9edd0,True,0.15075833333333333,0.25843032525510207
6f2b619bb,True,0.2560648148148148,0.5385243941326531
8bf0f354b,True,0.4216643582640813,0.6115074936224489
5188ce75b,True,0.19549166666666667,0.3219666772959184
12ba67e43,True,0.49014166666666664,0.6915656887755102
5457a593a,True,0.11259375,0.14694276147959184
9f9bfa4d9,True,0.24256143162393162,0.36487563775510207
f780d04ae,True,0.4573170731707317,0.6849489795918368
18c3b1a1a,True,0.4111422056384743,0.5250916772959183
ada93cece,True,0.381456286218191,0.47987085459183676
e6b64b212,True,0.07169166666666667,0.10014748086734694
fae1e95de,True,0.45079166666666665,0.6208944515306123
979e3f8f7,True,0.29119465329991645,0.46145567602040816
16ac32123,True,0.6040277777777778,0.6494140625
254c3305f,True,0.4609933333333333,0.5866948341836735
83d36f269,True,0.4111125,0.5217036033163265
a71f9ca6b,True,0.35287983786610877,0.5424107142857143
f2fba72d2,True,0.3995052083333333,0.6504703443877551
26cb1c2c0,True,0.12594417077175699,0.22209821428571427
ae9a09ad6,True,0.26195,0.45260682397959184
fb53fe33d,True,0.33010576923076923,0.4509327168367347
6ac7e0c51,True,0.11823567708333334,0.19878029336734693
3bb1086d6,True,0.04953125,0.08579799107142858
9fb89d88f,True,0.4315747958426132,0.5531329719387755
e4941c40c,True,0.19119791666666666,0.2922313456632653
21178f3b0,True,0.20814866112650046,0.29868861607142855
a234c6496,True,0.30184326171875,0.5490274234693877
71419d422,True,0.419375,0.6328722895408163
44cd12263,True,0.18097222222222223,0.3492904974489796
19fd91f5b,True,0.1723,0.2962173150510204
c0096c460,True,0.17490162037037038,0.3045679209183674
de445d837,True,0.3922900883838384,0.7524314413265306
8b1abca6a,True,0.56247947454844,0.6833944515306123
626b056b5,True,0.045362654320987655,0.10536910076530612
69d413ff2,True,0.45562283737024223,0.5741988201530612
4084b0a93,True,0.32484166666666664,0.49916294642857145
8df053c7e,True,0.23466666666666666,0.3780492665816326
22145fe75,True,0.21721435546875,0.2810108418367347
b35e6306c,True,0.3274916666666667,0.4248046875
564356241,True,0.11107747395833334,0.19300063775510204
05d8b5a9d,True,0.336275,0.5604472257653061
8f2946027,True,0.27606732348111657,0.5070352359693877
6326958d4,True,0.35479375,0.46340880102040816
7a8fc4913,True,0.138225,0.23573022959183673
c3a2d4d83,True,0.134175,0.22361288265306123
f02ef09d7,True,0.2400141242937853,0.349609375
d5f80598c,True,0.19704166666666667,0.33476163903061223
03e5bf50b,True,0.283720703125,0.431640625
50abab539,True,0.04995949074074074,0.0868343431122449
3cdaf32d2,True,0.234320987654321,0.2761080994897959
1b5dbc3cf,True,0.322975,0.4901147959183674
662011890,True,0.039769048804780875,0.0654296875
195c119c9,True,0.5048754789272031,0.6475805165816326
32d8fa52b,True,0.25014375,0.3269092793367347
12a280806,True,0.3388888888888889,0.48983577806122447
639fed947,True,0.40806027049105925,0.46878985969387754
b2937acb6,True,0.05975010595381983,0.1404655612244898
27dd38817,True,0.4506185783183057,0.6361208545918368
168f1c6e9,True,0.26495833333333335,0.41175063775510207
718c4b524,True,0.241,0.4620735012755102
4887999cc,True,0.31224444444444444,0.6213926977040817
e772235aa,True,0.20808052434456928,0.39706234056122447
fbc0c9535,True,0.3877787769784173,0.5496253188775511
e0e8d63df,True,0.2953530092592593,0.451969068877551
16eefbec7,True,0.21035953177257524,0.23716517857142858
e5cf352b2,True,0.07719166666666667,0.13107860331632654
07dd9a0a5,True,0.21714599609375,0.2806919642857143
32efae9d5,True,0.21159166666666668,0.36094945790816324
ea6129e3d,True,0.4026666666666667,0.6326132015306123
1499fbe78,True,0.6281833333333333,0.9145408163265306
a75bbea18,True,0.23393333333333333,0.39205994897959184
53c344d06,True,0.23584876543209876,0.5224609375
c3cef1c4b,True,0.6033916666666667,0.7029854910714286
9a218ea6c,True,0.06373333333333334,0.11053093112244898
9de6b8550,True,0.1800390625,0.3971619897959184
de813940a,True,0.2740092665615142,0.36094945790816324
22992ecd0,True,0.5175102699530516,0.5606863839285714
c874c7c7c,True,0.22801875,0.2875876913265306
b67778d17,True,0.38802096394001706,0.5273636798469388
2ba708d92,True,0.2619741697416974,0.466796875
9fe3f6afa,True,0.12171875,0.1590202487244898
c30f7cde0,True,0.42236159169550175,0.6173867984693877
2318247fb,True,0.39424166666666666,0.5012555803571429
c22078c20,True,0.30494166666666667,0.41591597576530615
c3270683d,True,0.48496575342465753,0.635383450255102
55b797c90,True,0.5743916666666666,0.7666414221938775
a17411df1,True,0.18193333333333334,0.3161073022959184
9b11972b0,True,0.30294921875,0.4027622767857143
71aed274c,True,0.232225,0.31407445790816324
de489fcd8,True,0.5143833333333333,0.7425860969387755
a37e46e35,True,0.2620138888888889,0.3738639987244898
dcd0002db,True,0.15410833333333335,0.2680763711734694
dd62a2e7f,True,0.2870083333333333,0.39196029974489793
104c799db,True,0.12797067901234568,0.1580436862244898
99459c30d,True,0.25485677083333336,0.42898995535714285
889ae00e3,True,0.16100187265917604,0.2924705038265306
d1a11cf42,True,0.45241319444444444,0.6143574617346939
78c3c7f21,True,0.1082,0.18678252551020408
64904cb52,True,0.3203916666666667,0.5333625637755102
50f87522f,True,0.4698333333333333,0.6999960140306123
b4b4969b2,True,0.24470443349753696,0.4106345663265306
d1be4f433,True,0.48010498046875,0.5648317920918368
4eb9c5991,True,0.252175,0.3622249681122449
731a2ef80,True,0.27966435185185184,0.3914421237244898
7d930d08c,True,0.31785833333333335,0.5126554528061225
207298884,True,0.1827662037037037,0.2846580038265306
d81afce4f,True,0.30756365740740743,0.49320392219387754
216840542,True,0.06675945256321039,0.15515385841836735
f220ae6cd,True,0.308475,0.4668566645408163
19b7a9e47,True,0.2922408026755853,0.40206473214285715
4dd8dd451,True,0.40753333333333336,0.6540377869897959
0acd95320,True,0.2966666666666667,0.39919483418367346
f13821512,True,0.11914166666666667,0.20176977040816327
c2e4ec0c2,True,0.22402199074074075,0.30032286352040816
f726dd490,True,0.06488333333333333,0.11304209183673469
695925a2a,True,0.32842869138503494,0.6713169642857143
8ad59da0e,True,0.49832465277777777,0.7328802614795918
dfd0fbde8,True,0.41404444444444444,0.619499362244898
c2fe3684a,True,0.693903785488959,0.8877351721938775
ddf06fabf,True,0.40296666666666664,0.533203125
3c1cc2c24,True,0.5519746835443038,0.6626873405612245
5b22f97b3,True,0.3259726962457338,0.4370814732142857
1fc6f94cc,True,0.1711154513888889,0.38554288903061223
282f456cb,True,0.16803819444444446,0.2922911352040816
baf49463a,True,0.39498581847649916,0.5030094068877551
db4a0242a,True,0.3541666666666667,0.4749282525510204
3760c73b1,True,0.4221082089552239,0.6102917729591837
53037f091,True,0.24648148148148147,0.340640943877551
6316b9647,True,0.16249166666666667,0.27070711096938777
80e8288c9,True,0.21287037037037038,0.36196588010204084
46b2782d5,True,0.07542438271604938,0.17498405612244897
2f3ff5116,True,0.12116536458333334,0.21107700892857142
5e7b512bb,True,0.6950462962962963,0.8144132653061225
11948e0ef,True,0.1840974212034384,0.3195750956632653
fd7811109,True,0.003979933110367893,0.007453762755102041
bfdde77ff,True,0.25821520618556704,0.3137954400510204
944a5fec2,True,0.17394166666666666,0.30269451530612246
0c3cb3d44,True,0.6476592592592593,0.8907047193877551
7b1211e80,True,0.3063868613138686,0.5532924107142857
6ae5689d3,True,0.25673125,0.32979910714285715
4b69bf0e7,True,0.19176215277777778,0.43532764668367346
62613fb88,True,0.265390625,0.41153140943877553
435bb3995,False,0.0,
f7c487e58,True,0.3116333333333333,0.4178890306122449
037b1c131,True,0.24245555555555556,0.5304129464285714
776f7e340,True,0.3601823819343893,0.5576171875
81d404558,True,0.5592166666666667,0.7762476084183674
de61ca522,True,0.45310185185185187,0.6219905931122449
68a4cd579,True,0.3927476737821565,0.5518973214285714
ff47b9a27,True,0.2811,0.4309231505102041
e985acab0,True,0.1355324074074074,0.3109853316326531
25fce0465,True,0.14289351851851853,0.24870455994897958
585a705fc,True,0.1732204861111111,0.367008131377551
76c073021,True,0.1452372685185185,0.2524513711734694
09898b12e,True,0.33726666666666666,0.48660714285714285
bfa54aa27,True,0.2869466145833333,0.4934630102040816
3bc84c4a9,True,0.19518663194444444,0.4015266262755102
d7d1cf92c,True,0.5784782608695652,0.7637515943877551
220e9aa26,True,0.24900462962962963,0.3744419642857143
269caf235,True,0.24989149305555555,0.448062818877551
0a30968a3,True,0.33345625,0.4307238520408163
e625fc4f4,True,0.188,0.31875797193877553
099115d38,True,0.3808391203703704,0.4754264987244898
fe7e662c5,True,0.227875,0.37619579081632654
bd4059588,True,0.33252314814814815,0.7058354591836735
f41a7de83,True,0.17049189814814814,0.2813695790816326
7ed3e206a,True,0.2887777777777778,0.6214923469387755
aac9127c5,True,0.14338333333333333,0.25009964923469385
271bb0de8,True,0.06746913580246913,0.1573860012755102
14580436c,True,0.26721804511278197,0.386898118622449
f08275fdc,True,0.14928333333333332,0.25735411352040816
5242038c7,True,0.27511875,0.35722257653061223
1f64d3191,True,0.24793377120963328,0.33737244897959184
843910e74,True,0.17923032407407408,0.309390943877551
f18d332de,True,0.13146666666666668,0.22731983418367346
35d860fe5,True,0.26686728395061726,0.44453523596938777
c42153e51,True,0.18128125,0.22897401147959184
d6b97e7ca,True,0.17564166666666667,0.30404974489795916
5bd725e47,True,0.6035051067780873,0.7787587691326531
22de1a590,True,0.4228405315614618,0.6141382334183674
194acc3f9,True,0.25159166666666666,0.4280532525510204
ba804d3fa,True,0.234965702356099,0.40908003826530615
d899c9ef7,True,0.0617578125,0.14369419642857142
67f174628,True,0.34755223880597014,0.5156449298469388
ecba82fc3,True,0.4581672932330827,0.5766701211734694
7e2ce5b3e,True,0.13145833333333334,0.21960698341836735
29d752f7f,True,0.28472886762360444,0.3920200892857143
d0566e4db,True,0.5516280864197531,0.6329520089285714
dc589864d,True,0.5263715277777777,0.7530891262755102
49f3710f9,True,0.23819878472222222,0.30970982142857145
4d4c7be64,True,0.15027591973244148,0.26209741709183676
ada57411b,True,0.4295208933717579,0.542350924744898
e90451ea4,True,0.20237458193979932,0.18136160714285715
1e72112bc,True,0.346518771331058,0.5643136160714286
9bfb6a77f,True,0.23686666666666667,0.35226004464285715
7013035d9,True,0.2802638067061144,0.45178970025510207
6c4d7b09f,True,0.11618333333333333,0.2019092793367347
be3247b2c,True,0.25264423076923076,0.33518016581632654
0ff7245bd,True,0.2826916666666667,0.40623007015306123
40309f25c,True,0.0675,0.09909119897959184
a44b2389a,True,0.19322530864197532,0.37563775510204084
d4bb8cf0a,True,0.471,0.7412308673469388
92586e5a3,True,0.38091820987654323,0.5733617665816326
46bb277b5,True,0.307425,0.4365832270408163
3d9a62b53,True,0.561912100456621,0.7531289859693877
51226d067,True,0.055318287037037034,0.08043686224489796
24dfcc985,True,0.2410011574074074,0.4172512755102041
807ea3b72,True,0.22225308641975308,0.49220742984693877
e932a94c6,True,0.18168402777777778,0.31325733418367346
11d50c573,True,0.3191203703703704,0.47670200892857145
a2c44393c,True,0.5108520599250936,0.5897441007653061
f86f15c15,True,0.3937968917470525,0.30135921556122447
eddd81378,True,0.4394166666666667,0.5655094068877551
30917edfa,True,0.34654621435594885,0.5041653380102041
ec40d007f,True,0.10578333333333333,0.18474968112244897
ed7c0ebb1,True,0.2839138576779026,0.4473254145408163
bd6528981,True,0.250675,0.37667410714285715
6bf08dced,True,0.34944166666666665,0.4213169642857143
63adeea51,True,0.1284104938271605,0.29725366709183676
ce5bb821a,True,0.33394097222222224,0.5366709183673469
d0b98e001,True,0.28244375,0.35867745535714285
3e158c21e,True,0.23171006944444444,0.49924266581632654
1cccac540,True,0.15456666666666666,0.2531887755102041
7131cab79,True,0.251625,0.3412388392857143
a9f6ed0cb,True,0.05848958333333333,0.10132334183673469
f80bf9a51,True,0.38283277598340004,0.5573580994897959
dc88ebe46,True,0.466425,0.6043128188775511
65e75b92e,True,0.30442708333333335,0.4812061543367347
5bd0c6dc7,True,0.034207175925925926,0.059450733418367346
b4d54e67c,True,0.21366319444444445,0.3638392857142857
1b91e1082,True,0.256875,0.4086415816326531
b4d341b10,True,0.128695987654321,0.29848931760204084
c36ffffdc,True,0.23400833333333335,0.3786670918367347
6697a7f62,True,0.04386574074074074,0.09881218112244898
cc3fe68d2,True,0.18107777777777778,0.3728874362244898
dbaa03313,True,0.3920754928315412,0.544921875
4bce78644,True,0.15277008310249307,0.33067602040816324
9296c9064,True,0.2585375,0.2834422831632653
c66f97de2,True,0.12916666666666668,0.21173469387755103
1db76bd72,True,0.21220703125,0.26602359693877553
cb7bfedd5,True,0.32729166666666665,0.4934231505102041
4103336dd,True,0.21245949074074075,0.36617107780612246
3ba7056bb,True,0.29162037037037036,0.4754663584183674
ad8b02fcc,True,0.15136666666666668,0.26329320790816324
4891fdacd,True,0.27295524691358025,0.5000398596938775
0d551fb5b,True,0.2454398148148148,0.3843470982142857
99c7658be,True,0.29706163194444446,0.41539779974489793
0243911ea,True,0.21657088122605364,0.3934749681122449
865ee6652,True,0.2645572916666667,0.5422114158163265
c3e1f5f86,True,0.129775,0.21759406887755103
39c02e302,True,0.32535433070866143,0.5176777742346939
12c4ed873,True,0.20148148148148148,0.3459422831632653
ab0609017,True,0.084267578125,0.14622528698979592
f922bd640,True,0.3147858796296296,0.4516701211734694
0a266921d,True,0.2693333333333333,0.39546795280612246
351f3746c,True,0.2749168797953964,0.36587213010204084
6185f59bf,True,0.37754629629629627,0.6108298788265306
a30e92cfd,True,0.3354036458333333,0.6219108737244898
9f2251ffe,True,0.1653,0.27389588647959184
7390b70c5,True,0.5787026239067056,0.7196667729591837
4370b5ff7,True,0.22539351851851852,0.3545519770408163
c7969bc23,True,0.082925,0.10823899872448979
04d25d8a7,True,0.005651340996168582,0.011080994897959183
f4c27e753,True,0.173075,0.28714923469387754
d1db8712e,True,0.22952546296296297,0.3809191645408163
ee65ac339,True,0.738375,0.9636080994897959
ed10d7ee5,True,0.38750578703703703,0.639289700255102
f867cc417,True,0.09255573248407643,0.15419722576530612
dd0d78496,True,0.29441666666666666,0.4373405612244898
18f9fe19c,True,0.47237694300518135,0.5697345344387755
380eaa884,True,0.25893796992481205,0.3367546237244898
be4acc363,True,0.5574812030075188,0.6923828125
cb41cd1c5,True,0.19179765886287625,0.33364556760204084
1fdf2880b,True,0.05715833333333333,0.10006776147959184
bb8795c8d,True,0.14238333333333333,0.22090242346938777
d59f3a6cc,True,0.6994666666666667,0.8535754145408163
58132cc85,True,0.2213136574074074,0.3624641262755102
aba00e1f9,True,0.16026041666666666,0.2639708227040816
9ede28a9d,True,0.40874166666666667,0.6236248405612245
38436063c,True,0.24153125,0.30295360331632654
15df9cd46,True,0.3466166666666667,0.5056600765306123
a700a780b,True,0.5107916666666666,0.6985809948979592
1d9c36e47,True,0.1590162037037037,0.27303890306122447
069762ec2,True,0.4842084942084942,0.5913783482142857
6f7d23e2d,True,0.29765,0.45934311224489793
5b2e5e410,True,0.24513333333333334,0.3709741709183674
44175f75c,True,0.2017,0.31112484056122447
17066185d,True,0.1703395061728395,0.30177774234693877
e402f3b2f,True,0.29100187265917604,0.5475526147959183
586585da9,True,0.3656,0.5455795599489796
9d84fc0c5,True,0.199975,0.34347098214285715
418a25e6b,False,0.0,
417c109aa,True,0.1816550925925926,0.3147520727040816
3d51f4560,True,0.282225,0.4788145727040816
c4a3c0456,True,0.26805555555555555,0.5709901147959183
b1ed265ef,True,0.18426666666666666,0.25424505739795916
530c897a2,True,0.15249421296296295,0.2652064732142857
1fecd2bab,True,0.09978009259259259,0.17360889668367346
f2eb9530d,True,0.22718227424749163,0.38847257653061223
3fed382c0,True,0.15818333333333334,0.27517139668367346
a5acfe9ed,True,0.46475833333333333,0.5906010841836735
3b178aa59,True,0.2149431818181818,0.3728077168367347
ae5059b40,True,0.37131086142322095,0.5687779017857143
b11ae7451,True,0.4728070175438597,0.644172512755102
bd54c995a,True,0.19931666666666667,0.3405612244897959
e27ac6865,True,0.53806875,0.6356425382653061
f83695eb0,True,0.668225,0.8152303890306123
fa7c7d1be,True,0.19854166666666667,0.3188974808673469
8a38740d1,True,0.26976666666666665,0.453922193877551
7611934a0,True,0.10993055555555556,0.2548828125
3de1de812,True,0.5002128031716417,0.6328722895408163
0a4203544,True,0.11940586419753087,0.27549027423469385
ed0185e39,True,0.05715,0.10002790178571429
a73b9eafd,True,0.10822097378277154,0.20928332270408162
ed5631a9c,True,0.4399416666666667,0.6445113201530612
0adca3f66,True,0.5553333333333333,0.7553611288265306
b25c2d2d1,True,0.22766927083333333,0.3522799744897959
06daf9c05,True,0.1826585179526356,0.25149473852040816
cf66d011e,True,0.5819351438492063,0.7312460140306123
70337537c,True,0.8086842105263158,0.9617944834183674
72c626d6c,True,0.4836516853932584,0.8067203443877551
7b052d37d,True,0.26067750677506774,0.3684829400510204
231fe619a,True,0.2916608675481327,0.46462452168367346
6704c5fd7,True,0.3716925936348584,0.5259287308673469
8867faa98,True,0.6434837962962963,0.7227558992346939
10516f3c6,True,0.3853655352480418,0.477718431122449
5a828ec3e,True,0.436625,0.6987205038265306
3e65ffa3c,True,0.21605902777777777,0.40816326530612246
eddac3328,True,0.12529166666666666,0.21755420918367346
9b344389b,True,0.17966666666666667,0.3128188775510204
97f0e7ec2,True,0.1672140221402214,0.25051817602040816
0d47275d4,True,0.48115625,0.5804169323979592
f4614847a,True,0.2656423611111111,0.41623485331632654
1a676ca88,True,0.5561704545454546,0.7513950892857143
db05d2fb1,True,0.15013333333333334,0.25900829081632654
7ef23b94f,True,0.20510416666666667,0.3558872767857143
46b9595d0,True,0.2935583333333333,0.43393255739795916
b3db0fa59,True,0.14192669172932332,0.2677375637755102
2405c5660,True,0.3421238425925926,0.5321468431122449
3df923a0e,True,0.2949305060584462,0.421875
8f1bdc253,True,0.5095565552699228,0.6509486607142857
dbabe4e51,True,0.27547574626865673,0.42251275510204084
4866e37fe,True,0.5602833333333334,0.8711535395408163
21d8f0d2f,True,0.4776166666666667,0.6501315369897959
12890e9dc,True,0.26264404296875,0.3432517538265306
43ad546c7,True,0.05852310231023102,0.06034757653061224
d5ee02201,True,0.6085020661157025,0.8329081632653061
9d513f46a,True,0.1648,0.24816645408163265
de34278bc,True,0.29997431506849315,0.3982780612244898
5ca64db1a,True,0.5610870462046205,0.7683952487244898
ffebad2e7,True,0.31095833333333334,0.47287547831632654
5634cfd98,True,0.309375,0.444515306122449
503a567ed,True,0.2837704918032787,0.5097257653061225
186920165,True,0.24193333333333333,0.4823022959183674
2cb3529bc,True,0.2816666666666667,0.4805484693877551
eaf610cd0,True,0.2972934472934473,0.4341318558673469
9c5f43178,True,0.20864166666666667,0.3395846619897959
6f863a03a,True,0.3238117283950617,0.5290377869897959
52f3d0bf9,True,0.64585,0.8111049107142857
359dd0b52,True,0.23375771604938272,0.48489317602040816
d93b38122,True,0.5113833333333333,0.6673907844387755
bdb0f50e0,True,0.4129373368146214,0.5351163903061225
44c117982,True,0.41198996655518394,0.6043726084183674
62da2d031,True,0.4317824074074074,0.5414939413265306
2d88536fc,True,0.47260416666666666,0.6518255739795918
56ddc4f47,True,0.22756666666666667,0.3960060586734694
119f813b2,True,0.15138888888888888,0.31052694515306123
2831adaff,True,0.3926755852842809,0.5747169961734694
60f513e5a,True,0.1972627314814815,0.34315210459183676
95eb301ed,True,0.5435840430861724,0.7637715242346939
c763886a6,True,0.11918333333333334,0.18688217474489796
1d20ba693,False,0.0,
58d1adc55,True,0.4700005620503597,0.6018813775510204
628f11673,True,0.3013107638888889,0.6698620854591837
158a55025,True,0.275625,0.4428013392857143
eb1f799df,True,0.294125,0.5059789540816326
4da0a8ee1,True,0.4142416666666667,0.6973054846938775
b1d1e399c,True,0.16310763888888888,0.27841996173469385
52a539ef3,True,0.26910807291666666,0.41244818239795916
adc3a477a,True,0.27821409086872123,0.3701171875
130797334,True,0.3665111111111111,0.5756736288265306
e8f6ede8c,True,0.37765046296296295,0.6491549744897959
63697128e,True,0.43706923076923077,0.6246014030612245
c148399c0,True,0.38265337423312884,0.5210459183673469
514e33268,True,0.24818033854166666,0.4293885522959184
54bbc1b84,True,0.38414930555555554,0.47018494897959184
cbf20c4b0,True,0.08898871527777778,0.19178491709183673
4d09e065d,True,0.38872222222222225,0.5860770089285714
2ad6c7675,True,0.3174539101476515,0.433414381377551
0fe8ffc8e,True,0.3088416666666667,0.33003826530612246
9ba11975b,True,0.31419166666666665,0.5302535076530612
7a23bdbdc,True,0.2698,0.33613679846938777
72c9986ac,True,0.3992361111111111,0.5241549744897959
4a78b3e0b,True,0.44333333333333336,0.46324936224489793
3219ad064,True,0.3838888888888889,0.5703125
6709f43e8,True,0.23405864197530865,0.49824617346938777
56d7f894f,True,0.12988505747126436,0.2839405293367347
dc2354851,True,0.21659824849480022,0.480648118622449
37a11cc19,True,0.47137044270833334,0.624641262755102
22bc76cf6,True,0.08525964391691394,0.12310666454081633
a6830bac1,True,0.5265856481481481,0.701530612244898
afa694eb4,True,0.28001661129568106,0.46121651785714285
b52b8d946,True,0.2437060546875,0.31825972576530615
86ea9dda0,True,0.522256601385324,0.7649274553571429
e48598033,True,0.22030598958333333,0.33498086734693877
46152db3e,True,0.24106770833333332,0.5049027423469388
e748f52b7,True,0.11690486348122867,0.16679288903061223
f836696de,True,0.2528317901234568,0.44009088010204084
8aeff9ad9,True,0.22241666666666668,0.38538345025510207
eb102e06d,True,0.22647003745318353,0.4092992665816326
703c9a23b,True,0.3748166666666667,0.4992625956632653
14e52bdaf,True,0.4232002314814815,0.5520368303571429
083687ba1,True,0.284425,0.43162069515306123
022606901,True,0.26605083857442346,0.33237005739795916
271ca0b0e,True,0.24645,0.3308155293367347
cfa67dca2,True,0.2583916666666667,0.3100685586734694
5b9bed882,True,0.7093166666666667,0.8665896045918368
4c26cf05d,True,0.4616035353535354,0.6138791454081632
4a8dc3644,True,0.3455416666666667,0.5681999362244898
16002dd9b,True,0.5384416666666667,0.7602439413265306
17cbebba6,True,0.22084837545126354,0.3958067602040816
bf7ee1354,True,0.29283333333333333,0.4510124362244898
a119ce67e,True,0.24551666666666666,0.4268176020408163
99f5b19b5,True,0.5419483985765124,0.7458346619897959
09dd22091,True,0.3432516963528414,0.4710020727040816
bc681e945,True,0.2043,0.32774633290816324
80bbb481b,True,0.46123333333333333,0.6190808354591837
f7b67fd7f,True,0.5196,0.7084263392857143
559e15485,True,0.17805,0.309390943877551
cf1b1b824,True,0.004205246913580247,0.009905133928571428
de19fca23,True,0.3420484949832776,0.48399633290816324
0cba1503b,True,0.33441162109375,0.4072863520408163
6c4520bd5,True,0.22933138250883392,0.33779097576530615
d404012af,True,0.39652288732394364,0.5706313775510204
bbf6ed419,True,0.44082763671875,0.49539620535714285
07eb56db1,True,0.19564814814814815,0.4309829400510204
c42e5a129,True,0.33413194444444444,0.5902423469387755
9922b4f91,True,0.3188916666666667,0.3796237244897959
7ecaa8636,True,0.360425,0.5441844706632653
89bec6af3,True,0.35321973449574007,0.5103435905612245
0fa25b7e5,True,0.24105324074074075,0.4192044005102041
8a6701090,True,0.2245775462962963,0.34550382653061223
ca9841ab1,True,0.49101666666666666,0.6704400510204082
34b96cf6a,True,0.143125,0.23505261479591838
4b7262ad7,True,0.3806438127090301,0.5856983418367347
ac59f3533,True,0.2802700617283951,0.5111407844387755
18734d13e,True,0.14340494791666666,0.24890385841836735
99ab7c701,True,0.12895833333333334,0.2242705676020408
3a050484c,True,0.6096666666666667,0.833366549744898
ab48d21e0,True,0.53439208984375,0.653679049744898
882021db6,True,0.20596064814814816,0.3569435586734694
3af1dedf7,True,0.03804166666666667,0.06616709183673469
9ae0545c1,True,0.2764756944444444,0.431640625
56a0c2ccd,True,0.16327133794694348,0.3344626913265306
793e89809,True,0.3951217228464419,0.5403579400510204
161de24f6,True,0.30045,0.4284119897959184
f1fb9506a,True,0.3258361204013378,0.4438576211734694
b16852e32,True,0.6355951722867146,0.7491629464285714
72a2dc93b,True,0.459228515625,0.48995535714285715
ab4f161ae,True,0.15748046875,0.2038624043367347
8910ea0f4,True,0.172575,0.29994419642857145
52363327c,True,0.13346654275092937,0.24392139668367346
c58ad77c4,True,0.5720447530864198,0.6211535395408163
19470706b,True,0.3577001953125,0.45748963647959184
cb423070b,True,0.6486083333333333,0.8139748086734694
f9db446f8,True,0.11077473958333334,0.19282126913265307
b129e668c,True,0.09716748768472906,0.22415098852040816
f205876aa,True,0.670225,0.8286631058673469
0b6064845,True,0.2792666861826698,0.47945232780612246
06abc52ac,True,0.2704166666666667,0.4348692602040816
2b47d7f0d,True,0.36261067708333333,0.4981265943877551
078bf7e5a,True,0.5690190972222222,0.6919244260204082
aaf465c30,True,0.30809166666666665,0.48971619897959184
d2fae31e8,True,0.22195571955719556,0.40037069515306123
e909c484a,True,0.444075,0.6216916454081632
0690278af,True,0.46789166666666665,0.6272520727040817
f5bbf322d,True,0.586225,0.7452965561224489
b054e635f,True,0.4205685763888889,0.7090043048469388
27ab49f1a,True,0.30714166666666665,0.48630819515306123
00156db4a,True,0.23534644194756554,0.41173070790816324
f52510492,True,0.4265335648148148,0.5649314413265306
70f92bae8,True,0.258880958241037,0.35696348852040816
41c61ed91,True,0.24891304347826088,0.43209901147959184
68e6d1bd7,True,0.17732421875,0.30391023596938777
6083e589b,True,0.3965666666666667,0.6334901147959183
487531377,True,0.19277777777777777,0.30576371173469385
550405709,True,0.2346195117589198,0.30373086734693877
7c6cc4bba,True,0.21581666666666666,0.3617665816326531
f246cb734,True,0.5037916666666666,0.8138153698979592
f8e0a06ca,True,0.24906062124248496,0.4128268494897959
5ead05034,True,0.093938127090301,0.15798389668367346
87a37261b,True,0.41477623456790125,0.7729990433673469
f0f9efd52,True,0.6271449372759856,0.8065409757653061
a04a67a2e,True,0.4630707126948775,0.5784438775510204
e72120027,True,0.35330565805658054,0.6287866709183674
3b2f6d5b2,True,0.2029079861111111,0.43837691326530615
ca3dbbaa3,True,0.41492913330338344,0.6716159119897959
a243c61c6,True,0.37094630515683147,0.5331632653061225
598f1fdae,True,0.19874755859375,0.2595264668367347
50d1c2157,True,0.2750888888888889,0.4635682397959184
5fe2e44a2,True,0.4575083612040134,0.6785116390306123
547c7bf41,True,0.29835069444444445,0.4807676977040816
56b5845d7,True,0.07296296296296297,0.1268734056122449
e42a8863f,True,0.1529861111111111,0.3060825892857143
9ad6f6fae,True,0.36811666666666665,0.5355548469387755
6bf6880bd,True,0.140703125,0.31385522959183676
8b636912d,True,0.193175,0.33045679209183676
e2cf62da9,True,0.16330833333333333,0.2819276147959184
a76fa694e,True,0.4384102564102564,0.5569395727040817
faf13c5cd,True,0.2944675925925926,0.5679607780612245
9d4e91ab0,True,0.5311904761904762,0.6513671875
c026becc2,True,0.15505865102639296,0.2366669323979592
f2ff942f1,True,0.10594166666666667,0.1841717155612245
d21ed8b84,True,0.4125717266562337,0.578125
02a13b2cb,True,0.6101973684210527,0.6022799744897959
f57efd0b9,True,0.2573958333333333,0.4306640625
e7b44276b,True,0.171,0.3797632334183674
7adb5f44c,True,0.567932098765432,0.6714764030612245
146005aa0,True,0.14045524691358025,0.3248963647959184
5a3599411,True,0.32545833333333335,0.4649035395408163
1caf9686d,True,0.17822097378277155,0.3482142857142857
80fcb8392,True,0.374990234375,0.45545679209183676
be0e2dfbc,True,0.39061111111111113,0.6826570471938775
9baf0d577,False,0.0,
070014779,True,0.19734166666666667,0.34157764668367346
af2ec000a,True,0.29197773742265265,0.39492984693877553
37e15671b,True,0.2864675767918089,0.44973692602040816
0ecc1200a,True,0.5069916666666666,0.583366549744898
2b4c0f3b6,True,0.23454318936877078,0.3983577806122449
ae6a2116c,True,0.43016538160688345,0.5484095982142857
d2161e0a2,True,0.2063136574074074,0.3469188456632653
fad982f0a,True,0.24305555555555555,0.43387276785714285
8a45e8492,True,0.5053163580246913,0.7816884566326531
9976d9007,True,0.6703333333333333,0.8090521364795918
b1b2aae50,True,0.43275833333333336,0.6281090561224489
a25c1fe02,True,0.21369212962962963,0.35732222576530615
a4221001f,True,0.35271604938271606,0.5827088647959183
3ee76f8a2,True,0.6071833333333333,0.7403340242346939
a9fdc3e4a,True,0.6525916666666667,0.8392458545918368
b39ead375,True,0.041023535851122055,0.0869937818877551
4d3526802,True,0.24085833333333334,0.39158163265306123
064425a21,True,0.40277597402597404,0.4626514668367347
48f8d1d90,True,0.4567989864864865,0.5895049426020408
04372b78d,True,0.21361666666666668,0.31142378826530615
356d41ee2,True,0.17841253791708797,0.3113639987244898
dba5f0e5c,True,0.1481179775280899,0.25914779974489793
1e140177f,True,0.15953857421875,0.20454001913265307
1c2d419ac,True,0.18703333333333333,0.27365672831632654
933da53ee,True,0.4068563432835821,0.5736806441326531
0ab8ae91b,True,0.11176395939086295,0.1461455676020408
414d8422f,True,0.09592082239720034,0.15802375637755103
adbce8472,True,0.13730012516348603,0.28007413903061223
f95680d84,True,0.39655677655677657,0.5807756696428571
2868f9f3f,True,0.1680327868852459,0.35917570153061223
e3f51f5e0,True,0.39829166666666665,0.6430165816326531
db3fce97e,True,0.075025,0.13036112882653061
007ffeccd,True,0.3944888475836431,0.6599170918367347
a85630773,True,0.20021666666666665,0.3378109056122449
2def0a43e,True,0.42564814814814816,0.6562699298469388
8b8c51377,True,0.2678353658536585,0.5263871173469388
243f7f43e,True,0.23476666666666668,0.3989955357142857
e59c8fc76,True,0.335419921875,0.42360889668367346
435f419f9,True,0.3888425925925926,0.5899234693877551
be7ff8075,True,0.39861295681063125,0.6402264030612245
48553ec94,True,0.43265625,0.6548947704081632
0f3fd67e2,True,0.35711669921875,0.437679368622449
96eb3ec09,True,0.268775,0.42928890306122447
fc9cf8b8d,True,0.3860648148148148,0.6132015306122449
039fea576,True,0.43593333333333334,0.538444674744898
4e12936b0,True,0.125,0.27724410076530615
788e8757d,True,0.2305243445692884,0.3394252232142857
2533f425e,True,0.23504681647940076,0.36852279974489793
11aa441fe,True,0.47170320680628275,0.6495137117346939
68936da8c,True,0.5072378277153559,0.6602359693877551
5c7d61133,True,0.36889033942558747,0.42281170280612246
2962fc103,True,0.21965494791666668,0.3818359375
81075b785,True,0.26018880208333334,0.45139110331632654
4f9b31590,True,0.21723958333333335,0.3254544005102041
907fc239e,True,0.10910300925925925,0.18943319515306123
405b63ca5,True,0.2870206766917293,0.4823022959183674
2ce1c6a93,True,0.22387123745819398,0.33621651785714285
998de7b77,True,0.1179875,0.15140704719387754
9b09114c4,True,0.09046822742474916,0.15800382653061223
bd0c6dcb3,True,0.5381833333333333,0.7348732461734694
e5bb33a17,True,0.10314444444444444,0.23068797831632654
4d6350e54,True,0.3016083333333333,0.47598453443877553
1e750bb89,True,0.4932129173508484,0.7991669323979592
e58dd05c8,True,0.2762341772151899,0.22997050382653061
8b6f2ff52,True,0.3632248520710059,0.5457788584183674
3c9dbc88e,True,0.21863711001642036,0.41647401147959184
9664bcecb,True,0.31732419712070875,0.4401108099489796
1c7a27088,True,0.5500771604938272,0.7593470982142857
eb4eef57a,True,0.1027391975308642,0.23848054846938777
b2f2134bd,True,0.09451388888888888,0.22024473852040816
85ed50b25,True,0.17564166666666667,0.30618223852040816
f28036d8a,True,0.1189236111111111,0.20665258290816327
7993a02ee,True,0.5239536621823617,0.6905691964285714
bea6f651c,True,0.34074847289878607,0.5132533482142857
8e1111452,True,0.2318,0.38052056760204084
96b7978d2,True,0.23114074074074073,0.39285714285714285
92d711b01,True,0.35144166666666665,0.5934709821428571
43c43bfed,True,0.5495811518324607,0.666015625
870d3b2aa,False,0.0,
218f8bb3a,True,0.2841230769230769,0.43875558035714285
b3faddf18,True,0.10852143482064742,0.25209263392857145
b16c55a91,True,0.1049609375,0.2386798469387755
3a3dc1dab,True,0.1718287037037037,0.35281808035714285
3ea00c9fd,True,0.18621575342465754,0.2823062818877551
3d7204289,True,0.2519779411764706,0.3275669642857143
e995db95f,True,0.18450810185185185,0.3098094706632653
75c84313d,True,0.2809375,0.44453523596938777
ef5a07ae2,True,0.24675833333333333,0.4291493941326531
6d6390b1f,True,0.26403558052434456,0.49180883290816324
c382bae22,True,0.34380787037037036,0.4652822066326531
1154c26ac,True,0.43326491516146687,0.6643813775510204
4892ceb8d,True,0.18522268282312926,0.26034359056122447
4c31c7db9,True,0.037233169129720856,0.08537946428571429
2dea0707b,True,0.3910205078125,0.4751474808673469
16673c028,True,0.1909326171875,0.24657206632653061
b0278d962,True,0.24662109375,0.29268973214285715
3d7d23a52,True,0.24742524916943523,0.38634008290816324
ae00eded4,True,0.11182222222222223,0.26036352040816324
921817343,True,0.5527294921875,0.6484175701530612
55f8f6120,True,0.244525,0.42103794642857145
1bb6183eb,True,0.4952,0.6932198660714286
95bc62678,True,0.19356633628934097,0.4411670918367347
ae0c5671e,True,0.2963151041666667,0.5517578125
d83dd7fc2,True,0.10107142857142858,0.19878029336734693
876453f9d,True,0.41408158813263524,0.587890625
179462b6d,True,0.3484637126185266,0.45276626275510207
4450385b4,True,0.26339285714285715,0.48451450892857145
ca76729c9,True,0.196075,0.2840999681122449
56bf5e254,True,0.3603703703703704,0.5384048150510204
2a3796cbd,True,0.7082412060301507,0.8141342474489796
10711bb95,True,0.386025,0.5264070471938775
ec040a1ef,True,0.42728464419475654,0.7304886798469388
1cce33a82,True,0.1438,0.33272879464285715
1c967561d,True,0.19194444444444445,0.30604272959183676
10836809d,True,0.18220833333333333,0.2942641900510204
4872c28b4,True,0.029456380208333334,0.05113998724489796
42448336b,True,0.39512731481481483,0.6101721938775511
900b47573,True,0.1583179012345679,0.35489078443877553
d46a58371,True,0.2465798611111111,0.42532286352040816
faf4322a0,True,0.15133101851851852,0.24711017219387754
627726d36,True,0.14006944444444444,0.2328204719387755
3ce528284,True,0.36664325842696627,0.5757732780612245
c12883eaa,True,0.17575617283950618,0.3931361607142857
a7c004380,True,0.3288136574074074,0.4756656568877551
72c38b9ab,True,0.49768199233716476,0.7160993303571429
db0b0bea6,True,0.17195652173913042,0.29055723852040816
b0eeaf438,True,0.38513120993589745,0.4847935267857143
6ad1d75b2,True,0.30605,0.4570910395408163
0fc2dc3cb,True,0.32702341137123747,0.4534438775510204
1dc8f0fd4,True,0.4921,0.702507174744898
34d387261,True,0.33799263258818185,0.4719786352040816
e1cd176b5,True,0.2165798611111111,0.4956552933673469
6d43edbe9,True,0.288475,0.3981784119897959
fdb03c163,True,0.1179931640625,0.15409757653061223
de01d00eb,True,0.35458075556140584,0.5426299426020408
6146d435c,True,0.494375,0.6786112882653061
413489a34,True,0.11849250936329588,0.2048389668367347
d005caf41,True,0.15401234567901234,0.3536750637755102
9b8805c58,True,0.2133275462962963,0.3434311224489796
b6684c4b7,True,0.2077651515151515,0.4362244897959184
3828225de,True,0.39995,0.5089285714285714
2b1638a20,True,0.11618637724550898,0.21071827168367346
cf98480e0,True,0.526841634357292,0.8334263392857143
1fd464902,True,0.2112109375,0.26809630102040816
f9a3f579a,True,0.22695601851851852,0.3233019770408163
f68c70fe1,True,0.3661379310344828,0.46910873724489793
3f5ec6144,False,0.0,
181c10e45,True,0.26876666666666665,0.40017139668367346
20cb13be9,True,0.24845,0.37039620535714285
f0c26af32,True,0.31850260416666665,0.5529735331632653
b6492d3b1,True,0.35224537037037035,0.5619818239795918
3cc6c4102,True,0.3295666666666667,0.5012555803571429
0f366f264,True,0.19424375,0.25394610969387754
d243fce57,True,0.2631597222222222,0.40005181760204084
7a12a494f,True,0.3301233635448137,0.49107142857142855
9f12dbf17,True,0.204375,0.32230548469387754
23b3f793e,True,0.3182291666666667,0.5362922512755102
c2aeb6a1f,True,0.293075,0.40176578443877553
03c323fcf,True,0.518806882821388,0.7112364477040817
5474cd2c2,True,0.33698486328125,0.38071986607142855
86d87d5f7,True,0.22596838358458962,0.3495495854591837
ee421d21a,True,0.14227623456790123,0.32948022959183676
c43be9e6c,True,0.17028333333333334,0.29659598214285715
39fcd2ca4,True,0.25783564814814813,0.4391541772959184
8071fcc9c,True,0.0853125,0.14576690051020408
a5d1a1271,True,0.06311342592592592,0.10957429846938775
2cb1d59ad,True,0.3526666666666667,0.5790816326530612
558c419c0,True,0.4105357142857143,0.5007573341836735
bfdc4cd9d,True,0.11769131769131769,0.20314492984693877
7023f6b45,True,0.359382970701089,0.6581034757653061
5d8c4f66b,True,0.36065833333333336,0.5300741390306123
9cc8bae3b,True,0.47950625,0.6070033482142857
1cbaa3e59,True,0.12718938149972633,0.2936264349489796
b27f46ae3,True,0.29347889783528475,0.43088329081632654
89c28aad0,True,0.10315393518518519,0.16127232142857142
bf456451e,True,0.35479166666666667,0.5866350446428571
3fa0de4e4,True,0.1807175925925926,0.3079360650510204
aa03b987e,True,0.16856336805555555,0.39102359693877553
3c155d21c,True,0.6521845725995317,0.9088010204081632
a6fd3df67,True,0.3431554307116105,0.6184630102040817
6178884d1,True,0.2685416666666667,0.45121173469387754
70a90deaf,True,0.16148333333333334,0.2430843431122449
cbe4be41b,True,0.177958984375,0.2774035395408163
3b7aad341,True,0.3917652027027027,0.5458585778061225
8dea6d23b,True,0.12997685185185184,0.3024354272959184
cccd87749,True,0.3158848797250859,0.5394810267857143
427343625,True,0.20906635802469137,0.4093391262755102
58b4ba48f,True,0.21052662037037037,0.3389269770408163
cb9527612,True,0.3316874258600237,0.520866549744898
c93191313,True,0.1420544164037855,0.1871014030612245
7c559dedd,True,0.23303059895833333,0.33822943239795916
4ae940ec2,True,0.6580833333333334,0.8308753188775511
694cc5569,True,0.4693017578125,0.5606465242346939
cc8459867,True,0.47817626953125,0.608039700255102
ef15e6473,True,0.23714266450916938,0.43582589285714285
f99af9837,True,0.2653086419753086,0.4899952168367347
897fde926,True,0.1911936090225564,0.36856265943877553
fad4fb461,True,0.1939429012345679,0.39279735331632654
dfe7a59b4,True,0.7293060200668896,0.7997648278061225
870e5566b,True,0.18626254180602006,0.3145727040816326
9945b5ac5,True,0.42865,0.620475924744898
b26f1c630,True,0.29065,0.48814174107142855
cde10c57e,True,0.036475,0.06325733418367346
233ddf40c,True,0.2818,0.38926977040816324
15be0f894,True,0.17533333333333334,0.30440848214285715
6ce40c2bf,True,0.20933333333333334,0.3444276147959184
918408d22,True,0.48529456654456654,0.7007533482142857
021c24928,True,0.49136072834645667,0.5854392538265306
f9317ae6d,True,0.22435,0.3899673150510204
dc40c2612,True,0.24883076923076924,0.39297672193877553
276f26435,True,0.37823759791122713,0.5005779655612245
eda415d15,True,0.2924833333333333,0.47987085459183676
364e3ac89,True,0.25140833333333334,0.2709462691326531
841bcd63f,True,0.341675,0.5174186862244898
ee15edbb0,True,0.5091610863095238,0.6471619897959183
7c9e28902,True,0.022941666666666666,0.040138711734693876
acca0b2ed,True,0.34419669669669667,0.49320392219387754
cc195b43d,True,0.026574500768049156,0.05787627551020408
efda64fa5,True,0.3625115740740741,0.39951371173469385
7564c7b62,True,0.20673415492957747,0.39744100765306123
e4f117930,True,0.10627314814814814,0.18243781887755103
46c44f7bc,True,0.3630902777777778,0.5805365114795918
41487b069,True,0.7045056996855346,0.8062021683673469
ae64cc2e7,True,0.1081756161971831,0.2125518176020408
4aa9a342e,True,0.0014583333333333334,0.0025111607142857145
eed29a312,True,0.2851446759259259,0.4340919961734694
30319970f,True,0.22744166666666665,0.3787468112244898
08267e916,True,0.11837191358024692,0.22644292091836735
087ee8e83,True,0.30136666666666667,0.43979193239795916
3e6d8a2c9,True,0.2228344481605351,0.37509964923469385
efc478e64,True,0.509125,0.754524075255102
3cc9490b8,True,0.38357599684830807,0.6589205994897959
0617d9287,False,0.0,
fc4d1c61e,True,0.4116078771611131,0.5696747448979592
5360d72a3,True,0.25839506172839505,0.47580516581632654
a4e09a814,True,0.47785953177257523,0.5801977040816326
518e71b74,True,0.3326851851851852,0.5544682716836735
99ed50a86,True,0.3093402777777778,0.47195870535714285
19fe29040,True,0.21070638020833332,0.29209183673469385
e8c9545c7,True,0.16733024691358026,0.37404336734693877
6c9696bc5,True,0.23569010416666666,0.3393654336734694
c23b6bbf6,True,0.16032196969696969,0.2373046875
5ab1e209b,True,0.054363425925925926,0.09474649234693877
b13e4afff,True,0.41872869318181816,0.5509805484693877
ed1f38a40,True,0.1073344280240832,0.22807716836734693
8803fb1c2,True,0.20836330935251798,0.32523517219387754
4f7bfcb68,True,0.09206666666666667,0.16019610969387754
b822d0566,True,0.36029026217228466,0.5175183354591837
f5e9075c9,True,0.2201112537441164,0.39341517857142855
f88144b9f,True,0.4092476851851852,0.5111208545918368
176516c7a,True,0.15424299568965516,0.2780014349489796
21e4ca7d1,True,0.1610153256704981,0.35020727040816324
9ea8e240f,True,0.39478653530377666,0.4122289540816326
3bcc3be83,True,0.6590833333333334,0.7405731823979592
9deed930d,True,0.255321223316913,0.33944515306122447
c5db00aa6,True,0.3685583333333333,0.5252112563775511
00b23513e,True,0.28789166666666666,0.45766900510204084
232aee73d,True,0.2580030487804878,0.4306640625
e4afff6dd,True,0.23705555555555555,0.5198501275510204
f6ec35f31,True,0.18633101851851852,0.30454799107142855
db0213107,True,0.14630787037037038,0.25452407525510207
bb15b64ea,True,0.1834,0.2140266262755102
ad66b0f44,True,0.2872164351851852,0.4485610650510204
fdd191ba0,True,0.24357859531772574,0.34849330357142855
2c3f23fce,True,0.3013736979166667,0.450992506377551
3583095d0,True,0.18913333333333332,0.32539461096938777
49c216bf8,True,0.358154296875,0.5768096301020408
fd33218b8,True,0.32211640211640213,0.4937220982142857
0143edd0a,True,0.36854736328125,0.4602000956632653
7983db8d9,True,0.39082175925925927,0.478694993622449
ea062393d,True,0.20202546296296298,0.3465601084183674
ddae7aede,True,0.16559606481481481,0.28493702168367346
9ef3d0eec,True,0.1836888888888889,0.3937938456632653
f4948a23d,True,0.212675,0.35999282525510207
f580ba98c,True,0.12015,0.20862563775510204
57e37b00b,True,0.34445224719101125,0.5144292091836735
a970b89c7,True,0.360849881784158,0.553093112244898
4a6e23ad7,True,0.5849151234567901,0.8418965242346939
7a59ae5ed,True,0.36548125,0.4727160395408163
e94581522,True,0.055016666666666665,0.09608179209183673
f7675eb96,True,0.3406062124248497,0.49117107780612246
1cea0ad08,True,0.2241043122071655,0.38564253826530615
98686f3bc,True,0.18597222222222223,0.2897799744897959
582c02d86,True,0.287171875,0.45473931760204084
8010a808c,True,0.42664166666666664,0.5693558673469388
392cb224a,True,0.3411,0.5695153061224489
ca7c6095a,True,0.5873379629629629,0.8788265306122449
bba3070ad,True,0.3673705501618123,0.5038663903061225
0e49eebb3,True,0.34560568086883875,0.4034797512755102
e0a797901,True,0.3028666666666667,0.4176698022959184
5f6d23ada,True,0.35689814814814813,0.4843152104591837
b15d56540,True,0.2611328125,0.5522560586734694
937c2e14f,True,0.07209635416666667,0.12553810586734693
a05c489dc,True,0.34784741458910434,0.4744499362244898
6202e7d4d,True,0.25656635802469135,0.5429089604591837
42eac4984,True,0.2947916666666667,0.6371970663265306
326355730,True,0.29314784053156145,0.48329878826530615
e61d62489,True,0.186748046875,0.2924705038265306
d476272d7,True,0.6815200617283951,0.9712412308673469
d25ad4b76,True,0.14438333333333334,0.25107621173469385
8d7eff0cc,True,0.1900925925925926,0.3120615433673469
dc371c173,True,0.5128416666666666,0.7934669961734694
400eaa6d5,True,0.3351819923371647,0.4470065369897959
2ea25b63b,True,0.33953358208955225,0.5024713010204082
c02ce1bc0,True,0.16472744360902256,0.3231624681122449
dac60bd9c,True,0.44486689814814817,0.6042928890306123
5ddd7f219,True,0.20550455729166667,0.3256138392857143
9869aad59,True,0.4882313829787234,0.8503866390306123
b7ea489ae,True,0.46720754716981133,0.6193997130102041
1dc90fbb8,True,0.25340277777777775,0.29023836096938777
434691342,True,0.16158026755852842,0.282047193877551
83b2fae5e,True,0.28265625,0.3024354272959184
030f32f08,True,0.4852325970548862,0.7420479910714286
0338fcdaf,True,0.4596710526315789,0.6465640943877551
728a08a8b,True,0.27074019607843136,0.39803890306122447
5b4caee59,True,0.5071804511278195,0.7508769132653061
63f7cacce,True,0.7413849431818181,0.8410196109693877
45f9a9f66,True,0.20426666666666668,0.3393654336734694
1fd2f589f,True,0.20521412037037037,0.2528101084183674
0ed8d0f9c,True,0.40568333333333334,0.5997688137755102
e4fb514b2,True,0.10838333333333333,0.1884765625
13c67e713,True,0.3140520134228188,0.5271245216836735
ca81b2566,True,0.258925,0.4301857461734694
7ebdfc3b7,True,0.24080295138888888,0.43423150510204084
cf78e66fd,True,0.56300625,0.6753228635204082
256f40704,True,0.20196180555555557,0.4274354272959184
f677061e8,True,0.317375,0.474788743622449
9c43d4567,True,0.7286962890625,0.8398636798469388
a9551ed6d,True,0.23302662037037036,0.2753109056122449
c723171ff,True,0.21232895457033388,0.4566127232142857
bf87b176d,True,0.1681554307116105,0.30859375
3f2a40f0a,True,0.35552549193051836,0.5293566645408163
cf76c794a,True,0.34065833333333334,0.5823501275510204
acc76c678,True,0.1670486111111111,0.26110092474489793
dfcd19237,True,0.14640833333333333,0.25522161989795916
c96423707,True,0.2709083333333333,0.43714126275510207
5382ef1e5,True,0.11114969135802469,0.2474091198979592
5971694db,True,0.17051003344481605,0.29775191326530615
c3a52fbbe,True,0.13282407407407407,0.23142538265306123
29778124f,True,0.22866050469483568,0.42861128826530615
2f7da7f8f,True,0.3343287037037037,0.5138512436224489
aa795e561,True,0.15073578595317727,0.2629942602040816
428877021,True,0.13947502920560748,0.2617984693877551
8b6867433,True,0.251575,0.32553411989795916
eaf13651e,True,0.27291666666666664,0.39417251275510207
f82aa539c,True,0.19924913194444444,0.45033482142857145
df6205194,True,0.3279210069444444,0.5221819196428571
ca7075738,True,0.28238960113960115,0.4903539540816326
0b6457bf5,True,0.40764279026217226,0.5176379145408163
fe15cb88c,True,0.4185791015625,0.49410076530612246
c0898504e,True,0.28305,0.4151187818877551
1ed0c2a41,True,0.32545880149812734,0.5010762117346939
386990598,True,0.228325,0.38022161989795916
5ea1f2c39,True,0.1531438127090301,0.2511360012755102
88c0e21d1,True,0.26176017992424244,0.36365991709183676
226e8fe7c,True,0.14038194444444443,0.2376434948979592
f288b4919,True,0.7485802469135803,0.937858737244898
f83096577,True,0.2232175925925926,0.3725685586734694
a34cf041b,True,0.34049375,0.44469467474489793
1020c8f00,True,0.28972033898305083,0.33822943239795916
6dbed5324,True,0.14709166666666668,0.2561583227040816
066498aa1,True,0.08368055555555555,0.19387755102040816
758a6def9,True,0.400141196013289,0.6271723533163265
7821d724c,True,0.40035291438979964,0.5436862244897959
5e74dfc90,True,0.23869166666666666,0.40116788903061223
faf4fd269,True,0.24883076923076924,0.39297672193877553
85188cb67,True,0.50728759765625,0.6065051020408163
d19f035bc,True,0.1906,0.2474689094387755
b3b26191c,True,0.2511848958333333,0.42671795280612246
84e1e59d5,True,0.22338541666666667,0.47935267857142855
2b5249852,True,0.2383275462962963,0.3535754145408163
bb0dddcf2,True,0.39029807692307694,0.5570990114795918
dcd93c794,True,0.12211458333333333,0.2568359375
9dfcbe364,True,0.250960641260185,0.47353316326530615
84c1afe03,True,0.14990833333333334,0.25851004464285715
861d65847,True,0.395775,0.49276546556122447
1bbadc050,True,0.33477430555555554,0.5485291772959183
90b927fdd,True,0.3618923611111111,0.44355867346938777
a0da2621e,True,0.4242091836734694,0.5157844387755102
7ddf00d90,True,0.08425493102268841,0.1243423150510204
a20880c1d,True,0.13216471354166667,0.23003029336734693
c33c82dd5,True,0.5448583333333333,0.6748644770408163
ba54e88a9,True,0.22165690104166666,0.33579799107142855
a6c7f3a13,True,0.04104938271604938,0.09486607142857142
447233a49,True,0.24933333333333332,0.429866868622449
b2b3baca1,True,0.2983101851851852,0.48048867984693877
262d7f006,True,0.08641666666666667,0.15037069515306123
175f4a910,True,0.04873842592592593,0.06351642219387756
b8ccf4b62,True,0.13534166666666667,0.23561065051020408
7d1030b42,True,0.4674333333333333,0.6366988201530612
94019dc75,True,0.2598666666666667,0.43783880739795916
1035db262,True,0.370775462962963,0.6430365114795918
59e59bd5a,True,0.20313333333333333,0.2987683354591837
554c80a2a,True,0.20241512345679014,0.4115513392857143
8d8895245,True,0.6247666666666667,0.8094308035714286
a120cae65,True,0.3295361328125,0.39261798469387754
7cf37c7e2,True,0.2519642857142857,0.4927256058673469
374b76068,True,0.3594878472222222,0.48401626275510207
9f2dd031a,True,0.15679036458333334,0.2266222895408163
79a9a7b05,True,0.26981944444444445,0.3761360012755102
bf90589d1,True,0.19844135802469134,0.34654017857142855
e375cb119,True,0.3248490566037736,0.5254703443877551
1e87e4110,True,0.5172102649006622,0.7838608099489796
6aee1d8da,True,0.12296666666666667,0.21416613520408162
679e98b95,True,0.20580833333333334,0.3481345663265306
484915b4f,False,0.0,
417c09a08,True,0.5026882845188284,0.6248007015306123
f6fac7b56,True,0.19372909698996654,0.31020806760204084
8655a46ed,True,0.19973333333333335,0.3399234693877551
1f9b856e0,True,0.28373333333333334,0.42763472576530615
e9ec4d543,True,0.23711610486891385,0.305484693877551
ea39ef3ae,True,0.2833583333333333,0.4291493941326531
9bd70dc2b,True,0.29475833333333334,0.2421875
be3508ce5,True,0.278515625,0.36324139030612246
ef896feeb,True,0.20627052545155994,0.2979113520408163
c45e47c4c,True,0.19339166666666666,0.31995376275510207
c5af48975,True,0.1852247191011236,0.3621452487244898
c8c7ef646,True,0.19925555555555555,0.384765625
387a8e71a,True,0.3475752314814815,0.5179567920918368
3b4b4cb9c,True,0.2765,0.4788345025510204
2bf2c6260,True,0.27297482211275315,0.4604392538265306
745fd19b8,True,0.044587673611111114,0.10168207908163265
9a3224461,True,0.23197610294117646,0.42289142219387754
f861fe441,True,0.10622721354166667,0.18498883928571427
c32940f0f,True,0.26944084812184776,0.6040935905612245
77bb4ce3a,True,0.22985833333333333,0.36013233418367346
9fb2a918d,True,0.13834444444444444,0.3200733418367347
abaf6c9ee,True,0.30741573033707864,0.503288424744898
799cbc9e1,True,0.4795949074074074,0.6386120854591837
097dd9931,True,0.1892446633825944,0.42321029974489793
c0545b660,True,0.30415441176470587,0.5265266262755102
b477ad589,True,0.3360514322916667,0.45250717474489793
0af142ee3,True,0.13786666666666667,0.23981584821428573
bd56db16a,True,0.3366550925925926,0.451969068877551
615afad71,True,0.22547453703703704,0.38797433035714285
1528d2a61,True,0.29309166666666664,0.4849330357142857
1e7a3b766,True,0.3071527777777778,0.4580875318877551
6ce342cfe,True,0.31935975609756095,0.4462890625
5f20dde82,True,0.09423333333333334,0.16356425382653061
d168549f2,True,0.5465114068441065,0.6994379783163265
b9e604ca1,True,0.46634363686995267,0.6738480548469388
1b1cf81d4,True,0.2590362394957983,0.363460618622449
ca4224e0b,True,0.6597398843930636,0.8278260522959183
38f6f3011,True,0.35258333333333336,0.5377869897959183
a56bbc295,True,0.23796296296296296,0.36941964285714285
e63eea2f7,True,0.128975,0.2099011479591837
191fb0046,True,0.3671488294314381,0.6185626594387755
4ce620a7a,True,0.463047703180212,0.6652184311224489
bbd0c8f36,True,0.21705246913580248,0.47401147959183676
a9e4d6df7,True,0.2909583333333333,0.4989038584183674
cb9eb954c,True,0.0750718993022866,0.1739078443877551
8ce613036,True,0.3838064236111111,0.6024194834183674
a6610ebd3,True,0.19080246913580248,0.40822305484693877
d7a002088,True,0.5695416666666666,0.8333864795918368
189a8292b,True,0.18548032407407408,0.3225645727040816
a53cb0980,True,0.2578096224677716,0.382991868622449
ba2d4e877,True,0.36183520599250935,0.5782445790816326
3285d041f,True,0.54905,0.6571667729591837
be36182ea,True,0.3746604938271605,0.6075215242346939
9fb8e5e73,True,0.13140833333333332,0.22853555484693877
fcc138c39,True,0.2877227783203125,0.4684909119897959
f980544af,True,0.22988294314381272,0.4009486607142857
01c202740,True,0.28073333333333333,0.44296077806122447
96e9f6fd8,True,0.26980712890625,0.3442482461734694
163adc370,True,0.23219166666666666,0.3465999681122449
d8b05d43d,True,0.3136871508379888,0.4256616709183674
fd71f9fb4,True,0.162775,0.28318319515306123
9d1b799e7,True,0.4021682098765432,0.5718470982142857
dd13b36c6,True,0.2892824074074074,0.5031289859693877
08a9b6f29,True,0.3180620608899297,0.5056800063775511
02f7300db,True,0.3583854166666667,0.6057676977040817
16dc1188b,True,0.2256982917820868,0.3689014668367347
cdf4d775f,True,0.1169675925925926,0.20362324617346939
534104c8e,True,0.31558449074074074,0.45601482780612246
08d198666,True,0.08466666666666667,0.1951530612244898
a015cce59,True,0.28994682122370935,0.34355070153061223
14410015e,True,0.29646412037037034,0.36397879464285715
a56c46193,True,0.4074583333333333,0.6379344706632653
6521d5af1,True,0.44806179775280897,0.6217713647959183
261c4115b,True,0.24459030100334447,0.38657924107142855
2d0315769,True,0.5311242275068779,0.6183832908163265
ce19e69ff,True,0.123925,0.2015106823979592
2fc753430,True,0.314094152854512,0.44278140943877553
80aca536a,True,0.2759796238244514,0.43361367984693877
daabe5f9d,True,0.30191875,0.3942721619897959
883e7d058,True,0.2790148202137998,0.3376315369897959
e246ecfdc,True,0.351525,0.5026905293367347
437b06047,True,0.187375,0.30068160076530615
1d30559d8,True,0.23903294989276663,0.38608099489795916
902624c4b,True,0.17356666666666667,0.29336734693877553
e94f842c0,True,0.12914388020833334,0.17145647321428573
0985e2dad,True,0.44675,0.6890345982142857
33eaf34b3,True,0.7983116319444444,0.8875159438775511
f056ab9fc,True,0.03583736126029359,0.08344626913265306
df59dd59f,True,0.2988751147842057,0.45151068239795916
68d7d01d0,True,0.1367361111111111,0.2009327168367347
0be7a4adf,True,0.36291087962962965,0.5095463966836735
8b2be8807,True,0.39953125,0.6442123724489796
9c33e8db3,True,0.20946666666666666,0.3648158482142857
6adc3bf2f,True,0.31207880641796465,0.5295958227040817
66a1d5bc4,True,0.21095833333333333,0.3670679209183674
2c137b9a4,True,0.2252,0.3478156887755102
76c276834,True,0.18,0.2919124681122449
8e77d52ad,True,0.5187003968253968,0.6534199617346939
a00eaa0fb,True,0.3226967592592593,0.5039859693877551
3ec367f79,True,0.18723333333333333,0.3244579081632653
19db3e21f,True,0.3900281954887218,0.6860451211734694
d86d7a70e,True,0.2344,0.40638950892857145
976cd59b0,True,0.05622314453125,0.07344148596938775
004a26127,True,0.3368352059925094,0.5959422831632653
b6c338f94,True,0.0790162037037037,0.1376355229591837
8670bd551,True,0.4539,0.7073301977040817
fd3c1a3bb,True,0.200751953125,0.3494499362244898
2b0b80ef6,True,0.2758622408293461,0.41246811224489793
b80a19455,True,0.37859700520833334,0.6186822385204082
d8be7f8b0,True,0.162841796875,0.21287069515306123
0e80de8ac,True,0.37367849576271184,0.5000199298469388
4a4fb4974,True,0.3332118055555556,0.4985451211734694
5b59ef7ee,True,0.260575,0.4200813137755102
1d7e844a7,True,0.2601200810185185,0.5330436862244898
41e069381,True,0.2079119850187266,0.3555285395408163
d1962ab4f,True,0.6172932733504712,0.8532366071428571
0d6b8efdc,True,0.012350547730829421,0.020448022959183673
503a096e7,True,0.20325670498084292,0.36754623724489793
206db8d8d,True,0.23985955056179775,0.4303451849489796
599d24d23,True,0.39261875,0.4797512755102041
1a0395c7f,True,0.32343465909090907,0.44955755739795916
4f1d86875,True,0.18776719782355228,0.3260522959183674
62b9cb163,True,0.17049166666666668,0.2857142857142857
4a93b3e4e,True,0.26226875,0.33603714923469385
991eba9f9,True,0.17567708333333334,0.30580357142857145
8e2723a38,True,0.17188802083333332,0.3989955357142857
8f128d3ed,True,0.23171666666666665,0.30666055484693877
497ef36aa,True,0.3347833333333333,0.43979193239795916
af514b027,True,0.3301625,0.42793367346938777
5cba5c76a,True,0.44578559027777775,0.5665058992346939
a2cf852c0,True,0.18536789297658862,0.3124202806122449
a16c6d55d,True,0.08611666666666666,0.14991230867346939
7727b4dae,True,0.2982276119402985,0.5209861288265306
1a91262f6,True,0.1757,0.2601841517857143
3f834da3b,True,0.6787268518518519,0.7325613839285714
f72d7a939,True,0.19615,0.3151905293367347
779d50e4f,True,0.123725,0.21538185586734693
ee93b2d47,True,0.3204219936121893,0.4724968112244898
8849d3fe9,True,0.26603333333333334,0.4141820790816326
143d10038,True,0.18604817708333332,0.3177016900510204
a1390d450,True,0.5976166666666667,0.6569874043367347
7df56218d,True,0.16914242843951985,0.2935068558673469
0ede86b28,True,0.42353650137741045,0.6331513073979592
392caeaed,True,0.238546875,0.3542330994897959
f904be121,True,0.49238333333333334,0.5286391900510204
1ba488d80,True,0.3694753086419753,0.6919044961734694
79ad78fc4,True,0.15721604215456675,0.3063815369897959
a6239b2f3,True,0.32508333333333334,0.49924266581632654
6da53f587,True,0.3203029434250764,0.45669244260204084
c240d153f,True,0.20303468208092484,0.3015983737244898
29b60faaa,True,0.29735549132947975,0.415836256377551
000a290e4,True,0.14607638888888888,0.25436463647959184
f6575f08d,True,0.2527,0.4123485331632653
67a68df4a,True,0.3790170019157088,0.4921077806122449
2e1de0bba,True,0.35913411458333333,0.5908203125
0038c9343,True,0.22525,0.38303172831632654
68046ca33,True,0.11817669172932331,0.22130102040816327
18cd75354,True,0.13325617283950617,0.29494180484693877
19f0ef706,True,0.4263641261755486,0.5537707270408163
07877aea7,True,0.392,0.682975924744898
322b32801,True,0.15234166666666665,0.25643734056122447
97a10da78,True,0.237,0.38341039540816324
f2f8667a2,True,0.24965355805243444,0.4701650191326531
9ba39bba6,True,0.25916666666666666,0.42362882653061223
97b9ee40b,True,0.3926046545667447,0.6208944515306123
4fcd7cfe0,True,0.38695,0.5893853635204082
8528b3d49,True,0.3048666666666667,0.503288424744898
8ac1e8eb6,True,0.4280124240451389,0.5285794005102041
56e91b142,True,0.12884311868686868,0.21269132653061223
8a04b2403,True,0.8043833333333333,0.9731544961734694
ccdc0f862,True,0.26894444444444443,0.46462452168367346
0cc3e27b5,True,0.3153,0.5291772959183674
169184766,True,0.44309748427672957,0.474788743622449
a0825ad18,True,0.24650833333333333,0.36690848214285715
8ac51d5ce,True,0.050826388888888886,0.07334183673469388
f8bf52aea,True,0.10824444444444445,0.14676339285714285
02d9e61ca,True,0.40640184645286687,0.6064453125
1e7159da4,True,0.31329554733656756,0.45802774234693877
434a2904c,True,0.11175130208333334,0.19068877551020408
7cd5e5195,True,0.4766623263888889,0.5403380102040817
2fb24b53d,True,0.34997314453125,0.45703125
1940b59e7,True,0.36078595317725753,0.5068757971938775
f69bd4b27,True,0.14144375,0.18492904974489796
ff5ea4f84,True,0.16627906976744186,0.2875279017857143
660cd67ed,True,0.4477571770334928,0.640983737244898
cf162bb42,True,0.18375,0.3071388711734694
386e1a0fd,True,0.18335555555555555,0.32979910714285715
155e1f0ca,True,0.2908833333333333,0.45174984056122447
7a31d17c7,True,0.16358333333333333,0.2393176020408163
5bd3c6eee,True,0.249925,0.39004703443877553
861c903b6,True,0.23907894736842106,0.39700255102040816
7b6f894a1,True,0.010233333333333334,0.017996651785714284
728ed1c0e,True,0.32508148148148147,0.5163225446428571
3f38aabf4,True,0.40987654320987654,0.5151466836734694
fc93e5aa5,True,0.40274166666666666,0.4848533163265306
289d0bc8a,True,0.165175,0.281429368622449
8335d65e0,True,0.15636042402826855,0.2667610012755102
8d1dce21f,True,0.09873046875,0.18459024234693877
628a224b2,True,0.40341353677621283,0.48660714285714285
1303e86df,True,0.3849916666666667,0.5656289859693877
752b2d9c5,True,0.573536928188091,0.7898198341836735
eb6bb82fd,True,0.12900833333333334,0.20477917729591838
d9c151e72,True,0.229482421875,0.3608896683673469
cc08b4198,True,0.55862548828125,0.6485969387755102
0691034ac,True,0.39065833333333333,0.496273118622449
8483b2161,True,0.07457175925925925,0.12956393494897958
90f1bb168,True,0.14049153645833334,0.24424027423469388
0e6492f0d,True,0.24000119388729704,0.371890943877551
c5ee96818,True,0.3960111111111111,0.7585499043367347
f86b59db0,True,0.265575,0.38075972576530615
813db4d5a,True,0.3383449074074074,0.5415338010204082
6ff9b83f0,True,0.6457513436681028,0.7885243941326531
3b901ae31,True,0.30375,0.45316485969387754
a83683f66,True,0.43649088541666664,0.5439253826530612
e0ee00f9a,True,0.31411666666666666,0.4794124681122449
c9c023b3e,True,0.051867316167942476,0.1210140306122449
e9e263ee2,True,0.20424479166666668,0.29530054209183676
42103b22e,True,0.5862361111111111,0.7208426339285714
0ef640aaf,True,0.11630833333333333,0.20143096301020408
79ef1fd27,True,0.49122489959839355,0.635383450255102
9a7474fd8,True,0.3581,0.5378667091836735
b78b30c18,True,0.21708801498127342,0.36796476403061223
e470b6bd3,True,0.338625,0.4397122130102041
111be067f,True,0.37199074074074073,0.6515066964285714
5bfbb098d,False,0.0,
07bd5a7a9,True,0.10823576292441663,0.18873565051020408
375794bcb,True,0.1794496487119438,0.3501674107142857
3013d9169,True,0.11766782407407407,0.11407844387755102
3feae3fb7,True,0.221925,0.3631616709183674
01e4020da,True,0.23951967592592593,0.4059510522959184
7930e4752,True,0.195885724852071,0.23142538265306123
531e56f63,True,0.15309027777777778,0.26664142219387754
21415ffb9,True,0.3769468390804598,0.4872448979591837
07914c759,True,0.16651804088352312,0.2743542729591837
77c9c2e64,True,0.5692960526315789,0.6869021045918368
212157776,True,0.4209503745318352,0.6383330676020408
5264d253b,True,0.1678111111111111,0.3524792729591837
06ed12b93,True,0.326025,0.5529137436224489
e8a1f3d1b,True,0.2564046822742475,0.3842873086734694
155126a9f,True,0.4989970501474926,0.5744778380102041
8106b5f6f,True,0.23806666666666668,0.39487005739795916
39818f12c,True,0.23606770833333332,0.386898118622449
121c5faca,True,0.29560776302349334,0.43825733418367346
ccd36a0f2,True,0.24769097222222222,0.5202487244897959
c2fc23444,True,0.4139817880794702,0.47008529974489793
531452675,True,0.03740740740740741,0.06485172193877552
49c5dbda7,True,0.39215494791666666,0.3722297512755102
830b62870,True,0.17523111979166667,0.27329799107142855
26161bad4,True,0.2029840848806366,0.33262914540816324
49f06aa59,True,0.170075,0.2866310586734694
21a56b530,True,0.1972049689440994,0.23112643494897958
c50926700,True,0.16163773148148147,0.24386160714285715
1dcd8bc8a,True,0.2786888266509434,0.5179767219387755
2cd806c03,True,0.223916015625,0.27260044642857145
794c57f72,True,0.5476973684210527,0.8881337691326531
47fc12331,True,0.061022135416666665,0.10608657525510204
1d1c1d51d,True,0.41652861445783135,0.5628786670918368
fed21411c,True,0.12534649581589957,0.2150829081632653
2b6fe231b,True,0.28691814853556485,0.4198022959183674
0cda0894a,True,0.10013888888888889,0.12783003826530612
cc261e309,True,0.084725,0.1460857780612245
a39034cfc,True,0.3194666666666667,0.4545400191326531
637e741e8,True,0.40300551470588236,0.6625478316326531
10fa4505d,True,0.3177125850340136,0.4279934630102041
b3995ad50,True,0.15599537037037037,0.24641262755102042
c0574c31a,True,0.3646875,0.5329241071428571
b181fa99a,True,0.4679050925925926,0.7119339923469388
24890da9b,True,0.235727969348659,0.47781808035714285
91328d9f8,True,0.3811689814814815,0.44371811224489793
577c72b39,True,0.21780833333333333,0.36910076530612246
d6e6e7d6c,True,0.20722800925925927,0.32278380102040816
f618c35b8,True,0.10049166666666667,0.1750438456632653
f5fc7d4a5,True,0.23935833333333334,0.37228954081632654
9b9873716,True,0.10652018229166667,0.1657764668367347
52ed9719f,True,0.5495375607159492,0.8212093431122449
e7c1eb9ec,True,0.19690111420612813,0.28609295280612246
331476348,True,0.3974884259259259,0.6167091836734694
abadb839a,True,0.41833333333333333,0.5256895727040817
e899d33d5,True,0.33545555555555556,0.6250996492346939
cccbf8c47,True,0.058784722222222224,0.10218032525510204
31081d71d,True,0.22620442708333333,0.3516820790816326
c5aeec694,True,0.40586666666666665,0.6137197066326531
f231e1f78,True,0.12838888888888889,0.29783163265306123
1ce065496,True,0.2756416666666667,0.423828125
8a3bb842e,True,0.2380246913580247,0.5353954081632653
8009b7ac8,True,0.4755,0.6795081313775511
fe2209833,True,0.15840833333333335,0.276187818877551
4f412d0fc,True,0.502650462962963,0.6325733418367347
67ef0c9a6,True,0.20436197916666668,0.3455436862244898
6e642352c,True,0.18071614583333334,0.33296795280612246
732a2ed35,True,0.08438271604938272,0.14702248086734693
dd9ee4a38,True,0.28965169270833335,0.40664859693877553
1539be087,True,0.30796296296296294,0.5129145408163265
b12e22341,True,0.33368544600938965,0.4729551977040816
69b79d62d,True,0.1808641975308642,0.38926977040816324
b59e875ed,True,0.34566358024691357,0.6248007015306123
a45142177,True,0.383575,0.4423828125
f45171393,True,0.0639429012345679,0.14863679846938777
0e83fbe2a,True,0.6059894259818731,0.7485052614795918
ae14a91dc,True,0.5548740740740741,0.7640704719387755
80bf7a371,True,0.13605902777777779,0.2281768176020408
ef8ddd70b,True,0.19018333333333334,0.3184390943877551
859b2a95b,True,0.3364226598173516,0.5156050701530612
97dc40c6f,True,0.21147135416666665,0.46958705357142855
553164b93,True,0.5481580284552846,0.6443718112244898
39ec77c60,True,0.48104736328125,0.5631975446428571
7988bce47,True,0.15366104868913857,0.28115035076530615
cb295209a,True,0.3630952380952381,0.5976363201530612
f03ea3fd5,True,0.3397048611111111,0.46717554209183676
36ea16468,True,0.37493333333333334,0.5747568558673469
eb77ec282,True,0.1247438524590164,0.2432238520408163
e11e6cf89,True,0.18815,0.31935586734693877
b48d47214,True,0.0526123046875,0.06861846301020408
1f983f20b,True,0.12830625,0.1673907844387755
b3ff03304,True,0.36515625,0.5442044005102041
3f7ef9681,True,0.10534814814814815,0.14142219387755103
466862270,True,0.608431712962963,0.5851004464285714
e01638894,True,0.3227842377260982,0.40134725765306123
de0f0272c,True,0.201725,0.3485132334183674
d3a4afef1,True,0.3049826388888889,0.4412866709183674
1f2573b47,True,0.1745525059665871,0.26046316964285715
5971c2462,True,0.36622685185185183,0.5701331313775511
6120ace5c,True,0.6328289473684211,0.8055644132653061
40fbb932c,True,0.4324845679012346,0.7424665178571429
f22aae8af,True,0.3947685185185185,0.5144092793367347
f08503742,True,0.3430941358024691,0.46595982142857145
09ca98f7b,True,0.23520034843205576,0.38803411989795916
65a98c48f,True,0.28749166666666665,0.4208187181122449
93a9e05b1,True,0.04937882764654418,0.11383928571428571
d4c153877,True,0.17653935185185185,0.2983298788265306
0c1e8a6f2,True,0.3473681640625,0.43648357780612246
99daba941,True,0.45805419921875,0.5660076530612245
7cd898f38,True,0.0701,0.1627471301020408
3f4fff7b2,True,0.2354,0.28659119897959184
01e5d357f,True,0.2824710648148148,0.4773796237244898
77a74852b,True,0.21308333333333335,0.36435746173469385
0b051c8b3,True,0.21832397003745319,0.30546476403061223
3b2b69d20,True,0.2996455223880597,0.5597098214285714
ac3a5c473,True,0.30118333333333336,0.45059390943877553
8cb325d19,True,0.4511631089217296,0.6644411670918368
bfab5f493,True,0.1876171875,0.261539381377551
f78698cc4,True,0.517001488095238,0.7405731823979592
d5053eb47,True,0.37680833333333336,0.5805763711734694
9b0744be7,True,0.3119475655430712,0.5525350765306123
412d6c47d,True,0.4055324074074074,0.7456752232142857
ec4849051,True,0.3000083333333333,0.4243662308673469
485772d7e,True,0.18526272577996716,0.37910554846938777
6b24d9186,True,0.3188416666666667,0.5059191645408163
37e47eeab,True,0.07287037037037038,0.12691326530612246
98ae607d8,True,0.237255859375,0.40662866709183676
221cc9a2b,True,0.09639534883720931,0.1671516262755102
329814145,True,0.211275,0.3627431441326531
799aad68b,True,0.11174166666666667,0.19403698979591838
f796b0a30,True,0.2988736979166667,0.466617506377551
ec15875ea,True,0.3897083333333333,0.5520766900510204
610246129,True,0.13268333333333332,0.23112643494897958
bfdff0622,True,0.2090771484375,0.2725805165816326
5e8f72190,True,0.27132562785388126,0.3404017857142857
b1ae07ad5,True,0.3254,0.41555723852040816
dfb0b0928,True,0.2738583333333333,0.4150390625
d3e488484,True,0.3070717592592593,0.5155253507653061
a6fbe0f38,True,0.23471064814814815,0.40800382653061223
c9d24314b,True,0.38250833333333334,0.6464046556122449
1fd056050,True,0.5757833333333333,0.7643096301020408
38d23c02f,True,0.39215087890625,0.47399154974489793
abd7a3201,True,0.2852913533834586,0.42149633290816324
5944cef68,True,0.3442578125,0.4957748724489796
b233246be,True,0.33833251953125,0.42344945790816324
44db1cade,True,0.21360532407407407,0.3557278380102041
f90762cef,True,0.061398467432950195,0.14178093112244897
6aa6cfaaa,True,0.3222333333333333,0.5178172831632653
4f9379256,True,0.14625833333333332,0.25077726403061223
b43155295,True,0.1439699074074074,0.24768813775510204
c9d955ac9,True,0.2972412109375,0.3823341836734694
dc4e92b83,True,0.37681396484375,0.44650829081632654
8e5356302,True,0.3061747685185185,0.4151985012755102
ae3ef6983,True,0.2596682098765432,0.5526945153061225
143a52d8b,True,0.21895833333333334,0.30496651785714285
eda2151fa,True,0.11173333333333334,0.19423628826530612
9d3c3c390,True,0.24451666666666666,0.39321588010204084
8a97062f5,True,0.13869212962962962,0.24174904336734693
5a3e60ced,True,0.1524767378215654,0.23953683035714285
679d0c196,True,0.25653333333333334,0.5489875637755102
8632f7132,True,0.08026685393258427,0.1416812818877551
c7338db23,True,0.3126583333333333,0.47068319515306123
1a849a445,True,0.21220486111111111,0.36874202806122447
cbb64ed77,True,0.26160833333333333,0.35770089285714285
356d9395d,True,0.5928977272727273,0.7684550382653061
9fae764f0,True,0.29490625,0.3811583227040816
c1f4af354,True,0.48749021909233176,0.6711176658163265
8cf93cab0,True,0.051076388888888886,0.08597735969387756
a63f6c6a1,True,0.11991512345679012,0.2090640943877551
a04c35bc6,True,0.5269583333333333,0.7139867665816326
0b3b23c20,True,0.13541341145833333,0.1553332270408163
f2bb56f7a,True,0.12285,0.19391741071428573
d6259561f,True,0.546066037735849,0.8413185586734694
7cbe52a0f,True,0.21959490740740742,0.3332469706632653
f073c005e,True,0.42985532407407406,0.5695750956632653
0a0e8c15b,True,0.190375,0.32581313775510207
2edd45e56,True,0.4063073394495413,0.6581433354591837
2d8db1c19,True,0.182763671875,0.3125797193877551
24c1d5a33,True,0.48862454792043397,0.6523038903061225
6c62c854f,True,0.16073302469135803,0.36459661989795916
079f5f1e4,True,0.2528298611111111,0.3174625318877551
78332e36f,True,0.14166666666666666,0.32461734693877553
a3eb4fe4d,True,0.31216165413533836,0.5279017857142857
87615b2c6,True,0.2719454662169735,0.3989357461734694
8ef4b6cf3,True,0.33413009404388716,0.5237364477040817
78cb569c6,True,0.22553370786516855,0.3977598852040816
5cd76da7d,True,0.1925,0.4255420918367347
ad6cfec5c,True,0.41500836120401335,0.6401068239795918
db6082ae6,True,0.11573567708333334,0.18138153698979592
94610095f,True,0.14473529411764705,0.28079161352040816
a2c44e0b3,True,0.1605,0.2608617665816326
e32f5a36f,True,0.29612275449101794,0.4380580357142857
2e74deb7b,True,0.4176929392446634,0.6126434948979592
bc0a5524c,True,0.50291015625,0.6900908801020408
5163abb6e,True,0.514225,0.7213408801020408
164462023,True,0.3783416666666667,0.44690688775510207
e2a9dd71a,True,0.3065333333333333,0.6258171237244898
f252006a7,True,0.09991666666666667,0.1737484056122449
59a3ee7ff,True,0.4872974537037037,0.6486367984693877
77d4eba90,True,0.3383333333333333,0.5021524234693877
e6b28fc29,True,0.2226171875,0.3275868941326531
b271a8246,True,0.15163825757575758,0.26540577168367346
efb7343fa,True,0.26921738265712014,0.3807796556122449
fce9a96ce,True,0.17094328703703704,0.23734454719387754
3f53ec8cd,True,0.328937239039666,0.5183952487244898
2c7a8ea18,True,0.15264166666666668,0.26602359693877553
9801a0f9c,True,0.32517903645833335,0.465640943877551
8a420e638,True,0.22147003745318353,0.38301179846938777
48d1e6446,True,0.27755,0.4505141900510204
6735cc397,True,0.25665123456790123,0.3621851084183674
56b63bfb3,True,0.317225,0.37619579081632654
a75703051,True,0.22280833333333333,0.37294722576530615
7b81592b9,True,0.24489166666666667,0.38936941964285715
6784b2fcd,True,0.16483305966064588,0.311702806122449
18da94e9d,True,0.24476888020833334,0.4098971619897959
8fcdf3368,True,0.2781111111111111,0.5947464923469388
6d1d7bcd8,True,0.41226666666666667,0.5549665178571429
edba94b45,True,0.22576388888888888,0.46129623724489793
f6e56c908,True,0.41925,0.6004264987244898
167233db2,True,0.18122106481481481,0.2787986288265306
622f08247,True,0.209625,0.3531967474489796
90204109f,True,0.21036666666666667,0.2963169642857143
3e463e29e,True,0.287375,0.4534239477040816
b1f1a42bf,True,0.3146759259259259,0.39853714923469385
f69176873,True,0.26054347826086954,0.3989756058673469
82e86dcbb,True,0.22215355805243445,0.42576132015306123
0dbb0a012,True,0.38512588943623427,0.5321069834183674
f2aac285e,True,0.4843125,0.5817721619897959
af76ac5bf,True,0.2592358490566038,0.4864875637755102
8b1b5fcfc,True,0.5026653696498055,0.6394889987244898
843f45598,True,0.3304666666666667,0.5191326530612245
3890935ed,True,0.16174444444444444,0.373226243622449
99e9a454d,True,0.1389046822742475,0.24037388392857142
9d1012529,True,0.19762172284644194,0.37131297831632654
725ee6572,True,0.2343142361111111,0.5120575573979592
3d0a4c45a,True,0.19512455516014235,0.32198660714285715
8f6a4a76a,True,0.19666268577494692,0.3401626275510204
b3543dda3,True,0.2272,0.3268295599489796
7c17de5f6,True,0.23511574074074074,0.4086415816326531
92ee6241d,True,0.18340833333333334,0.319156568877551
70aeba909,True,0.17071180555555557,0.27859933035714285
822193428,True,0.33862694300518137,0.45852598852040816
e052a2a39,True,0.16744791666666667,0.28073182397959184
77d395a82,True,0.33941080955694736,0.5702925701530612
68a603bc3,True,0.31800154320987656,0.6239237882653061
bdf00be34,True,0.17563333333333334,0.26602359693877553
79799da25,True,0.3124710648148148,0.45137117346938777
7d7eef3d3,True,0.13565555555555556,0.30953045280612246
649930cc8,True,0.13375771604938272,0.3098094706632653
fcfae453e,True,0.45749221183800626,0.6540577168367347
05e3bc1ae,True,0.22271666666666667,0.3547911352040816
b64e30a78,True,0.32467529296875,0.4038783482142857
01f4746ef,True,0.38863309352517983,0.5757732780612245
254dd6ba7,True,0.3549333333333333,0.5420918367346939
f9a962ccc,True,0.3088212404214559,0.43263711734693877
fd6dd3835,True,0.20541666666666666,0.31052694515306123
f522ad8d4,True,0.3111466165413534,0.527702487244898
804e56f9b,True,0.5565567129629629,0.662727200255102
72b0d2b06,True,0.14754526462395542,0.14156170280612246
b48460ef7,True,0.4035014619883041,0.5293367346938775
bfed6fcaa,True,0.3072666666666667,0.5030691964285714
04e966b1c,True,0.17440833333333333,0.2122528698979592
da7680082,True,0.3194222222222222,0.5282605229591837
24488c53a,True,0.23045,0.3876155931122449
6a34d34ab,True,0.12456018518518519,0.2885044642857143
b5b84493d,True,0.4183159722222222,0.6162906568877551
9296eb09d,True,0.7285666666666667,0.9224529655612245
5e6de643b,True,0.4207258064516129,0.5932318239795918
1acab1703,True,0.10413194444444444,0.18110251913265307
e0efe2c72,True,0.4057272998805257,0.638313137755102
e13488562,True,0.12908564814814816,0.20412149234693877
fb278c21e,True,0.5757894736842105,0.8721898915816326
962c84aa9,True,0.6353801169590644,0.7812101403061225
18a87116d,True,0.3393185185185185,0.5552056760204082
f38727a35,True,0.3818941504178273,0.5227200255102041
26fb642bb,True,0.11191471571906354,0.19529257015306123
8a01ffaa7,True,0.19389973958333334,0.33785076530612246
9493ee8ee,True,0.19371527777777778,0.30873325892857145
2099c09a0,True,0.3324595141700405,0.5713488520408163
7d3dd49c5,True,0.17203183520599252,0.31562898596938777
85ff0f493,True,0.21833740234375,0.2836814413265306
7a7153881,True,0.21783854166666666,0.36933992346938777
e65375c05,True,0.2059125,0.2677375637755102
cfd4c95d9,True,0.016658333333333334,0.02903778698979592
c8c3eb092,True,0.2788760080645161,0.36007254464285715
1d6149d17,True,0.4100436681222707,0.5915178571428571
07ae95ddc,True,0.21353333333333332,0.3620455994897959
382d948b1,True,0.4399498567335244,0.587890625
326b17344,True,0.417975,0.6127232142857143
067f49481,True,0.17056666666666667,0.2964365433673469
6c803e00e,True,0.15885,0.2762476084183674
1eb9e42bd,True,0.36030092592592594,0.5556042729591837
af843bbce,True,0.18822337962962962,0.31515066964285715
cff9a1fec,True,0.5082303370786517,0.6203762755102041
259dc7e9a,True,0.1706896551724138,0.342594068877551
eda8eecc6,True,0.10093333333333333,0.12535873724489796
f84b22dae,True,0.09358796296296296,0.16272720025510204
bbfc5274f,True,0.1995703125,0.21723533163265307
cb474120b,True,0.26593333333333335,0.4084422831632653
d2d48985e,True,0.6413951310861423,0.8527782206632653
22987c7fb,True,0.16884166666666667,0.2905373086734694
18810b958,True,0.22058268229166667,0.3080556441326531
3daede547,True,0.16897376543209877,0.3823341836734694
b210e38f0,True,0.4642838541666667,0.6641820790816326
fd123a15d,True,0.3653,0.5837850765306123
f3c42e04b,True,0.6097,0.8304767219387755
4f7fc967a,True,0.06326388888888888,0.11015226403061225
69a1bfaa9,True,0.237925,0.4080835459183674
5cc846427,True,0.14452392578125,0.18835698341836735
6a7027972,True,0.26495318352059927,0.4065688775510204
a381e49c9,True,0.31198888888888887,0.5520368303571429
6c8487ccb,True,0.17209608030592735,0.27481265943877553
ef9196721,True,0.014316666666666667,0.024852519132653062
d0d2a12a2,True,0.08549401815181518,0.13271285076530612
44930f85a,True,0.177375,0.30141900510204084
d30068375,True,0.041633333333333335,0.07220583545918367
c7b3c09d4,True,0.4433180894308943,0.6106704400510204
de6c0126b,True,0.19400833333333334,0.33719308035714285
2b6e5343e,True,0.24635833333333335,0.3937141262755102
eb8adeef1,True,0.14561921296296296,0.23515226403061223
bb170fd98,True,0.33245833333333336,0.49996014030612246
4d1a986bb,True,0.18911024305555554,0.4233498086734694
38fd4509d,True,0.23963333333333334,0.29551977040816324
2f3677597,True,0.25442119354611425,0.5125159438775511
0a140a67e,True,0.15015687751004017,0.283203125
dc8359e75,True,0.3973845108695652,0.5070551658163265
844dfd2b4,True,0.17895399305555557,0.376155931122449
4f279d30c,True,0.33915833333333334,0.5627192283163265
9467b9867,True,0.06164223011380284,0.10770089285714286
ae219ff80,True,0.4941,0.6227080676020408
75e343c91,True,0.09372106481481482,0.16288663903061223
bc5dade47,True,0.17610677083333334,0.2504982461734694
fbba51f97,True,0.19266016377649325,0.328922193877551
0a84451ae,True,0.23831875,0.3094507334183674
9981e5f29,True,0.12813172043010754,0.17273198341836735
7a2cadc09,True,0.12814166666666665,0.19274154974489796
3813bc7c5,True,0.3622563559322034,0.5238560267857143
992d82305,True,0.04612040133779264,0.08099489795918367
4f23f9105,True,0.3520333333333333,0.5227997448979592
c89e5d2b1,True,0.5167857142857143,0.6342474489795918
a97467fb6,True,0.20591666666666666,0.357242506377551
61b6e170c,True,0.341925,0.5457987882653061
37865f566,True,0.28195431472081217,0.43215880102040816
5fc91ab6b,True,0.3800480769230769,0.47556600765306123
3681bfdb9,True,0.4169007490636704,0.6161910076530612
8dd28c706,True,0.41863333333333336,0.6247807716836735
1be1868fd,True,0.10752222222222223,0.19658801020408162
ecd83e25d,True,0.1447607421875,0.1766980229591837
dd201c041,True,0.3309,0.46524234693877553
0157cf3a4,True,0.1131,0.1966876594387755
132346d7e,True,0.5309166666666667,0.7087053571428571
afe326f34,True,0.4750916666666667,0.6790896045918368
201aad926,True,0.26848659003831415,0.4787747130102041
33a6694b0,True,0.26364166666666666,0.4109733737244898
7196383a7,True,0.4988625,0.6075015943877551
094c2c3bf,True,0.19013466042154567,0.33193160076530615
6ad5153bb,True,0.3986400462962963,0.4884406887755102
e0f46aa3e,True,0.12351128472222223,0.2862125318877551
9d03cf923,True,0.09496744791666667,0.16501913265306123
de0a86ccf,True,0.665789124668435,0.7766462053571429
9a8cbb0c8,True,0.1028735632183908,0.2369658801020408
a91761e54,True,0.10910300925925925,0.1857063137755102
4082acebb,True,0.1619184455391352,0.32106983418367346
4d1d8655a,True,0.08303819444444445,0.1444714604591837
82c51a95a,True,0.18098333333333333,0.31505102040816324
ed30f663e,True,0.21517777777777777,0.3415577168367347
28cf4a84d,True,0.3056583333333333,0.4680125956632653
27ec72a29,True,0.29629774305555556,0.5008769132653061
5f1a700fd,True,0.19427256666255804,0.3550302933673469
99be827e6,True,0.30523333333333336,0.4690688775510204
4e37bb1e2,True,0.30714002828854314,0.3049864477040816
6c121d784,True,0.5408844011142061,0.7296715561224489
4f7932c0d,True,0.28696732954545456,0.453304368622449
eee3ab446,True,0.25199166666666667,0.3901466836734694
35a62a8b1,True,0.335994983277592,0.48630819515306123
a9fb31e59,True,0.15155,0.26357222576530615
c4f6cca8a,True,0.28751628664495116,0.44884008290816324
b8f60eb7e,True,0.04112222222222222,0.09564333545918367
c749028bb,True,0.42701171875,0.6349051339285714
d67619580,True,0.39595,0.6211734693877551
cda31e59d,True,0.11910300925925926,0.1929607780612245
46fdbf640,True,0.20744444444444443,0.47146045918367346
c565589a8,True,0.3353993055555556,0.5827487244897959
ab2e61df2,True,0.60995,0.7697903380102041
61fa7980d,True,0.39229591836734695,0.4917091836734694
e633386b0,True,0.39042236328125,0.4692881058673469
2aaa0c8b6,True,0.1934375,0.3313536352040816
020cd1d50,True,0.14031666666666667,0.2327606823979592
1b871dbaa,False,0.0,
88dbaffe0,True,0.07882161458333334,0.13727678571428573
1a2c91362,True,0.4100341796875,0.4872249681122449
ecfcb4430,True,0.18292222222222224,0.3655532525510204
ffb6a7f5d,True,0.0086,0.014927455357142858
fe9307848,True,0.07491666666666667,0.1299426020408163
7342eafeb,True,0.3821,0.5415537308673469
6ca8be82b,True,0.18135,0.27353714923469385
c82705cf4,True,0.24172848664688426,0.3735251913265306
639a4bcfd,True,0.3971125,0.4651028380102041
d3077e6b1,True,0.26722800925925927,0.4382174744897959
4effbea00,True,0.23344328703703704,0.384765625
2cf927db8,True,0.28044763513513515,0.48521205357142855
fda10b9ed,True,0.225125,0.37876674107142855
4d7111b92,True,0.6399222018828452,0.76171875
2dfaf69b5,True,0.090725,0.14781967474489796
89d4cef63,True,0.3297333333333333,0.411312181122449
f6549ffdd,True,0.31538773148148147,0.49107142857142855
a2ee6f2da,True,0.3785833333333333,0.5863161670918368
f5e793c38,True,0.3124111111111111,0.5881696428571429
d440e9ebf,False,0.0,
d0b337200,True,0.4257638888888889,0.5549665178571429
02af3813e,True,0.4457894736842105,0.6440728635204082
0322aa5b0,True,0.3565509259259259,0.5513392857142857
bad270818,True,0.32504105090311985,0.5125558035714286
cda71c00a,True,0.27957777777777776,0.4668765943877551
355e8bc38,True,0.1526,0.3539341517857143
b888f72cc,True,0.0717,0.14977279974489796
faca11616,True,0.3772104355596512,0.5397002551020408
816112569,True,0.1994663382594417,0.4328563456632653
33a373ca9,True,0.26241319444444444,0.41988201530612246
aa3c0fe1e,True,0.19893663194444444,0.4363639987244898
43021e4ed,True,0.04640046296296296,0.08037707270408163
2d79572ae,True,0.24002192982456141,0.32778619260204084
73a2be705,True,0.25690972222222225,0.5
37fadf608,True,0.07668212890625,0.10028698979591837
d72bc7206,True,0.42948766364551866,0.6837531887755102
ce0294cec,True,0.30159722222222224,0.466976243622449
3a94fdf2d,True,0.2394078947368421,0.45473931760204084
a804fded8,True,0.5885621387283237,0.7260443239795918
7f5233804,True,0.3886400462962963,0.5822305484693877
11a3fb06e,True,0.23028935185185184,0.24441964285714285
23baf0395,True,0.34215087890625,0.42014110331632654
8d0b0238c,True,0.18472846441947566,0.3557676977040816
305524cba,True,0.225825,0.30221619897959184
fc19f9c36,True,0.0641569200779727,0.14845742984693877
6b574c312,True,0.352275,0.5095264668367347
0d4750032,True,0.327719696969697,0.4728954081632653
47aacf137,True,0.42316326530612247,0.5577367665816326
2857efde3,True,0.23332904884318767,0.3128188775510204
a6af385f0,True,0.3528153717627402,0.6150350765306123
983160271,True,0.40077602674307544,0.5914979272959183
b7006ed96,True,0.16714166666666666,0.2909359056122449
74d40e344,True,0.2320949074074074,0.35507015306122447
871a00e21,True,0.09778356481481482,0.17038026147959184
0ac2e7d16,True,0.3760340909090909,0.5885483099489796
24737dbd5,True,0.6234038254310345,0.7733777104591837
21a1b528f,True,0.14674575144899893,0.2496611926020408
0f258665b,True,0.3010859375,0.45663265306122447
3d011c364,True,0.4092792479108635,0.5355349170918368
5e27bdcde,True,0.293925,0.386898118622449
591fa7c31,True,0.31729956454918035,0.45822704081632654
f0ebfa37d,True,0.18911048689138577,0.35580755739795916
ab519bf92,True,0.5405548359240069,0.5795798788265306
9d6c6055b,True,0.06507161458333334,0.11302216198979592
8f860b014,True,0.1467,0.34054129464285715
e15b26ed8,True,0.3927583333333333,0.5916772959183674
a93eb0d6f,True,0.11928024083196496,0.2758689413265306
47ad7a82a,True,0.3439398871527778,0.438655931122449
ab293b191,True,0.22638310185185184,0.38440688775510207
3712c63fd,True,0.06204166666666667,0.10754145408163265
3e6fa700b,True,0.29338734567901237,0.5683195153061225
078fb1715,True,0.19814166666666666,0.33984375
baf60f1bb,False,0.0,
b1c66fa13,True,0.46318548387096775,0.6335698341836735
9162433d5,True,0.23737777777777777,0.48594945790816324
caaf719c3,True,0.28408834586466164,0.47733976403061223
9697ebf42,True,0.020728346456692914,0.0253109056122449
e08649ba2,True,0.21560865585774058,0.35704320790816324
5de1d0c34,True,0.031033333333333333,0.05357142857142857
e9feaab54,True,0.18796666666666667,0.32272401147959184
5e951b28f,True,0.44128989361702126,0.6024992028061225
4bcc7910d,True,0.32106843171296295,0.5610251913265306
270bd311c,True,0.230825,0.36856265943877553
ad491b969,True,0.3687707641196013,0.5882892219387755
ad2423b1f,True,0.24478571428571427,0.3762755102040816
3085ca2c6,True,0.105575,0.1436144770408163
f6ad159f1,True,0.10604166666666667,0.1843311543367347
5b73a7ea8,True,0.1350289351851852,0.20619419642857142
c3b05e0f0,True,0.4595074455899198,0.7314851721938775
d9303d3bc,True,0.2397067901234568,0.4580078125
624fadbd4,True,0.11556666666666666,0.25199298469387754
16349e686,True,0.538858024691358,0.6975446428571429
a94208b35,True,0.24063597775175644,0.44925860969387754
c66def50c,True,0.47642482517482515,0.5841836734693877
3bfb759ce,True,0.12905592873831775,0.1275310905612245
88c193102,True,0.25294596354166665,0.34658003826530615
d3486b178,True,0.285125,0.42715640943877553
ddc628647,True,0.12489583333333333,0.2174346301020408
9278f7216,True,0.16756944444444444,0.38119818239795916
b8bc0c25c,True,0.3965895061728395,0.6962492028061225
5a2a433c2,True,0.46984166666666666,0.6703802614795918
11ac3640c,True,0.19935329861111112,0.2604233099489796
e77941c00,True,0.2630034722222222,0.3483936543367347
166650836,True,0.45476539589442816,0.6255978954081632
3e26edfa8,True,0.30405671296296294,0.39395328443877553
c8e941dbd,True,0.44851318359375,0.5465561224489796
7beccedcb,True,0.3781835205992509,0.5439652423469388
99ba6513a,True,0.2793625,0.36485570790816324
4fc9dee58,True,0.19412073490813647,0.34492586096938777
1fba9cbc9,True,0.2457253086419753,0.4517099808673469
d5bf5adaa,True,0.03892939814814815,0.06754225127551021
71b0f7f97,True,0.29800347222222223,0.42313058035714285
2302acf06,True,0.22611111111111112,0.4094985650510204
81d82bda3,True,0.27219907407407407,0.5159040178571429
21f945788,True,0.3774624060150376,0.5111208545918368
b66569990,True,0.37921666666666665,0.5700932716836735
bc8aedde4,True,0.28825980392156864,0.4834582270408163
a5f82d04e,True,0.3082116104868914,0.37109375
86fe4ed68,True,0.14134166666666667,0.17705676020408162
e128e9022,True,0.28270903010033444,0.48477359693877553
596d784b2,True,0.3640833333333333,0.5774872448979592
bde1336b6,True,0.29231111111111113,0.4898158482142857
faa62a75b,True,0.15253333333333333,0.2651865433673469
711bebb99,True,0.14390046296296297,0.2506576849489796
21847129b,True,0.33618896484375,0.4296077806122449
09f31b13e,True,0.35666748046875,0.44180484693877553
3ded98af9,True,0.21416037735849056,0.406070631377551
1ce681aa7,True,0.38899972855591747,0.7132692920918368
ca8aec089,True,0.3357349537037037,0.5088488520408163
9aac5500a,True,0.12215856481481481,0.20055404974489796
714e287c7,True,0.1484,0.25803172831632654
672bc370b,True,0.4011516203703704,0.5597895408163265
debec416c,True,0.2796875,0.326351243622449
9d66ac1e7,True,0.37095709570957097,0.4688097895408163
5fed61438,True,0.14526666666666666,0.25257095025510207
906083f6c,True,0.3668579766536965,0.5298947704081632
b16cb3f1e,True,0.2355078125,0.459781568877551
a460a6274,True,0.24260030864197532,0.4428611288265306
65180c32a,True,0.38593045112781954,0.5680404974489796
708ce5f42,True,0.28229166666666666,0.4553372130102041
2d79d25fa,True,0.351883830455259,0.5380460778061225
0a0862717,True,0.37861666666666666,0.5207270408163265
476dc0901,True,0.30275390625,0.47658242984693877
018188075,True,0.10169166666666667,0.11212531887755102
bb48e2353,True,0.22978333333333334,0.36071029974489793
7ae269152,True,0.174875,0.2934072066326531
6ed73fc84,True,0.11632222222222222,0.21876992984693877
5943167f1,True,0.33730902777777777,0.5632174744897959
a662f1d7e,True,0.1104307116104869,0.21350845025510204
a1d05e431,True,0.09231666666666667,0.15898038903061223
97916de84,True,0.461304012345679,0.6976841517857143
14e788800,True,0.11511067708333333,0.2002551020408163
7028931ed,True,0.20420833333333333,0.291015625
acd81a109,True,0.417,0.5733816964285714
cc607ef5c,True,0.49838333333333334,0.6535794005102041
f53b95c90,True,0.541125,0.6510283801020408
f29cacb97,True,0.09235532407407407,0.1608936543367347
e5cecf5df,True,0.5962235649546828,0.7610809948979592
d56fbda82,True,0.32684444444444444,0.5873126594387755
80b137b2a,True,0.33072021484375,0.41581632653061223
b6450abed,True,0.11777777777777777,0.20477917729591838
172555cfd,True,0.310125,0.5001793686224489
978526235,True,0.5177166666666667,0.6460459183673469
bbe1d6739,True,0.152475,0.2604830994897959
29d36f5b3,True,0.2860916666666667,0.4442562181122449
5118055f4,True,0.29391666666666666,0.5123565051020408
9cfe96818,True,0.5559279725417963,0.7178132971938775
4cc8c07d5,True,0.25876666666666664,0.4039979272959184
bb19c3013,True,0.13775,0.24003507653061223
2f43fb067,True,0.14267939814814815,0.2479870854591837
8100c2485,True,0.07880787037037038,0.13713727678571427
cfebb0955,True,0.4264178240740741,0.6725127551020408
f95b27325,True,0.13543981481481482,0.3037109375
3b95539f0,True,0.1909,0.2678970025510204
1fb9fdf7f,True,0.20546875,0.34755660076530615
5152dbfe1,True,0.5341958211856171,0.6172472895408163
1bec8eb5e,True,0.4607118055555556,0.5382055165816326
1772727a1,True,0.3117534722222222,0.4147799744897959
ffb3a78e1,True,0.27345,0.4502750318877551
458adc77a,True,0.22348314606741573,0.39146205357142855
b525ee190,True,0.10174189814814814,0.17701690051020408
578880eb3,True,0.42345514950166113,0.6244818239795918
8a72708bc,True,0.2573162228880472,0.30771683673469385
894d76b65,True,0.21102623456790123,0.4584462691326531
49006b8c3,True,0.222425,0.3830715880102041
1a7ec71e7,True,0.625888671875,0.8017976721938775
f7473aaec,True,0.4090916666666667,0.5832469706632653
cbd0bf6b1,True,0.42986486486486486,0.6911870216836735
55553842f,True,0.5563656387665198,0.8637595663265306
c222a4955,True,0.49364969135802467,0.7117944834183674
51020fbd4,True,0.3666638513513514,0.5444834183673469
5a3c85e3c,True,0.10414496527777778,0.2386798469387755
d5c4ef4c0,True,0.19711666666666666,0.31710379464285715
e3a29829f,True,0.30379692832764504,0.4279735331632653
1833aa7d6,True,0.1417,0.2463329081632653
5bf02a5f8,True,0.07050925925925926,0.12250876913265306
31049dc2e,True,0.2003569756554307,0.28780691964285715
0118db3a8,True,0.16424157303370787,0.3079161352040816
b8d35b6c3,True,0.25669776119402987,0.3368542729591837
c58018973,True,0.32253472222222224,0.4521484375
e7d9a3d7e,True,0.5057638888888889,0.7071109693877551
ca39efaf2,True,0.38553785780240074,0.5693160076530612
75f3c2e36,True,0.11028356481481481,0.19188456632653061
95e9ad1b2,True,0.35719090698213873,0.5604073660714286
33bfeb403,True,0.16092222222222222,0.33067602040816324
4a0adfdd0,True,0.422565445026178,0.5763512436224489
6740be5a3,True,0.5262916666666667,0.6756816007653061
3c6329c92,True,0.178154296875,0.3093112244897959
9430d84c5,True,0.27060833333333334,0.4137635522959184
c4c4a926f,True,0.3249537037037037,0.6253188775510204
ee3b21a9a,True,0.1322800925925926,0.1426578443877551
1c4f5efa8,True,0.424525,0.6526626275510204
7b858c084,True,0.3060329394915861,0.4981664540816326
a2e529567,True,0.25731869103773586,0.33613679846938777
c68815d52,True,0.09225911458333333,0.16041533801020408
2c8e65887,True,0.26679166666666665,0.35489078443877553
0bcb2c2b5,True,0.5348166666666667,0.7343351403061225
953416879,False,0.0,
3b4bb9973,True,0.2771190767973856,0.40782445790816324
0e6f26f19,True,0.1349,0.23485331632653061
11ce5617d,True,0.17488660872483552,0.25817123724489793
5dd7c4c06,True,0.126675,0.22050382653061223
b7856db41,True,0.13845188284518828,0.30307318239795916
5f4f3347f,True,0.10456140350877192,0.21540178571428573
a67c850b3,True,0.28295845624385446,0.4819834183673469
7b6ffc0a1,True,0.21883333333333332,0.35415338010204084
89d80665a,True,0.25775,0.4309829400510204
878214747,True,0.13388333333333333,0.23286033163265307
6c3b8c99c,True,0.16855378578024008,0.2555404974489796
f7fc28014,True,0.17162434895833334,0.2936463647959184
61bedc57d,True,0.30221354166666664,0.48652742346938777
b4ba15dbc,True,0.15277255639097745,0.28493702168367346
4c6dc89df,True,0.37278333333333336,0.5960220025510204
fe7bad7d4,True,0.11006688963210702,0.18989158163265307
277e3979a,True,0.2837673611111111,0.5113400829081632
27e318160,True,0.23765,0.3967434630102041
3af14a63c,True,0.2611400462962963,0.38253348214285715
60fa6acbe,True,0.2536833333333333,0.39927455357142855
e89692f96,True,0.5203916666666667,0.7685945471938775
727d25d09,True,0.2973031323185012,0.5263871173469388
eb9b9400e,True,0.31568476775956283,0.6755221619897959
1e1e7c4ec,True,0.12070216049382716,0.26468829719387754
2bbca459e,True,0.28925925925925927,0.46095742984693877
a9e753cc1,True,0.2646585648148148,0.4102359693877551
6309f250d,True,0.18091666666666667,0.26558514030612246
6f1580039,True,0.41101703612479473,0.518913424744898
5ecdd04af,True,0.15473333333333333,0.2682955994897959
8d50d37f8,True,0.09716435185185185,0.16904496173469388
c20aa0352,True,0.09612268518518519,0.1672313456632653
2b82af067,True,0.5313666666666667,0.7622169961734694
16ff0c687,True,0.42506875,0.5464365433673469
3c2a1ed3b,True,0.26868333333333333,0.4196029974489796
be5595abb,True,0.3031970260223048,0.49256616709183676
ae4ab31ec,True,0.46165,0.7085060586734694
052160ae6,True,0.29084269662921347,0.4435985331632653
40b31be60,True,0.2608641975308642,0.44772401147959184
230d5d85c,True,0.3201170568561873,0.4780771683673469
f4fb11803,True,0.10186666666666666,0.17745535714285715
920a30b27,True,0.26901137357830274,0.49936224489795916
783a33f4c,True,0.5319189453125,0.6348254145408163
e827bee5e,True,0.5337916666666667,0.7545440051020408
a22daaa5f,True,0.25743333333333335,0.44746492346938777
7adf54516,True,0.3837037037037037,0.5054009885204082
c301eddcb,True,0.4230813953488372,0.6505699936224489
20bf4bf39,True,0.15823333333333334,0.2752710459183674
2ecaaae2d,True,0.14526546250684183,0.3264907525510204
eceb03b88,True,0.15438351920693927,0.35849808673469385
b92781dca,True,0.1869397993311037,0.3246572066326531
f5e329595,True,0.6339363259634234,0.7782605229591837
82db604c8,True,0.4666035353535353,0.6048708545918368
e778cd78b,True,0.14903125,0.32358099489795916
2f8471836,True,0.090078125,0.20884486607142858
ee8ddae7b,True,0.2833179012345679,0.3585180165816326
08d17d82a,True,0.3822612847222222,0.6417809311224489
cb0e74ef1,True,0.5107,0.7225566007653061
e3935c62d,True,8.426966292134831e-05,0.0
3e0d923df,True,0.19486666666666666,0.33826929209183676
6cfbd44df,True,0.56281356292517,0.7710259885204082
ec0ef9572,True,0.14654166666666665,0.2516940369897959
1a2816f0f,True,0.32251851851851854,0.49924266581632654
b32339429,True,0.07448333333333333,0.12978316326530612
c40b30ff3,True,0.08302314814814815,0.11575255102040816
5de76fac6,True,0.46981956845238093,0.6740872130102041
bad338993,True,0.09469166666666666,0.16452088647959184
4212729be,True,0.3123784722222222,0.4549186862244898
0529ad4d9,True,0.1985185185185185,0.33950494260204084
bb9a64e6f,True,0.3312921348314607,0.6099330357142857
5edf4d9bb,True,0.2785,0.39229910714285715
615213076,True,0.4470204841713222,0.5788823341836735
be38039cc,True,0.45183946488294313,0.6091956313775511
16a71f0de,True,0.0061686197916666664,0.0
a8e6ad61c,True,0.19511067708333332,0.32589285714285715
daa73505c,True,0.3306119791666667,0.5464764030612245
1eb6e3ae1,True,0.25983796296296297,0.39628507653061223
a4b96c3f3,True,0.3570615384615385,0.48744419642857145
0038234c6,True,0.07444444444444444,0.12992267219387754
4efe77aa0,True,0.12258101851851852,0.20422114158163265
76de48e98,True,0.3743166666666667,0.5921954719387755
d7454afee,True,0.38489519795941,0.4881218112244898
a6eb71dc0,True,0.27391666666666664,0.465023118622449
681be6214,True,0.15471571906354514,0.2484454719387755
26a4d7052,True,0.3743703007518797,0.6642020089285714
779bcf3fd,True,0.30446666666666666,0.4821029974489796
f19397eed,True,0.46183554817275746,0.7022879464285714
bea8484a3,True,0.3474962962962963,0.5802774234693877
4ed2fba3e,True,0.069375,0.12065529336734694
2160f2109,True,0.12301697530864197,0.2603037308673469
409ccc60e,True,0.3754833984375,0.4572704081632653
3e82bfd8d,True,0.39613333333333334,0.5010562818877551
a52461bfd,True,0.1037890625,0.2410514987244898
8538f4aa1,True,0.29119465329991645,0.46145567602040816
532396459,True,0.5553645833333334,0.7213608099489796
8c9f6c718,True,0.2686651234567901,0.5573381696428571
e6335f2ee,True,0.5797135416666667,0.8013392857142857
5f2c67ae2,True,0.21594618055555556,0.3971420599489796
4792b6d06,True,0.3825071022727273,0.5596500318877551
c7cb34ee2,True,0.16849166666666668,0.2933872767857143
8e881542f,True,0.592625,0.7026865433673469
ed81d1da8,True,0.27087429775280897,0.4341517857142857
3c2100f6e,True,0.050833333333333335,0.0888671875
6c594bfb0,True,0.6325,0.8938536352040817
df17a57ae,True,0.5645131086142322,0.7501594387755102
9c833c8c4,True,0.503249063670412,0.6756616709183674
15e5b0e7d,True,0.16208609271523178,0.2645288584183674
87cf6fd3d,True,0.19819487577639752,0.3647361288265306
5e2bbb163,True,0.3189666666666667,0.4845344387755102
68071559c,True,0.1769675925925926,0.30775669642857145
1253241be,True,0.33746337890625,0.428531568877551
a1cb8764d,True,0.4431365740740741,0.6256377551020408
fe481f81c,True,0.15428819444444444,0.19353874362244897
dc76d9fa5,True,0.10630208333333334,0.11896125637755102
8328ec7f4,True,0.2185953177257525,0.36924027423469385
d4dd82200,True,0.41406901041666666,0.5381656568877551
25d4c7493,True,0.39225,0.45974170918367346
f5fd255aa,True,0.04919704861111111,0.11397879464285714
f6e45accc,True,0.21075,0.351741868622449
c4b37d5ed,True,0.32888333333333336,0.4943000637755102
b2566d195,True,0.13934895833333333,0.3001036352040816
3a36bdba5,True,0.09033333333333333,0.1565888073979592
e28bad751,True,0.11205833333333333,0.18421157525510204
a20d1e637,True,0.23709633278598796,0.4814453125
0497f7012,True,0.2607963875205255,0.5154057716836735
bbe6ff890,True,0.6143100649350649,0.8152503188775511
8eab07081,True,0.43985576923076924,0.6115473533163265
d605cb217,True,0.3032421875,0.36678890306122447
0935ab38b,True,0.40461838006230527,0.5776666135204082
796cc971d,True,0.1553298611111111,0.25777264030612246
c662b7876,True,0.37789375,0.46910873724489793
2f95b343a,True,0.19560185185185186,0.33059630102040816
e754315db,True,0.5558275462962963,0.7501395089285714
14f9ffbbc,True,0.42275146484375,0.5123764349489796
be55e5ef8,True,0.24810833333333332,0.4199816645408163
bfdab2894,True,0.2775375,0.35873724489795916
3a5fb3c1f,True,0.2575752314814815,0.4180285395408163
2196b0156,True,0.4988314447592068,0.6907087053571429
611045510,True,0.6635787037037038,0.7871293048469388
b660cb310,True,0.2968460648148148,0.4759048150510204
3be154287,True,0.22843333333333332,0.3850047831632653
e76929e2b,True,0.1445805369127517,0.252750318877551
5bc18f57d,True,0.4768287037037037,0.7446189413265306
a31b05e99,True,0.2735977138082941,0.3647560586734694
c4bcfbb1c,True,0.32465,0.46855070153061223
80255c391,True,0.19385555555555556,0.41392299107142855
e742a643d,True,0.14161865234375,0.18431122448979592
664a120bf,True,0.20998333333333333,0.3588966836734694
390c45d0c,True,0.1764715719063545,0.29952566964285715
aa943b9a0,True,0.20268333333333333,0.3487125318877551
8910e2c01,True,0.316103515625,0.38578204719387754
18aa41749,True,0.5418827160493828,0.7808713329081632
4a6fea502,True,0.30843333333333334,0.46494339923469385
8491fa23b,True,0.48519590280648567,0.637077487244898
8cb5fc48e,True,0.31785,0.43064413265306123
e24a04c10,True,0.1268923611111111,0.2049186862244898
d538c491f,True,0.3383251953125,0.4351084183673469
355e3bdc5,True,0.31361689814814814,0.42532286352040816
07558410c,True,0.18048177083333333,0.4151985012755102
63df28877,True,0.4628867574257426,0.6395687181122449
aee44eb09,True,0.15440824282929547,0.3571627869897959
7218c8328,True,0.22931423611111112,0.4995216836734694
de7114b0e,True,0.1412037037037037,0.3276466836734694
ddb881657,True,0.11820987654320987,0.2749521683673469
8507df043,True,0.27390625,0.4295280612244898
a30803552,True,0.5886147540983606,0.7955197704081632
476d40031,True,0.4564105308219178,0.6544363839285714
6a4a4b403,True,0.2978446115288221,0.45762914540816324
f6e07783c,True,0.31166369754552653,0.39931441326530615
41bbdb352,True,0.266929012345679,0.49740911989795916
b8daff578,True,0.16028549382716048,0.3225047831632653
a19305a1a,True,0.21456666666666666,0.27206234056122447
133c0e6b9,True,0.37635416666666666,0.5629185267857143
d1265050f,True,0.399875,0.5364317602040817
1436092b4,True,0.04659465020576132,0.08041693239795919
682cbe0f9,True,0.18601851851851853,0.3168247767857143
52c49d6b6,True,0.20578450520833333,0.3272281568877551
e12797ab1,True,0.5624416666666666,0.6597576530612245
a99e4b365,True,0.30059166666666665,0.48206313775510207
c239d1834,True,0.056712962962962965,0.1316764987244898
ad6e56af2,True,0.2662083333333333,0.4008888711734694
9c788a6bb,True,0.2615046296296296,0.5496651785714286
c7402d13c,True,0.23959866220735787,0.34927056760204084
bee984e11,True,0.16596666666666668,0.371273118622449
158bc6f24,True,0.24701696770662288,0.419921875
e849142b2,True,0.4544916666666667,0.6107700892857143
7b0d325d8,True,0.11817669172932331,0.23212292729591838
f612d5506,True,0.20433272946859904,0.2989078443877551
d5abad72c,True,0.29922176308539944,0.42783402423469385
71f93d157,True,0.425824764353042,0.484554368622449
3e82e76cb,True,0.2304350828729282,0.33133370535714285
1633b105b,True,0.32629877014419,0.4657007334183674
df2d9957f,True,0.3733687279929577,0.5283003826530612
d76c4ec1e,True,0.18363333333333334,0.39357461734693877
20e46cb8d,True,0.6111166666666666,0.7789779974489796
a08030c6f,True,0.19614166666666666,0.3399234693877551
791e6dc19,True,0.10353333333333334,0.1802654655612245
213cf987d,True,0.13365,0.23260124362244897
dd0b58409,True,0.2354632587859425,0.4156967474489796
7fab9b8f3,True,0.27818359375,0.34566326530612246
a0e71d03a,True,0.39548149379432623,0.4514309630102041
bc4ba2449,True,0.7349637948869514,0.8546516262755102
704502836,True,0.3316049382716049,0.6306999362244898
de59f42db,True,0.48910322088607106,0.7813097895408163
f4df06287,True,0.21580246913580248,0.43981186224489793
6134ae21d,True,0.27760036496350365,0.43455038265306123
7b9cc47f0,True,0.192412109375,0.24435985331632654
69df3f618,True,0.2690222222222222,0.4643654336734694
72896003b,True,0.38841435185185186,0.5969188456632653
9aa40019a,True,0.008398539384454878,0.018753985969387755
e5962e049,True,0.2834838533114395,0.5135722257653061
9aa5ab22f,True,0.6470214285714285,0.8187579719387755
6db8c5110,True,0.36617897727272725,0.5503228635204082
4f1bf01b6,True,0.5188252314814815,0.6124840561224489
67e41958c,True,0.2652777777777778,0.37820870535714285
48aa8ee7c,True,0.394825,0.5502032844387755
fc52c0c82,True,0.19984375,0.26151945153061223
28bafb2ee,True,0.11313333333333334,0.19714604591836735
f393a9d26,True,0.1310206920535559,0.19642857142857142
f61cec80a,True,0.10464506172839506,0.2431042729591837
92a173c59,True,0.24672489082969432,0.39082429846938777
0a5be413e,True,0.15652222222222223,0.36356026785714285
ca113d98b,True,0.2876625,0.3656529017857143
57a93e9a6,True,0.46591325995807126,0.6287268813775511
6366dd2f9,True,0.12605143229166665,0.21952726403061223
edf3478dc,True,0.15598004694835682,0.25663663903061223
2bea067f2,True,0.4869641294838145,0.8374322385204082
b98512188,True,0.27455660377358493,0.44533242984693877
1d5be4060,True,0.34791243654822335,0.4309630102040816
6668704bf,True,0.3286833333333333,0.5178770727040817
af9d89c50,True,0.3420775462962963,0.4623525191326531
290c3cd9e,True,0.4899826388888889,0.7166972257653061
495ce6c73,True,0.32894894894894894,0.48301977040816324
bd7bae691,True,0.3894424957482993,0.5053611288265306
2852d3c30,True,0.4533,0.5995495854591837
ac7edef88,True,0.3267071759259259,0.47237723214285715
a6e25e889,True,0.48794444444444446,0.6085180165816326
90dd998e2,True,0.315875,0.5372688137755102
0f9f0dd0e,True,0.326731884057971,0.46488360969387754
d1f01fc04,True,0.2877604166666667,0.46115672831632654
fa3b3b348,True,0.321675,0.3415377869897959
9faeb952b,True,0.03645484949832776,0.06345663265306123
a996f1370,True,0.4844827586206897,0.7081871811224489
799c6852c,True,0.442275,0.6164102359693877
1246bed4f,True,0.253175,0.42689732142857145
c2109fcac,True,0.18165895061728396,0.4216159119897959
4529e91da,True,0.45224930362116994,0.6057079081632653
966aaf6e2,True,0.371153085443038,0.5086694834183674
0e28a90f6,True,0.16092122395833333,0.27987484056122447
f785304ad,True,0.3936516203703704,0.5600884885204082
69ba8d92e,True,0.46023726851851854,0.6785116390306123
6fcee4bee,True,0.6050405092592592,0.7408123405612245
63a542d16,True,0.29641666666666666,0.4314014668367347
ed74a9822,True,0.4369367283950617,0.6166493941326531
a90d6fbee,True,0.04177083333333333,0.09709821428571429
b73cc0f45,True,0.06512152777777777,0.11294244260204081
9ea482068,True,0.17013333333333333,0.27052774234693877
d0eb1073d,True,0.12380787037037037,0.20549665178571427
bd8224d08,True,0.4456478405315615,0.6902503188775511
40c0fdccb,True,0.3259664351851852,0.4850924744897959
951d3ae42,True,0.6646164021164022,0.8064413265306123
9a965c1f0,True,0.6777692438982762,0.8332270408163265
dd3c902ae,True,0.5560611979166666,0.6457669005102041
abbe2568f,True,0.13026041666666666,0.22692123724489796
89a6620e3,True,0.351575660462632,0.6340880102040817
8b12f497f,True,0.78764375,0.8486328125
6b5f208fc,True,0.410375,0.6114676339285714
da840f8d4,True,0.2513916666666667,0.3926578443877551
08438c720,True,0.2392746913580247,0.387874681122449
9fd2b640f,True,0.10953333333333333,0.19196428571428573
9e9ce66e9,True,0.1310185185185185,0.2582509566326531
3759a1d40,True,0.071325,0.12382413903061225
74363ff2b,True,0.14843333333333333,0.25858976403061223
91633ef0b,True,0.1282,0.21705596301020408
4fbe0c2e5,True,0.40705833333333336,0.5629783163265306
a768123bd,True,0.38128504672897195,0.6524433992346939
3e13d34d6,True,0.3823642061281337,0.5735012755102041
95b94b4ac,True,0.17236002604166667,0.2918327487244898
dc549e010,True,0.3062916666666667,0.5008171237244898
442f853b2,True,0.2897337962962963,0.3990951849489796
7b8d76961,True,0.35070833333333334,0.5579161352040817
c85f29411,True,0.06516146688560481,0.15084901147959184
0eba510fc,True,0.34597049689440995,0.5207469706632653
5314d64ac,True,0.23073033707865168,0.43323501275510207
eb4c66e7a,True,0.408125,0.5867944834183674
0850d4334,True,0.3723689138576779,0.5173788265306123
f9d566df8,True,0.41942,0.521125637755102
1ef0bf320,True,0.17815096952908588,0.3837890625
2618aa6a2,True,0.506675,0.7010522959183674
92d5ac408,True,0.5307664756446991,0.7013711734693877
319f3e6e7,True,0.3170986622073579,0.5148676658163265
fa94cdf93,True,0.17196614583333333,0.38661910076530615
a12bb119e,True,0.6728482972136223,0.8612882653061225
915031b99,True,0.30391203703703706,0.4651028380102041
21c8d5f0e,True,0.2513701201201201,0.4051937181122449
6d3930bb1,True,0.09861111111111111,0.2127311862244898
9ce27322b,True,0.14538773148148149,0.2525111607142857
0d6cb5b69,True,0.3025583333333333,0.4849330357142857
72f6dbb1d,True,0.09420086026042217,0.15409757653061223
0a555d688,True,0.2668229166666667,0.4033203125
215903d75,True,0.4259854771784232,0.6199976084183674
311ee8343,True,0.069225,0.1200374681122449
2cfbdd28a,True,0.2364513108614232,0.4257015306122449
4168bfd52,True,0.4860080295138889,0.5940489477040817
3006cd3eb,True,0.164275,0.28561463647959184
7d4fceffc,True,0.2800416666666667,0.449039381377551
200a0df49,True,0.40329166666666666,0.5620416135204082
6219a1e79,True,0.5921364379084967,0.8332469706632653
53e7035cf,True,0.5160166666666667,0.7464923469387755
8ca443ef0,True,0.2176046849087894,0.3231226084183674
694a730b4,True,0.4704026217228464,0.6051698022959183
e4b550d46,True,0.6516642320534224,0.7746930803571429
3c25f4969,True,0.2793408921109022,0.36487563775510207
4cfd0fac0,True,0.3933035714285714,0.5051219706632653
5dbd7f61b,True,0.6647295180586139,0.8347815688775511
72e093c41,True,0.42243055555555553,0.6692641900510204
cbd289193,True,0.5871468926553672,0.7879264987244898
396910627,True,0.12532222222222222,0.2719626913265306
0c752844d,True,0.262192118226601,0.4747688137755102
37ae0cd69,True,0.042750651041666664,0.0745376275510204
3cd5d9102,True,0.4070061728395062,0.6587810905612245
1042ee67b,True,0.1366550925925926,0.23118622448979592
f3a5451b9,True,0.25675154320987653,0.46279097576530615
7e8c5d816,True,0.4746223958333333,0.6788703762755102
0a40d8c85,True,0.3788650075414781,0.4903539540816326
6d98621a6,True,0.22884166666666667,0.3740234375
86ce90970,True,0.3013802729528536,0.44899952168367346
dcc0d8482,True,0.22505,0.3682836415816326
d4427513d,True,0.31228333333333336,0.41659359056122447
48c5a3c40,True,0.15458333333333332,0.24290497448979592
e8f7d9542,True,0.34770559210526314,0.5004185267857143
6d18cc71d,True,0.23055833333333334,0.3574816645408163
564ad520f,True,0.35675130208333333,0.5375079719387755
b0e26c028,True,0.2820061728395062,0.5317083864795918
611c6421b,True,0.6265889212827989,0.7743542729591837
bec55c577,True,0.2858567345924453,0.4702248086734694
cf8e988f5,True,0.18477011494252873,0.3654735331632653
5f0efae69,True,0.419175,0.5533920599489796
9b71a3c06,True,0.4792777777777778,0.6962492028061225
5f7343089,True,0.18834388185654008,0.2955994897959184
785a95244,True,0.21016927083333334,0.30723852040816324
fdd77ab31,True,0.431322337962963,0.6959701849489796
e58a12b66,True,0.410875,0.583625637755102
a21b2a42c,True,0.3094501830543933,0.43323501275510207
f65fe3e26,True,0.41282201405152225,0.6544961734693877
f41112ee1,True,0.03735763097949886,0.0
7e4ac998c,True,0.09793981481481481,0.1700015943877551
2eb4fa594,True,0.6096527777777778,0.8171436543367347
d30c88c64,True,0.22555833333333333,0.38315130739795916
dffd9f2ff,True,0.31469328703703703,0.4777981505102041
161718095,True,0.43184151009046623,0.512336575255102
20fc75f2c,True,0.2698726851851852,0.4679328762755102
81015c1aa,True,0.3414916666666667,0.4549585459183674
945346188,True,0.18633680555555557,0.3116430165816326
427acc248,True,0.221044921875,0.38143734056122447
64f563069,True,0.03853587962962963,0.06700414540816327
2de05ee7d,True,0.2139279513888889,0.4384167729591837
1082982dc,True,0.13447530864197532,0.2957389987244898
2c23cf72e,True,0.23071666666666665,0.393734056122449
790e639ed,True,0.30161666666666664,0.5109215561224489
2e3c988cd,True,0.24056666666666668,0.4723573022959184
6a864757b,True,0.4204340277777778,0.46853077168367346
0b24f7e7f,True,0.17251302083333334,0.30014349489795916
f527634f7,True,0.37856666666666666,0.6165896045918368
5ef0ffe23,True,0.2745949074074074,0.477359693877551
eb21c0250,True,0.3326,0.5405572385204082
938bcb826,True,0.4882445141065831,0.6462053571428571
f642366b6,True,0.5475335570469798,0.7132095025510204
fa18941f4,True,0.6947666666666666,0.8420360331632653
742cced96,True,0.20470833333333333,0.33896683673469385
ab9dd85b2,True,0.434125,0.657585299744898
6d1596957,True,0.063427734375,0.11065051020408163
62bf4037c,True,0.24380833333333332,0.4133250956632653
b73cf161f,True,0.3272685185185185,0.49025430484693877
1baea0d16,True,0.125625,0.21153539540816327
89f229ee8,True,0.12216796875,0.21016023596938777
1925aff9d,True,0.2916080729166667,0.4973891900510204
106de20f0,True,0.28134166666666666,0.4104751275510204
109823680,True,0.5048245614035087,0.6944754464285714
955e7c5cf,True,0.3036748120300752,0.5654296875
6e14e0fa4,True,0.26010490394337715,0.3925183354591837
f031aaaef,True,0.11185,0.1940967793367347
1e8d8e53e,True,0.4575142967471452,0.6002072704081632
15f00daac,True,0.20719166666666666,0.3411391900510204
4595acb4d,True,0.5503645833333334,0.6969467474489796
4e9f82a98,True,0.12061111111111111,0.2792370854591837
a09008d49,True,0.13142361111111112,0.22775829081632654
8bc07d296,True,0.10349423631123919,0.17121731505102042
7dac377c6,True,0.6182508680555555,0.7627351721938775
46c834c70,True,0.6086080586080586,0.7947225765306123
d0956e39e,True,0.48938580799045917,0.6368582589285714
991519fdb,True,0.25938697318007664,0.4504544005102041
8aa432e1d,True,0.14863425925925927,0.30227598852040816
21d79f603,True,0.3639936102236422,0.4427016900510204
b386d20ba,True,0.4537593984962406,0.5389827806122449
19abfb0c6,True,0.4759019441544885,0.6750239158163265
f017041ca,True,0.3057638888888889,0.6232063137755102
907f77c78,True,0.40233497191011236,0.6309988839285714
d4d84523a,True,0.5479893828798938,0.6731305803571429
222afe2dd,True,0.045775,0.08027742346938775
6c17339fe,True,0.17516666666666666,0.3030333227040816
ae518aff9,True,0.21810861423220973,0.3843271683673469
d41aa1c62,True,0.11138698630136987,0.16252790178571427
ff601e5ec,True,0.12317164179104477,0.19072863520408162
4446dde7e,True,0.2501929012345679,0.4628308354591837
a2cd0e1e4,True,0.315105421686747,0.45095264668367346
4d7573c5e,True,0.36823033707865166,0.5444236288265306
a36b60379,True,0.22618888888888888,0.3863002232142857
6648175ff,True,0.03739169215086646,0.07178730867346939
5e696928a,True,0.228436329588015,0.35136320153061223
8a9d11c50,True,0.23045986622073578,0.35640545280612246
7a6a9aace,True,0.6154553903345725,0.9098373724489796
502a2a9db,True,0.11182291666666666,0.1944953762755102
729f4d5fa,True,0.349125,0.521484375
6eef41768,True,0.16727328431372548,0.2118542729591837
175926b9c,True,0.17205414012738854,0.3432517538265306
1a56bb056,True,0.2897416666666667,0.4470065369897959
ac3d34246,True,0.0875244140625,0.11435746173469388
04c4a7493,True,0.4143609022556391,0.6309789540816326
f2816bd92,False,0.0,
ce18c7a4b,True,0.6130312798471824,0.7420878507653061
8a6d97169,True,0.38559895833333335,0.5013751594387755
2de2cbdcf,True,0.3095785440613027,0.5876514668367347
158b502d3,True,0.33863333333333334,0.5095663265306123
629df03ce,True,0.214975,0.34719786352040816
132cc7d6c,True,0.14308641975308642,0.3141342474489796
c9928594c,True,0.21373697916666667,0.3589365433673469
03a694927,True,0.20684027777777778,0.41824776785714285
f91ffd577,True,0.2213599537037037,0.36471619897959184
9223ca4fa,True,0.03836666666666667,0.06686463647959184
ac495f25b,True,0.5794270833333334,0.7870894451530612
ead9fb6b7,True,0.44858333333333333,0.6892936862244898
512bf1e8a,True,0.22225833333333334,0.34962930484693877
e96c2483c,True,0.23846666666666666,0.331234056122449
98e1a3f01,True,0.1712789351851852,0.29697464923469385
164857bd8,True,0.3134416666666667,0.36746651785714285
d7a772967,True,0.3825657894736842,0.5993702168367347
57d556084,True,0.14138671875,0.21747448979591838
02a2a622c,True,0.26516203703703706,0.38095902423469385
3b1391dda,True,0.22182539682539681,0.322444993622449
88cc9be30,True,0.28276666666666667,0.3970424107142857
3bf6cdab0,True,0.14201666666666668,0.2453563456632653
db095d92a,True,0.20930989583333334,0.3466796875
51714821c,True,0.3602372685185185,0.5341198979591837
220d4394a,True,0.5911531986531987,0.807975924744898
402e83205,True,0.3712032004830918,0.4877830038265306
c14530f38,True,0.29609375,0.4962531887755102
ecaf2b938,True,0.1789516129032258,0.2964365433673469
d2512e37a,True,0.224175,0.38536352040816324
2e1448ee0,True,0.5168333333333334,0.6725924744897959
c78fa1a45,True,0.28908898305084746,0.45908402423469385
dbfb1869f,True,0.10917643229166667,0.19013073979591838
1c7619fdc,True,0.5109550280448718,0.6449298469387755
eb307c1f0,True,0.185537109375,0.22450972576530612
02a084920,True,0.254755859375,0.3289819834183674
d42b92c05,True,0.36745833333333333,0.570930325255102
3161fe0f4,True,0.16881710448961912,0.18389269770408162
f97c8edc4,True,0.4162210648148148,0.5554249043367347
c31714ab2,True,0.234438202247191,0.42135682397959184
6a9d18d89,True,0.4202621722846442,0.6591996173469388
fb00c8969,True,0.4730785472972973,0.5530532525510204
f66357936,True,0.6124835526315789,0.8473174426020408
8ab591301,True,0.34983723958333335,0.5448820153061225
aefff4a06,True,0.13746666666666665,0.23975605867346939
7dfa4e393,True,0.3339043209876543,0.6956911670918368
09c7b610e,True,0.2023148148148148,0.35154257015306123
245b99f60,True,0.37635555555555555,0.5381656568877551
2d304409b,True,0.1388888888888889,0.24180883290816327
af56651cb,True,0.05413333333333333,0.09416852678571429
50cbc6c8f,True,0.23457175925925927,0.38155691964285715
2a36bc3b5,True,0.366725,0.6033362563775511
e976f3d3a,True,0.5371932870370371,0.6207150829081632
e2e7a93fe,True,0.1803858024691358,0.35495057397959184
0ea2638e9,True,0.5265523758099352,0.6398078762755102
75bd3a017,True,0.3838773148148148,0.49125079719387754
6c61c33ee,True,0.4537833333333333,0.6756018813775511
e40290fa0,True,0.6202916666666667,0.734992825255102
17b2d4cd6,True,0.2676678240740741,0.431461256377551
da8cfd914,True,0.01585284280936455,0.0
f7eb5dd36,True,0.17142857142857143,0.3714126275510204
945a7a8dd,True,0.07377533783783784,0.08280851403061225
3e50a5575,True,0.4373416666666667,0.6765385841836735
5bb7dbfc2,True,0.36084592145015104,0.4757453762755102
5f0bfe5a9,True,0.03756944444444445,0.08745216836734694
0c2549da5,True,0.5287994350282486,0.6820392219387755
6d18707ee,True,0.3251591760299625,0.48182397959183676
9c803d826,True,0.16985833333333333,0.18544722576530612
3c5a98448,True,0.30005859375,0.39221938775510207
0149d04e7,True,0.46386029411764707,0.7845982142857143
6ad5aa95c,True,0.3144328703703704,0.5050621811224489
1ef3f5030,True,0.478875,0.7160196109693877
a63c59c80,True,0.24928333333333333,0.41653380102040816
6c2fa49e8,True,0.2511226851851852,0.41621492346938777
f1c03b3d0,True,0.4565463502994246,0.5954440369897959
400a15912,True,0.49560625,0.5678810586734694
040736f83,True,0.24187174479166668,0.4164341517857143
d4c6c89ab,True,0.24238372093023255,0.41348453443877553
09807c555,True,0.03151111111111111,0.057696906887755105
28484f496,True,0.26565104166666664,0.5380460778061225
60aca92c5,True,0.38335833333333336,0.5444435586734694
0b3deeb66,True,0.2719328703703704,0.4625916772959184
8f2daa8e3,True,0.5505769230769231,0.7307278380102041
50418fb29,True,0.4356083333333333,0.48401626275510207
27b2c806b,True,0.320075,0.44899952168367346
393e0c8a5,True,0.22542317708333334,0.3281847895408163
007bc1db4,False,0.0,
13469fc6a,True,0.5150048828125,0.6409239477040817
e1052f933,True,0.18420524691358026,0.40286192602040816
eb6c579d5,True,0.21251953125,0.29374601403061223
2f4b73413,True,0.2964236111111111,0.4365832270408163
94dc20e92,True,0.17750868055555555,0.28942123724489793
7f6cdf26b,True,0.17179443359375,0.22429049744897958
207c24fd3,True,0.32969166666666666,0.47409119897959184
52d65015d,True,0.33145348837209304,0.5335817920918368
f20fa5c38,True,0.37077651515151516,0.4611965880102041
839404d8c,True,0.4171122685185185,0.6682477678571429
5ff1a0cae,True,0.19389166666666666,0.3330875318877551
6b5c799b5,True,0.19751627604166666,0.33785076530612246
c260c7b3b,True,0.24891666666666667,0.4331552933673469
b5b9f6e99,True,0.43700833333333333,0.5714485012755102
fce6f8dff,True,0.207275,0.3564453125
640683dd9,True,0.5122023809523809,0.6742865114795918
f892df3a1,True,0.085475,0.13255341198979592
db77fdb46,True,0.19636666666666666,0.33621651785714285
b48aa9d4a,True,0.17223958333333333,0.29823022959183676
9c0f6076a,True,0.199275,0.25723453443877553
89c7be602,True,0.35890046296296296,0.47951211734693877
43100edd5,True,0.161298828125,0.26034359056122447
14398288b,True,0.29280833333333334,0.35568797831632654
5bd405bac,True,0.309320987654321,0.5169005102040817
3de1d3794,True,0.45946916195856874,0.6785514987244898
08f038689,True,0.2037109375,0.3540736607142857
172b6f611,True,0.1268460648148148,0.15842235331632654
228117dca,True,0.2330451127819549,0.4518893494897959
c35cc3520,True,0.3085026041666667,0.5047632334183674
cb867cac6,True,0.5522727272727272,0.6727718431122449
1945c0690,True,0.42015625,0.5555843431122449
c220b4764,True,0.22333333333333333,0.3199936224489796
081199ea2,True,0.276689453125,0.3846061862244898
cd9c84ec2,True,0.10789225736272356,0.23319913903061223
b56b73e4c,True,0.27502278645833333,0.4136240433673469
73e1b299a,True,0.257125,0.40060985331632654
180b3f500,True,0.46177380952380953,0.6171476403061225
3ba83a496,True,0.20172932330827067,0.3624242665816326
0e52438a0,True,0.08972222222222222,0.13743622448979592
9dd3b3bce,True,0.1294314381270903,0.21829161352040816
1b5af7749,True,0.49846666666666667,0.5338608099489796
f05838eb7,True,0.29130833333333334,0.488460618622449
872317673,True,0.254,0.43271683673469385
cd9de4e83,True,0.3839728682170543,0.41147161989795916
f1afd4033,True,0.18654513888888888,0.1906688456632653
f1164babb,True,0.12352592592592593,0.21418606505102042
25765058c,True,0.29674153645833334,0.4880221619897959
3fa341801,True,0.4309092057875782,0.6452487244897959
c3c27d97c,True,0.5018615903921654,0.6971061862244898
5ed94ddc8,True,0.3891,0.5457389987244898
9ebe2f16c,True,0.26508333333333334,0.4211973852040816
e2205b952,True,0.627475,0.7752909757653061
f36876126,True,0.1338671875,0.3107063137755102
99b55ee76,True,0.20750833333333332,0.3512436224489796
41ae99ff2,True,0.2872166666666667,0.43281648596938777
d042e55ce,True,0.3716817270841391,0.46055883290816324
1e83794bd,True,0.156525,0.26381138392857145
36ddc4f2d,True,0.4097,0.4674744897959184
4dc936ac7,True,0.3699710648148148,0.5237563775510204
3b3ce72d1,True,0.39095287836583104,0.5254304846938775
5e4c387b2,True,0.3480935251798561,0.493961256377551
4e290a43a,True,0.39395,0.5079719387755102
c67d871e3,True,0.2781,0.4068080357142857
ff6ff53c4,True,0.08495833333333333,0.1477997448979592
ca11826f9,True,0.2530821466244726,0.4120296556122449
75ee37fa5,True,0.4425426972909305,0.5912986288265306
9579ad7a1,True,0.3439756944444444,0.4490991709183674
1fce53107,True,0.3123217468805704,0.3397640306122449
0b90767fa,True,0.2452025462962963,0.32461734693877553
bd881326e,True,0.6135262345679012,0.6909080038265306
015c353ce,True,0.5040701720315256,0.6974449936224489
8143d5d0c,True,0.07114548494983278,0.07728794642857142
eba773cbe,True,0.3389583333333333,0.41904496173469385
d7c6e0401,True,0.21536458333333333,0.33890704719387754
a7d44898b,True,0.2158026755852843,0.37246890943877553
f972a14d5,True,0.44869620253164555,0.5746173469387755
7977491da,True,0.3042997198879552,0.4431002869897959
7f78266ab,True,0.331075,0.4934630102040816
ec780b913,True,0.43079620462046203,0.5846221301020408
51c04983b,True,0.11265,0.19575095663265307
14a16b96e,True,0.41322742474916385,0.5573780293367347
69b2e9f3f,True,0.18349166666666666,0.2967952806122449
176ef71db,True,0.17654779411764707,0.3416772959183674
b88fa24c2,True,0.4243448637316562,0.5839644451530612
cf020a716,True,0.2654166666666667,0.391780931122449
3d277ebe6,True,0.29294166666666666,0.4454320790816326
02adb269f,True,0.4074175347222222,0.581413424744898
57b57989d,True,0.2931712962962963,0.4644252232142857
d083a22c5,True,0.233061797752809,0.44136639030612246
c234e165f,True,0.48701666666666665,0.682258450255102
9dfee7db3,True,0.16541666666666666,0.2798349808673469
412b93160,True,0.1625244140625,0.21201371173469388
88bc9864c,True,0.10218938149972633,0.23124601403061223
7b3332622,True,0.06922743055555555,0.16065449617346939
590a78f0d,True,0.20676966292134832,0.36648995535714285
a24bb77d1,True,0.23438127090301003,0.3484733737244898
79d1b0215,True,0.14461805555555557,0.19483418367346939
746fb982c,True,0.37072327044025155,0.5097855548469388
675bb16b8,True,0.19050154320987656,0.33988360969387754
79420447a,True,0.13770066889632107,0.2401546556122449
aa328a5ba,True,0.3149436090225564,0.6080596301020408
79318b69e,True,0.1719896004378763,0.2889030612244898
7b5bee232,True,0.1808578431372549,0.3333067602040816
b5c41169c,True,0.4063,0.5074936224489796
8079e3a1c,True,0.182025,0.23732461734693877
ff5158511,True,0.3561619097956307,0.4086415816326531
f4cff3785,True,0.3075462962962963,0.42777423469387754
0e23c4abd,True,0.3129416666666667,0.4872448979591837
c4a2fd15a,True,0.7416463440722201,0.8710140306122449
0abff77fe,True,0.36608274647887323,0.6086375956632653
f096fcbc6,True,0.18478333333333333,0.31228077168367346
18b2da498,True,0.32193511667615254,0.4832389987244898
e15353d1b,True,0.15026041666666667,0.2002750318877551
78fd8ce0d,True,0.5200059101654846,0.6336096938775511
cc7d90ef4,True,0.7028426395939086,0.7558793048469388
f584e226b,True,0.22294270833333332,0.5002989477040817
9f2948e8e,True,0.37075833333333336,0.5185945471938775
623138a05,True,0.305749063670412,0.5193319515306123
b077aa9ee,True,0.00749755859375,0.009705835459183673
f2472c8dd,True,0.056475694444444446,0.09823421556122448
2a64c0560,True,0.332453007518797,0.5001594387755102
9c996aee9,True,0.3522257834757835,0.6163703762755102
ff498c903,True,0.26312439961575407,0.41011639030612246
9942bce62,True,0.18071614583333334,0.3109853316326531
cab545282,True,0.07486622073578596,0.13081951530612246
620796ee7,True,0.20981076356240902,0.3295200892857143
81c442177,True,0.04155,0.07232541454081633
776354931,True,0.17519127108328986,0.2821468431122449
4068b452d,True,0.22125,0.3772520727040816
fe4bb01a6,True,0.23085069444444445,0.3747608418367347
97f683e04,True,0.28439166666666665,0.47251674107142855
36b7411f9,True,0.2930333333333333,0.42819276147959184
6b7be833c,True,0.06309606481481482,0.10132334183673469
d5052e2a9,True,0.1460344827586207,0.23728475765306123
e69df38b4,True,0.4357333333333333,0.6434550382653061
3d97fa45c,True,0.23814043209876543,0.5084502551020408
47a5a9516,True,0.22891666666666666,0.38456632653061223
2ba019cb8,True,0.20726851851851852,0.47889429209183676
2ba9dfe93,True,0.11055243445692883,0.1760204081632653
afa46c13d,True,0.09695833333333333,0.16834741709183673
4ea111bbe,True,0.38593984962406014,0.662727200255102
bad8f7276,True,0.13135555555555556,0.297054368622449
11a337bfa,True,0.5207259114583334,0.7251474808673469
2aac4b61a,True,0.46571451822916665,0.7528300382653061
e9dec895b,True,0.4157427055702918,0.5496253188775511
4d8b93dd1,True,0.0516087962962963,0.0860172193877551
dea0253b6,True,0.3636748120300752,0.5881696428571429
e73545fe5,True,0.18941011235955058,0.363460618622449
15dbf64f0,True,0.44094143404488234,0.7712053571428571
519bc8382,True,0.23574166666666665,0.38052056760204084
0d55c2e2b,True,0.28619267678942184,0.3774314413265306
09db544ea,True,0.3009241598267354,0.45041454081632654
2d584af81,True,0.21006944444444445,0.33523995535714285
6a54a03db,True,0.5950896624472574,0.7481066645408163
2630db5dc,True,0.4277295918367347,0.48666693239795916
794806010,True,0.5927994791666666,0.7735770089285714
bd9d521c5,True,0.1951820210882783,0.3286232461734694
aa7395687,True,0.19542824074074075,0.3391063456632653
12ffabf23,False,0.0,
881580d4b,True,0.429675,0.5988321109693877
546a913cc,True,0.21778428093645485,0.34616151147959184
648727065,True,0.6417,0.7444794323979592
184a51562,True,0.10565,0.17014110331632654
61f95d269,True,0.28846064814814815,0.4186463647959184
1652a3e1e,True,0.09325617283950617,0.20448022959183673
b77b75f2d,True,0.7208193979933111,0.8775310905612245
607744326,True,0.5014705882352941,0.6128228635204082
113204c87,True,0.28447591145833334,0.44624920280612246
42ea2e045,True,0.119875,0.20894451530612246
e585b064b,True,0.5575093984962406,0.6766183035714286
f4a6e9cec,True,0.4492817848410758,0.5993502869897959
4bb0c8226,True,0.293583984375,0.36461654974489793
da84db2f7,True,0.21648763020833334,0.35477120535714285
13b807376,True,0.33029757492322354,0.5261280293367347
fc710f1e8,True,0.3574833333333333,0.49960140306122447
a64ca36ca,True,0.20715279303023648,0.29667570153061223
24e2e049e,True,0.39983082706766915,0.6291254783163265
5daea1779,True,0.6659583741963605,0.8239397321428571
7b9b65bde,True,0.4973148148148148,0.8228236607142857
29c50ee9a,True,0.23074166666666668,0.4017857142857143
9183ef863,True,0.5076519097222222,0.5911989795918368
574919b00,True,0.5293629629629629,0.6505500637755102
ffd2e82a9,True,0.37394675925925924,0.5007573341836735
8ff2c63c4,True,0.2281814236111111,0.36073022959183676
2d8b42d21,True,0.3243,0.5176578443877551
6c5079e85,True,0.48530833333333334,0.6902303890306123
fb1adae2d,True,0.2157037037037037,0.3634008290816326
7cfaaa67a,True,0.14772163560342993,0.2565967793367347
2c281057a,True,0.479275,0.6946149553571429
083787e4a,True,0.5535693215339234,0.7602240114795918
1f6fe20fc,True,0.33316666666666667,0.5563416772959183
1819e298c,True,0.5283333333333333,0.7431441326530612
21b5e3d22,True,0.1585022026431718,0.26516661352040816
e3fa09b97,True,0.279966834379181,0.3870376275510204
6f512ee65,True,0.32858333333333334,0.4122289540816326
b38e94f39,True,0.287075,0.4878627232142857
6f5eab89b,True,0.04881365740740741,0.08506058673469388
838c5c399,True,0.3461,0.48341836734693877
23ce26e85,True,0.31891276041666666,0.4543606505102041
5b4a22c83,True,0.49691054243219596,0.697883450255102
c61869b9b,True,0.2640695382882883,0.21699617346938777
6afc6acee,True,0.30117621527777777,0.600227200255102
687c0c2cd,True,0.4782308970099668,0.6287667410714286
474ee7e00,True,0.292525,0.4664979272959184
f3b52a69c,True,0.1528,0.25564014668367346
15dc4c629,True,0.08506472280334729,0.14891581632653061
298feb02b,True,0.11186254618875396,0.19549186862244897
8fa1c5c38,True,0.10890833333333333,0.18989158163265307
9b93196dd,True,0.612375,0.8311941964285714
be7fbd988,True,0.18794,0.3905452806122449
a7a44933c,True,0.3424812734082397,0.6505301339285714
bf458a7d4,True,0.07608888888888889,0.17356903698979592
b121d3be8,True,0.5129766297662977,0.5468351403061225
f261c9968,True,0.16971633416458853,0.26486766581632654
7bfe2d68f,True,0.7115083333333333,0.8504065688775511
8c3d81083,True,0.15790854145284525,0.33613679846938777
d58c146d6,True,0.5200929303103905,0.95703125
3ca057824,True,0.21892252604166668,0.36503507653061223
1cf66aed4,True,0.1761574074074074,0.2412906568877551
2f8890a94,True,0.4076929012345679,0.6794084821428571
d17343468,True,0.46485,0.6077407525510204
4b628f538,True,0.21626984126984128,0.4770009566326531
739cd2d34,True,0.21128333333333332,0.35917570153061223
0d635d0b4,True,0.661925,0.8307557397959183
a4c903a3d,True,0.44063741721854305,0.6510283801020408
7542076e8,True,0.2101990861618799,0.3249561543367347
899859c9b,True,0.40970833333333334,0.5243144132653061
7b4ff27b3,True,0.22964518229166667,0.36391900510204084
3a6197f6d,True,0.5222480106100795,0.6550741390306123
999d24492,True,0.21627358490566037,0.42225366709183676
8bb34f0bd,True,0.3962577160493827,0.8167051977040817
d6aa53be7,True,0.13058919270833333,0.22708067602040816
08b454900,True,0.3485559566787004,0.5189532844387755
f70571a3a,True,0.2516435185185185,0.408382493622449
0d20efa95,True,0.17996527777777777,0.3467394770408163
349fe9b9b,True,0.3331672932330827,0.6021205357142857
74b73209e,True,0.17049189814814814,0.2813695790816326
106128c56,True,0.2553163580246914,0.46888950892857145
20e75472d,True,0.2776595052083333,0.45543686224489793
a21b6c40a,True,0.40455833333333335,0.5818917410714286
5fcd44bf9,True,0.27014166666666667,0.43837691326530615
b714e611f,True,0.1265625,0.22034438775510204
e16882f44,True,0.9066833333333333,0.9607979910714286
887b5144a,True,0.2568131510416667,0.370296556122449
923a7163c,True,0.53715,0.7401147959183674
52d336af0,True,0.5384410225442834,0.6550143494897959
5cfd4e3bb,True,0.43580833333333335,0.5696149553571429
840fbaeba,True,0.12956597222222221,0.22010522959183673
5c89ffa58,True,0.09192477876106195,0.21209343112244897
6231ed9b3,True,0.4576570180816849,0.7515146683673469
0adebbf21,True,0.46238425925925924,0.6536989795918368
00bfa5da9,True,0.14466482164821648,0.29567920918367346
4cfd979dc,True,0.192763671875,0.27110570790816324
9951dff79,True,0.05719521604938271,0.07473692602040816
0e61fe015,True,0.5553113879003558,0.8485530931122449
3ed60e624,True,0.32299382716049385,0.4944595025510204
f04c098ed,True,0.15708658854166666,0.26680086096938777
04a555b91,True,0.45634956759217116,0.6874800701530612
71e96f977,True,0.2505336617405583,0.3356385522959184
5cc86be4e,False,0.0,
8ccaceef5,True,0.5795370370370371,0.7821269132653061
3083ab744,True,0.6878993055555556,0.7502192283163265
1c9a2baf6,True,0.35835693359375,0.4448939732142857
903a75804,True,0.43877197265625,0.526725924744898
b42873eb7,True,0.27300537109375,0.3440090880102041
e3acd4da3,True,0.2430733082706767,0.38709741709183676
12b1bce04,True,0.24556966145833334,0.40393813775510207
410707dda,True,0.33995,0.5658880739795918
c5c51218f,True,0.39439589665653496,0.6382732780612245
4cc05c35d,True,0.6052967767295597,0.7544044961734694
3bf71f7b1,True,0.17595,0.30588329081632654
427755203,True,0.3420293209876543,0.7063536352040817
93692767b,True,0.24986979166666667,0.5023716517857143
29edf6e20,False,0.0,
971c160c7,True,0.5913385826771653,0.6778938137755102
c160e581a,True,0.5077340949820789,0.6137197066326531
828f48390,True,0.14701967592592594,0.2488639987244898
f0a7a4dfb,True,0.19339699074074074,0.3312938456632653
476b3dbe5,True,0.22846254355400697,0.33169244260204084
e6151d695,True,0.22375833333333334,0.3889110331632653
97c58d897,True,0.15656666666666666,0.3609095982142857
4140b3b5a,True,0.28624595469255665,0.37069515306122447
6ada9811e,True,0.3275618374558304,0.4546595982142857
ea1318971,True,0.24112268518518518,0.3797233737244898
acdf99f98,True,0.2565886287625418,0.42948820153061223
dc1b809db,True,0.6561490885416666,0.7666613520408163
a8cfbf446,True,0.252505787037037,0.38608099489795916
6ebcc7756,True,0.500015664160401,0.6308195153061225
2455effb8,True,0.21328125,0.31449298469387754
5e54f4e06,True,0.15713315217391305,0.33436304209183676
c634af483,True,0.10185393258426967,0.19911910076530612
a631eba2c,True,0.2650925925925926,0.4036391900510204
91697ee90,True,0.19033333333333333,0.31447305484693877
182faa94d,True,0.34237847222222223,0.3834901147959184
7a5091ca2,True,0.35452949438202247,0.6093152104591837
fe790ba60,True,0.06954166666666667,0.1171077806122449
bd7f07424,True,0.24478855721393034,0.45021524234693877
8cb067b2f,True,0.341375,0.5033681441326531
81f1d4d5c,True,0.4075670498084291,0.6320153061224489
aa2a3d9c7,True,0.11883101851851852,0.20358338647959184
c14ddf8a0,True,0.5811146892835507,0.7516541772959183
b6a16ab86,True,0.119075,0.1868622448979592
15a828f9d,True,0.23309375,0.304866868622449
acada131d,True,0.32742476851851854,0.47012515943877553
9351d5173,True,0.3845,0.6263751594387755
01bcfcde8,True,0.23335492227979274,0.3237802933673469
fbcea110f,True,0.25381944444444443,0.29611766581632654
1f7c7c248,True,0.5729,0.6858059630102041
6c692e208,True,0.4359166666666667,0.5805365114795918
88fa13291,True,0.13508333333333333,0.23507254464285715
fc7b01af6,True,0.1593201754385965,0.23654735331632654
cd89328a8,True,0.25611572265625,0.3344228316326531
d583d44d2,True,0.3711083333333333,0.5236766581632653
2566ab3a5,True,0.16889121338912133,0.35927535076530615
1c59513dd,True,0.4902199074074074,0.6832948022959183
3099254c2,True,0.610634765625,0.7893813775510204
100aed9a3,True,0.23321111111111112,0.5288584183673469
24be8e826,True,0.19615885416666667,0.4158561862244898
8af959627,True,0.3548027286135693,0.6221898915816326
5bf976dd7,True,0.18289496527777777,0.3957669005102041
cd8e8d7a1,True,0.24033854166666666,0.401546556122449
ab6c8aca6,True,0.21414715719063546,0.2869897959183674
4c3a2c536,True,0.3413091309130913,0.4470264668367347
a2cd5b78a,True,0.08635802469135802,0.20089285714285715
9dca0bf20,True,0.3815,0.5396205357142857
a8df693c0,True,0.17507777777777778,0.26217713647959184
6fdb43f0b,True,0.16291977611940298,0.3167251275510204
0ac279a25,True,0.14778304178814383,0.24561543367346939
8ef276c3b,True,0.2490895061728395,0.46444515306122447
21cc6a743,True,0.10290937803692905,0.17352917729591838
0c9133a83,True,0.32490162037037035,0.5188337053571429
af005c575,True,0.20815833333333333,0.35861766581632654
85a0bad4f,True,0.530306712962963,0.7955994897959183
8d76a1b7f,True,0.275275,0.44985650510204084
2a9a33d29,True,0.38343171296296297,0.548828125
90dc0d83f,True,0.2823282287572842,0.46462452168367346
6d994c50c,True,0.3823416666666667,0.5968789859693877
c6d7271e8,True,0.16986793933054392,0.2946827168367347
99a994cb1,True,0.5980503565062388,0.7238520408163265
2a06a5244,True,0.10137152777777778,0.16111288265306123
8773f250c,True,0.17236689814814815,0.299984056122449
82ea3883e,True,0.10234375,0.2342952806122449
04a5f717a,True,0.4558642578125,0.526725924744898
884b9a6ec,True,0.10635,0.18506855867346939
115a4b208,True,0.40650833333333336,0.5926737882653061
7e8bab7a5,True,0.336875,0.40256297831632654
302eb3771,True,0.3035674157303371,0.4834582270408163
0bcae32b7,True,0.4408416666666667,0.6485570790816326
07102e682,True,0.3651923076923077,0.5159239477040817
516fcfdf9,True,0.3327448453608247,0.41898517219387754
0d4b69793,True,0.122763671875,0.21330915178571427
a77b63ee1,True,0.26012345679012344,0.5182158801020408
9449dcc18,True,0.2966888888888889,0.6553132971938775
1eeb50e8f,True,0.27663333333333334,0.4628308354591837
80cedf6b9,True,0.089921875,0.1553531568877551
be376ea01,True,0.5401746323529412,0.6872409119897959
fc43d7ddb,True,0.15433035714285714,0.20455994897959184
05312ba72,True,0.15623968818711387,0.21018016581632654
48c838ef7,True,0.4303,0.5614437181122449
411bba4e8,True,0.3928833333333333,0.5146683673469388
bdb5b7ecb,True,0.5048802471323252,0.9002710459183674
e7fae9937,True,0.06906666666666667,0.16057477678571427
f8fb0aa55,True,0.28386226252158897,0.40605070153061223
bc6d86a40,True,0.2149001736111111,0.46586017219387754
672e9e752,True,0.16734612944162436,0.1924625318877551
e6ff21b7e,True,0.13859953703703703,0.24001514668367346
548351895,True,0.2307523148148148,0.3387874681122449
fcae5bea5,True,0.31656828703703704,0.34865274234693877
72d68bbd0,True,0.16236111111111112,0.2825255102040816
c74d9c9f3,True,0.5121189673011345,0.7051379145408163
a486e2ab6,True,0.20914306640625,0.22351323341836735
f304e7fb3,True,0.34231689453125,0.41834741709183676
1f25222ce,True,0.05947565543071161,0.11134805484693877
9aa9d63f8,True,0.29169403393541327,0.6010841836734694
37a8dcdce,True,0.14985532407407406,0.2600247130102041
b93203aa7,True,0.43917438271604936,0.7118542729591837
493d9cc81,True,0.36185873605947955,0.49378188775510207
2fa5bde3c,True,0.9678666666666667,1.0
8f32c880e,True,0.278639846743295,0.48782286352040816
ff2224b9d,True,0.20168981481481482,0.4514309630102041
473caf456,True,0.29563657407407407,0.3668885522959184
63c794465,True,0.19247295673076922,0.25687579719387754
b857d5ac6,True,0.2773169191919192,0.3521205357142857
d66a55b13,True,0.18495358263598327,0.31090561224489793
b16b24c21,True,0.16917824074074075,0.1961296237244898
eadb7f25e,True,0.19664351851851852,0.2828842474489796
44c308937,True,0.3743666666666667,0.5766701211734694
8ec043344,True,0.2779069244267139,0.41127232142857145
6cf058ab3,True,0.4160083333333333,0.5929328762755102
84e146ba6,True,0.36023333333333335,0.5059590242346939
c213bcac3,True,0.016371527777777777,0.03784677933673469
5dff24075,True,0.23922067901234567,0.3660913584183674
f06da7096,True,0.19300347222222222,0.32955994897959184
31e266863,True,0.5746166666666667,0.6635642538265306
0f1a3ce5a,True,0.4051171875,0.5552056760204082
a5b9343c3,True,0.2013963210702341,0.35086495535714285
56b0b72b1,True,0.23172246220302375,0.3100685586734694
c79c98af1,True,0.06848958333333334,0.11957908163265306
9243b2c43,True,0.303671875,0.4994419642857143
29af2b6ec,True,0.23656666666666668,0.3939732142857143
640e0b69b,True,0.36041198501872657,0.6075414540816326
a5b4b663d,True,0.1393672839506173,0.26321348852040816
23ed3e349,True,0.4193796296296296,0.4834582270408163
31c2215c1,True,0.25903333333333334,0.3623046875
725a5345e,True,0.24293333333333333,0.44007095025510207
2fe763187,True,0.08943359375,0.15563217474489796
5a60fde1f,True,0.1710590277777778,0.2936862244897959
ca28c5e51,True,0.4099745444801715,0.5747967155612245
41fa17c7c,False,0.0,
8bd033254,True,0.20685833333333334,0.3467992665816326
be59708a0,True,0.23699438202247192,0.420719068877551
331a745e8,True,0.22845833333333335,0.3975207270408163
c1ed7562f,True,0.1639231220657277,0.30660076530612246
23eddf1d8,True,0.33054931640625,0.39377391581632654
ef9b5808b,True,0.2243875,0.29276945153061223
7650ed0f0,True,0.17560207991242474,0.40286192602040816
9d2fb911c,True,0.23864258347016967,0.47757892219387754
15592a54c,True,0.5083738425925926,0.7057955994897959
5997cc138,True,0.6731456043956044,0.8064014668367347
53bb1d133,True,0.18226851851851852,0.3859813456632653
b9c0de515,True,0.4255512152777778,0.7437619579081632
f212d0cdc,True,0.4535,0.6436543367346939
4a9fa9d9e,True,0.17293333333333333,0.29153380102040816
6c5fb38d4,True,0.3335916666666667,0.5552654655612245
72626612c,True,0.12848090277777777,0.29799107142857145
74fb03e51,True,0.17509228187919462,0.3041493941326531
4247730f1,True,0.6367307692307692,0.8067402742346939
39bf24ec8,True,0.12777777777777777,0.20428093112244897
dc996a1a4,True,0.5606103678929766,0.8178611288265306
d433a5827,True,0.2557253086419753,0.5424505739795918
5ced5d057,True,0.18418896321070233,0.30430883290816324
a22499988,True,0.3440190937131402,0.47158003826530615
edc5c168a,True,0.13221354166666666,0.2985092474489796
20845a37b,True,0.41739166666666666,0.6524234693877551
8573077f3,True,0.38035833333333335,0.5375677614795918
5ca7a1543,True,0.28176755765199163,0.4946189413265306
63cc8aa47,True,0.542425,0.6829559948979592
36681d1d5,True,0.38884905660377356,0.6885961415816326
a983562e5,True,0.1528395061728395,0.27883848852040816
c32ecd5bf,True,0.3642966920374707,0.6687061543367347
890dc359d,True,0.34203333333333336,0.5183354591836735
35bd82365,True,0.47364071038251365,0.5522959183673469
1f4a53e6c,True,0.3812884702176898,0.6062858737244898
e24a30aaa,True,0.198225,0.2522720025510204
adc03f8b6,True,0.4124909420289855,0.5820511798469388
474f23a3a,True,0.5579323308270677,0.7742944834183674
b1170cc46,True,0.5156653746770026,0.7207230548469388
43cd2eb4e,True,0.04746141975308642,0.11019212372448979
ee8518e4c,True,0.18942708333333333,0.30580357142857145
6608d48b2,True,0.4435205078125,0.5164221938775511
5330c4588,True,0.49744334513327887,0.6675502232142857
134e12e92,True,0.3634201388888889,0.5568598533163265
1a8215249,True,0.6686315789473685,0.8031130420918368
6381b1706,True,0.5849542942176871,0.7186902104591837
1a4d9f6e1,True,0.5404972491120552,0.6533402423469388
fc2012c7e,True,0.14881666666666668,0.25936702806122447
8e2335bf5,True,0.28873333333333334,0.4401307397959184
043d8c534,True,0.1636226851851852,0.25233179209183676
ab0bb2f5a,True,0.09338107638888889,0.1988799426020408
4106b7290,True,0.19908026755852842,0.32114955357142855
b08012e7f,True,0.6304947916666667,0.8901068239795918
f0137d4e3,True,0.1255707379305714,0.2383410395408163
79531026f,True,0.6330439814814814,0.6640226403061225
4195e3052,True,0.2193359375,0.30895248724489793
9499f293e,True,0.08912760416666667,0.1366390306122449
6cfd5f1b5,True,0.16180555555555556,0.3694395727040816
65470d9c0,True,0.22543333333333335,0.3920400191326531
f8619af42,True,0.03664930555555555,0.06337691326530612
4d73d97fd,True,0.6259375,0.8520208864795918
6cafa50dd,True,0.13595833333333332,0.23642777423469388
22c2f101e,True,0.3167071759259259,0.46627869897959184
37d88b689,True,0.15823302469135803,0.2678970025510204
9d8032dd0,True,0.39384166666666665,0.5586336096938775
918ae2c95,True,0.36219475390045797,0.47520727040816324
86d02f6a8,True,0.4007023411371237,0.49539620535714285
b03b1a110,True,0.45602014866979657,0.5988121811224489
91df1b68f,True,0.08995,0.15656887755102042
bdde3b5ca,True,0.151875,0.2440609056122449
f2f8980cd,True,0.2920875,0.36951929209183676
6f46311db,True,0.4617236328125,0.5837452168367347
ea3de2587,True,0.5741805813234385,0.7617586096938775
e7fdf6d1c,True,0.13259166666666666,0.2306281887755102
2f50d46b2,True,0.09815217391304348,0.1711375956632653
b09fa9385,True,0.38204135859519406,0.575554049744898
57bf84005,True,0.42905,0.5285794005102041
f77a6e11c,True,0.11090113735783028,0.2115752551020408
51a0d55ba,True,0.02468227424749164,0.04352678571428571
87520e2c9,True,0.5370052083333333,0.8091119260204082
dc7dad1da,True,0.24974166666666667,0.40100845025510207
07638746f,True,0.4626166666666667,0.7159598214285714
237343008,True,0.18345377604166666,0.31481186224489793
59a08eeec,True,0.107431640625,0.1866828762755102
1936c68a5,True,0.23884271099744245,0.30528539540816324
559afad4f,True,0.18221450617283952,0.4053531568877551
0b501f1d8,True,0.3199000894721145,0.49800701530612246
7ba9cb4a0,True,0.32194009928461087,0.5519172512755102
9a9707c98,True,0.6389996757457846,0.7577726403061225
87a679d31,True,0.20990923713235293,0.32262436224489793
05f84991b,True,0.41090830449826987,0.5493861607142857
5407c6e1a,True,0.22173333333333334,0.3452048788265306
df6048227,True,0.44013736263736264,0.4422233737244898
707b0c535,True,0.5228703703703703,0.7377232142857143
5dff15fc4,True,0.67995,0.9132852359693877
a36e3c034,True,0.5748800505050505,0.7004145408163265
2fa8b64b1,True,0.33520833333333333,0.4522281568877551
132a28bc9,True,0.47242028985507245,0.6796476403061225
93cdb10e6,False,0.0,
1696809dd,True,0.24969135802469136,0.38831313775510207
9981290b2,False,0.0,
43fe381b3,True,0.236025390625,0.30406967474489793
b66a74309,True,0.22789351851851852,0.27182318239795916
deb43659b,True,0.2614,0.4051937181122449
d33840dfa,True,0.3372475117096019,0.45065369897959184
b0dc1d4f0,True,0.16118055555555555,0.3363759566326531
8e8779496,True,0.5200752314814815,0.6804448341836735
013527aeb,True,0.3024015187470337,0.4296277104591837
05f00d521,True,0.21869565217391304,0.3692004145408163
46539f4bf,True,0.09828954570333881,0.2266222895408163
8229b256e,True,0.30828333333333335,0.5002790178571429
ff0b61121,True,0.2114074074074074,0.3393654336734694
118c1147c,True,0.09989197530864198,0.21647799744897958
047514286,True,0.29603205302693847,0.4147999043367347
49d4a0adf,True,0.19980842911877394,0.40451610331632654
e99eda1f6,True,0.29357680925477536,0.5400191326530612
249540f2d,True,0.30558528428093645,0.4247448979591837
74cd0ff66,True,0.121975,0.21217315051020408
0d7247d3e,True,0.6243923611111111,0.8773915816326531
e133ab2f1,True,0.28174019607843137,0.4401307397959184
01f976ec9,True,0.33897243107769426,0.40969786352040816
2a5e70892,True,0.15785,0.27170360331632654
23bf0ed46,True,0.4337078651685393,0.6675302933673469
321d04634,True,0.026108374384236452,0.0603874362244898
40501d365,True,0.270675,0.40296157525510207
15f89f939,True,0.24996527777777777,0.3662906568877551
2c4089e4f,True,0.19984022556390976,0.3405811543367347
0f78e05ef,True,0.2770068359375,0.35152264030612246
67be298a7,True,0.3592254784688995,0.5332828443877551
4d98e5623,True,0.22034143518518517,0.36025191326530615
6c324e80a,True,0.471525,0.6021603954081632
b69d479cf,True,0.4284032534246575,0.5511997767857143
5ee5f72b8,True,0.42237918215613385,0.5495854591836735
3f42bd15e,True,0.1742828947368421,0.28593351403061223
beb0f98f7,True,0.37909166666666666,0.47146045918367346
cbd703fb6,True,0.41602353585112206,0.6123644770408163
5550a68dc,True,0.29075231481481484,0.4862085459183674
91bab29e9,True,0.4645906177156177,0.7372648278061225
755abaa79,True,0.3022164351851852,0.461116868622449
28a0ae4fe,True,0.16468171296296297,0.26803651147959184
9ab7e48e8,True,0.2727,0.44533242984693877
c6f39e0e4,True,0.24913333333333335,0.4301259566326531
973278f56,True,0.3891777777777778,0.6240433673469388
50d2b5839,True,0.24246666666666666,0.42207429846938777
c12ae3214,True,0.40063657407407405,0.5181162308673469
cb0c04621,True,0.3043060200668896,0.40212452168367346
47163bb58,True,0.55256591796875,0.6332708864795918
53fba6573,True,0.08003472222222222,0.13934948979591838
a993cd91a,True,0.30493333333333333,0.32997847576530615
c1db71d88,True,0.24026875,0.3076769770408163
d51b2e785,True,0.3211833333333333,0.4669164540816326
87613aee1,True,0.47995176364184505,0.5918765943877551
9862e5dfe,True,0.11122073578595318,0.18829719387755103
ed9936705,True,0.4137890625,0.6124641262755102
8dfb61116,True,0.05769097222222222,0.10028698979591837
d92c326f8,True,0.35913411458333333,0.5908203125
4a108fa61,True,0.11719166666666667,0.19013073979591838
b98316a91,True,0.13397916666666668,0.1642219387755102
5ab429fcb,True,0.3772511574074074,0.5578962053571429
ff2cf88a0,True,0.18781666666666666,0.3255141900510204
fce854722,True,0.2587083333333333,0.4215561224489796
88e2d97b2,True,0.29463333333333336,0.4077845982142857
8a5d7e622,True,0.5288194444444444,0.7628348214285714
87bdcbcdd,True,0.44730324074074074,0.6113480548469388
87a16f3fb,True,0.37209480122324157,0.46657764668367346
4133efff0,True,0.18691550925925926,0.325374681122449
a0909c2bb,True,0.6237546816479401,0.8707549426020408
ef2ee6e9b,True,0.30318359375,0.49254623724489793
60d72fc85,True,0.19578993055555555,0.3766342474489796
f56c9eb67,True,0.15203125,0.26484773596938777
cca4ba626,True,0.2156884765625,0.27383609693877553
91d307ce9,True,0.11739166666666667,0.20428093112244897
5ee1c77a0,True,0.3793113425925926,0.5715680803571429
f995bc16c,True,0.1743139097744361,0.3395448022959184
afe19c37c,True,0.3883666666666667,0.6278898278061225
ea7fc7f4f,True,0.5358,0.6666533801020408
937d74077,True,0.251275,0.41762994260204084
3a88e6c8f,True,0.11874166666666666,0.20677216198979592
3edf44325,True,0.3830150462962963,0.454898756377551
087fbda7e,True,0.11344907407407408,0.18056441326530612
4b261a0ee,True,0.4347615418118467,0.6027184311224489
d45562a98,True,0.7726093010303536,0.8214285714285714
658e4415a,True,0.16017939814814816,0.21863042091836735
3d9346cfb,True,0.5379377431906615,0.6950135522959183
be4c2e0d5,True,0.12879293977005027,0.22056361607142858
a6b908d22,True,0.32197643979057594,0.43447066326530615
d87ff9c80,True,0.22373842592592594,0.38223453443877553
373880ef5,True,0.24969135802469136,0.38831313775510207
1d48855c5,True,0.5135767790262172,0.5462173150510204
5b346ef59,True,0.3988333333333333,0.5698142538265306
3948f67d7,True,0.3425694444444444,0.2687141262755102
1f6dc1747,True,0.4090316001019842,0.5282405931122449
63cd0b2b3,True,0.047387152777777775,0.1073421556122449
1b1a68a60,True,0.3517166666666667,0.4973294005102041
6d5afdb0f,True,0.17921549479166668,0.2976124043367347
4128e8e80,True,0.21094444444444443,0.47646285076530615
10e27da02,True,0.24343333333333333,0.5030492665816326
789083f3a,True,0.358,0.5340003188775511
0b3763054,True,0.1729888888888889,0.35447225765306123
8dbbd91bb,True,0.19169403393541323,0.20926339285714285
9031a7f4c,True,0.3912044270833333,0.6310188137755102
a854aca45,True,0.15200833333333333,0.24244658801020408
182aec7a4,True,0.1662593984962406,0.30636160714285715
bd16029b7,True,0.2793333333333333,0.4483219068877551
ad4456e88,True,0.7151161006546645,0.8202925701530612
7e43ebd6c,True,0.39844569288389514,0.5925143494897959
c52908c2d,True,0.2713833333333333,0.3669284119897959
3ee05e0d5,True,0.327675,0.5056800063775511
6bacb98ab,True,0.39243181818181816,0.5546077806122449
dcf366e02,True,0.31321666666666664,0.4763233418367347
d1b183683,True,0.4434916666666667,0.5438058035714286
aba758b7f,True,0.6431336291913216,0.8484335140306123
234b2a6b6,True,0.2524189814814815,0.40573182397959184
f095385ff,True,0.493325,0.5398995535714286
24361123a,True,0.23827546296296295,0.3981983418367347
609e37f6a,True,0.4783226495726496,0.5727240114795918
233aeb07c,True,0.2363773148148148,0.3747608418367347
ec7952240,True,0.4265509259259259,0.5979153380102041
809ca8efd,True,0.2201929012345679,0.47110172193877553
1c6e35149,True,0.402158203125,0.6004065688775511
f4a508263,True,0.48412534435261706,0.6207150829081632
06adfc154,True,0.40036666666666665,0.5722058354591837
640a267a9,True,0.20339506172839505,0.38608099489795916
761523328,True,0.3965,0.3792051977040816
e6f4d14a0,True,0.2595659722222222,0.3203922193877551
3b41cf42a,True,0.101975,0.17721619897959184
c5a7f7d69,True,0.4757406069364162,0.6384526466836735
bff5e06f5,True,0.2740451388888889,0.40945870535714285
e69dd7d09,True,0.08921296296296297,0.1550342793367347
1b47183f1,True,0.37158420138888887,0.5884088010204082
5649192e9,True,0.06374228395061729,0.14797911352040816
af2f3a166,True,0.13092122395833333,0.22815688775510204
3dab3050c,True,0.12909830729166666,0.22409119897959184
880a0ac07,True,0.21063333333333334,0.33278858418367346
9faef6bb6,True,0.13934444444444444,0.31564891581632654
2edce7d92,True,0.215725,0.3739038584183674
19cb228a0,True,0.248125,0.39419244260204084
e8be13bdf,True,0.217975,0.3789859693877551
9c7476c25,True,0.1913056206088993,0.3583386479591837
b4aa0c3ce,True,0.24943055555555554,0.35509008290816324
49a832741,True,0.4728657294213529,0.6397480867346939
923a58e31,True,0.60135,0.6687659438775511
f477f306f,True,0.20597714285714286,0.3739636479591837
851302ab1,True,0.28792824074074075,0.5009765625
3c30c4a49,True,0.5802489354733049,0.7083466198979592
743b67b44,True,0.15189453125,0.1983019770408163
3f4cf8745,True,0.26863425925925927,0.44887994260204084
9786bb3f7,True,0.40169791666666665,0.6344268176020408
732fa3cb9,True,0.28334269662921346,0.48929767219387754
bc0b9984a,True,0.6390901137357831,0.8475366709183674
2836c44dc,True,0.34804783950617285,0.5908601721938775
7c1f20f6e,True,0.11165,0.1941764987244898
0d460fe7a,True,0.26747400109469077,0.5497648278061225
0eab258a9,True,0.5076225490196078,0.7571149553571429
49f6a8909,True,0.2242431640625,0.28079161352040816
a2dccbe51,True,0.3444833333333333,0.5082908163265306
6114449db,True,0.3728533878504673,0.5128746811224489
ad70b1120,True,0.7343496621621621,0.8079559948979592
43bae1c6d,True,0.38338734567901234,0.5084103954081632
3ef5f0537,True,0.323525,0.4710220025510204
5376c81df,True,0.3388,0.5139508928571429
e58225b2e,True,0.50970703125,0.5735012755102041
3ae51e685,True,0.422574200913242,0.5855986926020408
b6c93a605,True,0.6231684088966211,0.7369858099489796
f45457bdc,True,0.285341796875,0.34361049107142855
5b3559bf2,True,0.188125,0.3151705994897959
bb051be7c,True,0.26524884259259257,0.44150589923469385
568a5ab51,True,0.08745,0.10795998086734694
b31045c50,True,0.5058155446086481,0.8851044323979592
86dec16a3,True,0.4959197324414716,0.6999162946428571
1cc20af0a,True,0.09690139358108107,0.13673867984693877
9999c355f,True,0.6640355287414111,0.8243981186224489
89bc4559f,True,0.3492883895131086,0.5871532206632653
8afcd7b7e,True,0.14818333333333333,0.2476482780612245
a9199119d,True,0.19816053511705686,0.32009327168367346
4ea31a03a,True,0.07651234567901234,0.1778938137755102
1ccd49ce2,True,0.6903423374011609,0.8399035395408163
360dcecb1,True,0.156425,0.24053332270408162
0c64a0f1b,True,0.6757519723865878,0.9005102040816326
95855babf,True,0.26442112733171125,0.39903539540816324
441594b56,True,0.26583984375,0.3469786352040816
9819716c8,True,0.19575520833333335,0.329280931122449
63e212498,True,0.21890160406885759,0.28653140943877553
bf7c0f270,True,0.32098765432098764,0.3676658163265306
20c3c2ba7,True,0.5662452830188679,0.7188496492346939
5b945da83,True,0.2225385802469136,0.47203842474489793
3c7dd9982,True,0.2659109589041096,0.37545838647959184
faec94482,True,0.3693663194444444,0.5561822385204082
9cbae8539,True,0.27666666666666667,0.426578443877551
54314d17b,True,0.14084166666666667,0.24366230867346939
4b45ae85f,True,0.26629783920004113,0.4697863520408163
8c1c5448c,True,0.43515923566878983,0.5938895089285714
76aa06fb0,True,0.6888715277777778,0.8602120535714286
2bbe22924,True,0.19565972222222222,0.3299984056122449
85c4e7a41,True,0.4729333333333333,0.6182437818877551
fd8c80281,True,0.27937174479166665,0.40963807397959184
ad9d334b5,True,0.367193287037037,0.5057597257653061
134b82d89,True,0.10016666666666667,0.1355030293367347
06db81e31,True,0.1291777408637874,0.18873565051020408
d3ffc5c1b,True,0.2274,0.37888632015306123
688b3183d,True,0.581087962962963,0.6617705676020408
412d7406c,True,0.5224537037037037,0.733039700255102
e67b88329,True,0.145975,0.25332828443877553
0c4e78176,True,0.24658333333333332,0.41220902423469385
9e6570928,True,0.20831018518518518,0.35788026147959184
660dd8ded,True,0.3056298828125,0.36820392219387754
950dd345b,True,0.47392903645833334,0.5956831951530612
215345b52,True,0.3957655293088364,0.6110291772959183
ab94dbe57,True,0.39514774659863944,0.5786033163265306
b72a62a33,True,0.4503369140625,0.5681202168367347
897e065bd,True,0.31306980056980055,0.38480548469387754
b2dbd92b1,True,0.3942056856187291,0.6058872767857143
c05b74b05,True,0.21737844893485064,0.291812818877551
876dd37df,True,0.02505787037037037,0.04390545280612245
fd139f4e4,True,0.252125,0.3723294005102041
1d669183f,True,0.36277199074074074,0.4540218431122449
7fa3ab674,True,0.31732253086419754,0.6450693558673469
e4ece4eca,True,0.153056640625,0.2663424744897959
5b1e90385,True,0.09281666666666667,0.16067442602040816
f60779a3b,True,0.09228888888888889,0.20768893494897958
5943080b2,True,0.3993460648148148,0.48092713647959184
3c2e29219,True,0.5160103054839897,0.7328404017857143
ef14eb18e,True,0.2456637168141593,0.36625079719387754
7efb36b65,True,0.531525,0.6710977359693877
cf8539482,True,0.22165,0.3504264987244898
2ac979cf7,True,0.19509440104166667,0.3257334183673469
7374edef0,True,0.13102213541666666,0.2275390625
3aa4a07dc,True,0.27555,0.44746492346938777
2ce86e3a2,True,0.33390950520833335,0.4541613520408163
df0933e46,True,0.3270015698587127,0.42964764030612246
3af847ce9,True,0.2738862683438155,0.46211336096938777
09e39377f,True,0.26692120123203283,0.44337930484693877
2e3c8edaf,True,0.21700374531835206,0.3655333227040816
2d63b7c4f,True,0.2740666666666667,0.5251913265306123
48dd04601,True,0.4265129682997118,0.5943877551020408
2da9b0c2c,True,0.6528877314814815,0.9058115433673469
44d1246e0,True,0.3760546875,0.5451211734693877
a1019e087,True,0.18961554830472407,0.3230827487244898
598f49a8f,True,0.38997093023255813,0.5146484375
6bc347d2d,True,0.09428240740740741,0.16404257015306123
705a6dffe,False,0.0,
c947d8169,True,0.2892370729455217,0.4005102040816326
492e0cc50,True,0.38180740740740743,0.5991310586734694
e10252ca3,True,0.574006329113924,0.6931401466836735
1d2a7f0dd,True,0.49654166666666666,0.5392020089285714
d8519e771,True,0.16425833333333334,0.2803332270408163
4518f180e,True,0.26241512345679013,0.5325454400510204
3185aa328,True,0.15321614583333334,0.19943797831632654
9ba7b7b9c,True,0.27948160535117056,0.46287069515306123
692bde33a,True,0.24252124316144802,0.40768494897959184
cd469a42f,True,0.36035807291666666,0.5614038584183674
537b5f09b,True,0.17099166666666665,0.2984095982142857
9d64175e7,True,0.303025,0.47971141581632654
1adb292f6,True,0.195380859375,0.3286830357142857
1c4afcc03,True,0.3944620253164557,0.5976961096938775
054f35a8c,True,0.179,0.29372608418367346
d7282183b,True,0.17393267651888342,0.34534438775510207
895d8c870,True,0.11764322916666667,0.20463966836734693
e66ee4be8,True,0.22475694444444444,0.2934072066326531
81efac010,True,0.2188027108433735,0.4070671237244898
4f7a70728,True,0.32633680555555555,0.4309829400510204
a21f20530,True,0.510260067114094,0.7321229272959183
a091487fb,True,0.02099609375,0.03649154974489796
dcecf2ba5,True,0.11729166666666667,0.19579081632653061
4bef58278,True,0.23502785515320335,0.3563855229591837
caa616482,True,0.158804012345679,0.366031568877551
31e9530cf,True,0.12904513888888888,0.2178332270408163
cbf3467d9,True,0.5213083333333334,0.7632533482142857
358270782,True,0.22335833333333333,0.36953922193877553
0c6c71a55,True,0.13258138020833332,0.1884167729591837
4079020a6,True,0.21254444444444445,0.48262117346938777
0a38a1059,True,0.3056270903010033,0.4624521683673469
807e3b981,True,0.2775166666666667,0.4260801977040816
fc93d7cc9,True,0.2397875,0.28513632015306123
1cc66d907,True,0.29510498046875,0.3709343112244898
518384a79,True,0.46993084551148223,0.618781887755102
8b0fa13e1,True,0.27848314606741575,0.4411471619897959
373b98352,True,0.40259837962962963,0.6016422193877551
5eb152e2a,True,0.031802083333333335,0.06891741071428571
3e2347b40,True,0.20999056603773586,0.26598373724489793
afe9d7dca,True,0.31949074074074074,0.3559669961734694
ec83e77f0,True,0.5009916666666666,0.7095224808673469
3947180ba,True,0.22839192708333333,0.36427774234693877
f83c963d2,True,0.2673414105594957,0.3826929209183674
15b5da7f8,True,0.125576171875,0.1984813456632653
b5ce44276,True,0.273037037037037,0.43534757653061223
992170cac,True,0.25778935185185187,0.44686702806122447
95e61ce61,True,0.2921813725490196,0.4553172831632653
f40b68c08,True,0.2631134259259259,0.41248804209183676
9907dde11,True,0.3105377358490566,0.49515704719387754
33ed78569,True,0.5846,0.8390664859693877
8d650d311,True,0.1917375,0.24577487244897958
58e2cf3d9,True,0.2737996941896024,0.4180285395408163
d6d6d4aca,True,0.0006888888888888888,0.0014748086734693877
288445cbd,True,0.19873456790123456,0.43387276785714285
1b0d28fab,True,0.09899812734082397,0.1809032206632653
7fb135352,True,0.15635,0.20001594387755103
43c8e589d,True,0.5771833333333334,0.7171157525510204
d7cc44152,True,0.6816638127853881,0.8666294642857143
a90da3a12,True,0.417119140625,0.5033282844387755
67967b0b0,True,0.2106672932330827,0.3530173788265306
d22eb6266,False,0.0,
9e399c659,True,0.21478333333333333,0.35859773596938777
9a5da8156,True,0.254320987654321,0.43785873724489793
365f29337,True,0.41718637679469994,0.5944076849489796
b9086e44f,True,0.5756813417190776,0.7191286670918368
1b5fd0e44,True,0.28730833333333333,0.46414620535714285
be340bbe7,True,0.23046438547486034,0.3143734056122449
370d17232,True,0.3748372395833333,0.5900031887755102
a88845c74,True,0.33781654779551573,0.5965401785714286
387147d00,True,0.26263333333333333,0.42576132015306123
c320a6005,True,0.1444845715408805,0.1896125637755102
6f0d943dc,True,0.26196902654867255,0.48696588010204084
f48338adb,True,0.15259259259259259,0.35323660714285715
742462799,True,0.3159490740740741,0.43168048469387754
c1917c88e,True,0.30625730994152045,0.5113998724489796
63057be1d,True,0.048686342592592594,0.08454241071428571
91f52526f,True,0.2578472222222222,0.48108657525510207
a6da4c5df,True,0.3894401041666667,0.6071029974489796
ecad4a875,True,0.236775,0.3920798788265306
71eda06c6,True,0.19090277777777778,0.42330994897959184
d54d84b63,True,0.37484567901234567,0.6134406887755102
8e92ebde6,True,0.6628674540682414,0.7786192602040817
ff85f13d7,True,0.09671728286384977,0.18947305484693877
4cef5b961,True,0.35876040248990426,0.49547592474489793
efb36dced,True,0.17226851851851852,0.3715322066326531
03926867a,True,0.02431327160493827,0.056361607142857144
62ad62e0a,True,0.44937255859375,0.5562420280612245
ef0822572,True,0.5566268382352941,0.7878866390306123
1cd970978,True,0.4086222222222222,0.5207270408163265
4ac47ceae,True,0.4761166666666667,0.6219905931122449
926c92b39,True,0.20045926517571885,0.3372130102040816
ab5964338,True,0.23663194444444444,0.3637794961734694
b72bbd6db,True,0.2927666666666667,0.5040656887755102
d6243bdf8,True,0.181175,0.3049864477040816
e74dd0579,True,0.12673828125,0.22090242346938777
28c34e5dc,True,0.23925154320987654,0.4975486288265306
2cdaa8a5d,True,0.44658564814814816,0.5920161033163265
defebd6b4,True,0.45611666666666667,0.6987404336734694
f99149151,True,0.26915833333333333,0.45681202168367346
a345b4406,True,0.35063386524822693,0.4440768494897959
91d238a62,True,0.2251,0.35166214923469385
b985b4ff9,True,0.2632349537037037,0.41713169642857145
0b74e375f,True,0.3504799578059072,0.554328762755102
122683077,True,0.21069166666666667,0.35678411989795916
d246be504,True,0.354225,0.46285076530612246
f500d6361,True,0.2629398148148148,0.399234693877551
c05adb8fe,True,0.16716435185185186,0.28780691964285715
a2124f529,True,0.264625,0.43437101403061223
052c95a93,True,0.5125444444444445,0.7715441645408163
343c1f526,True,0.3199415584415584,0.39845742984693877
35bb8ee8f,True,0.47296819787985867,0.5601084183673469
e454518b8,True,0.15374421296296295,0.24041374362244897
83703d7e0,True,0.12698657257971327,0.29282924107142855
29193bf76,True,0.44293032786885245,0.6490752551020408
197c5ed9d,True,0.265575,0.3542330994897959
87b60f563,True,0.383342382015242,0.5063376913265306
4cbc3433e,True,0.32064444444444445,0.5250717474489796
644d07ccb,True,0.183675,0.2225964604591837
27ce98a2e,True,0.27089120370370373,0.45302535076530615
175af62c1,True,0.051991666666666665,0.019391741071428572
97a80f8b3,True,0.6825077153490061,0.8321308992346939
26662f4f9,True,0.3182502187226597,0.6274314413265306
fb507a1cb,True,0.2676929012345679,0.5562420280612245
1ef4df30d,True,0.21705,0.3711535395408163
b7f7e01c6,True,0.5526583333333334,0.5855986926020408
bafa8c847,True,0.30678333333333335,0.48865991709183676
7eff2bd81,True,0.7317790262172285,0.8457429846938775
acc741f2d,True,0.2544580078125,0.3257334183673469
4552e7972,True,0.647325,0.7769650829081632
63a3f229c,True,0.2674166666666667,0.37948421556122447
81ea0e01a,True,0.15611666666666665,0.24346301020408162
4f5205d2b,True,0.14213734567901234,0.30233577806122447
a8f43bea5,True,0.3248083333333333,0.48965640943877553
be0635ef2,True,0.29588888888888887,0.6339485012755102
da9b9db54,True,0.47698997641509433,0.7325813137755102
9521ff66b,True,0.30055243445692886,0.5199298469387755
a07440416,True,0.17356666666666667,0.29336734693877553
4fe9ef7ce,True,0.14725274725274726,0.16189014668367346
5bd541f6f,True,0.42910300925925926,0.5674226721938775
3cf8487d4,True,0.549375,0.7113560267857143
aa11bee11,True,0.1565966796875,0.20469945790816327
ae17429ae,True,0.12388997395833333,0.1639030612244898
0a3fc490f,True,0.06969135802469135,0.16272720025510204
23c4874d8,True,0.06506944444444444,0.11326132015306123
394217006,True,0.20596354166666667,0.44638871173469385
b2406f38d,True,0.13521604938271606,0.28633211096938777
f91cc9f0d,True,0.6859484777517565,0.9550581951530612
053d121b8,True,0.20587239583333333,0.45864556760204084
2259cf6f8,True,0.25143333333333334,0.3981385522959184
a6fea1d1a,True,0.21715,0.3031728316326531
a8055a2ba,True,0.57384375,0.7018494897959183
9fe6f98a5,True,0.216125,0.31971460459183676
b73a7ca90,True,0.3304451802796174,0.3856624681122449
aa40c19c2,True,0.12725833333333333,0.2196468431122449
f94991b4c,True,0.18227864583333334,0.39791932397959184
aebf47483,True,0.15365,0.2672592474489796
ace26786b,True,0.33015833333333333,0.5418128188775511
9ef928aa7,True,0.2138408521303258,0.2790377869897959
c40052aba,True,0.3784666666666667,0.619499362244898
ac8229264,True,0.19261666666666666,0.3347018494897959
e0d18f038,True,0.12126157407407408,0.20212850765306123
a88733fd1,True,0.29074845679012346,0.4926857461734694
88cdc9a60,True,0.1723864258347017,0.36025191326530615
2625dcb50,True,0.19334403997144897,0.25747369260204084
00c19f4fa,True,0.56658447265625,0.7109375
bf190a061,True,0.24967159277504106,0.476383131377551
1cac8717d,True,0.3086814814814815,0.41127232142857145
19f5a15ab,True,0.26284722222222223,0.38637994260204084
484346fbc,True,0.37245484400656814,0.581413424744898
dd5f93066,True,0.6759635416666666,0.8090122767857143
e3e339d6f,True,0.15958658854166666,0.27770248724489793
e04d44883,True,0.29119791666666667,0.41940369897959184
8623ecf43,True,0.42239166666666667,0.5883091517857143
cf85bd080,True,0.5323350694444444,0.8182198660714286
1d6a1b32c,True,0.29775555555555555,0.5051219706632653
7000a4f76,True,0.3535041841004184,0.5696747448979592
5955c1678,True,0.13609166666666667,0.2019092793367347
f245f7d4f,True,0.24770833333333334,0.40736607142857145
6b2fc7a10,True,0.23319166666666666,0.388851243622449
c83fe0079,True,0.12874166666666667,0.22389190051020408
923da13c4,True,0.429853515625,0.4889987244897959
26a7ffaa7,True,0.47411556603773586,0.6057278380102041
c3b94defa,True,0.42480053191489364,0.7087850765306123
714b4fa64,True,0.5566104749787956,0.7514748086734694
0f1424059,True,0.14858695652173914,0.2502989477040816
66fcb54d7,True,0.7363,0.9426020408163265
9684a1603,True,0.21757523148148147,0.3743423150510204
6c9e1c82f,True,0.4417320819112628,0.6883769132653061
5b4745340,True,0.17320224719101124,0.2460339604591837
39944ac3f,True,0.21949186991869918,0.30357142857142855
b02c50d9d,True,0.3870511049723757,0.5127152423469388
b34a4f038,True,0.224326171875,0.2887436224489796
372433bc5,True,0.02271386430678466,0.039341517857142856
07cc0ce27,True,0.45480188343994316,0.564811862244898
eff4a47b5,True,0.2954868913857678,0.4764429209183674
73dedcf29,True,0.22661533232539877,0.39522879464285715
ff16e6dad,True,0.5025585284280937,0.6586216517857143
5ff246254,True,0.3601934523809524,0.5635164221938775
f33406495,True,0.18321018062397373,0.35610650510204084
500728fdd,True,0.29389892578125,0.3755580357142857
94fc65b67,True,0.3294240339578454,0.4491390306122449
91c023cb7,True,0.36807077030081725,0.5731026785714286
138035c7a,True,0.392998046875,0.4999402104591837
10949ac80,False,0.0,
e46373e2e,True,0.18089820359281436,0.30506616709183676
798fae45f,True,0.3195992405582923,0.42053970025510207
b18e25ae6,True,0.18021455223880598,0.3128188775510204
77b247a02,True,0.13147376543209877,0.3051658163265306
2bec9dd86,True,0.7282865168539325,0.9574298469387755
7e43a342a,True,0.3579703703703704,0.5668845663265306
1cbe873e7,True,0.28159711361503714,0.40256297831632654
e1f0c1add,True,0.15953703703703703,0.34018255739795916
9e2a19b16,True,0.5515817901234568,0.7217793367346939
7e6385ded,True,0.3138227848101266,0.38693797831632654
8d301b5e6,True,0.6358512544802868,0.8524992028061225
66d4911f9,True,0.17913194444444444,0.30937101403061223
4325e9930,True,0.5366558441558441,0.7412906568877551
b9f58834b,True,0.4202907986111111,0.5070352359693877
b356b0f05,True,0.3915,0.6249601403061225
10eaafcd9,True,0.2881076388888889,0.4676139987244898
a54497b9a,True,0.08618333333333333,0.13524394132653061
b0c159af4,True,0.3687453531598513,0.6190210459183674
87fa5c42b,True,0.16968227424749163,0.2731385522959184
f5d7daf1a,True,0.19120833333333334,0.28659119897959184
b6661be84,True,0.2674479166666667,0.3454440369897959
28af3f2c9,True,0.30720833333333336,0.5320671237244898
fd717a456,True,0.34751666666666664,0.4597217793367347
429df135c,True,0.29085648148148147,0.46127630739795916
bc14cca27,True,0.18838541666666667,0.28908242984693877
8bf2cc0a1,True,0.17073321554770318,0.29685507015306123
8d0f353e2,True,0.16486666666666666,0.2785594706632653
7d0367e19,True,0.16610125260960334,0.30440848214285715
3b923cef0,True,0.4451583333333333,0.7026068239795918
5fc06cf73,True,0.13432592592592593,0.21540178571428573
a0f2d927e,True,0.12896666666666667,0.21593989158163265
59f4e3255,True,0.4911333333333333,0.6609534438775511
029b05087,True,0.22703007518796992,0.4399314413265306
6568f907c,True,0.22811197916666667,0.48240194515306123
b0d8b0778,True,0.47071875,0.5634964923469388
5493d0771,False,0.0,
59c9f850a,True,0.2591,0.376155931122449
8b17616d3,True,0.1196067415730337,0.17263233418367346
cd668b430,True,0.219625,0.36601163903061223
03ae93b48,True,0.36174375,0.4456114477040816
a2cd25e49,True,0.43412907325043115,0.5489676339285714
3e411bd12,True,0.2969675925925926,0.41872608418367346
036c684d3,True,0.17515,0.2992665816326531
110682438,True,0.24675833333333333,0.26698022959183676
9e4420002,True,0.010109953703703704,0.017637914540816327
2bc51f69b,True,0.30119632825040127,0.3676658163265306
573f51aca,True,0.28125833333333333,0.4095982142857143
39a66e7cb,True,0.5049666666666667,0.7069714604591837
b9d49b198,True,0.4234,0.6443718112244898
7c139389d,True,0.2768055555555556,0.5873923788265306
e3fb26abc,True,0.499875,0.6160315688775511
8e4f0e111,True,0.21567708333333332,0.373046875
9c443e54d,True,0.35706298828125,0.46171476403061223
29a9fdad5,True,0.172225,0.29944595025510207
2ca3f6d92,True,0.3370723362658847,0.41280691964285715
649589d9f,True,0.3642888888888889,0.5956831951530612
121ee5fa0,True,0.31083333333333335,0.48800223214285715
7a6bc9e55,True,0.186484375,0.31387515943877553
032aefa61,True,0.0007166666666666667,0.0011957908163265306
88f79f7ee,True,0.5884416666666666,0.8694595025510204
1ef5b1310,True,0.515807392996109,0.8352798150510204
5e9737811,True,0.09965,0.17317044005102042
46ef61c91,True,0.3967833333333333,0.4827407525510204
d8697f0fd,True,0.29788773148148145,0.46601961096938777
bdff3528c,True,0.06668233082706766,0.13048070790816327
98d3a24b8,True,0.37615384615384617,0.6369579081632653
2cc0c6dee,True,0.3974533947238178,0.5787228954081632
c0503dd75,True,0.4168896321070234,0.5680205676020408
26bba34a6,True,0.19492283950617284,0.40724649234693877
c92b59557,True,0.3856,0.6233059630102041
034259113,True,0.28426666666666667,0.49228714923469385
5287fead8,True,0.5331333333333333,0.7229950573979592
ba4811f35,True,0.6360006795786612,0.7695511798469388
1349f68db,True,0.2135980902777778,0.4586654974489796
48432dfa0,True,0.4217939814814815,0.5946867028061225
03188ecad,True,0.24578703703703703,0.5186543367346939
91c2edae8,True,0.9336166666666667,0.9631895727040817
d680ddf5d,True,0.3283862034239678,0.38546316964285715
6ab0ddda3,True,0.36575520833333336,0.525390625
f9e4762d2,True,0.42071542492595126,0.6827566964285714
3757e3734,True,0.139429012345679,0.3214485012755102
36d764abf,True,0.27946666666666664,0.5174984056122449
dce7af31c,True,0.4237826783839054,0.5972377232142857
4733d5e7a,True,0.121533203125,0.2110172193877551
0fd9076d7,True,0.17034722222222223,0.28123007015306123
6fea8ac52,True,0.13346654275092937,0.24392139668367346
6e50b52c9,True,0.15280092592592592,0.30626195790816324
6914ade58,True,0.28081227436823103,0.4645846619897959
560d2b399,True,0.22414930555555557,0.3901267538265306
9b09190e4,True,0.094625,0.1611328125
af4941f15,True,0.45106666666666667,0.6827168367346939
7e3c6f81d,True,0.3443,0.4153380102040816
e2bb56954,True,0.3295973154362416,0.4297672193877551
3dd6ea6bb,True,0.5509833333333334,0.6937978316326531
2f3d368d3,True,0.34278752436647175,0.5770487882653061
072bb91b4,True,0.4124280372722417,0.5854791135204082
b7351540f,True,0.4248220486111111,0.8229033801020408
8e0d93659,True,0.21301666666666666,0.31808035714285715
fa89bfa82,True,0.1984548611111111,0.33693399234693877
5ac95823c,True,0.31435,0.3983577806122449
2cf6b6627,True,0.336925,0.5184948979591837
ad5250ecf,True,0.605,0.7261041135204082
e156e8aa0,True,0.18565833333333334,0.32260443239795916
4b3efcfe0,True,0.30464166666666664,0.4514110331632653
f555570eb,True,0.46211669921875,0.5388233418367347
f8530e295,True,0.49341552734375,0.6008450255102041
5c7136c2e,True,0.12164166666666666,0.20587531887755103
bb90447e5,True,0.1861884197056942,0.2629942602040816
e218c632b,True,0.182075,0.30966996173469385
f394d4aad,True,0.25300925925925927,0.459163743622449
92b5de07f,True,0.21488333333333334,0.35331632653061223
3befd2af6,True,0.4199278037574863,0.6151745854591837
dfe83669d,True,0.22666666666666666,0.4436583227040816
179c21d17,True,0.1154028162511542,0.2005341198979592
595b8d58f,True,0.25827546296296294,0.41342474489795916
cf9bc2dc8,True,0.22519097222222223,0.2958984375
323f562e0,True,0.24735532407407407,0.4213767538265306
e2f5253f7,True,0.298001100311755,0.2116749043367347
93df8b5c7,True,0.2170401337792642,0.35421316964285715
51e25fe8b,True,0.3026543209876543,0.6095344387755102
f72db59b3,True,0.29578333333333334,0.4764429209183674
48c9474d9,True,0.29036666666666666,0.45113201530612246
9e2af0f7a,True,0.10533707865168539,0.20495854591836735
d7dd71467,True,0.24488333333333334,0.37796954719387754
43d31be6c,True,0.5563879598662207,0.7258051658163265
4a4d8cadb,True,0.24131666666666668,0.34719786352040816
5e203eeaf,True,0.3480416666666667,0.5070750956632653
eee978cc3,True,0.1503319783197832,0.20609454719387754
cfbbeec5a,True,0.2780296296296296,0.4760841836734694
0e9c1385c,True,0.12098958333333333,0.20818718112244897
8da7afcd4,True,0.21142583470169676,0.37051578443877553
2cb770ad7,True,0.3489713541666667,0.5030891262755102
fa1d3af33,True,0.17137369791666668,0.2816884566326531
420193f17,True,0.1952591973244147,0.3303970025510204
82ab0ebbd,False,0.0,
bf37d753e,True,0.37783333333333335,0.5071348852040817
0de6709ab,True,0.274975,0.3800422512755102
703f1a4c4,True,0.2592534722222222,0.4432796556122449
a8518bd6b,True,0.22138310185185187,0.372249681122449
6c5a7a1ef,True,0.3681339352896915,0.48885921556122447
05fadeacd,True,0.12601851851851853,0.21904894770408162
cedeef1a7,True,0.2695166666666667,0.39200015943877553
e633a6647,True,0.30778333333333335,0.48545121173469385
2fdc23bcb,True,0.398625,0.5555644132653061
43c623f94,True,0.14799913194444445,0.34339126275510207
d6209194b,True,0.4383301886792453,0.6162109375
4edc9ecc5,True,0.2519,0.42051977040816324
087804d85,True,0.15117158671586717,0.24547592474489796
bb928145e,True,0.19026315789473683,0.3604113520408163
27bbc8c4f,False,0.0,
99c110585,True,0.3680653364632238,0.4716198979591837
cabb4127e,True,0.2390972222222222,0.39750079719387754
a2665a33f,True,0.20755635245901638,0.4051139987244898
de8b7400d,True,0.17484082397003745,0.3405811543367347
8e3e0ffde,True,0.21670833333333334,0.3771125637755102
e7a8fea6b,True,0.3310474537037037,0.3939931441326531
5b7007847,True,0.24180555555555555,0.5056800063775511
8bdffc917,True,0.409625,0.6494140625
63e2cb92e,True,0.3748359580052493,0.5477120535714286
a5f027ab8,True,0.33155092592592594,0.5346779336734694
6e9e0ce30,True,0.4867105263157895,0.7074497767857143
fd39fef15,True,0.426125,0.4989636479591837
c120a6f75,True,0.266975,0.46059869260204084
22abde55b,True,0.23124444444444445,0.49043367346938777
6e31c7d5c,True,0.5526833333333333,0.7856943558673469
a6adb9a9f,True,0.729535864978903,0.8828722895408163
7efce4735,True,0.2823644883485309,0.38277264030612246
4dbcd1d36,True,0.38472800925925926,0.46153539540816324
7125e101b,True,0.3627854938271605,0.7362683354591837
bded2690b,True,0.16943333333333332,0.2941047512755102
9ac5a9faf,True,0.16882523148148149,0.25552056760204084
83502a253,True,0.09403333333333333,0.1639030612244898
5d3c9feba,True,0.21076666666666666,0.34665975765306123
97dd55a08,True,0.3519965277777778,0.5152064732142857
8e3c58de2,True,0.2021875,0.34215561224489793
65c2785b3,True,0.358725,0.5000199298469388
52dae90aa,True,0.14786458333333333,0.2575733418367347
01b167b92,True,0.3159666666666667,0.4790736607142857
8d6b89eff,True,0.39968505859375,0.4770607461734694
402799b02,True,0.13827232606438214,0.26917251275510207
abfad94f2,True,0.21515,0.37326610331632654
c57a0afef,True,0.39165996784565915,0.590461575255102
de97498e6,True,0.10595,0.18429129464285715
70edbb1e3,True,0.35925,0.5264867665816326
e5ffc0a9d,True,0.337525,0.5306122448979592
3086dc257,True,0.0950462962962963,0.16513871173469388
b5fd8a091,True,0.08681666666666667,0.15037069515306123
546cf9e37,True,0.507437037037037,0.739616549744898
8bc5380ca,True,0.1204,0.27925701530612246
f27a94272,True,0.1155613425925926,0.201171875
0819ac2f6,True,0.200475,0.3325294961734694
d48e16ef4,True,0.2668083333333333,0.44740513392857145
49f12d27b,True,0.3433159722222222,0.5297552614795918
2374a1c12,True,0.32654513888888886,0.4553172831632653
640dbb3b6,True,0.07276840418512584,0.08557876275510204
deb0ad8cd,True,0.44,0.7068120216836735
78631549e,True,0.4735168513388735,0.5930524553571429
8b03c494a,True,0.048558333333333335,0.08440290178571429
e493537b3,True,0.1708810763888889,0.35901626275510207
63562f208,True,0.3182333333333333,0.5154456313775511
1c8ab73ca,True,0.30362359550561796,0.46757413903061223
23e36bfd9,True,0.6540301003344482,0.7838010204081632
189eaf5c4,True,0.3198623188405797,0.41001674107142855
0b110b315,True,0.2856416666666667,0.396305006377551
267841852,True,0.08213333333333334,0.14307637117346939
4ae292968,True,0.6289166666666667,0.8064213966836735
10124968c,True,0.43244152784788825,0.6147361288265306
dc3066d92,True,0.09778211805555556,0.1983019770408163
88db34068,True,0.3042916666666667,0.48012994260204084
e7e23bfbf,True,0.3630833333333333,0.5850007971938775
ea678fb08,True,0.13340225563909774,0.1744060905612245
ba16e7f4b,True,0.08977430555555556,0.14373405612244897
b4060a70e,True,0.1349189814814815,0.23499282525510204
5fc55b842,True,0.24963333333333335,0.41982222576530615
e4c9325d9,True,0.35244873046875,0.4174107142857143
1fba191e3,True,0.15640190972222223,0.3167251275510204
e2b705117,True,0.21189043209876543,0.4588249362244898
79b439763,True,0.2139450110520805,0.3613879145408163
8a6f301fa,True,0.10564236111111111,0.22805723852040816
dfb7301a8,True,0.5236689814814814,0.5703523596938775
f160ae385,True,0.20522376543209878,0.4438376913265306
a05674125,True,0.380484693877551,0.5142099808673469
d9175b948,True,0.37580833333333336,0.5085897640306123
1faffda03,True,0.4756166666666667,0.5956831951530612
5606b4630,True,0.43087158203125,0.505859375
ec9da833d,True,0.26090833333333335,0.4420838647959184
785150e60,True,0.3383125,0.2713647959183674
3e25d4fb8,True,0.07111328125,0.09297273596938775
20f870155,True,0.38371527777777775,0.5530731823979592
f29afd123,True,0.16734931229773461,0.25452407525510207
6d55edd17,True,0.3471487603305785,0.37342554209183676
cdd50f583,True,0.22319661458333334,0.3876355229591837
ea03ccbba,True,0.07500833333333333,0.13030133928571427
9abb10f2f,True,0.5954583333333333,0.7674984056122449
5eee1e783,True,0.24678490990990992,0.31263950892857145
41ce762ce,True,0.1996888888888889,0.41858657525510207
22e4974f2,True,0.15605,0.26191804846938777
82c90e313,True,0.5547166666666666,0.6157126913265306
7dd6704a1,True,0.23384114583333335,0.34376992984693877
0af365e26,True,0.04602617655249234,0.10694355867346939
5c4c1d10c,True,0.39095287836583104,0.5254304846938775
a868df43f,True,0.10438271604938272,0.2392578125
277210bb9,True,0.18286666666666668,0.30662069515306123
d0f4115e6,True,0.042394497863247865,0.08506058673469388
7aef49fb2,True,0.1850634765625,0.24069276147959184
75f3f26cd,True,0.14757462686567163,0.24461894132653061
2b8008b16,True,0.18169560185185185,0.313655931122449
38fc09756,True,0.37328886310904874,0.5045041454081632
c504cbfd4,True,0.3684664351851852,0.42592075892857145
bd2f5699b,True,0.405888671875,0.6141780931122449
89ba257e1,True,0.4948166666666667,0.6307397959183674
f89c6f6a6,True,0.235615234375,0.36385921556122447
f6c14900d,True,0.4950492004920049,0.681640625
2716a01b4,True,0.33463345864661653,0.6436543367346939
d9b4b1930,True,0.44437445319335084,0.6894331951530612
5b7fd5349,True,0.17703125,0.3079161352040816
0594ed847,True,0.10543981481481482,0.24509725765306123
5aefb7197,True,0.5920221843003413,0.8006417410714286
1bc97732e,True,0.3491905416012559,0.4509127869897959
9e5476a10,True,0.2828450520833333,0.4543606505102041
8de855263,True,0.21343333333333334,0.28806600765306123
500327aed,True,0.2482638888888889,0.3649354272959184
34452eefb,True,0.233070987654321,0.3469786352040816
0063bd7e0,True,0.5138398389095415,0.5768494897959183
25c681109,True,0.29286666666666666,0.4802295918367347
b28acaaeb,True,0.5182890855457227,0.6906489158163265
16ce3524b,True,0.6469039351851852,0.7636120854591837
5b8610245,True,0.627181712962963,0.8105070153061225
083f50328,True,0.24229817708333334,0.36569276147959184
62d09ac7c,True,0.66270625,0.7414700255102041
28e14ee81,True,0.27293125,0.35000797193877553
755f10f8a,True,0.3044560185185185,0.5100247130102041
2db012118,True,0.0633695652173913,0.11112882653061225
1043aca38,True,0.165966796875,0.26975047831632654
8ccda6476,True,0.4585526315789474,0.6447106186224489
53964c5d0,True,0.10996419270833334,0.1915656887755102
4427541c0,True,0.36991150442477877,0.48628826530612246
fd1bf9554,True,0.19296666666666668,0.3768734056122449
8c2e6c331,True,0.39208646616541354,0.5693757971938775
be917151a,True,0.13872184684684685,0.23505261479591838
59c474c59,True,0.6053009259259259,0.8342235331632653
b41fd3816,True,0.23868634259259258,0.3140146683673469
c59fe4bcd,True,0.3748465703971119,0.5552654655612245
db5a260fa,True,0.3659154929577465,0.6029177295918368
ded3b183c,True,0.11025555555555555,0.2561184630102041
842c9622d,True,0.245475,0.36073022959183676
9c296a253,True,0.3563136574074074,0.4481226084183674
3e0ce6020,True,0.14359375,0.24449936224489796
faa139539,True,0.17482096354166668,0.3008410395408163
c4dc1e8fe,True,0.3777333333333333,0.6161710778061225
97cdcca1f,True,0.33569444444444446,0.5459382971938775
c5d0fdfac,True,0.19954166666666667,0.3433115433673469
28e86bb13,True,0.435,0.5201690051020408
5d517a321,True,0.26965870307167233,0.34239477040816324
62eac41fa,True,0.02560185185185185,0.05905213647959184
09c00211e,True,0.49722916666666667,0.6827566964285714
2262be7e9,True,0.2255810546875,0.2814094387755102
7a7277559,True,0.26765833333333333,0.292171556122449
bb74a9d58,True,0.054322916666666665,0.08701371173469388
91acbbf47,True,0.22634960416915303,0.3036511479591837
df26f1098,True,0.19317901234567902,0.4264987244897959
b88fdc7ba,True,0.47310185185185183,0.6444515306122449
5017052e7,True,0.5972093986742424,0.7583107461734694
d43834f69,True,0.4323148148148148,0.5593311543367347
01d646ea8,True,0.6457513436681028,0.7885243941326531
803c3b444,True,0.17185956790123458,0.3918407206632653
617ee6976,True,0.4679583333333333,0.6775550063775511
fd3804c20,True,0.41240208877284595,0.5336017219387755
5181f9924,True,0.400810546875,0.5602279974489796
bd2084cc9,True,0.27369212962962963,0.4194834183673469
6c55e596d,True,0.20676666666666665,0.28310347576530615
4363acad4,True,0.3176578073089701,0.48130580357142855
da8d56dff,True,0.023975694444444445,0.0418327487244898
903523a17,True,0.4238670411985019,0.7052774234693877
cd1947175,True,0.06013916015625,0.07854352678571429
0e56a693b,True,0.21875833333333333,0.3766940369897959
642b0dbac,True,0.1322222222222222,0.15172592474489796
55b9c70eb,True,0.3818229166666667,0.5272241709183674
7509ed502,True,0.219912109375,0.3774912308673469
f2be40d43,True,0.23565393518518518,0.3804408482142857
add3c45c6,True,0.3364799854769901,0.3664700255102041
cbf6b6e42,True,0.08119166666666666,0.13630022321428573
2eaab0cb1,True,0.12505219206680585,0.2608617665816326
fffd9b5a8,True,0.22755833333333333,0.39584661989795916
92d830572,True,0.09765833333333333,0.1704998405612245
5a089c77f,True,0.34715277777777775,0.4703842474489796
4b9f45715,True,0.2625375939849624,0.47450972576530615
f8e3f9ddf,True,0.36195949644225506,0.5419124681122449
21fc38738,True,0.2521238425925926,0.38869180484693877
1c3793826,True,0.3013166666666667,0.3961854272959184
e31e27ce7,True,0.1573,0.2544642857142857
cc0a49f6f,True,0.013645484949832776,0.02361686862244898
7559336dc,True,0.12576171875,0.21115672831632654
32168f6f5,True,0.3845037453183521,0.4907724808673469
bcfea60f5,True,0.21274884259259258,0.36465640943877553
e5317b212,True,0.3088310185185185,0.49204799107142855
b49c33f08,True,0.43445427728613567,0.6563895089285714
ad4a30fcb,True,0.23780092592592592,0.37264827806122447
931fd5858,True,0.1579340277777778,0.2721420599489796
9afc068ae,True,0.4157253086419753,0.7440409757653061
bba70dd12,True,0.2826827242524917,0.3794044961734694
230009c15,True,0.2532333333333333,0.40854193239795916
c4fcf4990,True,0.47822413793103447,0.6699418048469388
17d9c9586,True,0.5765666666666667,0.7155412946428571
c2cad7ef6,True,0.24035,0.40451610331632654
68ac3848d,True,0.2148515625,0.3133569834183674
6dc40f9b5,True,0.4582175925925926,0.5707310267857143
3d3006ccc,True,0.12655075187969925,0.2481265943877551
7314ad440,True,0.09441947565543071,0.18492904974489796
c1ecd33ac,True,0.5370833333333334,0.8504862882653061
2d06250ab,True,0.20965087890625,0.27395567602040816
8ab1bbd3f,True,0.28216820987654323,0.5082310267857143
59a23bac0,True,0.10584876543209877,0.23036910076530612
ac1eab621,True,0.07918402777777778,0.1379344706632653
90e582b0c,True,0.17848333333333333,0.3104272959183674
b30bcaab6,True,0.3079638671875,0.38267299107142855
f4c32b8a5,True,0.35163333333333335,0.49368223852040816
edcc13ccb,True,0.21001666666666666,0.3504663584183674
610c05772,True,0.2022265625,0.4231106505102041
ece3629b4,True,0.8471916666666667,0.9985849808673469
bb714a80a,True,0.5165451388888889,0.6856066645408163
73a25206b,True,0.24725,0.3927375637755102
26ceb4ba8,True,0.17397039473684212,0.300601881377551
ba20d5a08,True,0.356494140625,0.45723054846938777
f3082fa97,True,0.34395,0.42851163903061223
a6deb30e1,True,0.07485833333333333,0.13044084821428573
93eb14f37,True,0.4475571315996848,0.6188416772959183
681a6f552,True,0.31053125,0.3971420599489796
27058d03f,True,0.24022222222222223,0.5196109693877551
c71d537da,True,0.2822511574074074,0.46091757015306123
437b01de4,True,0.23326388888888888,0.3711535395408163
3b9f04df5,True,0.5395485143918292,0.6830955038265306
bb16182f7,True,0.18145061728395062,0.31758211096938777
7e704dadb,True,0.11255,0.1953722895408163
505034c5a,True,0.15335069444444444,0.24970105229591838
88edfa259,True,0.07010833333333333,0.12240911989795919
54e0ac09d,True,0.4053846153846154,0.4320790816326531
69275e62d,True,0.38053333333333333,0.5837452168367347
4359d65e7,True,0.16778333333333334,0.292171556122449
6a00de73d,True,0.3375162760416667,0.41721141581632654
aa0901313,True,0.28402006172839506,0.5994499362244898
541400630,True,0.20738529962546817,0.29721380739795916
dd7732e86,True,0.7848166666666667,0.9558553890306123
b2b9c5176,True,0.5770599250936329,0.5216836734693877
704737525,True,0.22480153637835973,0.3381297831632653
708189e17,True,0.5085299625468165,0.6833944515306123
139f58538,True,0.20605324074074075,0.3530373086734694
5e2e48bb2,True,0.30164715719063545,0.38735650510204084
b9005c792,True,0.2560579427083333,0.3502869897959184
716167b76,True,0.5197039473684211,0.6709582270408163
f447d931c,True,0.3077416666666667,0.4428013392857143
2177b28d2,True,0.35385833333333333,0.5388432716836735
d320b7121,True,0.07879050925925926,0.13751594387755103
93e53882d,True,0.40041666666666664,0.6199976084183674
2ef182fc5,True,0.3401888888888889,0.5213647959183674
5918330ac,True,0.2196371140651801,0.31507095025510207
b1c7e0838,True,0.18675833333333333,0.2062141262755102
f2697fe84,True,0.4643333333333333,0.5778260522959183
645914c88,True,0.338025,0.539680325255102
1b9b55f0b,True,0.572975,0.8053252551020408
a41b62aa8,True,0.3260222222222222,0.49842554209183676
5c9d75ab9,True,0.21698443291326908,0.3289421237244898
17ba1d7ce,True,0.22927662037037036,0.33994339923469385
e95d902dc,True,0.25238805970149253,0.38341039540816324
f071f1cb7,True,0.25517746913580247,0.39688297193877553
9a7885841,True,0.5106770833333333,0.6893335459183674
eb3101bcd,True,0.18919622747747747,0.3578404017857143
4badb22cb,True,0.3586454849498328,0.5904815051020408
5b3c81931,True,0.4923148148148148,0.7188496492346939
b3a19b9dd,True,0.34434375,0.39309630102040816
d870d5767,True,0.365361328125,0.424984056122449
fb570c67a,True,0.2537184115523466,0.3339245854591837
c9c5b665b,True,0.3198842592592593,0.5602678571428571
7bfe95866,True,0.540075,0.7117147640306123
07cfb3380,True,0.33238525390625,0.41786910076530615
2cf6ead97,True,0.3680113636363636,0.48451450892857145
f5f1ea56c,True,0.3141,0.5261479591836735
1aaa74b35,True,0.34325409836065573,0.44144610969387754
06c5ddbd6,True,0.19252314814814814,0.3045280612244898
f97d14e01,True,0.440984375,0.6407844387755102
ddeeba131,True,0.33691666666666664,0.5557637117346939
ca121ab91,True,0.36470703125,0.44860092474489793
d755e40d7,True,0.3050555555555556,0.6393295599489796
48cd2ebaa,True,0.5217247322510481,0.6568877551020408
d202e4c9c,True,0.2784644194756554,0.5251913265306123
c6a2b6ae1,True,0.12065586419753087,0.25063775510204084
84998166f,True,0.2038172697749942,0.39002710459183676
79a352e54,True,0.24935956790123456,0.40084901147959184
fb1a745e6,True,0.5150810185185185,0.5913384885204082
1d5870131,True,0.38791015625,0.47861527423469385
879c40dfa,True,0.029475,0.05151865433673469
0d873789a,True,0.675925,0.7945033482142857
619d6fdf8,True,0.34675833333333334,0.5573979591836735
fe879c04e,True,0.17997037037037036,0.3114636479591837
c90570913,True,0.2271,0.3419563137755102
b690774cb,True,0.1325462962962963,0.21384725765306123
78599649f,True,0.25030833333333335,0.4093391262755102
059cfed40,True,0.3159489851000592,0.44862085459183676
65829d12f,True,0.24298333333333333,0.4045559630102041
c1577c976,True,0.5393931671681679,0.7607023278061225
1c8a8385e,True,0.16379050925925925,0.27768255739795916
3d9ee26e3,True,0.4038627152988855,0.5661272321428571
c7a324d3d,True,0.08453333333333334,0.14732142857142858
678d21531,True,0.20527777777777778,0.33145328443877553
107d56dc4,True,0.26131666666666664,0.45224808673469385
646fe5d09,True,0.17605,0.30642139668367346
e2e5b8ae2,True,0.36341666666666667,0.6080795599489796
5b26ccfdf,True,0.14935555555555555,0.32266422193877553
d16f1d371,True,0.20222222222222222,0.42637914540816324
7b22d0224,True,0.13008333333333333,0.22688137755102042
cea713af9,True,0.14028333333333334,0.24376195790816327
24af5742e,True,0.36770833333333336,0.4411670918367347
ae84e47c8,True,0.20306525353283458,0.31636639030612246
64dbb2214,True,0.15830439814814815,0.25552056760204084
549c35706,True,0.12587777777777778,0.2850366709183674
832110a99,True,0.3036220472440945,0.6691446109693877
ccf8c71f6,True,0.5761583333333333,0.7614795918367347
eff316e87,True,0.04439236111111111,0.07734773596938775
ee34f3079,True,0.02409722222222222,0.05620216836734694
021b0b7bd,True,0.3438260957792208,0.4538026147959184
49b868ae2,True,0.3268696581196581,0.5386838329081632
529c2e04b,True,0.3255549065420561,0.42362882653061223
1d911bffb,True,0.12302803983228512,0.20974170918367346
b968b85c1,True,0.40154296875,0.4921277104591837
6cbbe5cd9,True,0.3063310185185185,0.36328125
d29627289,True,0.5384458077709612,0.7900191326530612
c2b92d7a0,True,0.21795524691358026,0.46992586096938777
48cb3c66a,True,0.5234510633680556,0.6345264668367347
1cfc647dc,True,0.16067777777777778,0.351741868622449
61338b2e9,True,0.13558988764044944,0.2649673150510204
429017e9a,True,0.5764236111111111,0.6588010204081632
bc4f18ced,True,0.08665991108786611,0.1512874681122449
a1a9e48a6,True,0.16388992537313432,0.27578922193877553
7133c0c97,True,0.15921875,0.277164381377551
86629a3ee,True,0.42239166666666667,0.6364995216836735
b9f90bdfe,True,0.7916333333333333,0.905891262755102
7595f467b,True,0.303525,0.46053890306122447
192303603,True,0.2444753086419753,0.48740433673469385
45f8df95e,True,0.3355733082706767,0.4792330994897959
ed9885dcd,True,0.32871666666666666,0.44545200892857145
c5b5d2650,True,0.2567476851851852,0.40995695153061223
12653b9bc,True,0.11807407407407407,0.20545679209183673
bcf657071,True,0.21122916666666666,0.37314652423469385
314e041cc,True,0.28846666666666665,0.4270169005102041
0fae8116c,True,0.4770375,0.5700534119897959
ea4c18b67,True,0.34333912037037034,0.5497249681122449
ba04f3e21,True,0.11948160535117057,0.20838647959183673
a0fd5da22,True,0.4197777777777778,0.5130341198979592
3821d75e9,True,0.12988425925925925,0.22022480867346939
20f05426f,True,0.2710416666666667,0.5353954081632653
bac34e381,True,0.08973524305555555,0.1429169323979592
c4ff3b712,True,0.4927425665101721,0.6909478635204082
063521459,True,0.6665696347031963,0.8039301658163265
0e1a54250,True,0.12372659176029963,0.21607940051020408
ce768b010,True,0.27995347564313083,0.5776865433673469
619dcb4e6,True,0.20834635416666666,0.4187858737244898
e4dd90768,True,0.1905510752688172,0.3297592474489796
10e1cbfdd,True,0.2453677398989899,0.48473373724489793
49d1423d5,True,6.184895833333334e-05,0.0
01e6a888d,True,0.403125,0.6073620854591837
b414c5dd9,True,0.44526943208980063,0.5269252232142857
79f358573,True,0.06529166666666666,0.11354033801020408
9c714104f,True,0.4141782407407407,0.5643136160714286
ba030cdba,True,0.17996563573883162,0.2463329081632653
c457ca802,True,0.23540895061728395,0.39744100765306123
8a9bdc274,True,0.3749884259259259,0.5081313775510204
f8710e158,True,0.35363333333333336,0.5619419642857143
eddc2e2ae,True,0.22653211805555556,0.4483617665816326
d5cbed556,True,0.15708740234375,0.20503826530612246
0e8887c13,True,0.29671296296296296,0.4737523915816326
5c1fa6bd2,True,0.15372106481481482,0.2670798788265306
b2676e6b1,True,0.22233400402414488,0.31947544642857145
8f90bba4c,True,0.3166769440132684,0.4772201849489796
0cf709a59,True,0.23891666666666667,0.3910634566326531
573f877f8,True,0.28455,0.3735451211734694
02f89bdcb,True,0.18813333333333335,0.3227040816326531
0c281122e,True,0.3314453125,0.5493662308673469
511b4a044,True,0.2557333333333333,0.4092394770408163
9b7179c65,True,0.31327777777777777,0.5908003826530612
61e477c0a,True,0.4461777777777778,0.8005819515306123
6d67ee4d1,True,0.5066979166666666,0.6410036670918368
c659e8a32,True,0.7072833333333334,0.8173230229591837
2401dd6df,True,0.24083333333333334,0.41806839923469385
becd6c70d,True,0.12814814814814815,0.29709422831632654
4b2aa880a,True,0.22506666666666666,0.32579320790816324
f51667d46,True,0.357077721661055,0.5645926339285714
68838474a,True,0.16918486692922782,0.326171875
3745aa22f,True,0.19329166666666667,0.33651546556122447
548df7912,True,0.19686666666666666,0.27353714923469385
f246dec63,True,0.2328,0.39076450892857145
6a546bfb7,True,0.31570216049382716,0.45786830357142855
99859bab7,True,0.20161666666666667,0.3364158163265306
5d02f91fc,True,0.5340970490440565,0.7026666135204082
c87651546,True,0.07770935960591133,0.18010602678571427
75bc667ae,True,0.4940083333333333,0.6806441326530612
b1021dc35,True,0.7083826013513513,0.7313257334183674
c042fa2d5,True,0.3771833333333333,0.5987922512755102
f45b98b4f,True,0.10326497395833334,0.17998644770408162
4c04c9cba,True,0.22069878472222224,0.5099848533163265
e3f28534a,True,0.11847981770833334,0.20615433673469388
f0ba86cc6,True,0.3865553745928339,0.6204161352040817
c7c443855,True,0.5877663721413722,0.8037109375
257a99aa2,True,0.1493287037037037,0.2532485650510204
94afcd90c,True,0.5407953354297694,0.7891621492346939
26edfaa28,True,0.17884114583333333,0.29348692602040816
c1da8c2de,True,0.25822386425834704,0.5086894132653061
3a4ce4c6e,True,0.17650501672240804,0.30725845025510207
62d822791,True,0.14131666666666667,0.24509725765306123
a9294a9ea,True,0.1824363425925926,0.2827845982142857
a97a679b0,True,0.3676158940397351,0.5207868303571429
fb9833d4b,False,0.0,
c29a364bc,True,0.31809326171875,0.4114317602040816
6cc070892,True,0.4425400291120815,0.5341398278061225
6e61a7b46,True,0.2860243055555556,0.4267578125
fc0952bea,True,0.08709399606299213,0.13801419005102042
dbfc5a778,True,0.531144247038917,0.6976044323979592
06666dc09,True,0.46964699074074073,0.5699936224489796
31353ed83,True,0.2357175925925926,0.39756058673469385
d605fa35d,True,0.199247491638796,0.26853475765306123
e5155cda1,True,0.19666666666666666,0.4444156568877551
cde0d8e8e,True,0.27422855648535566,0.4633091517857143
6b7f2c603,False,0.0,
095314294,True,0.18634166666666666,0.3217873086734694
49a867af7,True,0.09230902777777777,0.1605548469387755
1712ba40e,True,0.3614583333333333,0.5190529336734694
610ece7bd,True,0.3304,0.5183952487244898
9da5c9d23,True,0.34980625,0.44355867346938777
30aa1059a,True,0.39302408854166665,0.617805325255102
ef7bdaf3a,True,0.327135761589404,0.48447464923469385
f1775b51b,True,0.45901047309498016,0.6652184311224489
2a2b95086,True,0.3489771359807461,0.4571109693877551
67db5accd,True,0.245546875,0.37216996173469385
c001473a1,True,0.279730224609375,0.4389548788265306
4910ac042,True,0.4280936454849498,0.6299226721938775
92b6acf73,True,0.3047071702244116,0.6109295280612245
7e3607e1f,True,0.2832625,0.362484056122449
5893f7a9e,True,0.1581691406299432,0.29765226403061223
3dc98128b,True,0.25100524475524477,0.3237205038265306
8a302ccba,True,0.07105143229166666,0.1241031568877551
a0f76e19b,True,0.20981770833333332,0.3307358099489796
edb154f1c,False,0.0,
0dff88b6f,True,0.6035315985130112,0.8010801977040817
6f18704f7,True,0.31298032407407406,0.5054009885204082
093cce3a1,True,0.09447337962962964,0.16011639030612246
aa91c3400,True,0.3570138888888889,0.688117825255102
e86af84c5,True,0.25857747395833336,0.34024234693877553
77a6f71e8,True,0.19890468227424749,0.3171237244897959
2885ade43,True,0.23119791666666667,0.3998923788265306
5d3289417,True,0.44207175925925923,0.5984733737244898
75b726ba0,True,0.22986653645833333,0.37888632015306123
39ba962ef,True,0.09868913857677902,0.16856664540816327
31eb7b312,True,0.500007318501171,0.7142857142857143
171113c99,True,0.24293402777777778,0.39797911352040816
acfbc9b71,True,0.12883680555555554,0.22383211096938777
fa3df8921,True,0.328125,0.4450135522959184
c491ec026,True,0.34310833333333335,0.5778659119897959
f5819a31d,True,0.14826666666666666,0.21131616709183673
2abfa66d6,True,0.349975,0.4718391262755102
c99e3a906,True,0.7654494382022472,0.9414461096938775
44d722701,True,0.3071875,0.4350685586734694
3ae326dba,True,0.31188078703703703,0.42149633290816324
8f1ccbc6f,True,0.3478639981273408,0.5317283163265306
03aae5768,True,0.39552311912225707,0.47731983418367346
ceec02726,True,0.22056640625,0.38356983418367346
b2876d101,True,0.37045800696257614,0.531608737244898
44f048354,True,0.3964666666666667,0.5624202806122449
dce0ccf91,True,0.3457647521818645,0.5076132015306123
ab2c124e7,True,0.225380859375,0.37806919642857145
8de170932,True,0.26925925925925925,0.39315609056122447
44965fd2c,True,0.22156666666666666,0.4253627232142857
dd074b8ba,True,0.4424063670411985,0.5774473852040817
5e10e3f87,True,0.1738888888888889,0.2919124681122449
3cbe65e9a,True,0.24291666666666667,0.30398995535714285
e6ff63097,True,0.534371912055336,0.7390385841836735
060d1de98,True,0.25110479797979796,0.5329041772959183
33a9dff78,True,0.4115266393442623,0.6643215880102041
da9d78f91,True,0.29081875,0.3746811224489796
ce0412bad,True,0.23945833333333333,0.40784438775510207
a7560614d,True,0.5976,0.8156887755102041
2ddad75c0,True,0.3310753853564547,0.4575693558673469
7d25ac957,True,0.170075,0.29641661352040816
7413a61ae,True,0.17066080729166666,0.2944834183673469
e7da5a824,True,0.518580375782881,0.7560188137755102
8421c66e6,True,0.16173192192990227,0.31497130102040816
074d26284,True,0.3123148148148148,0.468570631377551
23b64fe21,True,0.3235143442622951,0.5918168048469388
0aa2ce4a9,True,0.33394675925925926,0.5356345663265306
9725fc542,True,0.22574548855633803,0.3159677933673469
656246ceb,True,0.34142322097378275,0.4839564732142857
7f352f8dc,True,0.15125555555555556,0.25864955357142855
dcd8e75d3,True,0.060675,0.10558832908163265
a2656874e,True,0.096396484375,0.16766980229591838
fef340804,True,0.21171296296296296,0.41208944515306123
afa1e2afb,True,0.6775523145212429,0.8131377551020408
d574448ee,True,0.42916666666666664,0.5158840880102041
0306e85dd,True,0.25264166666666665,0.4327766262755102
3ff737b0e,True,0.30843315972222224,0.5857979910714286
fc2925be3,True,0.173325,0.2868104272959184
ecf521843,True,0.37048755186721993,0.6934191645408163
736b228b9,True,0.26167643229166665,0.41952327806122447
375a0eb3c,True,0.44650375939849624,0.702507174744898
ca659fd81,True,0.6904329427083333,0.8723891900510204
ac8fa1b6c,True,0.5868868382710053,0.7224768813775511
82f95b703,True,0.2551273148148148,0.4340919961734694
780dff088,True,0.4338576779026217,0.5457589285714286
352ba3335,True,0.20065,0.3485730229591837
e3e66cb5a,True,0.501489898989899,0.6573660714285714
40156a896,True,0.30516875,0.39516900510204084
76a045292,True,0.09985952767149653,0.22251674107142858
0c5d5968b,True,0.3490333333333333,0.5566206951530612
8d970238d,True,0.20026712529274004,0.38345025510204084
41e4cc1de,True,0.4553083333333333,0.6630062181122449
7811bdd84,True,0.309,0.4797512755102041
cdf5760e8,False,0.0,
57dcbe4c9,True,0.29018666666666665,0.3980189732142857
7c82670f8,True,0.19434166666666666,0.3118423150510204
9702a20bb,True,0.028108723958333335,0.04918686224489796
8b5a5458e,True,0.13989969135802469,0.31459263392857145
152880177,True,0.2906886574074074,0.28123007015306123
fabc9bfec,True,0.06552662037037037,0.11413823341836735
379d5e10d,True,0.33253333333333335,0.40230389030612246
ed08c717d,True,0.191425,0.33041693239795916
4df0d1886,True,0.28675585284280936,0.4550183354591837
9a719040f,True,0.34735,0.5282206632653061
881aefbb9,True,0.6951029962546816,0.8647161989795918
126cfd595,True,0.27774166666666666,0.4538624043367347
c6e25d716,True,0.16439043209876544,0.30129942602040816
991c722c1,True,0.2713888888888889,0.32627152423469385
ddc2e31c0,True,0.11877515310586177,0.27236128826530615
d9c6517ae,True,0.25909552845528455,0.4457908163265306
3b2a0338e,True,0.634257493188011,0.8253348214285714
84efe95e8,True,0.49375,0.8127790178571429
8d047d078,True,0.37716666666666665,0.5293566645408163
2f0abd493,True,0.64458125,0.7198860012755102
3eaa698d3,True,0.23459309895833333,0.40439652423469385
9cf90beff,True,0.357375,0.5288982780612245
4eae8cc31,True,0.388631498470948,0.6198182397959183
9c777bb01,True,0.7481565656565656,0.8523198341836735
66a287bdf,True,0.39429166666666665,0.4907126913265306
5510ac89a,True,0.34608796296296296,0.4334343112244898
fc0b0843c,True,0.49288451012588946,0.6318757971938775
e1d86f0b6,True,0.15721618357487924,0.2780014349489796
41ee5af3c,True,0.08159166666666667,0.14156170280612246
062f73a4b,True,0.38732487922705316,0.4927256058673469
0ea0beb3c,True,0.24899166666666667,0.37747130102040816
106f7b51d,True,0.333857421875,0.4020248724489796
87a3ef269,True,0.1672164351851852,0.291015625
bd4404a60,True,0.4104954954954955,0.7537866709183674
c7cfbc8e9,True,0.23200625,0.297672193877551
31653bea0,True,0.2584,0.4358458227040816
14cbb81c8,True,0.17142708333333334,0.28372130102040816
843d24f0a,True,0.17223726580796253,0.32639110331632654
53b996932,True,0.19681132075471697,0.3872568558673469
979d48d7b,True,0.408371854134566,0.5718470982142857
40c204453,True,0.4099,0.5103037308673469
1eb7eb47a,True,0.5698275862068966,0.6906289859693877
4c5db9ed6,True,0.3171798155737705,0.4155173788265306
822b31b85,True,0.19328703703703703,0.3955078125
84b297843,True,0.08193033854166666,0.1390704719387755
26e7f93e8,True,0.23149436090225564,0.35249920280612246
a366ce2a5,True,0.18418619791666666,0.2995655293367347
92d0ff357,True,0.5432291666666667,0.7528698979591837
dff412d60,True,0.19769417475728154,0.3330078125
323803a9b,True,0.5710912052117264,0.8437898596938775
404eb3b06,True,0.25169117647058825,0.38636001275510207
d1052eb2d,True,0.21343645484949833,0.33139349489795916
bbab88df0,True,0.38197265625,0.5570392219387755
b39f3f7ad,True,0.0871386430678466,0.15019132653061223
694653d6a,True,0.06279166666666666,0.10451211734693877
cc22a5abf,True,0.16146412037037036,0.2603037308673469
8c10b6035,True,0.22815538194444446,0.5148278061224489
db8a8df8a,True,0.14038194444444443,0.2376434948979592
4dc593f4e,True,5e-05,0.0
420bdee9f,True,0.26153333333333334,0.32750717474489793
95636a0d9,True,0.2706077694235589,0.3483936543367347
a8ba4dfa1,True,0.6097924683392375,0.9044961734693877
f29dc8be2,True,0.07222222222222222,0.14473054846938777
470fba174,True,0.3696571906354515,0.5323262117346939
56f62a309,True,0.622588141025641,0.7209422831632653
9ca5f1891,True,0.2115817901234568,0.3077367665816326
adc5ada07,True,0.0010666666666666667,0.0017338966836734694
769579681,True,0.1369849537037037,0.23848054846938777
77c076881,True,0.61087158203125,0.7480269451530612
7da9d50b1,True,0.20496055825242718,0.3115832270408163
00af25fc0,True,0.2030324074074074,0.32399952168367346
804c6c78d,True,0.4156649831649832,0.5588329081632653
a8b358af2,True,0.3599835303235807,0.4707828443877551
8e68a9075,True,0.40685185185185185,0.7293925382653061
79a6cc443,True,0.14714166666666667,0.24980070153061223
99a9c9a23,True,0.43991228070175437,0.5711296237244898
c7bb75711,True,0.5451099537037037,0.7618383290816326
51d637766,True,0.2152,0.28665098852040816
efd269df8,True,0.35083227130023936,0.5039859693877551
73b5c37dd,True,0.3273784722222222,0.5043247767857143
8f214e361,True,0.29162760416666667,0.46372767857142855
244144067,True,0.22078776041666667,0.3823341836734694
0493336f7,True,0.3751929012345679,0.7770647321428571
d1fa13f8d,True,0.20508680555555556,0.29063695790816324
486f89692,True,0.759438202247191,0.9062699298469388
c18106b39,True,0.25560185185185186,0.3844666772959184
afc71f432,True,0.13961805555555556,0.2431640625
59e7b5f52,True,0.36878518518518516,0.6139787946428571
5182392d9,True,0.282,0.4766820790816326
6fe7448a5,True,0.5348429951690822,0.7111168686224489
762a1ef1a,True,0.3460570987654321,0.6256576849489796
e3fa5b2be,True,0.42900478603603603,0.3787866709183674
6dd12152a,True,0.17795,0.3026745854591837
8940dfe55,True,0.18872685185185184,0.27305883290816324
82905a82e,True,0.291025,0.4549186862244898
1716cd645,True,0.2584201388888889,0.41093351403061223
58d54417f,True,0.1585925925925926,0.2764469068877551
387701d9d,True,0.3597478991596639,0.6294244260204082
97094f7ec,True,0.15911458333333334,0.2764867665816326
1a6729b6f,True,0.2773933823529412,0.40174585459183676
4fd97d6fe,True,0.3283622685185185,0.4839564732142857
015fdb354,True,0.1889983579638752,0.3119618941326531
07b2a1416,True,0.2342,0.30650111607142855
51398fac1,True,0.4865480132450331,0.6713966836734694
fe250bce9,True,0.242775,0.35542889030612246
e62c62127,True,0.4475229095074456,0.6032166772959183
d8727d356,True,0.28286392405063293,0.4185068558673469
d99c980a9,True,0.3015335648148148,0.47377232142857145
8aec4488c,True,0.26015,0.4351283482142857
c6d378000,True,0.17734375,0.3953882334183674
345b95213,True,0.23353587962962963,0.33418367346938777
814740bc3,True,0.13479938271604938,0.2758290816326531
6bbcc7ea5,True,0.20919358614232209,0.2840202487244898
a399a151d,True,0.38483796296296297,0.6568279655612245
23367e78c,True,0.4883279220779221,0.6845503826530612
1b8ef81e3,True,0.3389737654320988,0.46902901785714285
7a1d75edd,True,0.12500833333333333,0.2174346301020408
0659c05d5,True,0.26619166666666666,0.45358338647959184
4c674cc1f,True,0.28763440860215056,0.38087930484693877
5353b2283,True,0.3967356687898089,0.5154257015306123
da5d1c5ba,True,0.39395833333333335,0.5714485012755102
7a2ea6461,True,0.2107408940397351,0.3411192602040816
2023404f9,True,0.4113090800656031,0.5550860969387755
e29fd3f0a,True,0.41473333333333334,0.5377471301020408
ff361d3b6,True,0.13158333333333333,0.22602439413265307
d09a7dda3,True,0.037796346677030704,0.027283960459183673
14a1d0eb4,True,0.26665555555555553,0.5498644770408163
1027c621c,True,0.16915833333333333,0.23720503826530612
513062327,True,0.3354,0.4910514987244898
91306f563,True,0.18004444444444445,0.4022241709183674
b3f83cef6,True,0.1424888888888889,0.24836575255102042
db5d27601,True,0.2479224537037037,0.40682796556122447
11c88e3be,True,0.37593333333333334,0.5607461734693877
bdcd82280,True,0.313,0.4848134566326531
45904d2be,True,0.1437,0.24483816964285715
f247a5242,True,0.31440833333333335,0.4788145727040816
a86f09670,True,0.25236220472440946,0.40718670280612246
c82b8b2c4,True,0.0876466049382716,0.2024872448979592
7803e9e5d,True,0.17735677083333334,0.22335379464285715
63afbf2f2,True,0.2149074074074074,0.35220025510204084
89c980093,True,0.2777777777777778,0.5003786670918368
699365a99,True,0.401175,0.5995296556122449
48d1bb550,True,0.2806867283950617,0.6065848214285714
3c9dc7370,True,0.13301860974274768,0.3071787308673469
701c7e67e,True,0.512216796875,0.6028778698979592
303696f08,True,0.5530351592851593,0.7155811543367347
2ef8bed36,True,0.3210807291666667,0.5159239477040817
daed4ac40,True,0.46054398148148146,0.6466438137755102
d6b7b63de,True,0.25878580729166667,0.28292410714285715
5c9de0c0a,True,0.3003667840375587,0.3907047193877551
964b2fec4,True,0.18409698996655519,0.3028539540816326
8fd0bd843,True,0.42119212962962965,0.5642338966836735
9e3239219,True,0.2751851851851852,0.467594068877551
d3ebee32b,True,0.3854792691070236,0.6139787946428571
33dda6165,True,0.20630188679245284,0.4050143494897959
d3bafdff5,True,0.06908333333333333,0.12023676658163265
c11ca8051,True,0.22641203703703705,0.32455755739795916
b412a3f6a,True,0.27724166666666666,0.46713568239795916
c790696c7,True,0.22111111111111112,0.38203523596938777
34edfc9d5,True,0.3577590811965812,0.5191924426020408
98da79d01,True,0.5330902777777777,0.6191804846938775
4a78a1859,True,0.33838628762541806,0.43514827806122447
2fdd78c55,True,0.6237976190476191,0.7673389668367347
1f3e595eb,True,0.27857060185185184,0.4324577487244898
92fa4a896,True,0.42197265625,0.5445232780612245
4b8b0a817,True,0.2792,0.35411352040816324
bb32a589b,True,0.4182166666666667,0.6918447066326531
036e015d2,True,0.45239029790660223,0.6273716517857143
9b5df2f3d,True,0.4575925925925926,0.5845424107142857
73d65de2d,True,0.48637731481481483,0.6672911352040817
2b666036a,True,0.5119124029586161,0.6966876594387755
db745332f,True,0.20520061728395061,0.4462093431122449
1e4b7018a,True,0.2726736111111111,0.5390425701530612
246c3850a,True,0.2843045112781955,0.3745615433673469
eada14618,True,0.5189631463146315,0.6410833864795918
49310cec4,True,0.3781237701692247,0.5173190369897959
2dd6e4186,True,0.5463583333333333,0.6282485650510204
de591574b,True,0.2784490740740741,0.39602598852040816
10c24c385,True,0.13798494983277593,0.2403938137755102
bfdd20655,True,0.24487791932059447,0.4670559630102041
31a77d7ba,True,0.10814166666666666,0.18781887755102042
df9a4b31f,True,0.20205439814814816,0.33984375
a7baf1366,True,0.315,0.4709622130102041
d8e376a50,True,0.2738425925925926,0.3913624043367347
181d40c5e,True,0.6019427244582043,0.7861128826530612
33f056cc7,True,0.2924242424242424,0.6329520089285714
886debfe8,True,0.26000578703703703,0.33083545918367346
6029e0ed0,True,0.2776334635416667,0.28455835459183676
4dfd61242,True,0.41820833333333335,0.6759805484693877
2599e55c5,True,0.151630859375,0.263492506377551
ca40312db,True,0.407475,0.6509486607142857
f8d16f3ef,True,0.19535833333333333,0.28952088647959184
963520a2c,True,0.26353333333333334,0.4946787308673469
2c5b817a7,True,0.3091947565543071,0.337093431122449
26d17afbd,True,0.11873795761078998,0.21496332908163265
86ff8539d,True,0.2556930693069307,0.39857700892857145
45c871da9,True,0.30193287037037037,0.515266262755102
0ed23a049,True,0.12351666666666666,0.21303013392857142
02126e289,True,0.11046875,0.19242267219387754
012a1a396,True,0.215325,0.30813536352040816
af7125abe,True,0.4152511961722488,0.5870336415816326
a09a76aba,True,0.2697173785266458,0.3451650191326531
aee1ad5e4,True,0.23918333333333333,0.2889827806122449
a6c836abe,True,0.32727891156462585,0.47134088010204084
be467e42b,True,0.489525,0.6131218112244898
4a2544358,True,0.17109471094710946,0.3727479272959184
a5f576bb1,True,0.6335390946502057,0.8080755739795918
1aa39ed52,True,0.43107023411371237,0.6123246173469388
74a9b9a9e,True,0.18276666666666666,0.2364875637755102
ddbb99929,False,0.0,
c1548b685,True,0.22294921875,0.38512436224489793
092b32197,True,0.4326910299003322,0.6780333227040817
167a6dcf3,True,0.33331103678929763,0.4442761479591837
1e1727250,True,0.17061197916666668,0.2871691645408163
51196cf13,True,0.17341023875114783,0.2974131058673469
bfc46890f,True,0.3441516064257028,0.5090082908163265
6cd340cfd,True,0.2642,0.3931162308673469
c16df543f,True,0.18478333333333333,0.3195750956632653
a4cec9f83,True,0.20492537313432835,0.36282286352040816
a823f714b,True,0.36637410996835446,0.44298070790816324
28060651e,True,0.6721673096599176,0.8474569515306123
570fdcc4d,True,0.08503255208333334,0.08647560586734694
b4f69489c,True,0.3895111111111111,0.6434749681122449
8837fcacc,True,0.6002890173410405,0.6990991709183674
bbd704c14,True,0.3638229571984436,0.5404775191326531
521320b95,True,0.3979320987654321,0.5620416135204082
87ef4d3ca,True,0.5589916666666667,0.6142976721938775
10f4c8d8c,True,0.703935546875,0.8507453762755102
94aec9453,True,0.5715914351851852,0.7737364477040817
6975353f1,True,0.3173553240740741,0.5023915816326531
fcc2ea490,True,0.1471659159159159,0.2424266581632653
5925cf3fa,True,0.2544375,0.41782924107142855
8d3b5e6e9,True,0.22874166666666668,0.34560347576530615
3b0238af8,True,0.2641898148148148,0.41639429209183676
e9e9c9efe,True,0.12944444444444445,0.22233737244897958
919ebd16f,True,0.11251666666666667,0.19593032525510204
a031e3771,True,0.20921875,0.4165736607142857
2bf4445c7,True,0.18637152777777777,0.3224250637755102
6f1e6e8ed,True,0.2679625984251969,0.39475047831632654
35c9855f5,True,0.16707717569786534,0.3772122130102041
1e34e1ebe,True,0.2156712962962963,0.35469148596938777
a630f3a73,True,0.5831416666666667,0.7009725765306123
cfd0757cf,True,0.22114444444444445,0.4690489477040816
a54202bba,True,0.5540837696335078,0.6498923788265306
e9fa49f8a,True,0.6715451388888889,0.8849051339285714
967ee6c2e,True,0.5194722222222222,0.7366071428571429
b532e9588,True,0.2864513108614232,0.5568000637755102
29eda0717,True,0.25519166666666665,0.3892099808673469
f75724b44,True,0.3996629213483146,0.562858737244898
2b3387bd7,True,0.3603854166666667,0.5164620535714286
1f9a15807,True,0.22763095238095238,0.3822743941326531
584ba2890,True,0.17101851851851851,0.2943837691326531
d83749129,True,0.17914166666666667,0.3114437181122449
f293ae915,True,0.3643416666666667,0.4516103316326531
8ae60c34e,True,0.146552734375,0.2551219706632653
4f75e3aa2,True,0.5431944444444444,0.8519411670918368
01d981c81,True,0.4519212962962963,0.5890066964285714
d6fd7962e,True,0.12274739583333333,0.28477758290816324
e554a9066,True,0.07876747270686664,0.13725685586734693
1ddc14ad6,True,0.513625,0.7885642538265306
01c6d3224,True,0.3409982638888889,0.5943478954081632
8cae4a15b,True,0.3972998046875,0.4779775191326531
e7d595174,True,0.23355,0.4016063456632653
9f07e684f,True,0.3221537558685446,0.5243144132653061
1736706f9,True,0.2744063545150502,0.4761439732142857
298ae7ea4,True,0.2915355729219527,0.3844467474489796
be5f7a129,True,0.4914614898989899,0.6375956632653061
f3778f601,True,0.23525462962962962,0.37496014030612246
d0e2d8d15,True,0.22252508361204013,0.3879544005102041
555e742f9,True,0.3995012626262626,0.6280891262755102
eb81b0503,True,0.5148990885416667,0.7318439094387755
ab4ab38d7,True,0.23135833333333333,0.3784080038265306
bef49a74b,True,0.3520819397993311,0.5265864158163265
d08d2829f,True,0.322236328125,0.36557318239795916
39366118c,True,0.2605588085539715,0.4370814732142857
c272d9284,True,0.4505092592592593,0.7555803571428571
5792107ef,True,0.3728826252723312,0.6133011798469388
719917454,True,0.17121633489461358,0.3299984056122449
dac37d01d,True,0.18176029962546816,0.3204320790816326
9e6d5d0df,True,0.10567129629629629,0.18381297831632654
df0a5e6c5,True,0.08624651810584959,0.15021125637755103
abea0e83e,True,0.2575462962962963,0.39536830357142855
d3975e1bd,True,0.08513997395833334,0.14825813137755103
4a66f74ff,True,0.13550925925925925,0.23584980867346939
9945962c3,True,0.238271484375,0.401546556122449
355048bb7,True,0.2002463054187192,0.353336256377551
7fb5c3b87,True,0.17291666666666666,0.30074139030612246
ce26d6864,True,0.4712704918032787,0.6343869579081632
7a875ef01,True,0.5573541114058356,0.6361208545918368
3d8a35224,True,0.06763888888888889,0.15545280612244897
f124ecf25,True,0.15656666666666666,0.2673389668367347
9120f2894,True,0.146425,0.25490274234693877
af3d7c201,True,0.7250345576619274,0.8319515306122449
9b2316d19,True,0.2489891258445946,0.34375
ce6afb606,True,0.4925750588697017,0.5596101721938775
44594e996,True,0.346875,0.46285076530612246
764837930,True,0.2526967592592593,0.3606106505102041
8a811328d,True,0.189734219269103,0.3169642857142857
fb2dc3fb7,True,0.223025,0.3559669961734694
062e2772c,True,0.2584,0.46962691326530615
eb350f2bc,True,0.19858072916666666,0.31772161989795916
929528b36,True,0.3150529550209205,0.49435985331632654
44da8c2a0,True,0.19706597222222222,0.22733976403061223
28ef05fe6,True,0.317391899288451,0.5582549426020408
785413d29,True,0.25458333333333333,0.4431202168367347
bdc7db9b6,True,0.13128472222222223,0.2275988520408163
bddc0b2c7,True,0.20583658854166667,0.35794005102040816
387a2639c,True,0.27214023468432796,0.42038026147959184
65266fe36,True,0.19787109375,0.3365951849489796
e4b90955c,True,0.2619444444444444,0.41001674107142855
150bf58e2,True,0.6357793209876543,0.7440409757653061
6464f2352,True,0.25169117647058825,0.38636001275510207
fab1170a2,True,0.2658,0.37266820790816324
172433b2f,True,0.27113425925925927,0.4923070790816326
4daad230c,True,0.21680121527777776,0.443359375
d2f04a19a,True,0.6981264467592593,0.6946747448979592
69a1b02f6,True,0.31869166666666665,0.3999123086734694
c62a2a817,True,0.2764916666666667,0.4698461415816326
b854220cb,True,0.3126898871527778,0.3768335459183674
e282d2bdf,True,0.229690635451505,0.39490991709183676
ec496eb44,True,0.6530809859154929,0.7803531568877551
9fb186834,True,0.16409166666666666,0.28577407525510207
7e6d7cbb3,True,0.387775,0.4807676977040816
29fd25bc8,True,0.1272111111111111,0.2500797193877551
351d29156,True,0.22543333333333335,0.39243861607142855
b9d28a286,True,0.13738606770833334,0.21593989158163265
c1c16ac86,True,0.36644444444444446,0.5595105229591837
cdd815db9,True,0.08982007575757575,0.15963807397959184
9b3e95995,True,0.234175,0.3896484375
1635eac9a,True,0.06589506172839506,0.15304129464285715
802a18435,True,0.36943684895833334,0.5626195790816326
047c20d1a,True,0.07508888888888889,0.13974808673469388
9761c645f,True,0.25059413580246914,0.4908920599489796
7a87da606,True,0.6264666666666666,0.8523596938775511
c1aa4142d,True,0.39111111111111113,0.6704998405612245
df89a82ab,True,0.4162326388888889,0.6220902423469388
f7b533990,True,0.209777628032345,0.29567920918367346
2204729ca,True,0.194825,0.33922592474489793
af6364af9,True,0.5211011904761905,0.6875398596938775
e8dc8fa13,True,0.7216087962962963,0.9404894770408163
e333feca8,True,0.4173070987654321,0.6214923469387755
e653e3c51,True,0.2270486111111111,0.42990672831632654
fdbc1c567,True,0.15969166666666668,0.2707469706632653
3d751fe45,True,0.15825123152709358,0.3403419961734694
351d1e748,True,0.22305555555555556,0.48068797831632654
8f1b39562,True,0.28563333333333335,0.4020448022959184
e4460cb03,True,0.26809413580246916,0.48672672193877553
c8f4a2877,True,0.48217887473460724,0.7533282844387755
0753ad1cd,True,0.3089293981481481,0.5037866709183674
eb6c84ec0,True,0.5673660714285714,0.6622887436224489
75a803430,True,0.6268230554482651,0.8495296556122449
33826a08a,True,0.16517361111111112,0.2225964604591837
ec0fd1a7e,True,0.32420224006762466,0.42482461734693877
330943a7e,True,0.19269166666666668,0.324039381377551
c1ed602f2,True,0.21625,0.3638193558673469
fc6976a96,True,0.7642583333333334,0.8939732142857143
c467f8702,True,0.5655583333333334,0.7679767219387755
ee0e059cb,True,0.330975,0.4299864477040816
44bc5f67c,True,0.23926666666666666,0.41621492346938777
0256cac2b,True,0.40889756944444444,0.6428372130102041
239326fd2,True,0.35220833333333335,0.5601084183673469
6276a846c,True,0.2942444444444444,0.4590441645408163
870e7158b,True,0.05514175257731959,0.08001833545918367
7f3f14a72,True,0.5920149253731344,0.6630062181122449
3983e7c06,True,0.7082649151614668,0.9881417410714286
f1e99433d,True,0.14204166666666668,0.24732940051020408
01c3c09df,True,0.5149088541666667,0.6441924426020408
6b446b436,True,0.21680833333333333,0.34805484693877553
e32c29f03,True,0.164459228515625,0.2680763711734694
4eb9088a2,True,0.3117290073251192,0.5613839285714286
74ca92e79,True,0.23455,0.37472098214285715
8f1d6224d,True,0.6471875,0.7066924426020408
08f40f232,True,0.6856916666666667,0.8396643813775511
1f33216f7,True,0.20844492243239635,0.37537866709183676
ef4059fae,True,0.4292121212121212,0.5996492346938775
ef7c5813c,True,0.14564814814814814,0.23716517857142858
fd48a560c,True,0.23434166666666667,0.40298150510204084
210b8d077,True,0.2591345746442851,0.46422592474489793
6ba094bf4,True,0.34924157303370784,0.35788026147959184
96462a567,True,0.13702160493827162,0.28860411352040816
146aa46b3,True,0.40074166666666666,0.4959741709183674
5f5d44f43,True,0.41943865740740743,0.6638432716836735
1930bcf64,True,0.5136659215606584,0.6899713010204082
b586e1ea4,True,0.3243576388888889,0.5217833227040817
428fd4ef7,True,0.3742653451573639,0.6812021683673469
ef8d291b0,True,0.18206597222222223,0.30978954081632654
5597af31b,True,0.24078125,0.3932955994897959
52ec30101,True,0.1813599537037037,0.24539620535714285
9ee7776db,True,0.5937037037037037,0.6830955038265306
14dcf6ec8,True,0.2929,0.4614158163265306
8db729086,True,0.3340416666666667,0.5331034757653061
58bfbd845,True,0.24887731481481482,0.38315130739795916
109d21b69,True,0.16886061946902656,0.2627750318877551
b28bc9e65,True,0.2891704204204204,0.3661511479591837
863947277,True,0.356625,0.5822903380102041
2ac3ca459,True,0.18786666666666665,0.3132374043367347
a3740bea8,True,0.29492513020833333,0.47903380102040816
cc628c147,True,0.25027777777777777,0.4168327487244898
0c47e700c,True,0.3172608024691358,0.5699139030612245
76017363e,True,0.25699448529411767,0.4766222895408163
8de1c1ca1,True,0.258025,0.37611607142857145
c432261a7,True,0.4050166666666667,0.4791932397959184
df9cc49a1,True,0.22448302469135803,0.4887794961734694
07e6b5eae,True,0.3269436201780415,0.48515226403061223
0ff50cbd5,True,0.29857587064676616,0.45396205357142855
8310e47df,True,0.34944166666666665,0.40090880102040816
dd4f3b8a8,True,0.013041666666666667,0.022759885204081634
39816161d,True,0.5014333333333333,0.6478396045918368
9d70a0499,True,0.1608449074074074,0.21763392857142858
4a2270c3e,True,0.09935833333333334,0.17295121173469388
d76e9dedd,True,0.2401597744360902,0.44339923469387754
d1f80f7d1,True,0.31971064814814815,0.4947983099489796
1d4adbcc2,True,0.39416666666666667,0.6224489795918368
7986a1870,True,0.32858333333333334,0.4122289540816326
15538a661,True,0.3900848765432099,0.4495176977040816
6bb85e53d,True,0.260275,0.41892538265306123
7a1f83080,True,0.315608504398827,0.45485889668367346
bbaa4a431,True,0.37764872521246456,0.5261878188775511
10bbe5ea4,True,0.3233083333333333,0.5549465880102041
ffb33c204,True,0.08658333333333333,0.1504504145408163
54ec12bf6,True,0.232375,0.32680963010204084
ded8d95c0,True,0.3828983516483517,0.5449418048469388
f8b975c1f,True,0.2906179775280899,0.40262276785714285
311157c79,True,0.221358024691358,0.442203443877551
ad6992c20,True,0.3187833333333333,0.5086894132653061
4c0de1708,True,0.29884275618374556,0.48337850765306123
f5de721c8,True,0.17068333333333333,0.2852160395408163
fe2cc3feb,True,0.36359166666666665,0.5789620535714286
24e800fa6,True,0.5366583333333333,0.6450892857142857
02cf14499,True,0.32832275390625,0.41647401147959184
521e214ec,True,0.07407190635451505,0.12920519770408162
edd25890d,True,0.40271111111111113,0.557258450255102
3d9b4bdc1,True,0.121171875,0.21089764030612246
a1eb5f685,True,0.38051666666666667,0.6135801977040817
89792afe0,True,0.5877777777777777,0.6652782206632653
c7f20f68c,True,0.19781061850027368,0.36802455357142855
e2c1b469e,True,0.30883333333333335,0.43698182397959184
784ec5ba3,True,0.07491638795986622,0.1310985331632653
65de38d1d,True,0.16189166666666666,0.2658641581632653
117059fe3,True,0.13243333333333332,0.29970503826530615
ac813296c,True,0.08799153645833334,0.1531608737244898
e456bf863,True,0.352525,0.40122767857142855
6b10d4880,True,0.45886666666666664,0.6569674744897959
67839e63d,True,0.23443287037037036,0.3685825892857143
77014fe37,True,0.16025833333333334,0.27469308035714285
8f1105e2a,True,0.21642045454545455,0.41015625
55247ed35,True,0.223425,0.38564253826530615
6220663ba,True,0.7038,0.8328882334183674
b5486d844,True,0.48974916387959866,0.6338289221938775
48a2123f4,True,0.10165,0.1769172512755102
d6ff1af86,True,0.18402972027972028,0.17685746173469388
d76134f00,True,0.3881501340482574,0.5337611607142857
48594b089,True,0.19719907407407408,0.3672472895408163
53f434ae8,True,0.1642361111111111,0.3314931441326531
e1a2d9477,True,0.5892787114845939,0.7345742984693877
558ca2c00,True,0.1309840425531915,0.2062938456632653
9deb1340f,True,0.4022453703703704,0.5314094387755102
3dae967f1,True,0.30681884765625,0.3857421875
a90161422,True,0.23898333333333333,0.40098852040816324
67af2d880,True,0.47686184210526317,0.5858777104591837
1e45f7387,True,0.2698611111111111,0.40921954719387754
662564431,True,0.37502565681444994,0.5324059311224489
73ec4c916,True,0.27155,0.42087850765306123
419d296e7,True,0.17671666666666666,0.3018773915816326
4dff83c9f,True,0.2596450617283951,0.5151865433673469
8cee52ff2,True,0.07106481481481482,0.12374441964285714
0cbe33a44,True,0.29325850938967135,0.5609654017857143
91c4cb54d,True,0.047387152777777775,0.1073421556122449
2a6bb49f5,True,0.1020679012345679,0.22881457270408162
d08efa704,True,0.19478333333333334,0.30331234056122447
c70867d90,True,0.1018576388888889,0.1775749362244898
f11772123,True,0.37919270833333335,0.5361726721938775
eec3cbd6e,True,0.3184206674473068,0.571906887755102
ee8bf2efb,True,0.035063657407407404,0.05560427295918367
44a541574,True,0.18351273148148148,0.2607421875
8bf424910,True,0.4142,0.5627790178571429
f135e422d,True,0.5318083333333333,0.6821986607142857
09ef02857,True,0.14353333333333335,0.24338329081632654
847a8b31d,True,0.11172241784037559,0.21912866709183673
6c44c99ef,True,0.2500273672687466,0.49449936224489793
9160fdb5f,True,0.27198333333333335,0.45497847576530615
8132fabfd,True,0.28626666666666667,0.4404296875
0244298a9,True,0.50375,0.592414700255102
787a8c11d,True,0.3223141891891892,0.5499840561224489
35d9045fb,True,0.23643333333333333,0.39628507653061223
8cc02d983,True,0.4023703703703704,0.6005460778061225
01928bd13,True,0.34960833333333335,0.5676419005102041
618bb4def,True,0.28530833333333333,0.4389548788265306
3a8f24615,True,0.2975358072916667,0.4137635522959184
bbdcd94a9,True,0.11594444444444445,0.269710618622449
e239373ff,True,0.11421875,0.19901945153061223
3517189ab,True,0.16822660098522169,0.3604113520408163
b73c5a1b7,True,0.25699438202247193,0.47439014668367346
7193a5332,True,0.32713333333333333,0.4247249681122449
81670cf7e,False,0.0,
055825f1c,True,0.24576666666666666,0.4020248724489796
a37a24a58,True,0.16362129820936638,0.26572464923469385
a12589a09,True,0.40524166666666667,0.5736208545918368
8e343f4df,True,0.4437465790914067,0.5718470982142857
3c43b7541,True,0.53781005859375,0.6277303890306123
3e9a56447,True,0.17991898148148147,0.2947624362244898
dc9557824,True,0.3390914351851852,0.5449019451530612
4ad9ea6f0,True,0.32125,0.4879823022959184
1d5a59ca9,True,0.10511574074074075,0.22873485331632654
113bc00e8,True,0.2765,0.37705277423469385
0c200f7a6,True,0.2521585648148148,0.41208944515306123
967fa3210,True,0.31890449438202245,0.5870735012755102
525947b88,True,0.07460648148148148,0.12976323341836735
62817491e,True,0.40329166666666666,0.545280612244898
a6396a580,True,0.38967607973421925,0.5116390306122449
a40a8c0ce,True,0.456225,0.5757732780612245
40ea976de,True,0.12586666666666665,0.2188297193877551
f4c9a0b24,True,0.4982101167315175,0.6971261160714286
a6a0b1762,True,0.2818281335522715,0.5909996811224489
a7d65135d,True,0.40231689453125,0.4764827806122449
adfa73768,True,0.0647337962962963,0.11250398596938775
93bffe78b,True,0.3053549382716049,0.6105707908163265
5accbdfad,True,0.13441218284514006,0.25743383290816324
6c7db281b,True,0.14754166666666665,0.25647720025510207
ac6adc2e4,True,0.2615777777777778,0.5537507971938775
59903171d,True,0.4227,0.6337492028061225
3bedb1ef9,True,0.2275894953051643,0.42592075892857145
53db5839b,True,0.28127314814814813,0.49013472576530615
a839e26eb,True,0.1609664351851852,0.27963568239795916
bf1762a3a,True,0.2833170572916667,0.4413464604591837
ccf24ab8f,True,0.277375,0.4415258290816326
094ba0325,True,0.027523148148148147,0.06391501913265306
bce2ed853,True,0.3860393258426966,0.5085499043367347
4cc67e8b3,True,0.22527006172839506,0.4697265625
38470b3c1,True,0.29444166666666666,0.4487404336734694
bc22c806a,True,0.204625,0.2822265625
096c37d99,True,0.49048032407407405,0.5473134566326531
51cdc726a,True,0.4196666666666667,0.6520647321428571
e9ac456b3,True,0.4257142857142857,0.6651187818877551
d55faa0ff,True,0.17755,0.30859375
329058ec1,True,0.11813670411985018,0.22478874362244897
bb2c896c5,True,0.272751677852349,0.45497847576530615
03c1e47b4,True,0.5886284722222223,0.7740154655612245
354e9fc50,True,0.27808484228971964,0.37966358418367346
4b7f7fcca,True,0.2157175925925926,0.3557079081632653
4c4ba8c4e,True,0.3268729096989967,0.46584024234693877
011350faf,True,0.33516203703703706,0.6997967155612245
c554f052c,True,0.10958333333333334,0.19072863520408162
a30ec0916,True,0.29493055555555553,0.47556600765306123
1f7363767,True,0.167875,0.27558992346938777
2aac3e0ac,True,0.0519,0.06588807397959184
7998c5869,True,0.2809259259259259,0.5278818558673469
1a61a5963,True,0.12939166666666665,0.2250079719387755
cba8264f9,True,0.4295223880597015,0.5784040178571429
ecd574ddb,True,0.4770288944723618,0.5993702168367347
e58bebf13,True,0.38571107784431136,0.5000597895408163
a1543decd,True,0.5056818181818182,0.5667849170918368
0f27a7baa,True,0.19936797752808988,0.24956154336734693
15600cfea,True,0.17066666666666666,0.2206234056122449
6a393b32a,True,0.3281907530454042,0.5747169961734694
36f07fbe0,True,0.109775,0.1907684948979592
836b6e6f3,True,0.12828776041666667,0.2232342155612245
3863ab300,True,0.32120625,0.404476243622449
50682d0f1,True,0.4636166666666667,0.6283681441326531
b0ad07cfc,True,0.21813271604938272,0.4864477040816326
af9325798,True,0.1882183908045977,0.30422911352040816
c7726d2a4,True,0.058333333333333334,0.1015625
a7d9451a5,True,0.34436454849498327,0.4845344387755102
cff311279,True,0.5523388364779874,0.6612723214285714
51b7034e6,True,0.15424859550561798,0.2718032525510204
fa87afa7d,True,0.13192708333333333,0.2293327487244898
792e8c192,True,0.10490234375,0.1345264668367347
a3d8c3aaa,True,0.4810996240601504,0.6642418686224489
e3ae90795,True,0.3102764094143404,0.5881297831632653
7117c4553,True,0.17766666666666667,0.30863360969387754
86aeb2732,True,0.5655555555555556,0.662468112244898
799a41eba,True,0.038217592592592595,0.06644610969387756
f21f48009,True,0.2627833333333333,0.38075972576530615
777f82721,True,0.2960248161764706,0.36643016581632654
7115607a0,True,0.15784166666666666,0.25059789540816324
fde52ef8f,True,0.19238425925925925,0.4322983099489796
0c28877b7,True,0.18953450520833334,0.20559630102040816
b67a29908,True,0.2886053240740741,0.43532764668367346
97b469d4b,True,0.06975115740740741,0.11204559948979592
527071e27,True,0.25783564814814813,0.4391541772959184
fcb565f06,True,0.26180555555555557,0.5483697385204082
c59d7c9f3,True,0.33541666666666664,0.4475247130102041
f98e4f7b6,True,0.27734082397003745,0.4899752869897959
b4bf9e247,True,0.255751953125,0.42807318239795916
eda903960,True,0.3508646616541353,0.5134925063775511
115d6458f,True,0.20029622395833332,0.343570631377551
ec4ed9fe6,True,0.19034722222222222,0.3841079400510204
28af5e0d3,True,0.30071154898741104,0.6174465880102041
6ca8ebdbd,True,0.2900083333333333,0.4340122767857143
201ea7802,True,0.29099166666666665,0.4697863520408163
e73b8f98b,True,0.5937416666666666,0.8619658801020408
207c30391,True,0.2517824074074074,0.39821827168367346
843738a2a,True,0.12227623456790124,0.26110092474489793
a9495309b,True,0.31279135338345865,0.5252909757653061
ae5f13659,True,0.3437218045112782,0.5316884566326531
1bf4a2ca7,True,0.2915494791666667,0.49204799107142855
11f773e2f,True,0.23407777777777777,0.5098453443877551
fd740c8dc,True,0.28418585526315787,0.40090880102040816
72bfc767c,True,0.23764367816091955,0.44664779974489793
bde40e198,True,0.291355421686747,0.32150829081632654
954243934,True,0.368125,0.5720264668367347
9b2aaf395,True,0.48390946502057613,0.7530293367346939
527b6112b,True,0.22516493055555556,0.5019730548469388
e276617a4,True,0.07788194444444445,0.13496492346938777
bfaca902b,True,0.00455685618729097,0.007971938775510204
a9c968c38,True,0.1887875939849624,0.32930086096938777
9430042a3,True,0.32816570641282566,0.531867825255102
ab67afee5,True,0.4051475155279503,0.5703922193877551
90489eccb,True,0.3541416666666667,0.5654296875
8facdc86a,True,0.10804976851851852,0.18797831632653061
3d6f14681,True,0.7519421435742972,0.9819236288265306
cb8193d43,True,0.42701149425287355,0.5078722895408163
bd2dc39e7,True,0.0037345679012345677,0.006357621173469388
447be811f,True,0.18476666666666666,0.31955516581632654
5eb355cea,True,0.5125666666666666,0.6513871173469388
ed7cde89e,True,0.4128,0.6271723533163265
1c723cf91,True,0.20890833333333333,0.3633609693877551
73c4d95a2,True,0.3398833333333333,0.49330357142857145
8685a0b1c,True,0.5120166666666667,0.6898716517857143
a7402f657,True,0.29935555555555554,0.6841318558673469
5a17ff971,True,0.2329320987654321,0.35355548469387754
17be61e34,False,0.0,
a4e56218b,True,0.25352796052631577,0.39391342474489793
ece82128e,True,0.65772216796875,0.7564174107142857
3859838cf,True,0.03300347222222222,0.05739795918367347
b04a0dd9e,True,0.5345292595541401,0.8261120854591837
410490c8d,True,0.27922824302134647,0.48684630102040816
081f88f27,False,0.0,
1e5aeb31d,True,0.12329166666666666,0.21488360969387754
295b1eef3,True,0.42505,0.5542091836734694
94dac1ddf,True,0.5778166666666666,0.8700773278061225
252b8d395,True,0.417875,0.637077487244898
85078bc71,True,0.3706184895833333,0.49190848214285715
0d25fb291,True,0.3144179667409566,0.4420639349489796
34090e9d6,True,0.3613078703703704,0.5376474808673469
b833f9624,True,0.26077714164546223,0.41543765943877553
e6292a7b6,True,0.2643402777777778,0.5819116709183674
cbc7dc778,True,0.19975833333333334,0.30293367346938777
6a6756c71,True,0.47309814453125,0.5830277423469388
91b580948,True,0.12615,0.21763392857142858
c0de58288,True,0.4336574074074074,0.5368502869897959
c88eebfdd,True,0.16985532407407408,0.29488201530612246
b89a89c58,True,0.18551697530864197,0.3833107461734694
6ec9364a7,True,0.5976705276705276,0.7312460140306123
e63a7dd84,True,0.5909525343642612,0.7515744579081632
33a8b9601,True,0.3884548611111111,0.6091159119897959
092c46fdd,True,0.16253472222222223,0.2739756058673469
dcdb6907c,True,0.012075,0.021205357142857144
279ca5034,True,0.6148033707865168,0.8466198979591837
14bbc5876,True,0.016126302083333332,0.028081154336734693
96b39751e,True,0.44575,0.5894252232142857
bd05c2f75,True,0.2871,0.5785833864795918
b677eae2a,True,0.15317078754578756,0.263851243622449
e5e06c8dd,True,0.11833333333333333,0.19308035714285715
0bf9dfa21,True,0.3466666666666667,0.376953125
d7976886b,True,0.5521497584541063,0.6579041772959183
2f4eb5847,True,0.2729557707667732,0.3575015943877551
7e3d0e3f0,True,0.20463333333333333,0.3042689732142857
a963a6979,True,0.3143229166666667,0.4658203125
97a020fe8,True,0.4772450657894737,0.5739198022959183
081c2daa0,True,0.4471755771383619,0.5969387755102041
b34a57b41,True,0.21849744073275862,0.22710060586734693
d560b8003,True,0.3922833333333333,0.6182039221938775
8b6690d89,True,0.37488333333333335,0.5794204400510204
863738ca1,True,0.17481666666666668,0.28067203443877553
b7910b841,True,0.6053993055555555,0.8003427933673469
e9e82ad8f,True,0.26976666666666665,0.453922193877551
39b3fe88f,True,0.31499166666666667,0.4134048150510204
d672df50c,True,0.23065833333333333,0.4019252232142857
77e679018,True,0.330129179331307,0.4676937181122449
b7656e70f,True,0.6406770833333333,0.8286431760204082
b66715e26,True,0.4219123134328358,0.7524513711734694
502d58dea,True,0.15557291666666667,0.2504384566326531
a0c15424b,True,0.25549479166666667,0.5656887755102041
1f72d4b56,True,0.2389969135802469,0.5149075255102041
d965d6f3a,True,0.18719101123595505,0.3632214604591837
d8a48180b,True,0.2967824074074074,0.47203842474489793
489466e53,True,0.30018518518518517,0.6151945153061225
cbefe3979,True,0.44882102394775925,0.5584343112244898
7b36167be,True,0.4498828125,0.6665338010204082
a2b2abe02,True,0.3731481481481482,0.5254105548469388
919820452,True,0.3075871749408983,0.5109614158163265
d7fac1aa9,True,0.3121083333333333,0.4914700255102041
ddc3af1ee,True,0.3273172323759791,0.47399154974489793
bf9fe33d0,True,0.21972222222222224,0.318359375
f64813f9e,True,0.43775833333333336,0.46839126275510207
e6c3faeed,True,0.2750074074074074,0.4542211415816326
8d05a7ab1,True,0.17186921296296295,0.29747289540816324
e2f718e94,True,0.17807291666666666,0.3038305165816326
b93a2c373,True,0.16282552083333332,0.28356186224489793
30bfebc76,True,0.10346875,0.1354033801020408
ea2542b58,True,0.2946760797342193,0.48539142219387754
4d8bf7feb,True,0.244875,0.3026546556122449
10554e146,True,0.08225894702173209,0.11352040816326531
f5ebfd099,True,0.5987684729064039,0.9951570471938775
f5e496f46,True,0.34844375,0.426578443877551
c4ab38782,True,0.4220125,0.5087890625
d4e96e3ce,True,0.10513310185185185,0.17665816326530612
f20390dba,True,0.11910833333333333,0.20017538265306123
f61e89a28,True,0.31971153846153844,0.5074338329081632
487f74408,True,0.19561872909698996,0.29940609056122447
49fac4dc6,True,0.134775,0.21316964285714285
98673487c,True,0.24341666666666667,0.4158960459183674
6326e5387,True,0.10098765432098765,0.1794483418367347
19cd32fd6,True,0.19615833333333332,0.33518016581632654
d4c3abf4c,True,0.251748046875,0.4092992665816326
1368f0b22,True,0.020719401041666665,0.036033163265306124
ff8e7c016,True,0.38854489164086686,0.5051020408163265
4a7fe0b83,True,0.234925,0.40587133290816324
839aa5fd0,True,0.20769166666666666,0.3586375956632653
63647ce22,True,0.1998040213315243,0.37472098214285715
8b0310013,True,0.1698611111111111,0.2954001913265306
43ff07bab,True,0.24806666666666666,0.38540338010204084
095cba2c7,True,0.3787210648148148,0.48246173469387754
f895c20f3,True,0.3368326822916667,0.41641422193877553
5ab714faa,True,0.4066752577319588,0.6039939413265306
0b4a33baa,True,0.14914715719063545,0.25534119897959184
f4cf82def,True,0.33100833333333335,0.4662388392857143
3711579ed,True,0.3725077160493827,0.5981146364795918
ae886e80d,True,0.07925833333333333,0.1376155931122449
c0b3f2081,True,0.4913039137380192,0.5956034757653061
ab13611c9,True,0.6871018005540166,0.9489995216836735
5afa2e561,True,0.26971354166666667,0.4241270727040816
5e5038eb5,True,0.2802835648148148,0.4743702168367347
7b79e52f0,True,0.18640833333333334,0.3233019770408163
a0fb13b2e,True,0.3385074626865672,0.42127710459183676
0e922caab,True,0.5249321705426356,0.6987005739795918
c59c51828,True,0.5385416666666667,0.7775031887755102
db27a0a42,True,0.23918125,0.30309311224489793
0e8a11aaa,True,0.266142578125,0.3461216517857143
fc537bc7f,False,0.0,
a3d9bc3aa,True,0.21500833333333333,0.3505859375
b0c2a069c,True,0.8319514946418499,0.9659797512755102
d7c0647d0,True,0.39088541666666665,0.6036352040816326
ccb658698,True,0.2835358796296296,0.4051538584183674
cea6df421,True,0.5721245733788396,0.8199936224489796
d18d572dd,True,0.29477358490566036,0.4634287308673469
12c65f314,True,0.4710066371681416,0.7170958227040817
22230a3ea,True,0.38092084667806486,0.5842833227040817
11bb6fca2,True,0.25546052631578947,0.443538743622449
6da091c79,True,0.051508333333333337,0.08994339923469388
e9c78e9fb,True,0.3737666666666667,0.5630181760204082
2bfc5658b,True,0.34955439814814815,0.4960140306122449
763264fa2,True,0.4656109022556391,0.6653180803571429
df1d3b1ec,True,0.2462126756440281,0.46779336734693877
a65ec6d03,True,0.40738741875580314,0.5944276147959183
971817521,True,0.35697570332480816,0.4690688775510204
8a0a8eec0,True,0.48659433962264154,0.6029376594387755
9e5672e85,True,0.290925,0.3642578125
fc2ac0b04,True,0.5350771604938271,0.7406927614795918
8b01f5e06,True,0.21711822660098523,0.2540656887755102
0627105f6,True,0.25288389513108617,0.4082828443877551
c5574bf3d,True,0.35484166666666667,0.5162029655612245
3735485c1,True,0.3846989966555184,0.5032485650510204
f48b3cebb,True,0.4034201388888889,0.6085778061224489
9ed8dd7a7,True,0.3588425925925926,0.6004264987244898
ab4ef2577,True,0.20324444444444445,0.4512316645408163
d6d9a938f,True,0.14391203703703703,0.32597257653061223
804d08f42,True,0.2304307116104869,0.42869100765306123
1398adca0,True,0.25225,0.41189014668367346
26cd1c2ee,True,0.315325,0.40328045280612246
02d66a1be,True,0.4073111111111111,0.5951650191326531
33f89cb83,True,0.08468553870292887,0.14034598214285715
4470adc62,True,0.3226505616904347,0.610969387755102
f824e33a8,True,0.12805833333333333,0.22301498724489796
f54d6a569,True,0.3118089764641489,0.6876992984693877
f89f0e01d,True,0.4013628320001281,0.5847217793367347
401fcc4c5,True,0.28715555555555555,0.5124561543367347
773243cf2,True,0.6683833333333333,0.7910554846938775
8ecb9aab0,True,0.46355,0.6720543686224489
0e6b24bc4,True,0.34220833333333334,0.5500837053571429
93ae9be69,True,0.2852257525083612,0.4409677933673469
df706fd55,True,0.6416491228070176,0.8490114795918368
351586450,True,0.37856666666666666,0.6165896045918368
828f0e616,True,0.3845277777777778,0.5052216198979592
d8603dd80,True,0.12522569444444445,0.21803252551020408
5b7ead040,True,0.31304931640625,0.38735650510204084
890127ff5,True,0.39471666666666666,0.5987922512755102
71edb3344,True,0.4998148148148148,0.6151945153061225
308034707,True,0.3901631560773481,0.6773357780612245
7abf263f7,True,0.2723148148148148,0.5286989795918368
69c1801cb,True,0.6326344086021506,0.7924505739795918
a462b563c,True,0.4963946759259259,0.5216438137755102
1dbcdd322,True,0.272337962962963,0.5365712691326531
87e6807c7,True,0.3268354430379747,0.4133250956632653
0459c7bb7,True,0.16115168539325841,0.31319754464285715
3330252db,True,0.4170083333333333,0.590461575255102
c2e22f843,True,0.223925,0.38016183035714285
0db65104a,True,0.2672311046511628,0.35728236607142855
49e140a8e,True,0.43774166666666664,0.6626674107142857
7b8a09f2d,True,0.38986666666666664,0.5700932716836735
9295d02bd,True,0.7543166666666666,0.9526068239795918
9c8209bae,True,0.12652116402116403,0.14568718112244897
474294e01,True,0.209625,0.35770089285714285
44fff524f,True,0.33830267558528426,0.49451929209183676
ab87287a4,True,0.37000833333333333,0.4722377232142857
62c16fa1a,True,0.3922967535021633,0.5136320153061225
676b51817,True,0.5300716145833333,0.7438416772959183
e911008b8,True,0.276435546875,0.4537826849489796
a16f85c6f,True,0.23013333333333333,0.4613759566326531
1da3eb996,True,0.33262152777777776,0.49794722576530615
2a154e41c,True,0.33970833333333333,0.5858378507653061
006610fe3,True,0.20719166666666666,0.30440848214285715
05fb5b403,True,0.22989166666666666,0.3747409119897959
3f3e1f288,True,0.44799189814814816,0.6303212691326531
c0b1f82b1,False,0.0,
ba7d1a755,True,0.2021990740740741,0.38649952168367346
e9e4424a6,True,0.11691947565543072,0.22309470663265307
d1a9104a1,True,0.19457754629629628,0.27543048469387754
d6715d925,True,0.300975,0.4508529974489796
0e1a2937a,True,0.3240104166666667,0.47556600765306123
475564ad6,True,0.21962239583333334,0.45828683035714285
597ff6946,True,0.27069986979166666,0.4165736607142857
3d9784a88,True,0.24960833333333332,0.3673469387755102
290cdc8ee,True,0.3595100612423447,0.6977638711734694
44a0c16bc,True,0.2849202283372365,0.5460977359693877
bb2a61d2b,True,0.05675925925925926,0.08256935586734694
3050bd8df,True,0.19506365740740741,0.30604272959183676
c6de9b701,True,0.8222666666666667,0.9429209183673469
cfae2101c,True,0.1807204861111111,0.4132453762755102
de1f49c9d,True,0.47405833333333336,0.5774872448979592
e093c4886,True,0.5444083333333334,0.7112563775510204
cf2e67122,True,0.1025462962962963,0.22749920280612246
b5931099f,True,0.41456066945606695,0.6112882653061225
0a4b42306,True,0.35086666666666666,0.6170280612244898
1e7e220d7,True,0.4552528901734104,0.6171875
f0e24b0aa,True,0.5849630905511811,0.6607940051020408
a4b85d322,True,0.6060032631915359,0.8251355229591837
0eaa0e3c6,True,0.13431616108786612,0.23264110331632654
dbea554c3,True,0.2627919823232323,0.37667410714285715
ecc64a258,True,0.40794166666666665,0.6297831632653061
fcdf10cb0,True,0.17123842592592592,0.2977917729591837
95af010cb,True,0.08919626593806922,0.1267139668367347
d86f635fb,True,0.323642578125,0.5467554209183674
7fe0a86f8,True,0.5018333333333334,0.8248565051020408
1e753137d,True,0.14049153645833334,0.24424027423469388
3485ea1db,False,0.0,
191043d9c,True,0.3857367621527778,0.5450613839285714
83976eb62,True,0.25247191011235953,0.42685746173469385
d3b4b6a8a,True,0.081875,0.14235889668367346
e7176bba4,True,0.4055457227138643,0.516242825255102
710126170,True,0.44338524590163936,0.5876913265306123
75f94bea0,True,0.20050925925925925,0.32850366709183676
ba72b4212,True,0.39243181818181816,0.5546077806122449
1adb69797,True,0.1815432098765432,0.38364955357142855
9351715a9,True,0.19711669921875,0.25326849489795916
08bfdc66f,True,0.23087890625,0.3857421875
27e8956dc,True,0.7353373702422146,0.8648158482142857
cb11e3261,True,0.35357253086419754,0.645149075255102
33752346b,True,0.14916666666666667,0.2599250637755102
133af5fc3,True,0.3143359375,0.5053411989795918
5043a32cb,True,0.28681006493506495,0.350765306122449
bbb0a9ac2,True,0.20579166666666668,0.33615672831632654
ab1777794,True,0.6286342592592593,0.6926618303571429
65ba8b6a0,True,0.14634166666666668,0.2546237244897959
19a36eaab,True,0.21615162037037036,0.3347018494897959
c6d91de2b,True,0.3935592105263158,0.4584263392857143
998488372,True,0.3098666666666667,0.47520727040816324
a678a4342,True,0.4108202837921872,0.7121532206632653
7f4e5c2a0,True,0.10851666666666666,0.18913424744897958
8cfcbd9bb,True,0.1620138888888889,0.2783801020408163
56f7b3216,True,0.2506966145833333,0.37340561224489793
637186543,True,0.2857330827067669,0.42689732142857145
187b92014,True,0.395,0.6607541454081632
7ed568ab9,True,0.3701,0.6475007971938775
e468bfbca,True,0.3272491638795987,0.4800302933673469
a37c82165,True,0.30296666666666666,0.459781568877551
c7e8a87dc,True,0.005308333333333333,0.004384566326530612
269a6756f,True,0.30340485074626866,0.5392817283163265
cad25c91b,True,0.4611893315018315,0.6427973533163265
84057a73d,True,0.07235,0.11648995535714286
97b32f734,True,0.30441666666666667,0.5011360012755102
f8d3b2e51,True,0.12281575520833334,0.2139269770408163
6df28d790,True,0.16652199074074073,0.2895009566326531
282c90ff4,True,0.23076127819548872,0.40078922193877553
b71eb2942,True,0.47449166666666664,0.6809829400510204
1ff9cda01,True,0.5247782762552007,0.5411352040816326
30764a1fa,True,0.301464148877942,0.5698341836734694
189bb90dc,True,0.17870231133389028,0.3538345025510204
a929a9f48,True,0.374681712962963,0.5460379464285714
391da7c7d,False,0.0,
8ad937f6c,True,0.3662094907407407,0.6026586415816326
f26f1acb2,True,0.2393576388888889,0.40475526147959184
953e3ebd4,True,0.6235300925925926,0.7755102040816326
283d93104,True,0.29154166666666664,0.3448461415816326
44ddc2e22,True,0.6202166666666666,0.8947504783163265
0146f6d2c,True,0.27024166666666666,0.44419642857142855
469bd2504,True,0.4232743473895582,0.6704998405612245
3021613fd,True,0.0014,0.0024314413265306123
01958f464,True,0.306591796875,0.37073501275510207
0090eb457,True,0.09638117283950617,0.22345344387755103
566dcbd9f,True,0.423838531767052,0.6313177614795918
eeb377c0b,True,0.15626404494382024,0.2938257334183674
936fc22ce,True,0.24141975308641975,0.5229392538265306
4436738dd,True,0.48617777777777776,0.6444913903061225
ef690f7c1,True,0.4988117283950617,0.791015625
d4f813a7e,True,0.25881510416666664,0.4443359375
c38d0b5ea,True,0.28054398148148146,0.4307437818877551
ef30ade75,True,0.24721666666666667,0.34101961096938777
bdeeb6fe2,True,0.48392857142857143,0.6782924107142857
a99a82e6d,True,0.11846816976127321,0.16338488520408162
172305d1b,True,0.007060185185185185,0.011878188775510204
c18984292,True,0.26833640392371655,0.432796556122449
fd2d48292,True,0.22100719424460433,0.38705755739795916
34d903f17,True,0.25496961805555557,0.41017617984693877
245d6e033,True,0.6358416666666666,0.8066206951530612
935098bbf,True,0.22984166666666667,0.2827845982142857
7993d67e3,True,0.23001700680272108,0.2814891581632653
1ca147dd8,True,0.5288802083333334,0.7396763392857143
63051e3ca,True,0.21826599326599327,0.4194834183673469
bc7b17cd5,True,0.11267441860465116,0.1521843112244898
e53933782,True,0.16628333333333334,0.28282445790816324
746f52206,True,0.21145,0.3627830038265306
6b29b45d9,True,0.22877314814814814,0.5290776466836735
563854d72,True,0.4751551094890511,0.6205556441326531
fa73b1181,True,0.2909003831417625,0.5841238839285714
ab309dd09,True,0.3822455682585459,0.6018415178571429
05ab54e3c,True,0.11495833333333333,0.19895966198979592
8e8080bbe,True,0.2726388888888889,0.5227997448979592
41a6a7467,True,0.04359882005899705,0.07535475127551021
4f3b3314c,True,0.34808333333333336,0.5035674426020408
1099a5406,True,0.2599721189591078,0.4889389349489796
14155e8c0,True,0.26875244140625,0.32694913903061223
ed29f6592,True,0.37975,0.5068957270408163
86c35033b,True,0.12572916666666667,0.2191485969387755
191660250,True,0.374225,0.5058394451530612
76c194060,True,0.36436098927875243,0.5428093112244898
d147c39fb,True,0.11133333333333334,0.2586296237244898
1e8b70d35,True,0.25964166666666666,0.35251913265306123
fda733a81,True,0.3697318610333365,0.5512794961734694
9af8f154b,True,0.3403595317725753,0.4846739477040816
fbc6507e7,True,0.5977897135416667,0.7977718431122449
383e5b82e,True,0.15510869565217392,0.2708067602040816
c1680e63c,True,0.6552785580524345,0.8187978316326531
b0a8a88a0,True,0.13574074074074075,0.23555086096938777
e50570999,True,0.3725374531835206,0.6118064413265306
f663a91e8,True,0.30995,0.5127152423469388
ccb7df174,True,0.25622605363984674,0.4815051020408163
0fd1d2d85,True,0.3106475409836066,0.43144132653061223
a5205f8ab,True,0.3657060185185185,0.507194674744898
942af9028,True,0.11340823970037453,0.22114158163265307
063495ecd,True,0.3565384615384615,0.5815728635204082
798a0cb05,True,0.09656828703703704,0.16832748724489796
bec6cc26b,True,0.18924166666666667,0.3286631058673469
ad111a12a,True,0.31185625,0.4052136479591837
7959e3491,True,0.2654916666666667,0.4005102040816326
1882ebd32,True,0.09876666666666667,0.17137675382653061
8f0468771,True,0.12773148148148147,0.22217793367346939
a8f17e0de,True,0.1972048611111111,0.3199936224489796
b3408d846,True,0.7518916666666666,0.9238679846938775
4e47644c8,True,0.048032407407407406,0.11176658163265306
227bfa6b8,True,0.13052818828680898,0.28144929846938777
7ff979d3a,True,0.25998125,0.33808992346938777
4cdf29720,True,0.09180517082179132,0.15880102040816327
88448bdc5,True,0.32509727626459145,0.47652264030612246
818b12621,True,0.28215277777777775,0.5302136479591837
4874347b0,True,0.3294675925925926,0.684929049744898
596c81470,True,0.2170138888888889,0.2272002551020408
4348b169a,True,0.212675,0.363101881377551
c64c9e2d4,True,0.17921875,0.31116470025510207
9b53610ea,True,0.3704861111111111,0.5778858418367347
215f9a760,True,0.09668333333333333,0.16800860969387754
b02f2fafa,True,0.41210833333333335,0.5365314094387755
03edf613f,True,0.08934027777777778,0.14560746173469388
31d921827,True,0.36754050925925924,0.5654496173469388
f4e2b49f5,True,0.13506666666666667,0.23503268494897958
2d813cd28,True,0.23004050925925926,0.3867785395408163
b49012dd4,True,0.4420138888888889,0.6125239158163265
f982548b8,True,0.14476273148148147,0.24158960459183673
a59aa3f80,True,0.226625,0.29575892857142855
7810092ba,True,0.10103196169772256,0.17510363520408162
ea3fe3286,True,0.5309375,0.6370376275510204
a63364c39,True,0.17760091145833334,0.30568399234693877
31b919935,True,0.14916087962962962,0.22407126913265307
cc492b6b5,True,0.2230787037037037,0.4514708227040816
a3a0fa212,True,0.38848333333333335,0.6076211734693877
bf2f87f17,True,0.5600057870370371,0.7332788584183674
10e723583,True,0.44564338235294115,0.5854193239795918
e0bf99ea2,True,0.22561666666666666,0.3835299744897959
871ca78ab,True,0.25138333333333335,0.4089205994897959
41e824cbe,True,0.37194444444444447,0.5299744897959183
9495fed48,True,0.29246666666666665,0.36666932397959184
ad8569001,True,0.6292146596858639,0.7535674426020408
787f3055b,True,0.09219166666666667,0.16025589923469388
c68bc0253,True,0.560291519434629,0.6940569196428571
4f45bb293,True,0.2992481203007519,0.5224011479591837
87554ea1f,True,0.49746666666666667,0.6921635841836735
326a3c785,False,0.0,
fbae7b0d5,True,0.2935875,0.37324617346938777
0f012474b,True,0.562808988764045,0.6564692283163265
5dddf96e8,True,0.29608488132094946,0.431461256377551
8b56fecb8,True,0.272337962962963,0.5365712691326531
aded1fafc,True,0.4422397769516729,0.7431242028061225
7ed14130d,True,0.5098187869822485,0.7311662946428571
e92d3d4cf,True,0.35086666666666666,0.5672632334183674
32bc0b4fa,True,0.27046875,0.44160554846938777
1326c53f9,True,0.1450187265917603,0.25924744897959184
8cd1d06ab,True,0.10686830923531973,0.1864636479591837
081301773,True,0.06987804878048781,0.11152742346938775
38e87cee8,True,0.12686666666666666,0.21332908163265307
155d18f5f,True,0.25083912037037037,0.4041374362244898
17c4b0394,True,0.24983723958333334,0.39943399234693877
0b8e1dd80,True,0.25625,0.41446109693877553
e2c365994,True,0.23386666666666667,0.37773038903061223
1e85c2b18,True,0.5450069090136055,0.6937380420918368
c3750cec1,True,0.5509997215260373,0.8321707589285714
751412a89,True,0.39473920863309353,0.7184111926020408
084b7e7eb,True,0.31122895622895624,0.42831234056122447
bb2e480f4,True,0.05524884259259259,0.09564333545918367
2e3bec724,True,0.15829166666666666,0.25428491709183676
0ab4214b4,True,0.40005625,0.4836575255102041
bed78eb25,True,0.2735111111111111,0.44690688775510207
235a61374,True,0.17594166666666666,0.302555006377551
b0cc3078c,True,0.3242892976588629,0.47134088010204084
e2bcb9213,True,0.36589527027027025,0.5479312818877551
0286dd665,True,0.35880593944470157,0.6890345982142857
01c7411ef,True,0.16154135338345865,0.3071189413265306
1d9604897,True,0.25097412109375,0.31704400510204084
b440a9cf1,True,0.2535791015625,0.3307358099489796
e40368c38,True,0.20325833333333335,0.3353794642857143
15b27df66,True,0.5466898148148148,0.6478993941326531
b686d33cd,True,0.15671296296296297,0.27256058673469385
1e8187711,True,0.11799833887043189,0.2049984056122449
b47b947be,True,0.4628125,0.2975326849489796
dbf8ba091,True,0.158128078817734,0.35329639668367346
829ba7bfc,True,0.10733333333333334,0.18385283801020408
e54866fe5,True,0.25154494382022474,0.464664381377551
3639e2409,True,0.282974537037037,0.48575015943877553
30f92e1ab,True,0.2864988425925926,0.4562938456632653
5d53d4bfb,True,0.0701465835641736,0.11045121173469388
a5a240214,True,0.3349774252154048,0.2696109693877551
8d676283f,True,0.20553370786516853,0.3880141900510204
3eaae43f3,True,0.07114074074074074,0.12354512117346939
0806f9e3f,True,0.3411222222222222,0.6465441645408163
310045474,True,0.2964599609375,0.3756576849489796
48615e613,True,0.10942057291666667,0.15439652423469388
8a3c86cde,True,0.25027006172839505,0.45053411989795916
78a99e7a9,True,0.7139849624060151,0.9020647321428571
af1125994,True,0.39845833333333336,0.6288663903061225
08aad5787,True,0.6455853174603174,0.7344547193877551
1a47d1c94,True,0.10703125,0.18624441964285715
4f34d790b,True,0.3197685185185185,0.46739477040816324
8420d063a,True,0.3548490566037736,0.41011639030612246
91f87fa27,True,0.1311920741450943,0.16483976403061223
5c1890dc7,True,0.31105,0.47951211734693877
e442c149f,True,0.10802962962962963,0.18753985969387754
d02baef01,True,0.16673333333333334,0.2899194834183674
8a030b8f0,True,0.2571759259259259,0.3452048788265306
56c329fdf,True,0.18359375,0.30992904974489793
cdb4a7a7d,True,0.29804166666666665,0.43257732780612246
4f66fa0c3,True,0.46449612403100776,0.7473692602040817
cc515ec8c,True,0.30285833333333334,0.4683115433673469
d38fca349,True,0.24728333333333333,0.39901546556122447
9f341e7af,True,0.2773321759259259,0.4669164540816326
a99968c35,True,0.17511962890625,0.22883450255102042
85d242c14,True,0.25793650793650796,0.5799585459183674
647284f19,True,0.013925,0.02431441326530612
ddfea1140,True,0.08974537037037036,0.20916374362244897
1eeb4ea81,True,0.19845,0.27883848852040816
fad223ef5,True,0.3079243827160494,0.5492665816326531
f5c803412,True,0.4761347813979393,0.7171356823979592
771156bfd,True,0.569983388704319,0.8167450573979592
82563b26e,True,0.4279230440950876,0.6007653061224489
0e7ca23c9,True,0.24519166666666667,0.4149593431122449
ba392c802,True,0.35324544270833336,0.5894252232142857
631a6a27e,True,0.29301030353661933,0.6063855229591837
9252b5dc8,True,0.14454282407407407,0.25135522959183676
b5475edf9,True,0.2812962962962963,0.4534438775510204
da1e7c53d,True,0.09497685185185185,0.21829161352040816
4f10d4a75,True,0.17054976851851852,0.296695631377551
d96987111,True,0.21293836805555555,0.48042889030612246
a4de6ea51,True,0.41149317406143343,0.5283801020408163
c33220375,True,0.24254444444444445,0.4431999362244898
a02551367,True,0.55774375,0.6766980229591837
de43c6ce5,True,0.12414166666666666,0.2113360969387755
adc51c1a7,True,0.4066928475935829,0.5958625637755102
5ffd4e822,True,0.4423416666666667,0.666374362244898
d73e917de,True,0.3215972222222222,0.5835060586734694
acf573d1c,True,0.27489166666666665,0.4438376913265306
5adb4e661,True,0.27319166666666667,0.425960618622449
39adf62b4,True,0.234225,0.38602120535714285
aca9ddee7,True,0.205375,0.34470663265306123
08710204e,True,0.3455960648148148,0.5866151147959183
f557e9262,True,0.13802662037037036,0.22415098852040816
169fc07e1,True,0.206625,0.35965401785714285
25e0e0edf,True,0.24532958984375,0.2936264349489796
ed5c2d9dd,True,0.32501875,0.4153579400510204
1c3f75c04,True,0.14775634765625,0.18622448979591838
8bc346340,True,0.253701171875,0.42360889668367346
e808828dc,True,0.2774421296296296,0.4829599808673469
ed5b8276f,True,0.2851107460731579,0.44363839285714285
dcb42ee1e,True,0.48500625,0.6125239158163265
82a97cd8d,True,0.21989197530864196,0.43885522959183676
cd2fd9be8,True,0.08342416464493747,0.14465082908163265
81c4d25d6,True,0.386825,0.49978077168367346
c13da6b92,True,0.3900696864111498,0.5476323341836735
db61b1f31,True,0.3532,0.5073341836734694
3c778df64,False,0.0,
530b7bcec,True,0.2600213675213675,0.36559311224489793
3f0c30d12,True,0.08551111111111111,0.14839764030612246
865619d53,True,0.45948125,0.5334223533163265
7c542e43e,True,0.48585833333333334,0.6216717155612245
c55e9baaf,True,0.31034644194756555,0.4514110331632653
22d381889,True,0.4849168912848158,0.6301419005102041
c8be7beff,True,0.2945703125,0.46426578443877553
27830acaa,True,0.22368998829039813,0.24587452168367346
3fbc3fa12,True,0.10854745370370371,0.16483976403061223
e08c4940e,True,0.3989927905004241,0.5047034438775511
b543331f4,True,0.31697303921568626,0.40957828443877553
1250404cf,True,0.3698291015625,0.4828404017857143
ea9d28227,True,0.3091387959866221,0.49758848852040816
07227963b,True,0.28694878472222224,0.4456313775510204
035992662,True,0.3515760633680556,0.4333545918367347
5ac0ddea0,True,0.23455,0.38119818239795916
86f4297b4,True,0.12284451659451659,0.16583625637755103
35bbdb5fd,True,0.22388599537037038,0.47425063775510207
76042f693,True,0.25375,0.4271962691326531
807ba246d,True,0.18079166666666666,0.23935746173469388
b7c0b9180,True,0.184375,0.31112484056122447
765bd139e,True,0.4033307926829268,0.5056999362244898
bb817b755,True,0.23394218530619743,0.30189732142857145
7117385a0,True,0.5090228873239436,0.6643016581632653
fee5e43b2,True,0.19165905532359082,0.32627152423469385
2bd8e5830,True,0.22933946488294316,0.36581234056122447
22a0baf52,True,0.2030805243445693,0.2731385522959184
98231df17,True,0.45395484949832776,0.6117665816326531
2bf49ebb9,True,0.43875,0.5166414221938775
58ee93558,True,0.24762700534759358,0.34436782525510207
f28c8090d,True,0.5234953703703704,0.7351124043367347
2485efd0a,True,0.20666341145833333,0.30959024234693877
a21f5e84b,True,0.1642074074074074,0.2080676020408163
4fdebca57,True,0.4665162037037037,0.5559430803571429
46e25aa2b,True,0.2601833333333333,0.43241788903061223
58a414b45,True,0.3740452809601746,0.6262755102040817
75642f3e5,True,0.429409594095941,0.6104711415816326
86d20d7e4,True,0.26145,0.44082828443877553
39444f259,True,0.35335,0.5682796556122449
2fbf2cb7c,True,0.3253877314814815,0.48373724489795916
bd0a144b0,True,0.40955,0.5197704081632653
a009a2f0f,True,0.09726236979166666,0.16766980229591838
76b818bdb,True,0.16015,0.27250079719387754
2463e0981,True,0.2006172839506173,0.23594945790816327
863262193,True,0.06685185185185186,0.10700334821428571
f665c5189,True,0.4241487323113208,0.7219188456632653
b03983a09,True,0.23739375,0.3007214604591837
0434520ef,True,0.3745583333333333,0.45284598214285715
a22cc0413,True,0.24961289414414414,0.3112244897959184
24bbd04ce,True,0.3990110759493671,0.6439732142857143
4d76c16ab,True,0.2774363425925926,0.4543407206632653
08dfce1e7,True,0.27384166666666665,0.456851881377551
11db3b853,True,0.15713734567901236,0.3497289540816326
267162afd,True,0.39279135338345866,0.6579241071428571
88487194e,True,0.48149094626168226,0.7875677614795918
f026fa4b5,True,0.15107023411371237,0.25404575892857145
43c661026,True,0.3991416666666667,0.48036910076530615
a1b34954b,True,0.3615216201423098,0.5341398278061225
e7b201da2,True,0.28092723004694836,0.35447225765306123
e6335223e,True,0.36439166666666667,0.6018813775510204
8e3b1dcd1,True,0.14786666666666667,0.25392617984693877
1ef39cee1,True,0.1345486111111111,0.14700255102040816
96ad2141c,True,0.3855613425925926,0.5063576211734694
a61da96ad,True,0.194375,0.33793048469387754
77035285f,True,0.18009837962962963,0.28659119897959184
5074cf806,True,0.5881827731092437,0.7582509566326531
88b60278f,True,0.3107916666666667,0.3438695790816326
c4277da90,True,0.2072003745318352,0.4046157525510204
8c7b2f093,True,0.29756944444444444,0.4783960459183674
f819c7b65,True,0.36311036789297657,0.5227000956632653
6e5f03ddf,True,0.2841575766509434,0.47518734056122447
d52f229d1,True,0.2964375,0.37705277423469385
7f40cce5f,True,0.40746909340659343,0.5587332589285714
b99644a34,True,0.31906828703703705,0.38978794642857145
6c4af5f08,True,0.21861111111111112,0.3184390943877551
2352b7f0e,True,0.26655,0.4323182397959184
bf8aa8f96,True,0.4062593984962406,0.6311184630102041
11e6c4d80,True,0.37955188679245283,0.469547193877551
f2ac99dfe,True,0.405775,0.5986128826530612
fb442ee5e,True,0.39093247588424435,0.4451929209183674
618f4931a,True,0.24176666666666666,0.40987723214285715
da7fe1120,True,0.26560185185185187,0.3688217474489796
d4b5c41ac,True,0.35527006172839504,0.5943877551020408
88a5b8318,True,0.21121993127147767,0.28884327168367346
3ebe9f7af,True,0.24390625,0.3786471619897959
21bebd773,True,0.18056666666666665,0.3083545918367347
bc9036716,True,0.27214166666666667,0.3854830994897959
363e8df66,True,0.1658163848263254,0.25328842474489793
cb5ecf136,True,0.2538151041666667,0.5373086734693877
353187b3d,True,0.2650515507658365,0.4115712691326531
fa1608a29,True,0.21598958333333335,0.35062579719387754
d18218a56,True,0.26262068965517243,0.4122688137755102
f3b29563b,True,0.25483333333333336,0.4043566645408163
a62fcea51,True,0.3914485677083333,0.5220623405612245
1b3dcf712,True,0.1304248046875,0.16964285714285715
fe22cc3da,True,0.255570987654321,0.2440609056122449
d0aa84916,True,0.4583637873754153,0.7133091517857143
cefba5d32,True,0.5916833333333333,0.7101203762755102
64f06dc3b,True,0.21933166248955724,0.3772520727040816
774de959c,True,0.2919983277591973,0.4769810267857143
a479a1a6a,True,0.09170138888888889,0.1595184948979592
1f470d9f4,True,0.41190878378378376,0.38466597576530615
3c155e05c,True,0.2378133704735376,0.38356983418367346
ad937498b,True,0.6115583333333333,0.8069794323979592
b89c365c3,True,0.2585570987654321,0.39913504464285715
8044a4f7e,True,0.16376953125,0.32286352040816324
5d822305a,True,0.19283054003724395,0.27804129464285715
451d17b57,True,0.11960205078125,0.15650908801020408
b5b6b9398,True,0.470225,0.7498007015306123
1afdc26fa,True,0.2765711805555556,0.4478037308673469
fe4b30cfb,True,0.34725,0.5773676658163265
4199f1957,True,0.26263310185185185,0.40383848852040816
c81a8045f,True,0.2604440069991251,0.42478475765306123
9cda44cdf,True,0.1797,0.3850845025510204
30506e8c1,True,0.265252808988764,0.42881058673469385
6b6d2c65f,True,0.3953623188405797,0.7917530293367347
cc0d4cec3,True,0.40168333333333334,0.5474529655612245
3c29e8689,True,0.252025,0.4025031887755102
bd7b805ba,True,0.100525,0.1660953443877551
8b9c38ed2,True,0.16924153645833334,0.2606823979591837
aaca75307,True,0.12283333333333334,0.21434550382653061
bd70d885d,True,0.17585974880382776,0.23423549107142858
c38afccab,True,0.6308444816053512,0.8557876275510204
f5e706014,True,0.03993815104166667,0.06313775510204081
276ce7f3a,True,0.11205827067669173,0.19052933673469388
ac384792b,True,0.5622112462006079,0.6594786352040817
be579e6ed,True,0.3495007852462015,0.44038982780612246
d0bf2b3bf,True,0.3372928571428571,0.45509805484693877
d867c4016,True,0.24325833333333333,0.4208984375
e9a854207,True,0.18636067708333334,0.3045280612244898
774289137,True,0.14363333333333334,0.23200334821428573
42b4b0024,True,0.284325,0.4840760522959184
5b1528841,True,0.24623263888888888,0.5050821109693877
a144cca8c,True,0.32295555555555555,0.5818120216836735
ecafbb542,True,0.055983333333333336,0.09215561224489796
4033fee1a,True,0.20098888888888888,0.33492107780612246
5f1896e5d,True,0.2023,0.3485132334183674
ee6601d0b,True,0.3823166666666667,0.3913424744897959
156da1714,True,0.5728135313531353,0.7531289859693877
924373704,True,0.191725,0.25001992984693877
4263cc9ed,True,0.13113333333333332,0.21578045280612246
0910c13a3,True,0.32006920415224915,0.45358338647959184
5d3ee6378,True,0.11179398148148148,0.19395727040816327
42a28c241,True,0.39785300925925926,0.5782844387755102
a86bbc71f,True,0.2418287037037037,0.35060586734693877
5962cfdd9,True,0.1711111111111111,0.35154257015306123
f4d945501,True,0.06716435185185185,0.11704799107142858
bdfe6125d,True,0.317392578125,0.3876355229591837
4e8ae40c0,True,0.26491319444444444,0.5636957908163265
ddb95945a,True,0.544075,0.6815011160714286
453125325,True,0.24036458333333333,0.333805006377551
5c92de3f6,True,0.20947337962962964,0.29276945153061223
41175dcb5,True,0.2600504322766571,0.3449657206632653
e24b153bb,True,0.20948529411764705,0.39401307397959184
edf74226c,True,0.040005787037037034,0.06957509566326531
99b263dea,True,0.19192708333333333,0.37814891581632654
454607f26,True,0.12641975308641976,0.158203125
30669fef4,True,0.8188666666666666,0.9087013711734694
3cf06742b,False,0.0,
059baa037,True,0.1497482638888889,0.34141820790816324
888c22eb5,True,0.2755591150870406,0.43516820790816324
d3a92c453,True,0.3947643709699547,0.5669244260204082
f0a4b28f6,True,0.14181327160493828,0.32896205357142855
bc4b95345,True,0.20700374531835206,0.40395806760204084
5776e3791,True,0.14267746913580248,0.30410953443877553
553752e54,True,0.30827819664563777,0.4003308354591837
08767d88e,True,0.32845,0.43594547193877553
076ec7e18,True,0.35369791666666667,0.5195113201530612
fed799a78,True,0.12483217592592592,0.21755420918367346
426bb5e4c,True,0.17043333333333333,0.3960060586734694
f08b9d3c3,True,0.45990751121076234,0.5402582908163265
71deb8267,True,0.20582912063908132,0.3434909119897959
d412201f6,True,0.38365,0.4950573979591837
f6510f0c2,True,0.19513333333333333,0.33011798469387754
766c2cd92,True,0.22283333333333333,0.3824936224489796
2d725d001,True,0.193937265917603,0.33559869260204084
6ee8964b0,True,0.10291666666666667,0.1677295918367347
563eaa005,True,0.31995833333333334,0.4657007334183674
91e663cd2,True,0.221925,0.35897640306122447
33f28ad35,True,0.16289351851851852,0.27989477040816324
80a2e14af,True,0.17766666666666667,0.29551977040816324
0e736f310,True,0.11869286216596343,0.15678810586734693
f5768c4e2,True,0.47587209302325584,0.4510124362244898
2f3bed708,True,0.5248704663212436,0.6701809630102041
1d4940497,True,0.3557928240740741,0.4995017538265306
2288c4fc6,True,0.31381591796875,0.3777702487244898
3a8f89229,True,0.34344994145199065,0.6418606505102041
3f03da51e,True,0.265825,0.43594547193877553
e77b5a78f,True,0.2769140625,0.36170679209183676
a6f768f75,True,0.4720609756097561,0.6958107461734694
92d4c1513,True,0.13953333333333334,0.2373844068877551
27b708edc,True,0.2871549479166667,0.47496811224489793
a3e73475f,True,0.1251925192519252,0.24182876275510204
13426c720,True,0.3971622562674095,0.5237165178571429
8a0cfdd56,True,0.09170138888888889,0.21287069515306123
686b90dfc,True,0.2557664960182025,0.5235172193877551
b188b50cd,True,0.4947,0.6390505420918368
960f1a1d8,True,0.333725,0.5376275510204082
31144a6be,True,0.4077038750722961,0.5493662308673469
8c28914a9,True,0.3832426778242678,0.5086894132653061
a3449e0d0,True,0.002458333333333333,0.0
1f0bb9d58,True,0.432875,0.6306800063775511
b1988cdd5,True,0.47857638888888887,0.6370974170918368
309f63a00,True,0.378089712684114,0.4963528380102041
beea1e1dd,True,0.21917724609375,0.2730189732142857
01dc16c21,True,0.5805859375,0.6536192602040817
aba03a4c5,True,0.2739416666666667,0.4451530612244898
111748c15,True,0.17329166666666668,0.291194993622449
e78e9736a,True,0.3235,0.4802295918367347
827ac9a9f,True,0.2217391304347826,0.3868781887755102
8390dbef8,True,0.45137939453125,0.5686782525510204
2bcab4c4e,True,0.225475,0.38301179846938777
a2b34e983,True,0.4085416666666667,0.6190011160714286
9df9b11b1,True,0.311437037037037,0.5021125637755102
567c1ab71,True,0.18844907407407407,0.3760363520408163
d0b5fece1,True,0.45309166666666667,0.6854671556122449
bf2f22377,True,0.06533564814814814,0.11367984693877552
f7b84bc3b,True,0.10901111111111111,0.2413703762755102
e570d64ac,True,0.14578857421875,0.1903499681122449
8111f6d4a,True,0.1408768656716418,0.27266023596938777
45d1d74ca,True,0.12866512345679013,0.2838608099489796
60e5899e2,True,0.1257523148148148,0.2185905612244898
949fbd095,True,0.1884259259259259,0.31600765306122447
d94f98004,True,0.4529108796296296,0.6793885522959183
9d8e820b0,True,0.29688333333333333,0.4782764668367347
9316ce78a,True,0.10115833333333334,0.17189492984693877
d4066ef07,True,0.20070987654320988,0.327327806122449
916c891aa,True,0.34664930555555556,0.6478993941326531
bb4e0ddb3,True,0.41302240684793556,0.6427574936224489
6e21edd32,True,0.4241638795986622,0.6594786352040817
de7905c9c,True,0.28355902777777775,0.45332429846938777
5d622bf92,True,0.26732060185185186,0.3780492665816326
e6d60a265,True,0.51870849609375,0.6108896683673469
b5cb75a44,True,0.4008583333333333,0.5871133609693877
0e5d845dc,True,0.33665,0.5246133609693877
aece30836,True,0.37806987000928505,0.46157525510204084
fc7f99ad7,True,0.27230902777777777,0.30795599489795916
c1653516e,True,0.28565555555555555,0.5577965561224489
74c7373bd,True,0.1867939814814815,0.31269929846938777
94dc821ee,True,0.2643333333333333,0.3694595025510204
e32467940,True,0.399808495821727,0.4989038584183674
cb860243c,True,0.5058680555555556,0.6695033482142857
fe74d6173,False,0.0,
5220e701f,True,0.1429255610290093,0.32029257015306123
85c65d28b,True,0.3086111111111111,0.6008051658163265
4d3e3a146,True,0.37213235294117647,0.5763711734693877
0a949618f,True,0.1996875,0.31094547193877553
4813a0d67,True,0.278515625,0.456851881377551
c5422c04b,True,0.3776041666666667,0.5538703762755102
acc81bdf5,True,0.4622222222222222,0.5568000637755102
bb6276b35,True,0.18254050925925927,0.3169443558673469
7b9cd9253,True,0.2922992700729927,0.4859095982142857
dad58d0a7,True,0.002025,0.003786670918367347
3fbc4677d,True,0.495175,0.7852758290816326
c93e63352,True,0.2561979166666667,0.41587611607142855
f69a878a6,True,0.438075,0.6804049744897959
91471cf89,True,0.2312789351851852,0.3701769770408163
8b84922ac,True,0.511875,0.6590003188775511
e97446c37,True,0.13852723915050785,0.23425542091836735
5390fc59f,True,0.19389372822299653,0.29918686224489793
655eaa578,True,0.559,0.7903180803571429
aef2fa931,True,0.1869184455391352,0.4248644770408163
332ae5ab2,True,0.13523726851851853,0.23521205357142858
1bc9bf272,True,0.28748263888888886,0.45364317602040816
4b4bb2b0a,True,0.22067241379310346,0.3956672512755102
b7a55f716,True,0.5525952035385998,0.6883769132653061
3166b0f31,True,0.16463210702341138,0.22034438775510204
afab70239,True,0.4499916666666667,0.6097735969387755
fc96276a7,True,0.25245819397993313,0.3872568558673469
9104803d9,True,0.20748046875,0.35720264668367346
20e4dbf48,True,0.4281651376146789,0.5961216517857143
66bf65c82,True,0.36863207547169813,0.6342873086734694
813658b4b,True,0.4245756172839506,0.48074776785714285
965b31ba7,True,0.4911,0.6894331951530612
b8084fe32,True,0.3837333333333333,0.5846221301020408
27867018b,True,0.31243333333333334,0.4460499043367347
52820e80e,True,0.29421875,0.47032445790816324
b65fd06e2,True,0.5301822916666666,0.8419961734693877
c0b5e6036,True,0.3174666666666667,0.5330038265306123
300c91d3a,True,0.2480150462962963,0.43124202806122447
b94b99757,True,0.4270180221111616,0.7258051658163265
71ec53012,True,0.48774088541666666,0.5641143176020408
3f169c299,True,0.47713362068965515,0.6468231823979592
36e1415c8,True,0.2419212962962963,0.48441485969387754
dfe361097,True,0.4219833333333333,0.4872249681122449
3f3962d65,True,0.36952546296296296,0.5815728635204082
4747bead4,True,0.10746826171875,0.1402861926020408
4cc49be2a,True,0.39288194444444446,0.5949856505102041
91736f444,True,0.3136033950617284,0.5180165816326531
64ea72fca,True,0.17413333333333333,0.30301339285714285
029641a1a,True,0.19331766917293233,0.3774513711734694
fd7f76b49,True,0.4254943641827081,0.5441645408163265
453750088,True,0.5088881909547739,0.6777144451530612
aa32ec730,True,0.1871067415730337,0.2634327168367347
75fa09239,True,0.14326666666666665,0.31150350765306123
cecb3b8ef,True,0.2828555555555556,0.6017020089285714
4bdbeb107,True,0.37797932330827066,0.6267737563775511
9141b7803,True,0.3198166666666667,0.47560586734693877
7f33563b9,True,0.41199166666666664,0.6257971938775511
470e49e41,True,0.23044166666666666,0.3690210459183674
61da44459,True,0.35140046296296296,0.4742904974489796
c787ee619,True,0.227395443196005,0.32987882653061223
ee4cb45ea,True,0.42070833333333335,0.6098533163265306
35dcf4794,True,0.3040995654396728,0.48264110331632654
ea9ad03dc,True,0.23835833333333334,0.3793845663265306
cc081896e,True,0.36765637371338084,0.39369419642857145
346c5abcd,True,0.31157552083333334,0.5240353954081632
9a1be07d5,True,0.23280833333333334,0.39058514030612246
2ccf25b91,True,0.11447337962962963,0.1945750956632653
8648922dd,True,0.20002278645833332,0.24537627551020408
7dc33902f,True,0.6162973484848485,0.7921316964285714
1c16e813b,True,0.331575,0.48074776785714285
423c5b45f,True,0.1365551839464883,0.22496811224489796
40f17b3a1,True,0.4984780092592593,0.6452885841836735
081c0a12d,True,0.330225,0.5281608737244898
eb30d51aa,True,0.4820333333333333,0.7536471619897959
f31cebfd0,True,0.19523333333333334,0.3197544642857143
ed390241b,True,0.5533083333333333,0.6738879145408163
40d7cb083,True,0.10081666666666667,0.17592075892857142
4a762f7ab,False,0.0,
ff9ce365b,True,0.5967222982216143,0.7213608099489796
1ba29c00b,True,0.4116561025943396,0.6409438775510204
05d10428c,True,0.12909722222222222,0.29878826530612246
86c131c22,True,0.22074166666666667,0.30580357142857145
a118d66aa,True,0.2817415730337079,0.43168048469387754
997653f86,True,0.1461574074074074,0.29380580357142855
ac31057e6,True,0.1821219135802469,0.4139429209183674
aaeb4781c,True,0.3733392857142857,0.45224808673469385
14084c784,True,0.03145833333333333,0.0548469387755102
3fcf1b40a,True,0.3659833333333333,0.4916892538265306
4eb30abb2,True,0.2284378186421012,0.3013392857142857
6806f15f3,True,0.6471322016460905,0.7414102359693877
c15d26817,True,0.34509114583333333,0.48190369897959184
a1ba2f016,True,0.38326875,0.47530691964285715
3fa277b19,True,0.4379784688995215,0.34801498724489793
6c71db5b5,True,0.2758371944621702,0.40140704719387754
a8057f0a8,True,0.33845833333333336,0.5638153698979592
95e92b082,True,0.3376323664825046,0.5060188137755102
f3c8fda0f,True,0.6182375,0.713249362244898
dd4b67059,True,0.085575,0.07712850765306123
a7b53e5ca,True,0.3394,0.5520766900510204
55cdf4eda,True,0.131125,0.22773836096938777
25f055b91,True,0.3366416666666667,0.44413663903061223
5c1f1a317,True,0.08924768518518518,0.15525350765306123
6e441b406,True,0.3056539351851852,0.47594467474489793
0fe9d0022,True,0.075025,0.13036112882653061
5d7c27d43,True,0.38449438202247194,0.6669921875
19af88854,True,0.22864583333333333,0.37203045280612246
b623d9449,True,0.4291583333333333,0.6862444196428571
d99ea593a,True,0.22097701149425286,0.3428531568877551
4db543276,True,0.4223453749315818,0.7121532206632653
bf537cdb3,True,0.15926113360323887,0.2685546875
e2aa20dbd,True,0.26327956989247314,0.14219945790816327
bb9e47b4a,True,0.18323333333333333,0.31871811224489793
b17f7a1fc,True,0.38753472222222224,0.5196109693877551
107c30c6d,True,0.1123,0.1962292729591837
0833744e6,True,0.1028735632183908,0.2369658801020408
55ccb364d,True,0.39183703271028036,0.5640744579081632
92d1612f0,True,0.23742476851851851,0.33109454719387754
4d8bc908b,True,0.6079179331306991,0.7131497130102041
41c83dda8,True,0.18563720703125,0.24133051658163265
7a5b854f0,True,0.11847222222222223,0.20475924744897958
d4b2dcfb6,True,0.4744889705882353,0.6196388711734694
8d39e0fa1,True,0.402,0.6586415816326531
56856fe73,True,0.21304783950617284,0.4499362244897959
749afb385,True,0.17555338541666668,0.283023756377551
9acd96273,True,0.4247,0.4698062818877551
ebb74d225,True,0.22376666666666667,0.403499681122449
daad5c208,True,0.3821,0.7554209183673469
b2e46582a,True,0.17531901041666667,0.2794164540816326
65650b974,True,0.4874222222222222,0.6869818239795918
b4d7cbe8b,True,0.16538541666666667,0.3170639349489796
13d30c173,True,0.6009331597222223,0.9368024553571429
77d38bd16,True,0.2292018469656992,0.3139150191326531
36d7fc2c5,True,0.3417030201342282,0.46982621173469385
39fb68722,True,0.3981076388888889,0.5425701530612245
b497fb8eb,True,0.1563345864661654,0.29813058035714285
faf64d6a6,True,0.18555833333333333,0.2977917729591837
75f574b0a,True,0.3933833333333333,0.6159319196428571
1c07c6ee5,True,0.36523255813953487,0.5849609375
21f4a6abf,True,0.249638671875,0.4270169005102041
72f891e55,True,0.36282470703125,0.44088807397959184
854edf08f,True,0.24315555555555557,0.5414341517857143
29ca8f313,True,0.40943005181347153,0.5764110331632653
c9d333b09,True,0.17216471354166665,0.29984454719387754
f5e35ea02,True,0.33138686131386863,0.5498246173469388
b0d54f76e,True,0.4082914201183432,0.5601682079081632
97ce22dae,True,0.3952994791666667,0.4731544961734694
8039a31ae,True,0.12552083333333333,0.21767378826530612
5208915a3,True,0.17987268518518518,0.3132374043367347
abfcb22bc,True,0.10132731253420908,0.23475366709183673
bed5b657b,True,0.3048037542662116,0.5242745535714286
399856928,True,0.37051666666666666,0.4705436862244898
8ad959e57,True,0.08689107827038861,0.20049426020408162
2c46efe8f,True,0.16734700520833334,0.2893614477040816
f600368fb,True,0.22709302325581396,0.3159677933673469
a6cbd39c2,True,0.32338741987179487,0.5684590242346939
f3c7e1bf4,True,0.10249421296296296,0.1787109375
a906ff5f5,True,0.32918333333333333,0.5115593112244898
bdc5ffaba,True,0.4145131086142322,0.6363799426020408
4a27c67eb,True,0.5814666666666667,0.6789102359693877
1ad691ca4,True,0.21822742474916387,0.35861766581632654
7827eee65,True,0.5153166666666666,0.6300422512755102
da4da9308,True,0.21195746527777778,0.4778380102040816
f4bc92fc6,True,0.13185532950791168,0.2852359693877551
485bebd4f,True,0.5486583333333334,0.8056042729591837
1fe400328,True,0.24754115226337448,0.3930165816326531
c8b79357a,True,0.1991807116104869,0.2666613520408163
ec5670386,True,0.18601123595505617,0.35648517219387754
13fb61859,True,0.19933449074074075,0.3441884566326531
461b33f39,True,0.20196629213483147,0.3653938137755102
7c9dc0791,True,0.43020833333333336,0.6435945471938775
f53be74bd,True,0.2915333333333333,0.4899952168367347
9414e54b1,True,0.21176597582037995,0.2439811862244898
8685546cb,True,0.35543836805555556,0.6203762755102041
f8b827be1,True,0.3966071428571429,0.4554966517857143
ee9e87618,True,0.093070987654321,0.19903938137755103
72e76bc9b,True,0.2112094395280236,0.35606664540816324
c2490d2cf,True,0.3858786610878661,0.5486686862244898
34d0c00d6,True,0.45171553054370517,0.5543486926020408
9d5f190cf,True,0.15738721804511277,0.24559550382653061
8c1fd43ef,True,0.2233822601010101,0.44690688775510207
bb5162df6,True,0.44712337662337664,0.5721061862244898
f152b2fd4,True,0.223925,0.29239078443877553
eed4b685b,True,0.1391,0.23854033801020408
52ffdc6c2,True,0.10474402730375426,0.1865234375
2ba8bb04a,True,0.22597368421052633,0.3094905931122449
214dbc1f4,True,0.4247075471698113,0.6582828443877551
38f6d8ab9,True,0.15968227424749165,0.2795360331632653
da4a5403d,True,0.10886574074074074,0.19826211734693877
22cf2902d,True,0.6315509259259259,0.7127311862244898
c6c6adc4a,True,0.17030839895013122,0.22498804209183673
21c3157e8,True,0.333925,0.42123724489795916
fa27f275a,True,0.5313333333333333,0.5971380739795918
198a73c5e,True,0.11067232375979112,0.15118781887755103
377d9bef6,True,0.2743923611111111,0.43843670280612246
c8172e598,True,0.33728271484375,0.4301658163265306
576f4893f,True,0.5802446256486287,0.8124402104591837
b0a24f910,True,0.32600125944584385,0.4276546556122449
3584bf68a,True,0.2158058449074074,0.32583306760204084
3c008b0b7,True,0.15444352159468439,0.2437420280612245
d3ac21f5d,True,0.05283854166666667,0.07848373724489796
615f5dc85,True,0.36079588014981273,0.5975765306122449
2db00a064,True,0.26945696721311474,0.4590640943877551
a2b226c6c,True,0.30868729096989966,0.41493941326530615
9827921f8,True,0.33846491228070175,0.4846340880102041
d1bfba974,True,0.440625,0.647819674744898
61ac348d1,True,0.17378858024691357,0.34311224489795916
60bc5ce92,True,0.4663425925925926,0.6486567283163265
9024c21fc,True,0.23562720848056537,0.3779296875
994450113,True,0.4131766917293233,0.5829878826530612
6bed4e9d5,True,0.32533962264150945,0.5718869579081632
b780980c1,True,0.07231666666666667,0.12607621173469388
10b669bea,True,0.32601437699680513,0.4901745854591837
5b214efd1,True,0.15461610486891386,0.30082110969387754
5d00ca4d0,True,0.7488628762541806,0.9153180803571429
261a88440,True,0.2869642857142857,0.46641820790816324
e0e241d57,True,0.4285519284386617,0.6039341517857143
3005b75eb,False,0.0,
8c75e5189,True,0.38008333333333333,0.5444036989795918
0e88c1c1c,True,0.2231860902255639,0.4018455038265306
c17b66965,True,0.23772376543209878,0.46474410076530615
35ce89b5c,True,0.14658203125,0.1913464604591837
01e410583,True,0.35457269914926526,0.5132932079081632
4bbc7992a,True,0.38784423828125,0.48598931760204084
eb77432cd,True,0.0632,0.14383370535714285
9a0db11a9,True,0.2522800925925926,0.3796436543367347
65a7711bd,True,0.483154296875,0.6876395089285714
8ece5f3ba,True,0.16508333333333333,0.28186782525510207
3497c1ad0,True,0.2643,0.33302774234693877
7b25498d6,True,0.6183101851851852,0.7502391581632653
eb79f1cfa,True,0.4950492004920049,0.681640625
76024f2ed,True,0.30064166666666664,0.46275111607142855
6edcc1f1b,True,0.5601916666666666,0.7504583864795918
aba512b8f,True,0.330630787037037,0.49352279974489793
dcdf98438,True,0.3168201754385965,0.4684909119897959
47d68f63c,True,0.14531982421875,0.1900310905612245
9679275a3,True,0.26457831325301207,0.3917211415816326
8717133d3,True,0.4657021604938272,0.6797871492346939
ef80d0222,True,0.4264148148148148,0.6815210459183674
fb89569d8,True,0.274725,0.43144132653061223
b256f479c,True,0.23331666666666667,0.34998804209183676
f3db279d0,True,0.5523388364779874,0.6612723214285714
35fc0fd89,True,0.30733333333333335,0.5014548788265306
8300e943e,True,0.3244849537037037,0.4546396683673469
c2386bba2,True,0.6071161048689139,0.7731186224489796
2c401c793,False,0.0,
c55f2f503,True,0.11006270226537217,0.16745057397959184
e03ec2a98,True,0.23011574074074073,0.36818399234693877
8c7dbce06,True,0.768058608058608,0.8490314094387755
d9cf525bb,True,0.5726604278074866,0.7720025510204082
f85ae1408,True,0.2264,0.3866589604591837
0e1f78a77,True,0.09770833333333333,0.16978236607142858
d0a66003d,True,0.11622222222222223,0.26070232780612246
d3f157880,True,0.16922932330827067,0.3315927933673469
de2d4f372,True,0.2818083333333333,0.44333944515306123
bb2cbdb23,True,0.2918777777777778,0.4506138392857143
e97e1afc1,True,0.32216666666666666,0.5291772959183674
867057e77,True,0.1597145061728395,0.314632493622449
d2f333b86,True,0.4189833333333333,0.5065569196428571
248eca1fa,True,0.44922881355932204,0.6342873086734694
d6b0d8aa9,True,0.23129166666666667,0.3620057397959184
24e2a6ff5,True,0.21063333333333334,0.33278858418367346
8ef541435,True,0.48080833333333334,0.6536192602040817
2bf818d30,True,0.47467122395833333,0.5648517219387755
24379b58d,True,0.21439314901756215,0.3901267538265306
7cd4ec150,True,0.3201215277777778,0.5239756058673469
0a796c967,True,0.41070833333333334,0.6122448979591837
38ea54f1f,True,0.37035300925925924,0.5179767219387755
f50d4f5bc,True,0.43601666666666666,0.6153738839285714
d8df310c9,True,0.24470679012345678,0.49232700892857145
bd263a880,True,0.30075,0.5167610012755102
9e3d235d8,True,0.31139622641509435,0.47110172193877553
7cbf39f49,True,0.16541977611940298,0.31798070790816324
1f82b8bf0,True,0.1069386574074074,0.18377311862244897
9a48cc316,True,0.30666666666666664,0.6401865433673469
076a67405,True,0.07140167364016736,0.1502311862244898
e5ea737ec,True,0.2610498046875,0.31710379464285715
8b9a9eac7,True,0.42268333333333336,0.6889349489795918
9817c3ef1,True,0.1748148148148148,0.3041493941326531
506bacb46,True,0.2355324074074074,0.43785873724489793
ee83e7a09,True,0.2211466165413534,0.4286511479591837
3bf7bccc9,True,0.33509375,0.4250438456632653
d8179f4d9,True,0.38975,0.5710100446428571
70a7a71fe,True,0.26609962406015036,0.4685905612244898
67e6db7dc,True,0.3565384615384615,0.5815728635204082
abf1716a9,True,0.447183908045977,0.7464923469387755
846ca7805,True,0.2611182259960352,0.455875318877551
df091dc6b,True,0.7363,0.9426020408163265
caa16cc3c,True,0.12802408854166666,0.22237723214285715
ae089cd20,True,0.34560568086883875,0.4034797512755102
b5e7e4539,True,0.195575,0.32547433035714285
838b5c426,True,0.2869097222222222,0.3817163584183674
67888f9fc,True,0.18429166666666666,0.2548230229591837
121abd2ba,True,0.27255,0.41661352040816324
b48b65ef2,True,0.1798,0.25442442602040816
ef0b07c6b,True,0.6004083333333333,0.8632214604591837
219bf9c22,True,0.23010802469135802,0.4377989477040816
38a780df6,True,0.42175335570469796,0.6375159438775511
79786edcd,True,0.386724537037037,0.5937101403061225
f05665d6d,True,0.246725,0.40573182397959184
7d86df9b0,True,0.11457175925925926,0.19935825892857142
d8f9d07f2,True,0.13336805555555556,0.23216278698979592
146f076cf,True,0.38492476851851853,0.5808354591836735
a8de0737e,True,0.143025,0.24611367984693877
b041aab9f,True,0.348623595505618,0.6144969706632653
e303359a7,True,0.27115384615384613,0.455078125
26988350b,True,0.24194166666666667,0.4016262755102041
a371e0164,True,0.45714285714285713,0.7299904336734694
9f88f23a4,True,0.17560546875,0.30576371173469385
279a5187c,True,0.3553472222222222,0.7152622767857143
a8267c4eb,True,0.30095559845559844,0.4503547512755102
b7d2d752f,True,0.53923828125,0.6193797831632653
141b5d279,True,0.28960766423357664,0.46861049107142855
cf357f057,True,0.14477430555555557,0.25157445790816324
b1307cb03,True,0.3276736111111111,0.4468470982142857
02c7d1b74,True,0.5140666666666667,0.8997130102040817
9f40dbc58,True,0.14530154789719626,0.2412906568877551
6ea65996b,True,0.21475833333333333,0.3488919005102041
46687a6d1,True,0.3332638888888889,0.5476522640306123
84d1eb4ab,True,0.18291666666666667,0.26955117984693877
357707ba7,True,0.19716555183946488,0.28419961734693877
506fa1d6e,True,0.4625,0.6764987244897959
aef6836e4,True,0.3650777777777778,0.6034757653061225
26e02fdeb,True,0.16744186046511628,0.22417091836734693
6968f86dd,True,0.33288194444444447,0.5342793367346939
59f987236,True,0.24367210682492582,0.34939014668367346
b2d7d59c9,True,0.11893812709030101,0.20511798469387754
31b7a54b6,True,0.11813758389261746,0.20216836734693877
18b6fc5f0,True,0.21771535580524345,0.3910435267857143
b76e8c452,True,0.24840277777777778,0.46986607142857145
72519f841,True,0.212025,0.3688416772959184
ff618d36f,True,0.14758101851851851,0.2553810586734694
2fa65607f,True,0.1099469964664311,0.20210857780612246
f743a63aa,True,0.1587890625,0.3346420599489796
cd2b84b66,True,0.12299166666666667,0.21462452168367346
507e734af,True,0.12087191358024692,0.2790377869897959
e98e609ac,True,0.29336666666666666,0.4733338647959184
42d2aa0bf,True,0.19263535031847134,0.32027264030612246
8f15fc3d8,True,0.6533587257617729,0.8083147321428571
e1d40ecc1,True,0.32071875,0.4024234693877551
b66a5bd9d,True,0.3174826388888889,0.49563536352040816
34f6111bf,True,0.15790413533834585,0.3096500318877551
86228db7e,True,0.09811138725474775,0.21356823979591838
91fca388a,True,0.15806666666666666,0.2287547831632653
05aad3b3f,True,0.08468171296296297,0.14570711096938777
fdb71d0c8,True,0.4353666666666667,0.5513592155612245
63f2faf77,True,0.44,0.5770687181122449
0fd5ff08e,True,0.15898919753086418,0.1813018176020408
bfb19deda,True,0.04304398148148148,0.07465720663265306
d4beefae9,True,0.4585470085470085,0.5280612244897959
557f3e130,True,0.21748333333333333,0.36886160714285715
c84e9ae78,True,0.3542166666666667,0.5183753188775511
ff127e4d3,True,0.317487684729064,0.4926857461734694
550f8a3da,True,0.4395919689119171,0.5648317920918368
ff891d6b6,True,0.23193333333333332,0.3895288584183674
7648e56db,True,0.09791666666666667,0.17600047831632654
091a5da01,True,0.28360833333333335,0.46562101403061223
edd2ebd5e,True,0.20992476851851852,0.36487563775510207
b07678538,True,0.32195,0.4530054209183674
886d23c56,True,0.789729938271605,0.7577925701530612
fac19639c,True,0.011,0.01935188137755102
24fee0cc4,True,0.2167822749006667,0.34329161352040816
a6b5ed0f7,True,0.33905833333333335,0.4553172831632653
1882fa24c,True,0.1765817901234568,0.33559869260204084
7aae61018,True,0.196625,0.3122608418367347
f87489d3e,True,0.34476510067114097,0.5530532525510204
33a51709e,True,0.3820529513888889,0.4583266900510204
c45a57747,True,0.469970703125,0.5845224808673469
6f3f2899c,True,0.2614988425925926,0.3812978316326531
8cb6dfa5b,True,0.3366722408026756,0.5534319196428571
906308870,True,0.515725,0.6749043367346939
d2f3db726,True,0.2506404320987654,0.5200494260204082
4512e1ea8,True,0.4481056085918854,0.5979153380102041
98780fbb6,True,0.13853515625,0.24099170918367346
ee36e2198,True,0.27512731481481484,0.4326171875
8f38dbd18,True,0.28828476149050314,0.4364437181122449
da697d5ba,True,0.19415690104166666,0.33731265943877553
f9d9f8fd6,True,0.1012,0.1761798469387755
585a4d5b9,True,0.5808144416456759,0.7417291135204082
a0322013c,True,0.32473958333333336,0.43568638392857145
740d9759c,True,0.29839166666666667,0.458984375
f03af5072,True,0.2813252314814815,0.4260204081632653
3bbbccce4,True,0.27935763888888887,0.42615991709183676
0dc32d6fd,True,0.19394575678040246,0.3799426020408163
50ae3720b,True,0.48480833333333334,0.7516541772959183
24573b56d,True,0.5088,0.6866828762755102
28cc87730,True,0.43900568181818184,0.5564014668367347
e1d1b893a,True,0.5844666666666667,0.7290338010204082
2ef82137f,True,0.14726888020833334,0.25516183035714285
6f14bc8cd,True,0.23174781605648498,0.45400191326530615
570b3eb92,True,0.10733506944444444,0.2482860331632653
a86ec27e9,True,0.2366111111111111,0.3563855229591837
c421064dd,True,0.26659166666666667,0.44333944515306123
ef5fcd597,True,0.30972906403940886,0.572265625
ccbd1f9fc,True,0.08041087962962963,0.14010682397959184
e7cecd5d2,True,0.37329710144927536,0.5479512117346939
4b8db7cbe,True,0.11578380134053799,0.2272999043367347
0ba16b529,True,0.3132682291666667,0.4636280293367347
d08b5b163,True,0.31039351851851854,0.44949776785714285
4559bd457,True,0.30991319444444443,0.5272042410714286
335eacf2d,True,0.41551666666666665,0.5761120854591837
577d15fea,True,0.2657523148148148,0.38034119897959184
4756b380a,True,0.05769675925925926,0.10040656887755102
9d87fbd92,True,0.4100625,0.5084901147959183
4acf3e30e,True,0.3396827290076336,0.49254623724489793
1b1ddc50c,True,0.34044921875,0.5223612882653061
e267af6d8,True,0.10954166666666666,0.19023038903061223
befafd8d3,True,0.2926273148148148,0.37733179209183676
f928a7e7f,True,0.32101999036608864,0.5265664859693877
12c071b30,True,0.2971,0.35463169642857145
d2dd7e8c2,True,0.2454990671641791,0.32718829719387754
6e09bfe1f,True,0.44621666666666665,0.5807756696428571
e01f077a7,True,0.2511181640625,0.32613201530612246
b47109e90,True,0.15550751879699248,0.2756297831632653
efeabd288,True,0.2694833852544133,0.4602000956632653
d1a577692,True,0.12862222222222222,0.28105070153061223
5ab4df736,True,0.09466751918158568,0.10110411352040816
67d0b57eb,True,0.6609864672364673,0.7644292091836735
23e49bd2e,True,0.23801313628899837,0.4916294642857143
268cdb435,True,0.28196666666666664,0.4315609056122449
3f8824a3b,True,0.22180555555555556,0.379085618622449
af0494f60,True,0.32661666666666667,0.5013552295918368
3664119b9,True,0.2812727132142581,0.35226004464285715
59309ddf6,True,0.23885833333333334,0.3325892857142857
afefc6424,True,0.2111496913580247,0.43556680484693877
bf5d1a04c,True,0.39853333333333335,0.6413424744897959
5a60de180,True,0.35594166666666666,0.463687818877551
360215e23,True,0.28545,0.4686902104591837
04d4ce3a4,True,0.40555419921875,0.45553651147959184
4b02a097c,True,0.34844426406926404,0.5300342793367347
f2716e1e5,True,0.2119140625,0.35536910076530615
bd331b74e,True,0.28796666666666665,0.49320392219387754
96a35824d,True,0.13803059895833333,0.24019451530612246
2f51acf95,True,0.07570601851851852,0.13181600765306123
0a8746c09,True,0.4050930000586751,0.5639947385204082
aa07ee8b8,True,0.22359463276836158,0.39072464923469385
509180812,True,0.3867455896007428,0.5627391581632653
a9b7b72b4,True,0.31233217592592594,0.4639269770408163
591909a93,True,0.23432592592592594,0.3818359375
16c53ebf9,True,0.6392303240740741,0.9033402423469388
e9b641d69,True,0.16200520833333334,0.3760961415816326
9a6f2f7d3,True,0.20455,0.32310267857142855
9adf0f234,True,0.08140449438202248,0.15900031887755103
49ad94a6a,True,0.29575,0.47560586734693877
ee459f62d,True,0.1602888888888889,0.29274952168367346
a554dbeca,True,0.126044921875,0.21886957908163265
dd579722a,True,0.051146616541353385,0.10064572704081633
93ea39e5f,True,0.7464856902356902,0.8703364158163265
e1e2b0af4,True,0.30526315789473685,0.5960220025510204
d05933e84,True,0.21616512345679012,0.31734295280612246
cdcaefa4b,True,0.21086226851851853,0.31467235331632654
7a23819c1,True,0.20255401234567902,0.45764907525510207
a8eed143b,True,0.34476510067114097,0.5530532525510204
a4e4b1640,True,0.24274390243902438,0.34371014030612246
83b705aaa,True,0.4111666666666667,0.6378547512755102
ed9daa1ae,True,0.35836805555555556,0.494319993622449
2d7b61eb5,True,0.37661666666666666,0.4391940369897959
eb90062ec,True,0.4129119850187266,0.6221500318877551
2b9fd4034,True,0.1793478260869565,0.3071189413265306
e0667be3b,True,0.18040503557744936,0.4097377232142857
bbd8a4220,True,0.6312259615384616,0.7368463010204082
1f4871c30,True,0.14957175925925925,0.25332828443877553
5f79b840f,True,0.10585874799357946,0.1415218431122449
e0be7da0d,True,0.3762326388888889,0.4940210459183674
e298c61fc,True,0.42928333333333335,0.5926937181122449
a6e7b6870,True,0.07105,0.12344547193877552
2c9f807c1,True,0.19089020771513354,0.2938257334183674
e2198e9c3,True,0.20234953703703704,0.3258729272959184
c49480455,True,0.2288040503557745,0.4887595663265306
9b9cadd98,True,0.5535026041666666,0.7085259885204082
b8715f663,True,0.16252927400468384,0.3150111607142857
c3768e2be,True,0.3087962962962963,0.3741828762755102
d4223dd4c,True,0.2818833333333333,0.4416653380102041
1811b1412,True,0.7095818181818182,0.8095503826530612
3dd380ccb,True,0.300732421875,0.48752391581632654
f86c83084,True,0.5053607594936709,0.6415617028061225
4ce29bb83,True,0.34730833333333333,0.5164022640306123
7f74af51f,True,0.26593333333333335,0.4614756058673469
72ec92880,True,0.36514778325123154,0.6275111607142857
1b752d78e,True,0.10606666666666667,0.19764429209183673
e40a90daa,True,0.1373152709359606,0.27363679846938777
85327438d,True,0.4172191011235955,0.6650589923469388
8d2afd85f,True,0.2466898148148148,0.3889907525510204
4c2040263,True,0.16488932291666666,0.26012436224489793
653f94080,True,0.25960012864494,0.35584741709183676
8bed563dd,True,0.46313333333333334,0.5819116709183674
c9feb3eb3,True,0.228296875,0.35598692602040816
2e2b3f60c,True,0.2619621830857467,0.36738679846938777
7d2e1dd01,True,0.5623416666666666,0.7799744897959183
348a982e2,True,0.18551666666666666,0.3212093431122449
92bf36222,True,0.48054783950617286,0.8088926977040817
5c67a27f5,True,0.19736666666666666,0.33621651785714285
35225eb67,True,0.1528125,0.26564492984693877
14f3fbc84,True,0.612525,0.8610092474489796
91568ddf1,True,0.4093441064638783,0.5870934311224489
f5a34370d,True,0.16088333333333332,0.2782007334183674
4a56df934,True,0.31117100371747214,0.5102439413265306
f759dc332,True,0.2987,0.4870655293367347
208843e22,True,0.4739354066985646,0.6604950573979592
c71d630d8,True,0.25161666666666666,0.39297672193877553
b00ce0fd0,True,0.5041292533081285,0.6991589604591837
53cfa1a3c,True,0.08905671296296297,0.15491470025510204
283d778d2,True,0.3887147519774177,0.5701331313775511
2e1853b79,True,0.15450833333333333,0.2552016900510204
cf86cc5ea,True,0.2032069288389513,0.33302774234693877
092418816,True,0.4057308970099668,0.6583027742346939
4d43092e3,True,0.1965251572327044,0.3165258290816326
4fac67d06,True,0.13958333333333334,0.2430046237244898
b2048c71d,True,0.43795,0.49264588647959184
11a30eacf,True,0.3883740250149998,0.4290298150510204
e8ee48e12,True,0.363515625,0.6798270089285714
682b7b7d0,True,0.36245789145352464,0.5299545599489796
9a1a1d801,True,0.21,0.3576809630102041
ee4acef8d,True,0.23653333333333335,0.3779894770408163
6c06b0725,True,0.17292370495495496,0.1454280931122449
5f986901c,True,0.1591280864197531,0.3502869897959184
cbef1e6db,True,0.26229166666666665,0.4045360331632653
10b9af23d,True,0.37732253086419754,0.6176458864795918
08fc1372f,True,0.09771111111111111,0.22608418367346939
e681e0cbf,True,0.7212002840909091,0.8884725765306123
0722660e0,True,0.4545283564814815,0.786750637755102
a78dcb663,True,0.20123733885819522,0.33591757015306123
6b0da38ae,True,0.3524333333333333,0.39602598852040816
d45e400b8,True,0.1909688013136289,0.4139030612244898
b9cb2f0fd,True,0.18645617242712983,0.31509088010204084
6b91edb8b,True,0.24588541666666666,0.39658402423469385
a809464ca,True,0.29921296296296296,0.3899075255102041
1542ab941,True,0.103375,0.17079878826530612
79ac40056,True,0.11334726090993501,0.1818797831632653
98128b920,True,0.09917898193760263,0.22921316964285715
5edc72757,True,0.36823333333333336,0.5088887117346939
a8d44452c,True,0.25820746527777777,0.5679607780612245
60786724b,True,0.171425,0.21484375
fd015c129,True,0.29101666666666665,0.48660714285714285
6469a2a4a,True,0.6374222222222222,0.875
c7f9361f9,True,0.2745291573660714,0.4661391900510204
85952663a,True,0.3311516203703704,0.5503826530612245
5f6931436,True,0.23119791666666667,0.3998923788265306
db9af2894,True,0.3858083333333333,0.589485012755102
5e6a7ea61,True,0.08186666666666667,0.1849091198979592
77bff1468,True,0.17993986254295533,0.24754862882653061
31a2e04d7,True,0.04952674897119341,0.08653539540816327
30507c621,True,0.29993158182813356,0.5636160714285714
e0764fb9a,True,0.43116319444444445,0.5724051339285714
7316c548e,True,0.13540517961570595,0.17926897321428573
f3abe5d8c,True,0.2080761316872428,0.3617466517857143
08b7e05a5,True,0.19819444444444445,0.28854432397959184
c0d50b9f1,True,0.1613984674329502,0.32613201530612246
9cf32e2a6,True,0.292353515625,0.43265704719387754
2b5c446cc,True,0.6031539351851852,0.8044882015306123
13be42d0e,True,0.3039833333333333,0.438297193877551
5f44a43f4,True,0.10900173611111111,0.1988799426020408
482d05dc8,True,0.35325833333333334,0.5445232780612245
c5b943ccc,True,0.14404761904761904,0.3224250637755102
774bd5a80,True,0.4845149739583333,0.6635044642857143
5cdb90323,True,0.2512037037037037,0.4757055165816326
b35c61109,True,0.2847166666666667,0.40842235331632654
64e7edd37,True,0.1151,0.19957748724489796
56ba19506,True,0.17091820987654321,0.37691326530612246
70900313d,True,0.4370218120805369,0.6625478316326531
2bdf3471b,True,0.632225,0.8474768813775511
f53e55959,True,0.245625,0.39586654974489793
64a3f89ee,True,0.2856521739130435,0.45438058035714285
ada6358f5,True,0.4185546875,0.6968072385204082
ff8e4c708,True,0.18158333333333335,0.30662069515306123
efa71e34a,True,0.20040123456790124,0.44218351403061223
46a5f0ba6,True,0.16387731481481482,0.23734454719387754
3f5405630,True,0.34575,0.5426897321428571
15e5b6d26,True,0.20790413533834587,0.28286431760204084
341420028,True,0.45679783950617286,0.5859773596938775
b641cecaf,True,0.337724609375,0.5169204400510204
bc5ae0001,True,0.32420997191011236,0.5223413584183674
7af35cc82,True,0.45555555555555555,0.6578244579081632
8d5f95d9a,True,0.036083333333333335,0.06317761479591837
8fddd8a5b,True,0.14000292740046838,0.2698301977040816
f291e702a,True,0.23315625,0.3047472895408163
b5974bdd0,True,0.4054229480737018,0.5825693558673469
ec7383d83,True,0.4639713541666667,0.6281090561224489
4a0d03a9f,True,0.12866666666666668,0.2238719706632653
21a7f4896,True,0.13910195707070708,0.3221460459183674
500fdf3b1,True,0.5000566037735849,0.5850406568877551
cff0d8c7b,True,0.19029030670821714,0.26305404974489793
9180e09cb,True,0.08750684181718664,0.20188934948979592
b940cf8b8,True,0.21664360393603935,0.3966438137755102
23cdf5f21,True,0.5174589201877934,0.7906768176020408
04dc94c39,True,0.215375,0.3249362244897959
5a289a426,True,0.23213333333333333,0.5210857780612245
a07a65495,True,0.566962890625,0.6706592793367347
71a92867d,True,0.15214285714285714,0.29982461734693877
1c6aa4b33,True,0.62170625,0.7469308035714286
c2eec623c,True,0.5260083333333333,0.7196468431122449
7c3423bab,True,0.2912577160493827,0.5679009885204082
c484dec95,True,0.096975,0.16862643494897958
97d823486,True,0.24516203703703704,0.551399075255102
88bffd281,True,0.21216666666666667,0.3686623086734694
5d32494f0,True,0.06318684895833333,0.09970902423469388
c76e9857b,True,0.20100334448160534,0.33555883290816324
048df7861,True,0.4197916666666667,0.5670440051020408
c014197ab,True,0.22775341130604287,0.3339245854591837
0d508e63a,True,0.3657002314814815,0.516960299744898
26aa722e1,True,0.3927083333333333,0.6081393494897959
631c813af,True,0.373268779342723,0.5415338010204082
180f1ef16,True,0.07527654867256638,0.1729113520408163
51366110e,True,0.3419984567901235,0.47032445790816324
d8876247a,True,0.3899151614668856,0.6633848852040817
2b1582f99,True,0.16471994535519124,0.2701889349489796
59d42b6bb,True,0.39497211895910783,0.5323660714285714
979bab13e,True,0.34580833333333333,0.5184151785714286
115299f16,True,0.214275,0.37302694515306123
079332bdc,True,0.060848765432098766,0.14074457908163265
240ddd506,True,0.41021412037037036,0.3790258290816326
ce971a506,True,0.0097,0.017199457908163265
dd654a9e7,True,0.109325,0.18999123086734693
23c8c5957,True,0.209375,0.3424545599489796
b138f5cc9,True,0.70255,0.8368343431122449
9eb6e75e2,True,0.19544166666666668,0.3276865433673469
d8dd968c6,True,0.18637123745819398,0.32360092474489793
44dcffea3,True,0.26801849250936327,0.3650749362244898
1c2dfa92d,True,0.4375250836120401,0.6209741709183674
bf0dd40e3,True,0.16126254180602007,0.28164859693877553
c9e2b26c4,True,0.3876623549451719,0.5467952806122449
90f09b568,True,0.4963495575221239,0.6844706632653061
451d64f26,True,0.373675,0.5289979272959183
aa68a3672,True,0.11926666666666667,0.20388233418367346
a3cc5de2b,True,0.617725,0.8738440688775511
b40818da6,True,0.19040969899665552,0.33027742346938777
8f3235380,True,0.045039370078740155,0.10339604591836735
dbba10f87,True,0.14585069444444446,0.2363879145408163
170fa3d49,True,0.38521666666666665,0.5506218112244898
079785984,True,0.41189166666666666,0.5801179846938775
04f8947f3,True,0.22040833333333334,0.32778619260204084
40f1ee340,True,0.29814606741573035,0.45029496173469385
a892f5fd3,True,0.3884490740740741,0.5949059311224489
5b4dd9fb3,True,0.227919921875,0.29239078443877553
b65dc15af,True,0.4126666666666667,0.480648118622449
ba79cfddf,True,0.4721111111111111,0.7880660076530612
ebdf19959,True,0.11684606481481481,0.17490433673469388
a1be4d855,True,0.16857060185185185,0.2932676977040816
eb4f09e0e,True,0.3893666666666667,0.5430683992346939
eded59b25,True,0.32838333333333336,0.5353356186224489
5c881b941,True,0.05728395061728395,0.12220982142857142
4f39ec246,True,0.32125244140625,0.4139827806122449
f1db33c30,True,0.3083680555555556,0.49256616709183676
21958b8f8,True,0.27611572265625,0.3370336415816326
9d4cf29f6,True,0.07216796875,0.12488042091836735
1bff3e46f,True,0.5040666666666667,0.7596859056122449
a9085cdde,True,0.38400821596244133,0.44234295280612246
c81372ddd,True,0.3968333333333333,0.5974968112244898
f2b8dbfde,True,0.06958333333333333,0.12097417091836735
b7cb6e33e,True,0.28899691358024693,0.5143893494897959
8111713a2,True,0.3277,0.4887595663265306
603e173e1,True,0.37485677083333335,0.5870934311224489
24abd7725,True,0.23756676732276813,0.38930963010204084
96477b249,True,0.22155,0.37246890943877553
d14a86fd4,True,0.08367542419266558,0.19413663903061223
10486a12e,True,0.26595833333333335,0.45350366709183676
ca75db93c,True,0.2024752475247525,0.27720424107142855
dc4747d5c,True,0.2671571906354515,0.37954400510204084
221331819,True,0.28727443609022557,0.3907445790816326
8f6b92b4d,True,0.07204307234091299,0.16798867984693877
e8fdeb33e,True,0.07545524691358024,0.1474609375
89bdd90b8,True,0.11830870279146141,0.2126514668367347
ffab93d18,True,0.03434413580246914,0.08071588010204081
5267f524a,True,0.23087191358024692,0.3793247767857143
4d767b639,True,0.24276666666666666,0.386539381377551
6282ddf87,True,0.15563333333333335,0.26761798469387754
a27a03914,True,0.11868634259259259,0.20661272321428573
bac8c1a73,True,0.26233024691358026,0.4801498724489796
2e5d8fd10,True,0.25092336103416435,0.4158960459183674
6f08e9c5f,True,0.09461666666666667,0.16402264030612246
cbef8d00b,True,0.3528703703703704,0.5659877232142857
0142670c8,True,0.197725,0.33047672193877553
e50174698,True,0.5609666367754248,0.7648875956632653
d4e6a9aab,True,0.08020050125313283,0.15656887755102042
ec14446ba,True,0.30365162037037036,0.4570910395408163
d04fbf327,True,0.29062671045429667,0.5360530931122449
d16c37008,True,0.3094957139756944,0.39327566964285715
b8088575c,True,0.14322337962962964,0.19852120535714285
dc23feccc,True,0.220775,0.3838488520408163
b3e897856,True,0.07029558813333436,0.15660873724489796
d9b9b0174,True,0.27992222222222224,0.6052295918367347
a98716d75,True,0.2935763888888889,0.5536710778061225
a24a102b1,True,0.37417543477075726,0.5490274234693877
ad5692ee7,True,0.13991573033707866,0.20725047831632654
c318c6ccf,True,0.20097993827160493,0.37942442602040816
95914d469,True,0.09893333333333333,0.16768973214285715
f1dc8864e,True,0.3068666666666667,0.6652981505102041
6b42c0d29,True,0.38214699074074077,0.47969148596938777
f8d98877d,True,0.3125455729166667,0.5031489158163265
2b95747f3,True,0.5535333333333333,0.7531289859693877
c4be004d4,True,0.21767939814814816,0.35658482142857145
a0c584c54,True,0.088175,0.1537189094387755
b517c8c90,True,0.09413719831732495,0.1612922512755102
edac63019,True,0.32908333333333334,0.48634805484693877
c0a4d02cc,True,0.3424916666666667,0.5721261160714286
d2fa0b0df,True,0.3941145833333333,0.5530133928571429
1fd1d2349,True,0.2825168918918919,0.2870495854591837
c63dc4adb,True,0.23335,0.31626674107142855
9edb2d79a,True,0.21044166666666667,0.31636639030612246
767a3b706,True,0.3405613425925926,0.5584143813775511
bef897b2b,True,0.24265,0.3791653380102041
e4b1b7afe,True,0.2936120401337793,0.4649633290816326
69f986aaf,True,0.4875629194630873,0.6232262436224489
911464bd8,True,0.17104323308270677,0.32515545280612246
918471707,True,0.5361166666666667,0.7044005102040817
b567ca662,True,0.34589506172839507,0.36989795918367346
a2c98c186,True,0.3103125,0.4053531568877551
ac45f71e3,True,0.686225,0.8231425382653061
ebae250e9,True,0.313575,0.45960220025510207
84ce5f32b,True,0.3900416666666667,0.6160116390306123
e808d9fee,True,0.18730324074074073,0.3137157206632653
d01112d4a,True,0.1534005704372372,0.26931202168367346
99a0196aa,True,0.30278333333333335,0.47403140943877553
ecba83b43,True,0.24296666666666666,0.3678451849489796
485cff597,True,0.32960526315789473,0.5327646683673469
295dac1ce,True,0.31341145833333334,0.49208785076530615
b09ecfb53,True,0.4817871747036765,0.5050621811224489
331a14422,True,0.2863888888888889,0.5652303890306123
2fe1eb7b8,True,0.3021122685185185,0.47261639030612246
23a1e62d8,True,0.6171875,0.7575534119897959
32ac38a9f,True,0.7676060379957528,0.8374521683673469
35bbb3a85,True,0.16576771077283373,0.3131576849489796
784e466b1,True,0.027725694444444445,0.04221141581632653
f68bec222,True,0.27503333333333335,0.5176179846938775
c5baf5497,True,0.45169375,0.543327487244898
16ffedcf8,True,0.1844,0.3032126913265306
18286db6a,True,0.06566666666666666,0.11435746173469388
e66a993a5,True,0.19375625,0.253109056122449
c8e2a9092,True,0.23851273148148147,0.3894889987244898
4a5a05ef7,True,0.25127314814814816,0.34550382653061223
11fa9d216,True,0.7884118541033435,0.9236288265306123
5abbde253,True,0.3310531969020295,0.5397799744897959
85f63b533,True,0.13087962962962962,0.22763871173469388
cbd6b3064,True,0.4278523489932886,0.5852798150510204
c278935de,True,0.17325833333333332,0.3017578125
8599dc67a,True,0.15634837962962964,0.2568957270408163
6c64dd197,True,0.2951835664335664,0.35606664540816324
f1b4a123f,True,0.3527367180805484,0.4972297512755102
99cbd42dc,True,0.11047453703703704,0.14235889668367346
4a8f49ac8,True,0.11671296296296296,0.2668606505102041
db4165316,True,0.12655075187969925,0.2481265943877551
0e12b9baa,True,0.2590046296296296,0.44614955357142855
15d4c0bad,True,0.22254375,0.2895408163265306
fa253c6e7,True,0.211525,0.3576809630102041
ea087d248,True,0.13993333333333333,0.24348294005102042
86f41cec9,True,0.2814878512880562,0.5332429846938775
0c5fe8151,True,0.15890833333333335,0.2766262755102041
e4a48ef49,True,0.5045777777777778,0.7896603954081632
cad1405fc,True,0.36663447387785136,0.4153579400510204
fea9183f6,True,0.19787593984962407,0.3374720982142857
dfa39b9f1,True,0.055233333333333336,0.09576291454081633
605eca728,True,0.5589697265625,0.679328762755102
b70ec3788,True,0.2680533854166667,0.37545838647959184
47ec9e919,True,0.3431119791666667,0.5069953762755102
7dcbe3383,True,0.1247337962962963,0.20149075255102042
d5f441f79,True,0.12732253086419754,0.2959582270408163
fe2757847,True,0.2752391975308642,0.26403061224489793
de4de2e7c,True,0.08505208333333333,0.1480986926020408
09e64ce2b,True,0.35771535580524344,0.4544204400510204
1adc56d3c,True,0.3126823951337857,0.40848214285714285
b533529a6,True,0.2755771006463527,0.41739078443877553
ac9feb346,True,0.25141750627817616,0.38145727040816324
062b387cf,True,0.25294527582159626,0.4521484375
bf6dedb55,True,0.2953392857142857,0.4834582270408163
1c107ce2b,True,0.20673415492957747,0.39744100765306123
f7550219b,True,0.3740833333333333,0.6128228635204082
c03b8b2db,True,0.3796141975308642,0.600227200255102
12b47b4e8,True,0.2989680989583333,0.4317602040816326
40b1839ea,True,0.19028333333333333,0.2963966836734694
553d1ee3b,True,0.3916724537037037,0.5355349170918368
8b9739cef,True,0.3172379032258065,0.4435985331632653
e464e666d,True,0.49446308724832216,0.645866549744898
8ca49ce85,True,0.30489166666666667,0.40487484056122447
321c14446,True,0.24938657407407408,0.4310825892857143
f1d86e6ea,True,0.2516833333333333,0.41665338010204084
cfb8b6b93,True,0.435810546875,0.5514190051020408
56147c737,True,0.19684606481481481,0.3190369897959184
36a5b3b3e,True,0.1793258426966292,0.33866788903061223
f0bfe80e3,True,0.48827302631578945,0.7491031568877551
00a1a8af4,True,0.24155,0.3157485650510204
662f8c2a9,True,0.25145061728395063,0.45934311224489793
c2deaf1e4,True,0.41165123456790126,0.593391262755102
03f130f5f,True,0.06359166666666667,0.11118861607142858
5e5f1623c,True,0.16059326171875,0.2099011479591837
00f3a3993,True,0.11537037037037037,0.2546237244897959
d1de97c49,True,0.11338734567901235,0.25827088647959184
38fb7c50c,True,0.24761278195488723,0.39064492984693877
3b15c42d3,True,0.477545045045045,0.5720463966836735
09d7272ad,True,0.08623426382047071,0.17916932397959184
623111d43,True,0.29045383411580594,0.4829201211734694
e809de3b9,True,0.3226578947368421,0.5487484056122449
6f665c704,True,0.1541760299625468,0.29579878826530615
7d6d03de2,True,0.31675485595749164,0.4480030293367347
ffe5a0271,True,0.08768518518518519,0.20242745535714285
51c4018b8,True,0.12548502604166667,0.2185108418367347
3433731c5,True,0.18748333333333334,0.32669005102040816
74f15e0fd,True,0.24575231481481483,0.23686623086734693
bd763ab11,True,0.19794270833333333,0.4207389987244898
df880995b,True,0.04386574074074074,0.09881218112244898
5546a54ef,True,0.15022184300341296,0.2660435267857143
8019d0c63,True,0.07210286458333333,0.1256377551020408
f64fd2354,True,0.021766975308641974,0.050302933673469385
3b3349318,True,0.39274166666666666,0.6189213966836735
2befe2607,True,0.316128762541806,0.5430484693877551
edbffc8cf,True,0.3358239700374532,0.5817522321428571
6fc2970d6,True,0.32639925373134326,0.5887476084183674
a32e58f2f,True,0.398484555984556,0.6825374681122449
3695274de,True,0.25482638888888887,0.40915975765306123
04aa54436,True,0.4978931451612903,0.7104990433673469
546957a8b,True,0.368975,0.4610969387755102
01c62e03b,True,0.4663805751173709,0.6429567920918368
7759517e2,True,0.5338118489583333,0.7579320790816326
46c5fd256,True,0.21698893229166666,0.3660514987244898
f19658d12,True,0.2649381268810548,0.3922791772959184
8913e5b27,True,0.4630852842809365,0.7403738839285714
e4efae0f1,True,0.2966666666666667,0.44606983418367346
6460390c0,True,0.1713221336370539,0.2439811862244898
affeb8b58,True,0.30925555555555556,0.6468630420918368
b3a42fc4a,True,0.29435340447154473,0.4022241709183674
5366eff00,True,0.7221153846153846,0.9326371173469388
570fb2f6c,True,0.4759016927083333,0.47480867346938777
705ce0ebd,True,0.31816339528689713,0.5220623405612245
e809f1cb5,True,0.23839166666666667,0.4092594068877551
538b47698,True,0.5184920634920634,0.5895248724489796
3a7b85800,True,0.3804598662207358,0.5282405931122449
abb847f55,True,0.2648038532961931,0.43923389668367346
4c237475f,True,0.1533935413245758,0.31216119260204084
c6189ea84,True,0.1958449074074074,0.2844387755102041
3afb76273,True,0.350267094017094,0.5010363520408163
7a785a607,True,0.18973333333333334,0.33003826530612246
385b5b8fc,True,0.2602873563218391,0.49806680484693877
4cdb41608,True,0.12109550561797752,0.23716517857142858
000fb9572,True,0.08051305970149254,0.1513073979591837
2628915bb,True,0.10213848039215687,0.18759964923469388
608a58c8e,True,0.16050347222222222,0.27965561224489793
11b3fd45f,True,0.15798177083333334,0.27305883290816324
ac34b6e29,True,0.37462384259259257,0.4923469387755102
1f7bf1b32,True,0.35295166015625,0.4293686224489796
f5dc6f316,True,0.35435185185185186,0.5552853954081632
737413132,True,0.2411,0.3832310267857143
b05d0484f,True,0.336725,0.5523955676020408
57ac7373a,True,0.2840663580246914,0.3678451849489796
75332917e,True,0.2912577160493827,0.5679009885204082
057e5347f,True,0.49616858237547895,0.6689453125
358517d09,True,0.4468533415841584,0.644172512755102
d0ef38cff,True,0.28005,0.35704320790816324
634f65242,True,0.15435833333333332,0.2686344068877551
196d58932,True,0.11631944444444445,0.23513233418367346
01a7b719c,True,0.23085,0.40188536352040816
8e01a6de2,True,0.17284166666666667,0.2999641262755102
d60dbdd7a,True,0.47714884696016774,0.6552335778061225
3effb8d44,True,0.3182638888888889,0.5220424107142857
71ef1c6c4,True,0.3334375,0.5045838647959183
d3ef2ebef,True,0.49373333333333336,0.5496053890306123
9f2e4a2e1,True,0.38058333333333333,0.5860770089285714
dbd4f79ef,True,0.6390087373385912,0.9846540178571429
e7b5ed1a2,True,0.19935185185185186,0.32657047193877553
84d7ac922,True,0.5251866319444445,0.6303810586734694
f4316f2bc,True,0.4187037037037037,0.5473533163265306
db2d1ccaf,True,0.09661783854166667,0.16472018494897958
7cc9b21fd,True,0.13925949140401145,0.3214485012755102
7d4f585b5,True,0.19988932291666667,0.33298788265306123
c82f54ef6,True,0.17049166666666668,0.29647640306122447
5d792dd24,True,0.428225,0.5936702806122449
93b1ca32c,True,0.31219370860927154,0.45595503826530615
cc9f9c4c1,True,0.415,0.5741788903061225
66038a4b3,True,0.2757608695652174,0.42159598214285715
cb5e73024,True,0.2759333333333333,0.4609375
05d2022eb,True,0.248975,0.41751036352040816
e5a2e7156,True,0.38435185185185183,0.5424705038265306
ec2bb7160,True,0.34803385416666666,0.5815529336734694
ffdad97e5,True,0.22875578703703703,0.35439253826530615
9f1ba804c,True,0.44871222527472526,0.4823022959183674
2ba66d1e1,True,0.26235833333333336,0.4449936224489796
cf74322de,True,0.39294270833333333,0.5656887755102041
7d0aedfb3,True,0.29013849092645655,0.4749083227040816
d336e6953,True,0.4433,0.6617307079081632
cace2b412,True,0.30775833333333336,0.5111806441326531
d1632981e,True,0.230325,0.34803491709183676
ca1df3f71,True,0.35331272084805654,0.48068797831632654
5fb30c1f8,True,0.37261666666666665,0.38907047193877553
ddd7cc601,True,0.245,0.4264389349489796
1b9cedf4a,True,0.5328298611111111,0.5941884566326531
9b9976e20,True,0.30496617466174664,0.5751554528061225
b37d04bd6,True,0.14700617283950618,0.3305564413265306
e6e4a6f37,True,0.2880001600779046,0.49525669642857145
9c17624f8,True,0.30158125,0.38707748724489793
1ae4a77ba,True,0.35060850439882696,0.519889987244898
fc46e61c5,True,0.207475,0.35794005102040816
5e3dc5d76,True,0.13728587962962963,0.22251674107142858
18427ab22,True,0.27714285714285714,0.41103316326530615
9a65d163b,True,0.4397106109324759,0.6494539221938775
1ac7dad15,True,0.14509166666666667,0.25255102040816324
38c5d4e0e,True,0.2551041666666667,0.3841079400510204
c9d8b22d0,True,0.2905333333333333,0.41342474489795916
60923a60d,True,0.25929166666666664,0.41659359056122447
ce0e8f18f,True,0.14580403645833334,0.25370695153061223
b488dc067,True,0.23519736842105263,0.4393734056122449
104910cb4,True,0.27016203703703706,0.4160754145408163
0eb219818,True,0.1972742474916388,0.29697464923469385
b5b9c3c05,True,0.23434606481481482,0.34681919642857145
caa5d1e6b,True,0.5022574626865671,0.6317362882653061
d77a66a2f,True,0.0672378277153558,0.13141741071428573
f5d60ca48,True,0.562662037037037,0.7754902742346939
dffa25e61,True,0.32485026041666665,0.5398397640306123
a845ba4d6,True,0.22082706766917293,0.37242904974489793
8988d22a5,True,0.7950390625,0.8484933035714286
f6003c18b,True,0.45758680555555553,0.5330237563775511
f262fd637,True,0.32103333333333334,0.5347775829081632
bb5917ca8,True,0.32081018518518517,0.47739955357142855
bc6abd32e,True,0.39402255639097744,0.6114875637755102
7c5a912a5,True,0.45957888493475685,0.5691764987244898
d061bc124,True,0.0701953125,0.12270806760204081
420f5cd9c,True,0.2736036789297659,0.44393734056122447
0d150e90c,True,0.7227833333333333,0.8786272321428571
b310f969f,True,0.3995166666666667,0.5457389987244898
cbfaa79cb,True,0.202725,0.305484693877551
a8ce7d647,True,0.2041888888888889,0.46677694515306123
e4424b719,True,0.18625,0.33302774234693877
5c82c5903,True,0.07336666666666666,0.12073501275510204
ec59f8c50,True,0.11228333333333333,0.19529257015306123
20b7e24b2,True,0.12763346354166666,0.22038424744897958
a22ddc666,True,0.13019166666666668,0.22624362244897958
ae52ea5c4,True,0.3354354427899687,0.4300063775510204
993113176,True,0.059459876543209875,0.13817362882653061
df03e957d,True,0.20336666666666667,0.46450494260204084
1e2cca514,True,0.2700125,0.3614875637755102
2a9223451,True,0.431475,0.5942083864795918
6434d0273,True,0.318141829264461,0.42111766581632654
4f94e2b5a,True,0.2896850836162753,0.4552375637755102
015b8b722,True,0.5047924528301887,0.6629862882653061
bcda757a8,True,0.4096337890625,0.4809669961734694
6a7310588,True,0.6379662379421221,0.7937260841836735
4dc6822f8,True,0.483775,0.6320950255102041
21206933c,True,0.32295833333333335,0.5226602359693877
ee2e82f01,True,0.4015258855585831,0.5532525510204082
58e368a56,True,0.1772608024691358,0.40100845025510207
3ce0f0aa5,True,0.3094433962264151,0.5849210778061225
01142a354,True,0.42380208333333336,0.6880978954081632
133ca8c90,True,0.11641975308641975,0.19842155612244897
299e17017,True,0.24911111111111112,0.41244818239795916
8a615bfca,True,0.31517941454202075,0.42739556760204084
32f617eda,True,0.14549166666666666,0.24539620535714285
2f532707f,True,0.13921296296296296,0.29781170280612246
8a4e70a21,True,0.5311673553719009,0.6793486926020408
3f518238a,True,0.6539777777777778,0.7764070471938775
9cc36a057,True,0.28294166666666665,0.45314492984693877
f9d621157,True,0.5265523758099352,0.6398078762755102
0291e8ca0,True,0.32743896484375,0.3781688456632653
10e26690b,True,0.392025,0.5017139668367347
27a7a1795,True,0.1257060185185185,0.21277104591836735
9795ce5b0,True,0.1411328125,0.2956592793367347
9e935b385,True,0.34784948949555095,0.5943478954081632
493ab5d96,True,0.30593125,0.388492506377551
3a0ebb3d1,True,0.0767431640625,0.10032684948979592
53c0ebe89,True,0.48143703703703705,0.626594387755102
f1ceeda99,True,0.19059895833333335,0.3855827487244898
3a9f1c036,True,0.14860243055555555,0.3442482461734694
062633cb1,True,0.24860833333333332,0.40541294642857145
42d565331,True,0.16592222222222222,0.3497688137755102
a89af346d,True,0.40110007788161994,0.4776985012755102
81614060c,True,0.14467228464419477,0.26193797831632654
4b4f32911,True,0.3599262152777778,0.45894451530612246
cae5c7ef1,True,0.16859927596769703,0.34616151147959184
e90930a27,True,0.13503086419753085,0.29623724489795916
c60a12958,True,0.11124166666666667,0.17653858418367346
0f15ed6ab,True,0.5953759398496241,0.9377391581632653
788ea6e94,False,0.0,
0bd83ba72,True,0.5608391203703704,0.6716358418367347
248c027cb,True,0.2788583333333333,0.43690210459183676
c44215cc8,True,0.33173880597014926,0.4264389349489796
f749cd744,True,0.0948705808080808,0.20651307397959184
92e87765e,True,0.13938149972632732,0.3220264668367347
3f9b11590,True,0.29848837039311144,0.47108179209183676
0995bd489,True,0.4401591760299626,0.7627551020408163
cea2544a7,True,0.015319195333369678,0.02529097576530612
8e6e57951,True,0.1391,0.23854033801020408
6a9f15d94,True,0.54013427734375,0.6980628188775511
0605aab21,True,0.3176583333333333,0.48124601403061223
6caab3194,True,0.1425,0.23911830357142858
2e77e1c78,True,0.28545572916666667,0.43686224489795916
13485ebf1,True,0.216875,0.36172672193877553
d596234fc,True,0.3076,0.45862563775510207
750f8baba,True,0.21150749063670413,0.3556281887755102
e62224eeb,True,0.23744357638888888,0.5129743303571429
72389d266,True,0.2763755341880342,0.36160714285714285
5e1c81876,True,0.134521484375,0.17002152423469388
fee0b4da6,True,0.11046666666666667,0.19170519770408162
4982cc983,True,0.28680833333333333,0.38008211096938777
046256943,True,0.34770258980785296,0.5559231505102041
0a8fc6614,True,0.31585205992509363,0.5043247767857143
4374d6f52,True,0.14006944444444444,0.2328204719387755
93d43258b,True,0.3589,0.5571588010204082
63a4f8b8a,True,0.20788333333333334,0.33896683673469385
a645311ed,True,0.14261574074074074,0.25021922831632654
e6d358f70,True,0.20384166666666667,0.34646045918367346
9593c0350,True,0.36780864197530866,0.6238839285714286
54ab4b5d2,True,0.488185618729097,0.5974569515306123
c335ad2df,True,0.23147135416666667,0.4063695790816326
a7b91a377,True,0.029983333333333334,0.051638233418367346
9cb5c5f68,True,0.4322966950450055,0.5762117346938775
dfdbfce71,True,0.19971666666666665,0.2865513392857143
8a7860ee2,True,0.387175,0.4749083227040816
68e46ed0e,True,0.2937059294871795,0.4154775191326531
dcaae830b,True,0.16078703703703703,0.36935985331632654
544c16564,True,0.4467333333333333,0.7314851721938775
0aa767c04,True,0.2931127450980392,0.5203882334183674
19efe1616,True,0.2988368910782704,0.5602877869897959
710dc1661,True,0.35344907407407405,0.5081911670918368
87b715441,True,0.15061342592592591,0.25974569515306123
a61776aba,True,0.38094135802469137,0.5813536352040817
850cb2e50,True,0.12915982484948002,0.28706951530612246
6f43738b5,True,0.32739583333333333,0.47187898596938777
cd3cd5fcc,True,0.20764973958333333,0.3256935586734694
14c70761a,True,0.0794,0.1345264668367347
3f2d1ff6c,True,0.2826,0.3522201849489796
4d7dd6115,True,0.18810833333333332,0.1901905293367347
9f4a72311,True,0.3645756172839506,0.5301339285714286
50ef65df7,True,0.4089453125,0.49734933035714285
c7561189e,True,0.37080833333333335,0.4417051977040816
e678bcc42,True,0.25959534028203557,0.4040577168367347
f58424835,True,0.3466686016511868,0.5858577806122449
e2db9e1eb,True,0.5138725490196079,0.7138671875
c70dc1bd1,True,0.30955555555555553,0.6970862563775511
3f4d6a956,True,0.22853686161449752,0.3134167729591837
ea4cea375,True,0.13831417624521072,0.31985411352040816
b0b9f2902,True,0.37719269102990033,0.605110012755102
941eb9304,True,0.3066067165798611,0.40029097576530615
bd74f5ce8,True,0.1475229222123632,0.3049266581632653
06fda20a2,True,0.273,0.4567323022959184
8b9d9a18b,True,0.16281939605110338,0.3079161352040816
da2cdb505,True,0.049466666666666666,0.11429767219387756
e31df86bc,True,0.3416975308641975,0.5443837691326531
1a90a4805,True,0.18796296296296297,0.3268494897959184
005bb92d8,True,0.36770287958115183,0.5441246811224489
aa7548beb,True,0.33376666666666666,0.5642139668367347
469894776,True,0.23847643097643098,0.3818359375
a355a6873,True,0.24821614583333335,0.37806919642857145
79e5de9a7,True,0.24010416666666667,0.35397401147959184
f569b3a29,True,0.18139660493827162,0.4087412308673469
347be28a8,True,0.33820556640625,0.4412468112244898
ccd14639f,True,0.15451822916666666,0.3204320790816326
71297d780,True,0.13189616755793226,0.2197863520408163
146b9d6e7,True,0.25690972222222225,0.43421157525510207
727b7e63a,True,0.4351991088833194,0.8750797193877551
b5010c15b,True,0.3165462427745665,0.4121691645408163
44aafd1b1,True,0.272525,0.42988679846938777
32ad56035,True,0.1515,0.25027901785714285
5a12ecdfc,True,0.30577759197324417,0.44565130739795916
7d0fcdd6d,True,0.4343416666666667,0.5356544961734694
45dea4033,True,0.23518333333333333,0.32718829719387754
859b1b236,True,0.28950927734375,0.3626036352040816
73ab55e8c,True,0.2644902812241522,0.3850047831632653
d02feb234,True,0.5328819444444445,0.7624960140306123
2105b697d,True,0.4787666666666667,0.5668247767857143
66064ba80,True,0.2907986111111111,0.6303611288265306
2b4c4793d,True,0.27867283950617283,0.4856505102040816
55c827f51,True,0.38536184210526314,0.5479312818877551
9999b8c82,True,0.31611689814814814,0.466617506377551
687ddcca9,True,0.367744140625,0.43476961096938777
b97569bc9,True,0.3720777777777778,0.7793765943877551
2fab464fb,True,0.6531166666666667,0.8247568558673469
c34b20922,True,0.3978083333333333,0.5892657844387755
51d880078,True,0.212975,0.3195750956632653
6333963fe,True,0.10471843003412969,0.1856265943877551
6730a4a60,True,0.3798166666666667,0.492008131377551
283d0763f,True,0.36635927610759494,0.44044961734693877
6438c6b3f,True,0.15476273148148148,0.2690927933673469
560232264,True,0.5961002604166666,0.7898596938775511
0e9a2fed4,True,0.1816703539823009,0.41677295918367346
ac2f56dbf,True,0.13629725085910652,0.20159040178571427
37cec5261,True,0.1873829431438127,0.3249561543367347
e2fbb0332,True,0.2977996254681648,0.5376873405612245
f9934b985,True,0.08740885416666666,0.2028858418367347
dbe634a4c,True,0.2863583333333333,0.42671795280612246
a39ad6dc7,True,0.281175,0.45754942602040816
48a44eac5,True,0.3146150056306306,0.2854153380102041
315d0e254,True,0.29049479166666664,0.4816844706632653
9aee8fe5a,True,0.3184,0.44852120535714285
a385cb92a,True,0.17976851851851852,0.2859733737244898
ccc88931c,True,0.5267333333333334,0.6829559948979592
d6be47a3c,True,0.23086666666666666,0.3505859375
76d3ef2a4,True,0.22433333333333333,0.3862205038265306
ee9ba4990,True,0.3292361111111111,0.5371492346938775
03f0fc32f,True,0.4457583333333333,0.6648796237244898
421ea515e,True,0.3409259259259259,0.5308713329081632
b8d96cdd0,True,0.25961359404096834,0.4396125637755102
0be5af159,True,0.25883680555555555,0.35020727040816324
fc63194d1,True,0.11571614583333334,0.2012515943877551
af8cd40e0,True,0.16152669270833334,0.22074298469387754
ee2c40165,True,0.33048124231242315,0.5640146683673469
017d966eb,True,0.26735084838533113,0.510124362244898
7d8ffca23,True,0.37158890845070425,0.5684590242346939
fc02869d9,True,0.21731666666666666,0.37123325892857145
8ca64b428,True,0.161175,0.2808314732142857
269db95d5,True,0.4152508361204013,0.6729711415816326
5071e525c,True,0.10724820143884892,0.16236846301020408
8f20e24ef,True,0.362975,0.33103475765306123
a8c19a325,True,0.3122625,0.39821827168367346
2d6e2292d,True,0.27704724409448817,0.47773836096938777
6b240dd0b,True,0.34255,0.37667410714285715
a0c9daa0a,True,0.251125,0.3894092793367347
628fd5227,True,0.48524088541666666,0.5077726403061225
e80066a19,True,0.10023148148148148,0.23164461096938777
474db10df,True,0.2830351170568562,0.44541214923469385
48a2630a1,True,0.3932083333333333,0.5231784119897959
b6f77d754,True,0.50261875,0.6281090561224489
316f30229,True,0.3547619047619048,0.48963647959183676
802b1f331,True,0.42930625,0.5220025510204082
422059173,True,0.1284837962962963,0.2181720344387755
325d0e364,True,0.3532166666666667,0.5204878826530612
cd4624a1a,True,0.28825491573033707,0.44601004464285715
7b60f948e,True,0.347255859375,0.4623525191326531
27b5a9db5,True,0.3452,0.5090680803571429
ccd20906b,True,0.19343364197530863,0.3474170918367347
05dc47bda,True,0.4005383290267011,0.6341278698979592
1a12e3633,True,0.09266666666666666,0.15969786352040816
c46e29741,True,0.14183449074074075,0.24635283801020408
b2e3cf5a0,True,0.26645833333333335,0.4276745854591837
d5b6f17f5,True,0.24221450617283952,0.5473134566326531
d9fca8be8,True,0.3559333333333333,0.6402264030612245
672ddf4a9,True,0.6227124645892351,0.8648357780612245
8dd8e4a4f,True,0.23766304347826087,0.32736766581632654
3fccff52b,True,0.5357133642930857,0.7036431760204082
40fdde0aa,True,0.326175,0.4911511479591837
3679001f5,True,0.3994091796875,0.5100247130102041
8f31c806f,True,0.1911863425925926,0.32423867984693877
d6691251b,True,0.47136666666666666,0.40078922193877553
0a6b9433e,True,0.25757841760299627,0.3283641581632653
bf1b733a7,True,0.31164166666666665,0.5254304846938775
ff706f8cc,True,0.19331597222222222,0.3367944834183674
3ad53090d,True,0.12045833333333333,0.2099011479591837
2416a2da1,True,0.1359,0.23034917091836735
ba13c272f,True,0.2598668981481482,0.41563695790816324
62332ea2c,True,0.1307638888888889,0.29677535076530615
e4eccb132,True,0.13964882943143814,0.2439811862244898
5e5d1fc6d,True,0.2698,0.42835220025510207
9dae4e297,True,0.1465451388888889,0.2292530293367347
e8d0eedf7,True,0.4629720853858785,0.6900908801020408
3a016a6a0,True,0.49288333333333334,0.6821986607142857
5e711ed8d,True,0.4389985590778098,0.6021404655612245
615f2f661,True,0.2798160535117057,0.37246890943877553
c626f2f93,True,0.15280092592592592,0.2540258290816326
87aff0121,True,0.3919375,0.6637436224489796
8f9010452,True,0.1955189666953206,0.3814174107142857
3ba4ccb80,True,0.24610243055555556,0.3685825892857143
ded648294,True,0.3087885802469136,0.5713089923469388
bec2fe7ad,True,0.4717919921875,0.5597297512755102
e3883d4f0,True,0.3327448453608247,0.41898517219387754
a99b34f95,True,0.34368316937553467,0.46171476403061223
a87f5839e,True,0.04145585317460317,0.07338169642857142
ed97f6919,True,0.20443287037037036,0.33388472576530615
f344595d7,True,0.5964699074074075,0.7285953443877551
1d0a5c20a,True,0.52791259765625,0.6264349489795918
dffc5cef6,True,0.49028472222222225,0.6843909438775511
4fedc2eb6,True,0.5767385736800631,0.7976124043367347
db71b8b85,True,0.372175,0.5468351403061225
bd54dcfd0,True,0.2609505571030641,0.45390226403061223
bc1319810,True,0.35291087962962964,0.5743383290816326
e945a1e04,True,0.193937265917603,0.33559869260204084
2d72ef0c4,True,0.255570987654321,0.4162747130102041
ac4c28677,True,0.20815,0.32979910714285715
3060d192f,True,0.29126404494382024,0.5052814094387755
f410b0841,True,0.28826666666666667,0.39732142857142855
573ee1a1f,True,0.4897625,0.5702726403061225
34dc86aae,True,0.4779849498327759,0.6412826849489796
ab7ccc7df,True,0.46569166666666667,0.5624202806122449
a0401d349,True,0.2224888888888889,0.37193080357142855
1f58a286e,True,0.037566666666666665,0.0654296875
5909a21cc,True,0.39856150793650796,0.4950374681122449
01ba86830,True,0.08812934027777777,0.11987802933673469
b165fe8b1,True,0.295225,0.44704639668367346
8d7a8a5c0,True,0.17583333333333334,0.24900350765306123
6ef02d7e9,True,0.24339518229166668,0.4127670599489796
b8c54bc91,True,0.6072847682119206,0.7556999362244898
c0edff1e1,True,0.1332111111111111,0.2746532206632653
e4406b18a,True,0.2849074074074074,0.4395328443877551
1be58123d,True,0.09914930555555555,0.21434550382653061
abd80f666,True,0.3950065104166667,0.5067163584183674
2fb22dd88,True,0.41640432098765434,0.6302216198979592
5a21eec6d,True,0.5185555555555555,0.8315728635204082
9cd7bfaa6,True,0.3244498697916667,0.40708705357142855
fc7f7797c,True,0.42794921875,0.6004862882653061
af75249aa,True,0.30573302469135805,0.47301498724489793
0d7f7a155,True,0.2080029296875,0.24695073341836735
5aff9022b,True,0.364765625,0.5411750637755102
09bc86c05,True,0.4739003759398496,0.7498604910714286
5bbf44cea,True,0.35580322265625,0.43494897959183676
e40073625,True,0.42570352214960056,0.5266462053571429
2f29e9d88,True,0.07637246621621621,0.09634088010204081
6e3631a29,True,0.30617175273865416,0.449398118622449
df4354823,True,0.2598,0.5746372767857143
bca099371,True,0.16476666666666667,0.285953443877551
a0b82db0e,True,0.28044166666666664,0.42051977040816324
8425c2a48,True,0.11268125,0.14423230229591838
97e47e7c0,True,0.6756416666666667,0.8091517857142857
41d6c5f90,True,0.5063773148148148,0.6988998724489796
02c40b53c,True,0.3814125722543353,0.4723573022959184
3f016dcab,True,0.3295131086142322,0.4163145727040816
e3b6b7d2e,True,0.6032632560146061,0.9338329081632653
21c281e66,True,0.3297569444444444,0.5097855548469388
32387ac37,True,0.134025,0.22540656887755103
350208e1a,True,0.15020061728395062,0.33183195153061223
3c8468196,True,0.35593171296296294,0.5737802933673469
dabcf0e55,True,0.306982421875,0.45332429846938777
03f217352,True,0.10575810185185185,0.1839325573979592
481cbcedb,True,0.24148333333333333,0.3949697066326531
6f8ae496e,True,0.17220703125,0.2971739477040816
34c4e74a9,True,0.10781666666666667,0.1873405612244898
b06d39b09,True,0.17554166666666668,0.2899792729591837
b3a6f353d,True,0.19444166666666668,0.2477080676020408
485887f4c,True,0.11053819444444445,0.19260204081632654
92085e776,True,0.29901123046875,0.3590561224489796
a9391d398,True,0.18064166666666667,0.2932278380102041
8efcfe9c6,True,0.29,0.3745017538265306
09a024035,True,0.30447674418604653,0.4942004145408163
734123308,True,0.3431,0.4479830994897959
5a358b56f,True,0.12774305555555557,0.2918327487244898
2562fec96,True,0.23843443194452296,0.43030532525510207
4909dc5af,True,0.5498,0.7138472576530612
c0b704c99,True,0.3175936768149883,0.5620017538265306
9e9a3285d,True,0.13845,0.23967633928571427
1f70f8112,True,0.303525,0.46053890306122447
75bfbc825,True,0.400075,0.5736208545918368
a3dfe1991,True,0.49949561403508774,0.7061543367346939
9123c847a,True,0.445725,0.5889668367346939
8c96f8ed3,True,0.1595023148148148,0.2776426977040816
3ef9ac2a6,True,0.59685,0.7648875956632653
7db48c47a,True,0.22234567901234567,0.32459741709183676
9ab8dddba,True,0.5471107927411653,0.6668526785714286
2689341e7,True,0.04437761069340017,0.09588249362244898
e09807e6e,True,0.252667297979798,0.5146285076530612
e039f2392,True,0.2249,0.34946986607142855
af32c8be0,True,0.27227695675971536,0.4848134566326531
745facb3c,True,0.18605833333333333,0.3017578125
a5c5278b8,True,0.06452546296296297,0.11200573979591837
c0f651276,True,0.43401649746192894,0.5498844068877551
82ee2f3e9,True,0.36990478515625,0.4504942602040816
941880ea3,True,0.29139660493827163,0.5299744897959183
c4bc89962,True,0.19290262172284645,0.24816645408163265
c7d02bfca,True,0.12167857142857143,0.1736686862244898
ac6d69d99,True,0.3468421052631579,0.5825892857142857
b7fcfa1e6,True,0.27989969135802467,0.5517777423469388
fc601e041,True,0.10381773399014778,0.2022281568877551
23874f644,True,0.30603813559322035,0.4526267538265306
cca88204d,True,0.38771666666666665,0.5841438137755102
f5dc70d35,True,0.3117606123869172,0.5356544961734694
4d163b731,True,0.32684322033898305,0.5497648278061225
a83d95ead,True,0.17416685885608857,0.2392578125
