PetID,sentiment_score,sentiment_magnitude,sentiment_language,n_sentences_sentiment,n_entities_sentiment
bf8aa8f96,0.3,4.3,en,9,20
e7176bba4,0.1,2.7,en,7,10
e239373ff,0.7,1.5,en,2,2
44594e996,0.0,1.1,en,3,4
cbdeed3f9,0.1,0.1,en,1,2
6e31c7d5c,0.4,1.8,en,4,5
1c7619fdc,0.3,1.9,en,4,9
bdc7db9b6,0.0,0.3,en,4,2
7f8f45a35,0.6,1.2,en,2,3
bc22c806a,0.7,0.7,en,1,2
53037f091,0.2,1.2,en,3,10
95e9ad1b2,0.2,4.3,en,10,25
2a89fe4a5,0.1,0.7,en,4,7
6da091c79,0.1,1.3,en,5,14
eb4dde79e,0.2,1.1,en,4,8
1368f0b22,0.3,2.5,en,3,11
88448bdc5,0.1,2.1,en,5,10
dc589864d,0.2,1.6,en,5,10
4ae940ec2,0.0,0.8,en,7,14
d59f3a6cc,0.8,1.6,en,2,1
4194f0f66,0.2,2.3,en,5,6
19db3e21f,0.3,1.1,en,3,9
427755203,0.0,0.0,en,1,2
5eb355cea,0.5,4.5,en,8,15
f83695eb0,0.0,1.8,en,4,15
886debfe8,0.4,5.9,en,10,14
4427541c0,0.1,2.4,en,9,14
c0f651276,0.0,3.2,en,5,10
5017052e7,0.3,1.7,en,3,2
ffdad97e5,0.7,2.1,en,3,7
00709d75b,0.2,1.8,en,7,12
3b3349318,0.5,0.5,en,1,0
1a676ca88,0.3,1.0,en,3,5
ec14446ba,0.4,4.8,en,7,12
c1d58a395,0.5,1.1,en,2,4
7af35cc82,0.3,1.8,en,5,5
d4aa3713a,0.3,0.6,en,2,0
9243b2c43,0.3,0.3,en,1,3
16eefbec7,0.3,0.3,en,1,3
ddc3af1ee,0.0,3.5,en,8,22
731a2ef80,0.2,3.2,en,6,13
356d41ee2,0.0,0.0,en,1,1
df4354823,0.4,2.4,en,5,13
7759517e2,0.9,0.9,en,1,3
17e6747da,0.2,5.3,en,16,31
4bff9728d,0.5,2.0,en,3,6
80de23d7a,0.5,1.6,en,3,3
a1eb5f685,0.6,0.6,en,1,5
3a5fb3c1f,-0.5,0.5,en,1,2
66757255c,0.6,3.2,en,5,9
15b27df66,0.2,3.0,en,7,13
bd2f5699b,0.6,2.7,en,4,5
b28bc9e65,0.0,2.1,en,4,9
378406cf4,0.1,0.7,en,4,7
33bfeb403,0.3,3.3,en,7,12
1696809dd,0.0,0.0,en,1,1
cf51903db,0.6,4.1,en,6,16
fb278c21e,0.4,1.4,en,3,3
e064d3504,0.4,2.1,en,4,8
9351715a9,0.2,1.4,en,4,17
bbdcd94a9,0.1,1.9,en,5,10
f27915d51,-0.4,0.4,en,1,1
21fc38738,0.5,2.8,en,5,17
e24a30aaa,0.2,3.4,en,6,29
d38fca349,0.1,4.0,en,11,37
4d3526802,0.2,1.4,en,5,10
215f9a760,0.4,3.3,en,8,13
9ad6f6fae,0.1,2.3,en,6,15
79b514f79,0.7,0.7,en,1,4
f8619af42,0.7,0.7,en,1,3
1d20ba693,0.3,1.3,en,4,10
4dc593f4e,0.3,0.9,en,3,5
dd4f3b8a8,0.3,1.6,en,3,10
4ea31a03a,0.2,1.8,en,3,5
01e410583,0.2,1.8,en,8,13
eb90062ec,0.4,2.6,en,6,10
1326c53f9,0.2,3.3,en,7,26
ad6e56af2,0.0,0.2,en,3,2
d0bf2b3bf,0.1,3.1,en,10,21
d3b4f29f8,0.5,3.1,en,6,13
8867faa98,0.3,1.8,en,4,5
4f4028c04,0.2,0.6,en,3,8
d49ea4e84,0.2,7.5,en,16,28
1c967561d,0.4,1.9,en,4,7
6d815d3ef,0.1,1.5,en,5,3
edac63019,0.3,4.5,en,10,18
c7561189e,0.2,2.1,en,5,6
ec2bb7160,0.7,3.0,en,4,7
ab8dfa983,0.1,0.1,en,1,2
fc9773fa5,0.8,1.7,en,2,10
ed81d1da8,0.1,0.1,en,1,1
30aa1059a,0.1,2.3,en,8,10
ed74a9822,0.3,2.3,en,5,10
b8976d821,0.0,1.7,en,3,10
abd366564,-0.1,1.1,en,6,17
fa1a30192,0.0,0.3,en,2,3
8bed563dd,0.2,1.0,en,3,11
09e39377f,0.4,1.4,en,3,4
ce18c7a4b,-0.1,4.4,en,12,28
5e54f4e06,-0.1,0.3,en,2,2
1cc20af0a,0.0,2.1,en,5,8
235a61374,0.0,2.2,en,5,12
0c6c71a55,0.4,2.8,en,6,15
c1816081f,0.5,2.5,en,5,8
59d95faef,-0.4,0.4,en,1,3
cbf20c4b0,0.1,3.9,en,6,19
fd2d48292,0.5,1.0,en,2,2
b48aa9d4a,0.3,1.2,en,3,4
d6e372a1d,0.9,0.9,en,1,2
f796b0a30,0.5,8.3,en,14,27
e69df38b4,0.1,1.4,en,2,9
f61e89a28,-0.1,1.2,en,4,6
521320b95,0.2,1.4,en,3,9
af86d93ba,0.0,1.9,en,4,9
9b09190e4,0.0,1.5,en,2,6
be340bbe7,0.0,2.5,en,9,18
cc492b6b5,-0.4,0.9,en,2,11
0b4a33baa,0.5,3.0,en,6,9
140ef35de,-0.6,0.6,en,1,3
804d08f42,0.3,1.6,en,4,24
1a54d4e92,0.5,3.1,en,6,8
a7eb03730,0.2,2.1,en,3,14
00c71a320,0.4,0.9,en,2,4
d574448ee,0.3,3.8,en,9,18
8ef4b6cf3,0.4,0.9,en,2,12
9e3d235d8,0.5,2.8,en,5,13
75332917e,0.0,0.0,en,1,2
109823680,0.2,1.0,en,3,3
8ce613036,0.3,3.9,en,11,22
92f84c5b7,0.1,1.8,en,4,12
51366110e,0.3,1.2,en,3,4
f3abe5d8c,0.7,0.7,en,1,12
bea0802eb,0.3,2.9,en,7,24
00af25fc0,0.4,4.6,en,9,26
941880ea3,0.0,0.0,en,1,1
f5dc70d35,0.1,0.1,en,1,0
d13d93f69,0.0,1.5,en,6,19
161718095,0.9,3.6,en,4,11
ba7d1a755,0.6,3.2,en,5,3
87fa5c42b,0.0,1.5,en,3,8
4bce78644,0.1,1.8,en,7,11
1e83794bd,0.3,1.1,en,3,9
e9c78e9fb,0.1,0.4,en,3,4
072ae6d9e,0.2,2.2,en,4,10
c93c0faa3,0.2,1.1,en,5,11
437b01de4,0.5,2.9,en,5,23
67db5accd,0.6,4.2,en,6,9
f45457bdc,0.0,6.0,en,23,41
97db95d21,0.2,0.2,en,1,2
1ae9a98d3,0.5,1.1,en,2,3
4f7a70728,0.4,1.0,en,2,3
bedd7f1e7,0.3,2.8,en,7,9
9eb6e75e2,0.4,0.9,en,2,4
eaf13651e,0.9,0.9,en,1,2
1a2c91362,0.4,6.2,en,9,17
9a3c966a9,0.2,3.1,en,5,9
72c38b9ab,0.2,1.3,en,5,11
474bccd75,0.8,1.6,en,2,4
2c8ae4c7e,0.0,2.1,en,7,17
146f076cf,0.3,1.1,en,3,8
9ef11ed6e,-0.3,1.2,en,4,15
de43c6ce5,0.0,1.3,en,6,12
5ac95823c,0.2,2.6,en,8,14
b586e1ea4,0.5,4.7,en,9,14
fb2dc3fb7,0.1,0.7,en,2,4
e827bee5e,0.0,0.2,en,2,4
49006b8c3,0.2,1.6,en,6,11
99dcd9020,0.0,0.0,en,1,1
1398adca0,0.2,0.7,en,3,17
78b07d4e0,-0.5,0.5,en,1,4
0392c0c81,0.0,0.4,en,4,11
dc996a1a4,0.3,1.9,en,4,9
f56c9eb67,0.9,2.7,en,3,5
fe879c04e,0.2,1.4,en,3,5
366a03818,0.3,2.3,en,4,8
355e8bc38,0.0,0.0,en,1,1
15e5b6d26,0.0,1.0,en,6,19
e7b44276b,0.0,0.0,en,1,1
affeb8b58,0.8,0.8,en,1,1
48cb3c66a,0.1,0.1,en,1,2
caa16cc3c,0.3,3.9,en,11,25
b630ac493,0.2,3.6,en,10,13
8f0468771,0.0,1.4,en,3,7
d1a9104a1,-0.1,1.4,en,5,13
c5574bf3d,0.4,2.3,en,4,5
9ed8dd7a7,0.4,1.8,en,3,8
175af62c1,0.1,1.5,en,6,11
dfcd19237,0.3,0.3,en,1,2
10836809d,0.2,2.3,en,4,19
d4b2dcfb6,0.0,2.1,en,6,13
c7cb34ee2,0.8,1.7,en,2,3
9b95ec85b,0.0,2.9,en,6,13
3695274de,0.9,0.9,en,1,6
87b715441,0.2,2.6,en,6,6
d73b2a4c6,0.0,13.0,en,31,117
bd9e9d9e2,0.0,0.0,en,1,1
9deed930d,0.2,1.7,en,6,6
5fed61438,0.3,2.2,en,7,11
d67c5c6cf,0.6,3.5,en,5,5
f056ab9fc,0.2,1.0,en,4,11
ca39efaf2,0.1,2.4,en,7,11
79531026f,0.0,0.5,en,5,5
80255c391,0.4,1.2,en,3,6
f53c216e2,0.0,0.3,en,4,21
2c281057a,0.1,3.3,en,8,18
a77b63ee1,0.0,0.0,en,1,1
c2aeb6a1f,0.1,8.6,en,21,72
92e87765e,0.7,1.4,en,2,11
9ba11975b,0.3,3.2,en,7,16
0940ecf2b,0.3,1.1,zh,3,5
49a867af7,0.0,1.0,en,4,7
cea6df421,-0.1,1.6,en,5,11
797bcabfd,0.0,2.5,en,7,13
ad111a12a,0.3,1.1,en,2,5
a662f1d7e,0.7,1.5,en,2,2
5f20dde82,0.8,2.6,en,3,15
079f5f1e4,0.1,0.3,en,2,4
887b5144a,0.5,0.5,en,1,5
b854220cb,0.0,3.0,en,5,8
11f773e2f,0.0,0.0,en,1,1
ecf521843,0.2,3.3,en,9,16
39ec77c60,0.6,4.7,en,6,13
2fbf2cb7c,0.6,4.7,en,7,10
a1be4d855,0.4,4.8,en,8,11
ea062393d,0.2,1.7,en,5,8
7b5bee232,0.0,2.0,en,5,14
481cbcedb,0.2,4.6,en,8,24
a2c44e0b3,0.4,1.3,en,3,4
48d1e6446,0.3,3.2,en,8,36
f9d621157,0.6,5.9,en,9,24
e4deffd71,-0.6,1.3,en,2,7
55e32b4b7,0.0,1.3,en,6,7
f0c26af32,0.6,2.6,en,4,4
6178884d1,0.4,0.9,en,2,5
8bd033254,0.1,1.1,en,4,8
c301eddcb,0.0,0.2,en,3,7
8f32c880e,0.4,0.9,en,2,3
e754315db,0.9,0.9,en,1,0
519bc8382,0.4,5.8,en,10,15
aaf465c30,-0.2,1.6,en,5,12
6d9b202c9,0.0,0.8,en,4,10
32d8fa52b,0.5,3.7,en,6,12
596d784b2,0.4,2.8,en,5,13
aaedd873d,0.4,2.9,en,6,6
c5d0fdfac,0.7,1.4,en,2,2
4574e3de4,0.9,0.9,en,1,0
5a828ec3e,0.0,0.0,en,1,11
094c2c3bf,0.5,1.7,en,3,15
e1e2b0af4,0.3,3.1,en,7,27
cad8537e1,0.3,1.0,en,2,7
2b34c70e7,0.5,0.5,en,1,1
f52510492,0.4,2.4,en,5,7
788e8757d,0.8,0.8,en,1,3
93cdb10e6,0.0,1.8,en,4,7
9ba7b7b9c,0.8,0.8,en,1,6
6b10d4880,0.1,1.6,en,5,4
b6c93a605,0.6,0.6,en,1,1
07914c759,0.0,1.4,en,5,5
c737c30d7,0.4,3.9,en,7,22
184a51562,0.0,2.4,en,5,13
903523a17,0.3,1.4,en,4,9
dcefbb974,-0.1,0.4,en,3,7
fb442ee5e,0.3,1.8,en,4,11
fc02869d9,0.1,0.7,en,4,9
beea1e1dd,0.5,1.0,en,2,3
fbba51f97,0.3,1.5,en,4,9
b5b9c3c05,0.0,0.0,en,1,8
0c5fe8151,0.2,2.4,en,5,18
ad5250ecf,0.0,0.2,en,3,7
841bcd63f,0.0,0.0,en,1,7
c219bf074,0.1,0.4,en,3,1
46b2782d5,0.0,0.4,en,3,3
90489eccb,0.3,1.9,en,6,7
f068b8fdd,0.9,0.9,en,1,3
cc515ec8c,0.5,4.8,en,8,18
5390fc59f,0.0,0.0,en,1,16
09e9110e2,0.0,0.0,en,1,5
bee25f46d,0.2,2.0,en,6,4
6a54a03db,0.6,4.5,en,7,18
9ae0545c1,0.6,2.6,en,4,5
e8fdeb33e,0.5,2.0,en,4,9
c6f39e0e4,0.6,3.3,en,5,7
474294e01,0.1,2.1,en,10,20
cad1a9f54,0.2,5.9,en,14,26
6c06b0725,0.5,2.3,en,4,16
656246ceb,-0.1,0.3,en,2,5
8f6b92b4d,0.4,0.8,en,2,4
acca0b2ed,0.6,3.7,en,6,9
2bf2c6260,0.1,0.7,en,4,10
6f43738b5,0.4,0.4,en,1,2
b912b1114,0.1,13.8,en,34,100
4d1d8655a,0.5,2.8,en,5,10
b04a0dd9e,-0.1,1.0,en,6,7
7abf263f7,0.4,1.2,en,3,5
7115607a0,0.7,3.6,en,5,15
171113c99,0.5,8.0,en,12,32
087ee8e83,0.2,3.0,en,7,10
1652a3e1e,0.2,0.6,en,3,3
ee4cb45ea,0.0,0.0,en,1,3
d55faa0ff,0.0,1.6,en,5,19
d33f898e4,0.3,0.8,en,2,6
0a266921d,0.1,2.5,en,9,18
c12ae3214,0.0,2.6,en,7,20
48cd2ebaa,0.2,5.1,en,10,20
9ecb47019,0.5,3.0,en,5,8
a2cd25e49,0.0,0.0,en,1,1
cfa67dca2,-0.2,3.5,en,7,24
be7ff8075,0.1,0.4,en,2,6
7d1d7a4f6,0.3,2.2,en,7,15
93b91a46a,0.7,0.7,en,1,2
bc0b9984a,0.2,0.2,en,1,2
aa32ec730,0.1,3.1,en,11,24
329814145,0.5,2.3,en,4,4
af8cd40e0,0.1,5.1,en,16,24
427acc248,0.0,5.6,en,12,47
2bbe22924,0.2,1.3,en,2,7
214dbc1f4,0.7,2.8,en,4,6
a892f5fd3,0.3,0.9,en,3,4
37e47eeab,0.2,2.5,en,10,15
50f87522f,0.3,9.1,en,17,45
4036e0e12,0.5,3.7,en,7,15
1e87e4110,0.3,1.8,en,5,3
35b51bb28,0.3,0.8,en,2,9
a5f027ab8,-0.1,1.9,en,6,9
5c1890dc7,0.3,1.0,en,3,3
610c05772,0.2,3.1,en,8,19
1fc6f94cc,0.3,0.3,en,1,2
ecba82fc3,0.2,6.8,zh-Hant,16,33
4acf3e30e,0.2,2.2,en,3,6
ef0fde5be,0.5,0.5,en,1,2
920a30b27,0.1,1.5,en,6,10
af6364af9,0.3,2.5,en,8,16
b64e30a78,0.0,0.5,en,4,14
6d98621a6,0.1,1.8,en,5,6
2f3d368d3,0.3,2.6,en,4,9
97094f7ec,0.6,1.9,en,3,9
9e3239219,0.3,2.8,en,8,8
39b3fe88f,0.0,0.0,en,1,2
50d2b5839,0.3,6.1,en,13,15
c02be41e6,0.1,3.4,zh-Hant,10,22
fbb112b7e,0.8,1.6,en,2,5
1bde9cc3f,0.4,1.2,en,3,5
50262523c,0.2,1.3,en,4,8
31d921827,0.2,2.2,en,5,9
1d4adbcc2,0.8,1.7,en,2,3
4ea111bbe,0.2,5.9,en,16,35
d16c37008,0.1,0.1,en,1,2
9d66ac1e7,0.4,4.1,en,8,11
d2c9dd7d1,0.1,1.4,en,4,8
326b17344,0.1,3.2,en,7,19
bd881326e,0.3,2.7,en,7,13
8d7a8a5c0,0.2,2.2,en,6,16
1667eb8a4,0.4,1.3,en,3,7
3f5405630,0.0,0.2,en,3,7
546957a8b,0.2,2.5,en,8,9
0adca3f66,0.1,1.0,en,6,13
0cb52145c,0.8,0.8,en,1,3
ece3629b4,0.9,0.9,en,1,0
c5baf5497,0.1,1.8,en,7,18
3101ea018,0.4,2.7,en,6,14
da840f8d4,0.0,0.3,en,3,6
f19658d12,0.3,1.8,en,5,11
659dc9159,0.3,2.3,en,3,6
11ac3640c,0.4,4.4,en,9,17
0fc52b599,0.7,1.4,en,2,1
4b949e5c7,0.4,0.9,en,2,3
53fba6573,0.2,5.4,en,15,22
107d56dc4,0.1,1.3,en,4,7
53c0ebe89,0.2,1.3,en,4,7
f220ae6cd,0.2,1.3,en,5,16
d5e351a09,0.0,2.9,en,12,28
c234e165f,0.3,2.7,en,6,14
0cf709a59,0.5,0.5,en,1,3
2f43fb067,0.3,1.1,en,3,5
5dace0494,0.3,2.3,en,5,18
e40368c38,0.4,0.8,en,2,6
89bac4c29,0.0,0.1,en,2,3
01c6d3224,0.1,0.2,en,2,5
49a832741,0.1,0.1,en,1,0
b93a2c373,0.3,0.7,en,2,4
8ef541435,0.3,1.4,en,4,20
1da3eb996,0.5,1.0,en,2,3
409ccc60e,0.7,2.3,en,3,8
7d6d03de2,0.1,1.4,en,5,7
24bbd04ce,0.4,5.0,en,9,20
4fe9ef7ce,0.5,2.7,en,4,5
f6e07783c,0.8,0.8,en,1,1
db095d92a,0.6,1.8,en,3,6
c0503dd75,0.1,3.1,en,10,37
d30b90a39,0.3,1.9,en,3,8
6bf6880bd,0.5,0.5,en,1,1
3584bf68a,-0.2,0.2,en,1,2
cf76c794a,0.7,2.3,en,3,6
fe4bb01a6,-0.2,0.9,en,4,10
9fce612cf,0.2,5.9,en,13,17
816005a03,0.0,1.5,en,3,6
1bf4a2ca7,0.6,1.8,en,3,4
26e02fdeb,0.5,3.5,en,6,12
62bf4037c,0.5,1.6,en,3,6
315d0e254,0.1,2.4,en,5,16
f3a5451b9,0.3,4.4,en,8,8
8717133d3,0.7,4.6,en,6,15
8a302ccba,0.2,5.4,en,11,23
94bcf0199,0.3,1.5,en,4,10
181fb7dae,0.2,0.8,en,3,11
cb7bfedd5,0.0,1.6,en,3,10
f44a6cdaf,0.1,0.7,en,5,8
cc628c147,0.6,3.7,en,6,15
b780980c1,0.0,10.2,en,33,50
5f6931436,0.4,1.2,en,3,5
e625fc4f4,0.4,1.9,en,4,10
7977491da,0.3,3.9,en,9,13
c4277da90,-0.2,1.3,en,5,15
1f983f20b,0.5,2.8,en,5,8
91f52526f,-0.1,1.3,en,3,17
bef897b2b,0.1,2.1,en,6,6
4f6c8d13e,0.1,1.7,en,7,28
56f62a309,0.3,7.8,en,15,36
e53933782,0.1,8.9,en,17,31
3af2b1473,0.4,2.7,en,6,12
faec94482,0.3,6.3,en,14,26
59e24567e,0.6,2.5,en,4,12
ac4c28677,-0.3,2.9,en,9,19
011350faf,0.3,0.7,en,2,6
815f4cc08,0.7,1.5,en,2,4
538b47698,0.3,1.3,en,3,4
9a3224461,0.2,2.5,en,8,27
9d72113d5,0.0,1.9,en,3,8
1b154dffa,0.0,0.1,en,2,5
87f4ea65f,0.2,0.5,en,2,1
f6ad159f1,0.1,0.8,en,4,13
4f279d30c,0.7,1.4,en,2,25
f53e55959,0.3,2.7,en,6,13
20ba919c6,0.7,2.3,en,3,9
f8bf52aea,0.2,1.4,en,5,5
7ba2a5c50,0.9,1.8,en,2,6
9fb89d88f,0.1,0.7,en,4,9
5f0efae69,0.0,4.0,en,10,25
6d1596957,-0.1,0.6,en,2,8
d4d84523a,0.1,3.3,en,14,23
da5295aaf,0.5,1.1,en,2,8
3e5627478,0.1,0.1,en,1,1
4cc05c35d,0.3,2.2,en,6,9
e65375c05,0.0,4.0,en,13,22
1f9b856e0,0.0,2.1,en,7,17
8111f6d4a,0.3,0.7,en,2,1
054f35a8c,-0.2,1.3,en,4,12
81efac010,0.3,1.8,en,6,7
4aa9a342e,0.1,0.3,en,3,6
799aad68b,0.3,1.8,en,5,11
a24a102b1,0.5,2.8,en,5,6
9976d9007,0.3,1.3,en,3,8
a4c903a3d,0.1,0.1,en,1,1
a64d70c84,0.9,1.9,en,2,1
8aeda3d62,0.3,7.8,en,17,23
44cd12263,0.2,2.1,en,4,9
64f563069,0.3,0.7,en,2,7
447be811f,0.5,2.8,en,5,15
121ee5fa0,0.5,3.6,en,6,15
d9b4b1930,0.4,0.8,en,2,9
32bc0b4fa,0.6,1.8,en,3,10
e48598033,0.5,2.5,en,4,5
39818f12c,0.2,2.1,en,5,12
a5acfe9ed,0.3,9.1,en,21,52
172c8129a,0.3,5.5,en,10,26
597ff6946,0.3,3.6,en,6,11
c7c443855,0.0,3.1,en,11,14
e2f5253f7,-0.1,2.3,en,5,30
460edc419,0.4,1.8,en,3,8
a4e4b1640,0.8,1.6,en,2,3
ed10d7ee5,0.1,0.1,en,1,1
a972fe14a,0.2,2.8,en,6,17
e0e241d57,0.1,4.5,en,13,44
d30068375,0.0,1.1,en,8,13
9252b5dc8,0.0,0.9,en,3,11
8b8c51377,0.5,1.1,en,2,3
8b6690d89,0.0,4.7,en,14,23
48c5a3c40,0.5,2.8,en,5,11
119f813b2,0.1,0.1,en,1,1
24c1d5a33,0.2,3.5,en,9,22
7f40cce5f,0.4,5.4,en,11,18
edc5c168a,0.4,1.9,en,3,6
cd2fd9be8,0.6,2.5,en,4,4
1adc56d3c,0.2,1.7,en,4,12
7964fc4ad,0.1,2.5,en,7,10
c5db00aa6,0.8,1.7,en,2,6
2ce86e3a2,0.2,3.0,en,7,16
fb1a745e6,0.1,0.3,en,2,2
3db150833,0.2,0.2,en,1,1
24afd5f54,0.0,2.5,en,5,18
015c353ce,0.2,4.8,en,9,18
a2cf852c0,0.7,0.7,en,1,2
dcd8e75d3,0.0,0.9,en,3,9
a8055a2ba,0.3,2.8,en,7,9
a6c7f3a13,0.8,0.8,en,1,0
5a3599411,0.3,1.4,en,4,5
871a00e21,0.2,0.4,en,2,5
cc081896e,0.4,2.9,en,5,13
af1125994,0.4,2.8,en,6,5
bd4059588,0.0,0.0,en,1,1
a3740bea8,0.3,2.6,en,5,29
95855babf,0.5,2.2,en,4,5
3cfec8730,0.3,3.0,en,5,14
edba94b45,0.9,3.7,en,4,6
289d0bc8a,0.5,2.0,en,4,7
e5e06c8dd,0.7,1.4,en,2,5
b5010c15b,0.0,0.0,en,1,1
5c109cb7c,0.8,1.6,en,2,2
9579ad7a1,0.3,2.2,en,6,10
eb652ec07,0.1,0.1,en,1,2
81c442177,0.5,3.2,en,6,7
2b5a3c81d,0.4,2.3,en,5,3
6593bd2a2,0.4,1.8,en,4,4
db27a0a42,0.0,0.0,en,1,3
c57a0afef,0.8,0.8,en,1,1
3b0b88ac2,0.0,0.0,en,1,1
4cc8c07d5,0.4,1.4,en,3,2
9d64175e7,0.9,0.9,en,1,1
52dae90aa,0.4,3.6,en,7,13
a91761e54,0.0,0.2,en,4,1
df6205194,0.1,2.7,en,6,12
3d277ebe6,0.4,1.4,en,3,8
bd9d521c5,0.1,1.2,en,6,10
ef5fcd597,0.0,0.5,en,7,10
2abfa66d6,0.4,1.8,en,4,5
99ba6513a,0.1,7.4,en,19,41
70900313d,0.9,0.9,en,1,1
7a785a607,0.4,1.3,en,3,4
40fbb932c,0.4,3.4,en,7,11
372433bc5,0.2,0.2,en,1,0
7f51a7e88,0.3,2.8,en,8,18
80fcac43d,0.4,3.1,en,6,9
f376f922e,0.1,0.1,en,1,2
516fcfdf9,0.0,1.3,en,3,5
081c0a12d,0.2,3.3,en,11,28
f569b3a29,0.2,3.0,en,7,17
9faeb952b,0.4,0.8,en,2,3
9397426ea,0.3,6.4,en,11,14
cccd87749,0.5,4.2,en,8,29
7559336dc,0.4,2.5,en,5,11
0b24f7e7f,-0.5,0.5,en,1,18
8df053c7e,0.0,3.6,en,12,20
9fae764f0,0.3,1.4,zh-Hant,4,13
a9199119d,0.9,0.9,en,1,3
451bf38f1,-0.1,0.3,en,2,5
1fecd2bab,0.1,1.8,en,6,4
9eb98f34c,0.0,0.0,en,1,3
4b69bf0e7,0.4,3.0,en,7,13
4b45ae85f,0.3,0.7,en,2,4
74c7373bd,0.8,0.8,en,1,3
15dc4c629,0.5,2.2,en,4,8
4d7111b92,-0.8,0.8,en,1,5
918408d22,0.3,1.2,en,3,4
030f32f08,0.8,0.8,en,1,3
703f1a4c4,0.5,1.8,en,3,7
85a79f281,0.6,1.2,en,2,3
a71f9ca6b,0.9,3.6,en,4,11
95a89f5f2,0.3,2.5,en,4,8
3e26edfa8,0.3,1.0,en,3,5
2352b7f0e,0.2,5.4,en,18,55
323f562e0,0.3,1.5,en,5,4
e2db9e1eb,0.0,3.5,en,6,23
5bd405bac,0.3,1.5,en,4,6
277e3979a,0.4,0.9,en,2,5
2562fec96,0.2,5.5,en,10,31
c20aa0352,0.6,0.6,en,1,5
745fd19b8,0.0,3.5,en,12,23
a17411df1,0.1,2.3,en,8,23
3c6329c92,0.3,1.4,en,4,17
e3f28534a,0.1,0.4,en,2,11
bc4ba2449,0.5,1.1,en,2,3
f231e1f78,0.5,1.1,en,2,4
b43155295,0.4,2.1,en,5,9
14bbc5876,0.2,1.7,en,5,7
647284f19,0.4,1.6,en,4,9
e7a74fca8,0.0,0.0,en,1,1
a111adc75,0.1,3.3,en,9,27
627726d36,0.8,2.6,en,3,3
e89692f96,0.0,1.5,en,8,17
e58a12b66,-0.3,0.3,en,1,3
ff78347b7,0.5,3.7,en,7,16
c1ba2169b,-0.5,0.5,en,1,4
9f2251ffe,0.2,1.2,en,3,3
2d33077f2,0.9,1.9,en,2,5
231fe619a,0.2,1.3,en,2,6
fbb3db415,0.1,0.1,en,1,2
3a7d3c17e,0.0,3.4,en,10,36
6348b55cb,0.1,0.1,en,1,2
270bd311c,0.0,1.2,en,7,7
77c076881,0.1,1.9,zh,8,10
c02a9554d,0.4,0.9,en,2,5
21f4a6abf,0.1,3.9,en,8,12
ed390241b,-0.1,2.5,en,7,25
218f8bb3a,0.6,2.6,en,4,18
00bfa5da9,0.1,2.1,zh,6,19
14cbb81c8,0.1,3.9,en,11,32
5e7b512bb,0.1,0.1,en,1,4
15df9cd46,0.4,2.9,en,7,11
23379775f,0.6,5.7,en,8,19
09f31b13e,0.2,0.2,en,1,4
b0cc3078c,0.1,1.3,en,3,4
4e47644c8,0.3,1.6,en,5,8
2b47d7f0d,0.4,1.8,en,4,7
12653b9bc,0.3,1.8,en,6,8
f8b827be1,0.6,4.4,en,7,16
1be58123d,0.6,2.4,en,4,7
bb170fd98,0.3,0.7,en,2,7
5c810c552,0.7,1.4,en,2,4
e1f0c1add,0.3,3.1,en,6,10
232aee73d,0.4,1.3,en,3,15
d9175b948,-0.1,0.5,en,3,10
1751240fe,0.1,0.7,en,4,11
48a2123f4,0.0,2.6,en,11,15
c135e081f,0.2,2.7,en,6,20
dcc0d8482,0.5,1.1,en,2,4
1a2f33fec,0.9,0.9,en,1,2
3eaa698d3,0.0,1.2,en,4,7
35b728d0d,0.2,3.2,en,7,22
fc537bc7f,0.3,4.9,en,14,14
983160271,0.1,0.1,en,1,0
51c4018b8,0.3,2.1,en,4,11
3757e3734,0.5,2.1,en,4,8
abdeff83f,0.2,1.4,en,5,7
4dc936ac7,0.5,2.3,en,4,5
a6adb9a9f,0.0,2.0,en,9,18
db77fdb46,0.6,1.9,en,3,13
687c0c2cd,0.0,0.2,en,4,8
f5fd255aa,0.8,0.8,en,1,2
5376c81df,0.2,1.5,en,5,8
37865f566,0.6,3.6,en,5,9
6d59be88d,0.0,0.0,en,1,1
7e3680561,0.1,0.2,en,2,5
b0278d962,0.3,0.9,en,3,3
08267e916,0.1,2.1,zh,6,19
158a55025,0.0,3.3,en,9,18
cd3cd5fcc,0.1,1.1,en,5,15
3330252db,0.3,2.5,en,7,12
640e18ef0,0.4,1.4,en,3,11
6984b9727,0.7,2.2,en,3,1
ebdf19959,0.4,2.7,en,6,16
8f1bdc253,0.1,11.5,en,28,68
2c5b817a7,0.0,3.7,en,11,18
1e8b70d35,0.3,1.1,en,3,3
acdf99f98,0.1,1.6,en,3,4
e10252ca3,0.8,0.8,en,1,4
4a311c6dc,0.0,0.6,en,4,9
fd123a15d,0.0,0.2,en,3,8
e12797ab1,0.6,0.6,en,1,2
b73a7ca90,0.5,1.7,en,3,4
e27ac6865,0.1,0.8,en,4,13
1bbf00182,0.6,2.6,en,4,6
02f89bdcb,0.4,2.6,en,5,4
5ea1f2c39,0.5,5.7,en,10,18
d3077e6b1,0.2,3.5,en,8,15
689e4e3bf,0.8,1.6,en,2,4
750f8baba,0.2,0.7,en,3,5
3d0a4c45a,0.4,3.1,en,7,12
4f1d86875,0.1,0.7,en,3,7
5aefb7197,0.2,2.4,en,7,15
0fd5ff08e,0.1,2.1,zh,6,19
226e8fe7c,0.5,2.1,en,4,12
2931d3eac,0.3,1.6,en,4,9
8afcd7b7e,0.6,1.3,en,2,1
558c419c0,0.2,2.8,en,8,17
f08b9d3c3,0.1,3.8,en,7,29
2566ab3a5,-0.7,0.7,en,1,1
1fe400328,0.0,1.7,en,9,14
bb6276b35,0.5,1.1,en,2,6
5bc5b43ae,0.0,0.9,en,5,6
227bfa6b8,0.0,0.0,en,1,1
99b55ee76,0.7,2.8,en,4,9
782eb0d9d,0.1,0.1,en,1,1
aa2a3d9c7,0.1,0.7,en,6,18
9449dcc18,0.9,0.9,en,1,3
134e12e92,0.4,2.7,en,4,8
7b8a09f2d,0.1,1.7,en,5,10
73501589f,0.0,0.0,en,1,0
900b47573,0.3,2.0,en,6,7
a6fbe0f38,0.4,2.1,en,4,7
bc1319810,0.1,4.0,en,10,19
edf3478dc,0.1,0.1,en,1,1
373880ef5,0.0,0.0,en,1,1
4813a0d67,0.1,1.4,en,7,21
65650b974,0.9,0.9,en,1,1
12e747332,0.0,0.0,en,1,2
4103336dd,0.1,1.5,en,7,11
dbd4f79ef,0.2,6.9,en,16,50
283424d80,0.2,1.4,en,5,2
0058586f1,0.8,4.1,en,5,10
6c551fd9b,-0.1,3.7,en,10,30
b985b4ff9,0.2,1.5,en,3,15
5220e701f,0.1,1.4,en,7,11
f29afd123,0.3,0.9,en,2,3
f80bf9a51,0.0,0.0,en,2,4
ec496eb44,0.1,2.4,en,8,21
434691342,0.7,2.8,en,4,5
062f73a4b,0.0,0.0,en,1,1
9cbae8539,0.0,1.9,en,2,2
c13da6b92,0.7,4.2,en,6,16
7fd7b7583,0.9,0.9,en,1,4
bb90447e5,0.1,2.8,en,12,14
03edf613f,0.0,0.0,en,1,2
5d792dd24,0.1,1.3,en,5,12
048df7861,0.4,1.3,en,3,24
4a4fb4974,0.3,4.6,en,13,39
57dcbe4c9,0.3,3.0,en,7,15
3e82e76cb,0.6,1.8,en,3,2
209e4f717,0.0,0.2,en,3,6
ead9fb6b7,0.8,0.8,en,1,3
43cd2eb4e,0.5,1.6,en,3,4
63c794465,0.4,4.1,en,7,13
9cb5c5f68,0.1,0.2,en,2,5
9ef928aa7,0.5,1.5,en,3,17
c05a9c0c8,0.6,1.8,en,3,4
8b5a5458e,0.3,1.1,en,3,4
e6ff63097,0.3,1.2,en,4,6
28ef05fe6,0.3,0.3,en,1,8
e8ee48e12,0.4,5.4,en,12,25
646fe5d09,0.2,1.1,en,4,12
605ca1a51,0.1,1.8,en,3,6
f0bfe80e3,0.2,0.8,en,3,16
6ea58b8ac,0.4,6.6,en,14,11
bfdff0622,0.1,8.8,en,19,37
01231c438,0.3,2.6,en,7,11
12a280806,0.1,0.1,en,1,1
ab48d21e0,-0.6,0.6,en,1,2
c64c9e2d4,-0.2,0.2,en,1,1
a3d8c3aaa,0.1,2.6,en,6,12
85ff0f493,0.1,1.5,en,4,6
7d4fceffc,0.4,0.4,en,1,3
9d1b799e7,0.2,0.2,en,1,1
9981290b2,0.6,3.9,en,6,10
56147c737,0.4,0.9,en,2,3
ed9d88a61,0.1,0.1,en,1,1
2cdaa8a5d,0.5,1.7,en,3,7
1a3a45096,-0.2,0.6,en,2,1
aba00e1f9,0.3,0.6,en,2,4
98128b920,0.6,3.0,en,5,9
84efe95e8,0.2,1.5,en,2,15
99ab7c701,0.9,0.9,en,1,1
8b6867433,0.0,2.3,en,5,6
71ec53012,0.0,0.4,en,4,9
88e2d97b2,0.5,0.5,en,1,2
f98e4f7b6,0.3,1.8,en,4,23
af1035c81,0.3,1.5,en,4,5
ea3fe3286,0.1,3.7,en,7,18
1f82b8bf0,0.4,5.6,en,13,28
88dbaffe0,0.4,1.5,en,3,4
69c8c9463,0.0,4.8,en,27,42
566dcbd9f,0.9,0.9,en,1,1
3d1d0f102,0.5,1.6,en,3,7
0256cac2b,-0.1,0.5,en,3,4
4e37bb1e2,0.4,2.3,en,5,9
d1632981e,0.1,2.1,en,12,20
3f0c30d12,0.2,2.8,en,6,7
c0545b660,0.0,0.0,en,2,1
e8d0907ae,0.0,0.4,en,2,2
54ab4b5d2,0.2,3.5,en,6,7
b121d3be8,0.6,2.5,en,4,10
b97569bc9,0.8,2.5,en,3,6
ef4059fae,0.1,3.3,en,8,17
0a0ec4977,0.1,3.4,en,6,24
1712ba40e,-0.1,0.1,en,1,10
269db95d5,0.1,4.2,en,10,17
052b0ada8,0.3,1.4,en,3,3
8a99dadaf,0.0,1.9,en,6,16
387a8e71a,0.3,0.3,en,1,2
33a8b9601,0.7,0.7,en,1,7
84d7ac922,0.5,2.0,en,4,7
b4d7cbe8b,0.1,3.3,en,9,29
b72a62a33,0.4,2.2,en,5,5
3a016a6a0,0.4,3.4,en,7,15
99a994cb1,0.3,1.2,en,3,4
08f40f232,0.0,2.4,en,7,14
11bb6fca2,0.2,1.4,en,5,8
0691034ac,0.0,1.8,en,7,21
d246be504,0.0,0.0,en,1,1
34482d66a,0.6,0.6,en,1,5
8d876343e,0.3,1.2,en,3,9
7ebdfc3b7,0.7,1.4,en,2,1
a3e73475f,0.4,1.9,en,4,3
4c674cc1f,0.3,1.4,en,3,4
ded8d95c0,0.6,1.9,en,3,5
92ee6241d,0.9,0.9,en,1,1
dc8359e75,0.2,1.7,en,6,7
58d1adc55,0.3,1.1,en,3,5
c318c6ccf,0.0,2.4,en,6,6
95914d469,0.1,3.2,en,9,27
d538c491f,0.9,0.9,en,1,2
cecb3b8ef,-0.2,0.5,en,2,5
061378b30,0.8,1.7,en,2,3
890dc359d,0.1,0.1,en,1,1
8063090ec,0.0,0.0,en,1,1
49b868ae2,0.5,1.9,en,3,6
c74d9c9f3,0.5,1.0,en,2,3
5cd76da7d,0.2,1.5,en,4,8
ae5f13659,0.2,0.2,en,1,9
85fd5df90,0.4,6.4,en,14,63
bd8f94a94,0.4,1.0,en,2,3
e08649ba2,0.5,1.5,en,3,5
aac9127c5,0.9,0.9,en,1,1
2f50d46b2,0.2,0.8,en,3,12
4525391a7,0.6,4.4,en,7,25
3e82bfd8d,0.2,1.1,en,5,8
a2b42f2e5,0.3,3.7,en,6,14
b1c7e0838,0.6,1.3,en,2,4
043d8c534,0.3,1.3,en,4,22
02d9e61ca,0.1,2.6,zh,11,10
d5052e2a9,0.1,4.7,en,9,15
ee65ac339,0.2,5.4,en,13,25
5c9d75ab9,0.5,0.5,en,1,0
c712cfd20,0.5,2.6,en,4,7
75fa09239,0.5,3.5,en,6,12
664d0bed8,0.0,3.9,en,12,17
2e5d8fd10,0.1,9.8,zh,22,48
906083f6c,0.3,4.6,en,10,15
9862e5dfe,0.1,3.4,en,15,24
2f4eb5847,0.3,1.8,en,5,12
234a5a54c,0.6,0.6,en,1,2
8c7dbce06,0.3,8.6,en,16,39
0c64a0f1b,0.3,1.3,en,3,4
e333feca8,0.0,0.4,en,5,12
eda2151fa,0.4,3.2,en,5,11
d8b05d43d,0.7,4.2,en,6,10
0d47275d4,0.0,1.1,en,7,11
af514b027,0.6,3.4,en,5,9
7b6f894a1,0.4,1.3,en,3,8
e3e66cb5a,0.2,1.2,en,4,5
39c02e302,0.6,2.6,en,4,10
e3acd4da3,0.6,2.4,en,4,13
a486e2ab6,0.0,1.9,en,6,23
1ff9cda01,0.4,1.6,en,3,4
22abde55b,0.3,1.1,en,3,3
bb2a61d2b,0.7,1.5,en,2,6
d7c0647d0,0.2,1.1,en,4,6
a385cb92a,0.0,0.4,en,4,4
0b74e375f,0.4,1.0,en,2,3
66bf65c82,0.4,1.0,en,2,3
9d84fc0c5,0.1,4.8,en,11,31
7e4ac998c,0.2,3.6,en,8,18
fd9a060d7,0.0,1.4,en,3,19
10554e146,0.2,0.8,en,3,4
34b96cf6a,0.2,3.7,en,7,10
093cce3a1,0.0,3.5,en,6,12
58bfbd845,0.7,2.9,en,4,16
f1afd4033,0.1,0.3,en,2,4
bd8224d08,0.0,0.2,en,3,7
69a1c3147,0.0,0.0,en,2,5
14c6c68e2,0.2,2.7,en,4,12
1c16e813b,0.3,0.7,en,2,5
5601bd45c,0.6,3.2,en,5,8
d4e83ee5b,0.1,0.8,en,4,13
fbc0c9535,0.0,2.4,en,8,12
bd54c995a,0.4,5.9,en,12,34
2a3796cbd,0.2,4.4,en,12,28
fdd77ab31,0.1,0.4,en,3,9
ad8b02fcc,0.5,1.0,en,2,4
d7dd71467,0.8,1.6,en,2,4
85c65d28b,0.7,0.7,en,1,4
ccf24ab8f,0.1,3.3,en,8,10
ecba83b43,0.9,1.9,en,2,5
6f72c46b5,0.4,1.3,en,3,3
e2a9dd71a,0.1,2.5,en,12,16
d596234fc,0.4,7.9,en,17,42
11e6c4d80,0.7,2.2,en,3,9
acada131d,0.7,1.4,en,2,10
87cf6fd3d,0.5,1.0,en,2,6
ad4456e88,0.3,3.2,en,8,10
9cd7bfaa6,-0.2,0.9,en,3,17
ffb6a7f5d,0.9,0.9,en,1,3
681be6214,0.3,3.5,en,7,8
576dcc546,0.9,0.9,en,1,2
a58fef87c,0.6,1.3,en,2,3
8849d3fe9,0.3,5.1,en,12,30
81075b785,0.3,2.5,en,5,28
67ef0c9a6,0.4,4.1,en,7,14
3181e5424,-0.1,2.0,en,6,15
e67b88329,0.6,3.2,en,5,12
d0b5fece1,0.1,1.6,en,3,7
d4e6a9aab,0.3,2.5,en,6,22
31e266863,0.1,3.2,en,4,21
392d3346e,0.2,2.5,en,6,17
8bf9a6b80,0.2,2.1,en,5,6
3e50a5575,0.8,0.8,en,1,7
7843a9dca,0.3,0.6,en,2,5
e849142b2,0.2,4.3,en,11,22
b612d6ba3,0.6,0.6,en,1,2
72f891e55,0.2,0.2,en,1,2
f3c7e1bf4,0.3,1.2,en,4,9
88df1460d,0.2,2.2,en,4,15
a37c82165,0.0,2.7,en,12,17
b1ed265ef,0.0,1.9,en,2,6
c7f20f68c,0.2,1.4,en,4,4
4792b6d06,0.9,0.9,en,1,0
ffe5a0271,0.4,1.7,en,4,7
d1a67cee6,0.4,1.5,en,3,7
ff618d36f,0.4,1.4,en,3,2
931fd5858,0.1,0.1,en,1,2
ff2cf88a0,0.6,3.3,en,5,6
ee8518e4c,0.0,11.0,en,33,46
35c0c3aca,0.5,1.5,en,3,4
3219ad064,0.2,1.8,en,6,12
1349f68db,0.0,1.0,en,4,11
8b9a9eac7,0.2,8.6,en,21,30
bde1336b6,0.0,0.0,en,2,4
8837fcacc,0.2,1.4,en,5,11
2cb1d59ad,0.0,0.0,en,2,4
6627a8ab8,0.4,0.8,en,2,2
3f42bd15e,0.6,3.6,en,6,14
fb570c67a,0.2,1.6,en,3,17
ff706f8cc,0.0,5.6,zh,16,36
a6fe8b174,0.3,0.8,en,2,6
4cfee2fbe,0.1,1.5,en,4,7
5dbd7f61b,0.3,1.2,en,3,4
cc8459867,0.8,1.6,en,2,3
796cc971d,0.3,1.7,en,5,9
65829d12f,0.0,9.4,en,41,51
9951dff79,0.1,2.2,en,5,12
5e9737811,0.9,0.9,en,1,2
c222a4955,0.3,2.7,en,6,8
fb53fe33d,0.1,0.1,en,1,2
725ee6572,0.0,1.7,en,3,10
2d584af81,0.3,3.1,en,5,20
0142670c8,0.2,1.5,en,4,4
052160ae6,0.0,0.4,en,5,13
ccf8c71f6,0.2,2.8,en,11,21
26aa722e1,0.5,0.5,en,1,2
b7cb6e33e,0.0,0.0,en,1,1
6a7310588,0.0,1.5,en,3,15
a366ce2a5,0.5,3.6,en,6,16
03e5bf50b,0.2,2.9,en,6,10
f3778f601,0.3,2.7,en,5,10
f11772123,-0.6,0.6,en,1,8
072bb91b4,0.5,2.2,en,4,3
5dff15fc4,0.3,3.1,en,8,19
0c200f7a6,0.0,0.0,en,1,3
ea319fdec,-0.1,0.9,en,3,13
3859838cf,0.3,2.2,en,5,14
12380b365,0.5,6.0,en,8,12
7e2ce5b3e,0.2,3.6,en,10,15
f580ba98c,0.3,1.1,en,3,8
5264d253b,0.4,1.3,en,3,7
5adb4e661,0.3,4.8,en,9,16
f84b22dae,0.6,1.9,en,3,8
2db012118,0.1,1.1,en,6,15
01bcfcde8,0.4,1.9,en,4,11
7a5b854f0,0.2,0.5,en,2,4
38fc09756,0.2,1.4,en,4,4
a9c968c38,0.0,1.3,en,6,23
0443d6f82,-0.1,1.5,en,7,23
228117dca,0.0,3.1,en,9,23
c7bb75711,0.8,0.8,en,1,1
4f18ce587,0.1,2.7,en,10,15
1f6fe20fc,0.3,0.7,en,2,2
45f9a9f66,0.8,2.4,en,3,9
2e3c988cd,0.0,0.0,en,1,1
015770429,0.4,0.9,en,2,7
e7020fa9a,0.0,0.0,en,1,1
fd279ad95,0.3,2.1,en,4,10
a9391d398,0.0,7.6,en,15,35
4b2150d3a,0.4,0.9,en,2,1
be3508ce5,0.0,0.0,en,1,2
505c5d7c6,0.4,3.1,en,7,22
fc601e041,0.4,2.1,en,3,5
779d50e4f,0.1,0.1,en,1,2
846e720dc,0.4,1.0,en,2,4
e7d595174,0.2,2.5,en,8,12
a8e5ae23a,0.2,2.4,en,5,9
56a0c2ccd,0.7,2.8,en,4,7
17cbebba6,0.5,2.7,en,5,3
880a0ac07,0.0,0.0,en,1,1
a61da96ad,0.4,2.4,en,5,4
4f66fa0c3,0.9,0.9,en,1,4
175926b9c,0.1,2.1,en,8,25
e3fa5b2be,0.0,1.2,en,3,10
037b1c131,0.4,1.9,en,4,6
34d0c00d6,-0.5,3.0,en,5,16
1d5870131,-0.5,0.5,en,1,0
332ae5ab2,-0.1,2.6,en,6,16
4b3efcfe0,0.4,7.0,en,13,34
d0b337200,0.2,0.4,en,2,4
1499fbe78,0.0,3.6,en,5,14
319f3e6e7,0.3,0.3,en,1,1
75bbaa3fa,0.0,0.0,en,1,2
682ed2e7b,0.0,0.0,en,1,1
53db5839b,0.1,0.1,en,1,2
0636650db,0.2,1.7,en,4,12
dc7a53ba0,0.0,0.0,en,1,3
3f518238a,0.6,1.8,en,3,9
b617ce1ce,0.9,1.9,en,2,5
46fdbf640,0.0,0.0,en,1,1
393e0c8a5,0.5,1.6,en,4,3
dc8caa6d2,-0.3,0.3,en,1,1
827ac9a9f,0.5,0.5,en,1,6
d0f4115e6,0.7,1.5,en,2,2
eb4f09e0e,0.3,3.5,en,9,20
89f229ee8,0.5,2.3,en,4,5
133af5fc3,0.2,1.0,en,3,4
34090e9d6,0.1,1.5,en,7,14
0c5d5968b,0.1,14.7,zh,33,38
7a31d17c7,0.5,2.9,en,5,25
a88845c74,0.4,3.5,en,6,17
e40290fa0,0.1,0.3,en,2,3
faf4fd269,0.0,1.3,en,3,5
c484dec95,0.2,3.1,en,5,6
4a93b3e4e,0.2,3.5,en,6,30
fd3804c20,0.0,0.3,en,2,4
35593da00,0.0,0.0,en,1,1
2b8008b16,0.3,0.3,en,1,2
f527634f7,0.7,1.4,en,2,9
3e373923e,0.2,1.5,en,6,8
1258aaebb,0.3,0.3,en,1,2
155e1f0ca,0.1,0.2,en,2,5
adc03f8b6,0.2,3.4,en,8,17
a554dbeca,0.8,2.6,en,3,2
a4530b1d0,0.4,1.5,en,3,1
84fbd99d9,0.0,5.1,en,13,37
c87651546,0.2,1.1,en,4,11
e6d358f70,0.1,0.7,en,2,5
bea72e6c5,0.2,3.5,en,7,16
8c96f8ed3,0.5,2.8,en,5,7
50361acf5,0.2,2.9,en,6,5
7dac377c6,0.6,2.9,en,4,7
1a849a445,0.3,3.0,en,9,12
f1e99433d,0.0,1.9,en,4,6
bbb0a9ac2,0.1,8.5,en,14,27
66a287bdf,0.2,3.7,en,7,13
91c2edae8,-0.1,1.1,en,4,17
96b39751e,-0.1,0.6,en,4,7
d404012af,0.6,0.6,en,1,3
39816161d,0.0,0.0,en,1,1
1dc90fbb8,0.2,2.6,en,6,13
ccb7df174,0.2,7.1,en,20,63
f40b68c08,0.3,0.6,en,2,4
8f31c806f,0.1,1.1,en,6,11
cc195b43d,0.7,0.7,en,1,2
04a5f717a,0.2,0.7,en,3,5
e81c6347b,0.4,2.8,en,5,13
2d06250ab,0.0,3.4,en,9,49
dad58d0a7,0.4,1.9,en,4,5
52ffdc6c2,0.5,1.1,en,2,2
1eb6e3ae1,0.1,0.7,en,6,18
e4f117930,0.2,3.2,en,6,10
083f50328,0.5,3.2,en,6,5
6a00de73d,0.3,2.5,en,6,17
9725fc542,-0.3,1.7,en,4,10
b7fa5b815,0.1,1.5,en,6,7
a2b34e983,0.2,2.4,en,8,17
c71d630d8,0.2,2.9,en,6,19
01928bd13,0.5,5.7,en,7,28
ab94dbe57,0.3,1.2,en,3,4
1238ed024,0.4,1.3,en,3,9
2f7da7f8f,0.9,1.8,en,2,2
5a358b56f,0.2,0.4,en,2,6
c874c7c7c,0.1,0.5,en,4,16
acc81bdf5,0.4,0.8,en,2,38
94fa9ff25,0.0,2.2,en,7,17
993113176,0.6,1.9,en,3,6
e7e1904f4,0.8,0.8,en,1,1
7f5233804,0.0,3.6,en,15,32
5bf02a5f8,0.2,0.2,en,1,1
6b6d2c65f,0.4,2.0,en,4,6
f45b98b4f,0.0,9.4,en,27,32
150bf58e2,0.0,3.3,en,11,17
9430042a3,0.3,4.8,en,11,17
727b7e63a,-0.1,5.3,en,10,30
a4de6ea51,0.0,1.4,en,3,7
d3411347b,0.1,1.9,en,9,8
7413a61ae,0.3,5.3,en,11,20
316f30229,0.0,1.4,en,3,3
a3eb4fe4d,0.3,3.2,en,7,13
ee2e82f01,0.2,3.0,en,8,19
2c15f3086,0.5,1.7,en,3,15
31da37bc0,0.4,4.8,en,10,16
79318b69e,0.0,0.5,en,4,4
548df7912,0.3,2.5,en,6,8
c68f66799,0.0,3.5,en,5,14
9414e54b1,0.2,0.8,en,3,4
e28bad751,0.5,2.9,en,5,9
b4d341b10,0.0,0.0,en,1,1
a6e33dddf,0.1,0.1,en,1,0
ac3a5c473,0.0,1.1,en,2,8
1bc97732e,0.0,3.5,en,8,24
53895ad35,-0.1,0.7,en,4,15
ca121ab91,0.4,2.4,zh,6,15
a07440416,0.2,3.1,en,10,17
6cb63297c,0.3,1.6,en,4,7
eddac3328,0.3,1.5,en,4,7
4dbcd1d36,0.2,2.5,en,7,15
a009a2f0f,0.0,0.0,en,1,3
f75724b44,0.2,3.3,en,6,18
0819ac2f6,0.3,1.8,en,5,5
9c33e8db3,0.1,4.4,en,13,19
b98316a91,0.3,6.1,en,15,23
cd1947175,0.5,1.7,en,3,14
447233a49,0.3,1.0,en,3,5
d6209194b,0.3,2.4,en,6,11
a61776aba,0.0,2.4,en,7,17
96eb3ec09,0.3,1.8,en,4,5
1542ab941,0.5,1.0,en,2,6
400eaa6d5,0.2,2.8,en,11,26
bcf657071,0.1,2.3,en,5,9
cbd289193,0.3,4.0,en,8,10
919820452,0.3,1.5,en,5,9
3be154287,0.1,2.0,en,5,17
d3faf6a0e,-0.3,0.3,en,1,1
2259cf6f8,0.1,0.9,en,5,3
bb32a589b,0.7,0.7,en,1,4
7c559dedd,0.2,1.1,en,5,8
4b02a097c,0.2,0.2,en,1,5
3679001f5,0.4,3.4,en,7,8
f4316f2bc,0.4,5.8,en,9,12
9baf0d577,0.1,2.7,en,6,22
ca9841ab1,0.0,0.0,en,1,7
617ee6976,0.5,2.0,en,3,12
e98e609ac,0.3,0.3,en,1,11
383e5b82e,0.1,0.9,en,2,7
615afad71,0.2,1.3,en,5,13
57e37b00b,0.6,1.3,en,2,3
fcc2ea490,0.1,1.4,en,6,11
0f3fd67e2,0.3,3.1,en,7,10
5f44a43f4,0.0,0.0,en,1,1
04f7eafde,-0.1,1.1,en,5,10
a22ddc666,0.4,1.7,en,4,7
77bff1468,0.4,1.2,en,3,6
104910cb4,0.0,0.0,en,1,2
785a95244,0.4,4.0,en,8,21
5bbf44cea,0.1,2.1,en,5,11
c44215cc8,0.1,3.7,en,9,11
357707ba7,0.0,0.0,en,1,4
c3eefdcd8,0.3,2.1,en,5,7
886d23c56,0.4,11.3,en,21,64
ea11b6f12,0.1,1.7,en,6,12
98231df17,0.3,0.3,en,1,1
d48e16ef4,0.6,1.3,en,2,3
ef9b5808b,0.1,6.1,en,15,40
e1671ccb9,0.4,0.9,en,2,1
4c5dd1f7c,0.4,3.1,en,7,28
605eca728,0.2,2.9,en,6,16
19fd91f5b,0.4,2.7,en,5,13
c3a52fbbe,0.5,3.5,en,6,12
10e1cbfdd,0.8,0.8,en,1,1
11c222a3c,0.4,2.7,en,4,1
069762ec2,0.8,0.8,en,1,4
7b60f948e,0.1,1.5,en,6,7
8e0d65b3e,0.1,0.2,en,2,4
97b9ee40b,0.1,1.2,en,4,6
e2cf62da9,0.1,2.0,en,3,16
67e6db7dc,0.5,1.5,en,3,4
2c137b9a4,0.0,2.8,en,9,18
b48d47214,0.1,1.1,en,3,5
be467e42b,0.9,0.9,en,1,2
7395053bc,0.6,1.2,en,2,19
368b2adc1,0.3,4.5,en,12,21
0cba1503b,0.0,2.3,en,9,21
5b8610245,0.3,7.6,en,14,28
8b84922ac,0.6,1.2,en,2,1
b2676e6b1,0.5,3.8,en,6,13
26161bad4,0.4,4.7,en,9,17
3c9dc7370,0.3,2.3,en,3,2
fc52c0c82,0.2,1.1,en,4,9
a6fea1d1a,0.1,0.1,en,1,2
8e5356302,0.1,7.7,en,24,40
1b752d78e,0.6,2.5,en,4,5
d1878035a,0.3,0.6,en,2,3
9e27976e9,0.0,0.4,en,4,5
f02ef09d7,0.5,1.7,en,3,9
084874570,0.4,0.4,en,1,7
defc7be05,0.6,1.2,en,2,4
1fd464902,0.8,0.8,en,1,1
27058d03f,0.0,0.0,en,1,1
746f52206,0.3,7.4,en,19,31
be38039cc,0.8,3.2,en,4,12
debf8e7e9,0.7,3.1,en,4,7
d7185ffc1,0.4,2.1,en,5,9
e16882f44,0.3,2.7,en,8,20
997653f86,0.3,4.3,en,8,29
bd4404a60,0.3,7.1,en,16,24
33dda6165,0.4,1.6,en,4,13
590a78f0d,0.1,5.3,en,8,27
de19fca23,0.4,2.4,en,5,11
d080818c3,0.2,1.1,en,3,16
2885ade43,0.2,0.9,en,3,5
420f5cd9c,0.0,0.5,en,4,4
f4df06287,0.3,3.7,en,7,23
483f1aae8,0.4,1.3,en,3,4
39366118c,0.0,2.8,en,14,27
14bf62107,0.4,1.4,en,3,2
b02f2fafa,0.3,2.5,en,7,18
ae00eded4,0.4,8.3,en,15,39
0d873789a,0.3,4.8,en,14,27
8ca49ce85,0.3,0.6,en,2,2
066521b34,0.1,1.4,en,6,12
4e8ae40c0,0.0,0.0,en,1,1
b49c33f08,0.7,1.5,en,2,5
742cced96,0.3,3.2,en,6,20
a8518bd6b,0.2,1.7,en,5,7
c59c51828,0.5,0.5,en,1,5
faf6a8cd0,0.2,1.2,en,3,12
c260c7b3b,0.2,0.7,en,3,3
0cda0894a,0.1,1.7,en,4,14
ed9936705,-0.1,0.1,en,1,4
67967b0b0,0.1,2.9,en,8,11
d870d5767,0.2,3.4,en,9,30
9e6d5d0df,0.9,0.9,en,1,6
8c1fd43ef,0.0,1.3,en,6,10
662011890,-0.9,0.9,en,1,2
71f245b82,0.2,3.1,en,8,28
c18106b39,0.4,2.9,en,6,15
241b90aaa,0.4,1.0,en,2,4
fabc9bfec,0.3,1.7,en,6,5
b2048c71d,0.0,2.0,en,5,10
22992ecd0,0.5,2.9,en,5,9
3b4b4cb9c,0.5,1.1,en,2,4
cdcaefa4b,0.5,1.0,en,2,5
8167f58bb,0.7,2.8,en,4,5
4082acebb,0.9,0.9,en,1,0
951d3ae42,0.5,1.1,en,2,3
f304e7fb3,0.2,0.9,en,3,4
bd30ea4fa,0.0,2.2,en,4,7
b02d9e413,0.4,0.9,en,1,4
c8c3eb092,0.0,0.9,en,3,6
52c49d6b6,0.2,0.5,en,2,5
8fb06a963,0.2,2.7,en,4,6
48a2630a1,0.0,1.3,en,6,10
39944ac3f,0.7,3.6,en,5,20
bcd6d7e62,0.3,1.9,en,5,5
8b9d9a18b,0.4,1.7,en,3,6
8685a0b1c,0.0,0.0,en,1,10
1f7363767,0.0,0.8,en,3,8
2b82af067,0.0,0.0,en,1,2
95e92b082,0.4,1.2,en,3,3
27bbc8c4f,0.1,0.1,en,1,2
f861fe441,0.2,1.8,en,4,7
29193bf76,0.5,1.8,en,3,9
de4de2e7c,0.4,0.9,en,2,6
d7a772967,0.2,0.5,en,2,7
bb5f471dd,0.5,2.3,en,4,8
d3a92c453,0.0,3.0,en,6,13
034259113,0.0,0.0,en,1,2
207c30391,0.4,0.9,zh-Hant,2,5
e4dd90768,0.5,2.9,en,5,12
f18d332de,0.8,1.7,en,2,5
3b2f6d5b2,0.0,1.7,en,6,19
ae089cd20,-0.2,1.7,en,5,9
20d4ea30e,0.5,1.6,en,3,6
b6661be84,-0.1,1.0,en,3,8
139f58538,0.3,1.4,en,4,2
2962fc103,0.3,2.4,en,6,28
eb8adeef1,0.3,1.0,en,2,5
dd201c041,0.5,3.2,en,5,11
d99ea593a,0.4,5.8,zh-Hant,10,20
0b8614414,0.1,2.9,en,7,17
b2f2134bd,0.4,2.1,en,4,10
94dc821ee,0.3,5.1,en,9,14
c3768e2be,0.5,3.5,en,6,15
3ce0f0aa5,0.5,2.9,en,5,7
3759a1d40,0.4,1.4,en,3,4
3ba7056bb,0.5,1.1,en,2,3
5fc55b842,0.2,0.5,en,2,2
ecc64a258,0.3,0.3,en,1,1
079565e72,0.0,2.7,zh-Hant,8,12
7374edef0,0.0,7.5,en,31,54
be55e5ef8,0.7,3.8,en,5,8
48615e613,0.0,3.7,en,14,25
02468e968,0.1,1.4,en,3,8
7b22d0224,0.0,1.2,en,6,7
acfbc9b71,0.4,1.0,en,2,5
c278935de,0.6,0.6,en,1,7
1fd342e17,0.6,1.8,en,3,15
4a56df934,0.3,2.5,en,5,16
87e6807c7,0.3,2.9,en,8,26
762a1ef1a,0.0,0.5,en,6,9
167a6dcf3,0.3,0.3,en,1,1
35fc0fd89,0.2,4.0,en,7,12
807ba246d,0.5,1.0,en,2,10
a79983c71,0.5,4.2,en,6,12
6c64dd197,0.0,0.0,en,1,2
259b10a3e,0.4,1.2,en,3,4
d6fd7962e,0.1,1.2,en,4,7
44c8447f9,-0.2,1.8,en,6,13
9c17624f8,0.4,0.8,en,2,4
a5f08e991,0.5,1.8,en,3,7
55b797c90,0.0,2.0,en,7,13
e76b8eeb2,0.1,1.4,en,5,4
0c228bdd5,0.0,0.8,en,7,17
0e1a2937a,0.9,1.9,en,2,5
e468bfbca,0.2,1.1,en,3,11
bbfc5274f,-0.1,2.3,en,5,17
e73b8f98b,0.5,2.1,en,4,5
e5ffc0a9d,0.1,2.7,en,5,8
cec359a78,0.0,2.1,en,5,3
8ac1e8eb6,0.0,1.5,en,2,3
248c027cb,0.4,1.7,en,4,13
05f84991b,0.1,3.5,en,10,22
458adc77a,0.5,3.0,en,5,9
2a6bb49f5,0.9,0.9,en,1,3
6bacb98ab,0.3,0.7,en,2,4
82563b26e,0.2,0.2,en,1,5
3f2a40f0a,0.4,0.8,en,2,4
2f4b73413,0.5,2.5,en,5,4
405b63ca5,0.6,1.3,en,2,3
ea433c341,0.3,1.2,en,3,4
4fdebca57,0.5,1.1,en,2,3
04d25d8a7,0.8,1.6,en,2,13
8a811328d,0.4,1.5,en,3,6
69ae5dba1,0.5,1.6,en,3,3
8d7eff0cc,0.4,1.2,en,3,3
3dd6ea6bb,0.2,1.1,en,3,9
fbae7b0d5,0.2,1.4,en,5,10
74f4cfdf6,0.4,2.7,en,6,11
453125325,0.9,0.9,en,1,0
41ae99ff2,0.5,3.3,en,5,5
5ab714faa,0.2,2.3,en,5,11
8ecb9aab0,0.1,5.0,en,10,44
a362ad62e,0.1,8.1,en,15,39
fda733a81,0.0,0.0,en,1,2
c6d7271e8,0.1,2.3,en,5,18
204a3b926,0.4,3.6,en,7,13
546cf9e37,0.0,0.1,en,2,1
743b67b44,0.1,0.8,en,4,13
f0ba86cc6,0.1,1.5,en,2,18
99859bab7,-0.1,0.9,en,3,37
b73cf161f,0.9,0.9,en,1,4
020cd1d50,0.4,2.3,en,4,12
5b945da83,0.0,0.0,en,1,2
5b0355a1b,0.3,4.1,en,7,31
e4e5ea1d2,0.0,0.7,en,6,17
12b1bce04,0.3,2.6,en,5,9
bfdd20655,-0.1,2.0,en,3,15
511b4a044,0.1,2.7,en,6,9
6a8d98847,0.9,0.9,en,1,5
bd56db16a,0.8,0.8,en,1,6
70aeba909,0.5,1.1,en,2,4
dd4b67059,0.0,5.5,en,14,36
7e48ad81b,0.0,4.0,en,9,17
872317673,0.0,6.6,en,21,57
3c8468196,0.2,2.3,en,4,15
e04df6caf,0.5,0.5,en,1,3
5e2e48bb2,-0.5,0.5,en,1,2
b9005c792,0.7,1.4,en,2,8
0244298a9,0.5,1.0,en,2,5
7ed3e206a,0.0,5.8,en,11,42
c1577c976,0.4,2.2,en,5,16
9c803d826,0.3,3.2,en,7,14
e31df86bc,0.0,0.0,en,1,2
0ff50cbd5,0.3,0.7,en,2,4
5c7136c2e,0.5,1.1,en,2,1
d4f813a7e,0.3,2.5,en,5,29
4679d01e2,0.1,2.3,en,5,17
e3f841674,0.6,2.0,en,3,7
787a8c11d,-0.2,1.1,en,4,13
11aa441fe,0.6,1.2,en,2,3
4866e37fe,0.4,1.0,en,2,5
79ec57bd7,0.9,0.9,en,1,1
e32f5a36f,0.6,3.2,en,5,10
85952663a,0.4,3.4,en,7,18
d8f9d07f2,0.8,0.8,en,1,1
18f9fe19c,-0.5,0.5,en,1,1
ca28c5e51,0.3,7.3,en,16,30
f073c005e,0.1,12.5,en,32,73
89523a695,0.2,2.8,en,7,21
44c117982,0.0,0.0,en,1,11
f5d60ca48,0.3,0.3,en,1,0
f680cd37a,0.0,2.5,en,7,21
ee8ddae7b,-0.1,1.2,en,4,6
7d2e1dd01,0.0,0.1,en,2,5
63e212498,0.4,1.8,en,4,17
269a6756f,0.0,1.6,en,3,4
67a68df4a,0.7,0.7,en,1,1
d147c39fb,0.7,2.2,en,3,4
942af9028,0.0,0.8,en,3,8
09dd22091,0.1,1.3,en,3,4
86ff8539d,0.0,2.0,en,8,17
85094deda,0.0,4.8,en,11,21
36d7fc2c5,0.4,2.3,en,5,12
dcd70e1e3,0.8,1.6,en,2,6
e464fcd4b,0.4,8.4,en,15,49
1035db262,0.0,1.5,en,4,9
ddae7aede,0.2,0.8,en,4,4
4eae8cc31,0.0,1.6,en,2,14
02adb269f,0.1,2.9,en,7,11
b07678538,0.3,2.3,en,4,18
72b0d2b06,0.0,0.2,en,2,2
563854d72,0.6,4.3,en,7,10
5e2bbb163,0.4,1.2,en,3,6
6a763a055,0.1,0.4,en,4,11
cfb8b6b93,0.4,2.8,en,6,9
aca9ddee7,-0.2,0.6,en,2,7
5b214efd1,-0.2,1.3,en,5,15
d01112d4a,0.3,0.9,en,3,4
f1b4a123f,0.2,1.4,en,5,3
57a93e9a6,0.4,9.7,en,18,42
9922b4f91,0.1,1.3,en,4,7
85078bc71,0.6,3.9,en,6,15
b3faddf18,0.9,1.8,en,2,6
a9b7b72b4,0.8,1.7,en,2,4
911464bd8,0.1,1.3,en,5,7
12ffabf23,0.0,0.0,en,1,2
492e0cc50,0.0,4.1,en,13,39
e317b2a73,0.1,2.5,en,7,11
ddc2e31c0,0.1,0.3,en,2,2
edf74226c,0.2,0.2,en,1,1
63697128e,0.7,1.5,en,2,4
1f25222ce,0.1,2.9,en,9,21
5accbdfad,0.5,1.0,en,2,3
d42b92c05,0.4,2.7,en,5,9
b119aa181,0.7,1.5,en,2,4
146aa46b3,0.3,2.2,en,4,7
9cda44cdf,0.0,1.2,en,3,5
c2e22f843,0.0,5.6,en,13,43
a8057f0a8,0.6,7.5,en,12,19
44d1246e0,0.6,0.6,en,1,24
6e3631a29,0.3,2.1,en,6,1
cae5c7ef1,0.5,2.1,en,4,7
8507df043,0.3,0.3,en,1,4
c0898504e,0.5,4.7,en,7,9
0a9f9f178,0.0,5.0,en,9,29
73a2be705,0.0,4.7,en,18,35
c35cc3520,0.5,3.7,en,7,8
7c1f20f6e,0.1,6.3,zh-Hant,13,45
3ce528284,0.2,0.4,en,2,1
e3a29829f,0.2,2.9,en,7,11
58396d68b,0.0,1.0,en,2,2
a5f6e77bf,0.1,1.2,en,5,8
be7fbd988,0.0,0.0,en,1,2
021b0b7bd,0.2,2.5,en,7,14
8f128d3ed,0.0,4.0,en,11,30
d3e488484,0.5,1.0,en,2,3
32ad56035,0.3,2.4,en,5,6
9a1be07d5,0.2,0.5,en,2,2
c6e25d716,0.1,0.9,en,4,14
bd2084cc9,0.5,5.3,en,7,15
0dc32d6fd,0.2,3.6,en,7,16
4b628f538,0.8,0.8,en,1,4
3ebe9f7af,0.0,3.9,en,14,41
5fc91ab6b,0.3,1.2,en,3,4
e2ce25661,0.3,0.6,en,2,5
0e8a11aaa,0.0,1.6,en,8,16
42103b22e,0.3,1.6,en,5,4
d8c1859cb,0.2,1.1,en,3,5
1f2c63312,0.3,1.2,en,3,4
5b59ef7ee,0.5,1.0,en,2,1
0af365e26,0.4,1.3,en,3,6
e2c365994,0.1,0.6,en,2,3
d899c9ef7,0.5,1.7,en,3,2
69ba8d92e,0.4,0.9,en,2,3
567c1ab71,0.0,0.0,en,1,1
a22c43e29,0.0,2.0,en,5,7
7a84326ff,0.7,1.4,en,2,12
949fbd095,0.4,2.1,zh-Hant,5,8
49360414f,0.3,1.6,en,3,12
3bbbccce4,0.1,1.0,en,5,13
cdd815db9,0.2,6.5,en,18,40
e24a04c10,0.7,2.3,en,3,3
6914ade58,0.2,1.7,en,6,14
d6691251b,0.4,1.4,en,3,11
4a0cda147,0.2,6.5,en,13,24
92b5de07f,0.3,0.7,en,2,4
4645fcfae,-0.1,1.7,en,6,20
3f38aabf4,0.5,3.0,en,4,9
8328ec7f4,0.2,0.2,en,1,6
48aa8ee7c,0.3,3.1,en,6,8
3bb1086d6,-0.1,0.1,en,1,12
9593c0350,0.3,3.9,en,8,14
76288167b,0.3,3.2,en,6,11
3dd380ccb,0.3,1.3,en,3,4
8ac51d5ce,0.4,1.4,en,3,9
6219a1e79,0.3,1.2,en,3,4
04c4a7493,0.0,2.0,en,4,9
c66f97de2,0.3,1.0,en,3,5
411792ceb,0.3,3.7,en,8,21
9786bb3f7,0.1,4.5,en,18,39
6cfd5f1b5,0.9,1.9,zh,2,6
9fe6f98a5,0.5,0.5,en,1,2
813658b4b,0.0,0.5,en,6,9
cbfaa79cb,0.5,5.1,en,10,28
6c324e80a,-0.1,0.8,en,3,11
ed1f38a40,0.8,0.8,en,1,0
35d860fe5,0.0,4.0,en,11,24
02af3813e,0.4,0.8,en,2,3
cb867cac6,0.0,6.7,en,14,52
60786724b,0.2,1.9,en,5,6
dfe361097,0.3,1.8,en,5,15
ad937498b,0.2,2.8,en,6,9
b34a4f038,0.7,2.2,en,3,2
2ef182fc5,0.6,3.2,en,5,8
6c3d7237b,0.1,3.0,en,9,16
4c1a9d86f,-0.2,1.4,en,5,10
3760c73b1,0.6,0.6,en,1,3
a655655d4,0.3,0.3,en,1,3
5c67a27f5,0.0,2.7,en,15,41
46d88ca3e,0.3,2.7,en,7,19
b66a74309,0.1,0.1,en,1,2
84b297843,0.2,0.2,en,1,11
19745f3dc,0.1,2.6,en,7,12
c6c6adc4a,0.1,0.1,en,1,1
91471cf89,0.4,1.9,en,4,18
82aa52460,0.6,1.3,en,2,1
e808d9fee,-0.2,0.7,en,3,7
2bfc5658b,0.3,1.2,en,5,6
8b63e1b21,0.2,2.3,en,8,10
24d3b54ec,0.0,0.0,en,1,2
f86b59db0,0.0,3.2,en,7,15
978526235,0.2,2.8,en,6,9
48f5de7e9,0.3,5.8,zh,12,11
ae6a2116c,0.4,1.4,en,3,4
82db604c8,0.2,1.0,en,3,4
a6c836abe,0.1,2.6,en,6,9
f29cacb97,0.7,1.5,en,2,4
33ed78569,0.1,1.7,en,4,16
8d301b5e6,0.3,0.9,en,3,6
18a87116d,0.0,0.0,en,2,4
ab2c124e7,0.8,0.8,en,1,0
65470d9c0,0.0,4.3,en,10,22
5925cf3fa,0.4,10.0,en,21,56
ed0185e39,0.9,0.9,en,1,3
f904be121,0.0,1.9,en,3,9
f895c20f3,0.4,1.5,en,3,5
8d5f95d9a,0.0,0.6,en,3,3
ee9ba4990,0.7,2.9,en,4,6
ca40312db,0.1,0.2,en,2,3
e92d3d4cf,0.6,2.6,en,4,7
38c5d4e0e,0.9,1.9,en,2,5
b2937acb6,0.9,0.9,en,1,1
ea1736eec,0.0,1.2,en,4,12
279ca5034,0.7,1.4,en,2,2
9a1a1d801,0.0,1.1,en,2,3
a8d44452c,0.1,1.1,en,6,12
a52461bfd,0.1,1.0,en,4,9
c76e9857b,0.4,2.2,en,5,13
d1265050f,0.6,2.0,en,3,8
493ab5d96,0.1,3.4,en,5,29
14a16b96e,0.6,0.6,en,1,2
2bec9dd86,0.2,0.2,en,1,3
d111847a0,0.0,4.4,en,7,28
5cba5c76a,0.3,4.4,en,7,19
c6d378000,0.1,0.8,en,4,13
0ecc1200a,0.3,2.8,en,7,11
f0a4b28f6,0.4,1.9,en,4,9
60b9421cc,0.3,3.8,en,8,25
88cc9be30,0.3,3.0,en,5,13
057e5347f,0.4,1.0,en,2,4
bde40e198,0.4,0.8,en,2,6
2898238f2,-0.1,1.1,en,4,12
ec0ef9572,0.1,3.1,en,7,10
5c4c1d10c,0.4,2.4,en,5,11
18cd75354,0.0,0.2,en,3,3
4cc49be2a,0.5,1.7,en,3,6
f53b95c90,0.8,1.7,en,2,5
b2e46582a,0.2,4.4,en,7,13
7be394a98,0.1,0.8,en,5,6
e375cb119,0.3,1.0,en,2,5
44bc5f67c,0.1,3.2,en,9,11
aaf4a1439,0.0,0.0,en,1,2
3de1de812,0.3,1.3,en,3,4
c6a2b6ae1,0.0,1.4,en,3,9
42fc9a244,0.0,12.6,en,32,61
fa3df8921,0.5,2.7,en,5,8
8e6e57951,0.6,2.0,zh,3,24
ef9196721,0.3,3.4,en,7,19
eb6bb82fd,0.2,1.7,en,6,12
df0b49ce7,0.3,6.9,en,17,56
bb2cbdb23,0.5,4.3,en,6,10
cd7bea671,0.6,1.2,en,2,3
cde10c57e,0.4,0.8,en,2,2
5b22f97b3,0.1,4.4,en,10,20
4ad9ea6f0,0.1,0.3,en,2,8
8ff66c239,0.3,3.3,en,9,13
2d79572ae,0.1,1.6,en,4,5
f293ae915,-0.2,4.1,en,10,24
15a491e20,0.1,1.5,en,5,7
2eaab0cb1,0.1,5.4,en,13,39
32f617eda,0.4,2.7,en,6,13
30319970f,0.4,1.9,en,4,15
65266fe36,0.4,2.3,zh,5,9
373b98352,0.9,1.9,en,2,5
201aad926,0.0,0.5,en,7,10
3166b0f31,0.5,1.1,en,2,10
63afbf2f2,0.5,2.0,en,4,6
f06da7096,0.6,2.6,en,4,8
e3883d4f0,0.3,0.9,en,3,5
832110a99,0.4,2.2,en,3,4
fc93d7cc9,0.1,2.0,en,7,29
cc08b4198,-0.2,0.2,en,1,2
e3f51f5e0,0.3,3.1,en,6,8
3c155e05c,0.0,0.0,en,1,1
90dd998e2,0.4,7.9,en,19,49
468cec390,0.1,2.1,en,6,22
f33f3512e,0.0,0.1,en,2,5
bf458a7d4,0.1,2.1,en,4,6
b8bf2c090,0.1,5.0,en,14,32
0c9133a83,0.2,2.0,en,6,8
87520e2c9,-0.5,0.5,en,1,5
76042f693,0.2,2.8,en,5,11
a30e92cfd,0.4,5.6,en,11,20
6dc2f0739,0.1,1.0,en,4,7
14398288b,0.0,7.2,en,20,40
138035c7a,0.4,1.0,en,2,5
474ee7e00,0.0,2.2,en,7,13
23e49bd2e,0.4,3.3,en,7,13
58e24d608,-0.2,4.5,en,9,15
804c6c78d,0.1,3.2,en,5,20
44817c8f4,0.6,1.2,en,2,3
0ce80622f,0.0,0.2,en,3,7
9b5df2f3d,-0.3,0.3,en,1,1
f3b29563b,0.0,0.0,en,1,10
e42a8863f,0.2,1.3,en,4,4
70335663e,0.1,5.3,en,15,32
9999c355f,0.3,2.1,en,7,12
15e5b0e7d,0.3,1.0,en,3,4
8d50d37f8,0.6,2.6,en,4,10
685010499,0.1,0.4,en,2,8
da8859f46,0.9,0.9,en,1,2
f9317ae6d,0.1,5.5,en,15,23
5c66641a1,0.2,0.4,en,2,2
f88144b9f,0.2,2.2,en,6,11
afab70239,0.7,2.1,en,3,8
8425c2a48,0.6,2.0,en,3,5
62eac41fa,0.3,2.1,en,6,14
3681bfdb9,0.3,5.4,en,8,16
5eeb10b7a,0.1,1.5,en,4,7
ec15875ea,0.6,2.5,en,4,14
4da0a8ee1,0.1,3.7,en,9,33
0e52438a0,0.0,0.0,en,1,2
b1988cdd5,0.3,2.4,en,5,8
9123c847a,0.0,1.5,en,2,3
6c4d7b09f,0.8,0.8,en,1,3
102c931d8,0.3,0.8,en,2,6
e1c40a1eb,0.3,1.9,en,5,11
fb3bd80d1,0.4,2.4,en,4,27
4033fee1a,0.2,0.9,en,4,8
84c1afe03,0.0,0.4,en,3,4
a86f09670,0.3,4.0,en,9,15
62332ea2c,0.2,2.0,en,8,10
37ae0cd69,0.6,1.9,en,3,13
5944cef68,-0.1,2.0,en,3,5
6568f907c,0.0,1.5,en,3,7
323803a9b,0.2,6.9,en,12,29
35bbdb5fd,0.2,1.5,en,6,9
bd74f5ce8,0.7,1.4,en,2,2
e1052f933,0.7,4.3,en,6,15
4e01721aa,0.5,1.1,en,2,1
99459c30d,0.0,3.3,en,6,13
2d0315769,0.1,0.7,en,5,9
7e8bab7a5,0.5,3.3,en,6,9
79ef1fd27,0.4,2.7,en,6,15
ab0bb2f5a,0.4,2.5,en,6,11
04aa54436,0.4,2.8,en,6,20
56856fe73,0.2,0.5,en,2,5
d6b0d8aa9,0.9,1.8,en,2,5
e7fae9937,0.0,0.1,en,2,3
5de76fac6,0.5,1.8,en,3,4
47ec9e919,0.2,4.1,en,11,25
4e4ba4429,0.0,2.3,en,8,25
639a4bcfd,0.2,1.6,en,6,12
b2b9c5176,0.1,3.3,en,11,19
2bf49ebb9,0.4,5.4,en,11,20
c37bb10fd,0.6,1.3,en,2,2
e4eccb132,0.1,1.0,en,4,6
109d21b69,0.0,0.0,en,4,16
95bc62678,0.3,2.4,en,8,5
86c412966,0.9,0.9,en,1,0
ed7c0ebb1,0.1,0.1,en,1,2
46539f4bf,0.1,1.1,en,4,6
6cb5381cb,0.0,0.0,en,2,3
4595acb4d,0.3,0.3,en,1,3
620796ee7,0.2,4.6,en,12,31
c05adb8fe,0.1,1.1,en,6,10
2c4089e4f,0.3,5.8,en,12,19
7e43ebd6c,0.0,0.0,en,1,4
728a08a8b,0.2,2.3,en,9,18
0322aa5b0,0.4,0.4,en,1,2
31c2215c1,0.3,2.2,en,4,6
9024c21fc,0.5,2.5,en,4,4
611970ebc,0.3,1.5,en,4,9
6ce342cfe,0.4,0.9,en,2,3
8563bddec,0.3,2.8,en,6,16
0f9f0dd0e,0.1,5.6,en,14,20
36e1415c8,0.2,0.7,en,3,3
6e642352c,0.2,3.8,en,11,28
4c04c9cba,0.2,3.5,en,9,11
941eb9304,0.0,1.8,en,3,6
0118db3a8,0.2,0.5,en,2,2
de6c0126b,0.2,2.7,en,4,13
4bef58278,0.5,4.7,en,9,9
70edbb1e3,0.5,2.9,en,5,13
ae84e47c8,0.6,5.4,en,8,10
745facb3c,0.6,2.4,en,4,8
0eaa0e3c6,0.3,1.4,en,3,5
a63f6c6a1,0.2,27.0,en,63,113
2cea63a41,0.0,0.0,en,1,1
9da5c9d23,0.1,2.3,en,4,3
586585da9,0.4,1.8,en,4,7
95e61ce61,0.3,2.3,en,4,11
fcc138c39,0.1,5.8,en,13,24
9a7474fd8,0.4,2.2,en,3,5
e63a7dd84,0.5,3.9,en,7,24
0e83fbe2a,0.0,0.1,en,2,5
fac19639c,0.1,0.1,en,1,0
6f3e5cbd8,0.1,0.7,en,5,8
4bdbeb107,0.4,2.8,en,5,16
d6ff1af86,0.7,2.1,en,3,6
c0ab24656,0.0,6.3,en,12,21
e8dc8fa13,0.3,0.3,zh,1,27
f4a508263,0.3,1.2,en,3,4
26ceb4ba8,0.0,4.0,en,14,43
60d72fc85,0.1,1.5,en,5,3
ec9da833d,0.7,2.9,en,4,5
0b6457bf5,0.0,0.0,en,1,2
e9feaab54,-0.2,1.3,en,5,15
e25d4dcb1,0.4,0.8,en,2,5
51d880078,0.0,1.9,en,3,5
2ee5073bc,0.0,0.0,en,1,2
017d966eb,0.3,1.8,en,6,9
283d0763f,0.0,0.4,en,2,1
7cd898f38,0.0,5.9,en,12,20
a97a679b0,-0.2,2.0,en,5,6
e402f3b2f,0.2,0.5,en,2,2
59c474c59,0.3,1.1,en,2,4
703c9a23b,0.8,1.7,en,2,3
664a120bf,0.1,3.1,en,9,18
500327aed,0.2,0.2,en,1,2
8f3235380,0.1,2.0,en,5,5
df7aa79a4,0.3,2.2,en,5,5
2dd31e8ff,0.2,3.7,en,8,15
2ad939a78,0.2,9.3,en,16,47
d45e400b8,0.0,0.9,en,2,6
d9fca8be8,0.1,4.1,en,8,33
63051e3ca,-0.3,0.3,en,1,3
ed6684f3a,-0.2,1.0,en,5,12
15f89f939,0.3,1.6,en,5,7
d51b2e785,0.5,3.0,en,5,8
abea0e83e,0.2,2.8,en,6,27
2c401c793,0.4,1.4,en,3,4
bbf6ed419,0.4,2.1,en,3,5
66038a4b3,0.4,4.4,en,9,11
11c88e3be,0.1,0.2,en,2,5
fc4d1c61e,0.1,1.7,en,5,8
ae219ff80,0.0,0.0,en,1,1
95eb301ed,0.1,4.5,en,13,30
9104803d9,0.3,1.1,en,3,7
ac59f3533,0.8,0.8,en,1,3
e7fdf6d1c,0.9,0.9,en,1,0
59f987236,0.3,2.7,en,7,13
c90558513,0.0,0.0,en,1,1
e58bebf13,0.4,5.2,en,10,24
9883a048e,0.0,1.5,en,3,8
f2816bd92,0.1,0.3,en,2,2
507e734af,0.0,0.3,en,3,6
f410b0841,0.0,5.0,en,22,37
3bef75882,-0.1,11.7,en,22,38
da6bb3100,0.3,0.9,en,2,5
faf13c5cd,0.3,1.9,en,6,7
c4ea89ddb,0.0,0.5,en,7,10
4a8caef08,0.0,2.9,en,9,22
3625dd7cf,0.3,2.6,en,7,18
3e158c21e,0.6,1.3,en,2,2
9fb186834,0.1,4.2,en,13,24
6bf08dced,0.2,3.7,en,7,13
04e966b1c,0.3,2.2,zh,5,8
5c7d61133,0.6,1.9,en,3,9
a2cd0e1e4,0.8,0.8,en,1,1
ab519bf92,0.5,3.3,en,4,5
4559bd457,0.9,0.9,en,1,3
e95bb9197,0.7,0.7,en,1,10
f7eb5dd36,0.8,0.8,en,1,3
4d76c16ab,0.0,0.0,en,1,2
132cc7d6c,0.2,1.3,en,6,12
77a74852b,0.3,6.4,en,13,33
b0c2a069c,0.2,0.7,en,3,6
39a66e7cb,0.0,0.0,en,1,1
074d26284,0.0,0.0,en,1,2
4cfd0fac0,0.0,6.8,en,18,43
3b939b40c,0.7,0.7,en,1,2
5d02f91fc,0.5,1.8,en,3,5
4512e1ea8,0.2,1.3,en,4,4
1e7159da4,0.4,2.4,en,6,17
e80066a19,0.2,1.2,en,3,4
0d6cb5b69,0.3,1.6,en,4,9
3d9784a88,0.9,0.9,en,1,4
bd7b805ba,-0.9,0.9,en,1,5
21b5e3d22,0.1,3.0,en,6,16
5a2c8a05f,0.9,0.9,en,1,7
282678629,0.4,2.0,en,5,19
d583d44d2,0.1,5.9,en,16,53
41d6c5f90,0.2,1.5,en,5,10
8bc07d296,0.0,2.6,en,4,9
5f6d23ada,0.4,5.9,en,14,23
a55f8d58a,0.0,1.0,en,2,6
36ab1bdc9,0.1,0.1,en,1,2
e8c9545c7,0.2,1.7,en,3,5
e585b064b,0.3,3.2,en,4,4
a09008d49,0.7,0.7,en,1,1
c0096c460,0.8,0.8,en,1,1
172555cfd,0.0,1.7,en,8,15
6c44c99ef,0.1,0.3,en,3,4
ef30ade75,0.4,5.9,en,11,22
1eeb4ea81,0.6,2.4,en,4,6
377d9bef6,0.8,2.5,en,3,5
fce9a96ce,0.0,0.0,en,1,2
36d764abf,0.0,2.8,en,4,30
38e12233c,0.3,2.4,en,5,12
f3b4e3f5c,0.2,1.3,en,4,24
35ce89b5c,0.5,2.3,en,4,3
e0781fb0a,0.4,0.8,en,2,7
5b3c81931,0.0,0.0,en,1,1
07e6b5eae,0.0,2.6,en,12,18
43b277272,0.3,10.3,en,26,86
a0dd85af0,0.2,3.3,en,6,11
3cc84c2f8,0.1,2.8,en,6,9
25765058c,0.0,8.1,en,21,39
b593502c5,0.9,0.9,en,1,0
29a9fdad5,0.3,1.4,en,4,6
701c5afba,0.1,0.1,en,1,0
d94f98004,-0.1,0.3,en,3,9
8d862cd26,0.0,2.7,en,12,11
cb5ecf136,0.2,7.7,en,18,52
eb77432cd,0.2,3.1,en,10,16
27104e464,0.8,1.7,en,2,2
b9aead110,0.4,2.4,en,5,2
3feae3fb7,0.3,2.0,en,3,5
71f93d157,0.2,0.8,en,3,4
9e25c09b2,0.3,2.3,en,6,6
eddc2e2ae,0.9,0.9,en,1,3
eb42f77fd,0.5,3.3,en,4,6
798f4a1e4,0.3,3.4,en,9,18
b30bcaab6,0.4,1.6,en,4,7
2a36bc3b5,0.1,0.1,en,1,2
0164a9cfb,0.3,9.8,en,16,37
1936c68a5,0.7,5.6,en,8,9
8d676283f,0.2,1.6,en,6,12
cd9de4e83,0.0,3.3,en,7,14
b5e7e4539,0.0,0.5,en,2,6
b533529a6,0.2,1.4,en,4,9
603e173e1,0.0,4.5,en,10,15
423c5b45f,0.2,4.2,en,9,24
1253241be,0.1,0.8,en,4,13
8da7afcd4,0.0,0.8,en,4,8
6e643eba1,0.0,6.1,en,16,36
9942bce62,0.3,1.6,en,3,17
ecad98f44,0.3,0.6,en,2,7
358270782,0.7,2.3,en,3,7
e653e3c51,0.0,0.0,en,1,1
63adeea51,0.3,0.7,en,2,6
6c9696bc5,0.0,0.1,en,2,4
b386bb45c,0.8,2.6,en,3,6
32168f6f5,0.3,0.3,en,1,6
8a030b8f0,0.8,0.8,en,1,3
052c95a93,0.3,3.3,en,6,10
f77452d59,0.1,2.6,en,6,13
6a4a4b403,0.1,1.6,en,6,11
cb9527612,0.3,2.2,en,6,14
fded1ee28,0.1,2.6,en,10,21
85d242c14,0.0,0.0,en,1,1
da8a47785,0.1,1.1,en,4,10
dd2ec7bf4,0.0,2.0,en,7,10
a2ae5fa7d,0.7,1.4,en,2,5
f49099d52,0.3,4.9,en,11,23
79e5de9a7,-0.6,0.6,en,1,2
53964c5d0,0.5,3.6,en,7,11
cd8e8d7a1,0.2,1.0,en,4,6
11a337bfa,0.4,0.8,en,2,6
484915b4f,0.0,11.1,en,28,116
2ba8bb04a,0.3,2.0,en,6,12
186920165,0.1,0.4,en,3,8
dbba10f87,0.6,0.6,en,1,5
1171c9a41,0.3,4.0,en,8,9
262d7f006,0.1,0.1,en,1,9
1eb7eb47a,0.6,1.2,en,1,10
16c53ebf9,0.4,1.7,zh,4,7
155d18f5f,0.1,1.6,en,9,12
513062327,0.4,2.9,en,6,11
c382bae22,0.4,1.7,en,4,7
0bcae32b7,-0.5,0.5,en,1,10
9c833c8c4,0.1,1.6,en,7,15
aa328a5ba,0.1,0.1,en,1,2
c9d333b09,0.5,3.9,en,6,11
451d64f26,0.1,0.7,en,2,4
4683d863b,0.6,2.5,en,4,5
1d777bbcd,0.3,1.6,en,4,25
cbef1e6db,0.7,1.4,en,2,24
3209cdc3c,0.0,4.0,en,12,47
eed4b685b,0.6,2.0,zh,3,24
41e069381,0.1,2.3,en,5,11
ec780b913,0.0,0.1,en,2,2
d43834f69,0.4,1.3,en,3,3
e67f7787d,0.5,1.1,en,2,3
1ee56e81a,0.0,3.0,en,8,18
558ca2c00,0.4,3.0,en,6,11
17c4b0394,0.5,0.5,en,1,7
ae52ea5c4,0.0,0.8,en,3,8
b641cecaf,0.3,0.7,en,2,6
9f02a1c14,0.2,2.4,en,7,33
fd7f76b49,-0.5,0.5,en,1,1
035992662,0.0,1.5,en,2,3
9012ebabb,0.6,1.3,en,2,5
2628915bb,0.0,2.5,en,5,11
70be9c861,0.0,0.0,en,1,2
f152b2fd4,0.2,0.8,en,3,6
15a828f9d,0.1,1.0,en,5,13
5eb152e2a,0.0,0.0,en,1,1
f6e45accc,0.7,0.7,en,1,6
4168bfd52,0.2,2.7,en,9,19
411bba4e8,0.3,6.8,en,16,30
8af959627,0.0,1.9,en,4,8
c81372ddd,0.2,1.8,en,6,16
5b64325b9,0.2,2.1,en,6,16
1cbe873e7,-0.2,1.8,en,4,5
8cf927527,0.0,0.4,en,2,4
da327c74b,0.3,0.3,en,1,2
8c10b6035,0.0,0.0,en,1,1
24d9b76ae,0.1,0.1,en,1,2
49f12d27b,0.7,4.5,en,6,23
ed30f663e,0.0,0.0,en,1,1
35a62a8b1,0.3,0.3,en,1,1
e61d62489,0.1,0.1,en,1,2
d7f938acd,0.0,1.5,en,7,11
7509ed502,0.6,1.3,en,2,0
72acdecb7,0.3,2.3,en,4,18
2f29e9d88,0.9,1.9,en,2,5
57b9d7903,0.8,0.8,en,1,3
33eaf34b3,0.3,7.0,en,15,37
13be42d0e,0.4,2.1,en,5,10
e570d64ac,0.1,0.1,en,1,2
33a6694b0,0.3,2.7,en,6,10
ac9feb346,0.3,1.3,en,4,7
bf5d1a04c,0.1,2.6,en,9,13
b2a23ac85,0.4,1.0,en,2,3
fca85f778,0.7,1.5,en,2,3
9d8e820b0,0.0,0.2,en,2,4
b26f1c630,0.2,2.3,en,4,4
afa1e2afb,0.6,2.5,en,4,4
6a8f9aa52,0.1,2.1,en,6,15
488cefe35,0.0,3.1,en,6,10
4a8f49ac8,0.1,1.3,en,3,10
c23b6bbf6,0.9,1.8,en,2,3
db635ae93,0.9,0.9,en,1,1
41b98eea2,0.1,0.4,en,2,6
966aaf6e2,0.2,0.8,en,4,9
af2f3a166,0.0,1.6,en,5,17
a65ec6d03,0.5,1.6,en,3,4
06666dc09,0.4,0.8,en,2,4
a630f3a73,-0.5,0.5,en,1,3
38a780df6,0.3,1.5,en,4,9
b243b8e93,-0.2,3.9,en,8,31
17d9c9586,0.2,4.3,en,11,27
d8df310c9,0.8,1.7,en,2,3
34dc86aae,0.6,2.5,en,4,13
9609a0b86,0.1,4.0,en,14,33
f51667d46,0.3,1.1,en,3,4
c02ce1bc0,-0.2,1.0,en,5,12
0286dd665,0.5,0.5,en,1,3
fd1bf9554,0.3,5.2,en,9,17
23941ded4,0.5,1.7,en,3,8
a906ff5f5,0.2,8.2,en,22,66
679d0c196,0.0,0.0,en,1,4
6c9e1c82f,0.2,1.7,en,5,8
b7d23de06,0.3,1.6,en,5,7
8eab07081,0.2,3.5,en,6,11
44dcffea3,0.6,3.0,en,5,7
eb6c579d5,0.7,1.5,en,2,2
abc69ab7f,0.2,4.7,en,12,15
6ad5aa95c,0.0,0.0,en,1,2
1c59cecac,0.1,0.1,en,1,2
9d03cf923,0.1,2.1,en,8,17
4f3b3314c,0.5,2.3,en,4,8
a7a44933c,0.6,2.8,en,4,8
ef15e6473,0.3,1.7,en,4,6
9c580ca06,0.4,4.8,en,10,12
0e736f310,0.0,2.5,en,5,11
a6396a580,0.9,1.8,en,2,12
6231ed9b3,0.2,10.6,en,25,48
fcfae453e,0.2,1.8,en,6,10
db5a260fa,0.3,1.2,en,4,5
b660cb310,0.1,1.1,en,4,10
ae5059b40,0.2,3.7,en,10,15
c22078c20,0.0,1.8,en,4,4
0605aab21,0.3,0.7,en,2,1
24dfcc985,0.2,1.0,en,3,7
5ff1a0cae,0.2,0.2,en,1,3
1fd1d2349,0.0,3.4,en,13,35
46c834c70,0.4,1.5,en,3,4
23cdf5f21,0.3,0.3,en,1,2
954243934,0.5,1.7,en,3,10
9d3d3b938,0.0,0.0,en,1,2
412d7406c,0.1,0.1,en,1,2
05aad3b3f,0.2,0.8,en,3,18
078bf7e5a,0.5,1.1,en,2,3
7e43a342a,0.1,8.1,en,14,39
3cc6c4102,0.0,0.8,en,4,7
0291e8ca0,0.3,4.7,en,7,14
1adb292f6,0.1,5.0,en,11,51
5918330ac,0.5,1.1,en,2,2
a8f43bea5,0.2,1.3,en,4,6
76b818bdb,0.1,0.9,en,3,6
f252006a7,0.7,1.4,en,2,18
3cdaf32d2,0.4,2.3,en,5,6
eaf610cd0,0.6,2.6,en,4,9
678d21531,0.5,4.3,en,7,19
1e85c2b18,0.5,1.1,en,2,3
20845a37b,0.2,1.3,en,6,4
24488c53a,0.0,4.8,en,12,16
6d18707ee,0.3,3.8,en,10,15
dc20a0cea,0.4,2.7,en,6,11
859426703,0.9,1.8,en,2,4
b3a42fc4a,0.3,3.1,en,8,14
03c1e47b4,0.3,1.3,en,4,6
207c24fd3,0.3,3.8,en,9,12
9f4a72311,0.5,1.1,en,2,4
e86af84c5,0.0,1.4,en,3,5
d243fce57,0.3,2.0,en,5,7
18427ab22,0.4,5.9,en,10,22
ab6c8aca6,0.6,0.6,en,1,0
1ec7dc903,0.1,1.5,en,2,6
b6256e92e,0.4,2.2,en,3,8
dc549e010,0.2,1.6,en,3,3
9e2af0f7a,0.4,4.2,en,8,9
6ae5689d3,0.5,4.4,en,7,13
b3b6d78f5,-0.1,1.2,en,5,6
ddc628647,0.5,2.4,en,4,9
863947277,0.4,2.2,en,4,12
2a06a5244,0.0,0.0,en,1,1
41e792442,0.4,2.9,en,6,10
2a5e70892,0.5,2.1,en,4,13
8940dfe55,0.4,1.9,en,4,7
bc7956085,0.1,2.1,en,9,21
e899d33d5,0.1,2.1,en,4,14
b5ce44276,0.7,1.4,en,2,4
6d6390b1f,0.5,2.6,en,5,9
7d1030b42,0.2,3.5,en,10,17
21ae91701,0.2,1.5,en,5,10
a6eb71dc0,0.5,1.8,en,3,6
2edce7d92,0.3,3.2,en,7,27
9697ebf42,-0.1,7.2,en,21,37
919768bb5,0.0,0.0,en,1,1
5bfbb098d,0.3,5.1,zh,11,23
59a3ee7ff,0.1,0.3,en,4,6
207d61997,0.0,1.2,en,4,9
d6be47a3c,0.5,2.3,en,4,12
fee0b4da6,0.1,2.3,en,8,12
b9568ee6f,0.3,0.9,en,3,3
3f3e1f288,0.6,1.3,en,2,4
3b4bb9973,0.6,1.9,en,3,5
b233246be,0.0,0.3,en,3,11
e303359a7,0.6,1.8,en,3,7
0baab7556,0.0,0.0,en,1,2
f981112a8,0.3,2.5,en,5,28
8ae60c34e,0.0,3.5,en,8,15
ce6afb606,0.1,3.3,en,7,25
e01638894,0.0,2.0,en,4,13
570b3eb92,-0.1,4.5,en,11,32
2fdd78c55,0.1,0.8,en,4,14
5163abb6e,0.2,0.2,en,1,4
a4cec9f83,0.0,0.0,en,1,3
4a78a1859,0.0,0.4,en,3,8
784e466b1,0.2,1.7,en,6,18
7e3d0e3f0,0.8,2.5,en,3,10
8705145ca,0.0,2.4,en,4,12
976cd59b0,0.5,2.0,en,3,12
d0a66003d,0.0,0.0,en,1,1
062b387cf,0.3,4.9,en,11,22
191043d9c,-0.2,0.2,en,1,1
7b6629627,-0.5,0.5,en,1,8
f72db59b3,0.3,4.4,en,7,16
c626f2f93,0.3,0.3,en,1,5
4a2270c3e,0.0,3.3,en,5,7
6f1a516f4,0.6,0.6,en,1,5
07bd5a7a9,0.0,0.5,en,4,6
8378c8af1,0.3,4.5,en,9,16
3a8f89229,0.6,2.7,en,4,7
c8e2a9092,0.9,0.9,en,1,1
0fa25b7e5,0.2,2.0,en,5,9
f5170bc70,0.1,0.7,en,2,22
6adc3bf2f,0.5,0.5,en,1,5
67ab87b4a,0.0,0.0,en,1,1
90204109f,0.0,4.6,en,12,29
9aac5500a,0.3,1.1,en,3,5
17b2d4cd6,0.9,0.9,en,1,1
6730a4a60,0.2,1.3,en,2,4
6029e0ed0,0.0,0.1,en,2,2
1b8ef81e3,0.0,0.0,en,1,1
aef2fa931,0.4,2.8,en,5,11
bbd8a4220,0.4,1.6,en,4,8
01e6a888d,0.0,2.9,en,10,9
a5595a935,0.2,0.2,en,1,7
256f40704,0.2,3.8,en,11,9
6c8487ccb,0.4,0.8,en,2,3
0e56a693b,0.0,5.9,en,12,36
15538a661,0.7,1.5,en,2,3
79e510cb9,0.1,4.1,en,13,20
1d0a5c20a,0.0,0.0,en,1,1
d806d8c60,0.6,1.3,en,2,1
ccd14639f,0.0,3.7,en,12,26
1ef3f5030,0.0,0.2,en,2,4
94610095f,0.1,6.2,en,19,37
1c92ce464,0.1,1.8,en,4,23
9f2dd031a,0.0,0.0,en,2,3
ac7edef88,0.6,1.2,en,3,4
618f4931a,0.4,2.9,en,6,12
ba79cfddf,0.1,0.5,en,2,8
d83dd7fc2,0.5,3.3,en,6,15
39bf24ec8,0.0,0.0,en,1,10
7ed14130d,0.3,1.3,en,3,4
785150e60,0.3,1.8,en,5,5
77b247a02,0.4,0.8,en,2,6
f7675eb96,0.3,3.2,en,7,42
86f4297b4,0.5,4.2,en,8,22
12c071b30,0.9,2.8,en,3,7
c4be004d4,0.0,0.0,en,1,1
35d9045fb,0.8,0.8,en,1,3
2d8b42d21,0.2,1.1,en,3,7
60a36cab1,0.0,0.6,en,3,5
87ef4d3ca,0.0,0.0,en,1,4
ff832cb7e,0.3,3.7,en,5,10
7b81592b9,0.6,1.8,en,3,6
c14ddf8a0,0.0,0.1,en,2,5
99558286a,0.2,2.5,en,9,19
c919eb44b,0.1,2.1,en,10,10
d4b5c41ac,0.6,0.6,en,1,2
245b99f60,0.1,3.5,en,8,10
75bd3a017,0.3,1.3,en,3,7
b27f46ae3,0.4,3.2,en,5,8
799cbc9e1,0.2,1.7,en,5,11
b677eae2a,0.2,2.9,en,5,9
30e66b835,-0.4,0.4,en,1,2
bb9e47b4a,0.0,1.3,en,7,13
dc23feccc,-0.6,1.8,en,3,18
787f3055b,0.6,1.3,en,2,5
7448f3165,0.6,3.6,en,6,29
828ac8371,0.1,0.1,en,1,2
5c4742e35,0.9,0.9,en,1,4
938bcf142,0.5,3.2,en,6,13
e6e536800,0.9,0.9,en,1,0
2fe1eb7b8,0.6,1.9,en,3,4
a5d1a1271,0.4,1.4,en,3,2
906308870,0.0,0.4,en,4,11
fc7f99ad7,0.0,0.0,en,1,2
10949ac80,0.0,2.1,en,8,10
05974bc36,0.9,0.9,en,1,0
9e935b385,0.5,1.7,en,3,4
f6575f08d,0.3,1.9,en,6,40
7687b7da2,0.4,4.5,en,7,27
ef896feeb,0.1,0.1,en,1,2
3cbe65e9a,0.0,0.0,en,1,2
da8d56dff,0.2,1.9,en,5,18
1833aa7d6,0.4,1.7,en,4,13
8044a4f7e,0.6,1.8,en,3,5
8fddd8a5b,0.2,4.6,en,9,14
2d72ef0c4,0.1,2.9,en,10,29
2c24655fe,0.0,0.0,en,1,1
17ac391be,0.3,2.0,en,5,5
9d70a0499,0.3,1.9,en,5,9
b188b50cd,0.3,3.9,en,8,18
1635eac9a,0.3,0.3,en,1,4
dcd7102d9,0.8,0.8,en,1,18
9bd70dc2b,0.2,2.7,en,5,14
3a67f200f,0.9,0.9,en,1,1
78332e36f,0.0,0.0,en,1,2
3497c1ad0,0.0,3.2,en,5,23
6d43edbe9,0.3,9.4,en,22,53
b8d96cdd0,0.0,2.4,en,7,13
e15353d1b,0.0,0.0,en,1,2
a8267c4eb,0.0,3.7,en,11,25
68838474a,0.0,12.1,en,31,125
00156db4a,0.0,1.8,en,5,10
e0ee00f9a,0.1,0.8,en,2,5
863262193,0.5,4.6,en,8,11
9f12dbf17,0.7,4.3,en,6,10
dc0ee2c73,0.4,4.4,en,9,17
c014197ab,0.1,0.7,en,6,10
29466dcf4,0.8,0.8,en,1,6
9cf90beff,0.1,0.2,en,2,3
429017e9a,0.2,1.8,en,5,7
6fcee4bee,0.2,1.2,en,3,11
f6c14900d,0.2,1.1,en,3,4
b8d244dd5,0.3,4.7,en,9,10
9b11972b0,0.2,2.8,en,10,17
f160ae385,0.0,0.0,en,1,2
59b66be84,0.4,0.8,en,2,3
776354931,0.2,2.7,en,4,8
d5f441f79,0.9,1.8,en,2,3
cb5597fb1,0.2,3.4,en,8,17
22d381889,0.3,1.3,en,4,3
3c2e29219,0.0,19.0,zh,38,91
655cfc630,0.6,0.6,en,1,2
4552e7972,0.4,2.8,en,6,14
6c3a05812,0.2,0.2,en,1,4
f89f0e01d,0.4,2.6,en,6,9
ba030cdba,0.2,0.6,en,3,6
8dd958339,0.1,2.6,en,6,18
15be0f894,-0.1,0.5,en,3,8
b17f7a1fc,0.8,0.8,en,1,7
7023f6b45,0.2,4.2,en,10,26
a2b226c6c,0.7,2.2,en,3,5
4c0de1708,0.4,1.8,en,4,20
bd763ab11,0.0,0.4,en,2,7
c3270683d,0.1,0.5,en,3,4
37cec5261,0.1,1.4,en,3,4
3e6fa700b,0.4,3.4,en,8,14
5e6de643b,0.5,3.8,en,7,24
3df923a0e,0.3,2.4,en,7,13
2630db5dc,0.3,4.5,en,11,32
4f39ec246,0.3,3.0,en,7,25
e1f08c5b2,0.3,2.7,en,4,9
283d93104,0.3,2.3,en,6,20
4c3a2c536,0.0,0.3,en,3,5
eda8eecc6,0.5,7.1,en,12,62
c924a03e8,0.2,2.9,en,6,8
1e115d8ff,0.5,2.8,en,5,7
91add3784,0.1,0.6,en,4,6
0073c33d0,0.0,0.0,en,1,7
b8daff578,0.4,2.2,en,5,6
5f1896e5d,0.0,3.1,en,10,17
aa7395687,0.2,1.1,en,3,5
68936da8c,0.0,3.3,en,6,10
34d387261,0.2,6.3,en,17,51
2fa65607f,0.6,0.6,en,1,7
b8d35b6c3,0.0,1.5,en,4,7
156da1714,0.4,1.6,en,3,6
68e46ed0e,0.7,2.3,en,3,8
a952a211e,0.7,1.4,en,2,3
6114449db,0.3,1.3,en,3,4
cb11e3261,0.2,0.2,en,1,6
48c9474d9,0.1,2.4,en,6,11
f05665d6d,0.0,4.0,en,9,14
19cb228a0,0.3,4.1,en,11,20
f135e422d,0.0,1.2,en,5,16
6806f15f3,0.3,1.2,en,3,4
7ef23b94f,0.4,1.6,en,4,7
8435e081c,0.1,1.2,en,3,9
8f20e24ef,0.3,1.0,en,3,8
bf87b176d,0.4,3.5,en,6,10
c7b3c09d4,0.1,2.0,en,6,15
db044e38b,0.1,1.0,en,3,5
44c308937,0.4,1.3,en,3,4
cf795bb00,0.0,1.7,en,4,8
93e53882d,0.8,3.5,en,4,6
ec4ed9fe6,0.1,6.8,en,14,34
3f9f466d1,0.0,0.1,en,3,4
07ae95ddc,0.1,2.7,en,6,21
9d4e91ab0,0.3,3.2,en,8,20
705ce0ebd,0.5,2.0,en,4,10
688b3183d,0.3,3.5,en,8,11
44fff524f,0.2,0.2,en,1,2
839aa5fd0,0.2,4.1,en,7,21
88f79f7ee,0.0,0.0,en,1,2
b2e3cf5a0,-0.7,1.4,en,2,9
28c005011,0.9,0.9,en,1,2
454607f26,0.6,1.9,en,3,6
182faa94d,0.4,1.9,en,4,4
2469e58fd,0.4,1.2,en,3,6
e95d902dc,0.5,1.7,en,3,11
6366dd2f9,0.0,0.0,en,1,5
df0933e46,0.5,5.6,en,10,23
fa18941f4,0.6,4.7,en,7,11
0e6dd5e23,-0.7,0.7,en,1,3
767a3b706,0.3,2.4,en,6,9
18aa41749,0.7,1.4,en,2,2
bcda757a8,0.2,0.2,en,1,4
f68bec222,0.0,3.0,en,10,18
eb21c0250,0.1,1.1,en,5,10
e66ee4be8,0.2,0.9,en,4,6
a427984f4,0.7,2.2,en,3,25
b7f7e01c6,0.5,0.5,en,1,1
4d7573c5e,0.7,1.5,en,2,0
1bf044649,0.2,1.2,en,2,4
35bb8ee8f,0.0,0.0,en,2,4
83b2d9103,0.7,0.7,en,1,2
c4ab38782,0.1,0.6,en,4,7
91e663cd2,0.1,0.8,en,6,11
7930e4752,0.3,1.2,en,3,13
71e96f977,0.1,4.4,en,12,23
46c5fd256,0.1,5.1,en,11,50
dffc5cef6,0.1,3.2,en,8,23
353187b3d,0.2,0.9,en,4,15
48b418070,0.4,1.2,en,3,6
e945a1e04,0.4,1.8,en,4,4
07b2a1416,-0.1,0.2,en,2,5
4c6dc89df,0.1,2.6,en,7,12
f2ff942f1,0.0,3.8,en,17,43
991519fdb,0.7,0.7,en,1,2
6a393b32a,0.2,2.5,en,6,14
e9dec895b,0.2,8.4,en,20,62
005bb92d8,0.2,0.2,en,1,5
b7d2d752f,0.2,1.5,en,7,13
f60ee7233,0.2,2.5,en,8,8
c4a2fd15a,0.8,1.7,en,2,3
7811bdd84,0.3,0.3,en,1,2
a479a1a6a,0.3,0.9,en,3,4
38fd4509d,0.0,1.9,en,4,12
2b95747f3,0.0,3.5,en,8,13
de591574b,0.6,3.2,en,5,6
8910e2c01,0.0,16.4,en,45,102
3cf8487d4,0.7,4.3,en,6,8
d46a58371,0.2,1.2,en,5,5
aba758b7f,0.4,3.0,en,6,14
c67d871e3,-0.1,4.8,en,7,16
2e1de0bba,0.1,1.5,en,6,7
474f23a3a,0.3,1.0,en,3,10
b5b84493d,0.2,3.8,en,9,17
8310e47df,0.0,0.4,en,3,4
e2205b952,0.3,2.2,en,7,8
622f08247,0.2,3.0,en,8,10
db05d2fb1,0.2,1.2,en,5,11
79a9a7b05,0.2,3.0,en,7,8
f1164babb,0.0,0.0,en,2,4
7c9dc0791,0.5,5.1,en,10,23
2bf4445c7,0.5,0.5,en,1,1
3d3006ccc,0.2,1.1,en,4,7
7983db8d9,0.7,3.5,en,5,17
6b7f2c603,0.1,2.8,en,8,22
ca46b14de,0.8,1.6,en,2,4
8aec4488c,0.6,2.5,en,4,11
1a76190c5,0.3,1.9,en,4,14
c1ed602f2,0.3,5.0,en,12,19
f72d7a939,0.7,2.1,en,3,8
950dd345b,0.1,11.5,en,27,62
ecb3e47a6,0.2,1.2,en,5,10
73ec4c916,0.2,1.3,en,2,4
c77a68714,0.2,1.7,en,6,8
52238d3bf,0.5,1.0,en,2,4
8054aad26,0.1,4.7,en,12,24
5a289a426,0.7,1.5,en,2,4
43ddb2eb4,0.4,3.4,en,7,14
aece6e7bf,0.9,0.9,en,1,6
c0edff1e1,0.0,1.7,en,4,6
302eb3771,0.2,4.4,en,10,13
58b4ba48f,0.1,1.8,en,5,14
5b7fd5349,0.0,0.0,en,1,1
0d440b00e,-0.1,3.6,en,8,19
e4efae0f1,0.0,0.0,en,1,1
fae1e95de,0.2,1.1,en,4,8
9e9a3285d,0.1,2.7,en,7,9
daabe5f9d,0.5,2.3,en,4,9
883e7d058,0.2,1.9,en,3,7
64f41ee68,0.3,0.3,en,1,1
345b95213,0.5,2.9,en,5,4
aa11bee11,0.1,3.6,en,10,9
907f77c78,0.2,2.6,en,4,18
e481cf862,0.6,1.2,en,2,7
d6e342121,0.3,0.9,en,3,6
23b64fe21,0.3,1.0,en,2,14
6bbcc7ea5,-0.4,0.4,en,1,4
b7d753c5a,0.0,0.8,en,4,11
e267af6d8,0.5,1.5,en,3,6
506bacb46,0.0,0.0,en,1,1
3bf7bccc9,0.3,1.3,en,4,9
fd139f4e4,0.2,1.3,en,4,10
37ed9080d,0.2,0.4,en,2,3
e6335223e,0.0,2.5,en,8,16
b2406f38d,0.3,1.1,en,2,5
08aad5787,0.0,0.0,en,1,3
648727065,0.9,1.8,en,2,4
52d336af0,0.2,1.1,en,3,4
f70a1bf5d,0.2,3.2,en,9,15
655eaa578,0.8,1.6,en,2,1
f82aa539c,0.1,1.0,en,3,5
c504cbfd4,0.1,2.5,en,5,8
f47fc05a6,0.4,0.8,en,2,8
642a88a93,0.2,4.2,en,12,27
17066185d,0.0,0.0,en,1,1
ee34f3079,0.1,0.4,en,3,8
335eacf2d,0.0,0.4,en,2,4
24af5742e,0.4,4.2,en,7,10
8a9bdc274,0.7,2.9,en,4,8
29aa0b74b,0.4,2.2,en,5,12
44aafd1b1,0.3,0.7,en,2,2
54c2d49bb,-0.2,3.1,en,9,18
9fe3f6afa,0.0,2.6,en,6,10
12537b530,0.6,2.0,en,3,7
b18e25ae6,0.5,1.0,en,2,3
39adf62b4,0.3,0.6,en,2,3
bdc5ffaba,0.5,1.7,en,3,6
854edf08f,0.1,2.0,en,4,14
b03983a09,0.1,0.8,en,4,13
653f94080,0.2,3.0,en,7,10
bf456451e,0.1,1.7,en,5,26
628a224b2,0.5,8.5,en,14,29
e32c29f03,0.0,3.0,en,5,11
27e458086,0.0,1.8,en,6,17
107c30c6d,0.1,2.4,en,6,6
35bbb3a85,0.3,0.6,en,2,4
00f3a3993,0.1,1.8,en,7,11
c33c82dd5,0.3,2.5,en,3,12
cf020a716,0.7,3.8,en,5,10
3d0752cd9,0.1,3.3,en,5,28
5842f1ff5,0.9,0.9,en,1,6
466862270,0.1,6.6,en,15,31
2ac3ca459,0.2,1.0,en,4,8
fd33218b8,-0.1,2.3,en,9,16
1cbaa3e59,0.1,1.8,en,4,10
b98512188,0.6,4.4,en,7,20
121c5faca,-0.1,0.3,en,3,7
bd7f07424,0.1,1.9,en,4,4
d86d7a70e,0.1,1.0,en,6,19
20bf4bf39,0.3,2.1,en,5,9
92caf1d01,0.8,0.8,en,1,1
45dea4033,0.4,4.5,en,9,16
4263cc9ed,0.2,1.0,en,3,5
6521d5af1,0.5,1.0,en,2,2
63a542d16,0.4,5.1,en,8,14
5b3559bf2,0.2,1.5,en,6,13
a90161422,0.3,1.3,en,3,12
3a7b85800,0.1,1.2,en,8,10
dbfb1869f,0.9,0.9,en,1,6
ad70b1120,0.3,1.6,en,5,4
9827921f8,0.0,0.2,en,2,3
f6fac7b56,0.3,4.8,en,10,17
fe3a83fe5,0.6,3.3,en,5,11
a16c6d55d,0.1,2.1,en,6,11
5cfd4e3bb,-0.3,2.0,en,5,39
22cf2902d,0.3,1.2,en,3,4
f246cb734,0.1,0.2,en,2,5
38ea54f1f,0.9,0.9,en,1,4
8e343f4df,0.4,2.9,en,6,21
7ff979d3a,0.2,8.5,en,15,32
414d8422f,0.4,0.8,en,2,3
0fae8116c,0.2,1.3,en,4,7
6a546bfb7,0.0,0.0,en,1,1
2959602fc,0.4,2.9,en,6,15
24e2e049e,0.1,0.1,en,1,9
82e86dcbb,0.3,2.2,en,3,4
a37a24a58,0.0,1.9,en,4,8
1a7ec71e7,0.9,0.9,en,1,3
a36e3c034,0.1,1.7,en,5,10
46b9595d0,0.0,2.9,en,7,16
5366eff00,-0.4,1.6,en,4,12
8573077f3,0.9,0.9,en,1,2
0f366f264,0.2,3.5,en,6,30
fd32ce3ef,0.6,2.0,en,3,1
c4fcf4990,0.1,0.2,en,2,5
e910d17de,0.0,0.1,en,3,6
902624c4b,0.2,3.1,en,10,17
acd81a109,0.0,1.7,en,6,31
7c542e43e,0.5,3.0,en,6,10
4a4d8cadb,0.2,5.8,en,11,27
d336e6953,0.0,1.7,en,4,4
1e750bb89,0.5,1.7,en,3,15
d08b5b163,0.0,0.0,en,1,7
8e4f0e111,0.1,1.2,en,4,7
1043aca38,0.0,1.2,en,5,8
01dc16c21,0.2,7.4,en,18,29
0b0f596b5,0.0,0.0,en,1,1
e6e4a6f37,0.3,1.3,en,3,4
7b8924342,0.3,2.6,en,4,12
619f26bfc,0.0,0.0,en,1,2
c6556750a,0.5,1.1,en,2,4
3d9346cfb,0.4,0.9,en,2,2
1bb0600a7,0.3,1.3,en,3,4
4c4ba8c4e,0.3,0.8,en,2,9
c148399c0,0.4,3.6,en,7,11
4fd97d6fe,0.5,2.0,en,3,7
23a1e62d8,0.5,1.5,en,3,9
de0f0272c,0.0,0.0,en,1,6
132346d7e,0.2,0.2,en,1,4
fff24fcb5,0.3,1.2,en,3,6
80bbb481b,0.5,2.5,en,5,1
75f3c2e36,0.8,2.4,en,3,5
4d1a986bb,0.0,1.7,en,2,7
2455effb8,0.3,1.1,en,3,4
c4bcfbb1c,0.0,0.4,en,2,4
96e9f6fd8,0.2,3.3,en,6,10
87a679d31,0.1,1.4,en,3,4
42a28c241,0.2,0.5,en,2,1
1fdf2880b,0.2,2.3,en,6,12
2b31f1be3,0.4,3.9,en,7,12
c7e61f3c2,0.0,5.4,en,15,30
7125e101b,0.0,1.6,en,2,5
9dfee7db3,0.3,3.3,en,7,12
245434d5d,0.0,1.9,en,3,5
e6ff21b7e,0.6,4.8,en,8,17
04dc94c39,0.0,3.3,en,12,20
35dcf4794,0.5,2.5,en,5,9
d18218a56,0.2,0.9,en,3,5
7fa3ab674,0.2,0.8,en,3,6
6f1580039,0.3,8.9,en,21,35
f54d6a569,0.2,1.3,en,3,6
1082982dc,0.2,0.6,en,3,8
8f9010452,0.6,0.6,en,1,3
67f174628,0.3,1.0,en,3,4
0ed8d0f9c,0.4,0.8,en,2,16
68b7c23f3,0.5,2.2,en,4,6
1ae4a77ba,0.1,0.3,en,2,3
201ea7802,0.5,0.5,en,1,7
2b9fd4034,0.0,3.2,en,11,33
86ea9dda0,0.5,2.3,en,4,9
b32339429,0.5,3.2,en,6,6
2177b28d2,0.5,3.3,en,6,20
01f4746ef,0.4,3.8,en,8,10
7ebe13a93,-0.3,0.3,en,1,1
0bd83ba72,0.8,0.8,en,1,3
db3fce97e,0.5,1.0,en,2,2
6146d435c,0.1,2.3,en,5,12
6dbed5324,0.1,1.6,en,3,3
d2f04a19a,0.2,2.5,en,7,25
dc4747d5c,0.3,0.3,en,1,1
e742a643d,0.4,3.5,en,8,22
1c4afcc03,0.0,14.8,en,33,85
3fcf1b40a,0.2,3.8,en,10,20
843910e74,0.2,3.0,en,8,26
5be134946,0.4,0.8,en,2,4
ca11826f9,0.1,0.1,en,1,1
de59f42db,0.3,0.3,en,1,5
2d63b7c4f,0.0,3.3,en,9,18
850cb2e50,-0.3,6.3,en,17,53
bf1b733a7,-0.1,0.1,en,1,1
d4b028ea8,0.0,1.4,en,4,7
dd9ee4a38,-0.2,2.3,en,6,15
e825b8b9f,0.3,1.8,en,6,13
2edeb7931,0.2,3.1,en,7,11
2cf6ead97,0.4,0.9,en,2,4
96462a567,0.4,2.7,en,6,9
c59d7c9f3,0.2,2.7,en,9,12
3c008b0b7,0.1,1.0,en,4,13
6083e589b,0.3,1.1,en,3,3
c432261a7,0.1,0.9,en,4,13
64a3f89ee,0.6,0.6,en,1,1
c7402d13c,0.3,0.3,en,1,1
df1507e61,0.1,0.5,en,4,7
0822c54d5,0.0,1.3,en,6,16
4df0d1886,0.8,0.8,zh,1,8
98780fbb6,0.1,0.7,en,2,4
5f4f3347f,0.3,1.7,en,4,8
6f93a41c5,0.4,1.9,en,4,7
18b6fc5f0,0.4,4.7,en,10,12
515d9508a,0.5,1.0,en,2,2
076a67405,0.3,2.4,en,7,20
0ae247e90,0.4,0.9,en,2,4
72c626d6c,0.2,1.8,en,5,10
ff10041de,0.0,5.4,en,14,20
a22499988,0.5,1.1,en,2,4
69c1801cb,0.1,2.6,en,5,20
8df0bb3b3,0.4,5.1,en,9,41
3f2d1ff6c,0.3,1.5,en,4,11
8a6701090,0.2,0.8,en,3,3
6b24d9186,0.8,1.6,en,2,14
0ba16b529,0.3,0.6,en,2,4
219bf9c22,0.7,2.1,en,3,5
f68c70fe1,-0.1,0.8,en,4,10
4b4bb2b0a,0.0,4.7,en,15,59
c5ee96818,0.1,0.1,en,1,3
2b5249852,0.4,3.2,en,5,8
40c0fdccb,0.2,3.2,en,8,13
c2b92d7a0,0.2,1.0,en,4,3
f0ee32b27,0.4,4.2,en,7,12
fe4b30cfb,0.0,1.5,en,9,11
f584e226b,0.1,1.3,en,2,13
2bd8e5830,0.3,1.2,en,3,6
c6de9b701,-0.6,0.6,en,1,31
91f5bb21f,0.3,0.6,en,2,2
f28c8090d,0.0,0.0,en,1,1
2ac1366f4,0.9,0.9,en,1,7
64f06dc3b,0.3,3.2,en,6,16
b3995ad50,0.5,1.6,en,3,5
9ff5a1ca1,0.4,1.7,en,4,3
123f15578,-0.2,0.7,en,3,6
b2385d700,0.3,1.9,en,5,15
fa1d3af33,0.9,0.9,en,1,7
a9fdc3e4a,0.5,2.3,en,4,8
e97e1afc1,0.5,0.5,en,1,4
560232264,0.4,9.7,zh,19,23
599d24d23,0.9,0.9,en,1,1
bdcd82280,0.5,2.3,en,4,6
13a563b84,0.1,1.3,en,6,12
fd3c1a3bb,0.4,0.8,en,2,14
12890e9dc,0.0,1.7,en,4,9
c042fa2d5,0.6,1.3,en,2,21
65e75b92e,0.2,0.6,en,3,4
f8530e295,0.6,1.3,en,2,3
4f94e2b5a,0.5,1.8,en,3,5
77d395a82,0.5,1.0,en,2,3
18c3b1a1a,0.2,1.5,en,5,13
c11ca8051,0.1,1.1,en,3,7
bd331b74e,0.4,5.1,en,10,25
708ce5f42,0.1,0.1,en,1,2
dac37d01d,0.1,0.2,en,2,5
2db00a064,0.7,0.7,en,1,1
998de7b77,0.2,1.1,en,3,8
6984c8d7e,0.0,0.9,en,6,10
813db4d5a,0.8,1.6,en,2,4
518e71b74,0.4,1.8,en,4,11
2023404f9,0.4,2.0,en,4,8
da84db2f7,0.7,1.4,en,2,3
4b7f7fcca,0.4,4.6,en,9,27
93ea39e5f,0.4,2.7,en,6,15
c69bdf768,0.9,0.9,en,1,0
3083ab744,0.0,0.1,en,2,4
595b8d58f,0.0,0.3,en,3,2
88c0e21d1,0.3,8.8,en,19,39
edd25890d,0.9,0.9,en,1,3
ef7c5813c,0.4,2.8,en,6,15
87a37261b,0.4,4.6,en,8,9
a1cb8764d,0.6,1.9,en,3,3
f61cec80a,0.2,1.2,en,2,3
7ddf00d90,0.2,2.2,en,7,17
b4060a70e,0.5,0.5,en,1,5
26a7ffaa7,0.3,1.6,en,5,5
6d6bb4a66,-0.2,0.5,en,2,7
0e49eebb3,-0.2,1.7,en,5,9
221cc9a2b,0.6,4.0,en,6,13
9b980624e,0.2,0.4,en,2,7
eb3101bcd,-0.9,0.9,en,1,1
57b57989d,0.3,2.0,en,6,13
0b6064845,0.4,5.8,en,12,18
4e00cd0ac,0.4,2.4,en,6,4
793e89809,0.3,1.4,en,4,11
559afad4f,0.4,2.8,en,5,19
794806010,0.0,1.0,en,5,15
3ded98af9,0.0,3.8,en,8,24
884b9a6ec,-0.1,1.1,en,3,8
29eda0717,0.1,0.8,en,4,7
870e7158b,0.2,1.9,en,6,13
a90c3dbd7,0.6,0.6,en,1,4
938bcb826,0.0,1.9,en,4,18
16ce3524b,0.2,0.4,en,2,3
f288b4919,0.0,1.0,en,5,7
8f860b014,0.3,0.9,en,3,7
97a020fe8,-0.2,1.1,en,3,6
8a9d11c50,0.1,2.3,en,8,16
ca75db93c,0.4,3.8,en,7,15
126cfd595,0.2,1.4,en,5,13
f64fd2354,0.2,0.7,en,2,8
f33406495,0.3,1.2,en,4,8
23baf0395,0.6,0.6,en,1,0
5ab1e209b,0.3,1.2,en,2,2
3ea00c9fd,0.9,0.9,en,1,0
19f0ef706,0.2,8.9,en,18,39
0f122f712,0.0,0.0,en,1,1
e3fa09b97,-0.1,2.0,en,5,17
1195168b6,0.7,0.7,en,1,1
8670bd551,0.3,3.3,en,7,21
276ce7f3a,0.0,3.2,en,6,15
b888f72cc,0.2,2.0,en,5,7
fbaec0999,0.2,0.6,en,3,5
f50d4f5bc,0.7,2.1,en,3,2
1a2816f0f,0.3,3.0,en,7,14
4d75e5771,0.8,3.4,en,4,5
dbaa03313,0.1,1.5,en,10,10
e94f842c0,0.2,1.4,en,4,4
99daba941,0.3,1.9,en,4,8
daad5c208,0.0,0.0,en,1,1
1f2573b47,0.8,0.8,en,1,1
16ac32123,0.0,0.4,en,4,5
36ad55549,0.4,2.7,en,6,8
710126170,0.7,0.7,en,1,2
f28036d8a,0.1,0.3,en,3,4
0617d9287,0.1,0.7,en,4,4
e2bcb9213,0.5,3.4,en,6,11
385028a00,0.8,0.8,en,1,1
f1d86e6ea,0.1,1.6,en,4,9
9c0f6076a,-0.1,2.8,en,7,22
5f5d44f43,0.3,1.9,en,6,18
de41ebc79,0.7,1.4,en,2,0
9f07e684f,0.0,1.8,en,3,7
48769873a,0.3,2.0,en,5,8
1bb6183eb,0.1,1.5,en,8,13
38e87cee8,0.4,1.6,en,4,9
ab309dd09,0.8,2.5,en,3,6
1bbb46822,0.5,1.1,en,2,3
a993cd91a,0.5,2.7,en,5,9
ff16e6dad,0.2,1.2,en,3,8
6b42c0d29,0.0,0.2,en,2,3
d77a66a2f,0.7,3.1,en,4,7
f245f7d4f,0.4,1.3,en,3,4
8f1b39562,0.0,2.9,en,7,21
56b5845d7,0.0,1.4,en,6,16
e5cecf5df,-0.6,0.6,en,1,5
926c92b39,0.5,2.8,zh-Hant,5,14
729f4d5fa,0.4,0.8,en,2,3
89a396d79,0.9,0.9,en,1,4
abf0f2579,0.3,1.3,en,3,4
919ebd16f,0.1,2.7,en,8,11
b551658f4,0.9,0.9,en,1,3
e3b6b7d2e,-0.1,0.1,en,1,4
9adf0f234,0.8,4.4,en,5,10
326a3c785,0.0,1.0,en,4,6
52a88696e,0.3,2.1,en,6,20
aebf47483,0.0,0.0,en,1,1
546a913cc,0.4,4.1,en,8,17
3085ca2c6,0.4,0.8,en,2,4
68071559c,0.0,0.0,en,1,2
cfd0757cf,0.0,0.0,en,1,1
10eaafcd9,-0.8,0.8,en,1,6
0d85af6c4,0.0,0.1,en,2,5
a99e4b365,0.8,0.8,en,1,9
b2b52ccf2,0.4,2.6,en,6,6
8016d3648,0.1,1.1,en,6,10
9907dde11,0.0,0.3,en,4,8
3f9b11590,0.5,2.4,en,4,7
86547ad6d,0.2,32.0,en,84,207
9761c645f,0.2,1.6,en,7,8
2e1448ee0,0.3,3.1,en,6,8
94aec9453,0.9,0.9,en,1,6
81d97fa9f,0.3,1.2,en,3,4
fdb03c163,0.5,2.1,en,3,9
cdd50f583,0.2,0.8,en,3,4
b71eb2942,0.6,2.5,en,4,8
a8b9d57b4,0.1,1.0,en,4,8
abfad94f2,-0.2,7.9,en,19,74
5ea10e37f,0.5,5.1,en,9,13
92d5ac408,0.4,4.4,en,9,18
8e881542f,-0.2,0.2,en,1,4
7f78266ab,0.3,3.1,en,6,8
146d950bc,0.4,0.9,en,2,6
784d3319e,0.5,3.5,en,6,10
351d29156,-0.1,4.7,en,13,46
38fb7c50c,0.2,2.2,en,6,24
dce7af31c,0.3,3.7,en,7,17
0cbe33a44,0.1,0.2,en,2,5
53ac79c6c,0.3,6.0,en,15,34
ad2423b1f,0.3,0.9,en,2,4
bb74a9d58,0.3,5.1,en,9,35
04260adf8,0.1,1.5,en,5,3
290c3cd9e,0.6,1.3,en,2,3
e7f7066b6,0.5,0.5,en,1,2
be376ea01,0.1,2.2,en,6,12
4140b3b5a,0.2,6.5,en,18,26
b8715f663,0.6,1.2,en,2,16
dd2452dfa,0.0,0.3,en,3,7
fb9833d4b,0.5,2.1,en,4,14
dd62a2e7f,-0.1,1.6,en,6,23
bb675d874,0.2,1.5,en,3,10
c49629a90,-0.4,0.9,en,2,9
d36f47834,-0.5,0.5,en,1,3
a6e7b6870,0.2,0.4,en,2,3
18ee92cdf,0.4,0.8,en,2,3
7cc9b21fd,0.3,2.2,en,6,11
c62a2a817,-0.1,1.6,en,4,10
f7473aaec,0.3,3.4,en,7,19
0935ab38b,0.0,1.2,en,3,7
21a7f4896,0.2,1.4,en,5,5
f2ac99dfe,0.0,0.0,en,1,4
bd7bae691,0.1,2.4,en,6,14
88c193102,0.1,2.3,en,6,13
a345b4406,0.1,0.1,en,1,2
5d3ee6378,0.1,4.3,en,10,26
37e15671b,0.4,2.0,en,5,11
a8cfbf446,0.7,0.7,en,1,0
3ba4ccb80,0.2,0.9,en,3,4
37438ea50,0.0,0.2,en,3,7
e63eea2f7,0.1,2.1,en,7,10
53abbdf1d,0.3,1.6,en,5,2
7cf37c7e2,0.0,3.2,en,8,17
220d4394a,0.5,3.8,en,7,24
b714e611f,0.0,0.0,en,1,1
f19397eed,0.0,0.2,en,3,7
461b33f39,-0.1,6.7,en,15,30
ee459f62d,0.2,0.2,en,1,7
6afc6acee,0.9,0.9,en,1,6
fa89bfa82,0.3,1.8,en,5,11
029b05087,0.1,2.7,en,5,12
b72bbd6db,-0.2,0.2,en,1,4
cbef8d00b,0.6,5.6,en,9,17
a2317e5b0,0.1,2.5,en,5,13
25d4c7493,0.9,1.8,en,2,3
9c443e54d,0.1,2.0,en,5,15
979e3f8f7,0.3,2.8,en,7,10
e27fa93d3,0.4,0.4,en,1,6
570fdcc4d,0.3,0.7,en,2,3
b414c5dd9,0.0,0.0,en,1,1
0a4203544,-0.2,0.4,en,2,8
6a9d18d89,0.1,9.3,en,24,46
bfaca902b,0.3,1.8,en,6,7
54791dc58,0.3,1.5,en,4,6
b73c5a1b7,0.2,0.5,en,2,2
bb4e0ddb3,0.2,0.7,en,3,10
23ed3e349,0.2,2.3,en,5,11
79bf5eb37,0.4,7.7,en,14,25
6aa6cfaaa,0.6,3.9,en,6,21
476b3dbe5,0.3,3.6,en,7,14
77f9b1470,0.3,2.6,en,6,16
07102e682,0.0,0.0,en,1,10
1ca9db40b,0.4,1.4,en,3,4
63f7cacce,0.9,0.9,en,1,3
da697d5ba,0.6,0.6,en,1,2
c8f5f9120,-0.3,0.7,en,2,3
d6cfa5d4b,0.2,1.8,en,4,13
4084b0a93,0.0,2.3,en,9,13
714e287c7,0.8,2.4,en,3,3
7fab9b8f3,0.4,2.9,en,6,9
8ff2c63c4,0.5,1.9,en,3,6
2fa5bde3c,0.4,1.0,en,2,7
3a88e6c8f,0.3,3.9,zh,8,17
966598774,0.8,1.7,en,2,2
102482c40,0.1,1.5,en,5,3
1d72ec242,0.3,2.7,en,4,10
ee15edbb0,0.9,0.9,en,1,4
e2f718e94,0.2,0.2,en,1,2
e7b5ed1a2,0.2,2.0,en,5,10
6e61a7b46,0.2,0.2,en,1,3
b76e8c452,0.0,5.9,en,17,39
fa87afa7d,0.0,16.4,en,45,100
1c2dfa92d,0.6,2.5,en,4,8
fc4b199fa,0.1,0.1,en,1,2
923da13c4,0.8,0.8,en,1,1
6dac8ec35,0.0,0.0,en,1,1
d4e96e3ce,0.4,1.0,en,2,5
3a6197f6d,0.3,5.2,en,12,35
fc7f7797c,0.4,2.7,en,6,11
8a6f301fa,0.0,0.0,en,1,3
b11ae7451,0.0,0.0,en,1,1
f2755d8bf,0.4,2.5,en,6,9
66f6cd1cb,0.2,0.5,en,2,2
55cdf4eda,0.5,1.5,en,3,5
8cd1d06ab,0.1,1.2,en,7,9
be4c2e0d5,0.1,0.1,en,1,3
86f7b4013,0.5,2.1,en,4,7
dd579722a,0.2,4.7,en,13,23
c9c023b3e,0.8,0.8,en,1,1
36a5b3b3e,0.9,0.9,en,1,3
df8425410,0.0,0.1,en,2,5
b857d5ac6,0.3,14.6,en,32,83
15dbf64f0,0.5,2.7,en,5,12
af4941f15,0.8,1.7,en,2,9
5b73a7ea8,0.3,1.3,en,3,4
be5f7a129,0.3,1.2,en,3,4
7b79e52f0,0.4,1.3,en,3,10
6b7be833c,0.2,2.7,en,6,16
47163bb58,0.3,0.3,en,1,2
d4beefae9,0.8,1.7,en,2,3
227580301,0.3,3.3,en,8,17
8420d063a,0.4,3.5,en,8,15
842c9622d,0.0,0.0,en,1,3
4ce29bb83,0.6,5.2,en,8,17
45904d2be,0.2,0.2,en,1,4
8b2be8807,0.4,7.4,en,14,42
4887999cc,0.8,0.8,en,1,7
b6a16ab86,-0.1,4.8,en,7,16
f97c8edc4,0.5,0.5,en,1,5
c16df543f,0.3,1.0,en,3,3
503a096e7,0.2,2.4,en,10,16
3c5e8cc5d,0.3,0.3,en,1,2
e42fd0fed,0.6,6.2,en,10,26
fdd191ba0,0.4,1.0,en,1,6
20559d623,0.3,1.2,en,3,4
ae14a91dc,0.4,1.3,en,3,6
6333963fe,0.4,5.6,en,8,7
e3935c62d,0.4,0.9,en,2,2
f212d0cdc,0.1,4.7,en,10,16
fdb71d0c8,0.1,0.1,en,1,7
bad270818,0.0,0.5,en,7,10
0ab8ae91b,0.1,2.4,en,8,17
59a23bac0,0.4,2.4,en,5,9
f4948a23d,0.5,1.6,en,3,7
14410015e,0.1,0.3,en,2,4
7316c548e,0.3,6.0,en,15,31
1ca147dd8,0.4,3.3,en,7,17
7c3423bab,0.0,0.0,en,1,2
a9085cdde,0.5,8.1,en,14,26
e2bb56954,0.0,0.0,en,1,1
bafa8c847,-0.4,1.5,en,3,15
9edb2d79a,0.0,3.6,en,5,14
486f89692,0.8,1.7,en,2,2
abf1716a9,0.3,2.0,en,5,6
22e4974f2,0.8,3.2,en,4,11
9e0b14cf6,-0.1,0.9,en,5,18
b5c41169c,0.1,2.2,en,8,13
0995bd489,0.2,1.2,en,6,14
7de2f688b,0.3,1.7,en,4,8
0db65104a,0.4,4.5,en,10,14
f5ebfd099,0.9,0.9,en,1,5
192303603,0.2,1.1,en,3,8
d8179f4d9,-0.1,1.9,en,3,8
cf8e988f5,0.3,3.8,en,7,13
24890da9b,0.1,0.7,en,4,11
244144067,0.0,2.6,en,11,30
261a88440,0.4,0.9,en,2,5
cc7d90ef4,0.3,2.9,en,4,7
b0b9f2902,0.1,0.4,en,2,6
fcf377cce,0.7,0.7,en,1,3
9495fed48,0.0,1.8,en,7,27
867057e77,0.3,3.1,en,5,13
921817343,0.4,4.0,en,7,11
85b57bb1e,0.5,0.5,en,1,5
b89c365c3,0.6,0.6,en,1,5
e5164d828,0.4,1.6,en,4,8
ee421d21a,0.0,1.5,en,4,9
c54b26d73,0.3,1.7,en,3,12
2fcdfb0e1,0.9,0.9,en,1,1
fe481f81c,-0.8,0.8,en,1,2
8c28914a9,0.0,0.1,en,2,5
8a6d97169,0.1,3.3,en,5,3
bf7ee1354,0.0,0.0,en,2,22
d4dd82200,0.4,1.8,en,3,6
1f470d9f4,0.2,1.3,en,3,7
3af14a63c,0.0,0.0,en,1,2
eb9b9400e,-0.2,0.5,en,2,4
387701d9d,0.3,1.6,en,4,11
1ef5b1310,0.4,0.4,en,1,17
402e83205,0.5,1.1,en,2,3
4747bead4,0.5,2.6,en,5,6
59d4947b6,0.2,0.9,en,4,12
246c3850a,0.2,4.0,en,9,20
e76929e2b,0.1,1.5,en,7,16
0a84451ae,0.4,4.0,en,8,17
08b454900,0.0,5.9,en,13,53
5e74dfc90,0.0,3.3,en,4,11
ada93cece,0.4,0.9,en,2,3
4f5205d2b,0.0,1.6,en,3,5
1d9c36e47,0.1,1.3,en,6,6
4e12936b0,0.0,0.0,en,1,1
0be5af159,0.0,0.0,en,1,2
80e8288c9,0.3,2.2,en,6,24
99ed50a86,0.6,0.6,en,1,5
b5cb75a44,0.5,3.0,en,5,8
c740abfe1,0.2,2.4,en,5,8
96ba0193d,0.0,0.0,en,1,2
7f4fb6f7e,0.2,1.7,en,5,11
ae3ef6983,0.3,6.5,en,14,38
19af88854,0.1,6.9,en,17,59
5d517a321,0.0,0.8,en,4,27
ffb3a78e1,0.1,4.3,en,18,26
97916de84,-0.1,0.8,en,3,9
9999b8c82,0.2,4.1,en,6,11
77bb4ce3a,0.4,1.6,en,3,4
15f00daac,0.2,1.9,en,5,7
5c89ffa58,0.0,3.9,zh,7,24
164857bd8,0.9,0.9,en,1,2
6edcc1f1b,0.3,3.9,en,10,24
ee5ceb065,0.0,0.2,en,3,7
fc8388b28,-0.2,0.2,en,1,16
e62e5aa26,0.2,2.7,en,8,18
3ee05e0d5,0.2,3.1,en,7,11
41c61ed91,0.4,7.1,en,12,20
14a1d0eb4,0.1,1.8,en,5,10
f2472c8dd,0.0,2.4,en,7,12
386990598,0.2,2.9,en,7,25
8311f29c4,0.4,1.7,en,4,7
dc3066d92,0.6,1.2,en,2,8
90f1bb168,0.9,0.9,en,1,2
ce5bb821a,0.6,2.8,en,4,8
93692767b,0.0,0.0,en,1,1
8132fabfd,0.1,0.8,en,4,13
71deb8267,0.9,0.9,en,1,3
421ea515e,0.6,2.7,en,4,9
b13e4afff,0.4,1.8,en,4,11
1f7bf1b32,0.0,0.0,en,2,0
82c51a95a,0.4,2.6,en,5,8
660cd67ed,-0.1,0.1,en,1,2
b822d0566,0.3,4.6,en,10,16
c554f052c,0.9,1.8,en,2,5
3ee76f8a2,0.1,2.2,en,8,13
79f358573,0.0,2.0,en,6,23
dbea554c3,0.9,0.9,en,1,4
374b76068,0.8,0.8,en,1,6
1f70f8112,0.6,3.4,en,5,8
91fca388a,0.0,2.4,en,8,13
87615b2c6,0.7,4.4,en,6,13
4745e5286,0.0,4.9,en,10,37
718c4b524,0.3,6.3,en,11,27
6c55e596d,0.7,2.3,en,3,5
6c71db5b5,0.3,2.6,en,7,18
1f4871c30,0.0,1.0,en,6,15
a20d1e637,0.1,2.1,en,12,22
bc681e945,0.1,1.9,en,7,17
d96987111,0.0,2.3,en,6,9
b3f83cef6,0.0,0.5,en,4,7
fc9b4b692,0.0,1.1,en,7,9
172433b2f,0.1,0.1,en,1,2
9162433d5,0.0,0.0,en,1,1
c60a12958,0.3,2.3,en,7,17
7b858c084,0.5,1.6,en,3,3
3f5ec6144,0.1,1.9,en,6,19
553752e54,0.7,2.3,en,3,8
d2d48985e,0.2,0.2,en,1,4
1d6a1b32c,0.0,0.0,en,1,1
694653d6a,0.4,2.4,en,5,7
c1ed7562f,0.5,2.1,en,4,10
f024e91b9,0.0,0.4,en,4,7
84998166f,0.6,1.9,en,3,7
4a0d03a9f,0.2,1.1,en,4,8
5474cd2c2,0.0,0.0,en,1,2
34edfc9d5,0.6,2.5,en,4,7
0ac6fe826,0.4,1.6,en,4,15
146b9d6e7,0.1,0.7,zh,3,10
72c9986ac,0.0,0.1,en,2,2
c5aeec694,0.3,1.1,en,3,8
d41aa1c62,0.1,0.1,en,1,2
1b91e1082,0.1,7.0,en,21,43
acf9a72ca,0.1,0.2,en,2,5
311ee8343,-0.1,1.8,en,3,15
97cdcca1f,0.0,0.0,en,1,1
afe9d7dca,0.0,0.0,en,1,1
0fe58286d,0.2,1.6,en,4,11
5634cfd98,0.0,1.7,en,4,8
e4b90955c,0.2,0.2,en,1,2
f348564a5,0.1,0.1,en,1,3
26662f4f9,0.0,2.0,en,4,7
bfa54aa27,0.9,0.9,en,1,2
3517189ab,0.0,1.1,en,5,11
a8c19a325,0.0,5.3,en,15,30
71ef1c6c4,0.2,0.8,en,3,4
cff0d8c7b,0.4,3.2,en,7,15
deb43659b,0.1,0.1,en,1,1
0594ed847,0.1,1.4,en,3,9
8803fb1c2,0.3,3.3,en,6,11
9a7885841,0.7,1.5,en,2,3
fe2cc3feb,0.3,2.3,en,4,18
d7976886b,0.2,0.6,en,2,2
06adfc154,-0.1,1.3,en,4,15
b4b4969b2,0.1,0.9,en,4,5
1a47d1c94,0.5,1.1,en,2,4
b1b2aae50,0.4,1.9,en,4,9
a12bb119e,0.0,0.3,en,5,9
199f37bc2,0.1,1.3,en,2,6
e74dd0579,0.5,4.8,en,9,22
6f5eab89b,0.0,0.6,en,3,1
ea9d28227,0.0,1.5,en,3,8
e809f1cb5,0.2,2.9,en,10,17
dc7dad1da,0.0,0.8,en,3,6
cff311279,0.4,0.8,en,2,3
7993a02ee,0.3,1.2,en,3,4
a44b2389a,0.7,0.7,en,1,5
022b37ea0,0.1,1.4,en,4,8
4d43092e3,0.5,4.1,en,8,26
434a2904c,0.3,2.1,en,4,16
ddd7cc601,0.3,2.5,en,4,10
0910c13a3,0.1,0.1,en,1,1
1436092b4,0.6,1.8,en,3,8
026ebf139,0.0,1.6,en,2,5
fff4a6420,0.9,3.7,en,4,3
07cfb3380,0.7,2.8,en,4,5
ca4224e0b,0.7,2.3,en,3,5
9ef475fbe,0.2,2.8,en,4,9
51cdc726a,0.4,8.8,en,15,47
2d9bdbca9,0.3,0.7,en,2,4
26cd1c2ee,0.3,4.1,en,8,10
a05c489dc,0.0,7.3,en,12,38
fad982f0a,0.0,0.0,en,1,1
ce0294cec,0.2,5.8,en,13,25
de8b7400d,0.9,0.9,en,1,3
50fe7d515,0.0,3.5,en,5,14
0c47e700c,0.4,3.1,en,7,10
e2b5913e7,0.3,7.1,en,16,32
5b7ead040,0.8,1.6,en,2,5
5cbe99be7,0.2,2.3,en,8,30
1eeb50e8f,0.7,0.7,en,1,2
f67dcb4b3,0.3,3.7,en,7,11
c0574c31a,0.5,1.7,en,3,5
386e1a0fd,0.4,2.7,en,6,6
79ac40056,0.9,0.9,en,1,1
1c2f669f2,0.8,0.8,en,1,1
83703d7e0,0.3,0.9,en,3,5
afe19c37c,0.2,7.6,en,14,33
66fcb54d7,-0.1,1.8,en,8,12
78ad8f1a2,0.1,1.8,en,7,17
c38afccab,0.9,0.9,en,1,2
f3367a65d,0.0,0.0,en,1,1
f2b656028,0.2,0.4,en,2,5
26284d23a,0.2,3.2,en,7,11
01d646ea8,0.5,1.1,en,2,2
5a7207717,0.1,4.4,en,16,34
26edfaa28,0.3,2.0,en,3,12
a2656874e,0.2,1.2,en,3,8
bfab5f493,0.2,4.0,en,7,7
196f95fdb,0.1,2.3,en,7,10
358517d09,0.1,1.4,en,4,11
2fa8b64b1,0.0,2.8,en,5,6
daf1a8d08,-0.2,0.2,en,1,1
cc8401c02,0.0,0.1,en,3,3
ca7075738,0.0,0.0,en,1,2
c491ec026,0.0,1.6,en,7,15
07877aea7,0.5,1.7,en,3,15
db61b1f31,0.0,1.6,en,8,10
701c7e67e,0.5,1.0,en,2,3
6f3e4618d,0.2,5.2,en,17,21
a2ec6f8a8,0.3,1.7,en,5,8
7b9cc47f0,0.4,1.9,en,4,7
203e2bd3c,0.3,6.8,en,16,28
11db3b853,0.0,0.0,en,1,1
780dff088,0.7,5.8,en,8,12
702bee848,0.2,5.1,en,9,15
05f99fc56,0.7,2.1,en,3,9
d45562a98,0.2,2.6,en,6,11
cad25c91b,0.3,1.0,en,3,6
3cc9490b8,0.3,1.6,en,5,4
4a27c67eb,0.3,1.1,en,3,4
cda31e59d,-0.1,0.9,en,4,7
93eb14f37,0.8,0.8,en,1,3
37a11cc19,0.5,7.2,en,12,13
3bc84c4a9,0.2,2.8,en,6,9
0ff7245bd,0.6,1.3,en,2,5
0a30968a3,0.1,0.7,en,4,6
db2d1ccaf,0.6,5.1,en,8,22
5118055f4,0.4,0.9,en,2,3
de0a86ccf,0.3,5.6,en,14,31
8dea6d23b,0.1,1.7,en,3,11
485887f4c,0.5,6.6,en,12,25
1042ee67b,0.4,0.8,en,2,5
3161fe0f4,0.1,0.8,en,4,13
a5f82d04e,0.4,1.9,en,4,13
1a4d9f6e1,0.5,4.3,en,8,15
c7726d2a4,0.0,0.3,en,3,9
d3ac21f5d,0.0,1.0,en,6,8
cae004390,0.0,2.8,en,7,30
51226d067,0.3,0.3,en,1,2
915031b99,0.3,1.9,en,6,7
be579e6ed,0.5,2.7,en,5,14
44930f85a,0.8,0.8,en,1,0
21bebd773,0.0,1.3,en,7,18
36b7411f9,0.1,2.3,en,5,7
7f5e7cf4a,0.0,1.4,en,6,19
d04fbf327,0.1,0.4,en,4,11
e809de3b9,0.0,2.1,en,6,12
802b1f331,0.2,2.0,en,6,4
a6e25e889,0.1,1.7,en,4,12
dffa25e61,0.0,2.2,en,6,10
34f6111bf,-0.2,1.0,en,5,12
c63dc4adb,0.2,2.4,en,4,5
78cb569c6,0.4,0.9,en,2,4
5ed94ddc8,0.6,1.8,en,3,6
181c10e45,0.2,5.5,en,12,25
d7d1cf92c,0.2,3.0,en,8,23
baf60f1bb,0.5,2.7,en,5,6
2cd806c03,0.1,2.8,en,5,4
5074cf806,0.0,0.1,en,2,5
3de1d3794,0.1,0.1,en,1,2
485772d7e,0.0,0.0,en,1,0
3c7dd9982,-0.1,0.1,en,1,1
e6151d695,0.2,2.2,en,4,18
63cc8aa47,0.2,0.9,en,2,2
04a6267e4,0.1,0.7,en,6,10
d02baef01,0.5,2.6,en,5,8
711bebb99,0.4,0.9,en,2,3
b2876d101,0.8,0.8,en,1,1
a0fb6cd44,0.1,1.9,en,6,13
706c85343,0.3,0.7,en,2,3
eb307c1f0,0.2,2.5,en,5,10
1ad691ca4,0.3,2.2,en,4,7
249112486,0.0,0.6,en,5,8
c33220375,0.0,0.0,en,1,1
ab4ef2577,0.8,0.8,en,1,2
cca4ba626,0.3,1.3,en,3,4
bf0dd40e3,0.1,1.2,en,5,7
fc19f9c36,0.9,0.9,en,1,3
2a64c0560,0.0,1.0,en,6,18
e92ed29c2,0.2,5.7,en,22,29
09e64ce2b,0.2,0.5,en,2,2
69b2e9f3f,0.4,7.3,en,17,53
d66a55b13,0.1,0.9,en,3,3
a0c15424b,0.0,3.8,en,12,30
fadae6510,0.2,1.8,en,6,6
c272d9284,0.2,0.8,en,3,4
784ec5ba3,0.5,3.6,en,7,22
8dfe4da6a,0.0,2.5,en,7,20
9945b5ac5,0.2,4.7,en,11,30
a21b6c40a,0.0,0.0,en,1,3
8d6b89eff,0.5,2.0,en,4,18
75c84313d,0.2,0.8,en,3,11
d56fbda82,0.2,0.5,en,2,8
7a6bc9e55,0.0,1.5,en,7,8
079785984,0.5,3.0,en,5,8
f5a34370d,0.3,0.3,en,1,1
b59e875ed,0.5,3.2,en,6,10
f0a7a4dfb,0.1,0.3,en,2,2
ed14eb16e,0.2,1.3,en,4,5
c213bcac3,0.4,2.4,en,5,12
ec7952240,0.3,1.6,en,4,4
25c681109,0.1,2.3,en,6,2
843d24f0a,0.9,0.9,en,1,1
64dbb2214,0.3,4.2,en,7,19
292447561,0.3,3.1,en,6,16
1f64d3191,0.2,1.3,en,5,6
ba804d3fa,0.3,2.8,en,6,10
37fadf608,0.2,1.1,en,4,10
90e582b0c,0.6,3.8,en,6,17
f2708d814,0.3,1.3,en,4,8
8dfb61116,0.0,0.0,en,1,5
7f74af51f,0.5,2.9,en,4,4
c55f2f503,0.0,2.3,en,5,10
6f8ae496e,0.9,0.9,en,1,2
f7af4ce3d,0.4,1.7,en,3,5
da9d78f91,0.2,1.1,en,4,8
ad4a30fcb,0.1,1.3,en,3,7
9f533475e,0.0,0.0,en,1,1
b42873eb7,0.0,0.3,en,3,11
3712c63fd,-0.3,1.0,en,3,8
a700a780b,0.0,0.2,en,2,4
b5974bdd0,0.3,3.5,en,9,14
cfe285c5f,0.0,7.6,en,16,38
85188cb67,0.2,2.2,en,5,11
08d198666,-0.5,0.5,en,1,3
7ac66a1c2,0.3,1.1,en,3,12
b077aa9ee,0.2,0.8,en,4,7
548351895,0.3,1.9,en,5,5
61ac3c78c,0.9,0.9,en,1,0
1b0d28fab,0.9,0.9,en,1,3
527071e27,0.5,1.6,en,3,5
ef2ee6e9b,0.2,4.2,en,10,19
a6deb30e1,0.0,8.3,en,25,36
859b1b236,0.1,2.0,en,8,14
751412a89,0.3,3.9,en,8,14
42448336b,0.0,1.3,en,4,8
8f6a4a76a,0.5,1.0,en,2,5
d37de633e,0.3,0.8,en,2,5
fc710f1e8,0.3,3.1,en,7,14
55c827f51,0.0,0.2,en,3,4
6ab29b3d4,0.2,1.5,en,5,10
c0771fde0,0.0,0.0,en,1,1
063521459,0.3,1.1,en,3,4
1027c621c,0.1,0.1,en,1,0
3b178aa59,-0.1,0.4,en,2,1
1f9a15807,0.1,1.0,en,4,10
2e55bed12,0.0,0.0,en,1,1
c5b5d2650,0.2,0.8,en,2,6
948f580dd,0.3,2.7,en,6,7
e6335f2ee,0.2,1.4,en,6,5
076ec7e18,0.3,2.5,en,6,15
531452675,0.4,0.9,en,2,8
06c5ddbd6,0.5,4.1,en,8,9
dc371c173,0.3,2.2,en,7,22
12d48709c,0.3,0.6,en,2,4
0bc3f09be,0.0,2.3,en,10,20
5a3c85e3c,0.8,1.7,en,2,3
6819ce556,0.7,2.3,en,3,19
c3e1f5f86,0.0,0.4,en,2,4
a08030c6f,0.0,0.9,en,3,6
5b4a22c83,0.4,0.9,en,2,5
2716a01b4,0.3,1.1,en,3,5
3735485c1,0.1,0.1,en,1,2
f4a6e9cec,0.1,0.4,en,2,5
e470b6bd3,0.4,0.4,en,1,1
60923a60d,0.2,1.0,en,4,6
07638746f,0.2,5.1,en,13,24
151d50f53,0.1,1.1,en,6,11
bb714a80a,0.0,0.0,en,1,9
299e17017,0.0,0.0,en,2,4
2dfaf69b5,0.1,4.9,en,10,22
047c20d1a,-0.1,5.3,en,16,39
9a48cc316,0.6,4.3,en,6,25
59e7b5f52,0.9,0.9,en,1,4
32918fcdf,0.5,1.7,en,3,6
d2f3db726,0.1,0.3,en,2,4
85a0bad4f,0.1,0.1,en,1,2
89c980093,0.0,0.0,en,1,2
f8d3b2e51,0.3,2.0,en,4,10
26627b528,0.1,1.8,en,3,9
8dbbd91bb,0.1,1.0,en,5,4
8bf424910,0.6,3.2,en,5,12
bb4c6519d,0.0,0.0,en,1,2
ff7d25ffb,0.3,3.4,en,6,11
8e3b1dcd1,0.3,6.5,en,12,30
c96423707,0.8,0.8,en,1,3
fdbc1c567,0.2,3.4,en,7,17
591909a93,0.9,0.9,en,1,2
3c25f4969,0.5,2.8,en,5,3
9718baba0,0.0,3.2,en,6,20
edb154f1c,0.2,3.9,en,10,25
187b92014,0.1,2.6,en,7,19
f4d945501,0.0,8.1,en,18,40
8039a31ae,0.5,0.5,en,1,3
69a1bfaa9,0.3,1.6,en,4,14
7196383a7,0.2,1.5,en,6,10
8efcfe9c6,0.2,6.1,en,14,50
76a063a20,0.4,1.7,en,4,4
208843e22,0.2,1.0,en,4,4
f45171393,-0.1,0.9,en,3,6
c8f4a2877,0.5,1.7,en,3,11
5242038c7,0.1,0.8,en,4,13
92a173c59,0.4,2.4,en,5,3
7611934a0,0.1,1.1,en,5,13
bdeeb6fe2,0.1,2.6,en,7,23
3e0d923df,0.8,0.8,en,1,1
3dc98128b,0.1,0.1,en,1,6
5d168f0e6,0.0,0.0,en,1,1
1fd2f589f,0.0,1.2,en,4,14
8b0fa13e1,0.2,0.5,en,2,2
7b25498d6,0.5,1.7,en,3,16
bf90589d1,0.0,0.0,en,2,6
9a65d163b,0.9,0.9,en,1,1
4effbea00,0.3,9.9,en,18,70
5c1f1a317,0.0,0.8,en,3,3
3f53ec8cd,0.5,1.0,en,2,3
e8f7d9542,0.1,1.5,en,3,6
82137b39f,0.4,2.8,en,6,27
5776e3791,0.0,0.0,en,1,1
413489a34,0.1,0.1,en,1,2
83dff4077,0.8,2.5,en,3,5
a54202bba,0.2,1.2,en,4,7
50682d0f1,0.6,1.8,en,3,2
ea05e0a19,0.1,1.1,en,4,7
355743336,0.5,2.3,en,4,7
e5ea737ec,0.3,6.3,en,12,31
27b5a9db5,0.3,1.9,en,5,10
0a40d8c85,0.5,1.9,en,3,5
50e061767,0.5,1.0,en,2,2
6831a72fd,0.0,0.3,en,4,14
ea383096f,0.3,4.9,en,13,33
a6e902691,0.2,2.3,en,8,18
a29c12bef,0.8,1.6,en,2,4
eb6c692dc,0.9,0.9,en,1,1
7b9b65bde,0.3,2.6,en,6,15
edef78673,0.2,1.1,en,2,3
39fcd2ca4,0.5,2.7,en,5,9
3525855b3,0.9,0.9,en,1,3
50418fb29,0.1,3.3,en,7,14
54bbc1b84,0.1,2.9,en,7,21
6fc2970d6,0.4,2.7,en,6,9
ff8e7c016,0.4,1.6,en,3,5
cd4624a1a,0.6,1.2,en,2,5
75f574b0a,0.6,0.6,en,1,9
e2e7a93fe,0.4,1.9,en,4,15
05312ba72,0.4,2.4,en,5,12
f31cebfd0,0.0,0.2,en,3,3
afaadb62f,0.8,2.4,en,3,8
321c14446,0.5,2.7,en,5,16
0acd95320,0.5,2.2,en,4,9
75ee37fa5,0.4,2.2,en,5,7
9316ce78a,0.7,0.7,en,1,4
876dd37df,0.4,3.0,en,4,5
2cfbdd28a,0.2,0.5,en,2,2
36ea16468,0.2,6.8,en,18,42
d8519e771,0.2,1.0,en,4,6
f8e3f9ddf,0.5,1.7,en,3,15
deb0ad8cd,0.2,13.2,en,29,48
4fac67d06,0.0,0.0,en,1,1
55553842f,0.0,0.1,en,2,5
61f95d269,0.4,2.0,en,4,8
5bd541f6f,0.3,1.0,en,3,4
300c91d3a,0.0,0.0,en,1,1
a381e49c9,0.6,4.6,en,7,13
ff891d6b6,0.5,1.5,en,3,5
15937e540,0.1,7.5,en,18,34
487abc5e1,0.4,6.2,en,11,18
ff05d4438,0.6,1.8,en,3,10
3d9ee26e3,0.0,0.3,en,5,5
5e3dc5d76,0.0,0.0,en,1,2
2b1638a20,0.9,0.9,en,1,1
f5dc6f316,0.3,1.3,en,3,5
f1ceeda99,0.1,3.4,en,8,19
eff316e87,-0.2,0.2,en,1,3
7a87da606,0.6,0.6,en,1,3
97f683e04,-0.1,4.5,en,16,35
3f169c299,0.3,1.4,en,3,6
897fde926,0.2,3.7,en,8,15
f38727a35,0.5,3.1,en,5,11
f982548b8,0.6,1.9,en,3,6
b08012e7f,0.3,2.1,en,7,12
346c5abcd,0.3,10.1,en,22,56
9f88f23a4,0.8,0.8,en,1,4
7a7277559,0.1,6.9,en,21,44
3b15c42d3,0.3,2.0,en,5,9
4fcd7cfe0,0.1,0.2,en,2,3
b39f3f7ad,0.1,1.7,en,4,14
8100c2485,0.4,0.9,en,2,4
c4ff3b712,0.2,0.4,en,2,3
a3449e0d0,0.0,0.3,en,4,4
385b5b8fc,0.1,1.3,en,6,10
6c4520bd5,0.4,0.8,en,2,5
7e6385ded,0.1,1.9,en,7,21
d4c153877,0.3,2.9,en,5,9
16ff0c687,0.6,3.4,en,5,9
41ee5af3c,0.0,0.0,en,1,2
870d3b2aa,0.3,2.2,en,6,12
19caeb6b5,0.4,2.1,en,5,5
a25c1fe02,0.0,0.3,en,2,2
a04a67a2e,0.4,1.2,en,3,4
ab0609017,0.7,1.4,en,2,1
60aca92c5,0.5,3.6,en,7,9
29778124f,0.3,4.6,en,11,22
55ccb364d,0.3,3.5,en,8,19
2f0abd493,0.3,7.2,en,10,24
a86ec27e9,0.0,0.0,en,1,1
a59aa3f80,0.1,3.3,en,5,28
25f055b91,0.0,1.5,en,2,4
6436c1a59,0.3,2.2,en,6,14
8ef276c3b,0.0,1.6,en,2,5
24e800fa6,0.0,1.7,en,5,10
cb9eb954c,0.3,2.4,en,7,15
100aed9a3,0.1,0.1,en,1,1
9aa9d63f8,0.8,1.7,en,2,3
19abfb0c6,0.3,4.5,en,10,30
530b7bcec,0.5,6.2,en,12,25
7bce76c66,0.8,1.6,en,2,11
eb77ec282,0.3,2.8,en,5,14
2aac4b61a,0.2,3.1,en,9,16
b0e26c028,0.8,0.8,en,1,2
c421064dd,0.0,0.0,en,1,3
8ca64b428,0.5,1.7,en,3,7
4d6a996c1,0.4,0.8,en,2,3
72d68bbd0,0.0,0.0,en,1,1
e29fd3f0a,0.8,1.7,en,2,2
703f38466,0.1,2.5,en,7,17
fc9cf8b8d,0.9,0.9,en,1,3
284be445a,0.2,0.8,en,3,4
576f4893f,0.0,2.9,en,7,21
01a7b719c,0.1,1.1,en,2,1
b38e94f39,0.0,2.0,en,6,13
dcecf2ba5,0.0,0.0,en,1,2
bda912e4e,-0.1,2.3,en,4,8
85ed50b25,0.5,5.1,en,9,15
e5cf352b2,0.0,1.1,en,5,19
d50a1665e,0.1,5.6,en,12,25
8ca443ef0,0.3,1.3,en,4,4
27cede3cf,0.5,0.5,en,1,1
71f895aa2,0.0,0.3,en,3,6
4128e8e80,0.0,0.0,en,1,1
29edf6e20,0.3,0.3,en,1,2
97a80f8b3,0.2,1.1,en,3,4
3b0b2a86a,0.5,1.5,en,3,7
363e8df66,0.0,0.8,en,7,13
dcd93c794,0.7,0.7,en,1,1
021c24928,0.3,1.2,en,3,4
7564c7b62,0.4,3.1,en,6,12
359dd0b52,0.1,1.7,en,2,6
ae9a09ad6,0.0,0.0,en,1,4
b5521c7e1,0.6,1.2,en,2,3
8910ea0f4,0.5,1.8,en,3,4
9b2316d19,0.6,5.2,en,8,10
322b32801,0.4,1.3,en,3,4
1db76bd72,0.3,4.0,en,8,15
75bfbc825,0.2,2.9,en,7,18
f68a56b90,0.2,2.2,en,7,17
77c9c2e64,0.2,8.8,en,19,55
02c40b53c,0.0,0.0,en,1,1
08a9b6f29,0.3,0.6,en,2,4
07b2296d7,0.4,0.9,en,2,5
1adb69797,0.4,1.2,en,3,3
cf78e66fd,0.3,7.6,en,17,52
8599dc67a,0.2,1.4,en,3,19
99c110585,0.3,0.3,en,1,23
448770499,0.1,6.2,en,26,44
f9a3f579a,0.3,1.8,en,5,6
8bdffc917,0.2,1.6,en,6,13
d2fa0b0df,0.0,1.4,en,2,4
7c5a912a5,0.2,1.5,en,3,8
25e0e0edf,0.1,0.3,en,2,4
86d02f6a8,0.9,0.9,en,1,2
d81afce4f,0.1,0.7,en,5,8
525947b88,0.5,0.5,en,1,7
1b3492bde,0.2,0.7,en,3,2
8fcdf3368,0.0,0.0,en,1,1
9295d02bd,0.0,1.0,en,8,13
aee1ad5e4,0.3,1.5,en,5,8
92fae4396,0.2,1.1,en,3,7
93ae9be69,0.0,0.0,en,1,7
4d6350e54,0.1,3.1,en,14,33
0f258665b,0.5,1.6,en,3,12
b5fcc079e,0.1,4.3,en,16,37
303ecdb58,0.1,6.8,en,21,49
bfed6fcaa,0.0,1.6,en,10,16
092418816,0.0,0.2,en,3,7
ab293b191,0.3,1.0,en,2,8
a6b5ed0f7,0.3,2.4,en,5,14
6381b1706,0.0,1.3,en,5,8
e44bb666d,-0.3,1.2,en,3,9
89dd8e9e9,0.1,4.1,en,6,14
5b1528841,0.0,0.4,en,3,7
3f3962d65,0.2,10.3,en,22,74
99cbd42dc,0.9,0.9,en,1,0
e9e4424a6,0.4,4.1,en,8,26
0ab4214b4,0.3,3.6,en,9,20
683f1dfd8,0.3,1.2,en,4,5
84ce5f32b,0.2,1.9,en,5,24
d1be4f433,0.0,0.1,en,2,9
b49012dd4,0.0,0.0,en,1,1
7117c4553,0.0,1.5,en,4,9
557f3e130,0.9,0.9,en,1,1
0850d4334,0.3,0.6,en,2,3
26bba34a6,0.3,2.3,en,7,12
f91ffd577,0.2,0.8,en,3,11
686b90dfc,0.1,0.1,en,1,1
82dd5838f,0.0,4.2,en,9,21
58a414b45,0.7,0.7,en,1,5
f69bd4b27,0.2,2.2,en,9,7
c7b468b32,0.0,0.0,en,1,0
1b89f5335,0.2,0.4,en,2,2
e50174698,0.2,9.4,en,22,40
f5bbf322d,0.2,2.7,en,6,20
a6da4c5df,0.1,1.4,en,6,13
9af8f154b,0.5,1.0,en,2,2
b6f77d754,0.3,1.9,en,6,7
c2deaf1e4,0.6,2.4,en,4,10
dea0253b6,0.3,4.1,en,7,11
628fd5227,0.4,3.6,en,6,7
52e6abd35,0.5,0.5,en,1,0
63647ce22,0.6,3.2,en,5,15
40b31be60,0.0,0.0,en,1,1
4d09e065d,0.0,0.0,en,1,1
98e211da3,0.2,1.8,en,5,10
a144cca8c,0.1,2.0,en,4,14
1c59513dd,-0.9,0.9,en,1,5
60b188249,0.6,3.8,en,6,7
16002dd9b,0.9,0.9,en,1,3
e3fb26abc,0.8,2.6,en,3,1
c68bc0253,0.3,1.3,en,3,4
e8a1f3d1b,0.3,0.7,en,2,3
9180e09cb,0.5,2.1,en,4,6
f665c5189,0.3,4.6,en,10,26
bbd0c8f36,0.8,0.8,en,1,1
2405c5660,0.0,3.7,en,9,14
49ad94a6a,0.5,2.5,en,5,16
aa03b987e,0.1,1.2,en,5,6
c31714ab2,0.4,4.2,en,8,23
fc7b01af6,0.0,7.9,en,19,26
c49480455,0.4,4.7,en,10,15
0c3cb3d44,0.7,1.4,en,2,2
10fa4505d,0.9,2.7,en,3,11
92bf36222,0.3,4.4,en,9,20
ea2542b58,0.1,0.4,en,2,6
bac8c1a73,0.5,2.0,en,4,9
d7454afee,0.0,1.6,en,5,11
d83aa1f02,0.0,3.6,en,15,21
b147d1870,-0.1,3.2,en,7,15
ae518aff9,0.2,0.5,en,2,2
01ba86830,-0.2,0.2,en,1,6
7988bce47,0.2,0.5,en,2,2
f4cf82def,0.3,2.6,zh,6,18
7e3607e1f,0.0,0.0,en,2,9
470e49e41,0.2,4.4,en,8,59
f7b67fd7f,0.0,0.0,en,1,1
cf1b1b824,0.2,0.5,en,2,4
5e10e3f87,0.6,2.6,en,4,6
9b9976e20,0.2,0.9,en,3,10
1246bed4f,0.3,0.3,en,1,1
e2fbb0332,0.3,2.1,en,3,4
8ece5f3ba,0.5,0.5,en,1,5
64568c4a6,0.3,2.5,en,4,6
039509c40,0.2,0.9,en,4,15
382e4bddd,0.3,0.3,en,1,2
d302ad015,0.4,2.4,en,5,8
c8c7ef646,0.3,2.3,en,7,10
7727b4dae,0.4,0.4,en,1,2
1a1283447,0.3,6.8,en,11,34
d6b97e7ca,0.8,2.6,en,3,4
dd79180bc,0.1,1.1,en,5,13
d50b449f0,-0.1,1.7,en,6,12
c30f7cde0,0.7,2.3,en,3,9
f555570eb,0.2,3.0,en,8,9
a3d4585c2,0.0,0.0,en,1,2
de813940a,0.3,5.2,zh,11,17
3f834da3b,0.4,0.9,en,2,3
43c661026,0.4,1.4,en,3,9
08d17d82a,0.0,2.7,en,11,30
28e86bb13,0.3,2.8,en,8,18
658e4415a,0.1,1.6,en,7,8
ef0b07c6b,0.6,1.2,en,2,1
bba70dd12,0.0,0.2,en,3,7
44175f75c,0.4,1.3,en,3,7
8988d22a5,0.5,2.0,en,4,3
a63364c39,0.2,5.4,en,13,34
fcae5bea5,0.4,1.9,en,4,5
bed5b657b,0.5,2.8,en,5,10
8010a808c,0.2,4.1,en,9,14
e9e82ad8f,0.2,1.0,en,4,8
16ffedcf8,0.0,10.5,en,20,40
619d6fdf8,0.3,3.5,en,9,19
6326958d4,0.0,5.4,en,18,30
4eb61ccb3,0.0,1.6,en,7,31
889ae00e3,0.9,0.9,en,1,3
49fac4dc6,0.3,1.5,en,5,14
1dbcdd322,0.1,2.2,en,6,19
7a12a494f,0.2,1.2,en,6,6
a4b96c3f3,0.5,4.7,en,9,27
4133efff0,0.3,1.2,en,3,4
efda64fa5,0.1,0.8,en,5,5
3711579ed,0.1,0.5,en,3,9
c5af48975,0.4,2.7,en,5,7
fb89569d8,0.1,1.6,en,8,26
137916924,0.2,2.2,en,3,6
279a5187c,0.9,0.9,en,1,2
15b5da7f8,0.5,2.3,en,4,9
28d20bc71,-0.4,0.4,en,1,3
b2c120250,0.5,4.1,en,8,16
3a8f24615,0.9,0.9,en,1,0
41e4cc1de,0.1,1.6,en,9,20
0eba510fc,0.4,3.0,en,6,12
9b09114c4,0.9,0.9,en,1,7
fbc6507e7,0.1,0.1,en,1,2
506fa1d6e,0.3,0.7,en,2,12
9deb1340f,0.0,1.2,en,5,9
66ac9f1b7,0.4,0.9,en,2,4
7a23bdbdc,0.1,0.1,en,1,2
b256f479c,0.5,3.7,en,7,9
1c6aa4b33,0.3,8.1,en,17,35
672ddf4a9,0.6,3.3,en,5,12
8b0310013,0.0,0.0,en,1,1
994450113,0.8,1.7,en,2,5
4175a27e1,0.5,2.5,en,5,9
814740bc3,0.0,0.0,en,1,2
09b5921e9,0.0,1.1,en,6,13
9b93196dd,0.9,0.9,en,1,0
5b4745340,0.1,4.6,en,14,22
8bc346340,0.1,1.8,en,6,6
1e72112bc,0.1,1.6,en,4,4
4eb9c5991,0.8,1.7,en,2,6
cb41cd1c5,-0.1,0.1,en,1,4
b497fb8eb,0.1,3.3,en,12,18
167233db2,0.0,0.0,en,1,1
6ee8964b0,0.1,1.6,en,4,6
8a3bb842e,0.4,1.2,en,3,3
72626612c,0.2,0.4,en,2,8
616e51d8c,0.1,0.7,en,4,6
56d7f894f,0.5,2.4,en,4,13
cf66d011e,0.8,1.7,en,2,3
f3db279d0,0.2,0.9,en,3,4
05dc47bda,0.4,2.2,en,4,7
3828225de,0.2,6.9,en,19,58
e156e8aa0,-0.5,0.5,en,1,3
e7b201da2,0.4,1.9,en,3,6
2533f425e,0.7,3.1,en,4,8
0306e85dd,0.8,0.8,en,1,4
755abaa79,0.4,1.5,en,3,4
7eb0b42b1,0.1,1.5,en,5,3
b0c159af4,0.1,0.5,en,4,7
b31045c50,0.0,2.2,en,6,9
351d1e748,0.0,0.0,en,1,1
a9e4d6df7,0.3,1.0,en,2,4
0c862b8a3,0.4,0.4,en,1,0
03a694927,0.7,2.3,en,3,4
8e8779496,0.0,0.2,en,2,5
d18d572dd,0.9,0.9,en,1,0
3afe6f1fc,0.4,2.5,en,5,8
11b9089f7,0.2,0.2,en,1,2
991c722c1,0.0,0.4,en,2,8
018188075,0.2,1.2,en,4,8
a64ca36ca,0.5,4.7,en,8,25
1f72d4b56,0.0,0.0,en,1,1
053d121b8,0.3,1.7,en,5,9
1a8215249,0.7,1.4,en,2,4
0fe419dc3,-0.6,0.6,en,1,2
47aacf137,0.6,3.8,en,6,14
a823f714b,0.6,1.3,en,2,5
62887c0ea,0.4,4.8,en,8,14
8b17616d3,0.4,2.1,en,5,8
f57efd0b9,0.1,0.1,en,1,3
351f3746c,-0.7,0.7,en,1,27
ac8229264,0.3,4.7,en,10,22
9ef3d0eec,0.0,3.0,en,8,9
4199f1957,0.0,0.0,en,1,2
71a92867d,0.2,2.8,en,10,16
8dd8e4a4f,0.3,2.4,en,5,10
5071e525c,0.2,3.9,en,11,20
94dc20e92,0.0,4.4,en,8,22
9dfcbe364,0.3,0.6,en,2,5
f780d04ae,0.3,1.2,en,3,4
3de6bc035,0.6,0.6,en,1,0
b9f90bdfe,0.1,4.2,en,9,19
ba13c272f,0.0,0.0,en,1,1
a4385e043,0.5,1.0,en,2,7
3639e2409,0.1,0.1,en,1,3
f2f8980cd,0.2,0.2,en,1,1
132a28bc9,0.1,0.2,en,2,1
0e922caab,0.2,3.8,en,10,13
7fab3c124,0.4,1.6,en,4,3
8facdc86a,0.4,2.6,en,6,20
4f75e3aa2,0.4,5.2,en,9,14
9a9707c98,0.8,1.6,en,2,2
2ebb5aa64,0.8,2.4,en,3,8
a83683f66,0.1,2.6,en,7,11
79420447a,0.6,6.3,en,10,19
f08275fdc,0.3,1.5,en,4,4
3185aa328,0.4,1.9,en,4,8
79786edcd,0.1,0.1,en,1,2
529025eb8,0.2,1.1,en,4,8
9d513f46a,0.2,2.4,en,8,15
3ff737b0e,0.0,0.0,en,1,1
b15d56540,0.0,0.0,en,1,1
2c46efe8f,0.2,1.7,en,6,7
13469fc6a,0.0,1.7,en,6,15
dcdefed1a,0.0,0.0,en,1,1
2ff9e9534,0.3,1.7,en,4,7
5d1fa8ddf,0.1,1.7,en,6,9
577de26db,-0.9,0.9,en,1,7
1d1c1d51d,0.0,2.1,en,3,5
e58dd05c8,0.0,0.5,en,4,4
e456bf863,0.1,3.2,en,7,12
f8d16f3ef,0.4,3.3,en,7,9
1bd13d3e5,0.2,1.2,en,5,8
f653550ac,0.2,3.2,zh,8,34
45c718348,0.5,0.5,en,1,6
3332eb59c,0.4,1.3,en,3,4
c84e9ae78,0.0,0.2,en,2,4
c45e47c4c,0.2,2.8,en,6,17
f9d07d5fa,0.3,1.0,en,3,15
86bf33207,0.4,0.4,en,1,3
29c50ee9a,-0.2,0.6,en,3,7
f8b975c1f,0.4,1.7,en,4,7
4892ceb8d,0.3,6.9,en,16,60
410490c8d,0.4,0.9,en,2,3
98c17f102,0.2,2.6,en,11,15
ddb881657,0.1,0.1,en,1,1
d4c6c89ab,0.0,0.2,en,3,7
5287fead8,0.0,3.0,en,4,13
2dea0707b,0.3,0.3,en,1,4
b7006ed96,0.5,1.5,en,3,7
c239d1834,0.2,1.7,en,6,8
d3bafdff5,0.0,0.0,en,1,2
bfc46890f,0.3,1.5,en,4,8
d765ae877,0.9,0.9,en,1,5
bb0dddcf2,0.4,1.3,en,3,5
7d3dd49c5,0.9,0.9,en,1,3
d02feb234,0.9,1.8,en,2,3
c42e5a129,0.5,1.5,en,3,4
17880e117,0.3,4.6,en,7,15
a0825ad18,0.4,2.7,en,5,6
b7fcfa1e6,0.1,1.9,en,5,12
e1d1b893a,0.5,3.6,en,7,16
7ba9cb4a0,0.2,1.1,en,4,11
2b0b80ef6,0.5,1.1,en,2,3
af9325798,0.0,5.9,en,14,32
31b7a54b6,0.9,0.9,en,1,18
a09a76aba,0.3,2.1,en,4,15
b1170cc46,0.2,0.8,en,3,4
2b6e5343e,0.3,2.8,en,4,4
b041aab9f,0.7,1.5,en,2,2
f5f1ea56c,0.6,7.9,en,12,23
b9c0de515,0.0,1.5,en,4,10
117059fe3,-0.3,1.7,en,4,13
888c22eb5,-0.1,0.8,en,5,11
7f33563b9,0.1,3.0,en,6,16
2f260b3da,0.0,5.5,en,15,27
965b31ba7,0.0,0.0,en,1,2
1f6dc1747,0.3,2.4,en,6,29
b65fd06e2,0.3,2.6,en,7,10
29d752f7f,0.5,4.7,en,5,16
e5bb33a17,0.3,3.0,en,5,9
a5f576bb1,0.1,4.4,en,11,26
77e679018,0.2,2.5,en,4,12
98686f3bc,0.4,1.4,en,3,9
839404d8c,0.3,6.0,en,10,23
c565589a8,0.0,0.0,en,1,1
df706fd55,0.1,1.2,en,2,7
69f986aaf,0.3,1.2,en,3,4
0e6b24bc4,0.2,0.2,en,1,12
5e5038eb5,0.9,2.7,en,3,5
afb230f5a,0.3,8.4,en,20,47
b90e6ec69,0.4,3.9,en,8,15
172d395a5,0.0,0.0,en,1,1
d7282183b,0.4,2.6,en,5,8
252b8d395,-0.1,1.9,en,6,21
0cc3e27b5,0.2,5.3,en,11,19
644d07ccb,0.0,0.0,en,2,4
564356241,0.4,0.9,en,2,10
71eda06c6,0.0,0.0,en,1,1
b3b26191c,0.3,4.7,en,12,22
ec0fd1a7e,0.9,0.9,en,1,0
add3c45c6,0.0,0.0,en,1,1
ce0e8f18f,0.0,0.7,en,5,12
f2eb9530d,0.4,2.8,en,6,8
1e140177f,0.3,2.3,en,6,10
01c3c09df,0.2,2.3,en,6,10
a05674125,0.0,0.0,en,1,4
ea6129e3d,0.0,0.0,en,2,4
f5768c4e2,0.3,1.1,en,3,7
a5bed2b62,0.3,2.0,en,5,6
ecafbb542,0.4,3.9,en,8,14
01e4020da,0.0,2.1,en,7,14
9493ee8ee,0.2,0.6,en,3,10
fa73b1181,0.0,1.8,en,2,13
ab87287a4,0.6,3.0,en,5,8
97dc6aa32,0.4,1.3,en,3,5
1e753137d,0.9,2.7,en,3,5
fb8efea32,0.4,3.3,en,7,10
5bd0c6dc7,0.1,1.4,en,3,3
10b9af23d,0.4,1.3,en,3,2
560d2b399,0.3,2.0,en,5,11
c83fe0079,-0.2,0.7,en,3,4
60f317698,0.0,0.5,en,3,10
db8a8df8a,0.5,2.1,en,4,12
d8727d356,0.2,1.5,en,3,9
e7c1eb9ec,0.3,2.1,en,5,9
1bff3e46f,0.9,0.9,en,1,2
115d6458f,0.0,16.8,en,47,78
b3a19b9dd,0.0,0.1,en,2,4
9c8209bae,0.6,2.0,en,3,5
60bc5ce92,0.1,5.2,en,9,34
0e6c32c9f,0.0,2.8,en,6,17
355048bb7,0.9,1.8,en,2,0
98c36e1bc,-0.1,0.8,en,3,12
c59fe4bcd,0.3,5.1,en,10,57
8a0cfdd56,-0.3,0.3,en,1,0
73a25206b,0.6,3.2,en,5,10
1d911bffb,0.1,1.9,en,5,36
a19305a1a,0.8,6.4,en,8,28
75f94bea0,0.6,1.3,en,2,2
efb36dced,0.2,2.2,en,5,14
e03ec2a98,0.7,2.8,en,4,6
e66a993a5,0.1,1.0,en,5,13
bd5ac00df,0.1,1.9,en,5,15
bcf546cb8,0.4,1.7,en,4,11
23c8c5957,0.1,2.3,en,5,14
4c26cf05d,0.5,1.0,en,2,4
f980544af,0.0,0.0,en,2,3
6b446b436,0.2,2.9,en,8,11
115299f16,0.0,0.0,en,1,1
ae17429ae,0.9,0.9,en,1,9
1acab1703,0.6,2.5,en,4,6
4a66f74ff,0.0,0.9,en,2,7
caaf719c3,0.2,1.3,en,4,5
428877021,0.4,0.9,en,2,4
064425a21,-0.1,2.1,en,3,11
e4ece4eca,0.3,1.3,en,5,3
a5b9343c3,0.4,6.3,en,13,35
1ba488d80,0.0,0.0,en,1,1
ed7cde89e,0.6,1.3,en,2,3
747c82f83,0.6,1.9,en,3,10
8a615bfca,0.2,2.4,en,4,8
f8710e158,0.2,4.8,en,11,25
1ffe668f9,0.3,4.2,en,10,12
bbd704c14,0.1,0.1,en,1,1
b0dc1d4f0,0.1,0.8,en,4,13
036e015d2,0.2,1.4,en,6,6
04a555b91,0.0,0.0,en,1,3
7cd5e5195,0.3,4.1,en,8,9
070014779,0.1,1.6,en,3,7
1e2cca514,0.9,0.9,en,1,4
4cc70e613,0.0,1.6,en,2,5
c82705cf4,-0.2,0.2,en,1,6
365f29337,0.5,2.2,en,4,10
541400630,0.9,0.9,en,1,1
573f877f8,0.2,2.1,en,6,20
e8f6ede8c,0.3,0.7,en,2,6
059baa037,0.1,0.3,en,3,7
4b9f45715,0.5,2.1,en,4,9
dcf2641f2,0.5,5.6,en,9,23
f393a9d26,0.9,0.9,en,1,4
d4c9eaede,0.9,2.8,en,3,5
092c46fdd,0.4,1.4,en,3,2
0c28877b7,0.0,0.5,en,4,11
dd5797b7f,0.4,3.7,en,7,15
27e6b452b,-0.1,0.9,en,4,16
44d722701,0.3,2.1,en,4,7
869a1634e,0.4,1.9,en,4,15
ccd20906b,0.0,0.0,en,1,2
05ab54e3c,0.1,0.9,en,5,10
c8779a4a1,0.2,2.1,en,5,5
58ef3eec9,0.1,0.1,en,1,2
3dae967f1,0.1,1.8,en,5,34
bd6528981,0.6,2.5,en,4,11
cf2e67122,0.3,2.3,en,6,7
1cea0ad08,0.1,2.9,en,6,12
215903d75,0.6,1.8,en,3,5
5bee46079,0.3,0.6,en,2,5
533916bd6,0.3,2.1,en,6,8
4a6fea502,0.0,1.9,en,2,4
03f0fc32f,0.5,4.0,en,6,13
117fb58c9,0.2,3.8,en,14,41
24737dbd5,0.6,1.2,en,2,3
7adf54516,0.0,14.6,en,42,88
1b5dbc3cf,0.0,0.3,en,2,2
75642f3e5,0.3,5.1,en,10,13
c517992c8,0.2,3.7,en,7,14
21d79f603,0.2,2.6,en,7,13
8526200d3,0.0,0.0,en,1,2
8aeff9ad9,0.1,1.0,en,3,7
74a9b9a9e,0.1,0.1,en,1,5
a8e6ad61c,0.6,3.8,en,6,17
3e6d8a2c9,0.6,4.6,en,7,14
e1a2d9477,0.5,4.3,en,8,6
b00ce0fd0,0.2,2.0,en,6,13
8b12f497f,0.1,1.8,en,8,15
0e4ef28c9,0.9,0.9,en,1,1
945a7a8dd,-0.1,2.9,en,6,15
7986a1870,0.6,3.2,en,5,8
06bf9e676,0.3,0.3,en,1,1
e3d10f7cc,0.0,4.1,en,6,9
59f4e3255,0.0,4.0,en,8,26
adbce8472,0.0,0.0,en,1,2
7c17de5f6,0.3,1.2,en,3,4
191660250,0.9,0.9,en,1,3
0aa767c04,0.7,1.4,en,2,3
6caab3194,0.2,2.7,en,8,10
727a1c793,0.4,3.6,en,8,10
a118d66aa,0.5,2.8,en,5,14
c3b05e0f0,0.6,1.2,en,2,3
077001793,0.3,4.5,en,7,15
1fb9fdf7f,0.0,0.0,en,1,1
c32ecd5bf,0.6,3.6,en,6,11
62b9cb163,0.3,2.3,en,5,8
9f2948e8e,0.1,0.8,en,4,5
3bcc3be83,0.3,3.2,en,8,19
1b3dcf712,0.3,1.9,en,5,13
056437112,0.4,0.8,en,2,5
a24bb77d1,0.2,1.0,en,2,2
1dcb1fe2f,0.7,0.7,en,1,3
2196b0156,0.1,3.5,en,9,22
5fb30c1f8,0.7,0.7,en,1,7
f0f9efd52,0.3,4.6,en,11,23
8e77d52ad,0.2,1.4,en,4,10
816112569,0.1,1.8,en,8,43
e0f46aa3e,0.1,1.4,en,8,8
bddc0b2c7,0.0,2.2,en,5,8
bc9036716,-0.2,7.3,en,22,39
75e343c91,0.3,5.0,en,6,10
62613fb88,0.0,0.5,en,2,7
3a050484c,0.0,1.4,en,7,29
18810b958,0.8,1.6,en,2,7
ea3de2587,0.3,1.3,en,3,4
e5155cda1,0.0,0.5,en,4,7
dc2354851,0.7,1.4,en,2,0
1fba191e3,0.6,0.6,en,1,8
de01d00eb,0.2,1.4,en,5,3
b3ff03304,0.4,5.6,en,8,21
895d8c870,0.3,2.7,en,7,14
f94991b4c,0.1,2.8,en,8,16
2e85b81d7,0.4,1.2,en,3,4
878e36da4,0.9,0.9,en,1,2
628f11673,0.1,0.5,en,4,11
22c2f101e,0.2,0.9,en,4,6
c58018973,0.4,0.8,en,2,1
e152df77a,0.7,1.5,en,2,3
809ca8efd,-0.3,0.3,en,1,18
1cc66d907,0.1,2.9,en,6,11
8c17f26c4,0.4,0.9,en,2,5
8cb5fc48e,0.0,3.3,en,9,16
704502836,0.0,0.0,en,1,2
5a12ecdfc,0.1,0.1,en,1,3
f03b04b1e,0.8,0.8,en,1,0
58e2cf3d9,0.9,0.9,en,1,10
d0b98e001,0.2,1.2,en,3,10
7d4f585b5,-0.1,2.0,en,8,17
b7c0b9180,0.9,0.9,en,1,1
ca659fd81,0.1,0.1,en,1,0
bd263a880,0.3,0.7,en,2,5
43d31be6c,0.1,6.8,en,22,40
19bdaed52,0.1,1.3,en,2,7
962c84aa9,0.3,16.4,en,36,94
56f7b3216,0.3,1.0,en,3,4
e9e9c9efe,0.0,2.3,en,7,8
858854bb5,0.2,2.7,en,6,13
308034707,0.1,0.1,en,1,2
32f97388e,0.0,1.6,en,7,21
04b5f77c0,-0.2,0.2,en,1,1
a1686cafa,0.2,2.6,en,5,9
3a0ebb3d1,0.0,0.7,en,2,3
fce854722,-0.1,1.3,en,3,8
500fdf3b1,0.6,3.7,en,6,8
8483b2161,0.2,2.9,en,7,23
c45a57747,0.6,1.8,en,3,4
c3b94defa,0.3,0.7,en,2,5
d0956e39e,0.0,2.6,en,7,24
d2dd7e8c2,0.1,0.7,en,3,9
f5e35ea02,0.7,3.6,en,5,21
09a024035,0.1,0.4,en,2,6
70f92bae8,0.3,3.3,en,6,17
d2b59ecaa,0.1,1.1,en,4,9
0627105f6,0.4,2.9,en,7,16
243f7f43e,0.1,8.4,en,15,37
bdf00be34,0.1,2.6,en,7,7
1b9b55f0b,0.3,3.1,en,6,8
56b63bfb3,0.7,1.4,en,2,4
74ca92e79,0.3,1.4,en,3,4
2bcab4c4e,0.3,0.7,en,2,1
e282d2bdf,0.9,0.9,en,1,2
0e88c1c1c,0.4,1.7,en,4,6
c55e9baaf,0.5,4.5,en,6,8
7f6cdf26b,0.3,3.0,en,6,13
8ccda6476,0.3,10.3,en,21,42
be0635ef2,0.7,4.3,en,6,14
ac8fa1b6c,0.3,1.5,en,4,11
b9086e44f,0.2,2.9,en,5,13
00a1a8af4,0.6,1.9,en,3,8
ff85f13d7,0.4,5.7,en,11,20
8a38740d1,0.0,0.0,en,1,2
b12fb6709,-0.2,1.9,en,4,14
d76e9dedd,0.1,3.5,en,11,32
c1f4af354,0.2,0.2,en,1,5
09c7b610e,0.4,3.5,en,8,11
502d58dea,0.0,2.3,en,5,28
fc63194d1,0.2,9.3,zh,20,37
b9cb2f0fd,0.2,1.2,en,4,11
829ea64cc,0.3,4.1,en,8,18
21cc6a743,0.0,13.2,zh,25,81
c32eb7405,0.1,4.8,en,10,21
ec182ebc4,-0.2,1.7,en,7,16
230d5d85c,0.4,2.7,en,6,11
fe854f6a1,0.6,4.2,en,6,7
39444f259,0.2,1.3,en,3,6
1b871dbaa,0.4,4.4,en,10,44
5ffd4e822,0.2,3.3,en,9,23
6aee1d8da,0.4,0.9,en,2,4
befafd8d3,0.0,0.0,en,1,5
0a6b9433e,0.0,0.4,en,5,6
2d304409b,0.2,1.2,en,2,6
b37d04bd6,0.3,1.4,en,4,2
d3b4b6a8a,0.2,0.8,en,4,9
abfcb22bc,0.0,5.1,en,16,30
4212729be,0.1,0.3,en,3,7
df26f1098,0.5,3.4,en,6,15
804e56f9b,0.9,0.9,en,1,1
4446dde7e,0.5,3.4,en,5,21
3c2a1ed3b,0.4,2.9,en,4,10
b78b30c18,0.2,1.9,en,6,9
9f40dbc58,0.5,2.1,en,4,9
38470b3c1,0.4,3.0,en,6,17
1cd970978,0.0,0.8,en,6,12
f26f1acb2,0.0,2.0,en,4,9
a1543decd,0.3,1.2,en,3,11
fe5dc391c,0.2,2.1,en,7,8
e5962e049,0.2,4.8,en,14,41
ecaf2b938,0.0,0.0,en,1,2
cc463360a,0.4,5.9,en,12,22
7650ed0f0,0.6,1.8,en,3,7
4a1702099,0.2,0.2,en,1,1
5955c1678,0.6,0.6,en,1,2
5f79b840f,0.1,3.1,en,8,13
6276a846c,0.1,2.0,en,6,20
a996f1370,0.8,0.8,en,1,2
e5317b212,0.2,1.3,en,5,13
6c5fb38d4,0.1,1.2,en,5,12
42b4b0024,0.5,2.0,en,4,6
3ae51e685,0.4,1.4,en,3,5
f017041ca,0.1,1.7,en,5,14
8140d2734,0.5,2.0,en,4,3
b2d7d59c9,0.8,0.8,en,1,1
805dcae38,0.8,1.6,en,2,4
b09fa9385,0.4,1.2,en,3,3
36681d1d5,0.5,3.1,en,6,11
76017363e,0.0,0.0,en,1,0
f6549ffdd,0.8,0.8,en,1,1
e21d09b79,0.4,0.9,en,2,4
e128e9022,0.1,0.1,en,1,9
679e98b95,0.6,2.5,en,4,9
1c4f5efa8,0.4,1.9,en,4,8
cac68ead1,0.0,0.0,en,1,2
a804fded8,0.9,0.9,en,1,2
3d011c364,0.2,2.7,en,4,10
05fadeacd,0.3,0.3,en,1,17
2c9f807c1,0.5,1.1,en,2,4
aafb75ee8,0.4,0.9,en,2,3
4756b380a,0.1,2.7,en,6,14
5a089c77f,0.5,4.1,en,8,6
375a0eb3c,0.4,2.1,en,5,7
096c37d99,0.4,3.1,en,7,22
4f23f9105,0.4,0.9,en,2,7
24993107f,0.2,3.3,en,6,15
eda903960,0.1,1.5,en,5,10
5f986901c,0.2,1.4,en,5,5
4a8dc3644,0.4,7.5,en,13,35
63e2cb92e,0.8,0.8,en,1,4
8f2daa8e3,0.3,6.7,en,17,47
c0d50b9f1,0.3,3.7,en,8,13
f447d931c,0.9,0.9,en,1,7
6df28d790,-0.8,0.8,en,1,2
a0f88616c,0.0,1.7,en,3,5
476d40031,0.3,1.2,en,3,4
9cfe96818,0.1,2.9,en,6,15
1c07c6ee5,0.0,0.2,en,3,7
b690774cb,0.4,0.9,en,2,2
267162afd,0.6,1.3,en,2,1
777f82721,0.0,0.0,en,1,0
14e788800,0.1,0.3,en,2,4
79d5a2615,0.5,1.0,en,2,5
99a9c9a23,0.8,1.6,en,2,3
91acbbf47,0.9,0.9,en,1,1
2d7b61eb5,0.0,0.0,en,3,5
ef14eb18e,-0.1,0.6,en,2,5
964b2fec4,-0.1,0.1,en,1,4
19b7a9e47,0.6,2.4,en,4,11
3a36bdba5,-0.1,2.0,en,9,30
76c276834,0.2,1.5,en,3,6
6da65afb8,0.1,0.8,en,4,13
f4c27e753,0.7,0.7,en,1,2
a76510109,0.9,0.9,en,1,5
6220663ba,0.4,3.6,en,8,15
6975353f1,0.1,0.1,en,1,5
48d1bb550,0.0,0.8,en,5,7
63dad490d,0.2,6.9,zh-Hant,16,33
1e1727250,0.2,1.4,en,6,9
cd5a7effb,0.3,1.0,en,3,6
97f0e7ec2,0.3,2.3,en,6,15
b2566d195,0.3,2.9,en,6,16
9668972cc,0.7,1.4,en,2,1
a22cc0413,0.5,4.0,en,8,21
83defd365,0.6,2.0,en,3,7
eec3cbd6e,0.0,0.0,en,1,7
8ec043344,0.0,1.1,zh,5,7
6ca8be82b,0.7,2.2,en,3,4
b69d479cf,0.3,2.1,en,5,8
8a4e70a21,0.1,2.0,en,9,18
bdbe9a6e3,0.4,1.6,en,4,8
a39ad6dc7,0.1,1.5,en,5,22
bfb19deda,0.0,1.7,en,6,7
a8f17e0de,0.0,1.4,en,6,10
cb0e74ef1,0.8,0.8,en,1,13
b386d20ba,0.3,1.3,en,4,11
68ac3848d,0.4,0.9,en,2,4
1758efd47,0.0,0.8,en,4,19
b48b65ef2,0.2,0.6,en,3,3
ee93b2d47,0.4,0.9,en,2,2
37a8dcdce,0.4,2.7,en,6,15
dc40c2612,0.3,0.7,en,2,4
1c7a27088,0.7,1.4,en,2,2
0b051c8b3,0.5,3.7,en,7,10
d412201f6,0.9,0.9,en,1,1
e13488562,0.2,2.7,en,5,8
bdfe6125d,0.3,0.7,en,2,4
f5819a31d,0.2,0.7,en,3,8
f70571a3a,0.3,1.7,en,5,6
3b3ce72d1,0.2,2.7,en,8,13
191fb0046,0.4,0.8,en,2,3
3af1dedf7,-0.1,1.0,en,5,9
ca113d98b,0.3,1.6,en,5,7
e22b9edd0,0.4,1.2,en,3,6
6b5f208fc,0.3,1.2,en,2,8
4c2040263,0.4,2.5,en,6,5
ff6ff53c4,0.2,0.9,en,3,7
ea1318971,0.4,3.2,en,5,6
5aff9022b,0.0,0.1,en,2,1
5606b4630,-0.1,1.4,en,4,2
47a5a9516,0.4,1.3,en,3,4
24fee0cc4,0.4,1.2,en,3,3
34452eefb,0.3,1.5,en,5,3
2eb4fa594,0.6,2.5,en,4,12
2bdf3471b,0.0,5.1,en,12,25
0a3fc490f,0.1,3.4,en,8,12
8106b5f6f,0.1,0.9,en,4,6
9bfb6a77f,0.3,3.4,en,8,12
2ecaaae2d,0.0,0.7,en,5,13
8bf0f354b,0.5,1.0,en,2,3
9120f2894,0.3,0.3,en,1,4
5d00ca4d0,0.1,1.7,en,5,14
d79342c8d,0.5,2.2,en,4,7
dc1b809db,0.0,0.0,en,1,3
d76c4ec1e,0.4,0.9,en,2,6
debec416c,0.2,0.2,en,1,8
81c4d25d6,0.3,2.4,en,6,9
84d1eb4ab,0.1,0.1,en,1,2
43ff07bab,0.2,2.3,en,7,9
aefff4a06,0.5,3.4,en,5,19
f4c9a0b24,0.4,2.9,en,6,20
05bde54cc,0.1,0.1,en,1,2
eb8aeff64,0.2,2.5,en,8,17
cc607ef5c,0.8,2.4,en,3,5
e976f3d3a,0.4,0.9,en,2,2
26a4d7052,0.0,2.7,en,6,12
67839e63d,0.7,3.0,en,4,3
ed5b8276f,0.2,3.2,en,9,8
3d7d23a52,0.1,0.4,en,2,6
634f65242,0.4,2.5,en,6,8
8685546cb,0.0,0.0,en,1,2
4363acad4,0.1,1.1,en,5,12
c8fc0d746,0.0,0.6,en,3,2
fa41fb473,0.9,0.9,en,1,2
7e29d5a9d,0.3,1.0,en,2,2
8b636912d,0.2,0.2,en,1,12
5182392d9,0.5,2.3,en,4,10
a0ece637e,-0.2,2.5,en,4,9
f21f48009,0.2,4.1,en,8,16
df2d9957f,0.4,2.9,en,6,12
becd6c70d,0.3,3.0,en,6,10
2ba019cb8,0.8,0.8,en,1,1
3b9f04df5,0.5,1.7,en,3,3
fe22cc3da,0.0,0.9,en,5,11
8f1ccbc6f,0.5,1.0,en,2,1
259dc7e9a,0.0,1.3,en,6,14
f64813f9e,0.1,3.1,en,8,11
2e74deb7b,0.7,2.9,en,4,11
435f8cb3d,0.6,0.6,en,1,2
20b7e24b2,0.4,0.8,en,2,4
145883970,0.9,0.9,en,1,5
8cb067b2f,0.0,1.8,en,6,17
865619d53,0.4,2.3,en,5,13
d08d2829f,0.0,8.8,en,21,65
3863ab300,0.5,1.7,en,3,7
ba54e88a9,-0.2,2.0,en,7,18
393b4d104,0.9,0.9,en,1,5
5ff246254,0.5,1.8,en,3,4
c0b1f82b1,0.1,2.6,en,7,10
5a2a433c2,0.0,2.6,en,5,16
c53fb8a18,0.1,4.4,en,13,28
be0e2dfbc,0.0,0.0,en,1,2
27a7a1795,0.4,1.3,en,3,6
ae524a36a,0.1,0.8,en,6,10
442f853b2,0.3,0.8,en,2,3
ad5692ee7,0.2,2.6,en,7,8
7f7e9db52,0.6,0.6,en,1,3
662564431,0.3,3.3,en,5,15
1ef4df30d,0.0,1.0,en,3,7
5b9bed882,0.0,2.0,en,4,34
74e316be1,0.3,1.2,en,3,4
08bfdc66f,0.1,3.3,en,7,16
df091dc6b,-0.1,1.8,en,8,12
10711bb95,0.0,1.8,en,7,12
0a8746c09,0.1,0.2,en,2,2
efc478e64,0.3,5.5,en,16,43
4c31c7db9,0.8,0.8,en,1,1
0a0e8c15b,0.3,1.9,en,5,13
de7114b0e,0.2,1.8,en,5,7
847a8b31d,0.3,5.7,en,12,25
584ba2890,0.8,2.4,en,3,3
ae4ab31ec,0.2,1.6,en,5,9
e1cd37f6c,0.0,0.0,en,1,1
c4e0d125b,0.4,1.7,en,4,9
cc60d07c7,0.7,4.2,en,6,12
6cf058ab3,0.0,2.0,en,7,12
a2b2abe02,0.4,0.9,en,2,8
21b90ff68,0.3,6.7,en,9,23
2d88536fc,0.0,2.2,en,5,14
6f28d2ab3,0.5,3.2,en,6,12
7a5091ca2,0.2,6.6,en,12,18
89fd79488,0.1,0.6,en,4,5
8813e5e4d,0.9,0.9,en,1,14
3e463e29e,0.0,3.7,en,9,22
08b7e05a5,0.4,1.4,en,3,5
5eee1e783,0.6,2.4,en,4,6
eb30d51aa,0.2,2.3,en,4,19
cf357f057,0.0,1.8,en,5,7
a809464ca,0.2,1.0,en,3,4
547c7bf41,0.0,0.1,en,2,3
7b1211e80,0.0,0.6,en,3,6
0529ad4d9,0.2,3.6,en,7,17
194acc3f9,-0.3,1.4,en,4,10
fa27f275a,0.2,2.5,en,6,11
eea15297e,-0.3,0.3,en,1,2
b129e668c,0.2,1.7,en,7,11
90f09b568,0.2,1.3,en,4,4
e0667be3b,0.3,3.1,en,6,10
bec49d8b7,0.2,2.0,en,8,13
8bcb0a0e6,0.2,1.2,en,3,4
7a2cadc09,-0.1,2.6,en,9,15
5d53d4bfb,0.1,5.7,en,16,35
09d7272ad,0.5,2.3,en,4,6
ccdc0f862,0.5,2.2,en,4,4
f5e496f46,0.3,7.8,en,16,36
5407c6e1a,0.2,1.5,en,4,6
98e1a3f01,0.4,2.6,en,6,12
8a04b2403,0.1,3.3,en,7,14
c5422c04b,0.4,1.7,en,4,2
41fa17c7c,0.0,0.6,en,2,4
2f8890a94,0.0,0.2,en,2,2
c3cafb38c,0.7,0.7,en,1,1
348a982e2,0.3,1.9,en,5,10
694cc5569,0.1,3.4,en,11,39
b5ff2b987,0.1,0.1,zh,1,0
c9d24314b,0.7,2.1,en,3,11
4d82fddba,0.7,0.7,en,1,2
aee44eb09,0.1,0.1,en,1,3
84e1e59d5,0.0,0.0,en,1,0
0b3763054,0.0,0.0,en,1,1
f5e9075c9,0.5,2.7,en,4,5
96a1bce27,0.4,0.9,en,2,3
ab13611c9,0.7,2.1,en,3,2
de993d8ad,0.5,1.1,en,2,5
77014fe37,0.2,1.0,en,5,5
6d18cc71d,0.5,2.1,en,4,4
cdd7aee45,-0.1,4.2,en,10,22
5ee1c77a0,0.5,0.5,en,1,6
7ecaa8636,0.6,4.5,en,7,17
8de855263,0.5,1.0,en,2,3
207298884,0.1,0.7,en,5,14
bec2fe7ad,0.2,7.8,en,17,39
5550a68dc,0.6,1.8,en,3,3
61e477c0a,-0.1,0.9,en,5,13
4e797dcdd,0.0,1.0,en,3,4
45f8df95e,0.2,2.4,en,4,7
5a3e60ced,0.3,3.9,en,9,21
9d4cf29f6,0.2,1.2,en,2,6
890127ff5,0.1,0.5,en,5,10
eddd81378,0.5,3.4,en,6,8
f5d514b10,0.5,2.0,en,4,5
4c5db9ed6,0.3,1.7,en,3,8
b8f60eb7e,0.1,3.4,en,10,20
3c97d1670,0.1,0.5,en,3,6
2db6c996b,-0.2,0.8,en,3,8
11a3055b7,0.4,0.9,en,2,5
410707dda,0.4,0.4,en,1,1
69daafdd4,0.0,3.2,en,6,14
fc8220250,0.8,0.8,en,1,5
ed5c2d9dd,0.1,1.2,en,5,7
20fc75f2c,0.1,0.5,en,4,10
f291e702a,0.1,6.7,en,14,24
c026becc2,0.3,6.6,en,10,24
d1962ab4f,0.1,0.1,en,1,1
14084c784,0.9,0.9,en,1,0
708189e17,0.3,3.1,en,5,9
0b90767fa,0.1,1.2,en,6,14
b40818da6,0.5,2.0,en,3,6
6fecc5cf7,0.1,0.8,en,5,12
b686d33cd,0.0,6.5,en,25,44
5b539effd,0.3,0.6,en,2,6
5546a54ef,0.1,2.5,en,8,19
146005aa0,0.3,3.6,en,8,13
0c4e78176,0.0,0.0,en,1,4
4dc6822f8,0.5,0.5,en,1,1
2f3ff5116,0.5,0.5,en,1,4
924cc5438,0.1,1.6,en,6,6
27ec72a29,0.0,1.7,en,3,7
fc6976a96,0.6,0.6,en,1,6
694a730b4,0.1,0.8,en,4,13
7cfaaa67a,0.0,2.8,en,6,18
f1fb9506a,0.3,0.3,en,1,1
86d20d7e4,0.0,0.1,en,3,4
93f758039,0.2,1.2,en,4,7
43ad546c7,0.7,4.4,en,6,11
29d36f5b3,0.0,1.1,en,2,7
b532e9588,0.5,1.0,en,2,3
427343625,0.0,0.0,en,1,1
ceed27182,0.0,0.3,en,3,7
71edb3344,0.1,5.3,en,10,19
798fae45f,0.5,1.0,en,2,6
429df135c,0.2,3.0,en,7,16
6ada9811e,0.0,0.3,en,2,2
704737525,0.6,1.3,en,2,3
6868acfce,0.7,0.7,en,1,1
bd16029b7,0.5,5.6,en,8,17
400e57095,0.5,3.2,en,5,14
6ef02d7e9,0.7,1.5,en,2,8
007ffeccd,-0.1,2.5,en,4,6
0ede86b28,0.6,1.2,en,2,3
0d4b69793,0.4,4.9,en,8,21
36f07fbe0,0.3,1.7,en,5,6
0e1a54250,0.1,2.9,en,6,9
2f51acf95,0.7,0.7,en,1,0
b94ddd6a9,0.4,2.5,en,6,3
66b978701,0.1,0.1,en,1,3
a355a6873,0.1,6.4,en,12,38
d6e6e7d6c,0.6,4.1,en,6,16
21847129b,0.1,0.8,en,4,3
c240d153f,0.8,4.4,en,5,9
18b2da498,0.4,3.0,en,5,11
bc4f18ced,-0.1,1.5,en,10,25
b35c61109,-0.1,1.0,en,7,23
92d1612f0,0.0,0.5,en,4,10
6c5079e85,0.2,2.1,en,6,16
a63a0ac25,0.2,3.5,en,11,23
ee8bf2efb,0.3,1.2,en,3,5
200a0df49,0.1,0.1,en,1,1
6e441b406,0.4,2.6,en,6,22
1f7c7c248,0.0,0.0,en,1,1
f03af5072,0.4,5.2,en,10,26
c85f29411,-0.2,1.0,en,2,6
9c64232b3,0.2,0.2,en,1,1
124f45c2b,0.0,0.0,en,1,1
5f2c67ae2,0.1,0.2,en,2,4
0aa2ce4a9,0.2,4.0,en,11,22
8fc22fd2c,0.9,0.9,en,1,3
a20880c1d,0.4,0.8,en,2,3
8102d6dc7,0.0,0.2,en,2,4
1940b59e7,0.1,0.1,en,1,2
94918fff6,0.2,4.0,en,9,16
8d51c3200,0.8,1.7,en,2,6
f22aae8af,0.1,0.9,en,5,5
492fe3371,0.2,2.0,en,5,18
5e390710c,0.3,6.4,en,15,44
d3a4afef1,0.0,1.1,en,4,8
afa46c13d,0.9,0.9,en,1,5
5b4dd9fb3,0.1,0.7,en,3,9
394217006,0.5,2.0,en,4,12
c7cfbc8e9,0.0,1.6,en,6,15
dba5f0e5c,0.2,3.3,en,7,27
c467f8702,0.8,0.8,en,1,5
fd8c80281,0.2,2.7,en,4,10
bb928145e,0.2,1.0,en,3,6
f70251906,0.0,2.0,en,5,22
0fc2dc3cb,0.5,2.0,en,4,6
fd3172797,0.0,9.2,en,20,71
36ddc4f2d,0.1,0.9,en,5,14
db745332f,0.5,1.5,en,3,3
dd13b36c6,0.3,1.3,en,3,4
88ac92eed,0.5,2.2,en,4,7
404eb3b06,0.3,0.7,en,2,4
bc4b95345,0.1,1.3,en,4,20
bba3070ad,0.3,3.3,en,8,9
1ac7dad15,0.2,2.5,en,8,19
beb0f98f7,0.5,2.2,en,4,8
045543730,0.5,1.6,en,3,4
d5053eb47,0.0,1.5,en,5,12
f4fb11803,0.9,0.9,en,1,3
6ce40c2bf,0.0,0.4,en,4,14
26901ccb0,0.0,1.7,en,4,7
ac6d69d99,0.0,0.8,en,5,18
233ddf40c,0.3,0.7,en,2,4
8d0b0238c,0.4,1.2,en,3,5
3ca057824,0.0,1.2,en,3,17
f65fe3e26,0.1,3.5,en,9,19
6ff9b83f0,0.4,1.2,en,3,3
2e3c8edaf,0.2,0.5,en,2,2
27b708edc,0.2,0.8,en,3,5
14f3fbc84,0.3,0.7,en,2,1
1736706f9,0.2,1.7,en,5,9
f95680d84,0.2,2.0,en,5,12
b34a57b41,0.6,2.6,en,4,10
cefba5d32,0.3,1.6,en,4,13
29ca8f313,0.1,3.0,en,10,22
dd056b65a,0.0,1.5,en,4,8
3a4178fe9,0.4,2.0,en,5,8
8d05a7ab1,0.3,2.5,en,7,11
f98750599,0.2,1.6,en,6,7
4ea7c5d48,0.2,1.6,en,4,7
ffebad2e7,0.1,1.4,en,4,6
53cfa1a3c,0.2,2.3,en,5,11
fba2f803d,0.2,4.8,en,9,15
e039f2392,0.4,1.3,en,3,4
3006cd3eb,0.7,1.4,en,2,3
c226ecabd,0.2,3.2,zh,8,34
cfd87918e,0.5,1.7,en,3,9
60fa6acbe,0.1,0.2,en,2,4
b2dbd92b1,0.0,2.7,en,11,24
d3f157880,0.6,3.0,en,5,11
32ac38a9f,0.0,11.5,en,33,77
8335d65e0,0.0,0.0,en,1,2
f99a5e817,0.3,0.3,en,1,1
62da2d031,0.4,1.3,en,3,11
0e6492f0d,0.3,1.1,en,3,4
168f1c6e9,0.5,1.0,en,2,3
fa1608a29,0.3,2.3,en,6,12
420193f17,-0.8,0.8,en,1,15
8fd0bd843,0.7,2.8,en,4,8
4f8a564a2,0.1,0.3,en,2,5
70a90deaf,0.1,2.2,en,5,6
88bc9864c,0.2,1.0,en,4,8
8c9f6c718,0.0,0.0,en,1,1
db4a0242a,0.3,4.2,en,10,14
a631eba2c,0.2,2.8,en,4,11
87b60f563,0.3,0.7,en,2,3
161de24f6,0.0,2.9,en,8,14
182aec7a4,-0.3,0.7,en,2,5
4f7932c0d,0.2,0.9,en,3,8
31653bea0,0.6,1.8,en,3,4
0063bd7e0,0.1,0.1,en,1,2
8cee52ff2,0.2,1.3,en,3,11
39ba962ef,0.0,0.4,en,3,6
e681e0cbf,0.7,2.3,en,3,7
eada14618,0.0,0.2,en,2,4
b8088575c,0.5,1.0,en,2,3
d965d6f3a,0.3,1.2,en,3,6
56bf5e254,0.9,0.9,en,1,2
db4165316,0.2,1.1,en,4,7
3fed382c0,0.3,1.1,en,3,9
24573b56d,0.1,4.2,en,8,13
3089a5bd8,0.1,3.3,en,8,20
caf3220f8,0.3,3.5,en,7,15
520dc7925,0.0,1.6,en,2,5
95696f11b,0.1,3.2,en,7,8
948a1a82c,0.7,2.9,en,4,3
7542076e8,0.4,4.0,en,8,9
0a4b42306,0.2,1.9,en,4,10
61bedc57d,0.5,2.0,en,4,6
f095385ff,0.0,1.1,en,4,6
bdff3528c,0.0,4.9,en,10,37
91c4cb54d,0.0,2.3,en,9,16
0e7ca23c9,0.6,3.3,en,5,11
d22eb6266,0.3,2.2,en,7,8
b03b1a110,0.5,1.1,en,2,3
19efe1616,0.0,0.2,en,2,8
829ba7bfc,0.0,0.0,en,1,4
0a555d688,0.7,0.7,en,1,3
725a5345e,0.4,5.1,en,11,21
c54ab239f,-0.1,0.5,en,2,26
3422e4906,0.2,3.7,en,7,13
32148e0fc,0.3,2.5,en,5,6
f91147e5f,0.3,5.9,en,11,24
af32c8be0,0.3,0.9,en,2,4
7993d67e3,-0.2,2.0,en,5,31
f995bc16c,0.4,3.6,en,7,27
aece30836,0.3,1.1,en,2,3
4ed2fba3e,0.3,2.3,en,6,8
2b7222d13,0.1,0.4,en,2,6
1a61a5963,0.1,0.1,en,1,2
55247ed35,0.0,0.2,en,3,4
4f7bfcb68,0.0,3.4,en,6,14
c1548b685,0.3,1.9,en,5,2
9ce27322b,0.0,2.0,en,5,9
bbe1d6739,0.4,1.3,en,3,4
249540f2d,0.0,5.1,en,8,18
ab94fb958,-0.2,0.2,en,1,9
615f5dc85,0.4,3.6,en,7,9
a9bc357f0,0.5,1.7,en,3,6
739cd2d34,0.0,2.8,en,8,9
02126e289,0.2,2.7,en,4,18
555e742f9,0.3,1.0,en,3,4
c5a7f7d69,0.3,1.2,en,3,4
180f1ef16,0.1,1.4,en,5,6
672e9e752,0.6,1.2,en,2,4
9a5da8156,0.0,0.0,en,1,1
420bdee9f,0.9,0.9,en,1,2
3eaae43f3,0.2,2.9,en,7,10
b16cb3f1e,0.8,0.8,en,1,3
dbc39e84b,-0.1,4.1,en,10,21
be7b65c23,0.1,2.7,en,11,11
bc14cca27,0.0,10.3,en,32,52
62d09ac7c,-0.2,0.2,en,1,5
5943167f1,0.1,1.8,en,3,12
21206933c,0.3,0.3,en,1,6
faf64d6a6,0.4,3.0,en,7,10
776f7e340,0.7,0.7,en,1,1
a21f20530,0.1,2.9,en,5,11
a92c2f233,0.9,0.9,en,1,4
abb847f55,-0.1,0.3,en,2,5
dfdbfce71,0.3,0.9,en,3,5
2fc753430,0.4,1.0,en,2,3
18734d13e,0.3,3.0,en,9,19
7575371db,0.3,3.3,en,7,6
0143edd0a,0.3,2.1,en,3,13
8a7fcc8cd,0.5,1.0,en,2,3
c9c5b665b,0.0,0.0,en,1,1
ab9dd85b2,0.8,0.8,en,1,12
55f8f6120,0.0,1.3,en,2,5
b7a55f716,0.1,0.7,en,3,4
efd269df8,0.3,0.9,en,2,4
b1021dc35,0.1,2.6,en,7,18
8300e943e,0.4,0.4,en,1,1
5360d72a3,0.0,0.0,en,1,1
d38bcdf49,0.6,1.9,en,3,6
50e35cd70,0.1,2.3,en,5,8
9fb2a918d,0.2,1.5,en,3,13
0ea2638e9,0.4,6.7,en,13,26
351586450,0.6,1.3,en,2,12
261c4115b,-0.1,4.7,en,11,32
2b5c446cc,0.4,1.0,en,2,3
475564ad6,0.3,2.6,en,6,9
503a567ed,0.5,1.6,en,3,5
75b726ba0,-0.1,3.8,en,7,16
672bc370b,0.2,1.1,en,3,7
ccb658698,0.0,2.6,en,6,14
2c23cf72e,0.2,1.8,en,5,10
a0909c2bb,0.8,1.6,en,2,4
189bb90dc,-0.1,1.6,en,5,14
428fd4ef7,0.1,1.3,en,4,9
7c82670f8,0.3,1.9,en,6,15
e758e4c0c,0.1,1.1,en,6,5
8bf2cc0a1,-0.1,0.1,en,1,12
015b8b722,0.1,2.5,en,7,14
ae0076e01,0.1,0.9,en,4,6
e98593be6,0.3,1.8,en,3,4
a7b91a377,0.8,0.8,en,1,0
f60779a3b,-0.3,1.2,zh,2,19
ded648294,-0.6,0.6,en,1,4
fe15cb88c,0.2,4.4,en,10,18
15600cfea,0.8,0.8,en,1,3
a7d9451a5,0.2,1.8,en,6,11
51df78553,0.4,1.3,en,3,8
cd668b430,0.7,3.1,en,4,7
7a23819c1,0.2,1.1,en,3,4
531e56f63,-0.8,0.8,en,1,18
df880995b,0.3,2.1,en,4,11
bd2dc39e7,0.2,0.4,en,2,7
c1680e63c,0.1,0.3,en,2,4
2ea25b63b,0.3,5.2,en,12,31
426bb5e4c,0.0,0.8,en,3,8
5fc06cf73,0.3,2.7,en,7,13
681a6f552,0.3,0.3,en,1,6
5c28a8cec,0.3,3.0,en,7,9
4f402845d,0.5,2.0,en,4,6
42eac4984,-0.1,1.5,en,4,14
ed9948860,0.1,0.2,en,2,5
93bffe78b,0.2,1.6,en,4,9
6b29b45d9,0.5,2.4,en,4,14
53549acd2,0.3,3.2,en,6,15
7efb36b65,0.2,0.2,en,1,1
6c121d784,0.3,3.6,en,6,9
527b6112b,0.1,2.2,en,8,12
b4aa0c3ce,0.0,0.2,en,4,3
a6b908d22,0.0,0.8,en,3,7
d58c146d6,0.7,0.7,en,1,3
43bae1c6d,0.9,0.9,en,1,2
f9d9f8fd6,0.2,3.3,en,8,13
bed78eb25,0.4,1.4,en,3,4
79a352e54,0.6,3.7,en,6,11
63a3f229c,0.9,1.8,en,2,9
1bf24d8be,0.2,3.4,en,7,11
ec5670386,0.8,1.6,en,2,2
51d637766,0.3,2.3,en,6,8
bf74b13ab,0.1,1.4,en,3,15
7a1f83080,0.5,4.5,en,7,11
4bb0c8226,0.3,2.5,en,6,19
7f8955f6a,-0.4,1.3,en,3,3
5b1e90385,0.3,0.3,en,1,8
9a965c1f0,0.0,0.1,en,2,5
3e65ffa3c,0.1,3.2,en,9,27
ecd574ddb,0.0,4.0,en,10,23
0e4049f6d,0.3,1.0,en,3,5
e99c4a55d,0.4,0.9,en,2,6
80bf7a371,0.4,3.4,en,7,12
eded59b25,0.3,2.0,en,4,4
e4941c40c,0.4,3.1,en,5,10
951352bea,0.1,0.3,en,2,4
d6d6d4aca,0.3,3.4,en,8,16
dc88ebe46,0.5,0.5,en,1,4
e246ecfdc,0.2,1.8,en,4,11
98673487c,0.3,2.4,en,7,10
3af847ce9,0.1,3.3,en,6,10
c1653516e,0.0,0.0,en,1,1
d605fa35d,0.1,0.4,en,4,11
10124968c,0.0,12.0,en,32,103
20e4dbf48,0.5,4.2,en,8,19
b03c17502,0.2,0.4,en,2,2
2160f2109,0.9,1.8,en,2,3
204ca9f14,0.5,0.5,en,1,1
271bb0de8,0.1,3.1,en,10,14
cc0d4cec3,0.6,0.6,en,1,1
a371e0164,0.3,0.3,en,1,1
ceec02726,0.8,1.6,en,2,3
467614705,0.2,4.8,en,9,45
3fa341801,0.0,11.7,en,29,104
1930bcf64,0.0,0.1,en,2,5
9e5672e85,0.1,0.4,en,3,8
cad137e83,0.6,0.6,en,1,2
a6830bac1,0.3,0.6,en,2,5
ec83e77f0,0.0,0.2,en,2,4
6c4af5f08,0.2,2.6,en,6,13
c03b8b2db,0.0,0.0,en,1,1
8bc5380ca,0.0,0.6,en,4,8
ef8d291b0,0.2,1.9,en,5,7
163adc370,0.2,0.2,en,1,1
896bb46bd,0.1,0.1,en,1,3
e298c61fc,0.8,1.6,en,2,5
fc48054c2,0.3,2.5,en,8,20
97dc40c6f,0.6,6.3,en,9,29
e6d60a265,0.4,1.9,en,4,7
4a0adfdd0,0.2,0.9,en,4,5
6f07e7abf,0.2,4.0,en,13,24
0e4cf50f4,0.2,1.0,en,3,4
02c7d1b74,0.7,0.7,en,1,1
72e76bc9b,0.2,2.7,en,8,15
f0a2122d4,0.4,1.0,en,2,8
ab4f161ae,0.4,3.4,en,6,14
1ef0bf320,-0.1,0.9,en,2,4
40b53f6c2,-0.1,0.6,en,3,4
d4bb8cf0a,0.0,0.0,en,2,10
7a59ae5ed,0.9,1.8,en,2,3
c001473a1,0.3,1.1,en,3,5
dc76d9fa5,0.3,1.9,en,5,23
992d82305,0.9,0.9,en,1,6
fee5e43b2,0.7,3.6,en,5,9
10f4c8d8c,0.3,8.2,en,15,28
ca81b2566,0.5,2.8,en,5,8
7f352f8dc,0.2,2.4,en,6,10
4fc9dee58,0.0,3.5,en,7,7
295a99691,0.0,1.6,en,6,12
0e8c2a1aa,0.6,8.9,en,11,18
b63d76ef4,0.5,2.0,en,3,12
87a3ef269,-0.1,0.2,en,2,3
dbe634a4c,0.0,0.6,en,6,23
0bc671d5e,0.4,1.4,en,3,7
eb4c66e7a,0.1,2.0,en,5,12
a119ce67e,0.0,4.7,en,14,25
b3e897856,0.4,0.8,en,2,4
6ba094bf4,0.0,0.1,en,3,5
46152db3e,0.4,1.8,en,4,12
228d72748,0.4,3.2,en,7,14
104c799db,0.1,0.5,en,3,4
796774834,0.4,2.2,en,4,15
955e7c5cf,0.2,4.0,en,8,18
1b1a68a60,0.0,1.0,en,6,13
971c160c7,0.5,1.1,en,2,4
f77a6e11c,0.0,1.0,en,3,6
2a2b95086,0.4,0.9,en,2,0
9296c9064,0.2,2.3,en,6,8
d0e2d8d15,0.2,0.2,en,1,4
b4ba15dbc,0.0,0.0,en,3,10
3fbc4677d,0.0,2.7,en,6,12
d4066ef07,0.0,0.0,en,1,1
6fe7448a5,0.1,0.1,en,1,2
4a5a05ef7,0.7,1.5,en,2,6
43fe381b3,0.4,3.2,en,7,27
4cc67e8b3,0.3,2.9,en,8,16
32efae9d5,0.0,0.1,en,2,5
512bf1e8a,0.2,1.9,en,5,14
631a6a27e,0.6,2.7,en,4,10
882021db6,0.5,1.0,en,2,7
800a7c025,0.3,1.5,en,5,8
05f00d521,0.0,0.0,en,1,11
997db5df5,0.0,3.3,en,8,20
240ddd506,0.3,0.3,en,1,2
640e0b69b,0.0,1.9,en,4,12
53f434ae8,0.2,0.4,en,2,8
2bf818d30,0.5,1.5,en,3,16
a868df43f,0.3,1.5,en,4,8
b70ec3788,0.1,0.5,en,3,3
4370b5ff7,0.0,0.3,en,3,3
5dd7c4c06,0.3,4.2,en,9,15
91d0ba5c0,0.3,1.8,en,5,9
3e0ce6020,0.2,0.7,en,3,3
7028931ed,0.3,0.3,en,1,3
14dcf6ec8,0.6,2.4,en,4,4
1cf66aed4,0.3,0.9,en,3,5
5a17ff971,0.0,2.6,en,5,14
ebb74d225,0.3,1.0,en,2,7
d5f80598c,0.2,0.6,en,3,4
cf98480e0,0.7,4.2,en,6,16
49d4a0adf,0.8,2.5,en,3,4
3745aa22f,0.0,4.3,en,10,18
a21f5e84b,0.3,4.6,en,9,22
a16f85c6f,0.9,0.9,en,1,3
300337abe,0.2,2.7,en,4,12
f4c32b8a5,0.2,1.9,en,6,11
90caf70eb,0.5,2.2,en,4,13
f3082fa97,0.2,1.7,en,7,9
e3e339d6f,0.0,1.7,en,5,13
52820e80e,0.0,1.6,en,3,2
1c6e35149,0.9,0.9,en,1,2
d5ee02201,0.0,0.1,en,2,5
58a10d0cd,0.0,5.1,en,16,30
a2b2f53be,0.2,4.8,en,10,17
3821d75e9,0.1,1.1,en,4,9
9af15c8f1,-0.3,0.3,en,1,3
bd70d885d,0.1,3.9,en,13,16
792e8c192,0.3,2.7,en,7,12
09bc86c05,-0.2,4.2,en,9,20
21d8f0d2f,0.5,2.2,en,4,11
0b110b315,0.3,4.7,en,11,25
03c323fcf,0.6,1.2,en,2,3
a854aca45,0.1,1.8,en,5,8
e985acab0,0.5,2.6,en,4,5
2b6b2524b,0.1,2.1,en,6,9
07558410c,0.3,2.1,en,4,10
0c1e8a6f2,-0.2,0.7,en,3,4
b84ad40b4,0.2,3.6,en,13,24
9df9b11b1,0.0,0.0,en,2,4
e2e5b8ae2,0.6,0.6,en,1,1
cd89328a8,0.0,2.0,en,4,8
c790696c7,0.2,2.7,en,4,6
9a6f2f7d3,0.0,5.5,en,12,38
769579681,0.0,2.7,zh,4,5
b56b73e4c,0.2,1.4,en,4,14
1882ebd32,0.4,1.0,en,2,5
c23b2926e,0.2,1.0,en,5,4
5bb7dbfc2,0.4,2.1,en,5,15
bc5dade47,0.0,0.0,en,3,4
bf99a973b,0.0,0.1,en,2,4
350208e1a,0.6,2.7,en,4,8
694caa813,-0.2,0.2,en,1,1
90592e40c,0.4,2.9,en,4,10
b968b85c1,0.2,1.5,en,6,7
a7e623e5a,0.2,1.1,en,2,16
d6243bdf8,-0.1,0.2,en,2,2
1cccac540,0.5,1.0,en,2,4
82f95b703,0.0,0.0,en,1,2
a7d65135d,0.2,1.5,en,5,10
756d92515,0.5,3.1,en,6,8
b5c553616,-0.7,0.7,en,1,14
79799da25,0.1,2.1,zh,6,19
80fd005d2,0.0,0.4,en,3,8
212157776,0.2,1.3,en,4,5
aa0901313,0.0,0.0,en,2,5
f2716e1e5,0.8,2.6,en,3,6
514e33268,0.2,1.8,en,7,23
c1db71d88,0.4,1.4,en,3,5
861c903b6,0.3,2.1,en,5,8
3433731c5,0.6,3.2,en,5,16
6648175ff,0.9,0.9,en,1,0
e995db95f,0.3,1.2,en,4,3
fed43b600,0.6,1.8,en,3,8
b054e635f,0.7,2.9,en,4,1
577d15fea,0.5,1.6,en,3,3
870e5566b,0.1,0.1,en,1,2
bca099371,0.8,0.8,en,1,0
31049dc2e,0.6,3.3,en,5,11
992170cac,-0.7,0.7,en,1,8
a07a65495,0.1,3.5,en,11,20
2ac979cf7,0.4,2.7,en,6,15
10b669bea,0.4,2.1,en,5,12
9b9873716,0.5,2.8,en,5,11
095314294,0.7,0.7,en,1,2
bfdc4cd9d,0.5,0.5,en,1,1
1f0bb9d58,0.3,2.2,en,5,15
afec4c35e,0.1,2.9,en,8,24
b88fdc7ba,0.3,3.3,en,7,9
71aed274c,0.1,2.2,en,6,11
6bf7eec1e,0.4,3.1,en,7,15
9ab7e48e8,0.1,1.2,en,5,6
d5abad72c,0.3,2.9,en,7,12
111748c15,0.8,1.7,en,2,6
529c2e04b,0.1,1.5,en,5,11
325d0e364,0.1,2.4,en,8,12
a76fa694e,0.1,3.5,en,10,21
0493336f7,0.2,0.2,en,1,1
f3c42e04b,0.2,2.3,en,8,23
0cdb80095,0.3,1.2,en,3,4
573f51aca,0.3,0.9,en,2,3
c3750cec1,0.7,2.8,en,4,8
2689341e7,0.1,0.8,en,6,9
19a36eaab,0.5,1.5,en,3,5
0459c7bb7,0.3,1.1,en,3,7
ac3d34246,0.1,0.8,en,4,13
92085e776,0.5,3.7,en,7,6
31353ed83,0.3,0.9,en,3,9
a2dc697f6,0.1,0.8,en,4,13
1aa39ed52,0.0,0.3,en,4,4
ac2f56dbf,0.2,0.6,en,3,6
040736f83,-0.3,1.8,en,4,6
e72120027,0.1,1.2,en,5,20
bb2e480f4,0.3,0.7,en,2,7
155126a9f,-0.3,0.7,en,2,7
c06b6d8bf,0.9,0.9,en,1,3
01958f464,0.3,6.1,en,9,22
0e1f78a77,0.1,0.7,en,5,19
036c684d3,0.4,3.9,en,8,8
198a73c5e,0.2,2.0,en,7,4
51196cf13,0.0,1.9,en,4,8
a6610ebd3,0.4,1.2,en,3,8
8df39788a,0.8,2.4,en,3,6
485cff597,0.3,5.4,zh-Hant,10,19
acf573d1c,0.6,1.3,en,2,3
ea087d248,0.3,0.3,en,1,2
f1775b51b,0.3,1.3,en,3,4
f262fd637,-0.1,2.0,en,7,9
4106b7290,0.0,1.2,en,5,9
86fe4ed68,0.1,4.5,en,14,33
51a0d55ba,0.9,3.7,en,4,5
e4c9325d9,0.1,3.3,en,9,13
2e1853b79,-0.4,0.8,en,2,5
f5de721c8,0.9,0.9,en,1,1
48333a921,0.5,1.7,en,3,7
a8ba4dfa1,0.7,0.7,en,1,9
0e5d845dc,0.8,1.7,en,2,6
022606901,0.1,3.2,en,14,21
c2386bba2,0.0,1.7,en,8,9
4079020a6,0.9,1.8,en,2,9
12b47b4e8,0.5,2.1,en,4,9
505034c5a,0.2,1.1,en,3,4
fc2ac0b04,0.4,3.6,en,8,9
e6292a7b6,0.2,1.1,en,4,6
b6450abed,0.3,2.4,en,6,13
bcfea60f5,0.2,0.4,en,2,2
c90570913,0.4,3.1,en,6,10
2416a2da1,0.3,0.3,en,1,8
9b3e95995,0.0,7.3,en,24,47
4e9f82a98,0.4,3.0,en,4,12
8111713a2,0.0,0.0,en,1,1
c120a6f75,-0.3,0.3,en,1,2
05e3bc1ae,0.3,10.5,en,22,55
5e8f72190,0.4,1.8,en,4,12
92b89a666,0.0,0.0,en,1,2
3b7aad341,0.9,0.9,en,1,3
4dff83c9f,0.1,1.3,en,5,6
24e2a6ff5,0.0,0.0,en,1,1
fb1adae2d,0.1,0.5,en,4,6
cb5e73024,0.1,3.0,en,10,24
f95b39c6f,0.0,0.0,en,1,2
b0d4b988a,0.1,6.4,en,15,30
dcb42ee1e,0.2,8.3,en,18,52
a34cf041b,0.2,1.6,en,6,9
ddb95945a,0.0,6.5,en,23,29
6134ae21d,0.3,6.1,en,14,43
b833f9624,0.3,2.2,en,3,14
9ba39bba6,0.0,0.0,en,1,3
1539be087,0.6,4.8,en,8,18
aded1fafc,0.6,0.6,en,1,7
1a12e3633,0.3,1.1,en,3,8
c8be7beff,0.3,2.3,en,6,18
cf6995fef,0.1,5.6,en,12,34
283d778d2,0.9,0.9,en,1,0
3f03da51e,0.2,1.1,en,2,8
58132cc85,0.2,2.9,en,7,21
2b6fe231b,0.6,2.7,en,4,9
bf50b399e,0.5,1.0,en,2,3
6eef41768,0.0,0.4,en,2,1
79a6cc443,0.4,1.6,en,4,8
965adb809,0.2,1.6,en,6,11
06abc52ac,0.3,1.5,en,4,11
401fcc4c5,0.2,2.1,en,4,6
0abff77fe,0.4,2.3,en,5,17
216840542,0.0,0.0,en,2,4
a27a03914,0.3,1.4,en,4,9
dcd0002db,0.0,0.0,en,1,3
141b5d279,0.3,3.9,en,7,15
26cb1c2c0,0.4,1.2,en,3,7
41c83dda8,0.6,1.8,en,3,2
0d150e90c,0.5,1.0,en,2,5
041dd606f,0.1,3.4,en,10,32
585a4d5b9,0.4,5.2,en,9,12
6dc40f9b5,0.9,1.8,en,2,3
09ef02857,0.2,2.6,en,3,9
d9303d3bc,0.0,1.4,en,4,10
3d751fe45,0.1,2.7,en,9,18
a0da2621e,0.0,0.0,en,1,7
2625dcb50,0.5,3.9,en,7,15
fd717a456,0.1,2.7,en,6,6
bda2d149e,0.4,4.4,en,10,17
619dcb4e6,0.2,3.5,en,9,14
eed29a312,0.5,3.7,en,6,13
2302acf06,0.2,3.2,en,9,20
8b693ca84,0.8,0.8,en,1,3
81d82bda3,0.6,4.1,en,6,12
4068b452d,0.0,1.8,en,3,13
7b0d325d8,0.0,1.2,en,6,16
42444811d,0.2,0.9,en,4,9
2b4c0f3b6,0.0,1.7,en,8,21
9c714104f,0.5,1.7,en,3,16
d19f035bc,0.2,2.1,en,7,11
c52908c2d,0.3,0.6,en,2,2
ac384792b,0.2,0.7,en,3,4
15d4c0bad,0.3,3.2,en,7,11
4efe77aa0,0.3,3.1,en,8,12
6968f86dd,0.5,2.1,en,3,9
a94208b35,0.2,0.5,en,2,6
97e47e7c0,0.3,2.5,en,6,7
62817491e,0.0,0.0,en,2,4
3ef5f0537,0.3,2.2,en,4,8
09ca98f7b,0.8,1.6,en,2,4
640683dd9,0.4,0.8,en,2,4
a73b9eafd,0.9,0.9,en,1,3
5c9de0c0a,0.5,1.7,en,3,15
f824e33a8,0.4,1.5,en,3,5
f4f5588c6,0.3,0.7,en,2,8
0e28a90f6,0.0,0.8,en,5,11
610ece7bd,0.7,1.5,en,2,5
5943080b2,0.5,0.5,en,1,2
e7d9a3d7e,0.0,3.0,en,7,19
bd54dcfd0,0.3,4.6,en,9,12
b06d39b09,0.1,0.5,en,4,7
edcc13ccb,0.0,0.4,en,3,11
a2a899dab,0.3,3.1,en,7,12
7d930d08c,0.0,1.4,en,6,14
85c4e7a41,0.3,3.1,en,6,8
1b1cf81d4,0.5,2.9,en,5,5
7810092ba,-0.4,0.8,en,2,6
c842fa148,0.3,4.0,en,11,15
1a0ee9580,-0.6,1.8,en,3,65
ecd83e25d,0.0,3.7,en,12,28
b1307cb03,0.3,2.9,en,9,10
f8fb0aa55,0.9,0.9,en,1,2
4c237475f,0.1,1.9,en,7,12
134b82d89,0.8,0.8,en,1,0
062e2772c,0.2,3.1,en,6,5
742462799,0.1,7.7,en,16,42
5335bfb38,0.9,1.8,en,2,6
6d4bdde4c,0.3,3.1,en,7,15
5de1d0c34,0.0,1.0,en,5,10
473caf456,0.6,0.6,en,1,3
8390dbef8,0.1,0.8,en,3,12
bbff353ce,0.0,0.0,en,2,4
eb4eef57a,0.2,2.6,en,7,9
e59c8fc76,0.4,1.6,en,4,6
4236c9245,0.5,1.1,en,2,3
5f7343089,0.5,1.8,en,3,5
ff8e4c708,0.1,4.4,en,10,21
d3c79cf76,0.1,1.3,en,3,11
e69dd7d09,0.3,2.5,en,3,5
d08efa704,-0.1,0.1,en,1,3
58fe1756c,0.4,1.5,en,3,8
22987c7fb,0.2,2.0,en,6,15
19f38a3f0,0.4,2.4,en,6,12
85327438d,0.1,7.6,en,32,44
9801a0f9c,0.1,0.6,en,3,5
9fb8e5e73,0.0,1.6,en,5,14
18da94e9d,0.1,6.3,en,13,35
b3543dda3,-0.1,0.6,en,3,9
a9495309b,0.3,1.0,en,3,10
06fda20a2,0.4,0.8,en,2,3
99a0196aa,0.0,1.8,en,7,17
af3d7c201,0.6,1.2,en,2,3
6b5c799b5,0.0,0.0,en,1,1
d721ed589,0.0,0.7,en,5,13
d8be7f8b0,-0.1,1.3,en,3,8
48dd04601,0.1,4.5,en,11,12
e4afff6dd,0.2,1.2,en,4,10
933da53ee,0.2,3.2,en,9,22
3ed60e624,0.0,0.0,en,1,1
cfd819dd9,0.3,1.3,en,3,5
8f15fc3d8,0.1,9.6,en,28,67
1a3da2ae5,0.3,0.8,en,2,6
b4eb7f4df,0.0,0.0,en,2,3
62ad62e0a,0.3,1.4,en,4,9
e808828dc,0.3,3.1,en,7,8
ff5158511,0.5,2.1,en,4,9
c2109fcac,0.3,1.3,en,3,4
66d4911f9,0.8,2.4,en,3,3
da5d1c5ba,0.1,9.0,en,18,33
b9f58834b,0.3,2.9,en,6,10
988c18c10,0.0,2.3,en,10,15
0146f6d2c,0.2,2.8,en,4,15
eee978cc3,0.0,0.0,en,1,3
cc261e309,0.3,2.0,en,5,10
9dd9f107d,0.4,2.8,en,6,7
9ede28a9d,-0.1,2.0,en,6,28
7af7d9cb6,0.5,9.4,en,18,47
0e9c1385c,-0.1,0.4,en,2,12
9a719040f,0.3,1.5,en,4,4
b8ccf4b62,0.0,1.9,en,5,17
12c4ed873,0.1,1.1,en,6,11
afa694eb4,0.0,0.2,en,3,7
1716cd645,0.3,1.6,en,4,10
ef1d7c2a1,0.2,0.2,en,1,2
1ed0c2a41,0.1,3.9,en,16,24
cdf5760e8,-0.1,0.2,en,2,6
5ecdd04af,0.6,3.8,en,6,10
988308307,0.2,0.2,en,1,0
fc43d7ddb,0.7,2.2,en,3,2
4eb9088a2,0.4,0.4,en,1,5
dcaae830b,0.5,1.0,en,2,3
44a0c16bc,0.7,0.7,en,1,6
aa91c3400,0.0,2.2,en,6,11
8e3e0ffde,-0.4,0.4,en,1,17
02f7300db,0.2,5.0,en,6,24
8b01f5e06,0.6,0.6,en,1,5
5a60de180,0.8,3.2,en,4,11
da2cdb505,0.0,0.8,en,4,11
b4bf9e247,0.1,0.1,en,1,2
2401dd6df,0.0,0.0,en,1,2
f4bc92fc6,0.1,0.8,en,4,14
d16f1d371,0.5,3.6,en,6,13
08710204e,0.0,0.0,en,1,1
e1d40ecc1,0.3,1.2,en,4,9
c5d1b9bf9,0.2,2.6,en,3,8
4f7fc967a,0.9,0.9,en,1,1
0038c9343,0.2,4.7,en,12,17
375905770,0.0,0.2,en,4,7
30bfebc76,0.1,0.3,en,2,4
5b346ef59,0.6,1.2,en,2,6
1e8d8e53e,0.5,1.1,en,2,3
bc0a5524c,0.1,2.3,en,7,4
93b1ca32c,0.2,2.8,en,9,16
239326fd2,0.3,1.2,en,3,1
0327b8e94,0.1,0.3,en,2,8
a8da358d1,-0.3,0.3,en,1,12
7ecd54695,0.1,4.0,en,11,17
476dc0901,0.3,2.4,en,7,18
f3c8fda0f,0.4,2.1,en,4,8
b0d8b0778,0.3,0.3,en,1,9
9dca0bf20,0.9,0.9,en,1,14
a30803552,0.0,0.3,en,3,17
183c947eb,0.2,1.7,en,5,8
a5767a3da,-0.9,0.9,en,1,10
f4614847a,0.3,2.9,en,8,15
baefc2985,0.0,0.4,en,3,4
b28acaaeb,0.1,2.7,en,7,6
6bed4e9d5,0.9,0.9,en,1,1
310ea711c,0.0,0.5,en,4,46
28cc87730,0.9,2.8,en,3,9
16673c028,0.3,0.3,en,1,1
e9e263ee2,0.2,4.0,en,10,31
d33840dfa,0.4,2.3,en,5,7
dd654a9e7,0.3,1.5,en,4,8
db9af2894,0.2,0.7,en,3,13
3b0238af8,0.1,1.9,en,6,36
7bfe2d68f,0.2,1.2,en,4,8
4b2aa880a,0.3,4.6,en,10,66
a3dfe1991,0.0,0.1,en,2,5
56ddc4f47,0.7,0.7,en,1,0
4c9e42452,0.6,4.1,en,6,21
8a97062f5,0.1,1.5,en,4,6
a2665a33f,0.3,4.4,en,12,32
92189aa31,0.5,3.2,en,6,9
b48460ef7,0.5,2.1,en,4,5
e093c4886,0.0,0.2,en,2,4
ce971a506,0.2,2.5,en,5,18
57bf84005,0.9,0.9,en,1,4
dce0ccf91,0.5,2.8,en,5,6
6561001c8,0.3,0.6,en,2,1
46c44f7bc,0.0,1.5,en,4,11
48c838ef7,0.0,3.2,en,12,12
4c594983d,0.1,5.5,en,16,29
8c3d81083,0.1,0.3,en,2,5
ad6992c20,0.4,2.3,en,5,14
ccbd1f9fc,0.1,0.1,en,1,2
549c35706,0.0,0.6,en,4,10
b67a29908,0.0,0.2,en,2,4
11a30eacf,0.9,0.9,en,1,9
eb3b2ad1f,0.5,1.0,en,2,19
45d1d74ca,0.5,1.7,en,3,8
f557e9262,0.1,2.0,en,3,10
3cd5d9102,0.1,0.7,en,3,3
9817c3ef1,0.3,1.8,en,4,8
6344c2cde,0.6,0.6,en,1,10
822193428,0.5,2.8,en,5,8
2f532707f,0.3,2.0,en,6,7
1f33216f7,-0.3,1.1,en,2,3
f6003c18b,0.3,2.1,en,6,13
9b2aaf395,0.3,1.0,en,3,5
2aac3e0ac,0.1,1.0,en,4,3
7aef49fb2,0.0,1.6,en,4,9
af005c575,0.4,2.3,en,5,8
2ca3f6d92,0.1,1.8,en,7,10
35c9855f5,0.6,1.8,en,3,13
266aee5b3,0.1,3.8,en,7,20
594e3dc3f,0.0,0.3,en,5,10
ce26d6864,0.0,1.8,en,7,9
ad66b0f44,0.0,1.3,en,8,13
fcb565f06,0.2,2.4,en,6,12
432904c5d,0.9,0.9,en,1,0
4e3640544,0.9,0.9,en,1,3
ae886e80d,0.0,0.0,en,1,7
863738ca1,0.6,2.7,en,4,10
ace26786b,0.5,4.3,en,6,9
220e9aa26,0.1,2.3,en,6,31
c7969bc23,0.4,3.4,en,6,13
441594b56,0.2,3.1,en,8,17
f726dd490,0.6,3.4,en,5,4
9aa40019a,0.0,0.6,en,5,7
9031a7f4c,0.4,2.2,en,5,3
c335ad2df,0.3,7.7,en,19,54
6697a7f62,0.8,2.6,en,3,4
f7b533990,0.4,5.5,en,9,14
ba6ea2d18,0.4,1.6,en,3,6
51020fbd4,0.2,5.2,en,12,20
42ea2e045,0.2,0.2,en,1,2
649589d9f,0.3,1.1,en,3,8
f922bd640,0.5,0.5,en,1,6
b7809d0dd,0.0,0.0,en,1,2
f0ebfa37d,0.1,0.1,en,1,2
6d3930bb1,0.0,1.3,en,2,1
23bf0ed46,0.5,0.5,en,1,2
7c9e28902,0.3,0.9,en,3,6
ab1777794,0.4,2.5,en,6,9
8071fcc9c,-0.1,0.6,en,3,13
8b9c38ed2,0.6,2.4,en,4,9
b0a24f910,0.2,2.4,en,8,14
10e723583,0.3,3.3,en,6,28
865ee6652,0.1,1.2,en,5,8
9a34ddc8b,0.3,3.8,en,8,17
2374a1c12,0.0,9.5,zh,26,52
bee984e11,0.9,0.9,en,1,2
9d6c6055b,0.0,1.5,en,4,1
484346fbc,0.3,1.3,en,4,6
7d7da3838,-0.1,11.7,en,22,38
9744dcc69,0.5,1.1,en,2,3
7b3332622,0.0,1.9,en,5,5
692bde33a,0.3,2.1,en,5,12
afc71f432,0.8,0.8,en,1,8
86f40e2b4,0.1,4.1,zh,14,29
02a2a622c,0.0,1.2,en,3,7
0a38a1059,0.1,2.6,en,6,11
d76134f00,0.2,3.1,en,5,9
818cf6f02,0.2,2.0,en,5,6
f41a7de83,0.2,3.1,zh,8,34
0c2e0fc7d,0.0,1.0,en,7,19
22230a3ea,0.5,1.7,en,3,15
e0a797901,0.5,0.5,en,1,11
08767d88e,0.6,1.3,en,2,7
ba392c802,0.1,3.8,en,9,18
960f1a1d8,0.3,1.7,en,4,4
90a967a14,0.7,0.7,en,1,1
19fe29040,0.6,0.6,en,1,5
76c194060,0.1,1.2,en,4,9
bbe6ff890,0.3,4.0,en,8,14
bea8484a3,0.0,0.0,en,2,4
846ca7805,0.2,2.6,en,4,6
5e0519e3d,0.0,2.9,en,9,6
e276617a4,0.4,1.0,en,2,3
9223ae4c4,0.1,1.5,en,4,12
3d9a62b53,0.7,4.3,en,6,15
5ead05034,0.3,0.3,en,1,1
e97446c37,0.4,1.7,en,3,5
2aaa0c8b6,0.4,2.0,en,4,13
79075eca4,0.3,1.4,en,4,4
b0eeaf438,0.2,2.3,en,6,16
794a45833,0.0,0.0,en,1,1
f97d14e01,0.1,5.4,en,17,48
f026fa4b5,0.3,5.4,en,10,14
d78d1dec0,0.1,0.6,en,3,6
629df03ce,0.1,5.2,en,11,31
37d88b689,0.4,3.9,en,8,11
03f217352,0.4,3.1,en,6,9
1c28dc555,0.8,0.8,en,1,2
dabcf0e55,0.0,1.6,en,5,6
3a9f1c036,0.4,2.5,en,6,14
8d39e0fa1,0.3,2.0,en,3,5
7f4e5c2a0,0.2,3.0,en,6,11
07dd9a0a5,0.4,1.4,en,3,2
2857efde3,0.4,2.3,en,5,8
df6048227,0.0,0.1,en,2,3
cfbbeec5a,0.1,0.8,en,6,7
3304185a1,-0.7,0.7,en,1,8
7a7153881,0.0,0.0,en,1,0
9e399c659,0.8,3.2,en,4,5
daeac2b84,0.3,4.7,en,11,15
e77b5a78f,0.2,3.3,en,6,13
1ef39cee1,0.0,1.3,en,4,17
b88fa24c2,0.2,5.8,en,12,38
abd7a3201,0.4,1.4,en,3,3
b4d54e67c,0.1,0.8,en,4,8
1020c8f00,0.1,3.1,en,10,21
4ac47ceae,0.4,1.6,en,3,8
a47931d69,0.8,0.8,en,1,2
bf37d753e,0.8,2.4,en,3,7
2cb770ad7,0.0,1.7,en,5,11
92586e5a3,0.1,2.2,en,10,14
f8e3fabe6,0.4,6.5,en,10,24
e46373e2e,0.6,3.0,en,5,11
6f512ee65,0.6,2.4,en,4,5
df0a5e6c5,0.4,4.4,en,9,17
1c3f75c04,0.3,0.7,en,2,5
e6e0ad572,0.4,3.8,en,8,8
ac813296c,0.3,5.1,en,8,17
440676acb,0.0,0.1,en,2,4
c17b66965,0.0,0.0,en,1,2
a091487fb,0.0,4.2,en,9,17
e4253889f,0.3,3.3,en,4,9
31081d71d,0.4,5.7,en,11,20
f261c9968,0.3,1.8,en,4,8
282f456cb,0.5,1.0,en,2,3
b412a3f6a,0.3,3.0,en,7,27
c3cef1c4b,0.2,0.2,en,1,1
798a0cb05,0.8,1.6,en,2,3
7cbf39f49,0.9,1.8,en,2,3
9a218ea6c,0.3,1.8,en,5,7
80fcb8392,0.1,0.8,en,4,13
2105b697d,0.3,3.5,en,9,19
f7c487e58,0.1,4.1,en,13,26
62d822791,0.2,3.6,en,10,12
8cb6dfa5b,0.0,0.0,en,1,11
86c131c22,0.0,1.6,en,5,9
479500716,0.2,2.2,en,4,7
537b5f09b,0.0,3.3,en,9,16
176516c7a,0.1,0.8,en,4,14
7b4ff27b3,0.1,2.1,en,5,4
295b1eef3,0.4,0.4,en,1,4
af56651cb,0.2,0.8,en,3,3
9c296a253,0.8,0.8,en,1,3
d2fae31e8,0.0,4.4,en,13,30
d50e11ec5,0.4,1.7,en,3,4
f071f1cb7,0.1,6.2,en,17,33
4a7fe0b83,0.2,1.3,en,6,7
ca7c6095a,0.4,7.0,en,16,23
bcf13ec9d,0.2,0.2,en,1,1
2d8db1c19,0.6,3.3,en,5,11
73c4d95a2,0.2,2.7,en,8,15
902114441,0.2,1.6,en,7,9
f69a878a6,0.0,2.8,en,6,23
cab545282,0.9,0.9,en,1,4
e5e083218,0.3,1.4,en,4,9
9ac5a9faf,0.4,3.4,en,7,11
119903786,0.1,2.2,en,8,13
0bd4aed6b,0.8,0.8,en,1,1
6b574c312,0.2,3.9,zh,11,10
662af5b80,0.5,1.7,en,3,6
cbd0bf6b1,0.6,0.6,en,1,4
662f8c2a9,0.2,2.2,en,4,8
288445cbd,0.1,3.9,en,9,29
015fdb354,0.0,0.0,en,1,1
0243911ea,0.0,0.2,en,4,5
10486a12e,0.1,0.2,en,2,3
73066f6ff,-0.3,0.7,zh,2,12
f8e0a06ca,0.0,1.1,en,2,5
87074d17f,0.3,4.5,en,9,15
233aeb07c,0.4,0.8,en,2,13
7eff2bd81,0.0,0.2,en,2,1
c70a3fcc5,-0.1,1.9,en,8,18
db33da35e,0.9,0.9,en,1,5
6db8c5110,0.4,2.9,en,6,10
3fa277b19,0.4,1.4,en,3,6
bb5162df6,0.0,2.8,en,5,9
a8de0737e,0.1,0.1,en,1,2
93d43258b,-0.1,0.4,en,3,12
0e80de8ac,0.4,1.3,en,3,5
0a8fc6614,0.0,0.0,en,1,3
48bfc494a,0.2,2.2,en,6,17
6434d0273,0.4,5.1,zh-Hant,10,20
e2c1b469e,0.0,0.7,en,6,8
6ea2ddaf2,0.0,3.3,en,9,14
76d5726c4,0.6,3.9,en,6,15
573b3ec3d,0.2,0.5,en,2,6
e9fa49f8a,0.0,0.1,en,3,7
206db8d8d,0.9,0.9,en,1,3
ad6cfec5c,0.1,1.6,en,4,19
184ea777b,0.2,1.1,en,4,9
27a8bdbf8,-0.5,0.5,en,1,3
e554a9066,0.2,1.4,en,2,8
5d822305a,0.7,3.7,en,5,9
cc8bf5e79,0.3,0.7,en,2,6
25f6db0fd,0.8,1.7,en,2,1
6e5f03ddf,0.5,5.2,en,9,17
04f8947f3,-0.2,0.7,en,3,12
f04c098ed,0.0,2.1,en,4,5
9afc068ae,0.2,1.4,en,5,9
ae0bc846b,0.3,1.9,en,4,4
087804d85,0.0,1.9,en,5,12
8cf93cab0,0.5,1.7,en,3,2
4325e9930,0.0,0.1,en,2,5
b543331f4,0.8,1.6,en,2,3
78fd8ce0d,0.6,3.2,en,5,9
6316b9647,0.1,3.7,en,10,35
2618aa6a2,0.0,2.1,en,8,33
03188ecad,0.6,1.2,zh-Hant,2,5
b0dec8779,0.0,2.4,en,13,33
1925aff9d,0.5,2.6,en,5,14
8e2723a38,0.1,6.8,en,25,39
7a875ef01,-0.1,0.5,en,3,7
30669fef4,0.0,0.0,en,1,10
a45142177,0.0,0.0,en,2,2
234b2a6b6,0.2,4.2,zh-Hant,14,16
3bf6cdab0,0.4,2.0,en,3,7
22a0baf52,0.8,0.8,en,1,6
2318247fb,0.1,2.2,en,8,13
676b51817,0.0,2.5,en,7,9
936fc22ce,0.0,0.0,en,1,2
a87f5839e,0.3,3.5,en,5,9
007bc1db4,0.4,1.8,en,4,7
568a5ab51,0.2,0.9,en,4,9
fffd9b5a8,0.9,0.9,en,1,4
ddf06fabf,0.2,2.6,en,6,8
5d32494f0,0.6,1.2,en,2,8
509180812,0.4,3.2,en,8,18
9fa760b69,0.4,0.4,en,1,1
f3b52a69c,0.0,17.7,en,51,124
fde52ef8f,0.1,0.4,en,2,3
c38d0b5ea,-0.1,1.1,en,4,8
6460390c0,0.1,0.1,en,1,0
3f016dcab,0.0,2.2,en,5,12
30507c621,0.7,1.4,en,2,6
143d10038,0.0,1.1,en,3,10
39afc4a19,0.1,0.3,en,2,5
4b4f32911,0.8,2.4,en,3,10
8de170932,0.3,0.6,en,2,2
76f668025,0.4,1.3,en,3,9
7d8ffca23,0.6,3.2,en,5,15
933b2b3d4,0.1,1.2,en,6,9
6fdb43f0b,0.3,4.0,en,7,18
5997cc138,0.4,6.1,en,11,13
066498aa1,0.0,1.9,en,5,11
f618c35b8,0.0,0.7,en,2,5
41bbdb352,0.0,0.0,en,1,1
2db964259,0.0,0.6,en,3,10
4e290a43a,0.1,8.5,en,15,61
eb81b0503,0.0,2.8,en,7,7
9a770c49a,0.2,6.4,en,17,34
19272319c,0.4,2.2,en,5,8
40c204453,0.3,3.3,en,5,8
b165fe8b1,0.0,3.1,en,10,15
3c5a98448,-0.1,0.9,en,3,21
38f6f3011,0.7,1.4,en,2,3
a1019e087,0.5,2.9,en,5,11
14580436c,0.2,2.8,en,8,12
422059173,0.2,3.1,en,9,25
64e7edd37,0.3,0.3,en,1,4
a0e71d03a,0.5,5.7,en,8,12
fed799a78,0.0,0.0,en,1,2
774289137,0.0,1.6,en,3,5
b517c8c90,0.1,3.0,en,9,21
f93283e0c,0.2,0.6,en,3,3
51b7034e6,0.0,0.4,en,3,3
38436063c,0.0,1.9,en,7,11
106128c56,0.8,2.4,en,3,8
596c81470,0.6,1.9,en,3,5
5e711ed8d,0.2,3.1,en,7,15
ebbf04d10,0.5,1.0,en,2,3
5971694db,0.0,1.3,en,4,6
7d6847fba,0.2,0.7,en,3,3
f78698cc4,0.3,3.8,en,11,9
d72bc7206,0.9,0.9,en,1,1
f928a7e7f,0.6,1.8,en,3,6
4cef5b961,0.9,1.8,en,2,4
86228db7e,0.1,5.2,en,18,38
295dac1ce,0.1,1.3,en,6,19
63f2faf77,0.3,3.0,en,7,13
d433a5827,0.0,1.6,en,2,5
b35e6306c,0.3,2.5,en,8,11
7193a5332,0.6,3.6,en,6,7
d3ebee32b,-0.2,0.5,en,2,3
360dcecb1,0.3,0.3,en,1,1
967fa3210,0.2,0.5,en,2,2
3583095d0,0.8,0.8,en,1,4
5a21eec6d,0.0,0.0,en,1,4
86ce90970,0.3,3.3,en,10,17
b28951b61,0.8,2.4,en,3,5
8229b256e,0.3,2.6,en,7,9
72389d266,0.6,2.6,en,4,10
ada44e887,0.5,1.1,en,2,3
046256943,0.0,3.0,en,11,15
2cb3529bc,0.3,2.5,en,8,20
919a7dd34,0.0,2.0,en,5,9
a02551367,0.1,7.5,en,18,32
6704c5fd7,0.1,2.2,en,6,25
b52b8d946,0.6,1.9,en,3,8
ea39ef3ae,0.1,2.4,en,5,11
031a01c36,0.1,6.9,en,15,51
fd71f9fb4,0.3,1.0,en,3,5
6668704bf,0.3,0.8,en,2,9
eb79f1cfa,0.2,1.3,en,4,4
143a52d8b,0.4,0.4,en,1,5
87a16f3fb,0.2,1.2,en,4,6
11fa9d216,0.4,1.4,en,3,22
3a4ce4c6e,0.2,4.0,en,10,13
e0be7da0d,0.5,5.4,en,7,29
b9d6b1488,0.4,2.9,en,6,20
fb507a1cb,0.3,1.2,en,3,4
2398599fc,0.2,0.8,en,3,4
2a9223451,0.2,2.8,en,6,9
df9cc49a1,0.0,0.0,en,1,1
33a51709e,0.1,1.1,en,6,11
56ba19506,0.2,1.7,en,3,5
660dd8ded,0.2,2.6,en,5,13
59d42b6bb,-0.1,3.4,en,9,30
d6b7b63de,0.6,0.6,en,1,5
ce768b010,0.0,0.0,en,1,1
ec13e5f25,0.0,4.7,en,10,31
923a58e31,0.2,7.7,en,17,46
aa68a3672,0.4,0.8,en,2,3
e92713811,0.3,2.4,en,6,6
30506e8c1,0.4,2.9,en,7,15
0038234c6,0.3,3.0,en,7,13
9dae4e297,0.3,1.3,en,3,4
e24b153bb,0.3,8.9,en,17,40
682b7b7d0,0.4,2.1,en,4,7
d8f3da4b6,0.1,0.1,en,1,0
40b1839ea,0.0,0.6,en,2,6
3c43b7541,0.8,0.8,en,1,2
8cae4a15b,0.4,1.2,en,3,8
eeb377c0b,0.2,0.5,en,2,2
89bec6af3,0.0,1.0,en,2,27
dcba09ff1,0.3,0.9,en,3,6
570fb2f6c,0.3,0.3,en,1,9
c88eebfdd,0.4,1.3,en,3,3
91f87fa27,0.0,0.0,en,1,1
d86f635fb,0.3,0.3,en,1,5
d1a11cf42,0.1,0.3,en,2,2
5264f98c4,0.2,1.5,en,4,14
5d622bf92,0.2,5.3,en,10,36
02d6020a9,0.1,0.5,en,2,4
2fdc23bcb,0.7,2.3,en,3,21
f13821512,0.2,2.7,en,8,10
9521ff66b,0.0,2.1,en,9,28
c2f9689c2,0.3,4.7,en,13,15
553164b93,0.8,0.8,en,1,0
a78dcb663,0.1,0.1,en,1,1
faa139539,0.5,3.0,en,6,4
5792107ef,0.6,2.4,en,4,6
e9eeadf82,0.0,1.5,en,3,4
5a60fde1f,0.7,0.7,en,1,3
f344595d7,0.6,1.8,en,3,3
a88d34ee3,0.1,1.1,en,6,11
bd37ccdd5,0.3,2.8,en,8,9
1154c26ac,0.7,3.6,en,5,20
ee0e059cb,0.0,0.2,en,2,4
d2dd62cf2,0.3,1.8,en,3,8
4badb22cb,0.1,0.6,en,5,15
db0b0bea6,0.5,1.1,en,2,1
89d4cef63,0.3,1.7,en,4,8
21c8d5f0e,0.9,0.9,en,1,2
aaca75307,0.2,1.2,en,4,9
27bf3ae34,0.3,3.8,en,7,13
417c109aa,0.1,2.2,en,3,10
c92b59557,0.3,1.1,en,3,6
02cd64831,0.2,3.8,en,12,11
65051faf7,0.2,2.2,en,4,8
a32e58f2f,0.2,3.0,en,8,13
ad8569001,0.4,0.9,en,2,5
ec040a1ef,0.5,3.1,en,5,8
dd0b58409,0.5,1.1,en,2,3
b3408d846,0.2,0.4,en,2,6
6e9e0ce30,0.0,3.4,en,10,20
faa62a75b,0.8,0.8,en,1,1
0659c05d5,0.4,2.6,en,3,17
3664119b9,0.4,1.7,en,4,7
4bbc7992a,0.5,2.1,en,4,7
e7cecd5d2,0.2,6.4,en,14,19
deda21b9a,0.0,0.0,en,1,2
6097a5c1d,0.3,0.8,en,2,6
382d948b1,0.2,2.5,en,7,11
9664bcecb,0.8,0.8,en,1,3
339a623c4,0.3,1.1,en,3,8
8d76a1b7f,0.4,4.3,en,8,11
991eba9f9,0.2,0.5,en,2,3
21a56b530,0.0,2.3,en,8,17
9679275a3,0.7,1.5,en,2,3
cb8193d43,0.5,1.0,en,2,4
49d1423d5,0.3,2.7,en,4,5
282c90ff4,0.2,1.3,en,4,5
81d38d5ec,-0.8,0.8,en,1,4
a37e46e35,0.0,0.0,en,1,2
21e4ca7d1,0.9,0.9,en,1,1
618bb4def,0.0,1.0,en,3,7
3b8b38508,0.3,2.0,en,3,10
c5c51218f,0.1,2.3,en,4,3
4529e91da,0.1,3.2,en,10,21
6c3222742,0.1,1.0,en,3,7
774bd5a80,0.4,2.0,en,5,10
17ba1d7ce,0.3,1.5,en,5,6
843f45598,0.4,3.6,en,7,18
f6ec35f31,0.1,1.7,en,4,7
78599649f,-0.2,0.7,en,3,8
29fd25bc8,0.3,0.9,en,3,7
7ca780c35,0.4,3.6,en,8,7
645914c88,0.1,1.2,en,4,10
eda415d15,0.2,3.1,en,10,19
27ab49f1a,0.1,0.1,en,1,10
63df28877,0.5,1.8,en,3,4
53b996932,0.9,0.9,en,1,2
bd59fdd99,0.1,1.1,en,3,6
bf9fe33d0,0.3,4.0,en,10,17
f031aaaef,0.2,2.8,en,7,7
f096fcbc6,0.0,1.6,en,2,4
064217ca4,0.5,2.9,en,5,9
91633ef0b,0.5,1.5,en,3,18
65180c32a,0.4,1.4,en,3,3
6c17339fe,0.2,2.9,en,9,14
9702a20bb,0.0,0.0,en,1,3
166650836,0.4,2.8,en,6,29
5dff24075,0.0,0.0,en,1,1
19f5a15ab,0.4,6.4,en,15,37
5e5d1fc6d,0.3,1.0,en,3,5
9c91ae76a,0.2,3.3,en,8,14
9b71a3c06,0.4,2.2,en,5,13
16dc1188b,0.7,1.5,en,2,5
2e77e1c78,0.3,1.3,en,5,9
210b8d077,0.0,1.8,en,3,6
b940cf8b8,0.1,0.3,en,3,4
5510ac89a,0.4,1.3,en,3,7
dbfc5a778,0.2,2.6,en,10,18
68f3cfdcb,0.0,2.7,en,8,32
61ac348d1,0.9,0.9,en,1,2
62d6817ab,0.1,0.7,en,4,11
9b8805c58,0.1,0.1,en,1,2
943bcd4db,0.1,2.7,en,8,9
7b9cd9253,0.2,0.9,en,3,8
298ae7ea4,0.8,1.7,en,2,2
578880eb3,0.0,4.3,en,13,37
fa7c7d1be,0.0,0.0,en,1,1
1a018ef15,0.2,2.3,en,8,17
3d7204289,0.3,1.6,en,5,9
836b6e6f3,0.2,1.5,en,5,7
91697ee90,0.4,2.4,en,5,8
3e25d4fb8,-0.3,1.1,en,3,3
faf4322a0,0.1,1.7,en,5,15
54ec12bf6,0.0,2.4,en,6,17
48594b089,0.2,0.9,en,3,7
113bc00e8,0.3,3.6,en,8,10
01c202740,0.9,0.9,en,1,4
979bab13e,0.4,3.4,en,5,11
4715f897c,0.0,6.9,en,17,52
79f8b048f,0.0,3.2,en,6,20
245d6e033,0.3,2.8,en,4,10
66a1d5bc4,0.3,1.7,en,5,13
7e704dadb,0.1,2.6,en,8,11
47d68f63c,0.1,1.3,en,5,8
89c7be602,0.5,0.5,en,1,6
cbc7dc778,0.2,1.1,en,5,5
8e01a6de2,0.1,1.4,en,4,9
dfcbce94d,0.5,2.5,en,5,5
4a78b3e0b,0.1,3.8,en,10,17
81670cf7e,0.0,0.4,en,2,4
309f63a00,0.0,0.1,en,2,4
09c00211e,0.0,1.5,en,7,8
77d38bd16,0.4,2.8,en,6,9
31a77d7ba,0.2,3.5,en,9,15
6f0cb510a,0.3,1.4,en,4,8
3effb8d44,0.2,1.1,en,4,3
a86bbc71f,0.6,1.2,en,2,4
cabb4127e,0.2,1.1,en,3,5
68731378e,-0.1,0.1,en,1,2
b8c54bc91,0.0,0.0,en,1,0
35cc85250,0.0,1.9,en,7,13
e3a5332ce,0.5,3.4,en,6,12
0e23c4abd,0.0,0.0,en,1,4
189a8292b,0.0,1.9,en,3,7
04e7d89c0,0.0,4.4,en,9,31
79b439763,0.3,0.7,en,2,3
916c891aa,0.8,0.8,en,1,2
d5cbed556,0.8,0.8,en,1,2
6c5f1f0a3,0.3,0.7,en,2,4
bb19c3013,0.8,2.5,en,3,2
65a7711bd,-0.7,0.7,en,1,29
e58eb3249,0.1,0.1,en,1,0
da7fe1120,-0.1,0.8,en,5,6
ff125cf8d,0.1,0.9,en,5,7
a462b563c,0.8,0.8,en,1,1
c93191313,0.8,0.8,en,1,2
ab4ab38d7,0.1,1.6,en,8,12
5208915a3,-0.3,1.8,en,4,6
c43be9e6c,0.5,0.5,en,1,4
d8dd968c6,0.1,0.1,en,1,7
624fadbd4,0.1,0.1,en,1,1
081c2daa0,0.0,0.0,en,1,1
175f4a910,0.0,1.8,en,4,7
8de51ad1e,0.0,3.6,en,10,22
7b052d37d,0.0,3.8,en,11,14
c93e63352,-0.1,1.3,en,3,17
b138f5cc9,0.8,0.8,en,1,2
df9a4b31f,0.6,3.8,en,6,9
89ba257e1,0.1,1.8,en,4,7
c0b3f2081,-0.1,0.4,en,3,6
d2490c888,0.1,4.8,en,11,25
68d430cbd,0.2,0.6,en,3,4
b5b9f6e99,0.5,3.0,en,5,8
74363ff2b,0.0,1.7,en,3,7
34fe22f69,0.2,0.4,en,2,9
c32940f0f,0.3,4.3,en,11,13
2bc51f69b,0.3,4.7,en,9,33
729d8ba72,0.2,0.4,en,2,6
0f1424059,0.9,0.9,en,1,0
6ad5153bb,0.3,1.4,en,4,4
bea6f651c,0.2,0.8,en,3,11
f4e2b49f5,0.3,1.1,en,3,9
2099c09a0,0.8,1.7,en,2,4
14e52bdaf,0.5,1.1,en,2,9
3f7ef9681,-0.1,2.5,en,7,20
05d2022eb,0.3,3.3,en,5,6
d1de97c49,0.1,2.6,en,6,11
61b6e170c,0.5,0.5,en,1,0
0eb219818,0.5,1.0,en,2,5
99e9a454d,0.2,0.7,en,3,9
81015c1aa,0.0,3.1,en,6,23
cc22a5abf,0.0,0.3,en,4,11
ff0b61121,0.0,1.4,en,3,14
971817521,0.1,2.7,en,5,9
9d3c3c390,0.1,1.9,en,3,19
f48338adb,0.7,1.4,en,2,9
867308404,0.9,0.9,en,1,3
953e3ebd4,0.4,1.2,en,3,4
8632f7132,0.4,1.3,en,3,10
807e3b981,0.2,2.6,en,4,7
0fe9d0022,0.5,1.0,en,2,2
03f130f5f,0.1,0.1,en,1,2
76dae2b3e,0.2,1.8,en,5,8
91568ddf1,0.8,2.5,en,3,5
1fce53107,0.2,0.8,en,3,4
b4d6d190d,0.9,0.9,en,1,4
52f3d0bf9,0.2,2.2,en,7,19
2ba9dfe93,0.3,1.3,en,4,6
d2d9924f0,0.1,1.8,en,6,12
b12e22341,0.1,2.5,en,9,20
1e34e1ebe,0.6,2.6,en,4,5
78c3c7f21,0.4,2.5,en,5,10
49c8a0216,0.3,0.9,en,2,3
3890935ed,0.0,0.0,en,1,1
bb9a64e6f,0.7,1.5,en,2,2
0149d04e7,0.4,2.4,en,5,25
840fbaeba,0.8,1.7,en,2,3
95636a0d9,0.2,11.3,en,28,41
04e829d49,0.0,1.6,en,2,4
c37cd2095,0.4,1.9,en,4,8
6f863a03a,0.0,0.0,en,1,2
9e4420002,-0.1,0.4,en,4,6
706a9cd5c,0.3,2.0,en,3,6
495ce6c73,0.0,0.7,en,5,7
72519f841,0.5,1.7,en,3,9
05d10428c,0.2,3.4,en,11,12
99558ec92,0.0,2.0,en,6,10
ece82128e,0.1,1.4,en,4,6
611045510,0.2,1.7,en,6,7
2a9a33d29,0.2,7.1,en,11,20
64904cb52,0.6,1.2,en,2,4
e4fb514b2,0.6,1.8,en,3,5
6c7db281b,0.4,4.7,en,9,21
2b1582f99,0.5,3.0,en,4,14
f0057428e,0.1,1.3,en,3,6
00c19f4fa,0.8,1.7,en,2,6
0c2549da5,0.2,2.7,en,8,16
8d1dce21f,0.3,0.6,en,2,4
deeea2b65,-0.3,1.5,en,4,6
20e46cb8d,0.2,3.0,en,5,7
cdb4a7a7d,0.0,0.0,en,2,4
aa07ee8b8,0.2,1.2,en,3,7
a92b06d0f,0.0,6.2,en,15,27
49f06aa59,-0.1,0.8,en,4,9
82ea3883e,-0.2,0.2,en,1,0
d0aa84916,0.0,0.2,en,3,7
169fc07e1,0.0,5.2,en,20,40
a7d44898b,0.2,2.9,en,8,9
3099254c2,0.6,4.7,en,7,26
484af2d62,0.0,1.5,en,11,12
2148c2ef6,0.3,6.3,en,15,34
838c5c399,0.1,0.9,en,5,11
54224dada,-0.3,2.1,en,3,9
467aed7e3,0.4,4.4,en,9,28
8f1105e2a,0.3,1.1,en,2,2
f7550219b,0.7,1.4,en,2,5
2e6fc0342,-0.5,0.5,en,1,3
40f1ee340,0.0,1.5,en,3,8
b94b99757,0.5,1.8,en,3,3
7000a4f76,0.2,0.2,en,1,5
e7a8fea6b,0.3,4.4,en,13,29
8421c66e6,0.3,2.2,en,7,10
e9ec4d543,0.3,5.1,en,10,19
6c61c33ee,0.0,1.4,en,4,7
4c9f111f1,0.6,1.9,en,3,8
1811b1412,0.2,4.0,en,11,26
952501bdb,0.0,3.5,en,9,18
fd740c8dc,-0.1,1.7,en,7,15
23367e78c,0.3,1.0,en,3,2
f2b8dbfde,0.0,6.0,en,16,40
923a7163c,0.2,1.3,en,4,5
3e13d34d6,0.3,3.0,en,8,13
94ec1c180,-0.2,0.5,en,2,14
71b8ca636,0.7,0.7,en,1,1
ba72b4212,0.5,1.1,en,2,3
fce6f8dff,0.4,0.4,en,1,8
a1a9e48a6,0.5,1.5,en,3,10
000a290e4,0.3,0.6,en,2,7
5bf976dd7,0.0,0.0,en,1,1
c42153e51,0.3,3.7,en,9,16
5382ef1e5,0.2,1.0,en,4,5
e83f846eb,0.6,0.6,en,1,3
12c65f314,0.3,2.4,en,4,5
5971c2462,0.6,1.8,en,3,2
bf5c5cded,0.1,2.9,en,5,8
c6e763332,0.0,0.0,en,1,2
412b8d565,0.2,1.6,en,5,13
1baea0d16,0.3,1.9,en,5,16
004a26127,0.5,4.0,en,8,18
c31f3d3f3,0.0,3.5,en,7,36
9cf32e2a6,0.8,0.8,en,1,1
f6beefaeb,0.6,0.6,en,1,3
83b2fae5e,0.2,0.2,en,1,2
4d4c7be64,0.0,2.7,en,8,18
60f513e5a,0.1,1.3,en,4,11
31144a6be,0.0,0.0,en,1,2
8e8080bbe,0.4,2.3,en,5,9
1e7a3b766,0.3,3.2,en,6,13
92bf4bb1a,0.1,0.1,en,1,0
cfae2101c,0.1,0.5,en,3,4
d6aa53be7,0.0,0.4,en,3,7
c68936b74,0.4,2.5,en,4,6
121abd2ba,0.1,1.6,en,3,9
257a99aa2,0.3,3.9,en,8,18
0f78e05ef,0.1,1.2,en,2,4
bc6abd32e,0.4,1.2,en,3,9
d25a850ae,0.3,3.9,en,8,18
5bc5e3faa,0.3,1.9,en,5,6
ef7bdaf3a,0.3,7.0,en,13,28
5dddf96e8,0.0,1.7,en,2,7
2cf6b6627,0.6,0.6,en,1,3
b73cc0f45,0.4,2.4,en,5,7
52ec30101,0.2,4.5,en,13,40
65ba8b6a0,-0.5,0.5,en,1,17
6784b2fcd,0.2,3.5,en,6,12
7adb5f44c,0.3,0.6,en,2,4
f20fa5c38,0.1,2.0,en,3,7
e90451ea4,0.0,0.5,en,5,10
28a0ae4fe,0.5,3.2,en,6,11
91b580948,0.1,3.4,en,8,24
a79fe858d,0.4,3.4,en,7,14
08f038689,0.2,0.6,en,3,7
b2b3baca1,0.5,2.5,en,4,10
2c3f23fce,0.0,0.1,en,3,8
26fdc2915,0.1,0.3,en,2,4
790e639ed,0.2,1.1,en,5,6
4edc9ecc5,0.8,0.8,en,1,12
3595648ea,0.1,0.2,en,2,1
f1c03b3d0,0.0,0.0,en,1,6
3813bc7c5,0.6,1.9,en,3,8
43100edd5,0.2,3.1,en,7,8
9cc8bae3b,0.5,2.1,en,4,4
46687a6d1,0.5,1.0,en,2,3
6a864757b,0.3,2.6,en,5,11
30917edfa,0.2,1.1,en,4,12
783a33f4c,0.4,5.0,zh-Hant,8,9
1ccd49ce2,0.2,2.2,en,7,17
789083f3a,0.6,3.0,en,4,10
ed9885dcd,0.1,3.4,en,8,20
6f1e6e8ed,0.4,3.1,en,6,18
2a92877f7,0.2,1.4,en,5,8
ff5ea4f84,0.1,0.4,en,2,6
3fbc3fa12,0.3,1.2,en,4,9
a81084ff0,0.3,3.0,en,7,12
ff361d3b6,0.1,1.2,en,6,13
0690278af,0.0,0.0,en,1,1
ad160afc4,0.5,0.5,en,1,2
66064ba80,0.0,0.0,en,1,1
c89e5d2b1,0.3,2.5,en,6,16
88a5b8318,0.4,1.3,en,3,6
b488dc067,0.0,1.0,en,6,18
2683c99f1,0.3,1.3,en,3,9
53e7035cf,0.3,2.0,en,5,13
b6492d3b1,0.6,1.9,en,3,5
9fd2b640f,-0.2,1.1,en,4,7
1c107ce2b,0.4,2.7,en,5,10
6c75b9082,0.5,3.1,en,5,7
ff127e4d3,0.0,5.6,en,16,33
c5b943ccc,0.3,2.0,en,5,13
de1f49c9d,0.8,2.5,en,3,3
ba20d5a08,0.3,2.6,en,6,7
d9b9b0174,0.1,0.1,en,1,4
dcf366e02,0.8,0.8,en,1,0
29af2b6ec,0.4,1.3,en,3,4
00648f96f,0.9,0.9,en,1,4
e2198e9c3,0.0,0.0,en,1,2
9c87d70e5,0.9,1.9,en,2,10
9351d5173,0.7,3.1,en,4,9
746fb982c,0.5,1.0,en,2,6
97ce22dae,0.4,3.3,en,6,12
efa71e34a,0.5,2.8,en,5,9
060d1de98,0.1,5.1,zh,15,47
bde802b84,0.3,2.8,en,6,12
6dac572be,-0.2,0.4,en,2,8
8e2335bf5,0.3,2.8,en,7,9
3b4a987ba,0.2,8.7,en,18,44
a6af385f0,0.2,6.5,en,15,43
418a25e6b,0.0,2.9,en,6,18
43c43bfed,0.2,0.2,en,1,5
99eb49749,0.1,0.1,en,1,7
3d6f14681,0.1,0.7,en,3,5
5b4caee59,0.9,1.8,en,2,14
4247730f1,0.1,3.8,en,10,27
74d40e344,0.3,9.2,en,19,36
bb051be7c,0.6,2.4,en,4,10
eb102e06d,0.0,0.4,en,2,9
f849d1829,0.3,2.8,en,6,10
387a2639c,0.0,3.1,en,5,9
edf80e3cc,0.0,0.6,en,5,7
707b0c535,0.4,6.5,en,11,37
dee525fcd,0.1,1.9,en,7,27
b1a6fb38c,0.1,0.1,en,1,1
04d4ce3a4,0.9,3.7,en,4,8
bca8b44ae,0.3,0.7,en,2,1
736b228b9,0.3,4.4,en,9,39
be16b20d6,0.1,4.2,en,9,14
d1da78c20,0.9,0.9,en,1,0
773243cf2,0.6,1.3,en,2,6
060b52c3b,0.2,3.1,en,8,20
761523328,0.7,1.5,en,2,6
763264fa2,0.0,7.5,en,20,54
3c778df64,0.7,0.7,en,1,3
cedeef1a7,0.4,2.9,en,6,9
469894776,0.4,2.7,en,6,11
1e7e220d7,0.9,0.9,en,1,2
608a58c8e,0.0,0.0,en,1,1
a970b89c7,0.0,1.9,en,5,15
73d65de2d,0.7,0.7,en,1,0
724736153,0.0,0.0,en,1,1
e77941c00,-0.7,1.5,en,2,11
254dd6ba7,0.2,0.4,en,2,5
6f41847b5,0.0,1.6,en,8,11
d7dc2efde,0.9,0.9,en,1,2
083787e4a,0.3,2.7,en,6,13
ba04f3e21,0.1,2.6,en,4,16
6b2fc7a10,0.0,1.0,en,3,7
86d87d5f7,0.4,2.2,en,5,12
f2bb56f7a,0.0,1.9,en,7,11
8e68a9075,0.4,2.5,en,6,12
451d17b57,0.2,3.1,en,7,18
86c35033b,0.2,0.2,en,1,8
cf9bc2dc8,0.2,1.2,en,4,8
efeabd288,0.4,4.2,en,8,24
fd39fef15,0.1,2.3,en,6,15
0d55c2e2b,0.3,2.6,en,5,7
a83d95ead,0.9,0.9,en,1,2
5893f7a9e,0.6,3.0,en,5,14
e90930a27,0.3,1.3,en,4,9
d92c326f8,0.1,1.5,en,6,7
acc741f2d,0.1,0.3,en,2,4
9a8cbb0c8,0.0,1.7,en,6,9
a3d9bc3aa,0.4,2.3,en,4,8
d7cc44152,0.4,2.7,en,4,6
f58424835,0.4,4.7,en,9,24
6185f59bf,0.2,1.4,en,7,11
ef80d0222,0.2,5.2,en,10,25
59a08eeec,0.1,5.5,en,18,33
848c1d759,0.2,1.7,en,3,7
fc2012c7e,0.3,1.1,en,2,6
352ba3335,0.0,1.5,en,5,9
8a3c86cde,0.6,2.4,en,4,7
51c04983b,0.9,0.9,en,1,3
a99a82e6d,0.1,3.0,en,4,9
ef14861df,0.7,2.2,en,3,5
d0b61aedc,0.9,0.9,en,1,5
f1dc8864e,0.1,2.0,en,4,14
248eca1fa,0.0,4.0,en,9,27
35bd82365,0.6,1.9,en,3,7
af75249aa,0.0,0.0,en,1,1
6f18704f7,0.2,2.9,en,9,19
699365a99,0.2,0.9,en,3,4
d30c88c64,0.1,3.5,en,6,11
e96c2483c,-0.2,0.9,en,3,11
b5486d844,0.2,3.7,en,13,24
5a567392e,0.6,3.0,en,5,11
b66715e26,0.4,3.0,en,5,11
daed4ac40,0.2,1.0,en,3,6
16a71f0de,0.2,4.3,en,13,22
3ec367f79,0.0,0.0,en,1,1
1e5aeb31d,0.3,3.1,en,7,8
4872c28b4,0.2,2.5,en,4,14
44ddc2e22,0.7,1.5,en,2,2
91736f444,0.3,1.2,en,3,7
554c80a2a,0.0,0.0,en,1,1
9499f293e,0.0,0.0,en,1,1
3947180ba,0.2,3.1,en,7,11
802a18435,0.5,1.0,en,2,5
a1fb1b5bb,0.5,2.1,en,4,8
47ad7a82a,0.2,0.5,en,2,9
d8e376a50,0.5,3.0,en,6,11
62c16fa1a,0.0,0.0,en,1,1
392caeaed,0.0,1.9,en,5,15
4be73c550,0.1,0.1,en,1,2
b1e590596,0.0,2.0,en,8,12
360215e23,0.3,0.9,en,3,5
0ea0beb3c,0.1,2.5,en,6,9
f86c83084,0.4,3.0,en,6,6
b25ad3ff0,0.3,0.3,en,1,1
5f1a700fd,0.2,5.4,en,15,36
af7125abe,-0.1,0.1,en,1,1
5ca64db1a,0.3,1.1,en,3,4
59b224cc9,0.6,4.5,en,7,14
e0d71d1af,0.5,2.5,en,5,11
6c3b8c99c,0.1,0.8,en,4,14
3b1391dda,0.2,4.2,en,7,16
0f311b358,0.2,4.7,en,10,18
9a2f44ddf,0.1,3.0,en,8,13
f1b5c8b92,0.3,3.7,en,9,28
e052a2a39,0.4,1.9,en,4,9
c787ee619,0.0,2.0,en,5,10
c7e8a87dc,0.2,15.2,en,32,92
9f56880b6,0.2,2.0,en,6,15
714b4fa64,0.2,0.8,en,3,4
2e2b3f60c,0.1,0.3,en,2,2
897e065bd,-0.1,0.8,en,2,9
d09a7dda3,0.4,3.3,en,7,11
b4475834d,0.4,1.7,en,4,12
cab92d5a3,0.1,1.3,en,5,14
a7560614d,0.0,0.1,en,2,5
d8697f0fd,0.3,1.2,en,3,4
82ab0ebbd,0.1,0.1,en,1,2
52e555a3a,0.3,2.4,en,4,3
8ad59da0e,0.3,0.3,en,1,0
b66a5bd9d,0.1,1.1,en,6,8
a7b53e5ca,0.9,1.8,en,2,6
ef4dce041,0.4,2.3,en,4,15
0052dcf47,0.3,0.7,en,2,6
24379b58d,0.6,1.9,en,3,6
8b6f2ff52,0.3,3.3,en,8,16
a015cce59,0.9,2.7,en,3,4
e778cd78b,0.6,3.1,en,4,13
5ee5f72b8,0.9,0.9,en,1,1
a0f76e19b,-0.2,0.6,en,2,9
5f0bfe5a9,0.3,1.0,en,3,4
f94c2a347,0.9,0.9,en,1,3
84057a73d,0.1,0.7,en,3,5
1dff1959b,0.3,1.8,en,6,5
f69176873,0.3,0.7,en,2,6
6ad1d75b2,0.6,3.0,en,5,8
71e5aca0a,-0.1,0.1,en,1,3
2262be7e9,0.3,2.0,en,3,6
752b2d9c5,0.5,4.4,en,6,13
ef86c51b2,0.2,6.1,en,16,48
500728fdd,0.2,1.6,en,4,4
3b2a0338e,0.5,1.0,en,2,1
9160fdb5f,0.5,1.7,en,3,11
f522ad8d4,0.1,4.4,en,13,23
c7d02bfca,0.2,0.7,en,3,4
b25c2d2d1,0.3,3.7,en,7,17
27e318160,0.2,0.5,en,2,4
7439df9c4,0.4,2.4,en,3,9
c99e3a906,0.5,1.5,en,3,3
b3db0fa59,0.2,3.7,en,10,21
5e27bdcde,0.4,1.7,en,4,18
c81a8045f,0.8,0.8,en,1,6
f61c4cead,0.5,2.7,en,5,11
65de38d1d,0.4,2.3,en,5,4
8f26b1b5c,0.9,0.9,en,1,3
ffb33c204,0.5,2.3,en,4,7
13485ebf1,0.9,0.9,en,1,2
38d23c02f,0.1,1.2,en,8,8
2befe2607,0.2,2.0,en,8,17
e909c484a,0.8,0.8,en,1,1
a30ec0916,0.3,1.2,en,3,5
bef49a74b,0.2,1.2,en,4,7
bdb0f50e0,0.4,3.8,en,8,19
3f4fff7b2,0.3,2.6,en,8,15
72896003b,0.6,2.7,en,4,9
cb0c04621,0.0,4.7,en,20,30
daa73505c,0.0,0.3,en,5,3
3b41cf42a,0.4,2.1,en,5,7
cba8264f9,0.2,2.4,en,4,9
609e37f6a,0.0,0.4,en,4,13
172b6f611,0.7,0.7,en,1,1
c70867d90,0.2,2.5,en,4,7
e442c149f,0.3,2.7,en,7,20
ead547f1b,-0.1,0.1,en,1,4
c7a324d3d,0.1,5.1,en,12,22
5f235ec16,0.8,0.8,en,1,2
76d3ef2a4,0.2,0.6,en,2,6
03ae93b48,0.3,0.3,en,1,1
0434520ef,0.1,3.1,en,7,8
e73545fe5,0.0,1.5,en,4,9
09db544ea,0.2,6.7,en,13,60
b421d0d48,0.3,3.9,en,8,18
caa5d1e6b,0.2,0.7,en,3,5
400a15912,0.3,0.7,en,2,1
2bea067f2,0.2,3.3,en,9,20
91d238a62,0.0,0.0,en,1,1
45c871da9,0.7,2.3,en,3,2
c36943627,0.3,3.5,en,10,15
779bcf3fd,0.8,0.8,en,1,1
1a6729b6f,0.9,0.9,en,1,21
7fb5c3b87,0.0,1.1,en,3,9
ec59f8c50,0.0,2.5,en,6,17
3a94fdf2d,0.1,1.2,en,6,6
3aa4a07dc,0.0,0.0,en,1,8
851302ab1,0.0,0.0,en,2,3
4d8bf7feb,0.2,2.5,en,4,5
c0de58288,0.4,2.4,en,5,9
0d7247d3e,0.0,0.0,en,1,7
8d970238d,0.4,3.2,en,8,10
3060d192f,0.5,2.1,en,4,10
2836c44dc,0.0,0.0,en,1,1
a1b34954b,0.3,1.6,en,4,18
766c2cd92,0.0,0.2,en,3,4
74cd0ff66,0.5,2.6,en,5,8
245bfe92f,0.1,3.6,en,10,15
5685ae208,0.6,1.8,en,3,4
3e2347b40,0.1,4.6,en,15,42
74fb03e51,0.0,1.6,en,4,11
7cbe52a0f,0.0,4.3,zh,15,37
7ed568ab9,0.0,0.7,en,3,3
195c119c9,0.3,1.2,en,3,4
081301773,0.9,0.9,en,1,2
de34278bc,0.1,3.1,en,10,21
97dd55a08,-0.1,0.3,en,3,1
a7402f657,0.2,0.9,en,3,9
b16852e32,0.5,6.1,en,10,16
518384a79,0.4,0.4,en,1,2
b440a9cf1,0.5,2.5,en,4,10
81ea0e01a,0.0,4.7,en,17,49
a5a240214,0.4,1.7,en,3,7
dfd0fbde8,0.0,3.3,en,4,14
87aff0121,0.2,5.6,en,10,16
3bedb1ef9,0.3,2.6,en,7,23
96477b249,0.0,1.8,en,6,7
75a803430,-0.2,1.1,en,3,13
79ad78fc4,0.4,2.4,en,5,11
8c75e5189,0.0,1.3,en,6,13
69f9ebfbc,0.1,10.8,en,28,50
a06a2ee4e,0.2,5.4,en,12,23
c6189ea84,0.1,1.6,en,4,5
eabef1496,0.2,1.3,en,3,2
c9e2b26c4,0.3,2.0,en,5,13
c93e37265,-0.3,1.0,en,3,5
bc14f3a48,0.8,0.8,en,1,2
89bc4559f,0.1,1.0,en,5,13
f20390dba,0.5,2.0,en,4,5
b05d0484f,0.5,5.9,en,10,18
ff2224b9d,0.6,1.3,en,2,2
4d8b93dd1,0.9,0.9,en,1,4
b0b33bec3,0.2,2.3,en,7,19
2868f9f3f,0.3,2.0,en,5,14
65c2785b3,0.1,0.6,en,3,5
f4415e636,0.7,0.7,en,1,2
ab09748d1,0.3,2.7,en,5,22
ea03ccbba,0.6,0.6,en,1,3
21f945788,0.2,0.7,en,3,5
eea42fc56,0.3,1.9,en,5,6
6d55edd17,0.0,1.1,en,3,6
d7c6e0401,-0.2,1.2,en,4,7
a963a6979,0.1,1.7,en,4,7
e218c632b,0.1,3.4,en,13,23
771156bfd,0.0,0.2,en,3,7
eeb60466e,-0.1,3.3,en,6,22
91bab29e9,0.2,1.0,en,3,4
4f1bf01b6,0.6,4.0,en,6,15
543130f60,0.4,3.7,en,5,7
df17a57ae,0.2,8.1,en,19,60
0fd9076d7,0.0,0.0,en,1,1
10bbe5ea4,-0.1,0.4,en,2,8
7131cab79,-0.2,1.7,en,6,21
8ce183889,0.4,1.4,en,3,5
331a745e8,0.5,1.9,en,3,6
cbd703fb6,0.7,4.5,en,6,21
e911008b8,0.1,9.6,en,20,67
43c8e589d,0.1,0.8,en,3,11
125522846,-0.1,3.4,en,9,19
4518f180e,0.0,1.9,en,3,7
ec4089e58,0.2,1.5,en,3,8
8913e5b27,0.5,1.1,en,2,3
791e6dc19,0.0,0.1,en,2,7
687e9c33c,0.0,0.3,en,3,11
93df8b5c7,0.0,0.0,en,1,2
95b94b4ac,0.2,0.2,en,1,2
d3ffc5c1b,0.8,0.8,en,1,3
d755e40d7,0.8,1.7,en,2,3
9b56301b6,0.5,1.7,en,3,7
afefc6424,0.9,1.9,en,2,4
9869aad59,0.2,1.3,en,5,7
df59dd59f,0.1,0.7,en,6,8
aa189a931,0.3,1.1,en,2,4
46e25aa2b,0.2,2.2,en,5,18
91e1bffc5,0.2,3.1,en,8,17
6c196faec,0.1,4.0,en,7,13
d476272d7,0.1,0.6,en,3,9
86d203b94,0.3,1.2,en,3,4
e0764fb9a,0.9,0.9,en,1,2
4eba3b5c0,0.5,1.7,en,3,4
27b6e5aca,0.5,1.0,en,2,3
de0202010,0.2,0.4,en,2,2
4a9d058f6,0.1,2.6,en,8,13
f29dc8be2,0.2,2.1,en,5,9
0d4750032,0.3,1.5,en,4,12
f5d7daf1a,-0.7,0.7,en,1,14
c2cad7ef6,0.0,1.1,en,4,12
c7575df7b,0.1,2.7,en,6,24
740d9759c,0.1,0.2,en,2,5
b356b0f05,0.7,0.7,en,1,1
8d7c78428,0.6,1.8,en,3,6
6a34d34ab,0.3,1.9,en,5,6
9b7179c65,0.0,0.0,en,1,1
e7e23bfbf,0.2,2.0,en,8,10
21c281e66,0.2,1.2,en,4,5
88db34068,0.4,2.9,en,6,11
fe2757847,0.0,0.8,en,5,12
092b32197,0.1,0.4,en,2,6
27e16a68d,-0.7,0.7,en,1,4
32387ac37,0.5,1.7,en,3,6
8d650d311,0.3,11.3,en,19,36
f663a91e8,0.2,20.5,en,51,189
0a0862717,0.3,0.6,en,2,4
20e75472d,0.1,1.5,en,3,10
e1262c956,0.7,2.2,en,3,22
765bd139e,0.2,2.7,en,6,10
1c8ab73ca,0.3,2.9,en,5,13
69df3f618,0.2,0.4,en,2,3
2dd6e4186,0.2,1.2,en,4,7
f87489d3e,0.2,3.2,en,7,15
749afb385,0.3,2.0,en,6,15
9b251f717,0.4,0.9,en,2,6
cb474120b,0.1,1.3,en,3,5
4470adc62,0.3,0.7,en,2,5
4f9379256,0.5,1.1,en,2,4
c9feb3eb3,0.5,1.6,en,3,3
07cc0ce27,0.1,9.2,en,25,55
39fb68722,0.2,2.7,en,6,13
eb900ff8a,0.0,1.3,en,6,20
baf49463a,0.0,3.1,en,9,23
0d20efa95,0.7,2.9,en,4,10
a0fb13b2e,0.2,1.4,en,4,5
ff47b9a27,0.1,0.1,en,1,2
77035285f,0.2,0.2,en,1,8
0fd1d2d85,0.3,4.3,en,9,20
ec4849051,0.1,2.7,en,6,17
8648922dd,0.0,0.0,en,1,3
2e3bec724,0.5,5.6,en,10,14
12d514ef2,-0.4,4.1,en,8,22
3b95539f0,0.4,0.9,en,2,3
dfe7a59b4,0.0,0.8,en,6,12
585a705fc,0.1,0.1,en,1,2
091a5da01,0.0,3.8,en,13,26
6309f250d,0.2,3.1,en,6,14
b16b24c21,0.1,0.1,en,1,2
98ae607d8,0.5,2.8,en,4,11
22bc76cf6,0.0,0.0,en,1,3
4ae292968,0.6,0.6,en,1,5
fd7811109,0.3,1.1,en,3,10
acb248693,-0.2,2.6,en,3,17
28bafb2ee,0.0,0.2,en,3,4
bac34e381,0.6,1.9,en,3,4
d0d2a12a2,0.5,2.2,en,4,2
dae92dd61,0.6,2.4,en,4,8
833c51fd2,0.1,0.6,en,6,10
dd0d78496,0.5,0.5,en,1,3
65a98c48f,0.3,4.8,en,12,19
27c4981c9,0.1,2.0,en,4,14
75bc667ae,0.1,1.0,en,3,3
65d10be4d,0.2,2.7,en,6,15
20f05426f,0.0,1.9,en,7,7
5e1c81876,0.9,0.9,en,1,2
331476348,0.8,1.7,en,2,3
705a6dffe,0.3,2.7,en,4,12
396910627,0.7,1.4,en,2,5
637e741e8,0.0,0.0,en,1,0
d3ef2ebef,0.9,0.9,en,1,0
671ffc570,0.5,1.7,en,3,7
51398fac1,0.2,3.2,en,8,17
0b8e1dd80,0.6,3.2,en,5,13
918471707,0.3,5.1,en,12,25
5457a593a,0.5,2.3,en,4,7
4b7262ad7,0.4,2.8,en,6,5
1d9604897,0.5,1.7,en,3,11
fe9307848,0.9,0.9,en,1,2
58e368a56,0.0,0.5,en,4,6
29bf0cb2c,0.3,3.2,en,8,20
331a14422,0.2,2.0,en,7,24
19470706b,0.2,1.8,en,4,9
75f3f26cd,0.4,2.5,en,4,12
f2aac285e,0.6,2.4,en,4,4
c8e941dbd,0.2,6.6,en,23,56
f0ef9c777,0.3,4.2,en,9,14
d919bd302,0.2,3.1,en,8,20
a36b60379,0.1,3.0,en,6,10
1fba9cbc9,0.2,11.3,en,25,106
94d930dae,0.5,1.0,en,2,5
80b137b2a,0.8,0.8,en,1,2
3b901ae31,0.4,1.8,en,4,6
9d5f190cf,0.2,6.8,zh-Hant,16,33
d672df50c,0.6,1.8,en,3,5
86dec16a3,0.6,3.9,en,6,13
ffab93d18,0.3,3.6,en,8,11
7821d724c,0.9,0.9,en,1,0
5b7007847,0.0,0.0,en,1,1
a12589a09,0.2,5.9,en,14,21
1f58a286e,0.4,0.4,en,1,2
d8876247a,0.0,0.0,en,2,5
c82f54ef6,0.0,2.7,en,6,8
a44d42407,0.4,1.4,en,3,9
f03ea3fd5,0.1,1.7,en,5,10
6a6756c71,0.0,2.2,en,8,11
d01e08ee2,0.2,0.2,en,1,2
86386b0c0,0.8,0.8,en,1,4
c58ad77c4,0.2,9.3,en,18,44
77a6f71e8,0.4,2.4,en,6,11
4d8bc908b,0.1,3.0,en,7,22
402799b02,0.2,1.1,en,3,4
f124ecf25,0.0,1.8,en,3,3
3a3ae56f1,0.1,2.1,zh,6,19
06daf9c05,0.2,2.1,en,8,15
c98188040,0.4,0.4,en,1,2
640dbb3b6,0.9,0.9,en,1,18
96a35824d,0.4,0.9,en,2,2
1d48855c5,0.4,2.0,en,3,12
67532bb27,0.2,3.8,en,9,15
6469a2a4a,0.2,16.1,en,37,109
49310cec4,0.3,2.0,en,5,15
28c34e5dc,0.3,1.3,en,3,4
8d0f353e2,-0.1,4.4,en,12,33
e454518b8,0.0,0.1,en,2,8
7998c5869,0.1,2.2,en,8,14
03926867a,0.7,1.5,en,2,7
30dd541af,0.7,3.6,en,5,6
3d63dfd14,0.0,0.0,en,1,0
defebd6b4,-0.2,0.5,en,2,2
59903171d,0.4,0.9,en,2,4
7342eafeb,0.0,3.5,en,11,36
ebba4f83b,0.0,0.0,en,1,2
871ca78ab,0.4,1.7,en,4,7
99c7658be,0.4,0.4,en,1,2
1a9e7158e,0.1,0.1,en,1,0
c60e6aff7,0.1,0.8,en,4,13
7d0fcdd6d,0.1,0.2,en,2,5
110682438,0.6,1.8,en,3,5
b8dd18a5a,0.2,2.3,en,4,9
f743a63aa,0.2,0.8,en,3,4
adc51c1a7,0.8,0.8,en,1,6
e6b28fc29,0.8,0.8,en,1,0
2de05ee7d,0.3,1.0,en,3,7
015c75c9e,0.0,1.2,en,5,9
419d296e7,0.3,12.0,en,28,48
8655a46ed,0.2,1.6,en,5,12
109c4f5a8,0.3,2.5,en,6,9
4b261a0ee,-0.3,1.3,en,4,9
d8603dd80,0.5,2.3,en,4,6
e54866fe5,0.2,1.9,en,6,11
f5e706014,0.2,3.7,en,9,16
0d25fb291,0.4,3.0,en,5,20
3c1cc2c24,0.0,2.3,en,6,17
c0a4d02cc,-0.4,0.4,en,1,3
14f9ffbbc,0.3,2.6,en,7,8
c71d537da,0.3,3.4,en,9,15
a678a4342,0.0,0.0,en,1,0
5dd3f3eb0,0.5,3.5,en,6,12
417c09a08,0.6,1.2,en,2,4
db0213107,0.3,1.7,en,5,9
a2c98c186,0.6,3.4,en,5,9
6740be5a3,0.0,1.0,en,12,18
af2ec000a,0.2,3.0,en,7,18
c3f2f166d,0.0,2.8,en,7,10
574919b00,0.4,1.0,en,2,5
96ad2141c,0.1,0.1,en,1,5
078fb1715,0.0,0.0,en,1,3
15592a54c,0.2,2.8,en,6,11
cf8539482,0.5,1.5,en,3,4
a9e753cc1,0.5,2.2,en,4,5
afdc5f01d,0.3,1.9,en,5,13
51e25fe8b,0.0,1.6,en,2,5
8ad959e57,0.4,2.5,en,5,8
c9d955ac9,0.3,1.0,en,3,7
631c813af,0.2,1.7,en,5,10
ab2bb4a0c,0.2,3.8,zh,10,36
4a67bf90d,-0.1,2.6,en,5,21
6326e5387,0.5,6.8,en,12,11
ed9daa1ae,0.5,0.5,en,1,6
a5205f8ab,0.4,2.3,en,5,10
c18984292,0.2,9.0,zh,18,28
a67c850b3,0.3,1.2,en,3,4
bc6d86a40,0.0,0.1,en,4,9
7fb135352,0.2,0.7,en,3,6
79d1b0215,-0.2,0.2,en,1,1
3edf44325,0.0,0.0,en,1,3
a54497b9a,0.3,0.3,en,1,8
34c4e74a9,0.4,0.9,en,2,4
3c29e8689,0.8,2.5,en,3,4
10ae2697f,0.0,3.3,en,8,11
59e59bd5a,0.8,0.8,en,1,6
879c40dfa,0.0,0.2,en,3,5
1dcd8bc8a,0.3,2.6,en,6,13
d9cf525bb,0.1,2.7,en,5,14
760c7d8ac,0.0,2.6,en,8,24
9141b7803,0.2,1.4,en,3,16
1bd200942,0.1,5.7,en,14,39
31a2e04d7,0.4,1.2,en,3,7
fe790ba60,0.1,0.1,en,1,1
5649192e9,0.6,1.9,en,3,6
4910ac042,0.7,0.7,en,1,1
6ab0ddda3,0.0,0.2,en,3,9
6f08e9c5f,0.2,9.0,en,18,41
27b2c806b,-0.1,1.3,en,3,4
e0d18f038,0.2,0.8,en,3,13
9795ce5b0,0.1,0.2,en,2,2
470fba174,0.7,3.6,en,5,17
e9b641d69,0.2,1.1,en,4,6
f612d5506,0.3,4.7,en,10,24
f2697fe84,0.3,6.0,en,11,28
88030e16e,0.2,0.6,en,2,2
c12883eaa,0.0,0.0,en,1,2
d867c4016,0.1,0.7,en,4,2
52d65015d,0.1,0.4,en,2,6
5ef0ffe23,0.0,0.0,en,1,2
95af010cb,0.1,1.9,en,7,14
63562f208,0.1,1.1,en,4,3
76024f2ed,0.8,2.6,en,3,5
1ddc14ad6,0.1,1.3,en,5,17
e7da5a824,0.7,0.7,en,1,1
acb614bba,0.1,1.3,en,7,15
0c281122e,0.2,1.4,en,6,13
b92781dca,0.0,0.0,en,1,9
74b73209e,0.0,2.0,zh,6,19
3050bd8df,0.3,1.6,en,5,6
550f8a3da,0.4,1.6,en,4,22
3013d9169,0.1,0.3,en,2,4
2cf927db8,0.1,0.1,en,1,5
fc2925be3,0.1,2.9,en,9,32
4982cc983,0.2,3.8,zh,9,15
d1052eb2d,0.3,0.6,en,2,6
a768123bd,0.3,2.1,en,6,17
ce344f70e,0.2,0.5,en,2,7
d21ed8b84,0.3,1.3,en,3,4
f91cc9f0d,0.3,5.4,en,14,38
c1917c88e,0.3,8.5,en,14,56
0f1a3ce5a,0.5,1.1,en,2,3
013527aeb,-0.1,2.0,en,7,18
573ee1a1f,0.3,0.3,en,1,1
88f3a5fd6,0.1,0.9,en,5,10
a00eaa0fb,0.0,4.0,en,9,17
a13ed5e9d,0.0,0.0,en,1,2
c457ca802,0.3,1.2,en,4,3
7d0aedfb3,0.0,3.1,en,8,22
d2cd71ec2,0.0,0.0,en,1,1
1cce33a82,0.0,0.0,en,1,1
6735cc397,0.0,0.0,en,1,1
112ae92e0,0.3,2.6,en,6,9
81a176a02,0.2,1.4,en,3,8
918ae2c95,0.3,2.3,en,4,9
4909dc5af,0.2,1.1,en,4,9
0f9d7b0f9,0.1,4.9,en,11,23
4dfd61242,0.4,3.9,en,8,24
76a045292,0.4,2.6,en,6,4
0b3deeb66,0.1,0.1,en,1,2
b1d1e399c,0.2,1.3,en,4,4
5d8c4f66b,0.0,0.2,en,3,2
53cd96ef8,0.2,0.9,en,3,4
330943a7e,-0.2,0.7,en,3,18
ab385bfae,0.3,2.1,en,6,10
b75594e30,0.3,2.4,en,7,11
6ea65996b,0.7,0.7,en,1,1
ac34b6e29,0.4,2.1,en,4,6
095cba2c7,0.4,1.5,en,3,4
58d54417f,0.9,1.8,en,2,3
c749028bb,-0.1,0.4,en,2,8
326355730,0.1,0.4,en,2,6
fc46e61c5,0.2,4.1,en,7,21
40501d365,0.4,12.7,en,22,46
23e36bfd9,0.2,6.6,en,18,20
ee7c25387,0.5,1.0,en,2,9
e472219f1,0.2,2.2,en,6,12
844dfd2b4,0.3,1.3,en,4,5
9e5476a10,0.3,1.9,en,3,6
57d556084,0.2,0.2,en,1,2
502a2a9db,0.3,1.5,zh,4,9
ebd78e1d4,0.4,9.6,en,22,56
a40a8c0ce,0.2,3.2,en,8,14
0753ad1cd,0.0,7.8,en,32,49
fc93e5aa5,0.0,0.0,en,1,3
9aa5ab22f,0.1,1.5,en,2,12
7d86df9b0,0.0,2.0,en,7,7
03aae5768,0.5,1.1,en,2,3
7ddc32b12,0.1,1.2,en,4,11
37bf6da18,0.4,0.8,en,2,7
ab2e61df2,0.2,0.2,en,1,1
734123308,0.1,3.5,en,7,36
d168549f2,0.5,1.7,en,3,11
5c82c5903,0.4,0.4,en,1,2
9e2039291,0.3,6.5,en,16,52
bb15b64ea,-0.2,1.6,en,5,12
dfe83669d,0.0,1.0,en,2,5
c320a6005,0.4,5.3,en,9,25
adfa73768,0.2,0.2,en,1,1
6c5a7a1ef,0.9,0.9,en,1,2
5ced5d057,0.2,2.7,en,9,17
c2eec623c,0.8,0.8,en,1,1
ae0c5671e,0.1,2.1,en,7,17
5bd725e47,0.0,1.7,en,7,16
6120ace5c,0.1,2.6,en,4,8
a426ef14d,0.7,1.5,en,2,7
896e733b5,0.1,0.8,en,4,10
0a796c967,0.3,2.7,en,6,14
be917151a,0.1,2.6,en,9,15
3e9a56447,0.2,0.8,en,2,5
047514286,0.0,5.7,en,15,29
b93203aa7,0.0,0.0,en,1,1
6c62c854f,0.5,2.9,en,5,14
abaf6c9ee,0.8,0.8,en,1,1
01e5d357f,0.1,1.2,en,4,6
e61aceb9e,0.3,2.5,en,6,14
e4abb93bf,0.2,0.5,en,2,3
1c9a2baf6,0.0,3.4,en,10,23
cca88204d,0.7,2.8,en,4,6
26d17afbd,0.2,1.2,en,5,4
80aca536a,0.4,5.0,zh-Hant,10,20
02a13b2cb,0.4,3.1,en,6,12
133c0e6b9,0.1,1.1,en,4,10
a234c6496,0.2,0.5,en,2,6
ee36e2198,0.4,1.7,en,4,6
732fa3cb9,0.4,4.6,en,8,14
c68815d52,0.2,0.9,en,4,7
a6f768f75,0.4,3.7,en,8,19
0157cf3a4,0.3,2.4,en,4,9
118c1147c,0.8,0.8,en,1,1
e5a2e7156,0.3,1.9,en,5,9
3f4d6a956,0.0,1.6,en,5,7
a243c61c6,0.1,2.6,en,7,16
82a97cd8d,-0.6,0.6,en,1,4
b66569990,0.0,6.3,en,19,33
e04d44883,0.0,0.0,en,1,1
34d903f17,0.2,1.2,en,5,4
349fe9b9b,0.5,0.5,en,1,1
d2f333b86,0.3,4.3,en,12,26
c6d91de2b,0.3,0.3,en,1,3
963520a2c,0.1,0.1,en,1,1
aba512b8f,0.5,2.7,en,6,26
a8ce7d647,0.3,0.3,en,1,1
1ffb40e20,0.0,0.5,en,6,9
881580d4b,0.0,0.2,en,2,4
26fb642bb,0.0,0.0,en,1,1
be9474b85,0.6,1.3,en,2,8
999d24492,0.0,2.0,en,3,13
c82b8b2c4,0.3,1.2,en,3,3
30ca259ed,0.4,2.8,en,6,9
fd6dd3835,0.2,3.0,en,6,7
a53cb0980,0.2,3.0,en,8,15
5edf4d9bb,0.0,1.4,en,6,16
1a56bb056,0.5,0.5,en,1,2
9ea8e240f,0.1,4.5,en,20,17
5314d64ac,0.5,3.4,en,6,13
ebcdfedd2,0.0,3.0,en,6,22
cbd6b3064,0.5,2.1,en,4,9
89792afe0,0.4,3.0,en,7,18
9d87fbd92,0.1,0.9,en,7,10
df1d3b1ec,-0.2,0.8,en,3,7
08438c720,0.0,0.0,en,1,4
b5931099f,0.5,1.7,en,3,15
c1e816568,0.1,0.8,en,5,20
23987e634,0.4,1.4,en,3,7
f94ea9d92,-0.1,0.1,en,1,4
cdf4d775f,0.3,2.9,en,6,6
1045bb4c4,0.2,0.8,en,2,4
fe2209833,0.0,0.3,en,2,2
e25112cac,0.2,3.6,en,8,14
f6e56c908,-0.6,0.6,en,1,8
311157c79,0.7,2.1,en,3,4
9ea482068,0.5,2.5,en,4,10
4cbc3433e,0.0,0.0,en,1,1
56c329fdf,0.9,1.9,en,2,3
1123cd69d,0.3,0.3,en,1,4
564ad520f,0.0,2.6,en,8,26
ee2c40165,-0.3,2.1,en,3,9
649930cc8,0.7,3.0,en,4,4
fd2cc8576,0.2,0.2,en,1,10
070faf086,0.1,2.3,en,4,7
4e7a22c99,0.9,0.9,en,1,3
e6b64b212,0.2,0.8,en,4,9
8079e3a1c,0.0,8.3,en,15,57
4d163b731,0.1,0.1,en,1,1
42d565331,0.2,3.3,en,8,22
9684a1603,0.0,0.1,en,2,2
3befd2af6,0.4,3.0,en,5,9
dcdb6907c,0.5,1.6,en,3,3
842528c2a,0.8,0.8,en,1,6
52a539ef3,0.2,2.2,en,3,5
88b60278f,0.0,0.0,en,1,5
2d813cd28,0.6,1.8,en,3,14
de9e02d44,0.6,3.0,en,5,6
1be1868fd,0.5,4.2,en,7,12
33a9dff78,0.0,1.9,en,4,12
88cdc9a60,0.0,2.5,en,9,21
bdb5b7ecb,0.2,0.2,en,1,5
0eab258a9,0.3,2.9,en,7,19
c50926700,0.1,0.8,en,4,8
ca144ac2a,0.7,9.1,en,12,40
8528b3d49,0.2,3.3,en,6,7
7d028bdea,0.1,3.1,en,11,12
fff6f2f61,0.5,3.3,en,6,10
70337537c,0.5,1.1,en,2,4
be07596c5,0.4,3.6,en,5,15
7f3f14a72,0.1,0.1,en,1,2
92d711b01,0.0,1.8,en,3,8
4eb30abb2,0.6,2.4,en,4,6
487531377,-0.1,1.9,en,4,9
03b0568b3,-0.3,0.7,en,2,7
63057be1d,0.0,3.2,en,6,15
615f2f661,0.1,4.3,en,8,13
7d73574ed,0.0,0.0,en,1,1
764837930,0.0,5.7,en,8,18
1d669183f,0.3,1.7,en,4,3
6bb85e53d,0.5,12.7,en,20,26
a8a8f95f6,0.5,2.8,en,5,7
1afdc26fa,0.0,1.0,en,6,12
50abab539,0.1,3.4,en,8,20
36a216956,0.1,0.3,en,3,5
f77a10b5f,0.5,3.5,en,6,9
b8084fe32,0.2,1.7,en,7,10
1c901d8d7,-0.1,0.1,en,1,4
b86b0db65,0.3,0.3,en,1,3
da9b9db54,0.9,1.8,en,2,2
1945c0690,0.3,3.0,en,5,5
c9d8b22d0,0.8,0.8,en,1,6
5d2f7761c,0.1,0.1,en,1,2
2fb24b53d,0.1,0.8,en,4,13
222afe2dd,0.5,4.4,en,7,14
ca39f5e93,0.3,1.2,en,3,7
000fb9572,0.3,0.8,en,2,5
c947d8169,0.5,1.7,en,3,15
9003318e5,0.3,0.3,en,1,1
2b4c4793d,-0.1,1.4,en,4,11
28ec2de89,0.0,0.0,en,1,1
5fcd44bf9,0.2,3.7,en,7,13
49f6a8909,0.0,0.3,en,3,11
3b2b69d20,0.4,1.3,en,3,7
6d994c50c,-0.6,0.6,en,1,2
1d4940497,-0.3,0.7,en,2,1
5330c4588,0.6,3.3,en,5,15
894d76b65,0.0,0.0,en,1,1
6608d48b2,0.4,2.6,en,6,26
67e77a11c,0.2,2.3,en,4,6
a14caa3ea,0.0,0.0,en,1,1
f2f8667a2,0.1,2.6,en,7,15
b310f969f,0.3,7.9,en,21,57
bec55c577,0.8,1.6,en,2,4
21415ffb9,0.4,2.5,en,6,16
e40a90daa,0.0,0.0,en,2,4
154d24447,0.5,4.6,en,8,13
a8df693c0,0.0,0.0,en,1,1
db71b8b85,0.5,1.7,en,3,4
6b820b13d,0.4,2.3,en,5,8
b3a6f353d,0.2,3.0,en,7,11
0d6b8efdc,0.3,5.4,en,9,26
cace2b412,0.0,1.1,en,3,7
c8172e598,0.1,1.8,en,5,8
c9928594c,0.2,7.5,en,15,30
eadb7f25e,0.3,4.4,en,11,19
a0322013c,0.3,2.5,en,8,13
6ac7e0c51,0.2,0.2,en,1,5
0090eb457,0.1,1.2,en,4,10
28cf4a84d,0.0,4.1,en,16,28
a0c584c54,0.0,0.0,en,1,2
3e411bd12,0.2,3.1,en,8,11
48432dfa0,0.5,5.5,en,9,17
1633b105b,0.2,2.5,en,6,13
a2cd5b78a,0.8,0.8,en,1,9
4a108fa61,0.0,0.0,en,1,2
02a084920,0.3,1.2,en,3,10
a3a0fa212,0.3,3.7,en,9,21
094ba0325,0.3,2.4,en,4,11
af9d89c50,0.3,1.9,en,3,10
639fed947,0.0,0.0,en,1,1
e4b550d46,0.3,9.0,en,18,42
fad223ef5,0.2,1.1,en,4,3
f41112ee1,0.9,0.9,en,1,2
f9934b985,0.9,1.8,en,2,1
878214747,0.1,1.6,en,4,8
9aa2d99f5,0.1,7.7,en,20,48
cf74322de,0.3,1.5,en,4,5
277014d80,0.5,1.6,en,3,4
0e6f26f19,0.2,1.0,en,4,6
f66357936,0.8,1.6,en,2,5
d5bf5adaa,0.4,2.3,zh,5,17
9c43d4567,0.3,1.1,en,3,2
48f8d1d90,0.2,1.4,zh,4,24
9951b9762,0.2,1.0,en,3,8
5ab429fcb,0.2,2.6,en,5,5
f2be40d43,0.3,6.9,en,13,20
76358e754,0.0,0.4,en,3,14
ef8ddd70b,0.8,0.8,en,1,11
6679c179c,0.1,1.8,en,5,5
3fccff52b,0.4,1.3,en,3,8
1772727a1,0.0,0.0,en,1,2
ed5631a9c,0.1,0.1,en,1,7
bb16182f7,0.4,3.9,en,9,7
5e08b9ce5,0.3,2.2,en,3,3
3dab3050c,0.0,3.6,en,9,23
31b919935,0.4,4.5,en,8,11
4891fdacd,0.1,0.2,en,2,4
6f2b619bb,0.2,0.5,en,2,5
01b167b92,0.5,3.5,en,6,8
d1f80f7d1,0.0,0.9,en,2,10
64c1c412b,0.2,2.7,en,4,9
5597af31b,0.5,1.0,en,2,3
a04c35bc6,0.0,1.9,en,7,16
ea4c18b67,-0.2,0.2,en,1,3
a8eed143b,0.2,3.1,en,7,15
122683077,0.1,2.5,en,6,10
c8049d235,0.1,1.0,en,2,6
8a01ffaa7,0.2,2.1,en,5,9
6f665c704,0.2,2.2,en,6,20
c8b79357a,-0.1,0.7,en,3,6
1cfc647dc,0.2,2.2,en,5,9
8db729086,0.6,1.2,en,2,8
44da8c2a0,0.1,0.7,en,6,18
b3f69b209,0.2,0.2,en,1,2
08dfce1e7,0.7,1.4,en,2,4
faca11616,0.4,1.4,en,3,5
d0eb1073d,0.1,2.1,zh,6,19
77fa5cdd7,0.0,0.0,en,1,1
0adebbf21,0.0,1.7,en,6,12
518f86025,0.3,1.0,en,3,10
5bc18f57d,0.0,0.0,en,1,3
44a541574,0.4,0.4,en,1,12
89c28aad0,0.3,1.4,en,4,11
2ccf25b91,0.1,0.7,en,6,18
fc0b0843c,0.8,2.5,en,3,2
6e50b52c9,0.0,0.0,en,1,1
ec53a8725,0.5,2.3,en,4,6
1c8a8385e,0.0,2.3,en,6,17
22de1a590,0.1,0.4,en,2,6
a31b05e99,0.1,0.5,en,3,5
0bd2d5882,0.0,0.0,en,1,1
bf537cdb3,0.4,3.0,en,5,14
0fb490c9b,0.0,3.6,en,5,14
4436738dd,0.5,3.3,en,5,7
903a75804,0.0,0.0,en,1,0
4a762f7ab,0.5,0.5,en,1,2
582c02d86,0.5,1.7,en,3,6
ce0412bad,0.8,0.8,en,1,0
5cdb90323,0.0,2.2,en,5,11
bad8f7276,0.0,0.3,en,3,7
b16c55a91,0.4,1.4,en,3,9
50d1c2157,0.0,0.0,en,1,1
70a7a71fe,0.2,4.0,zh-Hant,11,40
1b9cedf4a,0.0,2.3,en,6,11
a0b82db0e,0.4,0.8,en,2,4
05febeea3,0.1,1.4,en,5,11
3485ea1db,-0.5,0.5,en,1,3
c70dc1bd1,0.0,0.0,en,1,1
8e0d93659,0.4,2.8,en,4,3
89a6620e3,0.6,5.4,en,9,26
8b1abca6a,0.4,1.2,en,3,5
db6082ae6,0.3,3.4,zh,8,36
28484f496,0.0,0.0,en,1,1
97d823486,0.3,1.7,en,4,14
35f8b4bff,0.1,2.6,en,6,12
09898b12e,0.7,1.5,en,2,8
009239f92,-0.2,2.1,en,3,9
485bebd4f,0.4,5.6,en,13,24
2485efd0a,0.5,2.1,en,4,9
17a5487d2,0.0,0.0,en,2,5
2de2cbdcf,0.0,1.3,en,5,8
80f1863b8,0.3,2.2,en,6,13
72418da1c,-0.1,1.8,en,5,12
a4221001f,0.0,0.0,en,1,1
e1cd176b5,0.4,0.8,en,2,2
47fc12331,0.4,0.9,en,2,2
850a43f90,0.6,3.7,en,6,13
c30dd6e9a,0.3,1.9,en,5,5
1303e86df,0.1,0.1,en,1,3
1eb8a0278,0.3,1.1,en,3,5
179c21d17,0.8,1.6,en,2,5
d99c980a9,0.0,0.2,en,2,3
ba4811f35,0.1,0.8,zh,3,4
ea7fc7f4f,-0.1,3.0,en,8,15
70aa95825,0.3,0.7,en,2,1
2288c4fc6,0.5,3.1,en,6,11
8a72708bc,0.5,2.6,en,5,4
07227963b,0.1,0.5,en,3,10
24abd7725,0.4,2.4,en,5,10
8f214e361,0.2,1.7,en,6,9
cdb855a69,0.0,3.9,en,10,26
6af981c61,0.0,0.0,en,1,8
a99968c35,0.0,3.4,en,7,16
d061bc124,0.5,1.6,en,4,3
ac495f25b,0.0,0.3,en,3,2
da8cfd914,0.0,2.1,en,4,11
a2037a7b0,0.4,1.3,en,3,4
f83096577,0.0,0.0,en,1,1
bb817b755,0.1,4.1,en,8,29
be84c367d,0.8,0.8,en,1,1
1b5fd0e44,0.4,1.2,en,3,9
9a9f6c753,0.2,5.2,en,11,30
474db10df,-0.1,1.0,en,4,6
7dc33902f,0.0,0.1,en,2,5
7803e9e5d,0.9,0.9,en,1,1
c4b37d5ed,0.2,0.5,en,2,2
8d3b5e6e9,0.0,2.4,en,7,10
e748f52b7,0.3,0.9,en,2,3
14155e8c0,0.4,3.3,zh,7,11
31e9530cf,0.2,0.4,en,2,8
72ec92880,0.2,0.4,en,2,9
f205876aa,0.1,0.7,en,3,7
06ed12b93,0.0,4.1,en,9,33
ff498c903,-0.1,1.7,en,3,11
f500d6361,0.3,1.1,en,3,6
9e6570928,0.1,2.1,zh,6,19
230009c15,0.7,3.9,en,5,14
61338b2e9,0.5,2.9,en,5,22
3e4f81782,0.0,3.4,en,11,27
b943a95a3,0.9,2.9,en,3,27
6cbbe5cd9,0.7,4.4,en,6,22
80ebea85c,0.0,1.0,en,5,15
68e6d1bd7,0.1,0.8,en,4,23
2852d3c30,0.0,0.0,en,1,2
23874f644,0.4,0.8,en,2,4
d5b6f17f5,0.0,0.0,en,1,2
e09807e6e,0.1,2.1,en,4,6
ded3b183c,0.0,0.0,en,1,1
9a0db11a9,0.0,1.0,en,4,5
8b1b5fcfc,0.3,2.9,en,8,21
4374d6f52,0.9,1.8,en,2,3
7a2ea6461,0.6,1.8,en,3,4
13296aae7,0.3,3.3,en,10,15
a39034cfc,0.7,1.4,en,2,4
67e7da152,0.5,1.1,en,2,2
2ef82137f,0.5,2.5,en,4,10
0d508e63a,0.4,1.2,en,3,8
cef342d22,0.4,0.4,en,1,13
ab5964338,0.1,3.4,en,11,14
f819c7b65,0.3,0.3,en,1,1
4db543276,0.1,0.1,en,1,1
b0ad07cfc,0.4,1.7,en,3,6
0d635d0b4,-0.2,0.8,en,2,6
87bdcbcdd,0.7,3.0,zh-Hant,4,29
45c2eb379,0.1,1.3,en,9,18
a460a6274,0.0,0.0,en,1,1
e9cf01a21,0.3,1.9,en,5,9
1b47183f1,0.2,0.8,en,3,10
758a6def9,0.1,0.4,en,2,6
0b501f1d8,0.5,1.1,en,2,3
796382bf4,0.0,1.8,en,4,6
2599e55c5,0.5,1.5,en,3,9
cf86cc5ea,-0.2,0.9,en,3,1
2def0a43e,0.3,1.1,en,3,2
794c57f72,0.2,5.3,en,20,30
7390b70c5,0.2,10.6,en,23,52
7ed1216f9,0.0,1.3,en,6,14
7e6d7cbb3,-0.4,3.2,en,7,26
bec6cc26b,0.1,1.2,en,5,7
e9a854207,0.3,0.6,en,2,4
94019dc75,0.1,3.9,en,6,21
c763886a6,0.5,1.1,en,2,9
b67778d17,0.3,1.3,en,3,4
1e45f7387,0.3,2.2,en,6,11
c7338db23,0.3,6.0,en,12,27
da7680082,0.2,1.5,en,3,3
e464e666d,0.3,1.3,en,3,4
21178f3b0,0.8,1.6,en,2,2
4a2544358,0.2,1.2,en,2,10
1099a5406,0.4,1.6,en,4,13
a75bbea18,0.1,2.3,en,9,15
86aeb2732,0.4,1.8,en,4,11
d6d9a938f,-0.6,0.6,en,1,4
8538f4aa1,0.3,2.8,en,7,10
8cfcbd9bb,0.7,0.7,en,1,0
7a9ca7419,0.0,0.2,en,2,5
a2dccbe51,0.3,4.2,en,9,11
9acd96273,0.0,1.4,en,2,24
d560b8003,0.1,0.9,en,3,8
0833744e6,0.3,2.9,en,5,8
6c692e208,0.6,2.6,en,4,5
aa7548beb,0.9,0.9,en,1,1
b1ae07ad5,0.3,1.9,en,4,16
1ba11aaaa,-0.3,0.3,en,1,7
31eb7b312,0.4,2.2,en,3,7
de2d4f372,0.4,0.8,en,2,4
9c3f9ca37,0.2,2.1,en,3,9
c92256e41,0.8,1.6,en,2,5
4f45bb293,0.1,2.1,en,9,10
2fe763187,0.8,2.5,en,3,3
bfb33b149,0.1,1.8,en,8,11
e0dbd7901,0.5,2.1,en,4,7
9dd3b3bce,-0.2,0.5,en,2,7
f7b84bc3b,0.4,2.6,en,6,11
b9d28a286,0.5,1.7,en,3,8
68cdd6d6b,0.2,3.0,en,9,14
6a5c652b5,0.1,0.6,en,3,7
e01f077a7,0.5,3.6,en,7,4
d60dbdd7a,0.6,3.2,en,5,17
074042a24,0.2,1.2,en,4,7
bc4bbcef1,0.2,1.1,en,4,5
1c723cf91,0.2,3.5,en,8,14
8f1d6224d,0.1,1.2,en,6,16
11b3fd45f,0.4,3.2,en,5,12
828f48390,0.1,2.2,en,10,16
d6715d925,0.4,0.4,en,1,8
18286db6a,0.0,0.0,en,1,1
a93eb0d6f,0.4,0.8,en,2,3
e4b1b7afe,-0.6,0.6,en,1,2
a0f2d927e,-0.1,2.1,en,3,5
626b056b5,0.1,2.4,en,8,10
bf7c0f270,0.2,6.6,en,13,34
ecad4a875,0.1,3.3,en,11,26
eceb03b88,0.1,2.0,en,3,5
e4406b18a,0.0,0.3,en,2,2
c1c16ac86,0.1,2.2,en,5,11
25fc96414,0.2,3.2,en,6,14
276f26435,0.3,1.4,en,4,10
1ba69dec6,0.5,4.2,en,7,9
57ac7373a,-0.1,2.0,en,4,9
3d97fa45c,0.6,1.9,en,3,4
843738a2a,0.0,0.0,en,1,2
7827eee65,0.9,0.9,en,1,3
d17343468,0.0,4.0,en,8,26
4e9a13862,0.4,4.0,en,8,7
4ce620a7a,0.1,2.2,en,11,16
cb295209a,0.3,6.1,en,14,42
356d9395d,0.5,1.0,en,2,3
f642366b6,0.2,1.2,en,3,5
08f54d056,0.4,2.1,en,5,7
172305d1b,0.6,2.0,en,3,4
7dd6704a1,0.5,1.0,en,2,2
bd05c2f75,0.1,2.9,en,13,17
ad491b969,0.1,0.4,en,2,6
2a154e41c,0.3,0.7,en,2,1
4fedc2eb6,0.3,1.2,en,3,4
ca1df3f71,0.0,0.0,en,2,4
610246129,0.1,3.0,en,9,18
133234595,0.9,0.9,en,1,4
df03e957d,0.0,0.0,en,1,1
e9ac456b3,0.0,0.2,en,3,7
c61869b9b,-0.2,2.1,en,3,11
cff9a1fec,0.1,1.4,en,3,7
944a5fec2,0.3,1.0,en,2,6
a58d8080b,0.5,3.6,en,6,25
cccbf8c47,0.3,2.7,en,5,10
64ea72fca,0.8,1.7,en,2,3
9ebe2f16c,0.0,1.0,en,7,20
380eaa884,0.6,8.5,en,13,34
390c45d0c,0.0,6.3,en,20,72
90dc0d83f,0.2,3.4,en,7,30
ff7ff0f3c,0.5,1.1,en,2,5
1bec8eb5e,0.4,4.3,en,8,39
49c5dbda7,0.3,2.3,en,6,13
a124a31ee,0.0,0.2,en,4,13
3285d041f,0.4,1.9,en,3,12
aba03a4c5,0.5,4.1,en,7,8
f0193b572,0.0,0.0,en,1,3
4f10d4a75,-0.1,2.3,en,4,7
164462023,0.1,6.2,en,13,24
907fc239e,0.7,3.5,en,5,15
21c3157e8,0.5,2.6,en,4,7
da4a5403d,0.3,3.1,en,7,11
69a1b02f6,0.2,1.1,en,4,7
94fc65b67,0.4,3.8,en,7,8
924373704,0.9,0.9,en,1,11
5493d0771,0.1,1.1,en,5,11
40309f25c,0.7,1.5,en,2,4
dfa39b9f1,0.1,0.8,en,5,6
01142a354,0.1,2.7,en,10,15
bf1762a3a,0.4,3.5,en,7,11
354e9fc50,-0.1,0.3,en,2,4
e6f4d14a0,0.0,0.0,en,1,1
93685a66f,0.3,2.8,en,7,28
a97467fb6,0.9,0.9,en,1,2
ee83e7a09,0.2,6.8,zh-Hant,16,34
24361123a,0.2,0.9,en,4,12
0d460fe7a,0.0,0.5,en,7,10
b09ecfb53,0.2,2.6,en,7,13
7db48c47a,-0.1,1.3,en,5,9
2de32b48a,0.1,0.6,en,4,6
2fab464fb,0.0,0.0,en,2,6
72bfc767c,0.7,1.4,en,2,4
482d05dc8,-0.2,0.5,en,2,6
716167b76,0.6,3.8,en,6,6
f600368fb,0.3,2.9,en,4,11
be23e42d0,0.5,1.5,en,3,9
615213076,0.5,0.5,en,1,8
7b6ffc0a1,0.3,3.9,en,9,20
006610fe3,0.7,0.7,en,1,10
23b3f793e,0.2,6.1,en,12,35
13d30c173,0.2,6.8,en,15,43
881aefbb9,0.0,0.0,en,1,4
adc5ada07,0.9,0.9,en,1,0
11b20ee8f,0.5,1.8,en,3,5
44db1cade,0.0,4.7,en,12,23
cea713af9,0.4,1.7,en,4,9
1a9733afb,0.1,1.2,en,3,10
113204c87,0.2,1.2,en,3,7
b8bc0c25c,0.4,0.9,en,2,4
a21b2a42c,0.6,3.1,en,5,12
375794bcb,0.5,1.7,en,3,15
e2f1f5377,0.1,0.1,en,1,2
f892df3a1,0.3,0.6,en,2,8
dd3c902ae,0.2,4.4,en,7,16
c2fe3684a,0.2,3.3,en,8,11
a6e37f91b,0.3,1.9,en,5,15
ea159d8da,0.4,2.2,en,4,8
1b1ddc50c,0.5,1.1,en,2,3
89bdd90b8,0.3,2.8,en,5,15
062633cb1,0.0,0.4,en,2,4
f9db446f8,-0.7,0.7,en,1,6
979d48d7b,0.6,3.2,en,5,6
c1aa4142d,0.3,1.1,en,2,3
95c01e235,0.9,0.9,en,1,3
c220b4764,0.2,1.7,en,4,5
9d8032dd0,0.2,2.8,en,6,9
179462b6d,0.1,0.2,en,2,7
d042e55ce,0.8,0.8,en,1,1
8a0a8eec0,0.1,2.8,en,11,38
adc3a477a,0.3,3.8,en,9,20
a6cbd39c2,0.2,6.1,en,13,29
b6684c4b7,0.0,3.6,en,9,27
fc0952bea,0.2,0.7,en,3,9
7e3c6f81d,0.0,1.9,en,2,1
e0efe2c72,0.3,1.2,en,3,4
f677061e8,0.5,1.6,en,3,8
9c14d8650,0.4,1.2,en,3,11
029641a1a,-0.1,1.0,en,5,11
fb00c8969,0.0,2.0,en,7,14
a662626a6,0.0,0.4,en,3,6
3b923cef0,0.2,7.8,en,17,38
d6ad64584,0.2,1.5,en,4,7
ae03f99f2,0.1,3.2,en,11,37
6cafa50dd,0.0,1.9,en,3,2
a56c46193,0.0,2.1,en,4,8
6d5afdb0f,0.2,0.2,en,1,2
2da9b0c2c,0.0,1.9,en,8,12
05fb5b403,0.8,0.8,en,1,3
469bd2504,0.0,0.0,en,1,1
c40b30ff3,0.6,0.6,en,1,2
7c787403c,0.4,2.0,en,5,6
92b6acf73,0.0,1.0,en,3,11
71297d780,0.2,0.8,en,3,11
01d981c81,0.3,1.0,en,3,3
6dd12152a,0.3,0.6,en,2,5
8a7860ee2,0.1,2.9,en,7,16
a6a0b1762,0.4,3.4,en,5,9
9de6b8550,0.1,0.3,en,2,6
e78e9736a,0.3,2.4,en,8,10
d5b9e0322,0.3,1.9,en,5,12
553d1ee3b,0.0,1.4,en,3,4
72a2dc93b,-0.1,0.7,en,3,4
1d5be4060,0.2,6.2,en,17,36
487f74408,0.8,0.8,en,1,2
db5d27601,0.5,2.8,en,5,7
5cc846427,-0.1,2.1,en,3,5
f836696de,0.3,1.4,en,4,5
f86f15c15,0.3,1.0,en,3,4
4348b169a,0.2,2.3,en,6,7
29b60faaa,0.6,1.3,en,2,3
30f92e1ab,0.4,0.4,en,1,2
2c93c0c11,0.3,0.8,en,2,3
78631549e,0.5,5.3,en,9,13
a99b34f95,0.3,3.6,en,10,27
ef690f7c1,0.1,3.4,en,10,16
dffd9f2ff,0.4,3.2,en,7,9
dbabe4e51,0.6,0.6,en,1,4
a1d8d917c,0.5,0.5,en,1,3
b271a8246,0.4,1.3,en,3,7
52abcc0fe,-0.1,4.8,en,7,16
ab22c3350,0.7,0.7,en,1,9
859b2a95b,0.4,2.1,en,5,12
68046ca33,0.0,0.1,en,3,5
92fa4a896,0.2,0.2,en,1,2
b0d54f76e,0.3,5.0,en,12,35
4669945ed,0.5,3.3,en,5,17
ddeeba131,0.3,1.9,en,5,12
9f2e4a2e1,0.5,4.1,en,7,16
c3208c19d,0.1,2.9,en,7,14
9abb10f2f,0.4,2.7,en,6,17
352522dbd,0.0,3.6,en,7,20
213cf987d,0.4,2.7,en,5,15
8b03c494a,0.5,1.0,en,2,6
a3cc5de2b,0.4,9.7,en,15,33
c2e4ec0c2,0.5,2.1,en,4,11
521e214ec,0.1,1.2,en,4,5
8fa2d16db,0.5,1.6,en,3,8
f749cd744,0.4,1.9,en,4,13
087fbda7e,0.0,6.8,en,10,27
e42dc215d,0.5,2.8,en,5,7
de489fcd8,0.8,0.8,en,1,13
ab599a6ac,-0.1,0.7,en,3,9
a2ee6f2da,0.7,2.2,en,3,7
3bf71f7b1,0.4,0.4,en,1,3
24be8e826,0.2,2.0,en,5,9
0be7a4adf,0.1,1.0,en,6,11
fcf5f5a0d,0.2,1.5,en,6,5
7648e56db,0.2,2.5,en,5,39
a0c9daa0a,0.0,0.2,en,3,4
8b56fecb8,0.1,3.2,en,7,19
0bf9dfa21,0.1,1.9,en,6,11
7beccedcb,0.8,0.8,en,1,3
bd0c6dcb3,0.3,2.7,en,5,18
33a373ca9,0.4,2.0,en,4,7
1dc8f0fd4,0.1,3.3,en,7,14
4cdb41608,0.4,5.5,en,13,24
afe326f34,0.4,10.6,en,20,58
3d9b4bdc1,0.1,1.0,en,5,8
40fdde0aa,0.0,1.8,en,5,10
12f9b8e6c,0.3,2.5,en,5,14
732a2ed35,0.4,2.7,en,5,14
c9a00b80f,0.2,0.2,en,1,1
69d413ff2,0.0,0.2,en,3,3
76de48e98,0.0,3.4,en,11,21
86f41cec9,0.3,3.0,en,7,13
e772235aa,0.5,1.7,en,3,6
88487194e,0.0,0.1,en,2,3
a4e56218b,0.2,5.0,en,11,17
3b1976326,0.1,0.5,en,2,3
4cfd979dc,0.0,2.9,en,6,12
1f949d065,-0.2,5.4,en,10,33
6b0da38ae,0.1,3.3,en,13,14
d05933e84,0.0,0.0,en,1,1
49e140a8e,0.0,0.0,en,1,2
217fcf5f1,0.8,0.8,en,1,2
11948e0ef,0.5,3.0,en,5,16
5b2e5e410,0.3,1.7,en,5,7
1250404cf,0.0,0.3,en,3,3
d3486b178,0.7,0.7,en,1,5
d005caf41,0.2,3.0,en,9,12
fe7e662c5,0.4,1.3,en,3,4
106de20f0,0.8,1.6,en,2,2
cf85bd080,0.0,0.0,en,1,1
0806f9e3f,0.3,2.1,en,5,9
9ee7776db,0.0,0.0,en,2,3
967ee6c2e,0.2,1.5,en,5,12
f1cc9dd25,0.0,0.1,en,4,9
785413d29,0.7,3.5,en,5,6
24ee3b57d,0.2,0.9,en,3,5
eb350f2bc,0.0,1.1,en,2,4
be36182ea,0.0,0.0,en,1,2
b567ca662,0.9,0.9,en,1,0
f5e793c38,0.8,0.8,en,1,0
143760a33,0.0,3.6,en,8,26
6c594bfb0,0.1,0.3,en,3,7
755f10f8a,0.0,0.0,en,1,2
cbf6b6e42,0.1,1.1,en,3,5
544c16564,0.0,2.3,en,8,23
b65dc15af,0.9,0.9,en,1,0
a75703051,0.2,0.5,en,2,4
2204729ca,0.9,0.9,en,1,1
bf190a061,0.3,3.3,en,6,16
d93b38122,0.0,0.2,en,2,4
54b0c0564,-0.1,0.1,en,1,3
49c216bf8,0.5,1.5,en,3,6
5181f9924,0.2,1.1,en,4,8
28060651e,0.2,2.3,en,7,28
69e10dd04,0.2,1.1,en,5,4
26988350b,0.0,1.0,en,7,20
8019d0c63,0.8,1.6,en,2,2
7efce4735,0.5,2.8,en,5,5
876453f9d,0.8,0.8,en,1,1
abbe2568f,0.4,1.9,en,4,6
144ad89a5,0.2,3.3,en,6,7
b181fa99a,0.0,0.0,en,1,9
3c155d21c,0.0,2.9,en,8,15
63a4f8b8a,0.2,2.5,en,6,14
2ad6c7675,0.4,2.6,en,6,6
e493537b3,-0.2,3.9,en,7,20
4cdf29720,0.3,0.9,en,2,3
23eddf1d8,0.0,0.3,en,3,11
40f17b3a1,0.3,1.6,en,4,6
1eb9e42bd,0.4,0.8,en,2,7
799a41eba,0.2,0.2,en,1,2
61fa7980d,0.4,3.1,en,7,8
788ea6e94,0.1,1.7,en,6,25
6a9f15d94,0.0,4.7,en,9,15
c29a364bc,0.0,4.7,en,14,16
c634af483,0.4,13.2,en,22,52
dbf8ba091,0.2,2.8,en,6,10
b5475edf9,0.1,0.1,en,1,2
ba8ead296,0.4,0.9,en,2,2
92d0ff357,0.2,1.9,en,4,24
b9e604ca1,0.4,1.4,en,3,6
5fcb3804f,0.8,0.8,en,1,1
40d7cb083,0.2,0.9,en,5,11
a428c4daf,0.1,1.0,en,4,13
a90da3a12,0.1,3.3,en,10,16
91328d9f8,0.1,4.0,en,13,29
3c30c4a49,-0.3,1.0,en,3,19
1ba29c00b,0.0,3.9,en,11,22
799c6852c,0.2,0.2,en,1,2
bbab88df0,0.4,2.7,en,6,11
8623ecf43,0.0,1.0,en,6,13
92d830572,0.3,5.0,en,12,33
54314d17b,0.4,1.9,en,3,7
dac60bd9c,0.5,1.8,en,3,4
f394d4aad,0.3,2.2,en,5,10
c7f9361f9,0.5,2.3,en,4,6
1caf9686d,0.3,3.7,en,10,22
f08503742,0.0,5.1,en,16,30
169184766,0.0,2.9,en,13,20
7df56218d,0.2,3.1,en,6,15
d0ef38cff,0.5,3.0,en,4,8
7cd4ec150,0.5,0.5,en,1,6
1e1e7c4ec,0.3,1.9,en,5,8
f06cf606d,0.2,1.3,en,4,9
a4b85d322,0.4,1.3,en,3,5
2f8471836,0.2,3.8,en,7,10
130797334,0.4,2.0,en,4,6
89d80665a,0.4,4.8,en,9,12
8ad937f6c,0.8,1.6,en,2,12
eb1f799df,-0.1,3.8,en,16,59
48f20f515,0.7,0.7,en,1,6
22145fe75,0.2,2.3,en,6,5
1a90a4805,0.3,1.9,en,5,10
c3a2d4d83,0.2,1.4,en,2,18
8009b7ac8,0.0,1.5,en,2,6
7c139389d,0.3,2.7,en,4,10
f5c803412,0.2,3.7,en,8,13
91c023cb7,0.0,2.6,en,9,23
277210bb9,0.7,3.6,en,5,11
106f7b51d,0.5,1.1,en,2,3
370d17232,-0.3,4.1,en,8,34
dd5f93066,0.3,1.0,en,3,3
8f38dbd18,0.6,2.8,en,4,11
3086dc257,0.4,2.2,en,5,6
737413132,0.2,2.7,en,6,20
ecfcb4430,0.5,2.1,en,4,8
4f678d1cf,-0.2,3.3,en,6,10
133ca8c90,0.8,2.5,en,3,5
3d7275647,0.5,2.2,en,4,9
097dd9931,0.5,0.5,en,1,5
c0bc43dd6,0.8,1.6,en,2,4
6e14e0fa4,0.8,0.8,en,1,4
88edfa259,0.0,0.3,en,4,7
aa943b9a0,0.5,3.7,en,7,7
56b0b72b1,0.1,3.1,en,9,18
532396459,0.3,2.1,en,6,13
6eb8a8e8e,-0.2,0.4,en,2,5
cfddf0c47,0.3,0.7,en,2,3
94e45a1a7,0.8,0.8,en,1,1
eff4a47b5,0.1,1.0,en,5,13
d605cb217,0.8,0.8,en,1,5
6202e7d4d,0.0,0.0,en,1,1
b5b6b9398,0.9,1.9,en,2,4
33826a08a,0.0,0.0,en,3,6
4f7aa1d3c,0.2,5.4,en,11,19
ef0822572,0.1,3.3,en,8,14
9a32cab94,0.4,2.0,en,4,10
0497f7012,0.5,1.7,en,3,15
a1ba2f016,0.4,0.8,en,2,9
c4c4a926f,0.1,4.9,en,16,21
4195e3052,0.0,3.7,en,7,12
929528b36,0.4,1.2,en,3,3
f0b2787f5,0.0,0.4,en,2,4
17be61e34,0.1,4.6,en,9,15
00b23513e,0.7,0.7,en,1,4
33752346b,0.3,2.1,en,5,10
6e21edd32,0.2,6.0,en,17,20
cbefe3979,0.0,8.3,en,21,41
98d3a24b8,0.2,0.6,en,3,6
b6c338f94,0.0,3.6,en,8,19
14831f659,-0.4,0.4,en,1,11
7dcbe3383,0.3,3.6,en,8,9
ada6358f5,0.5,5.2,en,8,13
ac6adc2e4,0.0,0.0,en,1,1
391da7c7d,0.3,2.1,en,3,6
e08c4940e,-0.3,1.2,en,3,7
7117385a0,0.0,1.7,en,7,19
c4a3c0456,0.4,2.0,en,4,13
7bfe95866,0.7,2.1,en,3,5
c0b5e6036,0.3,0.6,en,2,2
4f9b31590,0.5,4.5,en,7,9
ff601e5ec,0.3,1.7,en,4,9
f9d566df8,0.0,0.2,en,2,2
0ed23a049,-0.1,2.0,en,8,9
5cc86be4e,-0.4,0.8,en,2,15
f89c6f6a6,0.3,0.3,en,1,3
4b8b0a817,0.1,3.3,en,5,28
4060caeb1,0.1,0.1,en,1,2
e133ab2f1,0.2,0.2,en,1,6
591f1d67c,0.4,2.1,en,5,16
9c777bb01,0.4,5.7,en,10,26
4fbe0c2e5,0.3,0.7,en,2,1
2b3387bd7,0.0,2.2,en,8,21
b53990a1d,0.4,1.2,en,3,8
b210e38f0,0.3,3.3,en,7,20
7da9d50b1,0.0,4.1,en,10,27
3c9dbc88e,0.0,4.7,en,14,20
33f89cb83,0.0,1.5,en,5,13
d3975e1bd,0.0,3.4,en,9,19
b47109e90,0.3,1.5,en,4,9
eb6c84ec0,0.0,3.5,en,10,24
379d5e10d,0.0,13.7,en,37,101
a120cae65,0.1,0.3,en,3,3
530c897a2,0.4,2.4,en,5,9
a15d8c8a8,0.2,0.2,en,1,4
e11e6cf89,0.0,9.4,en,22,50
41a6a7467,0.4,1.5,en,3,7
13fb61859,0.1,5.6,zh,15,50
35225eb67,0.2,2.0,en,5,8
59309ddf6,0.3,1.8,en,5,14
50cbc6c8f,0.7,1.4,en,2,4
65daac431,0.0,0.0,en,1,1
5347d6835,0.0,0.0,en,2,4
059cfed40,0.5,1.1,en,2,3
2ddad75c0,0.0,0.0,en,1,1
40156a896,0.1,3.4,en,11,38
9c5f43178,0.4,1.3,en,3,4
7595f467b,0.2,0.2,en,1,1
fb0180584,0.0,1.1,en,4,10
d87ff9c80,0.1,1.3,en,7,23
30dbb2e50,0.5,2.3,en,4,10
bf6dedb55,0.5,2.8,en,5,20
ba16e7f4b,0.4,2.4,en,5,12
7b8d76961,0.8,0.8,en,1,3
c2fc23444,0.3,1.6,en,5,12
935098bbf,0.1,1.2,en,2,5
27ce98a2e,0.5,2.2,en,4,4
e40073625,0.6,2.0,en,3,4
a672ea96d,0.2,0.2,en,1,1
554965e66,0.4,1.4,en,3,12
da1e7c53d,0.9,2.8,en,3,8
e32467940,0.1,0.1,en,1,1
152880177,0.2,3.3,en,8,21
2f3677597,0.5,3.1,en,6,14
e633386b0,0.9,0.9,en,1,0
a2ac8316b,0.2,0.7,en,2,4
a56bbc295,0.6,0.6,en,1,5
ced0659f2,0.0,0.0,en,1,1
90b927fdd,0.0,0.0,en,1,2
fe5d572be,0.7,1.5,en,2,9
97aa9eeac,0.1,0.9,en,3,3
73b5c37dd,0.9,2.7,en,3,1
e678bcc42,-0.2,0.6,en,2,4
229beedff,-0.2,1.1,en,3,3
4a9fa9d9e,0.5,1.7,en,3,6
d4223dd4c,0.2,1.7,en,4,7
67d0b57eb,0.3,2.0,en,6,19
ea7ec0562,0.4,4.6,en,8,11
2f95b343a,0.0,0.0,en,1,2
5d3c9feba,0.8,1.6,en,2,4
1f4a53e6c,0.1,0.9,en,5,7
2e4eb9198,0.6,0.6,en,1,0
ca3dbbaa3,0.6,0.6,en,1,3
63cd0b2b3,0.0,2.3,en,9,16
cbe4be41b,0.0,0.1,en,2,2
31893804f,0.5,2.7,en,5,8
36b57b1ee,0.3,1.6,en,4,7
d30dcea91,0.4,1.5,en,3,4
8fa1c5c38,0.6,2.6,en,4,3
830b62870,0.1,0.7,en,4,11
97c58d897,0.0,0.0,en,1,1
26e7f93e8,0.3,1.4,en,4,4
3f8824a3b,0.5,1.0,en,2,8
b9d49b198,0.1,2.2,en,7,21
9b0744be7,0.2,3.5,en,12,22
8c36b62a9,0.1,1.2,en,3,11
68d7d01d0,0.3,0.3,en,1,1
91306f563,0.1,1.6,en,4,11
88bffd281,-0.1,1.1,en,6,19
5e5f1623c,0.1,1.6,en,5,25
b1f1a42bf,0.9,0.9,en,1,10
81f1d4d5c,0.0,3.0,en,6,17
303696f08,0.3,1.3,en,3,4
4d73d97fd,0.5,2.8,en,5,16
973278f56,0.7,2.9,en,4,3
cfebb0955,0.7,0.7,en,1,0
ee3b21a9a,0.1,1.8,en,5,12
953416879,0.1,2.6,en,13,31
1e4b7018a,0.0,0.0,en,1,1
8d8895245,0.7,5.9,en,8,13
50ef65df7,0.3,0.9,en,3,8
c40052aba,0.1,3.5,en,6,26
9945962c3,0.2,1.4,en,5,12
675bb16b8,0.2,2.0,en,4,5
3560a3e97,0.5,5.4,en,10,22
41487b069,0.3,3.4,en,7,23
b525ee190,0.0,0.0,en,1,20
fad4fb461,0.0,0.3,en,3,1
af76ac5bf,0.1,0.9,en,5,7
1d7e844a7,-0.2,0.2,en,1,3
53c344d06,0.0,0.5,en,4,8
6ed73fc84,0.0,0.0,en,1,1
d1bfba974,0.5,1.1,en,2,3
52363327c,0.5,1.7,en,3,4
157e3e074,0.5,0.5,en,1,4
a031e3771,0.6,1.2,en,2,7
20c3c2ba7,0.0,0.1,en,2,5
8c5bf2766,0.9,0.9,en,1,2
8693c4e7f,0.3,3.1,en,7,27
84e146ba6,0.0,0.0,en,1,1
cc9f9c4c1,0.2,1.9,en,4,24
355e3bdc5,0.6,1.9,zh,3,9
f48b3cebb,0.2,5.0,en,11,24
8773f250c,0.1,2.3,en,5,11
3998bcfec,0.1,1.1,en,2,4
7a8fc4913,0.0,0.0,en,1,0
7d25ac957,0.1,6.4,en,15,22
a88733fd1,-0.6,0.6,en,1,4
828f0e616,0.2,2.4,en,7,8
e0e8d63df,0.6,1.3,en,2,3
7a54b760e,-0.2,4.7,en,12,30
3005b75eb,0.4,1.6,en,4,4
a98716d75,0.5,2.1,en,4,10
b00d0fe1c,0.3,5.0,en,9,19
5e6a7ea61,0.2,1.4,en,6,5
258667857,0.2,1.3,en,3,15
fa94cdf93,0.5,2.0,en,4,5
f5fc7d4a5,0.1,4.3,en,9,15
bc5ae0001,0.6,1.3,en,2,1
c0ca6dd73,0.0,0.0,en,1,5
084b7e7eb,0.3,2.7,en,8,12
cbf3467d9,0.3,1.7,en,4,4
accca912b,0.9,0.9,en,1,8
5188ce75b,0.4,0.8,en,2,9
c0b704c99,0.7,0.7,en,1,4
1c3793826,0.5,4.1,en,7,12
3f222f11f,0.9,1.8,en,2,6
cc3fe68d2,0.4,0.9,en,2,2
a89af346d,0.3,3.1,en,5,18
fef340804,0.0,0.0,en,1,2
bb48e2353,0.9,1.8,en,2,4
0a949618f,0.4,0.8,en,2,6
fc96276a7,0.0,0.0,en,1,7
695925a2a,0.1,0.1,en,1,1
0a5be413e,0.0,0.0,en,1,1
6e09bfe1f,0.6,1.8,en,3,2
7d0367e19,0.0,4.2,en,12,22
ea9ad03dc,0.2,1.1,en,4,6
c76384236,0.3,1.1,en,3,7
9f1ba804c,0.6,1.2,en,2,3
fcdf10cb0,0.3,1.2,en,4,9
069fc79d6,0.0,4.1,en,7,10
489466e53,0.5,1.7,en,3,6
de97498e6,0.1,16.7,en,43,101
0f4291ce6,0.9,0.9,en,1,2
bb05c1ce8,-0.3,0.8,en,2,8
d7a002088,0.0,0.8,en,3,4
5b56430cd,0.0,2.6,en,7,9
d4d6997e3,0.4,0.4,en,1,2
f785304ad,0.0,0.0,en,1,2
988f48ca6,0.3,1.1,en,3,11
1faffda03,0.0,0.0,en,1,1
67d853896,0.4,1.8,en,3,6
efb7343fa,0.2,0.5,en,2,3
c1da8c2de,0.4,0.4,en,1,0
6003cc8cf,0.0,1.4,en,5,16
a8cdba660,0.0,1.1,en,4,10
b5df81f99,0.4,2.4,en,5,6
01f976ec9,-0.3,0.3,en,1,5
e4a48ef49,-0.1,0.5,en,5,9
d083a22c5,0.2,0.5,en,2,2
6c2fa49e8,0.5,1.0,en,2,7
da8d4a273,0.6,4.0,en,6,5
dd7732e86,0.2,0.2,en,1,6
a7a28b4f4,0.0,2.0,en,6,10
27867018b,0.1,0.5,en,4,5
9cc36a057,0.4,1.4,en,3,12
e62c62127,0.8,1.6,en,2,3
81d404558,0.9,0.9,en,1,3
27226ea0c,0.4,2.8,en,6,6
c61f6507e,0.4,2.3,en,4,13
f9a962ccc,0.4,3.6,en,7,14
6bc347d2d,0.2,2.0,en,7,7
d6259561f,0.3,1.6,en,5,10
f7fc28014,0.0,0.0,en,1,1
1c74d62ed,0.9,0.9,en,1,2
640a267a9,0.0,0.7,en,2,7
6d1d7bcd8,0.3,0.9,en,2,2
399856928,0.9,0.9,en,1,1
c46e29741,0.1,2.1,zh,6,19
5c1fa6bd2,0.4,2.0,en,4,4
0f27a7baa,0.2,0.8,en,3,1
e58225b2e,0.3,3.1,en,6,11
ebae250e9,0.1,5.2,en,11,31
50ae3720b,0.2,1.2,en,4,8
7aa682539,0.4,0.8,en,2,4
bdde3b5ca,0.5,2.0,en,4,6
079332bdc,0.0,0.0,en,1,4
9aee8fe5a,0.5,3.3,en,5,10
be4acc363,0.0,0.3,en,3,5
314e041cc,0.4,2.6,en,6,8
59c9f850a,0.0,1.6,en,3,5
e3ae90795,0.4,5.9,en,12,25
13c67e713,-0.3,1.5,en,4,7
822b31b85,0.1,0.1,en,1,1
32ef0472e,0.1,2.8,en,5,13
5afa2e561,0.2,0.2,en,1,3
de7905c9c,0.2,0.6,en,2,3
a929a9f48,0.5,1.0,en,2,5
c15d26817,0.4,3.8,en,7,20
081199ea2,0.5,5.1,en,8,21
6f14bc8cd,0.3,0.7,en,2,4
a7c004380,0.8,1.7,en,2,3
f1db33c30,0.0,0.1,en,2,5
e0a1e1ecd,0.6,1.3,en,2,5
ebeebeee4,0.4,5.0,en,8,30
d1b183683,0.0,0.0,en,2,4
a1390d450,0.3,2.2,en,4,21
96703e01d,0.0,0.0,en,1,2
09807c555,0.1,2.6,en,10,15
8a420e638,-0.1,0.1,en,1,2
33f056cc7,0.5,3.2,en,6,10
44bba906d,0.4,1.8,en,4,13
01c7411ef,0.2,1.3,en,4,5
3ae326dba,0.1,1.4,en,7,13
937c2e14f,0.4,2.5,zh,5,11
f0e24b0aa,0.3,2.2,en,4,16
edd2ebd5e,0.3,1.1,en,3,4
a2e529567,0.0,2.0,en,7,17
83d36f269,0.5,0.5,en,1,4
5419155f2,0.1,3.1,en,8,16
f85ae1408,0.2,1.1,en,3,19
a2c44393c,-0.2,0.2,en,1,5
cd9c84ec2,0.1,5.7,en,12,28
3c0450f2f,0.0,3.3,en,8,37
ec40d007f,0.3,3.7,en,8,32
13426c720,0.3,1.6,en,4,7
c36ffffdc,0.3,2.1,en,3,3
032aefa61,0.0,1.6,en,2,5
52ed9719f,0.2,3.9,en,10,24
9467b9867,0.3,1.9,en,6,7
41ce762ce,0.3,3.5,en,6,13
34fcc459a,0.9,0.9,en,1,6
ada57411b,0.3,1.3,en,3,4
0e0d0a9af,0.5,2.8,en,5,4
11ce5617d,0.5,7.2,zh,13,26
e633a6647,0.4,1.3,en,3,4
854319675,0.0,5.3,en,9,32
02cf14499,0.3,0.7,en,2,2
adff46aad,0.0,0.2,en,2,4
a6fd3df67,0.9,0.9,en,1,3
063495ecd,0.5,1.6,en,3,5
f5e329595,0.8,0.8,en,1,3
534104c8e,0.8,0.8,en,1,2
b02c50d9d,-0.6,0.6,en,1,2
4c1981df1,0.0,4.6,en,8,20
a41b62aa8,0.3,2.8,en,8,26
53bb1d133,0.4,1.9,en,4,9
176ef71db,0.0,16.7,en,57,87
e4460cb03,0.0,1.6,en,3,1
73e1b299a,0.4,2.0,en,5,12
1e62e6022,0.1,1.0,en,6,12
4ff447944,0.2,5.1,en,11,19
a8b358af2,0.1,1.1,en,4,8
1afdf61ec,0.0,0.0,en,1,9
1528d2a61,0.0,10.3,en,35,87
b3185d954,0.1,1.7,en,6,10
c05b74b05,0.3,3.0,en,6,15
f6c91bc20,0.5,1.0,en,2,4
80cedf6b9,0.0,0.8,en,6,13
fe250bce9,0.0,0.7,en,2,3
9f341e7af,0.1,1.0,en,5,6
a8ea0c6a7,0.0,1.6,en,3,5
1a8503d2f,-0.7,0.7,en,1,13
838b5c426,0.3,0.3,en,1,2
5ac0ddea0,0.0,4.9,en,10,16
b12b6dc93,0.2,1.4,en,4,5
0f15ed6ab,0.3,2.3,en,7,18
2ce1c6a93,0.2,5.6,en,12,19
1d6149d17,0.9,0.9,en,1,1
b77b75f2d,0.4,1.6,en,4,7
55b9c70eb,0.4,0.8,en,2,7
1e8187711,0.8,0.8,en,1,3
a8a1d4151,0.1,4.0,en,10,21
3daede547,0.1,1.6,en,6,6
8e3c58de2,0.3,1.2,en,4,9
d4c3abf4c,0.3,2.5,en,4,6
403aa5c4b,0.4,1.4,en,3,6
33f28ad35,0.2,1.4,en,3,4
181d40c5e,0.0,0.0,en,1,1
fd48a560c,0.0,0.3,en,2,3
c66def50c,0.1,3.0,en,5,8
f6510f0c2,0.0,0.1,en,2,1
8f90bba4c,0.4,0.8,en,2,2
170fa3d49,0.0,1.0,en,5,12
f2fba72d2,0.5,0.5,en,1,4
73dedcf29,0.5,1.6,en,3,4
e2aa20dbd,0.2,6.1,en,10,27
c1ecd33ac,0.7,0.7,en,1,13
598f49a8f,0.0,0.0,en,1,1
6cd340cfd,0.1,1.9,en,4,7
1555b08c9,0.4,1.2,en,3,11
ffd2e82a9,0.7,2.8,en,4,10
86629a3ee,0.6,1.2,en,2,7
85f63b533,0.1,0.1,en,1,1
7e8c5d816,0.4,0.9,en,2,7
56e91b142,0.1,1.7,en,5,7
eab8c8c03,-0.1,0.3,en,2,2
c659e8a32,0.4,3.6,en,7,11
ac31057e6,0.9,0.9,en,1,3
16349e686,0.6,0.6,en,1,2
0e8887c13,0.9,1.8,en,2,2
96b7978d2,0.1,2.0,en,9,16
cb9cffdff,0.4,3.0,en,6,5
305524cba,0.5,1.0,en,2,10
733ccdc63,0.4,3.4,en,6,13
d54d84b63,0.0,0.0,en,1,2
1f3e595eb,0.5,1.0,en,2,3
cad1405fc,0.4,2.5,en,5,8
5902c3051,0.3,2.3,en,6,15
7d7eef3d3,0.4,2.8,en,4,11
267841852,0.0,1.6,en,6,7
0dff88b6f,0.3,0.6,en,2,5
6438c6b3f,0.4,0.4,en,1,4
180b3f500,0.2,1.2,en,4,5
76c073021,0.2,0.7,en,3,5
9b53610ea,0.3,4.5,en,12,47
50723f2c3,0.3,1.1,en,3,3
e315452b5,0.7,0.7,en,1,1
bf2f22377,0.6,3.8,en,6,15
8cb325d19,0.5,1.7,en,3,15
945346188,0.3,2.2,en,6,17
f759dc332,0.2,3.3,en,11,14
e6d59d514,0.0,0.0,en,1,2
f246dec63,0.4,3.4,en,7,11
5d3289417,0.2,0.6,en,2,4
aef6836e4,0.7,0.7,en,1,1
412b93160,0.4,4.1,en,7,28
38f6d8ab9,0.3,0.7,en,2,5
2ba66d1e1,0.1,2.6,en,5,38
a43d578dd,0.1,4.5,en,14,29
ccc88931c,0.3,2.2,en,6,10
bc8aedde4,0.7,2.2,en,3,5
577c72b39,0.0,3.4,en,10,19
a90d6fbee,0.5,1.1,en,2,14
dfff88c90,0.9,0.9,en,1,0
5fe2e44a2,0.3,0.3,en,1,1
abadb839a,0.6,1.8,en,3,7
fab1170a2,0.4,2.5,en,4,9
0bcb2c2b5,0.0,0.2,en,2,4
1d30559d8,0.5,4.5,en,7,17
9819716c8,0.3,1.1,en,3,5
5f2edae7c,0.4,2.3,en,5,6
6be0a8fcd,0.2,1.4,en,3,8
0d7f7a155,0.2,0.2,en,1,2
493d9cc81,0.1,3.3,en,10,16
5909a21cc,0.3,1.6,en,4,10
5ddd7f219,0.2,0.5,en,2,6
c039154f9,0.0,2.7,en,7,11
9ec161c16,0.0,1.7,en,4,11
dff412d60,0.2,6.7,en,12,26
eee3ab446,0.8,0.8,en,1,1
bb5917ca8,0.2,1.0,en,4,7
6f7d23e2d,0.5,3.8,en,7,13
3ad53090d,0.9,0.9,en,1,4
4f412d0fc,0.3,2.3,en,6,11
a0fd5da22,0.0,0.0,en,2,4
ef7555da8,0.0,1.3,en,2,7
8e1111452,-0.1,1.2,en,6,9
10e27da02,0.3,4.1,en,8,19
f53be74bd,0.3,3.5,en,6,18
92d4c1513,0.8,0.8,zh,1,8
47453584e,-0.6,1.8,en,3,12
7959e3491,0.0,14.4,zh,28,61
d73e917de,0.0,0.4,en,4,2
e3d9dc96d,0.0,0.0,en,1,1
3948f67d7,0.0,1.4,zh,8,24
215345b52,0.4,4.1,en,7,16
e0bf99ea2,0.3,1.0,en,3,2
46bb277b5,0.0,5.0,en,21,71
9183ef863,0.1,2.7,en,7,13
a6ac8884b,0.0,0.0,en,1,1
8c2e6c331,0.2,1.3,en,3,8
a710da2ab,0.7,0.7,en,1,3
2a19120e7,0.2,5.1,en,12,24
1d03b6d7c,0.1,1.5,en,2,12
290cdc8ee,0.0,2.6,en,6,14
728ed1c0e,0.0,0.0,en,2,4
dd074b8ba,0.6,2.5,en,4,5
b7910b841,0.1,1.1,en,6,11
5ab4df736,0.5,3.1,en,6,11
2d837689d,0.3,3.8,en,10,16
6f3f2899c,0.3,2.5,en,7,17
13d0266c5,0.0,6.6,en,19,35
cbb64ed77,0.2,5.0,en,10,19
cfd4c95d9,0.0,1.6,en,4,30
b5fd8a091,0.3,0.7,en,2,4
f90762cef,0.3,1.5,en,3,9
6cc070892,0.0,3.5,zh,11,27
ed29f6592,0.0,0.0,en,1,2
bf2f87f17,0.6,3.1,en,5,6
dcdf98438,0.6,5.2,en,8,12
f95b27325,0.1,8.1,en,17,34
e99eda1f6,0.5,2.1,en,4,6
0c752844d,0.3,1.4,en,4,3
e4424b719,0.1,2.7,en,9,14
ab7ccc7df,0.0,1.3,en,4,4
099115d38,0.2,0.6,en,3,5
81614060c,0.2,5.6,en,16,22
69275e62d,0.8,0.8,en,1,2
f05838eb7,0.1,2.0,en,7,17
563eaa005,0.3,1.0,en,3,3
28af5e0d3,0.5,1.0,en,2,3
5980b0699,0.7,1.5,en,2,10
fbcea110f,0.1,0.3,en,2,4
7aae61018,0.4,3.7,en,6,15
82ee2f3e9,0.1,3.0,en,9,12
32eb3673a,0.1,2.6,en,6,13
23c4874d8,0.9,1.8,en,2,3
8ab1bbd3f,0.0,0.8,en,7,12
115a4b208,0.1,0.1,en,1,0
ae64cc2e7,0.3,4.5,en,11,21
7133c0c97,0.9,0.9,en,1,1
158bc6f24,0.4,6.4,en,11,31
1aef9fc86,0.0,4.0,en,8,26
9ab8dddba,0.4,1.0,en,2,3
b4f69489c,0.2,6.4,en,15,21
982564925,0.0,0.0,en,2,5
27e8956dc,0.3,4.8,en,13,28
111be067f,0.0,0.0,en,1,2
b477ad589,0.3,1.0,en,3,7
c662b7876,0.3,1.1,en,2,5
9b9cadd98,0.6,2.5,en,4,6
62550cf78,-0.2,0.2,en,1,0
8aa432e1d,0.0,0.0,en,1,1
87c19915b,0.2,2.7,en,8,12
2d725d001,0.4,1.8,en,4,4
ae4ebeb3e,0.3,1.0,en,3,16
88fa13291,0.0,0.2,en,2,5
807ea3b72,0.9,0.9,en,1,2
51714821c,0.6,2.6,en,4,7
58ee93558,0.0,2.0,en,4,40
d680ddf5d,0.5,1.7,en,3,11
d95eabfe9,0.6,2.6,en,4,10
fa253c6e7,0.1,4.1,en,7,14
055825f1c,0.8,0.8,en,1,1
cb423070b,0.0,1.6,en,3,28
0d551fb5b,0.0,1.9,en,4,3
6029bf590,0.9,1.9,en,2,6
fd015c129,0.6,2.5,en,4,6
ed97f6919,0.4,7.6,en,15,59
11a3fb06e,0.2,0.2,en,1,3
87554ea1f,0.1,1.0,en,5,7
3a3dc1dab,0.3,1.9,en,5,8
6f0d943dc,0.2,2.0,en,7,13
b7ea489ae,0.6,4.7,en,7,19
341420028,0.1,0.1,en,1,1
01c62e03b,0.1,1.1,en,4,10
237343008,0.2,1.4,en,5,10
36cc00cf3,0.5,1.5,en,3,10
b39ead375,0.0,0.0,en,1,4
bd0a144b0,0.2,3.6,en,11,20
c34b20922,0.2,0.4,en,2,5
74f15e0fd,0.5,1.0,en,2,7
5d7c27d43,0.0,4.2,en,15,41
cd2b84b66,0.2,4.2,en,10,23
9981e5f29,0.8,0.8,en,1,1
6464f2352,0.0,1.3,en,3,5
2cc0c6dee,0.2,2.7,en,7,13
3c2100f6e,0.5,1.5,en,3,5
861d65847,0.7,4.6,en,6,18
bb2c896c5,-0.4,0.4,en,1,4
f99149151,0.9,0.9,en,1,7
41e824cbe,0.2,8.3,en,21,55
8c1c5448c,0.1,4.7,en,10,20
9430d84c5,0.2,2.1,en,6,14
73ab55e8c,0.4,5.2,en,11,25
99f5b19b5,0.0,11.2,en,31,30
f99af9837,0.0,0.0,en,1,1
a1d05e431,0.2,0.9,en,3,13
60e5899e2,0.7,1.4,en,2,4
d83749129,0.0,1.4,en,2,5
81da09ea9,0.0,6.2,en,16,26
94afcd90c,0.0,2.1,en,6,10
8a45e8492,0.2,1.2,en,3,8
0e61fe015,0.3,1.0,en,3,5
437b06047,-0.1,2.9,en,7,11
ec7383d83,-0.2,0.7,en,2,6
e15b26ed8,0.4,1.8,en,4,8
ea678fb08,0.3,0.6,en,2,6
7218c8328,0.0,0.0,en,1,2
4d7dd6115,-0.2,0.9,en,3,10
7ae269152,0.3,2.4,en,6,5
d8a48180b,0.3,2.2,en,6,20
41175dcb5,0.3,1.8,en,4,6
5b72e14bf,0.1,0.8,en,4,13
0e9a2fed4,0.4,1.1,en,2,4
f27a94272,0.9,2.8,en,3,4
9725bf4d2,0.4,1.3,en,3,10
82905a82e,0.2,3.1,en,9,19
35fdb89c9,0.4,2.9,en,4,8
d1fa13f8d,0.0,0.4,en,5,7
6b685abae,0.5,6.7,en,12,17
10c24c385,0.4,2.6,en,6,5
af0494f60,0.2,2.4,en,4,13
7e681c7eb,0.0,0.0,en,1,1
2f3bed708,0.2,1.7,en,6,10
10a093758,0.7,0.7,en,1,0
83b705aaa,0.2,2.9,en,6,35
0ef640aaf,0.0,1.4,en,4,4
deff069a2,0.4,3.0,en,6,5
2b38b60d2,0.2,10.8,en,22,36
a1b3dafc9,0.9,1.8,en,2,4
1b5af7749,0.0,1.9,en,6,17
91c2159dd,0.1,0.6,en,3,20
2bbca459e,0.1,0.1,en,1,2
7cf995ca4,0.0,0.1,en,2,2
9c7476c25,0.3,0.6,en,2,4
1fbf04fab,0.0,3.3,en,10,28
fed21411c,0.3,0.8,en,2,28
a2124f529,0.2,2.7,en,11,40
e62224eeb,0.4,1.4,en,3,4
4b8db7cbe,0.2,1.4,en,5,9
46f656f13,0.6,3.0,en,5,9
559e15485,0.4,0.8,en,2,17
727d25d09,0.5,3.3,en,5,11
8d2afd85f,-0.2,0.5,en,2,6
11960b9ed,0.7,2.3,en,3,6
1a952e440,0.3,0.3,en,1,1
b41fd3816,0.2,1.6,en,3,10
9bcd62ef1,0.0,1.3,en,3,12
21a1b528f,0.2,1.0,en,4,8
0e12b9baa,0.7,3.8,en,5,7
83502a253,0.2,4.7,en,11,19
a399a151d,0.2,1.5,en,6,7
321d04634,0.4,1.2,en,3,4
d1f01fc04,0.0,1.2,en,4,8
5f2623cb9,0.1,0.7,en,4,3
37bbc6060,0.2,2.0,en,6,10
7a1d75edd,0.3,1.6,en,3,9
d4427513d,0.6,2.8,en,4,10
bfdde77ff,0.2,0.8,en,3,4
392cb224a,0.1,3.2,en,8,18
a5c5278b8,0.1,0.6,en,4,10
bfdab2894,0.3,2.8,en,6,4
435f419f9,0.7,0.7,en,1,6
1d2a7f0dd,0.3,1.1,en,2,10
06db81e31,0.3,1.1,en,3,6
b2056e185,0.2,3.6,en,10,22
ca7a148c0,0.1,0.4,en,2,6
97b469d4b,0.5,1.1,en,2,2
2c8e65887,0.2,1.9,en,5,8
08fc1372f,0.2,3.0,en,6,12
10e26690b,0.2,1.2,en,3,11
7169c3e3a,0.2,0.5,en,2,2
a22daaa5f,0.5,1.0,en,2,3
1d5a59ca9,0.0,0.0,en,1,1
e19ee42ce,0.4,1.3,en,3,11
a6239b2f3,0.0,1.9,en,4,3
af843bbce,0.6,3.9,en,6,12
d52f229d1,0.2,3.0,en,7,14
92c2878db,0.3,1.5,en,4,14
8d047d078,0.5,1.5,en,3,5
3bfb759ce,0.2,1.2,en,5,8
189eaf5c4,0.7,3.5,en,5,15
6fea8ac52,0.5,1.7,en,3,4
b623d9449,0.9,0.9,en,1,2
c8208c3c9,0.3,1.2,en,3,6
0f012474b,0.6,1.2,en,2,3
9c788a6bb,0.0,0.0,en,1,1
0af142ee3,0.2,0.6,en,3,3
ba2d4e877,0.4,4.0,en,7,39
1a91262f6,0.3,2.9,en,7,6
4d98e5623,0.4,1.2,en,3,8
158b502d3,0.2,3.9,en,7,23
a7baf1366,0.2,3.4,en,13,23
7ca7983b5,0.0,1.4,en,3,7
f0137d4e3,0.3,4.0,en,7,19
1bc9bf272,0.7,1.5,en,2,4
abd80f666,0.1,0.2,en,2,9
bb1775dbe,0.5,1.1,en,2,3
17bdf954a,0.0,0.2,en,3,5
cde0d8e8e,0.4,4.2,en,9,18
dc9557824,0.3,1.0,en,3,5
a85630773,0.0,3.2,en,9,22
80034deb8,0.2,1.2,en,5,9
d0566e4db,0.4,2.1,en,3,3
97b32f734,0.5,1.5,en,3,5
d67619580,-0.1,1.4,en,5,14
774de959c,0.3,3.6,en,8,12
ca3312b77,0.7,0.7,en,1,0
46ef61c91,0.4,0.4,en,1,3
d1db8712e,0.4,2.1,en,3,16
642b0dbac,0.0,0.4,en,2,5
637186543,0.5,2.6,en,5,18
6a7027972,0.4,2.9,en,6,15
3cf06742b,-0.1,0.1,en,1,15
87613aee1,0.4,0.9,en,2,7
2560aee80,0.3,2.8,en,5,7
6c803e00e,0.2,1.4,en,2,6
61dc8345a,0.2,1.5,en,2,8
3fa0de4e4,0.0,0.6,en,4,7
14357e2ed,0.4,2.9,en,7,16
b47b947be,0.4,1.3,en,3,3
c78fa1a45,0.4,2.4,en,5,9
607744326,0.2,1.0,en,3,7
a9f6ed0cb,0.2,2.3,en,7,17
818b12621,0.0,0.0,en,1,1
d25ad4b76,0.3,3.0,en,6,9
68a4cd579,0.3,3.8,en,8,5
0fe8ffc8e,0.4,1.9,en,4,13
eba773cbe,0.1,0.3,en,2,4
be5595abb,0.3,1.3,en,4,11
2fb22dd88,0.0,0.0,en,1,1
1fd056050,0.3,3.1,en,8,19
3983e7c06,-0.3,0.7,en,2,4
54e0ac09d,0.0,0.0,en,1,4
71419d422,0.4,1.3,en,3,6
9278f7216,0.4,2.0,en,6,12
27dd38817,0.5,3.8,en,7,24
1b932e373,0.9,0.9,en,1,3
caa616482,0.1,7.6,en,15,37
43021e4ed,0.9,0.9,en,1,2
067f49481,0.0,4.3,en,12,28
ac52ba660,0.5,1.7,en,3,5
91df1b68f,0.2,0.2,en,1,0
78a99e7a9,0.5,0.5,en,1,5
803c3b444,0.3,2.5,en,4,27
a4e09a814,0.4,1.0,en,2,2
cea2544a7,0.0,1.1,en,12,24
14c70761a,0.4,0.4,en,1,10
7b36167be,0.7,0.7,en,1,1
98da79d01,0.9,0.9,en,1,2
f247a5242,0.2,1.2,en,4,7
89788a8fd,0.3,3.4,en,7,43
bff5e06f5,0.5,1.0,en,2,7
a9fb31e59,0.1,2.6,en,7,15
44965fd2c,0.0,0.0,en,1,1
0722660e0,0.2,1.6,en,7,8
02d66a1be,0.5,3.1,en,5,14
412d6c47d,0.9,0.9,en,1,6
0338fcdaf,-0.1,1.9,en,7,12
b7856db41,0.0,0.0,en,1,2
5267f524a,0.0,0.0,en,1,2
d202e4c9c,0.2,0.5,en,2,2
7314ad440,0.3,0.9,en,3,6
ea303d329,0.2,2.5,en,6,31
cf162bb42,0.0,3.6,en,5,14
4733d5e7a,0.6,6.4,en,10,11
edbffc8cf,0.0,2.1,en,6,11
733f9942b,0.5,5.3,en,9,26
8e92ebde6,0.4,2.0,en,5,14
2831adaff,0.2,3.4,en,11,27
8ccaceef5,0.0,1.1,en,4,8
998488372,0.2,5.0,en,11,18
ff9ce365b,0.3,0.8,en,2,4
b7351540f,0.3,0.9,en,3,13
e1d86f0b6,0.1,5.3,en,16,28
bc7b17cd5,0.1,0.8,en,4,13
ef5a07ae2,0.4,0.8,en,2,8
6709f43e8,0.3,4.8,en,8,12
a0401d349,0.0,0.0,en,1,1
3afb76273,0.4,4.7,en,7,16
93a9e05b1,0.2,1.4,en,4,10
ddbb99929,0.4,2.2,en,5,6
d320b7121,0.2,3.3,en,10,29
eac772633,0.0,2.8,en,8,13
f83c963d2,0.7,2.1,en,3,5
7c9fdd0ca,0.5,0.5,en,1,8
4d767b639,0.4,3.2,en,7,13
623138a05,0.4,1.3,en,3,3
8b9739cef,0.4,0.9,en,2,2
e21ecf520,0.0,1.0,en,2,5
c14530f38,0.8,3.2,en,4,6
10516f3c6,0.2,3.4,en,8,13
44f048354,0.5,5.5,en,10,17
29e6c171d,0.1,1.4,en,9,13
79669f807,0.2,2.6,en,6,10
2f72b9f33,0.1,1.0,en,5,13
cd469a42f,0.4,0.8,en,2,7
f9e4762d2,0.0,13.5,en,43,59
3ba83a496,0.1,2.0,en,4,13
012a1a396,0.1,2.0,en,8,14
b84dad49f,0.0,5.1,en,13,25
a63c59c80,0.0,4.7,en,14,24
719917454,0.3,5.8,en,13,33
196d58932,0.1,0.7,en,3,2
d2161e0a2,0.0,0.4,en,5,4
41bc94422,0.1,1.1,en,6,7
69b79d62d,0.1,2.0,en,7,13
aa795e561,0.2,0.5,en,2,5
687ddcca9,0.2,4.5,en,12,55
497ef36aa,0.6,1.8,en,3,9
8a5d7e622,0.2,2.5,en,6,13
310045474,0.4,3.0,en,5,15
611c6421b,0.0,1.0,en,5,14
c4f6cca8a,0.4,3.7,en,7,4
5152dbfe1,0.2,2.6,en,5,12
05d8b5a9d,0.6,0.6,en,1,1
42d2aa0bf,-0.1,0.1,en,1,13
a9551ed6d,0.2,3.3,en,8,30
7a6a9aace,0.5,2.6,en,5,11
591fa7c31,0.1,0.1,en,1,2
329058ec1,0.1,0.6,en,3,5
bce2ed853,0.1,6.5,en,14,41
48553ec94,0.4,6.9,en,12,38
268cdb435,0.1,1.2,en,2,3
8bb34f0bd,0.8,3.2,en,4,7
67e41958c,0.4,2.3,en,5,13
14a9958e0,0.0,2.2,en,5,8
bad338993,0.3,1.1,en,3,10
d9c151e72,0.4,5.0,en,11,22
9296eb09d,0.1,0.3,en,2,6
ba311fc1a,0.0,0.0,en,1,1
9e2a19b16,0.3,1.3,en,4,7
28af3f2c9,0.3,4.3,en,8,15
df89a82ab,0.4,1.2,en,3,8
43c623f94,0.9,0.9,en,1,5
0985e2dad,0.1,0.1,en,1,0
1aaa74b35,0.0,0.1,en,2,5
f36876126,-0.2,0.7,en,3,14
4dd8dd451,0.6,1.8,en,3,9
40ea976de,0.0,2.5,en,6,11
4450385b4,0.6,2.0,en,3,9
9d2fb911c,-0.3,1.2,en,3,10
b7656e70f,0.2,2.4,en,4,9
a5b4b663d,0.0,1.4,en,9,14
94dac1ddf,0.4,1.8,en,4,13
aefafcc66,0.2,3.4,en,9,21
7ea357093,0.9,1.8,en,2,2
3021613fd,-0.2,1.7,en,7,19
6cfbd44df,0.2,0.8,en,3,4
4daad230c,0.5,1.7,en,3,7
dfb0b0928,0.4,0.9,en,2,4
1882fa24c,0.6,1.3,en,2,6
72f6dbb1d,0.8,0.8,en,1,2
2c7a8ea18,0.3,3.0,en,4,10
1819e298c,0.1,0.1,en,1,2
d2512e37a,0.8,0.8,en,1,3
056cc22d2,0.9,0.9,en,1,4
6da53f587,0.2,2.8,en,6,8
83976eb62,0.0,1.1,en,4,24
c723171ff,0.3,1.7,en,4,7
28e14ee81,0.2,3.1,en,8,15
6ec9364a7,0.2,1.0,en,4,8
710dc1661,0.7,4.2,en,6,5
91d307ce9,0.1,0.7,en,3,3
9f9bfa4d9,0.5,3.8,en,7,18
d14d62508,0.3,3.7,zh,7,33
899859c9b,0.2,2.5,en,6,11
4bcc7910d,0.2,1.1,en,3,7
ee9e87618,0.3,1.1,en,3,4
cf4bbdbfa,0.4,1.5,en,3,9
07eb56db1,0.0,0.0,en,1,2
5a5ec1a49,0.1,0.1,en,1,2
61da44459,0.2,2.7,en,6,14
12ba67e43,0.4,2.4,en,4,8
9ca5f1891,0.1,2.1,zh,6,19
25fce0465,0.4,2.8,en,7,8
49f3710f9,0.3,7.0,en,11,47
5ca7a1543,0.7,2.8,en,4,8
71b0f7f97,0.2,0.2,en,1,11
2edd45e56,0.1,1.7,en,5,22
b0a8a88a0,0.3,1.8,en,4,4
a983562e5,0.5,3.2,en,5,11
21958b8f8,0.2,3.4,en,13,26
7fe0a86f8,0.2,3.6,en,6,13
8f2946027,0.0,0.7,en,4,9
a845ba4d6,0.5,1.1,en,2,2
f4cff3785,0.1,0.2,en,2,4
f21d7ec45,0.2,0.4,en,2,4
be3247b2c,0.3,1.3,en,3,4
c160e581a,0.6,1.2,en,2,3
da4da9308,0.2,0.8,en,3,10
2e1d4e279,0.0,1.9,en,6,9
347be28a8,0.7,2.3,en,3,44
281e2d7e8,0.4,1.5,en,3,10
8ab591301,0.9,1.8,en,2,5
7013035d9,0.5,1.0,en,2,5
8143d5d0c,0.2,2.3,en,6,9
623111d43,0.2,1.3,en,5,6
7c37095b6,0.4,1.5,en,3,7
254c3305f,0.4,2.9,en,7,14
aa40c19c2,0.4,0.9,en,2,3
d1a577692,0.1,3.4,zh,9,19
d14a86fd4,0.8,0.8,en,1,2
221331819,0.0,1.0,en,5,18
f8d98877d,-0.1,2.0,en,5,10
67af2d880,0.2,3.5,en,10,22
ce50f376f,0.8,1.7,en,2,6
0de6709ab,0.3,1.5,en,5,8
6b91edb8b,0.4,1.7,en,4,8
8e372fc09,0.4,5.5,en,11,17
4d20f6163,0.1,0.1,en,1,6
fea9183f6,0.4,1.4,en,3,3
d5c4ef4c0,0.5,2.0,en,3,7
6f46311db,0.1,0.8,en,4,13
5043a32cb,0.5,3.5,en,7,11
d440e9ebf,0.0,1.8,en,3,11
c4bc89962,0.3,1.4,en,4,6
a839e26eb,0.4,0.9,en,2,3
6ebcc7756,0.3,2.4,en,4,9
682cbe0f9,0.5,6.1,en,10,20
0dbb0a012,0.4,1.9,en,3,4
ac45f71e3,0.5,4.6,en,6,17
8c7b2f093,0.2,2.5,en,6,7
cc0a49f6f,-0.5,1.0,en,2,3
ed08c717d,0.4,2.3,en,4,7
110d4487e,0.2,3.9,en,6,17
a1188fdb7,0.0,0.0,en,1,2
67115d437,0.6,1.9,en,3,6
1076dcc35,0.5,1.1,en,2,8
a645311ed,0.9,2.8,en,3,11
15bcbb6e2,0.1,2.5,en,7,16
b80a19455,0.3,3.3,en,9,20
b89a89c58,0.2,1.3,en,5,3
3d51f4560,0.2,2.7,en,6,20
6d67ee4d1,0.1,5.4,en,14,22
fe83618e5,0.4,5.2,en,9,16
4d3e3a146,0.0,3.1,en,18,20
e94581522,0.5,1.1,en,2,0
c4dc1e8fe,0.1,5.7,en,14,26
8cc02d983,0.6,1.8,en,3,4
c3c27d97c,0.3,1.3,en,4,7
9faef6bb6,0.0,0.0,en,1,1
343c1f526,0.2,7.8,en,21,54
b1c66fa13,0.4,1.3,en,3,3
298feb02b,0.1,2.1,en,4,8
cb860243c,0.6,1.3,en,2,17
20f870155,0.5,2.2,en,4,10
3f4cf8745,0.3,2.7,en,6,18
51d3a70bf,0.1,6.6,en,15,19
f45beac10,0.3,0.3,en,1,1
a578345c4,0.1,0.3,en,2,3
e932a94c6,0.3,3.0,en,6,10
67be298a7,0.0,1.0,en,3,9
cda71c00a,0.7,1.5,en,2,5
11d50c573,0.4,1.7,en,4,17
5353b2283,0.4,3.4,en,6,19
b7da4e981,0.9,0.9,en,1,3
19d7de899,0.0,1.7,en,4,11
9223ca4fa,0.5,2.5,en,5,7
e8d0eedf7,0.7,3.6,en,5,21
6282ddf87,0.2,1.9,en,6,10
0a140a67e,0.2,0.7,en,3,6
550405709,0.0,2.1,en,4,12
ca8aec089,0.5,1.1,en,2,3
9b344389b,-0.1,2.9,en,4,17
f477f306f,0.3,6.1,en,14,30
5daea1779,0.2,0.9,en,4,7
e2b705117,0.0,4.2,en,7,12
45d2ddcb8,0.1,7.8,en,29,72
0ac279a25,0.3,3.7,en,8,13
20cb13be9,0.0,2.4,en,13,35
e50570999,0.0,0.2,en,4,8
dc56ff89a,0.2,2.1,en,7,19
ddfea1140,0.4,1.3,en,3,4
3d8a35224,0.0,4.2,en,21,30
a62fcea51,0.3,4.1,en,9,12
4f34d790b,0.9,0.9,en,1,2
598f1fdae,0.1,0.8,en,4,13
62e2e9071,-0.2,0.2,en,1,5
23ce26e85,0.1,0.2,en,2,3
ea4cea375,0.1,2.6,en,10,21
2d6e2292d,0.2,2.4,en,7,11
fda10b9ed,0.5,1.1,en,2,2
19cd32fd6,0.0,0.8,en,4,6
a7fd7a703,0.0,2.5,en,8,14
a528683b3,0.1,2.4,en,5,7
97a10da78,0.5,1.0,en,2,5
46a5f0ba6,0.5,0.5,en,1,5
be59708a0,0.2,1.2,en,4,27
8dd28c706,0.5,3.0,en,6,6
f867cc417,0.4,4.2,en,9,12
f972a14d5,0.3,2.6,en,7,17
fe74d6173,0.1,0.5,en,3,13
9e9ce66e9,0.7,0.7,en,1,5
387147d00,0.0,1.5,en,5,10
6ca8ebdbd,0.0,0.0,en,1,1
656c5e0ff,0.2,2.9,en,5,6
30764a1fa,0.7,3.7,en,5,8
2463e0981,0.5,1.0,en,2,5
b99644a34,0.0,0.5,en,6,11
60bf93971,0.2,0.5,en,2,6
435bb3995,0.0,0.1,en,2,3
f6ae0d580,-0.1,0.1,en,1,0
790a68c0c,-0.1,0.1,en,1,1
2ef8bed36,0.2,1.6,en,6,7
7dfa4e393,0.4,1.7,en,4,20
081f88f27,0.0,1.7,en,7,9
99be827e6,0.0,3.9,en,8,24
2b666036a,0.1,0.4,en,2,14
8de1c1ca1,0.2,2.0,en,5,9
ccd36a0f2,0.6,3.1,en,5,4
6b0103c04,0.3,2.2,en,4,6
1bbadc050,0.2,3.0,en,6,15
de445d837,0.1,2.0,en,5,11
4359d65e7,0.6,0.6,en,1,0
86379f12f,0.2,5.0,en,14,44
dc4e92b83,0.2,1.0,en,3,6
e31e27ce7,0.2,4.0,en,10,27
99b263dea,0.1,0.1,en,1,2
a9294a9ea,0.2,1.7,en,4,10
de61ca522,0.1,0.2,en,2,10
5abbde253,0.0,4.0,en,8,28
0ac2e7d16,0.0,11.9,en,31,111
5b26ccfdf,0.5,1.0,en,2,4
bded2690b,0.4,1.0,en,2,8
fe7bad7d4,0.3,1.5,en,5,11
1a0395c7f,0.0,3.7,en,20,25
1ce681aa7,0.6,1.3,en,2,3
bb8795c8d,0.6,0.6,en,1,4
2d79d25fa,0.8,0.8,en,1,5
c9439e71b,-0.1,1.1,en,4,7
1ce065496,-0.2,1.3,en,5,14
77d4eba90,0.3,3.4,en,8,11
d29627289,0.5,1.1,en,2,3
4874347b0,0.2,2.2,en,7,15
68a603bc3,0.5,2.2,en,4,4
9c996aee9,0.3,1.1,en,3,4
d8128cefd,-0.7,1.4,en,2,13
c79c98af1,0.4,1.4,en,3,4
2430b50b4,0.3,3.6,en,9,28
5e203eeaf,0.7,3.5,en,5,10
ad9d334b5,0.7,2.1,en,3,4
3ef9ac2a6,0.1,0.9,en,5,7
d62c55d90,0.3,1.1,en,3,4
dfb7301a8,0.4,1.8,en,4,6
d6a84a290,0.2,0.6,en,4,10
ca76729c9,-0.1,2.7,en,4,7
661bcb904,0.6,3.4,en,5,14
3d3aef491,0.3,0.3,en,1,2
acc76c678,0.3,5.2,en,7,22
e6c3faeed,0.0,0.0,en,2,4
bbaa4a431,0.1,0.1,en,1,0
5962cfdd9,0.5,2.0,en,4,10
5c92de3f6,0.5,4.4,en,6,13
944db63df,0.2,1.3,en,4,4
7c6cc4bba,0.0,1.7,en,8,23
e8be13bdf,0.5,2.9,en,5,6
91d6a2898,0.4,2.5,en,5,3
b02fcb74b,0.1,2.1,en,4,8
82c90e313,0.0,1.8,en,6,19
80a2e14af,0.4,0.9,en,2,4
8660ad37b,0.6,2.0,en,3,9
2ba708d92,-0.1,1.2,en,2,9
