PetID,n_metadata_images,n_label_annotations_mean,label_score_mean,pct_images_with_dog_label,pct_images_with_person_label,brightness_mean,brightness_median,dominant_color_score_mean,dominant_color_pixel_fraction_mean
000a290e4,2,10.0,0.752175788,1.0,0.0,86.6535,86.6535,0.15236539500000001,0.014944457500000001
000fb9572,6,9.666666666666666,0.765479504625,1.0,0.0,57.75416666666666,51.251000000000005,0.24343358333333331,0.1047810745
00156db4a,5,9.0,0.7279392405746032,1.0,0.0,167.1504,157.674,0.1760913,0.08074232519999999
0038234c6,3,9.333333333333334,0.7696088294166668,1.0,0.0,147.494,161.09900000000002,0.3970335166666666,0.20011928
0038c9343,5,10.0,0.8560367636,1.0,0.0,116.26939999999999,154.22799999999998,0.26172440799999996,0.121765525
004a26127,2,10.0,0.790094465,1.0,0.0,47.3565,47.3565,0.377576115,0.139137192
0052dcf47,3,10.0,0.7477291149999999,1.0,0.0,142.05866666666665,154.21099999999998,0.22168116333333332,0.064022524
0058586f1,3,10.0,0.751822787,1.0,0.0,33.60666666666666,28.426,0.3586888066666667,0.1778861233333333
005bb92d8,1,10.0,0.767420042,1.0,0.0,226.23899999999998,226.23899999999998,0.3506247,0.05938135
0063bd7e0,2,10.0,0.741191538,1.0,0.0,172.1195,172.1195,0.139786495,0.0704672685
00648f96f,2,10.0,0.7493403565000001,1.0,0.0,52.57149999999999,52.57149999999999,0.349815565,0.13647893
006610fe3,1,10.0,0.7854118409999999,1.0,0.0,24.299,24.299,0.82046187,0.15868887
00709d75b,4,10.0,0.800328688,1.0,0.0,22.796,22.524,0.35158952250000003,0.1214680125
0073c33d0,1,10.0,0.8462783760000001,1.0,0.0,47.51,47.51,0.6269916,0.26240027
007bc1db4,5,8.8,0.8055493982436508,1.0,0.0,89.65919999999998,83.72899999999998,0.33692880199999997,0.127435468
007ffeccd,10,9.1,0.7498838374095238,1.0,0.0,117.43929999999997,115.184,0.32262318900000003,0.0444325693
0090eb457,4,10.0,0.7423774095,1.0,0.0,148.54500000000002,172.195,0.24733440499999998,0.11334232525
009239f92,5,9.8,0.7985893209777778,1.0,0.0,117.45919999999998,110.42,0.189244036,0.10197710739999999
00a1a8af4,3,10.0,0.7980764606666666,1.0,0.0,166.58966666666666,190.209,0.22441836,0.11709445933333333
00af25fc0,3,9.333333333333334,0.7608318657407408,1.0,0.0,84.653,82.30999999999999,0.25756359,0.06696510033333333
00b23513e,5,9.0,0.8066453839222223,1.0,0.0,58.9154,48.980999999999995,0.39907183599999996,0.1759451968
00bfa5da9,2,9.5,0.7171192556666667,1.0,0.0,122.1275,122.1275,0.30797273,0.29967519
00c19f4fa,1,10.0,0.7591095250000001,1.0,0.0,201.03699999999998,201.03699999999998,0.10549179,0.045394
00c71a320,2,8.5,0.7966208076428571,1.0,0.0,213.12,213.12,0.207113725,0.14841311299999999
00f3a3993,8,9.875,0.7665240902916667,1.0,0.0,114.284875,119.25399999999999,0.17586866375,0.0250079646625
011350faf,1,8.0,0.8145094749999999,1.0,0.0,156.876,156.876,0.18634784,0.04438781
01142a354,10,9.5,0.8000730934365079,1.0,0.0,154.52079999999998,160.7935,0.303585226,0.10113713799999999
0118db3a8,2,9.0,0.77101160025,1.0,0.0,173.8645,173.8645,0.30834458499999995,0.12232802000000001
01231c438,5,9.2,0.7634010963333333,1.0,0.0,204.35039999999998,227.957,0.422806132,0.1861379488
012a1a396,10,8.7,0.781251748425,1.0,0.0,153.5214,137.454,0.15201125,0.0633745844
013527aeb,1,10.0,0.771143882,1.0,0.0,159.435,159.435,0.42211115,0.08762136
0142670c8,2,7.5,0.7610389049107142,1.0,0.0,192.703,192.703,0.215137315,0.032214705499999996
0143edd0a,1,10.0,0.765109881,1.0,0.0,86.951,86.951,0.10543438,0.08791092
0146f6d2c,1,10.0,0.730094929,1.0,0.0,48.876,48.876,0.20518526,0.1395248
0149d04e7,4,10.0,0.78701902075,1.0,0.0,139.19375,139.53699999999998,0.2931549475,0.19806067575
015770429,4,10.0,0.77101933425,1.0,0.0,159.48025,158.9395,0.21434263,0.07977769425
0157cf3a4,3,10.0,0.7681141736666666,1.0,0.0,108.59333333333332,108.28300000000002,0.23160994000000001,0.044027799
015b8b722,4,10.0,0.75984549425,1.0,0.0,126.207,132.7555,0.3522378175,0.226962035
015c353ce,9,9.777777777777779,0.7727246379722222,1.0,0.0,97.64477777777778,50.766,0.25090559,0.11588104822222221
015c75c9e,3,10.0,0.747310381,1.0,0.0,76.96233333333333,67.51599999999999,0.16109907533333334,0.04428162
015fdb354,5,8.0,0.7508693212499999,1.0,0.0,132.54919999999998,118.891,0.235955666,0.166674772
0164a9cfb,7,8.0,0.772558664180839,1.0,0.0,147.78128571428573,154.88,0.16318509985714286,0.13566508257142856
017d966eb,5,9.0,0.7885751664,1.0,0.0,64.6396,54.673,0.23717698999999998,0.11821527800000001
018188075,5,10.0,0.7685697594,1.0,0.0,147.36939999999998,154.72499999999997,0.337042474,0.0867672568
01928bd13,4,10.0,0.7813897937500001,1.0,0.0,158.123,158.24599999999998,0.24079986250000002,0.15858046874999998
01958f464,4,9.25,0.8141739733214286,1.0,0.0,137.834,135.8785,0.2667562375,0.1216761945
01a7b719c,5,9.6,0.77810696065,1.0,0.0,92.5306,115.805,0.277444042,0.056625042
01b167b92,1,8.0,0.79652856,1.0,0.0,48.471,48.471,0.12624556,0.09642734
01ba86830,1,10.0,0.705913839,1.0,0.0,51.634,51.634,0.14980678,0.022940563
01bcfcde8,4,10.0,0.7754728632500001,1.0,0.0,165.2095,198.7745,0.2436986425,0.0412374505
01c202740,18,8.777777777777779,0.77410006817306,1.0,0.0,113.67649999999999,116.87599999999999,0.2503980883333333,0.09156164611111112
01c3c09df,4,10.0,0.7818259395,1.0,0.0,131.3935,119.1115,0.26357774,0.11800133
01c62e03b,5,10.0,0.7967151518,1.0,0.0,69.7452,49.886,0.18346354699999998,0.0398297338
01c6d3224,5,10.0,0.8116307956,1.0,0.0,148.634,153.912,0.292159998,0.0917631904
01c7411ef,1,8.0,0.7413000224999999,1.0,0.0,115.351,115.351,0.18827523,0.025963807
01d646ea8,1,10.0,0.755711247,1.0,0.0,80.80299999999998,80.80299999999998,0.18248482,0.14691769
01d981c81,8,8.625,0.7842587312638889,1.0,0.0,111.57325,117.72,0.23390982425,0.107711712
01dc16c21,3,7.333333333333333,0.7580737226666666,0.6666666666666666,0.0,95.78033333333333,49.752,0.3294757933333334,0.11187012166666666
01e4020da,4,8.0,0.7575371716428572,0.75,0.0,135.971,134.3665,0.3800274925,0.08073603124999999
01e410583,20,9.75,0.7367871360361111,1.0,0.0,112.49114999999999,100.67049999999999,0.25070472425,0.06397860795
01e5d357f,5,10.0,0.7862383127999999,1.0,0.0,193.6322,192.72899999999998,0.601893826,0.263485966
01e6a888d,2,10.0,0.7795808609999999,1.0,0.0,135.9955,135.9955,0.340631845,0.117898515
01f4746ef,2,10.0,0.8552272059999999,1.0,0.0,67.5435,67.5435,0.21359519999999999,0.116342595
01f976ec9,5,7.8,0.75358808435,1.0,0.0,73.82679999999999,82.189,0.154385949,0.0745739902
020cd1d50,9,8.555555555555555,0.7664622896635803,1.0,0.0,95.62599999999999,91.024,0.22391612111111112,0.07796662344444444
02126e289,5,9.6,0.7992430090000001,0.8,0.2,124.6972,51.019999999999996,0.173231366,0.11795918219999998
021b0b7bd,1,10.0,0.829431095,1.0,0.0,82.723,82.723,0.16995625,0.099710144
021c24928,4,10.0,0.7253819535,1.0,0.0,42.5685,45.522999999999996,0.4793084625,0.1960854
022606901,5,8.8,0.7561851652833333,1.0,0.0,26.178800000000003,20.662999999999997,0.23249487900000002,0.1572447046
022b37ea0,7,9.571428571428571,0.7634623336785714,1.0,0.0,92.96000000000001,50.039,0.30015425714285715,0.11435489514285714
0243911ea,2,10.0,0.7835203005,1.0,0.0,151.6365,151.6365,0.24013035500000002,0.077661638
0244298a9,3,10.0,0.7660490790000001,1.0,0.0,120.54833333333333,119.94699999999999,0.32403900999999996,0.24747595333333336
02468e968,5,8.4,0.7756930523,1.0,0.0,35.7016,26.384999999999998,0.389754486,0.1236559132
0256cac2b,1,10.0,0.7277592589999999,1.0,0.0,53.833,53.833,0.2870834,0.08759124
026ebf139,1,10.0,0.772448712,1.0,0.0,119.637,119.637,0.28816342,0.07284698
0286dd665,1,10.0,0.765612046,1.0,0.0,199.59799999999998,199.59799999999998,0.13174054,0.16756237
0291e8ca0,30,9.3,0.7626429419677249,1.0,0.0,164.64073333333332,193.7815,0.26194174800000003,0.09869465520000001
029641a1a,6,9.833333333333334,0.7891195611666667,1.0,0.0,52.43266666666667,52.55199999999999,0.24826782333333333,0.07712103366666666
029b05087,5,9.6,0.7678522111999999,1.0,0.0,49.33319999999999,50.178999999999995,0.315068476,0.0436911448
02a084920,1,10.0,0.767469445,1.0,0.0,122.63099999999999,122.63099999999999,0.08521013,0.030369226
02a13b2cb,3,8.333333333333334,0.7348969528095237,1.0,0.0,156.515,156.571,0.11466084333333333,0.030583782666666667
02a2a622c,7,8.285714285714286,0.7282661959365079,1.0,0.0,146.326,154.54899999999998,0.2828550385714286,0.09904905214285716
02adb269f,4,9.5,0.7498946650625,1.0,0.0,118.589,119.84599999999999,0.222790295,0.143967432
02af3813e,2,8.5,0.7626446095138888,1.0,0.0,81.4425,81.4425,0.27052244999999997,0.086890243
02c40b53c,5,9.2,0.7559832192111111,1.0,0.0,111.43620000000001,123.233,0.243999752,0.0847146188
02c7d1b74,4,9.75,0.7824970492500001,1.0,0.0,101.4495,117.85499999999999,0.3470810375,0.154521885
02cd64831,1,9.0,0.7591503877777778,1.0,0.0,115.541,115.541,0.16443709,0.06520123
02cf14499,1,10.0,0.73370476,1.0,0.0,160.207,160.207,0.20025353,0.06532048
02d6020a9,2,10.0,0.7674641360000001,1.0,0.0,50.8845,50.8845,0.144160707,0.05736559150000001
02d66a1be,1,8.0,0.7898898375,1.0,0.0,51.897,51.897,0.22954383,0.17741935
02d9e61ca,4,9.25,0.7809763622638889,1.0,0.0,121.55474999999998,139.879,0.30659271,0.09219303025
02f7300db,3,9.666666666666666,0.820116971925926,1.0,0.0,143.806,155.24999999999997,0.21095376666666665,0.057899164999999995
02f89bdcb,3,8.0,0.7722728242962962,1.0,0.0,194.013,195.033,0.16507723666666665,0.04997687333333334
0306e85dd,1,10.0,0.7730870400000001,1.0,0.0,150.035,150.035,0.24713862,0.020031217
030f32f08,3,9.0,0.7436735941018519,1.0,0.0,145.75199999999998,155.32999999999998,0.29103185,0.08872773466666667
03188ecad,2,8.0,0.7969191021666666,1.0,0.0,160.8235,160.8235,0.25083325,0.1297653185
031a01c36,2,10.0,0.7190805140000001,1.0,0.0,234.80949999999999,234.80949999999999,0.287245655,0.16548564500000001
0322aa5b0,1,9.0,0.6696722733333333,1.0,0.0,192.57699999999997,192.57699999999997,0.33800057,0.08527132
032aefa61,2,6.5,0.7480894008333334,0.5,0.0,128.133,128.133,0.346417875,0.24787547499999998
0338fcdaf,3,8.0,0.8092333721666667,1.0,0.0,93.976,113.972,0.19251853333333332,0.05362083133333334
034259113,1,10.0,0.8453984880000001,1.0,0.0,80.06299999999999,80.06299999999999,0.20654802,0.02141866
035992662,1,9.0,0.7576019933333333,1.0,0.0,119.996,119.996,0.24159043,0.080705926
036c684d3,3,10.0,0.821110994,1.0,0.0,92.75733333333334,85.30199999999999,0.26185127,0.04249046266666667
036e015d2,3,9.0,0.7789070798095237,1.0,0.0,31.65233333333333,21.641000000000002,0.34858033000000005,0.20925979333333333
037b1c131,4,9.25,0.7904527402857142,1.0,0.0,81.58874999999999,38.266999999999996,0.31136567,0.12160138575
03926867a,2,10.0,0.7010938855000001,1.0,0.0,74.979,74.979,0.186385055,0.0410958915
0392c0c81,4,5.5,0.7241197453125,0.75,0.0,46.283249999999995,38.960499999999996,0.24206907,0.05830557575
039509c40,4,8.75,0.7572361626428571,0.75,0.0,123.4185,118.58149999999999,0.481897475,0.31871743750000003
039fea576,1,10.0,0.75917765,1.0,0.0,50.353,50.353,0.6072353,0.102670826
03a694927,1,10.0,0.767523776,1.0,0.0,119.401,119.401,0.19355398,0.01857996
03aae5768,2,8.0,0.7477193879999999,1.0,0.0,102.3975,102.3975,0.0726088425,0.019260483
03ae93b48,1,10.0,0.7290694630000001,1.0,0.0,201.614,201.614,0.23441371,0.046045784
03b0568b3,5,10.0,0.7683759179999999,1.0,0.0,101.1818,84.809,0.272618346,0.12003686
03c1e47b4,3,9.333333333333334,0.7127397298518519,1.0,0.0,120.62033333333333,82.751,0.2230816,0.08307135366666667
03c323fcf,3,9.333333333333334,0.7905683431666667,1.0,0.0,20.349999999999998,20.195999999999998,0.17883783333333333,0.06586257366666666
03e5bf50b,8,9.75,0.7614112680555556,1.0,0.0,186.981875,194.49149999999997,0.38024684625,0.068838140125
03edf613f,3,10.0,0.785916299,1.0,0.0,32.959666666666664,23.822,0.19693425333333334,0.079703772
03f0fc32f,14,9.5,0.7417158143988096,1.0,0.0,149.79021428571428,159.196,0.38371743357142857,0.19765534849999997
03f130f5f,3,9.666666666666666,0.7433414756296296,1.0,0.0,30.909000000000002,22.912,0.28444364,0.10394264999999998
03f217352,4,8.25,0.7695570114880952,1.0,0.0,207.3145,215.623,0.3546173025,0.12830656075
040736f83,5,10.0,0.7785774624,1.0,0.0,29.4298,25.369999999999997,0.33533008999999997,0.14086971399999998
041dd606f,5,10.0,0.8396434876000001,1.0,0.0,47.0032,50.401999999999994,0.33198256800000003,0.17333266600000002
0434520ef,5,10.0,0.818312033,1.0,0.0,121.32300000000001,118.673,0.19554642,0.10576222732
04372b78d,5,10.0,0.7634519006,1.0,0.0,114.21700000000001,124.57499999999999,0.24441010600000004,0.0876887912
043d8c534,6,8.166666666666666,0.7274026054047619,1.0,0.0,61.62233333333333,48.9685,0.30501295766666664,0.12926556716666668
0443d6f82,5,9.4,0.7790515316055556,1.0,0.0,116.00539999999998,154.36599999999999,0.22339872,0.186663203
045543730,4,9.25,0.7488387599285714,1.0,0.0,125.99375,125.3885,0.3101763175,0.18490194325000003
0459c7bb7,1,10.0,0.836732196,1.0,0.0,154.131,154.131,0.48919582,0.2152157
046256943,4,9.75,0.7593036479722222,1.0,0.0,173.36624999999998,172.1915,0.2664613725,0.096449011
047514286,12,8.0,0.764847251613426,1.0,0.0,98.07241666666665,92.4665,0.24772524416666666,0.12331380529166668
047c20d1a,3,9.333333333333334,0.75123724,1.0,0.0,119.11266666666666,119.59299999999998,0.2666498366666667,0.11251920333333333
048df7861,8,10.0,0.80959664025,1.0,0.0,155.969625,153.063,0.20338556700000002,0.049518107
0493336f7,1,10.0,0.783725439,1.0,0.0,118.30399999999999,118.30399999999999,0.29506698,0.07698843
0497f7012,3,10.0,0.7617454733333334,1.0,0.0,73.25933333333333,79.417,0.14948892,0.07122981066666667
04a555b91,2,10.0,0.7620591815,1.0,0.0,91.931,91.931,0.42564424999999995,0.16178941
04a5f717a,2,10.0,0.734770871,1.0,0.0,52.087999999999994,52.087999999999994,0.16626432,0.10863658
04a6267e4,2,10.0,0.770464936,1.0,0.0,50.436,50.436,0.134685475,0.1135923675
04aa54436,2,10.0,0.764668871,1.0,0.0,119.21349999999998,119.21349999999998,0.26401891,0.132174275
04b5f77c0,1,8.0,0.8016059262499999,1.0,0.0,85.121,85.121,0.14115766,0.09057111
04c4a7493,2,10.0,0.8279720560000001,1.0,0.0,199.849,199.849,0.39967999,0.076219511
04d25d8a7,4,10.0,0.80597608925,0.0,0.0,150.06475,159.9545,0.3261641875,0.1644772235
04d4ce3a4,10,8.2,0.7454726620555556,0.9,0.0,146.1213,155.07299999999998,0.19602410939999998,0.0790015025
04dc94c39,3,6.333333333333333,0.8311872362857141,1.0,0.0,62.38499999999999,50.88399999999999,0.1598976,0.09703433666666667
04e7d89c0,1,10.0,0.77621352,1.0,0.0,50.00299999999999,50.00299999999999,0.23006725,0.09061741
04e829d49,1,8.0,0.76579400375,1.0,0.0,191.303,191.303,0.50743234,0.2278014
04e966b1c,2,10.0,0.8192594769999999,1.0,0.0,99.857,99.857,0.17128914,0.071670135
04f7eafde,5,9.8,0.7838947135555555,1.0,0.0,65.3428,50.474,0.251082232,0.0790250534
04f8947f3,5,8.0,0.7695602529698412,1.0,0.0,117.91839999999999,143.825,0.178175832,0.119979188
052160ae6,28,9.642857142857142,0.7720591850833334,1.0,0.0,91.70664285714285,85.0885,0.23500204017857143,0.060031936642857144
0529ad4d9,4,9.75,0.79394875975,1.0,0.0,129.63324999999998,155.00149999999996,0.2889428225,0.124108205
052b0ada8,3,10.0,0.7011604896666667,1.0,0.0,62.54566666666667,53.05,0.39522583,0.11646821
052c95a93,2,10.0,0.7972246974999999,1.0,0.0,67.529,67.529,0.248685585,0.0695852515
05312ba72,1,9.0,0.7791703244444446,1.0,0.0,189.054,189.054,0.21063514,0.07476437
053d121b8,3,8.0,0.7935858215079366,1.0,0.0,121.75066666666665,122.702,0.22402011000000002,0.04793503333333334
054f35a8c,2,7.0,0.72078607875,1.0,0.0,122.37549999999999,122.37549999999999,0.17573229,0.108307315
055825f1c,3,10.0,0.8032165376666667,1.0,0.0,45.29333333333333,25.711999999999996,0.38224912,0.07960457866666666
056437112,1,10.0,0.788889041,1.0,0.0,54.400999999999996,54.400999999999996,0.40115467,0.043856855
056cc22d2,1,10.0,0.747929929,1.0,0.0,228.863,228.863,0.2942931,0.086629905
057e5347f,3,8.333333333333334,0.8128860394285714,1.0,0.0,196.68433333333334,197.159,0.14707282166666666,0.06441097166666666
0594ed847,2,8.5,0.820127179,1.0,0.0,25.506,25.506,0.281044425,0.651906125
059baa037,1,10.0,0.752135287,1.0,0.0,49.594,49.594,0.26338783,0.037254717
059cfed40,7,9.285714285714286,0.7428547245215419,1.0,0.0,35.729142857142854,25.349,0.31123655,0.08765057571428571
05aad3b3f,3,9.0,0.7793457462222223,1.0,0.0,160.648,160.986,0.2952067566666667,0.17781507466666668
05ab54e3c,4,8.25,0.8231332818611111,1.0,0.0,110.19475,102.91499999999999,0.293669885,0.22129725975
05bde54cc,3,8.666666666666666,0.8073243553333334,0.6666666666666666,0.0,121.90933333333334,121.48400000000001,0.43495709999999993,0.11093240233333335
05d10428c,2,10.0,0.7430031690000001,1.0,0.0,160.8575,160.8575,0.393778145,0.036582775
05d2022eb,2,10.0,0.7554822640000001,1.0,0.0,36.013999999999996,36.013999999999996,0.329533175,0.156000695
05d8b5a9d,3,9.0,0.7849674766666667,1.0,0.0,186.29,159.56599999999997,0.25479024666666666,0.10538790233333334
05dc47bda,5,9.4,0.7251266847777778,1.0,0.0,187.517,186.85099999999997,0.2449914228,0.12106788399999999
05e3bc1ae,2,10.0,0.7458294805,1.0,0.0,83.1565,83.1565,0.20132191,0.027878945000000002
05f00d521,1,10.0,0.820424704,1.0,0.0,22.227999999999998,22.227999999999998,0.8020374,0.18236212
05f84991b,10,10.0,0.7777871024,1.0,0.0,40.5959,36.88849999999999,0.409925143,0.207055204
05f99fc56,4,8.75,0.7592493080555556,1.0,0.0,23.235999999999997,23.563499999999998,0.4226679925,0.08265801825
05fadeacd,1,9.0,0.76836365,1.0,0.0,52.342,52.342,0.21756616,0.033245426
05fb5b403,1,10.0,0.786432018,1.0,0.0,124.59700000000001,124.59700000000001,0.37493438,0.10986819
05febeea3,3,8.333333333333334,0.778296327297619,1.0,0.0,125.954,147.31,0.36431641666666664,0.12536131666666667
0605aab21,5,10.0,0.7961501903999999,1.0,0.0,158.7284,161.849,0.32760493999999996,0.0642906688
060b52c3b,14,9.071428571428571,0.797523614479025,0.9285714285714286,0.0,84.58657142857143,82.679,0.2093868882857143,0.0874234597857143
060d1de98,5,5.6,0.7187719999714286,0.6,0.0,45.5882,46.766000000000005,0.328476078,0.13843472
061378b30,2,9.5,0.7445401205555555,1.0,0.0,19.7065,19.7065,0.29901942000000004,0.21214275
0617d9287,1,9.0,0.778648828888889,0.0,0.0,24.565999999999995,24.565999999999995,0.13905476,0.14412062
062633cb1,3,8.333333333333334,0.8225575126666667,1.0,0.0,44.857,54.88699999999999,0.28921776666666665,0.11937796133333334
0627105f6,2,10.0,0.779517778,1.0,0.0,50.76349999999999,50.76349999999999,0.46209310000000003,0.100952195
062b387cf,2,9.5,0.7431287160555555,1.0,0.0,171.27849999999998,171.27849999999998,0.31726668,0.0640671315
062e2772c,2,8.5,0.7593274540714285,1.0,0.0,22.282,22.282,0.389030375,0.15921659
062f73a4b,1,10.0,0.692646509,1.0,0.0,119.76199999999999,119.76199999999999,0.1837357,0.06109861
063495ecd,1,6.0,0.7967646549999999,1.0,0.0,119.213,119.213,0.13014933,0.029136317
063521459,4,9.25,0.7662803447083333,1.0,0.0,94.31275,100.75999999999999,0.24511188250000002,0.0803501325
0636650db,1,10.0,0.844696628,1.0,0.0,118.08200000000001,118.08200000000001,0.17904828,0.12558533
064217ca4,2,9.5,0.7547963785555556,1.0,0.0,176.6875,176.6875,0.22655340499999999,0.0978999975
064425a21,3,9.666666666666666,0.7700874187777776,1.0,0.0,32.306333333333335,24.602,0.23243566000000002,0.07783406733333333
0659c05d5,3,9.666666666666666,0.7730490432222222,1.0,0.0,128.87266666666667,118.314,0.42859478666666667,0.07943114999999999
066498aa1,3,10.0,0.7569547440000001,1.0,0.0,98.64499999999998,120.78299999999999,0.22155402,0.07500619466666666
066521b34,8,10.0,0.827206736,1.0,0.0,68.198875,50.4005,0.47094573,0.18742375075
06666dc09,3,10.0,0.8093310020000001,1.0,0.0,169.33333333333334,196.24999999999997,0.3979678133333333,0.055462319333333336
067f49481,5,10.0,0.781811651,1.0,0.0,147.0818,151.885,0.302944138,0.08702740319999999
0690278af,1,9.0,0.7608973233333334,1.0,0.0,23.88,23.88,0.37529132,0.17490461
0691034ac,8,9.5,0.7558633189340278,1.0,0.0,117.06687499999998,117.96549999999999,0.19576554375,0.079073449
069762ec2,1,10.0,0.7381476909999999,1.0,0.0,55.669,55.669,0.23497741,0.22923388
069fc79d6,5,8.4,0.783268553,1.0,0.0,213.43919999999997,241.772,0.23771567,0.1940982502
06abc52ac,1,10.0,0.899991889,1.0,0.0,199.437,199.437,0.096825995,0.13596947
06adfc154,4,9.75,0.8411021948611112,1.0,0.0,113.45374999999999,139.3955,0.3697447175,0.12783992249999998
06bf9e676,1,10.0,0.7762795929999999,1.0,0.0,152.65399999999997,152.65399999999997,0.2277016,0.12382934
06c5ddbd6,2,9.0,0.7205250894444444,1.0,0.0,122.83599999999998,122.83599999999998,0.2421016,0.10670981900000001
06daf9c05,7,9.571428571428571,0.7345179493174604,1.0,0.0,38.80757142857142,47.959999999999994,0.3682477657142857,0.14264204914285714
06db81e31,1,9.0,0.7910497977777777,1.0,0.0,84.314,84.314,0.12705468,0.13362816
06ed12b93,3,10.0,0.8226854836666666,1.0,0.0,156.38333333333333,159.121,0.4150625266666667,0.10709330833333335
06fda20a2,1,10.0,0.8008292889999999,1.0,0.0,160.97299999999998,160.97299999999998,0.40755895,0.0973812
070014779,6,9.666666666666666,0.7726006803333334,1.0,0.0,156.83083333333335,157.816,0.19875161,0.08791140066666665
070faf086,3,9.666666666666666,0.7327321137037037,1.0,0.0,170.224,157.36499999999998,0.24242562666666667,0.08116286666666667
07102e682,2,10.0,0.7655117155,1.0,0.0,118.79599999999999,118.79599999999999,0.1565721425,0.0101890395
0722660e0,3,10.0,0.7187433903333332,1.0,0.0,181.31133333333332,193.17,0.2812808666666667,0.14676356333333332
07227963b,5,9.8,0.7577047273333333,1.0,0.0,149.724,194.048,0.30094313,0.10056930639999999
072ae6d9e,2,7.0,0.7448373694999999,1.0,0.0,33.685,33.685,0.16728604,0.064603066
072bb91b4,6,7.833333333333333,0.7587047728670635,1.0,0.0,104.96733333333333,67.193,0.31397359333333336,0.08289401883333333
074042a24,6,9.0,0.7422136664444444,1.0,0.0,95.32183333333334,86.948,0.19553524833333333,0.02334747083333333
074d26284,2,8.5,0.7561898411111111,1.0,0.0,156.3365,156.3365,0.234620045,0.0686885625
0753ad1cd,11,9.181818181818182,0.756737825505772,1.0,0.0,131.06227272727273,152.93,0.15996233618181818,0.047039042727272724
07558410c,5,7.6,0.7787387297142857,1.0,0.0,129.3826,136.49200000000002,0.19957895,0.0803201354
07638746f,4,10.0,0.81510043225,1.0,0.0,117.99825,117.3545,0.44226884499999997,0.3846037025
076a67405,1,10.0,0.728255727,1.0,0.0,148.36399999999998,148.36399999999998,0.1384314,0.017436791
076ec7e18,1,10.0,0.856731331,1.0,0.0,116.78699999999999,116.78699999999999,0.15342139,0.038120355
077001793,1,10.0,0.8025620230000001,1.0,0.0,235.11399999999998,235.11399999999998,0.18059392,0.06350806
07877aea7,2,10.0,0.7901925525,1.0,0.0,116.51499999999999,116.51499999999999,0.271012725,0.0685910575
078bf7e5a,3,10.0,0.7733644780000001,1.0,0.0,85.46,83.01100000000001,0.37755843333333333,0.12426581333333335
078fb1715,3,10.0,0.772683203,1.0,0.0,180.55933333333334,190.78199999999998,0.5011557833333334,0.16490345666666667
07914c759,7,8.428571428571429,0.7620755363758503,1.0,0.0,149.7942857142857,152.70799999999997,0.1837967322857143,0.16045143442857143
079332bdc,1,10.0,0.8482114700000001,1.0,0.0,127.232,127.232,0.43199345,0.22172667
079565e72,3,9.0,0.7795176932380953,1.0,0.0,105.33766666666668,81.373,0.22277807666666669,0.08079571533333334
079785984,5,9.6,0.7665700576888889,1.0,0.0,157.172,157.636,0.2039436432,0.09880333100000001
079f5f1e4,1,10.0,0.79751741,1.0,0.0,157.30599999999998,157.30599999999998,0.09646415,0.014305123
07ae95ddc,4,10.0,0.78055674475,1.0,0.0,113.3025,104.7185,0.145942984,0.040192508175
07b2a1416,2,7.5,0.8013108861607143,1.0,0.0,53.25,53.25,0.20571414500000001,0.14693895
07bd5a7a9,1,10.0,0.756015258,1.0,0.0,51.983,51.983,0.36385512,0.030846253
07cc0ce27,10,10.0,0.809939799,1.0,0.0,94.4905,71.87249999999999,0.22966020299999998,0.07865276909999999
07cfb3380,1,7.0,0.7970121557142857,1.0,0.0,116.72299999999998,116.72299999999998,0.2719981,0.1382599
07dd9a0a5,2,10.0,0.795415738,1.0,0.0,81.33,81.33,0.17567182999999997,0.15762693
07e6b5eae,3,10.0,0.792791528,1.0,0.0,34.44533333333333,25.412999999999997,0.49342056666666667,0.17320567333333334
07eb56db1,1,10.0,0.777448937,1.0,0.0,118.893,118.893,0.24347815,0.011681003
0806f9e3f,5,9.2,0.7369410773492063,1.0,0.0,170.4196,157.162,0.174980771,0.045420057
081199ea2,13,9.923076923076923,0.8242789910512821,1.0,0.0,32.65315384615384,23.383,0.2669066369230769,0.10189764030769231
081301773,6,9.833333333333334,0.7762360771851853,0.8333333333333334,0.0,110.1795,90.2845,0.17056168833333332,0.09158646716666667
0819ac2f6,2,10.0,0.7864648595,1.0,0.0,68.947,68.947,0.13898779,0.0981182785
081c0a12d,4,7.75,0.8139638341785714,1.0,0.0,165.45475,156.538,0.2483617075,0.062478320000000004
081c2daa0,3,10.0,0.7859470953333334,1.0,0.0,31.335333333333335,23.772,0.38589469333333337,0.13022049
081f88f27,1,7.0,0.839921697142857,1.0,0.0,79.455,79.455,0.33733317,0.041883454
0822c54d5,3,9.666666666666666,0.7875422919999999,1.0,0.0,45.74766666666667,55.285,0.307202278,0.16753381433333336
08267e916,3,9.333333333333334,0.7317122995925925,1.0,0.0,124.985,158.34199999999998,0.28612246666666663,0.14795636466666667
0833744e6,1,10.0,0.709919102,1.0,0.0,121.007,121.007,0.14243789,0.114244044
083687ba1,3,10.0,0.782609089,1.0,0.0,106.42866666666664,118.79999999999998,0.23935951,0.08506764
083787e4a,4,8.25,0.7869574840357143,1.0,0.0,28.632249999999996,25.049499999999995,0.39292494,0.13657407375
083f50328,1,9.0,0.7152323333333334,1.0,0.0,85.91399999999999,85.91399999999999,0.23672302,0.052190375
08438c720,2,9.5,0.7913305977777778,1.0,0.0,67.9305,67.9305,0.10326151750000001,0.057290007500000004
084874570,2,10.0,0.7426130425000002,1.0,0.0,51.90249999999999,51.90249999999999,0.36543488,0.146505375
084b7e7eb,7,10.0,0.7643020302857143,1.0,0.0,201.9067142857143,232.33799999999997,0.27266537142857145,0.1264973522857143
0850d4334,2,10.0,0.7148127900000001,1.0,0.0,172.2835,172.2835,0.29457969,0.0336669265
08710204e,1,7.0,0.7793329157142858,1.0,0.0,118.33,118.33,0.0882447,0.011987533
08767d88e,5,8.8,0.7511123106349207,1.0,0.0,190.73139999999998,196.177,0.44841366000000005,0.1216267768
087804d85,5,9.8,0.7656491219777777,1.0,0.0,126.5364,121.73199999999999,0.1864236764,0.07884759854000001
087ee8e83,2,9.5,0.7958573029444445,1.0,0.0,71.4635,71.4635,0.246147845,0.0466145845
087fbda7e,4,8.25,0.755178650595238,1.0,0.0,158.09799999999998,153.19599999999997,0.2736461575,0.13160348875
08a9b6f29,3,10.0,0.7516851076666665,1.0,0.0,197.9523333333333,199.05200000000002,0.37144876333333327,0.17400604
08aad5787,2,9.5,0.7976451312777777,1.0,0.0,21.142000000000003,21.142000000000003,0.165775978,0.126648655
08b454900,17,9.411764705882353,0.7602603033015873,0.9411764705882353,0.0,76.20570588235294,51.928999999999995,0.3493289905882353,0.2075363144117647
08b7e05a5,1,8.0,0.7601040987500001,1.0,0.0,48.527,48.527,0.22935928,0.29282397
08bfdc66f,1,9.0,0.7005002166666666,1.0,0.0,191.738,191.738,0.14501959,0.01934661
08d17d82a,5,9.0,0.7707185502095238,1.0,0.0,134.8316,122.59400000000001,0.22370407400000003,0.047227127
08d198666,4,8.25,0.7300450947222222,1.0,0.0,62.1515,21.366,0.4092820425,0.03738479325
08dfce1e7,4,7.75,0.7852021994444445,1.0,0.0,156.98,156.44099999999997,0.235905415,0.05361169025
08f038689,1,10.0,0.793860354,1.0,0.0,50.03099999999999,50.03099999999999,0.32051915,0.092268445
08f40f232,3,9.666666666666666,0.8754473192592593,1.0,0.0,65.86966666666667,54.614999999999995,0.36175975000000005,0.14871661666666666
08f54d056,4,9.5,0.7880249142222222,1.0,0.0,127.61974999999998,130.54399999999998,0.18896758,0.1268860565
08fc1372f,4,9.0,0.7822557401875,1.0,0.0,122.19175,121.941,0.186847285,0.0791511815
0910c13a3,12,8.416666666666666,0.7829232955300925,0.9166666666666666,0.0,132.68625,118.9675,0.39856045749999996,0.16062889383333334
091a5da01,4,9.5,0.7808818245625,1.0,0.0,92.3675,99.75,0.244553555,0.046349289
092418816,1,10.0,0.7203418239999999,1.0,0.0,234.256,234.256,0.310803,0.11680541
092b32197,1,10.0,0.726992014,1.0,0.0,241.71199999999996,241.71199999999996,0.6684557,0.25633022
092c46fdd,3,10.0,0.7911828450000001,1.0,0.0,17.250333333333334,17.37,0.5410061333333334,0.10176083333333334
0935ab38b,1,10.0,0.6840713970000001,1.0,0.0,50.156,50.156,0.13653164,0.07532258
093cce3a1,3,9.333333333333334,0.8034527028333334,0.6666666666666666,0.3333333333333333,106.10700000000001,100.71900000000001,0.19168056,0.10896604333333333
0940ecf2b,11,8.727272727272727,0.7858021928838383,0.9090909090909091,0.0,83.58427272727272,52.43,0.2203067372727273,0.11557520272727273
094ba0325,3,7.333333333333333,0.7628974205,0.6666666666666666,0.0,98.42599999999999,85.216,0.40450691,0.11408445566666665
094c2c3bf,2,7.5,0.741806795,1.0,0.0,220.779,220.779,0.35028924,0.140009625
095314294,7,9.0,0.7273786640753969,1.0,0.0,121.72585714285715,149.38199999999998,0.1321230077142857,0.10514840871428573
095cba2c7,1,9.0,0.7311038988888889,1.0,0.0,84.74,84.74,0.15360498,0.045073126
096c37d99,10,8.8,0.7779554731583334,1.0,0.0,117.2139,136.62699999999998,0.237243566,0.11523186730000001
097dd9931,1,10.0,0.850844575,1.0,0.0,192.305,192.305,0.1332076,0.19822557
09807c555,10,9.0,0.7422428869531746,1.0,0.0,155.2576,175.5925,0.230521128,0.07780957390000001
0985e2dad,4,10.0,0.8715440805,1.0,0.0,134.0605,135.527,0.2111130975,0.12879379
09898b12e,5,10.0,0.7620738147999999,1.0,0.0,119.59,110.83699999999999,0.228387438,0.0996548932
099115d38,1,10.0,0.732105508,1.0,0.0,110.801,110.801,0.09287763,0.036042515
0995bd489,3,10.0,0.7717306163333334,1.0,0.0,170.315,189.522,0.23227941666666665,0.07902578333333334
09a024035,1,8.0,0.76834754625,1.0,0.0,233.78099999999998,233.78099999999998,0.14524928,0.026448144
09b5921e9,7,9.428571428571429,0.7736713762539683,1.0,0.0,125.49957142857143,120.771,0.2190416142857143,0.14528773671428571
09bc86c05,20,9.25,0.7786745092333334,1.0,0.0,69.03245,24.8345,0.421464837,0.18276336975000002
09c00211e,2,10.0,0.7197615995,1.0,0.0,153.822,153.822,0.311840515,0.0628814325
09c7b610e,5,10.0,0.7865181048000001,1.0,0.0,61.937599999999996,23.648,0.315056582,0.13971292800000001
09ca98f7b,14,8.857142857142858,0.7905959806765873,0.9285714285714286,0.0,117.47535714285713,138.648,0.2571561142857143,0.13375492235714287
09d7272ad,2,7.0,0.7508986421428572,1.0,0.0,189.4495,189.4495,0.369373065,0.18765192
09db544ea,4,10.0,0.7347915749999999,1.0,0.0,69.1135,68.07849999999999,0.28540559249999997,0.088682889
09dd22091,1,10.0,0.7691193949999999,1.0,0.0,88.983,88.983,0.20794919,0.14882258
09e39377f,2,9.5,0.7788329939444445,1.0,0.0,45.899499999999996,45.899499999999996,0.45086764,0.36871841000000005
09e64ce2b,2,8.5,0.7172279982857144,1.0,0.0,93.527,93.527,0.226239585,0.059415081999999994
09e9110e2,4,9.5,0.751386956875,1.0,0.0,54.958,55.23649999999999,0.2770874675,0.053244626249999996
09ef02857,5,8.2,0.8051820475928573,1.0,0.0,105.97079999999998,86.082,0.27016345799999997,0.070430108
09f31b13e,1,8.0,0.7474383387500001,1.0,0.0,83.939,83.939,0.16014281,0.02109862
0a0862717,2,10.0,0.7507991144999999,1.0,0.0,69.96199999999999,69.96199999999999,0.150378365,0.09807492
0a0e8c15b,2,10.0,0.7330407225,1.0,0.0,199.707,199.707,0.40502506,0.03199792
0a140a67e,3,8.0,0.7550882112962962,1.0,0.0,133.58266666666665,121.054,0.20598481666666668,0.03961577266666667
0a266921d,1,9.0,0.7636874777777778,1.0,0.0,78.21399999999998,78.21399999999998,0.13741323,0.11281651
0a30968a3,1,10.0,0.7695829780000001,1.0,0.0,157.97299999999998,157.97299999999998,0.14080589,0.056061395
0a38a1059,5,10.0,0.8542834866,1.0,0.0,27.522399999999998,23.634999999999998,0.48054821400000003,0.236853967
0a3fc490f,1,10.0,0.741726027,1.0,0.0,196.86899999999997,196.86899999999997,0.31649154,0.5278751
0a40d8c85,3,9.666666666666666,0.7323851154074074,1.0,0.0,73.11066666666666,82.856,0.28815351,0.056740746333333335
0a4203544,3,9.333333333333334,0.7379624374444443,1.0,0.0,120.14399999999999,153.558,0.18302226,0.11698701333333333
0a4b42306,3,10.0,0.8037658046666666,1.0,0.0,197.369,197.369,0.16047297,0.09470046
0a555d688,4,9.5,0.7570557756875,1.0,0.0,74.68599999999999,25.6935,0.306007555,0.14601368125
0a5be413e,1,10.0,0.743244791,1.0,0.0,114.52499999999999,114.52499999999999,0.13020852,0.12868664
0a6b9433e,3,9.666666666666666,0.7677161558148148,1.0,0.0,179.4523333333333,188.48100000000002,0.10652295466666667,0.04123600266666667
0a796c967,10,10.0,0.7665982599000001,1.0,0.0,58.320299999999996,48.3215,0.399151526,0.196999653
0a84451ae,5,9.8,0.7993384870666667,1.0,0.0,113.24179999999998,116.70799999999998,0.305553552,0.104942771
0a8746c09,5,9.6,0.78318531015,1.0,0.0,146.68720000000002,185.375,0.27602780400000004,0.15032952
0a8fc6614,3,8.666666666666666,0.76417696175,1.0,0.0,134.52566666666664,155.397,0.27632404666666666,0.071187978
0a949618f,3,9.0,0.7464966505462963,1.0,0.0,170.46766666666664,159.166,0.13363772666666665,0.05674098833333333
0a9f9f178,10,9.9,0.7659831724333334,1.0,0.0,137.0048,137.55700000000002,0.1923321685,0.0892468595
0aa2ce4a9,6,8.0,0.7679432216190477,1.0,0.0,198.58333333333334,190.587,0.170615115,0.04800617916666666
0aa767c04,1,10.0,0.740691938,1.0,0.0,49.177,49.177,0.2801195,0.06029186
0ab4214b4,1,10.0,0.7786295040000002,1.0,0.0,152.379,152.379,0.06703995,0.013397503
0ab8ae91b,8,7.75,0.7242569601116071,1.0,0.0,139.20499999999998,152.54299999999998,0.31299297375,0.114911389
0abff77fe,6,7.166666666666667,0.7911726416190477,1.0,0.0,78.95233333333333,83.83699999999999,0.205544155,0.05235203333333333
0ac279a25,1,10.0,0.726701117,1.0,0.0,116.93,116.93,0.14973573,0.13321537
0ac2e7d16,20,9.85,0.8053899127152778,1.0,0.0,126.01389999999999,136.3875,0.42686504350000004,0.24791346855000002
0ac6fe826,4,7.5,0.7690051522222221,1.0,0.0,118.8095,99.65199999999999,0.2116534915,0.038739711499999996
0acd95320,1,10.0,0.767785327,1.0,0.0,192.593,192.593,0.16783285,0.042915367
0adca3f66,1,10.0,0.8206605229999999,1.0,0.0,118.22399999999999,118.22399999999999,0.23117244,0.04465834
0adebbf21,12,9.25,0.7575411240714285,1.0,0.0,92.79258333333333,100.22749999999999,0.24764145333333332,0.13398907275
0af142ee3,2,8.5,0.7779703583571429,1.0,0.0,134.9945,134.9945,0.317278685,0.1563909135
0af365e26,1,5.0,0.735626888,1.0,0.0,235.056,235.056,0.16798073,0.117741935
0b051c8b3,1,10.0,0.7726652310000001,1.0,0.0,87.17299999999999,87.17299999999999,0.44455472,0.02429071
0b0f596b5,4,9.75,0.7946671815277778,1.0,0.0,60.132999999999996,34.562,0.345120615,0.2570556725
0b110b315,4,8.25,0.7937400040873016,1.0,0.0,119.54924999999999,118.14399999999999,0.26398887000000004,0.06096080425
0b24f7e7f,2,9.0,0.7589829455,1.0,0.0,84.7825,84.7825,0.18531378199999998,0.05415875
0b3763054,1,10.0,0.798717845,1.0,0.0,123.756,123.756,0.38086033,0.35253456
0b3b23c20,1,9.0,0.7892321688888888,1.0,0.0,157.652,157.652,0.20156787,0.18234001
0b3deeb66,3,9.0,0.7501312376574073,1.0,0.0,109.02699999999999,117.842,0.2560628933333334,0.07632062566666667
0b4a33baa,1,10.0,0.7164380859999999,1.0,0.0,232.28299999999996,232.28299999999996,0.27437615,0.16675338
0b501f1d8,3,9.333333333333334,0.7477505748333333,1.0,0.0,51.518333333333324,51.669,0.4002638233333333,0.16336422333333334
0b6064845,2,8.0,0.8093024216666667,1.0,0.0,87.959,87.959,0.30447177999999997,0.16720142
0b6457bf5,3,10.0,0.7772803856666667,1.0,0.0,104.63833333333332,113.026,0.3001612466666667,0.07644272266666667
0b74e375f,2,9.0,0.8028428150000001,1.0,0.0,51.778499999999994,51.778499999999994,0.178539385,0.090188415
0b8614414,3,10.0,0.7545213949999999,1.0,0.0,196.8023333333333,185.771,0.26147180666666664,0.12475431133333333
0b8e1dd80,6,9.666666666666666,0.7524692569583333,1.0,0.0,160.827,170.80199999999996,0.27104911000000004,0.09708569666666667
0b90767fa,4,9.5,0.7549580906875,1.0,0.0,143.9555,165.868,0.19591860500000002,0.08089586825
0ba16b529,2,10.0,0.761478074,1.0,0.0,37.408,37.408,0.21338152999999999,0.191155565
0baab7556,1,10.0,0.7218997280000001,1.0,0.0,21.925,21.925,0.27945033,0.07433365
0bc3f09be,1,8.0,0.77687064625,1.0,0.0,19.598,19.598,0.471946,0.07817082
0bcae32b7,2,6.5,0.759279743095238,1.0,0.0,155.32150000000001,155.32150000000001,0.167982487,0.040626082
0bcb2c2b5,1,10.0,0.7565585150000002,1.0,0.0,120.80299999999998,120.80299999999998,0.15910311,0.1320673
0bd2d5882,1,10.0,0.6776435190000001,1.0,0.0,184.17499999999998,184.17499999999998,0.14070989,0.02633975
0bd83ba72,1,10.0,0.750060084,1.0,0.0,121.03299999999999,121.03299999999999,0.25818762,0.029089747
0be5af159,5,9.2,0.7946183579499999,1.0,0.0,15.279399999999999,14.125,0.278155444,0.299333706
0be7a4adf,5,10.0,0.8146310452,1.0,0.0,30.195,24.886,0.35370486999999995,0.200459686
0bf9dfa21,4,8.5,0.7885590836805556,1.0,0.0,78.18775000000001,48.138999999999996,0.33053684250000004,0.143452455
0c1e8a6f2,1,10.0,0.7895689850000001,1.0,0.0,42.614999999999995,42.614999999999995,0.24812002,0.11518994
0c200f7a6,3,10.0,0.750510469,1.0,0.0,51.19166666666666,51.462999999999994,0.15082809,0.1340282416666667
0c2549da5,3,10.0,0.7955510656666666,1.0,0.0,49.33233333333333,50.592999999999996,0.5719418833333333,0.26453617333333335
0c281122e,2,10.0,0.7512610495,1.0,0.0,101.699,101.699,0.282268325,0.18238695500000002
0c28877b7,4,9.25,0.7450037454642857,1.0,0.0,68.03625,50.8085,0.30316881500000004,0.160991425
0c2e0fc7d,3,7.333333333333333,0.7775039712500001,1.0,0.0,156.793,151.129,0.22097129999999998,0.06386120133333334
0c3cb3d44,1,10.0,0.764619793,1.0,0.0,195.22899999999998,195.22899999999998,0.3713895,0.17211653
0c47e700c,3,10.0,0.8476035166666667,1.0,0.0,162.55966666666666,157.817,0.3259717066666667,0.15445992
0c4e78176,1,10.0,0.7697823680000001,1.0,0.0,118.94,118.94,0.16529758,0.050641693
0c5d5968b,8,10.0,0.81707727725,1.0,0.0,131.78825,123.749,0.43433461624999997,0.16576699875
0c5fe8151,2,10.0,0.8495201164999999,1.0,0.0,192.09,192.09,0.22897626,0.03524974
0c64a0f1b,2,9.5,0.7821536020000001,1.0,0.0,69.88,69.88,0.32745018000000004,0.10497237
0c6c71a55,11,7.7272727272727275,0.7412702634473305,0.9090909090909091,0.0,203.49972727272726,228.914,0.3692571463636364,0.0714350534090909
0c752844d,5,9.6,0.7801755448888889,1.0,0.0,165.9384,158.73399999999998,0.175705332,0.0360247288
0c862b8a3,2,7.5,0.7713085958928572,1.0,0.0,154.065,154.065,0.17111245,0.059486646000000004
0c9133a83,5,9.6,0.7452561421999999,1.0,0.0,65.758,51.059,0.21814185,0.07497846059999999
0cb52145c,5,8.8,0.7983107305555557,1.0,0.0,79.852,20.299,0.15169941599999998,0.0979080384
0cba1503b,5,10.0,0.7601695068,1.0,0.0,120.207,117.419,0.186478337,0.0697466646
0cbe33a44,2,10.0,0.9281802395000001,1.0,0.0,218.176,218.176,0.546112005,0.076879438
0cc3e27b5,21,9.095238095238095,0.7480698327208994,1.0,0.0,136.10919047619046,123.95199999999998,0.3175816180952381,0.12360439347619048
0cda0894a,9,7.555555555555555,0.7554957603589065,1.0,0.0,115.54299999999999,117.833,0.23341806777777777,0.07496477266666667
0cdb80095,10,10.0,0.8079399771,1.0,0.0,162.3244,157.59799999999998,0.30183180099999996,0.197182278
0ce80622f,1,10.0,0.701448741,1.0,0.0,193.403,193.403,0.5993848,0.35891432
0cf709a59,3,8.333333333333334,0.7720114721785715,1.0,0.0,74.324,82.945,0.3476715266666666,0.16484564666666665
0d150e90c,5,9.8,0.7799419612222223,1.0,0.0,128.615,123.54400000000001,0.3451499888,0.19500328
0d20efa95,5,8.4,0.7767571935238096,1.0,0.0,134.445,120.59299999999999,0.24955520399999997,0.026348984600000003
0d25fb291,3,9.0,0.7739530106666667,1.0,0.0,123.407,158.939,0.2774004766666667,0.09736203033333334
0d440b00e,2,8.0,0.7733947815873016,1.0,0.0,117.3385,117.3385,0.199275115,0.027761254
0d460fe7a,1,8.0,0.74233945625,1.0,0.0,18.566,18.566,0.4190552,0.1362421
0d47275d4,16,9.0,0.7517918564082341,0.9375,0.0,112.7595625,118.0955,0.29497645875,0.06966484525
0d4750032,8,9.0,0.7672914662266865,1.0,0.0,114.94149999999999,122.166,0.21053780125000002,0.09473702237500001
0d4b69793,4,10.0,0.8083563805,1.0,0.0,21.527,21.8055,0.18509303875,0.080042295
0d508e63a,2,9.5,0.7417816117777778,1.0,0.0,49.8895,49.8895,0.198950165,0.14193239000000002
0d551fb5b,1,8.0,0.8032057875,1.0,0.0,24.517,24.517,0.25422764,0.13146327
0d55c2e2b,4,9.25,0.7594961053472222,1.0,0.0,61.380250000000004,68.511,0.2227005275,0.19940946925
0d635d0b4,2,10.0,0.7811619685,1.0,0.0,139.0925,139.0925,0.354953815,0.07895421500000001
0d6b8efdc,5,6.8,0.7129481077333333,0.2,0.0,105.62179999999998,82.56099999999999,0.201874954,0.0931728974
0d6cb5b69,5,10.0,0.7616431412,1.0,0.0,57.95399999999999,52.617999999999995,0.48837158399999997,0.14089490300000002
0d7247d3e,3,10.0,0.7903856290000001,1.0,0.0,85.00566666666667,87.63,0.37978880000000004,0.11087367233333334
0d7f7a155,1,10.0,0.834738027,1.0,0.0,242.38699999999997,242.38699999999997,0.47242564,0.09291918
0d85af6c4,1,10.0,0.7658843130000001,1.0,0.0,24.142,24.142,0.37904075,0.13512982
0d873789a,1,10.0,0.77084151,1.0,0.0,113.987,113.987,0.30784774,0.025580993
0db65104a,5,9.6,0.7812227137777777,1.0,0.0,100.4174,128.915,0.30379471,0.13784842479999998
0dbb0a012,1,10.0,0.7822060399999999,1.0,0.0,159.605,159.605,0.16572262,0.122630045
0dc32d6fd,4,7.75,0.7552403689980159,1.0,0.0,149.63025,156.606,0.2649409625,0.22089193000000001
0de6709ab,1,10.0,0.7651599689999999,1.0,0.0,118.41099999999999,118.41099999999999,0.3492811,0.04561221
0dff88b6f,5,10.0,0.7841204181999999,1.0,0.0,175.1332,154.668,0.342825576,0.210376987
0e0d0a9af,1,7.0,0.8060440471428573,1.0,0.0,120.74899999999998,120.74899999999998,0.09611285,0.04205153
0e12b9baa,3,9.0,0.7718590015277779,1.0,0.0,86.45833333333333,48.759,0.41217999666666666,0.20781506333333333
0e1a2937a,2,10.0,0.817663233,1.0,0.0,117.831,117.831,0.38484788,0.089826584
0e1a54250,6,8.0,0.8033351665416667,0.8333333333333334,0.0,90.88433333333332,107.3475,0.23042559833333334,0.0636744
0e1f78a77,9,10.0,0.8408202335555556,1.0,0.0,53.13777777777778,21.744,0.36020065888888886,0.11230797111111111
0e23c4abd,2,10.0,0.8015099185000001,1.0,0.0,239.72949999999997,239.72949999999997,0.359683455,0.10583593499999999
0e28a90f6,4,9.75,0.7732401170277777,0.75,0.0,43.777499999999996,48.55199999999999,0.3417206975,0.184926653
0e4049f6d,6,10.0,0.7789808076666667,1.0,0.0,127.36533333333334,135.57549999999998,0.25460926733333333,0.11730926166666668
0e49eebb3,2,8.5,0.7569826788571429,1.0,0.0,138.87,138.87,0.19772545500000002,0.1199705175
0e4cf50f4,2,10.0,0.775303109,1.0,0.0,99.4175,99.4175,0.49273094500000003,0.18019835
0e4ef28c9,1,10.0,0.812010968,1.0,0.0,196.67499999999998,196.67499999999998,0.27518186,0.07405481
0e52438a0,1,10.0,0.750546853,1.0,0.0,51.833,51.833,0.2724541,0.018700551
0e56a693b,8,9.625,0.761624375204861,1.0,0.0,52.757999999999996,50.777499999999996,0.25545545875,0.108090529375
0e5d845dc,8,9.75,0.7683356809583333,1.0,0.0,84.559125,85.08250000000001,0.20724043,0.078954212625
0e61fe015,5,9.6,0.7849129786666666,1.0,0.0,107.147,84.53399999999999,0.37135693000000003,0.1735388012
0e6492f0d,4,9.25,0.7649727059236111,1.0,0.0,128.24175,134.79399999999998,0.192562295,0.07289706775
0e6b24bc4,1,10.0,0.905924661,1.0,0.0,82.041,82.041,0.25342157,0.05575789
0e6c32c9f,5,8.6,0.7735615738468253,1.0,0.0,159.016,239.83300000000003,0.148925232,0.1018689314
0e6dd5e23,1,10.0,0.8753028760000001,1.0,0.0,117.22699999999999,117.22699999999999,0.3507958,0.09429755
0e6f26f19,5,9.6,0.7359048154444444,1.0,0.0,158.184,193.783,0.237109476,0.0624696512
0e736f310,4,10.0,0.79629909325,1.0,0.0,196.65125,196.8285,0.37285682,0.09157218475000001
0e7ca23c9,1,6.0,0.808937255,1.0,0.0,99.88699999999999,99.88699999999999,0.11696683,0.16605966
0e80de8ac,1,10.0,0.7393336940000002,1.0,0.0,238.64099999999996,238.64099999999996,0.57835454,0.073514074
0e83fbe2a,5,10.0,0.7751565890000001,1.0,0.0,162.0038,183.066,0.26610416800000003,0.13985224000000002
0e8887c13,2,10.0,0.7814041915000001,1.0,0.0,37.098,37.098,0.28771377,0.10928634000000001
0e88c1c1c,3,8.0,0.77906901375,1.0,0.0,96.42233333333333,84.035,0.17251249533333332,0.039629505333333336
0e8a11aaa,3,3.6666666666666665,0.7322273057142858,0.3333333333333333,0.0,117.23233333333333,119.169,0.17961142,0.10461723933333333
0e8c2a1aa,11,9.909090909090908,0.7495600083737373,1.0,0.0,145.6809090909091,154.827,0.2729310909090909,0.075805726
0e922caab,5,10.0,0.8456355155999999,1.0,0.0,141.5858,152.52599999999998,0.268186942,0.095569131
0e9a2fed4,2,8.5,0.7701543398571429,1.0,0.0,237.45899999999995,237.45899999999995,0.192683125,0.040610599
0e9c1385c,2,8.0,0.797928507063492,1.0,0.0,161.386,161.386,0.1827986325,0.022954222
0ea0beb3c,2,10.0,0.7280904770000001,1.0,0.0,196.789,196.789,0.47656195,0.09538674999999999
0ea2638e9,4,9.0,0.7207896458253968,1.0,0.0,223.15425,230.97349999999994,0.29507342000000003,0.157898611
0eaa0e3c6,1,10.0,0.8396687500000001,1.0,0.0,122.173,122.173,0.18490301,0.2139688
0eab258a9,1,10.0,0.905392032,1.0,0.0,85.41099999999999,85.41099999999999,0.43758193,0.17113753
0eb219818,2,9.5,0.731095771388889,1.0,0.0,36.956,36.956,0.39477789500000005,0.09015999
0eba510fc,3,10.0,0.7673483986666666,1.0,0.0,117.948,82.472,0.33420942666666664,0.09230328866666666
0ecc1200a,4,9.5,0.7405742477222222,1.0,0.0,121.04775000000001,101.90449999999998,0.26188248,0.16183229
0ed23a049,5,9.6,0.7930859694000001,1.0,0.0,153.6316,152.743,0.264334012,0.0376517508
0ed8d0f9c,1,7.0,0.7384173657142857,1.0,0.0,234.402,234.402,0.51933515,0.14663544
0ede86b28,3,8.666666666666666,0.7706393007500001,1.0,0.0,52.83233333333334,49.985,0.11744135533333333,0.076293114
0ef640aaf,2,10.0,0.7797103795,1.0,0.0,105.39099999999999,105.39099999999999,0.17301872499999998,0.018557059
0f012474b,2,9.0,0.782892145625,1.0,0.0,155.8815,155.8815,0.356899395,0.14739604
0f122f712,1,10.0,0.734191142,1.0,0.0,159.30399999999997,159.30399999999997,0.21794806,0.32422823
0f1424059,1,8.0,0.7707399425,1.0,0.0,119.45199999999998,119.45199999999998,0.2542516,0.21817552
0f15ed6ab,3,10.0,0.8438798620000001,1.0,0.0,151.065,190.444,0.23206825333333334,0.19741673333333334
0f1a3ce5a,5,10.0,0.7716717978000001,1.0,0.0,71.5328,49.53799999999999,0.119185116,0.0569324418
0f258665b,5,10.0,0.829513789,0.6,0.0,25.6214,17.88,0.7326369100000001,0.31291951560000003
0f27a7baa,3,10.0,0.7806002513333334,1.0,0.0,144.07466666666667,156.278,0.20961169999999998,0.045946382
0f366f264,1,10.0,0.7929337330000001,1.0,0.0,118.54599999999999,118.54599999999999,0.16077316,0.10054631
0f3fd67e2,5,9.2,0.7845375604000001,1.0,0.0,70.7942,84.022,0.21136059199999999,0.062417528
0f4291ce6,5,7.8,0.7990333370714285,1.0,0.0,132.8568,121.18400000000001,0.27901411600000003,0.0919354842
0f78e05ef,1,8.0,0.81567994375,1.0,0.0,16.658,16.658,0.38274348,0.25110555
0f9d7b0f9,4,9.25,0.7578120324027777,0.75,0.0,158.72125,165.19,0.24098866,0.038002431
0f9f0dd0e,3,7.666666666666667,0.7611592417857143,1.0,0.0,109.887,124.141,0.21681887666666666,0.14749235000000002
0fa25b7e5,1,9.0,0.7829178033333333,1.0,0.0,158.147,158.147,0.17071174,0.03380484
0fae8116c,4,9.25,0.7757108715833333,1.0,0.0,93.894,102.85849999999999,0.15027174999999998,0.047639179499999997
0fb490c9b,3,10.0,0.7276356026666666,1.0,0.0,152.65266666666665,161.009,0.37046520666666666,0.090935367
0fc2dc3cb,2,10.0,0.800482237,1.0,0.0,156.132,156.132,0.24748338,0.08129552500000001
0fd1d2d85,1,10.0,0.7549918130000001,1.0,0.0,155.85,155.85,0.08269302,0.07402377
0fd5ff08e,3,9.333333333333334,0.7714249978333333,1.0,0.0,157.99466666666666,155.141,0.21171231000000001,0.18601313066666667
0fd9076d7,14,8.285714285714286,0.7648285702806122,0.8571428571428571,0.0,78.86892857142857,76.63899999999998,0.2597504385714286,0.06258932278571429
0fe58286d,9,8.666666666666666,0.7605415729867725,1.0,0.0,97.21644444444445,121.95799999999998,0.2340259677777778,0.13951516155555554
0fe8ffc8e,14,8.714285714285714,0.7657976501700681,0.9285714285714286,0.0,129.53778571428572,139.59699999999998,0.29029494357142854,0.15461444052857143
0fe9d0022,5,10.0,0.8108560950000001,1.0,0.0,139.6618,124.152,0.329055352,0.15835934899999998
0ff50cbd5,4,10.0,0.77782814,1.0,0.0,87.71175,98.1445,0.44693839,0.18344285875
0ff7245bd,5,10.0,0.8674341957999999,1.0,0.0,194.0638,195.938,0.36463513000000003,0.092873099
100aed9a3,2,10.0,0.713226367,1.0,0.0,193.67649999999998,193.67649999999998,0.37210308999999997,0.06267281
10124968c,29,9.482758620689655,0.7671682358931308,1.0,0.0,151.43862068965515,150.81,0.2769698768965517,0.1383237108275862
1020c8f00,2,7.5,0.8106332490178572,1.0,0.0,160.2645,160.2645,0.203944975,0.0312960235
102482c40,2,8.0,0.7422384668750001,1.0,0.0,102.6525,102.6525,0.21824436,0.0123708415
1027c621c,5,9.6,0.7726493533,1.0,0.0,84.801,83.831,0.308907304,0.0957509518
1035db262,2,10.0,0.8187510524999999,1.0,0.0,49.884499999999996,49.884499999999996,0.21888757,0.0432749935
1042ee67b,1,10.0,0.743713152,1.0,0.0,80.636,80.636,0.18340097,0.08015664
1043aca38,5,9.8,0.7590665367777778,1.0,0.0,105.98799999999999,118.70999999999998,0.215859304,0.1382821326
10486a12e,2,9.0,0.768596460125,1.0,0.0,101.8555,101.8555,0.17734512000000002,0.08372355000000001
104910cb4,5,9.8,0.7654865625555556,1.0,0.0,18.153399999999998,18.011,0.34716942399999995,0.208135532
104c799db,1,8.0,0.76842729875,1.0,0.0,196.60899999999998,196.60899999999998,0.37028256,0.14006583
10516f3c6,5,9.6,0.7591765648500001,1.0,0.0,82.154,84.023,0.270847534,0.0757593778
10554e146,1,9.0,0.7889809255555555,1.0,0.0,118.13,118.13,0.26484525,0.019526107
106128c56,4,9.25,0.7626846310416667,1.0,0.0,203.46675,196.0565,0.27725371,0.07154614
106de20f0,4,8.5,0.7810962574573412,1.0,0.0,95.29449999999999,103.49949999999998,0.28134078500000004,0.11654526475
106f7b51d,7,9.428571428571429,0.8033844296785714,1.0,0.0,87.22885714285714,103.31199999999998,0.21323495942857143,0.1415667714285714
10711bb95,2,10.0,0.803055629,1.0,0.0,48.797,48.797,0.2558868,0.105315645
1076dcc35,3,10.0,0.8101843833333332,1.0,0.0,50.80599999999999,52.42399999999999,0.43490488,0.23001214666666667
107c30c6d,2,10.0,0.8165619660000001,1.0,0.0,99.1925,99.1925,0.31933878,0.0789108565
107d56dc4,9,9.0,0.7396659494907407,1.0,0.0,139.1651111111111,120.07,0.35043502111111113,0.069285468
1082982dc,2,9.5,0.7655468948333333,1.0,0.0,86.82149999999999,86.82149999999999,0.33428618499999996,0.0940851675
10836809d,5,9.4,0.7634477134444444,1.0,0.0,81.99980000000001,81.63499999999999,0.17747388079999998,0.038917795399999996
10949ac80,3,3.6666666666666665,0.7078272765079365,0.6666666666666666,0.0,183.84066666666664,160.13099999999997,0.2640164,0.045670019
109823680,3,8.666666666666666,0.7681604185555555,1.0,0.0,122.42233333333333,122.33800000000001,0.25035795666666666,0.07030642799999999
1099a5406,3,8.666666666666666,0.7543673194179893,1.0,0.0,154.32433333333333,117.06099999999999,0.24727770666666668,0.12804598666666667
109c4f5a8,7,10.0,0.7820940518571428,1.0,0.0,115.86514285714284,118.112,0.2642674042857143,0.11941735071428572
109d21b69,6,9.0,0.7762674883425925,1.0,0.0,102.44816666666667,116.8125,0.22569048666666666,0.050736320333333335
10ae2697f,3,10.0,0.753821218,1.0,0.0,65.937,52.102999999999994,0.31304273666666665,0.06555520199999999
10b669bea,3,10.0,0.7429970713333334,1.0,0.0,61.994,52.443999999999996,0.19747748666666665,0.09549665
10b9af23d,2,8.5,0.7690629252857143,1.0,0.0,19.5175,19.5175,0.209966235,0.1476054
10bbe5ea4,2,6.0,0.8374324314999999,0.5,0.0,83.6055,83.6055,0.352767967,0.17422974570000002
10c24c385,4,10.0,0.7486984274999999,1.0,0.0,150.63375,120.864,0.2345709625,0.093595091
10e1cbfdd,6,8.5,0.769934929175926,1.0,0.0,88.964,81.612,0.234501345,0.07309247666666667
10e26690b,7,9.857142857142858,0.7353536179206349,1.0,0.0,95.55514285714285,83.924,0.25606556428571425,0.10584212999999999
10e27da02,5,10.0,0.7927800258,1.0,0.0,59.1152,48.912,0.48927172199999996,0.213387102
10e723583,5,9.4,0.7379975498333333,1.0,0.0,36.2522,20.011,0.38250812,0.1197314808
10eaafcd9,2,9.5,0.7783702301666666,1.0,0.0,81.8505,81.8505,0.221968765,0.065448295
10f4c8d8c,4,9.75,0.7432257898055556,1.0,0.0,62.464249999999986,36.915,0.2719798325,0.1210896625
10fa4505d,7,9.428571428571429,0.776940378329365,1.0,0.0,78.66642857142857,51.189,0.22420051785714287,0.12992386
110682438,5,9.8,0.7742590331555557,1.0,0.0,210.6962,196.41199999999998,0.24263659200000004,0.097624004
110d4487e,1,9.0,0.6980047333333335,1.0,0.0,150.87099999999998,150.87099999999998,0.3291256,0.13043478
111748c15,8,9.75,0.7700112193437499,1.0,0.0,114.452625,119.842,0.19847677625000001,0.09059573162500001
111be067f,3,10.0,0.7476773099999999,1.0,0.0,95.07333333333332,86.586,0.15577937166666667,0.03737920733333333
1123cd69d,1,10.0,0.714681205,1.0,0.0,157.594,157.594,0.16372125,0.047790296
112ae92e0,4,10.0,0.7348054759999999,1.0,0.0,105.81575,119.93199999999999,0.2185721275,0.04976744275
113204c87,1,10.0,0.821236895,1.0,0.0,50.55499999999999,50.55499999999999,0.3304772,0.13776487
113bc00e8,4,6.75,0.6957789845555555,1.0,0.0,144.0365,136.589,0.2006147,0.03868087575
115299f16,2,10.0,0.806015764,1.0,0.0,100.3025,100.3025,0.12005681500000001,0.051725632
1154c26ac,1,10.0,0.718064202,1.0,0.0,121.468,121.468,0.14214996,0.073529415
115a4b208,2,8.0,0.7786492441666667,1.0,0.0,175.43,175.43,0.18431364,0.042577175
115d6458f,8,10.0,0.8141840779999999,1.0,0.0,133.369375,118.8545,0.18113542125,0.080622214875
117059fe3,5,9.0,0.7319998361166666,1.0,0.0,105.9292,118.982,0.244465756,0.06002303999999999
1171c9a41,2,8.0,0.6875534508730159,1.0,0.0,116.1595,116.1595,0.27598384,0.0370707605
118c1147c,1,10.0,0.7587082430000001,1.0,0.0,156.836,156.836,0.23514624,0.30752894
11948e0ef,6,8.166666666666666,0.7759254012162698,1.0,0.0,195.71216666666666,232.65599999999998,0.23036035333333335,0.10995071166666666
1195168b6,6,9.166666666666666,0.7354906406481482,1.0,0.0,118.13116666666667,104.7875,0.22673252266666666,0.07560099316666667
11960b9ed,1,9.0,0.7406055311111113,1.0,0.0,195.874,195.874,0.3456611,0.05914835
119903786,10,9.3,0.7772732098999999,0.9,0.0,116.6298,114.8665,0.22461308600000002,0.1164065213
119f813b2,2,10.0,0.8006065605000001,1.0,0.0,155.7115,155.7115,0.23646539,0.065437789
11a3055b7,25,9.92,0.79088910993,1.0,0.0,135.48332,153.884,0.19149369360000001,0.07144640948
11a30eacf,2,10.0,0.7748531115,1.0,0.0,37.914,37.914,0.172844575,0.142966817
11a337bfa,3,10.0,0.8056204710000001,1.0,0.0,169.40866666666668,189.533,0.3175657433333334,0.08906970133333332
11a3fb06e,2,8.0,0.75722439625,1.0,0.0,169.43,169.43,0.14571332,0.033764883999999995
11aa441fe,3,9.0,0.7411963891904763,1.0,0.0,122.47566666666667,118.79899999999999,0.15903531666666668,0.10433575846666666
11ac3640c,3,8.0,0.6976236082499999,1.0,0.0,192.851,189.495,0.1617508,0.10181417343333332
11b20ee8f,6,9.833333333333334,0.7624142112407407,1.0,0.0,33.81133333333333,26.557499999999997,0.17318316,0.13156844666666667
11b3fd45f,6,7.333333333333333,0.7541205400833334,1.0,0.0,86.97916666666667,55.2765,0.20195238166666665,0.0826746625
11b9089f7,4,9.5,0.7916025131875001,1.0,0.0,112.0075,102.12349999999999,0.2727888,0.0803837515
11bb6fca2,5,9.6,0.7645078162444444,1.0,0.0,121.30319999999999,85.77900000000001,0.23719187800000002,0.1003737182
11c222a3c,1,10.0,0.809850932,1.0,0.0,122.25,122.25,0.30434313,0.25104058
11c88e3be,3,9.666666666666666,0.7556180746666668,1.0,0.0,95.93766666666666,87.02199999999999,0.2198780966666667,0.08928778
11ce5617d,5,7.0,0.7763658854825397,1.0,0.0,148.5772,150.821,0.24075793399999998,0.12356838620000002
11d50c573,5,8.2,0.7818163510285714,1.0,0.0,148.6162,154.398,0.27357718000000003,0.07107808000000002
11db3b853,4,10.0,0.74973499275,1.0,0.0,186.5425,175.3075,0.15655258,0.0949841645
11e6c4d80,1,10.0,0.7126986440000002,1.0,0.0,123.18099999999998,123.18099999999998,0.23199603,0.17782666
11f773e2f,1,10.0,0.721860027,1.0,0.0,118.15799999999999,118.15799999999999,0.399499,0.079147466
11fa9d216,7,8.857142857142858,0.7916165612131518,1.0,0.0,182.70985714285712,185.392,0.2424876057142857,0.12800975614285715
121abd2ba,7,9.857142857142858,0.7726633527619048,1.0,0.0,150.9528571428571,155.68299999999996,0.24206196857142856,0.06725385328571429
121c5faca,8,9.125,0.790546269968254,1.0,0.0,145.807,133.5475,0.227364055,0.07328901725
121ee5fa0,1,9.0,0.7347909822222222,1.0,0.0,80.608,80.608,0.40058583,0.12067626
122683077,3,10.0,0.7927009766666666,1.0,0.0,116.41966666666666,111.23799999999999,0.32408572333333335,0.068967512
12380b365,3,10.0,0.807528162,1.0,0.0,171.854,160.99,0.3278294033333333,0.3592940233333333
1238ed024,11,9.272727272727273,0.7654000451396105,1.0,0.0,147.04863636363635,156.86999999999998,0.20899642636363636,0.07513379072727272
123f15578,1,10.0,0.786683363,1.0,0.0,50.659,50.659,0.43163913,0.2959591
1246bed4f,1,10.0,0.7099138,1.0,0.0,80.243,80.243,0.16487396,0.14646202
124f45c2b,5,10.0,0.8326944108,1.0,0.0,51.8402,48.065,0.33780182400000003,0.16812967799999998
1250404cf,2,10.0,0.794019338,1.0,0.0,149.0085,149.0085,0.311401615,0.23912687
1253241be,21,8.619047619047619,0.7301337724121315,0.8571428571428571,0.0,144.3752857142857,157.18499999999997,0.4054842404761905,0.14101525642857143
125522846,3,9.0,0.7396752837142856,1.0,0.0,195.15933333333336,187.027,0.36924745000000003,0.23742629333333334
12653b9bc,3,8.0,0.7893693203333334,1.0,0.0,85.69,52.06,0.20648914666666665,0.042548339666666664
126cfd595,4,10.0,0.770908658,1.0,0.0,83.198,83.775,0.3440738525,0.09876864499999999
12890e9dc,2,9.0,0.7083758943749999,1.0,0.0,36.184,36.184,0.243239425,0.055902656999999994
12a280806,11,9.636363636363637,0.783175289020202,1.0,0.0,65.41545454545454,54.742999999999995,0.24843548545454547,0.07798434945454545
12b1bce04,2,10.0,0.7427536215,1.0,0.0,233.39149999999998,233.39149999999998,0.40327802,0.057344309999999996
12b47b4e8,5,9.8,0.7650891373111111,1.0,0.0,173.0178,196.69699999999997,0.28939198,0.0834809738
12ba67e43,3,9.666666666666666,0.7702399819259259,1.0,0.0,42.56366666666666,48.897,0.3792484233333333,0.17848884499999998
12c071b30,5,8.6,0.7541278770746033,1.0,0.0,65.7224,51.010999999999996,0.33414278399999997,0.17252861400000002
12c4ed873,3,10.0,0.8505210546666667,1.0,0.0,97.12466666666667,120.068,0.24940210999999998,0.07510899766666666
12c65f314,4,9.75,0.7360766345833333,1.0,0.0,107.61025000000001,80.4935,0.237717595,0.06189195375
12d48709c,5,9.2,0.7613675363222222,1.0,0.0,73.84380000000002,50.82599999999999,0.26199891,0.07058634859999999
12d514ef2,8,9.625,0.7729076478392857,1.0,0.0,98.588,101.589,0.22484228625,0.086146175375
12e747332,3,10.0,0.8356095229999999,1.0,0.0,129.36733333333333,118.607,0.16946956666666665,0.08857119966666667
12f9b8e6c,3,10.0,0.788906942,1.0,0.0,103.92966666666666,112.81700000000001,0.3004816433333333,0.05914037166666666
12ffabf23,2,9.0,0.7803311337500001,1.0,0.0,91.76599999999999,91.76599999999999,0.50825016,0.0640391965
1303e86df,2,10.0,0.777336963,1.0,0.0,119.04299999999999,119.04299999999999,0.17461968,0.10657301
130797334,2,10.0,0.742531748,1.0,0.0,85.40899999999999,85.40899999999999,0.36615355,0.140281706
132346d7e,8,8.625,0.7649314485104167,1.0,0.0,157.7835,173.411,0.2252261775,0.0757023935
1326c53f9,2,8.5,0.7970591987142859,1.0,0.0,199.99449999999996,199.99449999999996,0.342152535,0.413712875
13296aae7,3,9.0,0.7594750239814814,1.0,0.0,99.20033333333333,123.523,0.21313451000000003,0.10375889833333334
132a28bc9,5,10.0,0.810837502,1.0,0.0,155.2004,151.076,0.263442094,0.13636788400000002
132cc7d6c,1,7.0,0.762209882857143,1.0,0.0,223.72199999999998,223.72199999999998,0.22870024,0.020282468
133af5fc3,3,9.666666666666666,0.7458372284814815,1.0,0.0,130.646,119.711,0.2289968933333333,0.06255329533333333
133c0e6b9,2,9.0,0.74732696125,1.0,0.0,192.84249999999997,192.84249999999997,0.1016545125,0.01582354325
133ca8c90,1,10.0,0.740480956,1.0,0.0,190.385,190.385,0.2678794,0.09291706
13426c720,8,9.875,0.8075908083611111,1.0,0.0,85.54249999999999,80.60849999999999,0.1862607545,0.04698618625
13469fc6a,2,10.0,0.7345461655000001,1.0,0.0,154.1705,154.1705,0.13960721,0.0482710845
13485ebf1,1,10.0,0.79235238,1.0,0.0,118.658,118.658,0.22015274,0.025494277
1349f68db,5,8.6,0.7931788869896825,1.0,0.0,102.10839999999999,120.36,0.405756364,0.1380158712
134b82d89,3,8.333333333333334,0.7867892676851852,1.0,0.0,116.04933333333331,152.13099999999997,0.4619838766666667,0.20565961
134e12e92,2,10.0,0.7735315265,1.0,0.0,136.99649999999997,136.99649999999997,0.26023797000000004,0.06529209550000001
1368f0b22,2,8.5,0.6743358886428572,0.5,0.0,106.178,106.178,0.243387715,0.128800225
137916924,1,9.0,0.7820210366666667,1.0,0.0,74.18799999999999,74.18799999999999,0.21801507,0.031044051
138035c7a,1,10.0,0.7500440970000001,1.0,0.0,116.84400000000001,116.84400000000001,0.36067334,0.13668844
1398adca0,5,8.8,0.7423323205333333,1.0,0.0,92.9788,86.113,0.252785744,0.12943955680000002
139f58538,1,10.0,0.7929525519999999,1.0,0.0,204.149,204.149,0.2970781,0.21569568
13b807376,1,10.0,0.785236963,1.0,0.0,157.52800000000002,157.52800000000002,0.20209783,0.16596408
13be42d0e,5,9.8,0.7509751680888889,1.0,0.0,79.2808,77.46799999999999,0.23878850599999998,0.09686524640000001
13c67e713,4,8.0,0.7430181736785715,1.0,0.0,137.596,138.80849999999998,0.403640255,0.128393205
13d30c173,4,10.0,0.83995791225,1.0,0.0,20.07375,20.055999999999997,0.6650371875,0.3634230725
13fb61859,19,8.894736842105264,0.7558173321771094,0.9473684210526315,0.0,93.30342105263158,85.825,0.29046089136842107,0.097907676
14084c784,2,10.0,0.8877700559999999,0.5,0.0,140.796,140.796,0.16421139499999998,0.12985605
140ef35de,1,10.0,0.7598215180000001,1.0,0.0,82.58599999999998,82.58599999999998,0.50720227,0.058658995
14155e8c0,1,10.0,0.704434109,1.0,0.0,120.212,120.212,0.18534502,0.08258298
141b5d279,1,10.0,0.755593719,1.0,0.0,22.815,22.815,0.60823244,0.20891841
14357e2ed,1,10.0,0.8042265869999999,1.0,0.0,226.299,226.299,0.41357836,0.4168286
1436092b4,1,9.0,0.7568109655555556,1.0,0.0,147.118,147.118,0.5593141,0.37444374
143760a33,1,10.0,0.755022813,1.0,0.0,234.962,234.962,0.11274455,0.062230274
14398288b,12,8.583333333333334,0.7782542478310185,1.0,0.0,158.05691666666667,154.3025,0.37018776999999997,0.12219620916666667
143a52d8b,3,8.333333333333334,0.7785261764404762,1.0,0.0,23.12433333333333,22.636999999999997,0.24645982333333336,0.16261995666666665
143d10038,2,9.5,0.7480911579444445,1.0,0.0,65.9615,65.9615,0.35074010499999997,0.0583232975
14410015e,1,10.0,0.7486843380000001,1.0,0.0,154.581,154.581,0.1622622,0.02077839
144ad89a5,5,10.0,0.7967287982,1.0,0.0,152.32379999999998,162.702,0.27997181600000004,0.164202394
14580436c,3,10.0,0.786093159,1.0,0.0,120.96966666666667,120.01299999999999,0.44526932333333336,0.35773521333333336
145883970,6,8.666666666666666,0.7628245337777777,1.0,0.0,93.74633333333333,85.567,0.23211958833333335,0.100494476
146005aa0,1,7.0,0.7585062128571429,1.0,0.0,47.641999999999996,47.641999999999996,0.3417736,0.02835298
146aa46b3,4,8.25,0.7506597442499999,1.0,0.0,197.32049999999998,196.6805,0.1843362975,0.0677462715
146b9d6e7,3,9.666666666666666,0.7320667944074074,0.6666666666666666,0.0,110.22733333333333,87.179,0.15576849666666667,0.05250539566666667
146d950bc,1,9.0,0.7092446333333333,1.0,0.0,197.876,197.876,0.22151291,0.07895421
146f076cf,4,8.0,0.7513224252777777,1.0,0.0,42.549499999999995,48.421499999999995,0.30947905,0.1257492225
14831f659,3,9.333333333333334,0.7117933171111112,1.0,0.0,107.117,118.77799999999999,0.29806155333333334,0.16622712566666667
1499fbe78,4,10.0,0.7650845097500001,1.0,0.0,103.51625,119.0015,0.26866106,0.090704125
14a16b96e,2,8.0,0.76529769,1.0,0.0,51.39,51.39,0.261313565,0.0697190425
14a1d0eb4,20,9.15,0.7483201140194444,0.95,0.0,120.89244999999998,119.225,0.2383305225,0.07556451585
14a9958e0,3,8.666666666666666,0.819692405,1.0,0.0,222.44500000000002,232.74399999999997,0.6031770833333333,0.4026173433333333
14bbc5876,3,7.333333333333333,0.7644332466666667,1.0,0.0,108.617,81.64999999999999,0.21236960333333332,0.20527720333333332
14c6c68e2,4,8.25,0.7338931359553571,1.0,0.0,136.72299999999998,151.07799999999997,0.1755480825,0.16424173749999998
14c70761a,1,4.0,0.7596420525,1.0,0.0,5.2989999999999995,5.2989999999999995,0.14318325,0.40574056
14cbb81c8,4,7.5,0.7837689560625001,1.0,0.0,52.88099999999999,35.451,0.3229882125,0.1317022665
14dcf6ec8,5,9.8,0.7624727035333334,1.0,0.0,77.6182,82.8,0.300909776,0.12317030799999999
14e52bdaf,2,6.5,0.8013537532142857,1.0,0.0,106.52149999999999,106.52149999999999,0.304191985,0.148925118
14e788800,3,9.666666666666666,0.7927591597037037,1.0,0.0,73.312,18.299,0.4199919233333333,0.31459901
14f3fbc84,3,9.666666666666666,0.757859097037037,1.0,0.0,26.401666666666667,26.527,0.5975727200000001,0.1413747233333333
14f9ffbbc,4,9.5,0.794557146875,1.0,0.0,92.902,92.28099999999999,0.309804125,0.17507982625000001
150bf58e2,5,9.0,0.7550132284603175,1.0,0.0,33.785399999999996,23.441,0.242681486,0.1913773
151d50f53,5,10.0,0.756297276,1.0,0.0,155.28119999999998,155.12699999999998,0.17888183,0.1046591512
152880177,6,9.166666666666666,0.7474313529305555,1.0,0.0,139.05116666666666,155.045,0.21617388,0.049260318
1528d2a61,12,9.833333333333334,0.8981353609791666,1.0,0.0,112.06575,115.4045,0.26576744583333334,0.0619797085
1539be087,3,9.666666666666666,0.7300380741481481,1.0,0.0,74.01666666666667,49.256,0.160285862,0.06790271399999999
1542ab941,4,9.0,0.7775069930833334,1.0,0.0,112.44375,102.93249999999999,0.369558605,0.199965315
154d24447,2,10.0,0.8279389235000001,1.0,0.0,234.4735,234.4735,0.359995465,0.041363165
155126a9f,4,10.0,0.8010951255,1.0,0.0,102.27574999999999,101.72299999999998,0.19173197749999998,0.10789206999999999
15538a661,4,8.5,0.7591968694950396,1.0,0.0,76.97475,68.673,0.25058689,0.062345573249999994
1555b08c9,8,8.625,0.7828502531493056,1.0,0.0,115.516875,118.0195,0.2511833825,0.074770898375
15592a54c,4,6.75,0.8064300927083333,1.0,0.0,149.24625,133.435,0.11493091999999999,0.066111246
155d18f5f,2,10.0,0.8056946600000001,1.0,0.0,102.283,102.283,0.21284036,0.045472708
155e1f0ca,1,10.0,0.7779146439999999,1.0,0.0,195.06099999999998,195.06099999999998,0.22783583,0.06538328
15600cfea,11,9.272727272727273,0.7783037380129869,1.0,0.0,171.48154545454545,192.708,0.3657493927272727,0.0923832490909091
156da1714,5,10.0,0.8139065848,1.0,0.0,107.28980000000001,52.424,0.208327838,0.1461303
157e3e074,1,10.0,0.8514876709999999,1.0,0.0,21.380999999999997,21.380999999999997,0.27253133,0.1064863
158a55025,3,10.0,0.8660024033333333,1.0,0.0,96.44166666666666,76.32000000000001,0.25788851,0.067435544
158b502d3,8,8.5,0.761411541999504,1.0,0.0,93.91737499999999,87.038,0.32457587625,0.1669810095
158bc6f24,5,9.8,0.7543703147333334,1.0,0.0,87.2114,76.15899999999999,0.38386993399999997,0.159203241
15937e540,4,10.0,0.7917365267500001,1.0,0.0,109.86925,84.55,0.28446009250000004,0.0973292035
15a491e20,11,9.727272727272727,0.7667000434949496,1.0,0.0,165.9769090909091,196.32999999999998,0.25729446963636365,0.09833519618181819
15a828f9d,22,9.409090909090908,0.7723313478939393,1.0,0.0,91.14390909090909,81.99199999999999,0.2136185411363636,0.11123781916363637
15b27df66,1,9.0,0.7640682922222222,1.0,0.0,158.77700000000002,158.77700000000002,0.26865563,0.056181572
15b5da7f8,3,9.666666666666666,0.7448911057037036,1.0,0.0,124.73433333333332,85.637,0.41382554,0.14040538
15bcbb6e2,5,9.0,0.7826134090166667,1.0,0.0,104.90059999999998,114.732,0.23184262800000002,0.0993547008
15be0f894,4,10.0,0.7716060675,1.0,0.0,156.3,156.9805,0.19719991,0.02306625025
15d4c0bad,5,10.0,0.7804110062,1.0,0.0,37.7124,48.837,0.340014614,0.0804207058
15dbf64f0,2,10.0,0.8123213659999999,1.0,0.0,30.674500000000002,30.674500000000002,0.400955245,0.143169665
15dc4c629,7,9.571428571428571,0.7923270853333333,1.0,0.0,152.86614285714285,159.373,0.3088617514285715,0.17164213514285714
15df9cd46,4,9.25,0.7877838845972223,1.0,0.0,112.79374999999999,99.57999999999998,0.23673669749999998,0.06522539
15e5b0e7d,1,8.0,0.81757852125,1.0,0.0,194.745,194.745,0.23652463,0.06237131
15e5b6d26,9,8.88888888888889,0.7400422647186948,1.0,0.0,171.83733333333333,157.24,0.23895859888888887,0.0661334031111111
15f00daac,2,10.0,0.7966193779999999,1.0,0.0,86.13550000000001,86.13550000000001,0.23272185,0.095603543
15f89f939,5,10.0,0.7998262502,1.0,0.0,98.21000000000001,86.68900000000001,0.25688722199999997,0.0361224329
16002dd9b,4,10.0,0.7494078715,1.0,0.0,129.57574999999997,152.325,0.2001532875,0.10887097
161718095,1,9.0,0.7698547499999999,1.0,0.0,18.386000000000003,18.386000000000003,0.26306722,0.08412956
161de24f6,7,9.714285714285714,0.7610268917936508,1.0,0.0,131.32128571428572,116.79899999999999,0.3170223457142857,0.10683315914285714
1633b105b,1,7.0,0.6898392442857144,1.0,0.0,231.62599999999998,231.62599999999998,0.2892973,0.17514992
16349e686,2,10.0,0.7438313974999999,1.0,0.0,170.425,170.425,0.23144713,0.086651805
1635eac9a,3,10.0,0.763870626,1.0,0.0,122.27466666666665,148.478,0.38684813,0.06574978066666666
163adc370,10,9.5,0.7806528067083334,1.0,0.0,121.9106,116.8545,0.23335005,0.0858740891
164462023,6,8.666666666666666,0.7715281324794973,1.0,0.0,48.55516666666666,22.177,0.24238901999999998,0.089562376
164857bd8,4,10.0,0.7286913660000001,1.0,0.0,109.79525,118.4265,0.29822816249999995,0.1369233425
1652a3e1e,3,10.0,0.7577452280000001,1.0,0.0,173.365,166.343,0.25272941666666665,0.03681285666666667
166650836,1,10.0,0.844124613,1.0,0.0,20.751,20.751,0.27863148,0.34783933
16673c028,1,10.0,0.751933387,1.0,0.0,86.03899999999999,86.03899999999999,0.1760893,0.16553892
1667eb8a4,2,7.5,0.7724002285000001,1.0,0.0,61.1405,61.1405,0.39326404,0.0940860185
167233db2,1,7.0,0.8052309585714286,1.0,0.0,190.54899999999998,190.54899999999998,0.29658583,0.085111484
167a6dcf3,1,10.0,0.742707319,1.0,0.0,87.51100000000001,87.51100000000001,0.1563122,0.04014915
168f1c6e9,5,9.6,0.7340616339555556,1.0,0.0,147.91299999999998,164.511,0.242991166,0.1533992352
169184766,3,9.333333333333334,0.7326371874166666,1.0,0.0,155.69499999999996,154.72199999999998,0.20899926,0.12013715833333334
1696809dd,2,10.0,0.7905327285,1.0,0.0,157.588,157.588,0.261732815,0.0799086775
169fc07e1,4,10.0,0.82657250625,1.0,0.0,144.07475,120.877,0.3721503325,0.13113509975
16a71f0de,4,8.75,0.7322281585208333,1.0,0.0,123.57974999999999,124.03399999999999,0.1720461,0.10704231625
16ac32123,3,9.666666666666666,0.7446197254444445,1.0,0.0,159.06866666666664,159.212,0.38553572,0.21558911666666666
16c53ebf9,4,9.0,0.75252930575,0.75,0.0,63.9815,38.8925,0.2742339025,0.17690317249999998
16ce3524b,2,10.0,0.7217706445000001,1.0,0.0,56.972500000000004,56.972500000000004,0.185970905,0.091105251
16dc1188b,3,8.333333333333334,0.709693318047619,1.0,0.0,195.78366666666668,194.874,0.2045800633333333,0.14295718
16eefbec7,5,10.0,0.7317142586000001,1.0,0.0,53.1466,51.291,0.23818465,0.057856400399999994
16ff0c687,3,9.333333333333334,0.7379394504166666,0.6666666666666666,0.0,129.76466666666667,117.08099999999999,0.26219910333333335,0.14624523133333334
16ffedcf8,7,7.142857142857143,0.7575646733492063,1.0,0.0,94.88985714285714,57.074,0.227920938,0.100668061
17066185d,4,9.5,0.7524642724374999,1.0,0.0,118.17675,99.755,0.270997595,0.1452034415
170fa3d49,4,10.0,0.871612595,1.0,0.0,187.78375,214.3085,0.2050185075,0.056603364249999996
171113c99,11,9.909090909090908,0.7837280086060606,1.0,0.0,125.5321818181818,122.195,0.2052403130909091,0.08131627763636363
1712ba40e,2,10.0,0.76887131,1.0,0.0,147.19150000000002,147.19150000000002,0.431239095,0.16723031500000002
1716cd645,4,9.5,0.7696415776388889,0.75,0.0,116.5875,125.0135,0.225589615,0.12302465624999999
172305d1b,4,9.25,0.7988572949722222,1.0,0.0,35.22925,19.5625,0.30866499999999997,0.210628115
172433b2f,1,10.0,0.803877265,1.0,0.0,154.41799999999998,154.41799999999998,0.31084183,0.083466075
172555cfd,5,10.0,0.7953719692,1.0,0.0,118.4,115.94,0.428508464,0.111706558
172b6f611,2,10.0,0.778703473,1.0,0.0,122.73999999999998,122.73999999999998,0.21329979999999998,0.11020539000000001
172c8129a,5,8.8,0.7452343229944445,1.0,0.0,156.4468,161.352,0.17806885,0.1361028326
172d395a5,2,10.0,0.7875831360000001,1.0,0.0,35.934,35.934,0.289378495,0.10631287
1736706f9,3,10.0,0.7469743883333333,1.0,0.0,166.06733333333332,152.267,0.23565676666666668,0.077870275
1758efd47,5,8.8,0.8123042651484127,1.0,0.0,179.2206,157.94099999999997,0.19091019,0.1288945712
175926b9c,2,10.0,0.7935865070000001,1.0,0.0,157.822,157.822,0.233265275,0.10591179
175af62c1,9,8.777777777777779,0.776484167212963,0.7777777777777778,0.0,174.93588888888885,176.162,0.37191450666666664,0.16509615877777778
175f4a910,2,6.5,0.8232096264285713,1.0,0.0,116.3335,116.3335,0.168893285,0.05190602
176516c7a,22,9.136363636363637,0.7737254874718615,1.0,0.0,130.2435,140.0145,0.15942778295454546,0.06712531925
176ef71db,5,10.0,0.8482491118000001,1.0,0.0,98.956,83.392,0.209519374,0.033544557200000005
1772727a1,2,10.0,0.705593739,1.0,0.0,82.673,82.673,0.16778075,0.059617996500000006
179462b6d,3,10.0,0.7981491426666666,1.0,0.0,194.04899999999998,200.442,0.3778078266666667,0.11148158433333333
179c21d17,4,9.0,0.7640967493402778,1.0,0.0,172.66625,190.5695,0.22647582,0.07625453025000001
17a5487d2,4,9.5,0.7894730775,1.0,0.0,91.74324999999999,84.51750000000001,0.1908104525,0.12269091500000001
17ac391be,4,9.75,0.7833908590555555,1.0,0.0,128.4135,132.987,0.263800335,0.1692084575
17b2d4cd6,5,7.0,0.7784364205357143,1.0,0.0,122.6384,150.871,0.1782734528,0.0786661614
17ba1d7ce,3,10.0,0.8556321253333333,1.0,0.0,58.62766666666666,47.580999999999996,0.25024073333333335,0.08954898333333333
17bdf954a,3,9.0,0.7161114306666666,1.0,0.0,111.59733333333332,152.71099999999998,0.33846925666666666,0.132928417
17be61e34,4,10.0,0.78675916425,1.0,0.0,85.33425000000001,84.22149999999999,0.310909545,0.2317897975
17c4b0394,1,10.0,0.7461754070000001,1.0,0.0,19.956999999999997,19.956999999999997,0.42881685,0.10537227
17cbebba6,4,9.75,0.7496176381388888,1.0,0.0,35.1975,34.8345,0.468298845,0.23175929
17d9c9586,4,8.5,0.7867859723204365,1.0,0.0,130.35575,121.59899999999999,0.1820353565,0.068451565
17e6747da,5,9.8,0.7734191562666666,1.0,0.0,138.7668,157.60899999999998,0.221181444,0.0708312694
180b3f500,3,10.0,0.7849566556666666,1.0,0.0,120.24833333333333,122.726,0.24423351000000001,0.07343857
180f1ef16,2,7.5,0.7448984758035715,1.0,0.0,115.8325,115.8325,0.17718256,0.031580446
1811b1412,4,10.0,0.7803232959999999,1.0,0.0,156.49075,173.6025,0.30152772,0.16643712575
1819e298c,5,10.0,0.7706961494,1.0,0.0,129.7616,120.411,0.248779898,0.0867672562
181c10e45,4,10.0,0.759790783,1.0,0.0,78.62425,70.3245,0.3054383725,0.12124428749999999
181d40c5e,5,9.4,0.7836729816055555,1.0,0.0,167.038,157.939,0.248940014,0.125394948
181fb7dae,3,10.0,0.7367177320000001,1.0,0.0,151.14533333333333,199.31599999999997,0.37918169,0.18350270800000001
18286db6a,2,9.5,0.7893120570000001,1.0,0.0,170.13400000000001,170.13400000000001,0.362660675,0.1062695125
182aec7a4,2,6.5,0.7832451566666667,1.0,0.0,118.23400000000001,118.23400000000001,0.18305143499999998,0.10759244500000001
182faa94d,16,9.3125,0.7434582687532242,1.0,0.0,115.0074375,98.941,0.237040904375,0.13219251975000001
1833aa7d6,3,8.666666666666666,0.7340773493055556,1.0,0.0,166.02466666666666,189.26399999999998,0.18519753666666663,0.08477859
183c947eb,5,9.4,0.7615175441222222,1.0,0.0,143.969,164.239,0.140254561,0.0971446306
18427ab22,5,9.8,0.7795276793333333,1.0,0.0,115.25019999999999,119.27099999999999,0.22583439199999997,0.0917330116
184a51562,1,9.0,0.75799715,1.0,0.0,58.607,58.607,0.34613752,0.21496704
184ea777b,5,9.4,0.778409702942857,1.0,0.0,58.4862,52.05,0.332730018,0.12476646799999999
186920165,2,10.0,0.795770906,1.0,0.0,120.4255,120.4255,0.32794485,0.085656683
18734d13e,3,10.0,0.8644151213333333,1.0,0.0,73.76233333333333,55.68399999999999,0.3428360666666667,0.11959516199999999
187b92014,4,9.25,0.7907624030694445,1.0,0.0,66.624,62.48649999999999,0.128857615,0.04359607925
18810b958,5,9.6,0.7322173106000001,1.0,0.0,53.24759999999999,48.626,0.309865456,0.1835162104
1882ebd32,7,9.285714285714286,0.7739284460555557,1.0,0.0,75.37342857142856,55.142999999999994,0.3280089314285714,0.100462798
1882fa24c,3,9.666666666666666,0.7423046686296297,1.0,0.0,49.10966666666666,48.270999999999994,0.28708330666666665,0.07472302
189a8292b,2,10.0,0.7455518895,1.0,0.0,138.087,138.087,0.295799885,0.0980180625
189bb90dc,1,9.0,0.7854380633333333,1.0,0.0,81.816,81.816,0.3364292,0.051152073
189eaf5c4,2,10.0,0.7832572955000001,1.0,0.0,104.39699999999999,104.39699999999999,0.490525485,0.20226611
18a87116d,1,10.0,0.7762695510000002,1.0,0.0,245.71200000000002,245.71200000000002,0.23568574,0.19163693
18aa41749,2,10.0,0.7899528145,1.0,0.0,195.245,195.245,0.22444848,0.10282894849999999
18b2da498,2,10.0,0.7825620520000001,1.0,0.0,155.4175,155.4175,0.41139153500000003,0.218220995
18b6fc5f0,8,10.0,0.812541383875,1.0,0.0,158.143125,155.33999999999997,0.24321066125000002,0.057632194525
18c3b1a1a,4,9.75,0.7632785695555555,1.0,0.0,125.70174999999999,104.42299999999999,0.2267062625,0.059569396250000003
18cd75354,1,10.0,0.774902296,1.0,0.0,88.572,88.572,0.2352935,0.03079537
18da94e9d,4,9.25,0.7363209295486111,1.0,0.0,82.17949999999999,56.149499999999996,0.4284615275,0.14485239
18ee92cdf,3,9.0,0.8035152298796296,1.0,0.0,154.97133333333332,155.332,0.26075702666666667,0.072732859
18f9fe19c,1,10.0,0.831132412,1.0,0.0,50.87799999999999,50.87799999999999,0.13088198,0.030107526
191043d9c,1,10.0,0.781884783,1.0,0.0,150.929,150.929,0.32178396,0.13938436
191660250,3,9.0,0.782753445,1.0,0.0,111.593,121.429,0.2687465433333333,0.07980691233333333
191fb0046,2,10.0,0.7657377845000001,1.0,0.0,240.0305,240.0305,0.40804631999999996,0.11723898499999999
192303603,2,10.0,0.7924496635,1.0,0.0,85.941,85.941,0.197854465,0.0783689075
1925aff9d,17,8.176470588235293,0.7908597610828665,0.9411764705882353,0.0,65.89847058823528,48.708,0.2815947511764706,0.16075525017647058
19272319c,2,10.0,0.7788616195,1.0,0.0,156.036,156.036,0.23657391,0.062150040000000004
1930bcf64,1,10.0,0.770745331,1.0,0.0,23.527,23.527,0.35782614,0.16234222
1936c68a5,1,10.0,0.7539499080000001,1.0,0.0,118.941,118.941,0.32585192,0.07504665
1940b59e7,1,10.0,0.7172842859999999,1.0,0.0,122.55399999999999,122.55399999999999,0.18586707,0.10336455
1945c0690,3,10.0,0.8047343716666666,1.0,0.0,55.285333333333334,23.256,0.29858888,0.18130340666666667
19470706b,2,10.0,0.784426735,1.0,0.0,22.557000000000002,22.557000000000002,0.700641375,0.20966562
194acc3f9,4,10.0,0.7656913075,1.0,0.0,59.68625,50.2175,0.2755625275,0.057708984000000005
195c119c9,2,10.0,0.7080246255,1.0,0.0,21.6655,21.6655,0.38059215,0.25615975
196d58932,1,9.0,0.784346961111111,1.0,0.0,32.415,32.415,0.18810056,0.059785493
196f95fdb,3,9.333333333333334,0.8015196746666667,1.0,0.0,160.67633333333333,120.398,0.17806669,0.07792808566666666
19745f3dc,2,10.0,0.7058260785,1.0,0.0,201.2105,201.2105,0.20721898500000002,0.038121402
197c5ed9d,7,9.571428571428571,0.7640904476428572,1.0,0.0,124.61185714285715,117.34,0.27961608285714284,0.10306724
198a73c5e,1,10.0,0.701572812,1.0,0.0,120.629,120.629,0.1925379,0.018365411
199f37bc2,4,10.0,0.7733619872499999,1.0,0.0,98.88999999999999,98.5855,0.3459315725,0.0701941485
19a36eaab,5,9.2,0.772108330384127,1.0,0.0,134.0416,118.425,0.168607649,0.0430432338
19abfb0c6,5,9.0,0.7041084667269841,1.0,0.0,105.91219999999998,88.072,0.275678084,0.138218014
19af88854,10,8.7,0.7344612709361111,1.0,0.0,60.7033,46.9785,0.25248202000000003,0.1089596011
19b7a9e47,3,8.333333333333334,0.7943466391111111,1.0,0.0,105.58800000000001,87.33600000000001,0.31867408,0.07307203
19bdaed52,2,10.0,0.784970197,1.0,0.0,152.202,152.202,0.16685654500000002,0.0457093675
19caeb6b5,3,10.0,0.7552919586666667,1.0,0.0,158.06666666666663,158.36299999999997,0.17917661833333334,0.06759750266666666
19cb228a0,2,9.5,0.7509344376111111,1.0,0.0,118.996,118.996,0.131530255,0.0315812185
19cd32fd6,4,9.5,0.8044802569375,1.0,0.0,63.943,38.9595,0.26319354500000003,0.10828564
19d7de899,1,9.0,0.7308697077777777,1.0,0.0,18.337999999999997,18.337999999999997,0.6584239,0.36705825
19db3e21f,5,9.6,0.7917270626,1.0,0.0,134.555,152.405,0.339647648,0.12891423740000002
19efe1616,3,9.666666666666666,0.7272737501851853,1.0,0.0,20.093666666666664,20.523,0.46211441999999997,0.12218440666666668
19f0ef706,7,10.0,0.7557724434285714,1.0,0.0,127.0142857142857,153.527,0.2941106142857143,0.13876631571428572
19f38a3f0,1,9.0,0.7247384422222223,1.0,0.0,25.239,25.239,0.43814474,0.09423306
19f5a15ab,7,9.285714285714286,0.7655963521865079,1.0,0.0,123.63514285714287,51.207,0.2860826542857143,0.10599263791428572
19fd91f5b,3,9.666666666666666,0.7627794365185186,1.0,0.0,169.621,226.896,0.49853692333333327,0.10064747333333335
19fe29040,1,8.0,0.78936759125,1.0,0.0,92.16499999999999,92.16499999999999,0.12969905,0.06760683
1a018ef15,4,9.0,0.7764044082103174,1.0,0.0,116.35975,116.608,0.423286725,0.0775100495
1a0395c7f,1,10.0,0.8626579360000001,1.0,0.0,154.379,154.379,0.14816257,0.05214648
1a0ee9580,10,8.4,0.7200434976444445,0.6,0.0,107.1549,114.61499999999998,0.3126963274,0.09941901010000001
1a1283447,12,8.416666666666666,0.7864475481273149,1.0,0.0,59.45408333333333,52.711,0.22444168500000003,0.11252433658333333
1a12e3633,1,10.0,0.7672356880000001,1.0,0.0,119.853,119.853,0.32890362,0.042230316
1a2816f0f,1,10.0,0.759520792,1.0,0.0,122.80999999999999,122.80999999999999,0.22528583,0.19312327
1a2c91362,1,6.0,0.7657392566666669,1.0,0.0,80.152,80.152,0.109302394,0.07102136
1a2f33fec,1,10.0,0.8022965789999998,1.0,0.0,80.728,80.728,0.1560625,0.099819474
1a3a45096,2,9.5,0.8049970706666667,1.0,0.0,189.22899999999998,189.22899999999998,0.364623045,0.11502775
1a3da2ae5,3,10.0,0.7720567190000001,1.0,0.0,90.58166666666665,88.99999999999999,0.25764813999999997,0.09839287666666667
1a47d1c94,2,8.0,0.7204039545,1.0,0.0,131.21800000000002,131.21800000000002,0.241335705,0.13661792350000002
1a4d9f6e1,8,9.625,0.7641850910833333,1.0,0.0,134.180375,138.5555,0.36072659625,0.07105259775
1a54d4e92,3,10.0,0.7859830866666666,1.0,0.0,153.93233333333333,153.814,0.16129170866666667,0.160824836
1a56bb056,2,10.0,0.7835868695,1.0,0.0,41.0415,41.0415,0.323281155,0.096514047
1a61a5963,5,10.0,0.8444453798000001,1.0,0.0,129.3068,135.402,0.208605286,0.079292405
1a6729b6f,8,9.0,0.8057135654002976,1.0,0.0,133.56575,121.26849999999999,0.16058334624999998,0.075820164125
1a676ca88,1,10.0,0.796197446,1.0,0.0,83.20500000000001,83.20500000000001,0.28412542,0.17398007
1a76190c5,5,9.8,0.7649704854888888,1.0,0.0,112.5944,118.65399999999998,0.22234531080000003,0.0688345482
1a7ec71e7,1,10.0,0.6973625350000001,1.0,0.0,19.967999999999996,19.967999999999996,0.30585706,0.30805755
1a8215249,1,10.0,0.795351308,1.0,0.0,193.599,193.599,0.37472403,0.029937305
1a849a445,3,10.0,0.7411370076666666,1.0,0.0,96.66633333333334,84.822,0.25474878333333334,0.05957578333333333
1a8503d2f,5,9.8,0.7591991478,1.0,0.0,115.39020000000001,117.01599999999998,0.39303869599999997,0.09223508799999999
1a90a4805,3,9.333333333333334,0.7540016099166666,1.0,0.0,130.685,122.207,0.18455247666666666,0.06289459066666667
1a91262f6,3,8.333333333333334,0.6925616533333333,1.0,0.0,95.97866666666665,86.44399999999999,0.30699385,0.06734882666666667
1a952e440,1,10.0,0.747441172,1.0,0.0,161.19699999999997,161.19699999999997,0.21231978,0.27503902
1a9733afb,2,10.0,0.8002007640000001,1.0,0.0,24.333,24.333,0.22375320999999998,0.033075555
1a9e7158e,15,9.133333333333333,0.790842864281217,0.9333333333333333,0.0,68.77186666666667,50.717,0.304981392,0.16480379653333335
1aa39ed52,1,10.0,0.827020253,1.0,0.0,227.35999999999999,227.35999999999999,0.14077383,0.042577177
1aaa74b35,1,10.0,0.75592672,1.0,0.0,53.602,53.602,0.25844744,0.07020374
1ac7dad15,4,10.0,0.75888543575,1.0,0.0,75.551,80.13550000000001,0.206656085,0.03366718675
1acab1703,4,9.75,0.7798294281666667,1.0,0.0,30.1375,26.6465,0.38492085,0.17301924
1ad691ca4,2,8.5,0.7190301489583333,1.0,0.0,39.007999999999996,39.007999999999996,0.17061205499999998,0.08112209249999999
1adb292f6,8,7.25,0.7289848631235119,1.0,0.0,116.532625,147.47299999999998,0.0725452465,0.0518164883125
1adb69797,1,8.0,0.79931642125,1.0,0.0,49.348,49.348,0.17667629,0.05925454
1adc56d3c,3,9.333333333333334,0.7356587435833332,1.0,0.0,155.36966666666666,155.967,0.18473770333333336,0.030269693
1ae4a77ba,1,10.0,0.79940565,1.0,0.0,199.082,199.082,0.15164022,0.12446744
1ae9a98d3,2,10.0,0.772798251,1.0,0.0,139.0845,139.0845,0.30409525000000004,0.106195525
1aef9fc86,13,9.307692307692308,0.784404852594017,1.0,0.0,76.151,51.949,0.1598674183076923,0.07920668515384616
1afdc26fa,2,10.0,0.779124169,1.0,0.0,197.66049999999998,197.66049999999998,0.268372255,0.07906265500000001
1afdf61ec,2,9.0,0.7269689815,1.0,0.0,66.196,66.196,0.28681337,0.131547005
1b0d28fab,3,10.0,0.7910820733333334,1.0,0.0,99.03800000000001,54.723,0.32691745333333333,0.0589130709
1b154dffa,5,10.0,0.7740367682,1.0,0.0,119.94539999999999,82.43900000000001,0.22513174600000002,0.0799105364
1b1a68a60,5,10.0,0.776291584,1.0,0.0,165.6918,155.55,0.24423574399999998,0.07865071059999999
1b1cf81d4,1,10.0,0.784819254,1.0,0.0,20.957,20.957,0.13466534,0.06075062
1b1ddc50c,1,10.0,0.783143143,1.0,0.0,86.341,86.341,0.2674835,0.09978031
1b3492bde,4,10.0,0.7775938469999999,1.0,0.0,140.3715,139.775,0.21107341,0.03674557775
1b3dcf712,4,8.0,0.7461176469047619,1.0,0.0,155.4265,151.80450000000002,0.2360096375,0.049220416749999996
1b47183f1,3,9.666666666666666,0.7868598168888888,1.0,0.0,24.795333333333332,25.938,0.39637684666666667,0.14815750466666666
1b5af7749,28,8.821428571428571,0.7830981472517007,1.0,0.0,110.14014285714286,99.7585,0.3250478532142857,0.112178747125
1b5dbc3cf,2,10.0,0.842971457,1.0,0.0,69.3185,69.3185,0.42031633999999995,0.1301162
1b5fd0e44,1,7.0,0.7992321985714287,1.0,0.0,183.38,183.38,0.6905371,0.18487686
1b752d78e,5,9.4,0.8226635718857143,1.0,0.0,148.1984,154.631,0.132986746,0.013041474720000001
1b871dbaa,1,10.0,0.822120923,0.0,0.0,22.267,22.267,0.19436885,0.19615902
1b8ef81e3,11,9.909090909090908,0.7629876206969698,1.0,0.0,106.06627272727273,112.863,0.3188766372727273,0.06610195809090909
1b91e1082,8,10.0,0.7836394018749999,1.0,0.0,124.60024999999999,121.04049999999998,0.24758406,0.050218955499999995
1b932e373,8,9.75,0.7870274300833334,1.0,0.0,114.812875,85.693,0.2966243375,0.10054978337500001
1b9b55f0b,3,9.666666666666666,0.7738749945925926,1.0,0.0,128.15066666666667,119.016,0.46142164999999996,0.19447334333333333
1b9cedf4a,2,10.0,0.7721436129999999,1.0,0.0,207.99149999999997,207.99149999999997,0.21267106,0.103010132
1ba11aaaa,3,9.666666666666666,0.7813868840370372,1.0,0.0,77.80533333333334,83.94800000000001,0.29744867999999997,0.211319055
1ba29c00b,3,8.333333333333334,0.7651783206666667,0.6666666666666666,0.0,32.779999999999994,26.360999999999997,0.48102782,0.11972941933333332
1ba488d80,3,10.0,0.8004825543333333,1.0,0.0,24.074333333333332,25.017,0.4030465566666666,0.11085636666666666
1ba69dec6,5,7.0,0.7781951479666667,1.0,0.0,145.25,142.082,0.20456100200000002,0.055248211199999994
1baea0d16,2,10.0,0.826079965,1.0,0.0,188.405,188.405,0.44450091,0.18786854
1bb0600a7,4,9.25,0.7450714146597222,1.0,0.0,158.48324999999997,158.63,0.21081769,0.063342893
1bb6183eb,2,10.0,0.8710309665,1.0,0.0,146.00349999999997,146.00349999999997,0.157650558,0.104082965
1bbadc050,1,10.0,0.795439535,1.0,0.0,17.484,17.484,0.31511423,0.19755454
1bbb46822,1,10.0,0.8653225929999999,1.0,0.0,227.277,227.277,0.5290632,0.18459351
1bbf00182,4,8.75,0.7856758711944445,1.0,0.0,188.60975000000002,193.477,0.2030863125,0.10765723775000001
1bc97732e,6,10.0,0.7857742348333333,1.0,0.0,123.88683333333331,113.0155,0.33808900166666667,0.13774760933333333
1bc9bf272,2,9.5,0.7749439385,1.0,0.0,67.21549999999999,67.21549999999999,0.11734916749999999,0.065811557
1bd13d3e5,2,9.5,0.7742280326666666,1.0,0.0,115.15349999999998,115.15349999999998,0.16345575499999998,0.0280523755
1bd200942,5,9.0,0.7541476005888889,1.0,0.0,103.207,154.153,0.263765286,0.179379118
1be1868fd,1,10.0,0.758845985,1.0,0.0,17.924999999999997,17.924999999999997,0.3022681,0.07603686
1be58123d,1,10.0,0.7070181019999999,1.0,0.0,161.512,161.512,0.28122693,0.2124372
1bec8eb5e,15,9.866666666666667,0.7727630981166667,0.8666666666666667,0.0,76.31053333333332,51.488,0.34498914666666664,0.14361016586
1bf044649,1,10.0,0.8324615959999999,1.0,0.0,192.267,192.267,0.23976815,0.093459986
1bf4a2ca7,6,10.0,0.8438022708333333,1.0,0.0,189.71966666666665,198.5885,0.381075325,0.07439467208333334
1bff3e46f,7,9.285714285714286,0.7564684460702947,1.0,0.0,100.93128571428572,115.64500000000001,0.23467542371428568,0.11454370414285715
1c07c6ee5,1,8.0,0.7954000237500001,1.0,0.0,195.27599999999998,195.27599999999998,0.1714488,0.064169265
1c107ce2b,4,9.5,0.7694648203125,1.0,0.0,100.291,101.7635,0.2587041825,0.10247052375
1c16e813b,1,10.0,0.809984554,1.0,0.0,83.63,83.63,0.19125901,0.17811307
1c28dc555,7,9.714285714285714,0.7573029185555554,1.0,0.0,132.16257142857143,151.441,0.3764858914285715,0.09623560071428572
1c2d419ac,3,9.333333333333334,0.7645181531481482,1.0,0.0,117.66966666666667,116.66499999999999,0.27171154666666664,0.11538906216666667
1c2dfa92d,3,10.0,0.7668702936666666,1.0,0.0,233.59366666666665,235.434,0.29095118000000003,0.109954908
1c2f669f2,3,9.0,0.747028262425926,1.0,0.0,80.75233333333334,81.69999999999999,0.24783155666666667,0.06534597533333333
1c3793826,11,8.090909090909092,0.7707835443535355,1.0,0.0,185.93145454545453,195.83099999999996,0.2550644927272727,0.10438936590909091
1c3f75c04,1,8.0,0.76250931625,1.0,0.0,16.174,16.174,0.42686042,0.3012414
1c4afcc03,1,8.0,0.79039603625,1.0,0.0,241.68599999999998,241.68599999999998,0.3418985,0.4154049
1c4f5efa8,9,8.555555555555555,0.758391878511023,1.0,0.0,174.04122222222222,191.435,0.43134744444444445,0.12289324966666666
1c59513dd,1,10.0,0.820037677,1.0,0.0,22.555,22.555,0.2903021,0.09166467
1c59cecac,10,7.3,0.7348641686059524,1.0,0.0,148.1341,154.71699999999998,0.182914525,0.0642646544
1c6aa4b33,8,10.0,0.794408674625,1.0,0.0,111.66562499999999,102.43350000000001,0.2008753525,0.05406158825
1c6e35149,2,8.5,0.7751298030555556,1.0,0.0,120.26849999999999,120.26849999999999,0.1413244075,0.04340585500000001
1c723cf91,1,9.0,0.7907801622222222,1.0,0.0,154.87399999999997,154.87399999999997,0.3207837,0.24271592
1c74d62ed,2,7.0,0.752094255625,0.5,0.0,118.44399999999999,118.44399999999999,0.19554005000000002,0.16285119
1c7619fdc,6,8.5,0.7485067947777778,1.0,0.0,42.99033333333333,38.445499999999996,0.208730375,0.16106416166666668
1c7a27088,2,10.0,0.8209908859999999,1.0,0.0,173.65349999999998,173.65349999999998,0.17517085,0.170597475
1c8a8385e,1,10.0,0.762450271,1.0,0.0,25.369999999999997,25.369999999999997,0.2898404,0.070486695
1c8ab73ca,8,8.125,0.7922664300381944,0.875,0.0,172.46474999999998,175.8245,0.2931486725,0.118167381875
1c92ce464,8,10.0,0.81496682825,1.0,0.0,30.96175,21.183999999999997,0.5011903875,0.2554088625
1c967561d,5,9.6,0.7712293766222222,1.0,0.0,147.0778,126.05199999999999,0.24284732999999997,0.0584331808
1c9a2baf6,1,10.0,0.8122297740000001,1.0,0.0,54.305,54.305,0.36818302,0.08791092
1ca147dd8,2,5.5,0.8079727590000001,1.0,0.0,102.5575,102.5575,0.13404999,0.1133495625
1ca9db40b,1,10.0,0.752629116,1.0,0.0,117.842,117.842,0.30187625,0.054370448
1cac8717d,1,9.0,0.8375254922222222,1.0,0.0,119.809,119.809,0.18170525,0.06520016
1caf9686d,5,9.8,0.7654367489111111,1.0,0.0,57.740199999999994,53.233000000000004,0.355862916,0.0352118154
1cbaa3e59,1,10.0,0.7485863540000001,1.0,0.0,120.217,120.217,0.42001042,0.15629558
1cbe873e7,4,10.0,0.794644051,1.0,0.0,111.4205,104.00200000000001,0.2099888825,0.117559235
1cc20af0a,2,6.5,0.7033428749999999,1.0,0.0,22.761499999999998,22.761499999999998,0.13548133,0.0667664745
1cc66d907,3,8.0,0.7113376546957673,1.0,0.0,121.30699999999997,83.854,0.3345833166666667,0.110075121
1cccac540,3,8.333333333333334,0.7826775596825396,1.0,0.0,71.33866666666667,78.327,0.40324409,0.18584720666666668
1ccd49ce2,2,9.5,0.7858875791666666,1.0,0.0,64.653,64.653,0.38360854,0.15522254000000002
1cce33a82,1,10.0,0.7520931999999999,1.0,0.0,151.191,151.191,0.28777805,0.022695852
1cd970978,2,10.0,0.8110860209999999,1.0,0.0,39.659,39.659,0.23902397000000003,0.0541022565
1ce065496,5,9.0,0.7340377303833334,1.0,0.0,103.29799999999997,87.53399999999999,0.245638048,0.12807839
1ce681aa7,6,9.166666666666666,0.7764013886574075,1.0,0.0,130.07233333333332,158.0115,0.29080128499999996,0.11628115066666667
1cea0ad08,5,8.4,0.7481171518571428,1.0,0.0,92.3988,54.532,0.22975070400000003,0.0657587256
1cf66aed4,3,9.0,0.7324783333333333,1.0,0.0,220.52866666666668,231.49099999999999,0.2508149966666667,0.11759782666666667
1cfc647dc,4,10.0,0.81423956325,1.0,0.0,20.85625,20.938,0.549007435,0.145161295
1d03b6d7c,1,10.0,0.7089047970000001,1.0,0.0,55.043,55.043,0.36006945,0.041804254
1d0a5c20a,1,10.0,0.7580567119999999,1.0,0.0,198.135,198.135,0.18220618,0.020725664
1d1c1d51d,2,7.5,0.7694739255,1.0,0.0,175.3465,175.3465,0.317561115,0.0785218
1d20ba693,1,9.0,0.7520536322222222,1.0,0.0,116.91199999999999,116.91199999999999,0.09817249,0.025795478
1d2a7f0dd,5,9.8,0.7918536207111112,1.0,0.0,108.03479999999999,123.895,0.246940888,0.143080123
1d30559d8,5,8.8,0.7278282448015873,1.0,0.0,151.11219999999997,199.562,0.20174507200000003,0.0749521544
1d48855c5,1,10.0,0.7511365289999999,1.0,0.0,201.15699999999998,201.15699999999998,0.32105088,0.21055189
1d4940497,2,9.5,0.791370639111111,1.0,0.0,101.6515,101.6515,0.25226585,0.096939183
1d4adbcc2,1,10.0,0.742093629,1.0,0.0,197.06599999999997,197.06599999999997,0.14566147,0.06321426
1d5870131,3,10.0,0.77325169,1.0,0.0,73.64033333333333,83.689,0.18237215333333334,0.06599818
1d5a59ca9,7,8.714285714285714,0.7731396120595238,1.0,0.0,113.74842857142858,118.836,0.3263971057142857,0.04694604028571429
1d5be4060,3,10.0,0.8814107016666667,1.0,0.0,171.74699999999999,160.43099999999998,0.18425973333333334,0.15111232
1d6149d17,1,10.0,0.743412776,1.0,0.0,77.957,77.957,0.30033675,0.14697865
1d669183f,1,8.0,0.695124825,1.0,0.0,157.648,157.648,0.128932,0.07016703
1d6a1b32c,1,10.0,0.7682184569999999,1.0,0.0,120.02600000000001,120.02600000000001,0.24338004,0.029032258
1d72ec242,7,9.285714285714286,0.7654569574007937,1.0,0.0,161.04999999999998,156.32799999999997,0.18903300085714284,0.10762563714285714
1d777bbcd,11,9.636363636363637,0.7881196311363635,1.0,0.0,79.26590909090909,57.153000000000006,0.23354734181818182,0.09754266327272726
1d7e844a7,1,6.0,0.7958059949999999,1.0,0.0,48.626,48.626,0.13847974,0.20356388
1d911bffb,3,9.333333333333334,0.7803610905833334,1.0,0.0,55.33566666666667,54.17399999999999,0.22125631333333332,0.07474818633333333
1d9604897,3,10.0,0.7873683173333333,1.0,0.0,206.09900000000002,195.656,0.35889441,0.04791588933333333
1d9c36e47,3,9.333333333333334,0.8049334954444444,1.0,0.0,122.15366666666665,123.42599999999999,0.22007104,0.043432977000000005
1da3eb996,5,8.6,0.7854706560555555,1.0,0.0,89.2354,80.362,0.22395996,0.1090226164
1db76bd72,5,8.8,0.7417346436722223,1.0,0.0,152.3448,149.868,0.35607858000000003,0.0404989216
1dbcdd322,2,10.0,0.7742483375,1.0,0.0,195.177,195.177,0.24386628000000002,0.088284617
1dc8f0fd4,7,9.714285714285714,0.7789478707142857,1.0,0.0,90.77214285714285,55.842999999999996,0.3622880671428571,0.14617709357142858
1dc90fbb8,2,10.0,0.765535601,1.0,0.0,186.949,186.949,0.203500825,0.22937241
1dcb1fe2f,6,9.833333333333334,0.7856581596111112,1.0,0.0,109.84666666666665,91.65449999999998,0.48314013,0.22079360916666665
1dcd8bc8a,4,9.0,0.78958992875,1.0,0.0,87.10524999999998,88.48249999999999,0.274583595,0.02630120925
1ddc14ad6,5,10.0,0.8512824008,1.0,0.0,105.32059999999998,118.315,0.27941308400000003,0.09425945179999999
1dff1959b,3,8.666666666666666,0.772486042,1.0,0.0,191.44233333333332,191.254,0.10990438000000001,0.06673060066666667
1e115d8ff,9,9.777777777777779,0.7607572319166667,1.0,0.0,165.4482222222222,195.983,0.2532150633333333,0.06180092833333333
1e140177f,1,7.0,0.7689318614285715,1.0,0.0,192.76,192.76,0.22331904,0.12787043
1e1727250,10,9.7,0.7430052184472222,1.0,0.0,48.4338,27.676499999999997,0.4213114426,0.21236634950000002
1e1e7c4ec,4,9.5,0.8050774380625,1.0,0.0,86.8925,54.20349999999999,0.2068815775,0.14138736925
1e2cca514,1,7.0,0.790331552857143,1.0,0.0,155.054,155.054,0.12050033,0.121488035
1e34e1ebe,1,10.0,0.7945382,1.0,0.0,52.219,52.219,0.16513748,0.023815231
1e45f7387,3,9.666666666666666,0.750725927,1.0,0.0,131.44166666666666,123.29899999999999,0.25638658333333336,0.0472841565
1e4b7018a,5,9.0,0.7528187865555556,1.0,0.0,23.1804,24.103,0.45938227600000003,0.0955351212
1e5aeb31d,2,9.5,0.7982483837222223,1.0,0.0,108.5055,108.5055,0.12279429,0.0820759625
1e62e6022,5,8.6,0.7777411789,1.0,0.0,111.4674,119.09699999999998,0.335862456,0.1332466202
1e7159da4,5,9.8,0.7431412712444445,1.0,0.0,108.8212,87.59,0.32822199799999996,0.0504277328
1e72112bc,1,10.0,0.836436286,1.0,0.0,55.67999999999999,55.67999999999999,0.21004134,0.10864942
1e750bb89,1,10.0,0.734852689,1.0,0.0,84.00399999999999,84.00399999999999,0.18369709,0.104399614
1e753137d,1,10.0,0.8769025449999999,1.0,0.0,82.112,82.112,0.15262774,0.045354687
1e7a3b766,3,10.0,0.7856129063333332,1.0,0.0,143.28966666666668,153.514,0.14163635,0.024170682
1e7e220d7,10,8.9,0.7344185631222222,1.0,0.0,158.0792,185.877,0.226695889,0.08257178979999999
1e8187711,1,9.0,0.8205581277777778,1.0,0.0,195.594,195.594,0.23950861,0.02471384
1e83794bd,5,8.8,0.749436634934127,1.0,0.0,142.29539999999997,89.79399999999998,0.187724208,0.1039889004
1e85c2b18,2,10.0,0.7785282265,1.0,0.0,64.4055,64.4055,0.272253965,0.09361064499999999
1e87e4110,5,8.6,0.76194012965,1.0,0.0,162.7066,195.23499999999999,0.36600300799999996,0.12294329574
1e8b70d35,4,9.5,0.8000816349375,1.0,0.0,142.44025,140.49,0.2333805325,0.1504726
1e8d8e53e,1,10.0,0.732361067,1.0,0.0,43.842999999999996,43.842999999999996,0.4382091,0.13515624
1eb6e3ae1,1,10.0,0.747745286,1.0,0.0,155.81799999999998,155.81799999999998,0.34618062,0.064093344
1eb7eb47a,2,10.0,0.7789351330000001,1.0,0.0,119.01899999999999,119.01899999999999,0.31682160000000004,0.108399305
1eb8a0278,3,10.0,0.8277017963333333,1.0,0.0,128.659,151.91699999999997,0.3048122833333334,0.18066528333333332
1eb9e42bd,3,7.666666666666667,0.8056428045833334,1.0,0.0,64.62766666666666,50.967999999999996,0.24599341333333336,0.11939583266666666
1ec7dc903,2,10.0,0.7217019115000001,1.0,0.0,156.4535,156.4535,0.24373409,0.038536865
1ed0c2a41,26,8.807692307692308,0.7620813306163003,1.0,0.0,89.07642307692308,50.084,0.4162632803846154,0.16158917503846154
1ee56e81a,11,9.0,0.7935885639090909,1.0,0.0,71.92572727272727,84.67099999999999,0.24585359054545455,0.13921065872727273
1eeb4ea81,3,7.0,0.7699861278201059,1.0,0.0,115.70966666666668,118.452,0.18083666466666667,0.16296682133333334
1eeb50e8f,5,8.2,0.7724875885555555,1.0,0.0,86.33840000000001,83.36999999999999,0.1701375632,0.0876690946
1ef0bf320,3,8.0,0.7432510048015873,1.0,0.0,152.21,152.267,0.34659392666666666,0.24055993
1ef39cee1,8,9.0,0.78325365609375,0.875,0.0,69.651625,20.4925,0.43760775249999995,0.1853954505
1ef3f5030,1,10.0,0.768731149,1.0,0.0,196.40699999999998,196.40699999999998,0.31396413,0.07787027
1ef4df30d,2,8.0,0.7571991953968253,1.0,0.0,81.284,81.284,0.13605482,0.072667362
1ef5b1310,2,10.0,0.8476697025,1.0,0.0,142.226,142.226,0.15456237,0.09705981
1f0bb9d58,5,9.8,0.8021456164666667,1.0,0.0,98.14559999999999,83.93799999999999,0.235139224,0.102393336
1f25222ce,4,7.75,0.7368775692361111,1.0,0.0,137.49925,137.42649999999998,0.2936172475,0.2046735325
1f2573b47,1,10.0,0.851913785,1.0,0.0,114.68699999999998,114.68699999999998,0.29467088,0.43513754
1f2c63312,2,9.0,0.754225758625,1.0,0.0,117.451,117.451,0.198289135,0.092767695
1f33216f7,1,8.0,0.753452365,1.0,0.0,55.868,55.868,0.15445139,0.07015504
1f3e595eb,1,7.0,0.80597534,1.0,0.0,49.32,49.32,0.11834654,0.03668185
1f470d9f4,8,10.0,0.760702486875,1.0,0.0,116.41324999999999,116.04149999999998,0.25079597375,0.123451438875
1f4871c30,3,8.333333333333334,0.7454878612023809,1.0,0.0,120.17899999999999,120.23499999999999,0.20465111,0.09881837666666667
1f4a53e6c,1,10.0,0.772269316,1.0,0.0,155.201,155.201,0.34357673,0.06740343
1f58a286e,1,10.0,0.737316015,1.0,0.0,82.121,82.121,0.40426216,0.107093304
1f64d3191,2,10.0,0.7843305814999999,1.0,0.0,136.71249999999998,136.71249999999998,0.20040244000000002,0.05794194750000001
1f6dc1747,20,9.35,0.7420121943263889,1.0,0.0,120.5346,115.966,0.22950955894999997,0.055703328350000005
1f6fe20fc,5,9.6,0.7593151288666666,1.0,0.0,94.1544,80.288,0.319753464,0.12381200020000001
1f70f8112,3,10.0,0.7393683163333334,1.0,0.0,118.33699999999999,118.18299999999999,0.1913428633333333,0.02942536533333333
1f72d4b56,3,10.0,0.7924949946666667,1.0,0.0,39.834666666666664,46.205999999999996,0.22588197333333335,0.092633888
1f7363767,1,10.0,0.7771738160000001,1.0,0.0,50.474,50.474,0.19681618,0.091311134
1f7bf1b32,1,10.0,0.7931339879999999,1.0,0.0,117.364,117.364,0.072990306,0.06260323
1f7c7c248,1,10.0,0.705102577,1.0,0.0,198.15299999999996,198.15299999999996,0.20412269,0.21782865
1f82b8bf0,3,10.0,0.8211717743333334,1.0,0.0,202.27733333333333,224.32,0.39026464666666666,0.09371451333333332
1f949d065,5,7.6,0.7408323850380952,1.0,0.0,106.13900000000001,116.8,0.249755671,0.1140825496
1f983f20b,5,9.8,0.7472964775333334,1.0,0.0,113.205,116.84599999999998,0.19487805519999998,0.094641002
1f9a15807,6,9.333333333333334,0.788830114574074,1.0,0.0,85.19066666666667,84.658,0.16621787666666665,0.068530248
1f9b856e0,2,10.0,0.7465250640000001,1.0,0.0,24.008499999999998,24.008499999999998,0.24198868,0.11218059999999999
1faffda03,6,8.666666666666666,0.736854788263889,1.0,0.0,62.77533333333333,50.041,0.29468292,0.12216730133333333
1fb9fdf7f,1,10.0,0.804671937,1.0,0.0,50.967999999999996,50.967999999999996,0.19272588,0.0790378
1fba191e3,6,7.833333333333333,0.7775080243869047,0.8333333333333334,0.0,158.3825,165.0105,0.22583391083333335,0.050935401500000005
1fba9cbc9,4,9.0,0.8056455093333332,1.0,0.0,82.24825,80.957,0.25383381250000003,0.0700356055
1fbf04fab,2,8.5,0.8176123837857143,1.0,0.0,65.17349999999999,65.17349999999999,0.283417275,0.0396208075
1fc6f94cc,1,9.0,0.7388039666666667,1.0,0.0,22.163999999999998,22.163999999999998,0.48193848,0.06133283
1fce53107,1,10.0,0.750983188,1.0,0.0,114.83099999999999,114.83099999999999,0.1115808,0.008596209
1fd056050,5,9.0,0.7705604659499999,1.0,0.0,146.3104,118.38099999999999,0.325273804,0.1404092952
1fd1d2349,2,10.0,0.8157025554999999,1.0,0.0,178.5015,178.5015,0.11312333,0.047625968500000004
1fd2f589f,3,10.0,0.760214788,1.0,0.0,105.455,81.517,0.2855855333333333,0.101239077
1fd342e17,2,10.0,0.8174129535,1.0,0.0,158.9155,158.9155,0.288007225,0.195958287
1fd464902,4,9.5,0.78332169475,1.0,0.0,113.57974999999999,86.548,0.2921055425,0.090556181
1fdf2880b,2,8.5,0.6905601804285715,1.0,0.0,244.635,244.635,0.20676105,0.029266389999999996
1fe400328,2,10.0,0.7795814135,1.0,0.0,84.191,84.191,0.379384755,0.100500485
1fecd2bab,4,7.5,0.7456649456944444,1.0,0.0,140.81075,138.997,0.2086419675,0.13148486
1ff9cda01,2,10.0,0.7591710215,1.0,0.0,135.83849999999998,135.83849999999998,0.21953612500000003,0.07118877500000001
1ffb40e20,1,8.0,0.7716191575,1.0,0.0,193.793,193.793,0.20288104,0.15291494
1ffe668f9,12,8.583333333333334,0.713583017324074,1.0,0.0,85.66341666666666,64.99549999999999,0.27034084333333336,0.09406176249999999
200a0df49,3,8.666666666666666,0.7253046858888889,1.0,0.0,42.083999999999996,20.412999999999997,0.4679759766666667,0.10277624319999999
201aad926,1,7.0,0.7696970914285715,1.0,0.0,156.648,156.648,0.23306379,0.051288284
201ea7802,2,10.0,0.7837657505,1.0,0.0,37.122,37.122,0.20088832,0.18318592
2023404f9,3,8.0,0.7405247438571428,1.0,0.0,110.05966666666666,120.004,0.28108108000000004,0.09668067733333334
203e2bd3c,13,9.923076923076923,0.797009366042735,1.0,0.0,103.64715384615384,117.947,0.27649269538461535,0.10000933761538462
204a3b926,8,8.125,0.737196179672123,1.0,0.0,43.6865,36.128,0.32323330625,0.0580816025
204ca9f14,1,10.0,0.8071717919999999,1.0,0.0,80.88199999999999,80.88199999999999,0.2632645,0.12209688
20559d623,4,8.75,0.7301855403214286,1.0,0.0,160.74949999999998,164.34949999999998,0.1824669625,0.0796872625
206db8d8d,3,9.666666666666666,0.7424596747037038,1.0,0.0,157.269,162.13,0.22818522666666666,0.06972258666666667
207298884,3,8.666666666666666,0.7849038114021164,1.0,0.0,148.88833333333332,196.37,0.21981331666666667,0.10056207933333333
207c24fd3,4,10.0,0.790727183,1.0,0.0,107.6445,116.716,0.3188565175,0.08248055575
207c30391,6,9.5,0.7922373400555555,1.0,0.0,151.15733333333333,156.5255,0.39322638833333334,0.127884534
207d61997,8,10.0,0.78921186225,1.0,0.0,71.2705,68.7195,0.20429955625000001,0.0682340445
20845a37b,1,10.0,0.924787699,1.0,0.0,109.91399999999999,109.91399999999999,0.29402792,0.18912591
208843e22,5,9.4,0.7680024024388888,1.0,0.0,128.88439999999997,84.891,0.30448888199999996,0.10326342740000001
2099c09a0,4,9.25,0.76741018425,1.0,0.0,88.054,84.205,0.12070657750000001,0.0734182545
209e4f717,4,8.75,0.7656170765267858,1.0,0.0,140.50549999999998,121.66,0.264800935,0.037422128250000006
20b7e24b2,1,7.0,0.84107203,1.0,0.0,115.19800000000001,115.19800000000001,0.15151417,0.015803274
20ba919c6,9,10.0,0.7760603444444444,1.0,0.0,135.48166666666668,141.897,0.19653916999999999,0.10297102466666667
20bf4bf39,5,7.6,0.7585078281833333,0.8,0.0,68.33959999999999,49.713,0.340960972,0.1777488752
20c3c2ba7,3,10.0,0.7499569266666667,1.0,0.0,206.68500000000003,196.865,0.5805326833333333,0.21112508666666666
20cb13be9,12,9.833333333333334,0.7999263708958333,1.0,0.0,138.67399999999998,153.0075,0.192557693,0.06773960358333334
20d4ea30e,3,10.0,0.7877148516666667,1.0,0.0,85.31333333333333,54.396,0.36453976,0.15418512833333334
20e46cb8d,5,8.8,0.7351768077611112,1.0,0.0,178.0332,194.826,0.350373976,0.177839556
20e4dbf48,2,9.0,0.76773613925,1.0,0.0,87.74599999999998,87.74599999999998,0.273920905,0.140869245
20e75472d,3,8.333333333333334,0.7709355320833332,1.0,0.0,67.295,24.598,0.2629001933333333,0.11320327766666666
20f05426f,4,10.0,0.7400902807499999,1.0,0.0,136.67725,138.8835,0.2425763225,0.07437881325
20f870155,7,8.714285714285714,0.7877645156876418,1.0,0.0,83.17414285714287,83.94800000000001,0.26557645571428573,0.10580089242857142
20fc75f2c,7,9.285714285714286,0.7807182669342403,1.0,0.0,100.898,82.227,0.1695858685714286,0.03507209577142857
2105b697d,1,9.0,0.7729061555555555,1.0,0.0,78.19899999999998,78.19899999999998,0.26007643,0.07093306
210b8d077,2,10.0,0.847383708,1.0,0.0,20.405499999999996,20.405499999999996,0.429146885,0.10252734499999999
21178f3b0,4,10.0,0.7721537615,1.0,0.0,121.38399999999999,125.75099999999999,0.2345648,0.0678494365
21206933c,18,9.5,0.7844640063194445,1.0,0.0,126.20177777777778,120.4275,0.27430293722222227,0.06229043827777778
212157776,4,10.0,0.8213417335000001,1.0,0.0,20.30425,20.3505,0.6044127175,0.37902450499999996
213cf987d,2,10.0,0.901530393,1.0,0.0,66.0715,66.0715,0.23791627999999998,0.048994104
21415ffb9,5,9.2,0.7184038725388888,1.0,0.0,140.5734,125.74,0.379370886,0.17068237979999998
2148c2ef6,4,10.0,0.76445221575,1.0,0.0,186.13174999999998,211.71749999999997,0.26881375,0.098220241
214dbc1f4,2,10.0,0.8036534320000001,1.0,0.0,120.119,120.119,0.18382147,0.161929585
215345b52,8,8.75,0.7805429046388889,1.0,0.0,87.96175,83.52199999999999,0.4206874175,0.1703607545
215903d75,3,9.333333333333334,0.7465255382500001,1.0,0.0,39.67466666666667,47.02799999999999,0.30657243666666667,0.14936894333333334
215f9a760,1,10.0,0.725532247,1.0,0.0,233.98799999999997,233.98799999999997,0.25444058,0.029656608
2160f2109,4,8.5,0.7726530673412698,1.0,0.0,138.13825,136.691,0.1624264325,0.06507493824999999
216840542,6,9.166666666666666,0.7655806538472222,1.0,0.0,140.9428333333333,138.96749999999997,0.3321754,0.174494487
2177b28d2,3,9.333333333333334,0.7841860661666665,1.0,0.0,145.24099999999999,121.25899999999999,0.24491485000000002,0.08798734266666668
217fcf5f1,1,10.0,0.8331514720000002,1.0,0.0,69.525,69.525,0.08439084,0.0013007284
21847129b,1,10.0,0.772618335,1.0,0.0,51.849000000000004,51.849000000000004,0.32240078,0.14635836
218f8bb3a,2,10.0,0.7738409175000001,1.0,0.0,20.5925,20.5925,0.74666717,0.18531329000000002
21958b8f8,5,8.2,0.7825903891746031,1.0,0.0,105.7132,85.005,0.164350424,0.0468005758
2196b0156,7,10.0,0.7758912864285714,1.0,0.0,160.16657142857142,193.148,0.2757574328571429,0.12654206742857144
219bf9c22,1,10.0,0.751757337,1.0,0.0,119.72099999999999,119.72099999999999,0.1749515,0.05341404
21a1b528f,5,10.0,0.773888949,1.0,0.0,185.184,188.33599999999998,0.3747622,0.08068263719999999
21a56b530,3,10.0,0.8672988916666666,1.0,0.0,107.962,119.57000000000001,0.27960182333333333,0.10385420533333334
21a7f4896,1,10.0,0.730584793,1.0,0.0,52.947,52.947,0.10413009,0.0393056
21ae91701,4,6.5,0.7778834334613095,1.0,0.0,76.85425,68.3845,0.38611768,0.11242042
21b5e3d22,3,10.0,0.7420083043333334,1.0,0.0,92.38866666666667,81.555,0.31744637000000003,0.060099848000000004
21b90ff68,2,9.5,0.7727347227222222,1.0,0.0,123.69449999999999,123.69449999999999,0.18257969000000002,0.0966195175
21bebd773,5,8.8,0.7773525688722221,1.0,0.0,141.85899999999998,155.941,0.294542772,0.1095907036
21c281e66,1,10.0,0.8174683089999999,1.0,0.0,20.957,20.957,0.5376656,0.21417725
21c3157e8,2,10.0,0.7514824405,1.0,0.0,154.45299999999997,154.45299999999997,0.149390005,0.034306712
21c8d5f0e,13,9.153846153846153,0.7370306613760683,1.0,0.0,166.9636923076923,194.067,0.3196618923076923,0.07368349692307692
21cc6a743,5,6.6,0.7852517758571429,0.6,0.0,104.87339999999999,84.99600000000001,0.187625822,0.1193478928
21d79f603,1,10.0,0.755872801,1.0,0.0,19.145999999999997,19.145999999999997,0.11412953,0.12337878
21d8f0d2f,3,8.333333333333334,0.7474288661666666,1.0,0.0,167.053,191.435,0.19773295999999999,0.06459009233333333
21e4ca7d1,2,6.5,0.7779332382142856,1.0,0.0,117.6485,117.6485,0.121371435,0.08452844100000001
21f4a6abf,4,9.75,0.7289269490555556,1.0,0.0,197.21524999999997,197.3755,0.324942745,0.04046488525
21f945788,3,9.666666666666666,0.6851679417777777,1.0,0.0,167.053,155.495,0.13899002000000002,0.07694073
21fc38738,14,9.285714285714286,0.7546250023412698,1.0,0.0,67.26328571428571,49.699,0.27501549285714283,0.07513123664285715
2204729ca,1,9.0,0.7975105955555555,1.0,0.0,50.701,50.701,0.32262707,0.09061741
220d4394a,2,9.0,0.7807656025,1.0,0.0,181.23649999999998,181.23649999999998,0.17731349,0.13307723999999999
220e9aa26,4,9.5,0.759761348375,1.0,0.0,71.88199999999999,38.046499999999995,0.2790814375,0.1255450135
221331819,6,9.0,0.7199888664120371,1.0,0.0,170.31483333333333,159.4145,0.22449503333333332,0.08823433166666667
22145fe75,2,9.0,0.76496990525,1.0,0.0,208.9715,208.9715,0.245364125,0.139858285
221cc9a2b,2,8.5,0.7844830042142857,1.0,0.0,121.311,121.311,0.20403472,0.140280135
22230a3ea,1,10.0,0.8227077250000001,1.0,0.0,116.539,116.539,0.13613133,0.20019025
222afe2dd,3,7.333333333333333,0.7792555064444445,1.0,0.0,18.516333333333332,17.886,0.39813512,0.34886120333333337
2259cf6f8,6,8.333333333333334,0.7680370699305556,1.0,0.0,120.88983333333333,114.5975,0.15589363,0.09571735316666667
2262be7e9,5,8.8,0.7834197073,1.0,0.0,83.5752,116.97899999999998,0.35582944,0.1592487712
226e8fe7c,1,9.0,0.7613368722222221,1.0,0.0,231.97199999999998,231.97199999999998,0.46705037,0.08207464
227580301,2,5.5,0.6511854791666667,0.5,0.0,88.06899999999999,88.06899999999999,0.30601109,0.0395298125
227bfa6b8,4,7.5,0.7384254137569444,1.0,0.0,119.10600000000001,118.20500000000001,0.26413479500000003,0.0524415785
228117dca,11,9.909090909090908,0.7972816115252525,1.0,0.0,75.62790909090909,24.978999999999996,0.24994079545454542,0.10389993318181819
2288c4fc6,1,8.0,0.76945753375,1.0,0.0,120.156,120.156,0.2205804,0.09393148
228d72748,5,7.4,0.7207577337166666,1.0,0.0,116.77940000000001,118.43299999999999,0.20398336,0.12121931999999999
22987c7fb,6,9.833333333333334,0.7624254393518518,1.0,0.0,125.35700000000001,118.381,0.21990242666666668,0.0632406945
22992ecd0,5,8.2,0.7564444021,1.0,0.0,153.1198,180.023,0.1510261708,0.0614714168
229beedff,2,9.0,0.755345294375,1.0,0.0,69.592,69.592,0.31829086500000003,0.11106822799999999
22a0baf52,3,9.333333333333334,0.747108974,1.0,0.0,117.66166666666668,115.944,0.15868461666666667,0.07620805666666666
22abde55b,2,9.0,0.7366238095,1.0,0.0,84.607,84.607,0.29957631,0.09470046
22bc76cf6,2,10.0,0.6953224195,0.5,0.0,198.7065,198.7065,0.17399402000000003,0.198743793
22c2f101e,7,9.285714285714286,0.7549827278769842,1.0,0.0,122.45671428571427,120.527,0.10959626685714285,0.05360380271428571
22cf2902d,1,10.0,0.7699074359999999,1.0,0.0,90.10699999999999,90.10699999999999,0.12549268,0.0031966756
22d381889,1,10.0,0.7605849119999999,1.0,0.0,155.07,155.07,0.16865751,0.061937984
22de1a590,1,10.0,0.737889772,1.0,0.0,245.185,245.185,0.51244,0.17507805
22e4974f2,6,9.5,0.7358626062380953,1.0,0.0,94.45949999999999,85.3795,0.23742829666666668,0.10684761391666668
230009c15,1,10.0,0.8074581350000001,1.0,0.0,193.071,193.071,0.1596172,0.09686091
2302acf06,4,9.25,0.7591672456428571,1.0,0.0,82.85575,77.152,0.22398808750000002,0.11250000199999999
230d5d85c,2,10.0,0.832939061,1.0,0.0,214.8755,214.8755,0.23114432499999998,0.048560529000000005
2318247fb,5,10.0,0.7809333452,1.0,0.0,107.117,86.92899999999999,0.24844347200000003,0.07845993679999999
231fe619a,2,7.5,0.7250206367857142,1.0,0.0,152.326,152.326,0.24068043500000003,0.0856709
232aee73d,3,9.0,0.770623095,1.0,0.0,96.04733333333333,115.45700000000001,0.14735088166666666,0.101590313
23367e78c,6,9.833333333333334,0.7777694594629629,1.0,0.0,37.955666666666666,26.656999999999996,0.4789420483333333,0.14449203416666667
23379775f,10,9.4,0.7694272755972221,1.0,0.0,58.314499999999995,52.559999999999995,0.276375722,0.0960544579
233aeb07c,4,8.0,0.7727062062361111,1.0,0.0,131.25549999999998,137.99349999999998,0.3200226925,0.12139787999999999
233ddf40c,2,10.0,0.7404045105,1.0,0.0,155.465,155.465,0.33315085,0.06291189650000001
234a5a54c,5,7.2,0.7752783460357143,1.0,0.0,71.8678,53.25,0.16460109,0.07524196899999999
234b2a6b6,5,8.6,0.7541124413055555,1.0,0.0,71.0162,22.185000000000002,0.17332469,0.08600655366000001
2352b7f0e,1,10.0,0.7891726109999999,1.0,0.0,48.431,48.431,0.22573017,0.04743323
235a61374,2,10.0,0.7541909975,1.0,0.0,220.64799999999997,220.64799999999997,0.24086138,0.033083745
237343008,3,10.0,0.7878506833333333,1.0,0.0,85.60166666666667,51.211,0.32278014000000005,0.04122386483333334
2374a1c12,5,9.2,0.7900487775333332,1.0,0.0,94.1768,118.945,0.256188788,0.0833541888
23874f644,2,10.0,0.7766854365,1.0,0.0,155.7375,155.7375,0.203171285,0.127114417
239326fd2,1,8.0,0.76312327625,1.0,0.0,241.331,241.331,0.39482495,0.055797733
23941ded4,1,9.0,0.7657757566666668,1.0,0.0,190.97899999999998,190.97899999999998,0.4571284,0.03924731
2398599fc,1,10.0,0.8499540940000001,1.0,0.0,200.51600000000002,200.51600000000002,0.3066283,0.13625304
23a1e62d8,1,10.0,0.8148521609999999,1.0,0.0,233.957,233.957,0.21743149,0.0780788
23b3f793e,2,9.5,0.7669232181666668,1.0,0.0,146.072,146.072,0.22406059,0.101460333
23b64fe21,8,10.0,0.828040789875,1.0,0.0,26.055749999999996,20.005499999999998,0.5724306675,0.17169326875000002
23baf0395,2,10.0,0.7511510054999999,1.0,0.0,78.79749999999999,78.79749999999999,0.207658515,0.14342799
23bf0ed46,3,10.0,0.7411180873333333,1.0,0.0,173.55133333333333,161.72899999999998,0.32532906666666667,0.17052254666666666
23c4874d8,2,10.0,0.7656559675000001,1.0,0.0,69.8755,69.8755,0.22025159,0.152774805
23c8c5957,5,6.8,0.7532151514785714,1.0,0.0,140.84779999999998,156.344,0.22675778200000002,0.175680376
23cdf5f21,4,8.75,0.7743867553660714,1.0,0.0,84.7465,87.15549999999999,0.34593945249999997,0.120041551
23ce26e85,4,8.25,0.7843672546666667,1.0,0.0,95.8475,85.81349999999999,0.17458331,0.0571873745
23e36bfd9,2,10.0,0.7697238989999999,1.0,0.0,118.0255,118.0255,0.35538727999999997,0.040105793
23e49bd2e,2,10.0,0.777844938,1.0,0.0,60.79899999999999,60.79899999999999,0.19147835000000002,0.0139303445
23ed3e349,4,9.25,0.7591667755694445,1.0,0.0,216.475,216.781,0.2791629175,0.105225059
23eddf1d8,1,10.0,0.7347071150000001,1.0,0.0,119.973,119.973,0.14301074,0.06462784
2401dd6df,5,10.0,0.78827775,1.0,0.0,114.2618,122.09899999999999,0.10318284200000001,0.017309122
2405c5660,1,10.0,0.829805666,1.0,0.0,80.934,80.934,0.4502645,0.09813794
240ddd506,2,10.0,0.8348680589999999,1.0,0.0,36.9005,36.9005,0.190533735,0.12802685
2416a2da1,1,8.0,0.7793697525000001,1.0,0.0,9.896999999999998,9.896999999999998,0.09700479,0.34382588
2418f7929,7,9.285714285714286,0.7641824095793651,1.0,0.0,96.41414285714286,83.473,0.21878870857142857,0.06774683078571428
241b90aaa,4,8.5,0.74342128575,1.0,0.0,85.314,50.596000000000004,0.27354257000000004,0.10924702
2430b50b4,2,8.5,0.7287258544285715,1.0,0.0,50.28,50.28,0.248226925,0.10722338000000001
24361123a,5,10.0,0.8187569888,1.0,0.0,126.3058,118.717,0.30287186,0.124222808
24379b58d,1,10.0,0.762602712,1.0,0.0,192.098,192.098,0.18716365,0.020001896
243f7f43e,1,10.0,0.7222329919999999,1.0,0.0,88.43299999999999,88.43299999999999,0.17232314,0.036593825
244144067,14,10.0,0.7728799272857143,1.0,0.0,122.03764285714286,116.136,0.20619399214285714,0.07493141114285715
24488c53a,4,10.0,0.82829703175,1.0,0.0,165.5575,155.2715,0.1570845525,0.02694675675
245434d5d,1,10.0,0.7234324999999999,1.0,0.0,155.878,155.878,0.14909986,0.008057636
2455effb8,6,8.333333333333334,0.7608532488703704,1.0,0.0,29.090333333333334,21.167499999999997,0.19476783266666664,0.09647300040000001
24573b56d,2,10.0,0.8003751044999999,1.0,0.0,195.12099999999998,195.12099999999998,0.17255057499999998,0.11129899
245b99f60,8,9.375,0.7581923833020834,1.0,0.0,48.2655,23.359499999999997,0.25789945375,0.09972007475
245bfe92f,2,10.0,0.7783637244999999,1.0,0.0,138.73499999999999,138.73499999999999,0.330581185,0.217276975
245d6e033,1,10.0,0.8407116800000001,1.0,0.0,23.686,23.686,0.47339678,0.34321886
2463e0981,1,10.0,0.789320696,1.0,0.0,87.229,87.229,0.11206329,0.019857705
2469e58fd,6,5.666666666666667,0.7379551511944444,0.8333333333333334,0.0,69.7465,49.20099999999999,0.19273373500000002,0.052433808
246c3850a,1,7.0,0.7338197485714286,1.0,0.0,157.586,157.586,0.19284928,0.07238395
24737dbd5,2,9.5,0.7571410456111112,1.0,0.0,76.0435,76.0435,0.279718555,0.07070122150000001
2485efd0a,1,8.0,0.71529475,1.0,0.0,52.925,52.925,0.12536465,0.1489618
24890da9b,13,8.0,0.7450414544587912,0.8461538461538461,0.07692307692307693,87.90853846153846,50.914,0.22359865346153845,0.12428098113076924
248c027cb,4,9.5,0.7256753559722222,1.0,0.0,97.01774999999999,89.385,0.23875294749999998,0.11888657275
248eca1fa,4,8.25,0.7691504445833333,1.0,0.0,47.618,39.353,0.2783975875,0.11152042875
249112486,1,9.0,0.7143072277777778,1.0,0.0,192.18999999999997,192.18999999999997,0.2092971,0.03758369
249540f2d,2,8.5,0.7569168041428571,1.0,0.0,53.598,53.598,0.2469842025,0.16575615999999999
24993107f,5,10.0,0.758551289,1.0,0.0,127.598,156.123,0.25545772,0.04960110920000001
24abd7725,1,10.0,0.8313598689999999,1.0,0.0,192.18999999999997,192.18999999999997,0.15443143,0.18769552
24af5742e,11,9.0,0.7609307008484848,1.0,0.0,94.68736363636363,51.074999999999996,0.2348793881818182,0.07773231821818181
24afd5f54,1,9.0,0.7609771066666666,1.0,0.0,54.229,54.229,0.15424608,0.10319112
24bbd04ce,5,9.0,0.751850160704762,1.0,0.0,173.7766,154.31599999999997,0.26453526,0.11060895479999999
24be8e826,1,7.0,0.7668524514285714,1.0,0.0,89.979,89.979,0.4662298,0.13110247
24c1d5a33,4,9.5,0.79001760425,1.0,0.0,37.24225,22.935499999999998,0.2462528625,0.12632082275
24d3b54ec,2,10.0,0.7749813965,1.0,0.0,67.41749999999999,67.41749999999999,0.28887865,0.07799724
24d9b76ae,5,8.8,0.8365073229333333,0.8,0.2,86.4446,87.41300000000001,0.22876997000000002,0.0881546384
24dfcc985,5,9.0,0.7571904952857144,1.0,0.0,173.207,195.84599999999998,0.278116574,0.0416047308
24e2a6ff5,1,10.0,0.762510931,1.0,0.0,189.55999999999997,189.55999999999997,0.10477719,0.03000347
24e2e049e,1,9.0,0.7032878311111112,1.0,0.0,17.892999999999997,17.892999999999997,0.5144656,0.2866837
24e800fa6,5,10.0,0.7881204558,1.0,0.0,90.2366,23.651999999999997,0.220596968,0.0851890378
24ee3b57d,4,10.0,0.7587316435,1.0,0.0,160.60725000000002,174.61350000000002,0.380189515,0.1205938495
24fee0cc4,2,9.0,0.784761007625,1.0,0.0,17.883499999999998,17.883499999999998,0.23485582,0.0832461665
252b8d395,1,10.0,0.7664403629999998,1.0,0.0,20.689999999999998,20.689999999999998,0.6476015,0.17134929
2533f425e,5,9.2,0.726363964552381,1.0,0.0,124.54319999999998,83.55099999999999,0.22564607399999997,0.10789516800000001
254c3305f,3,10.0,0.8055375406666666,1.0,0.0,84.843,82.173,0.20213534,0.077337875
254dd6ba7,16,9.8125,0.7687143229149306,1.0,0.0,123.8854375,138.2585,0.2980344625,0.118371704625
2560aee80,5,9.0,0.8095055365,1.0,0.0,152.503,192.849,0.283817598,0.10128338740000001
2562fec96,1,7.0,0.7684679442857144,1.0,0.0,156.84799999999998,156.84799999999998,0.18568291,0.012825496
2566ab3a5,2,10.0,0.79537777,1.0,0.0,21.954,21.954,0.6834039000000001,0.13061246999999998
256f40704,3,9.333333333333334,0.7550839297499999,1.0,0.0,73.382,80.699,0.29625636333333333,0.05494991633333333
25765058c,4,9.75,0.7079296354722222,1.0,0.0,73.3055,38.239,0.1708757475,0.10680364149999999
257a99aa2,4,9.75,0.7466649525277778,1.0,0.0,145.35199999999998,152.98049999999998,0.2233553125,0.055791841
258667857,4,9.5,0.7862461235,1.0,0.0,92.1305,91.53699999999999,0.32568656500000004,0.0587588905
2599e55c5,2,10.0,0.790045926,1.0,0.0,153.149,153.149,0.16138660500000002,0.0371048553
259b10a3e,1,10.0,0.719910276,1.0,0.0,24.864999999999995,24.864999999999995,0.2391462,0.171659
259dc7e9a,4,9.25,0.7683724342430556,1.0,0.0,17.002,16.872999999999998,0.40086337250000004,0.126488819
25c681109,5,9.6,0.7856560766999999,1.0,0.0,122.18819999999998,124.141,0.217937534,0.10766562500000001
25d4c7493,1,10.0,0.747367843,1.0,0.0,203.128,203.128,0.22650255,0.051855706
25e0e0edf,4,10.0,0.7968332534999999,1.0,0.0,86.59075,66.71549999999999,0.252806005,0.054464036
25f055b91,1,10.0,0.746174512,1.0,0.0,24.689999999999998,24.689999999999998,0.37027928,0.24843913
25f6db0fd,1,9.0,0.7490859511111112,1.0,0.0,116.184,116.184,0.098846,0.040667363
25fc96414,4,8.5,0.7735425392708334,1.0,0.0,103.20949999999999,115.591,0.30937325000000004,0.11758363150000001
25fce0465,4,9.75,0.7811746691944444,1.0,0.0,118.547,118.526,0.21110116,0.19114121
26161bad4,6,9.666666666666666,0.7516316869166667,1.0,0.0,152.36183333333332,159.257,0.2034436706666667,0.0761370185
2618aa6a2,5,10.0,0.8089902876,1.0,0.0,35.5646,27.377,0.314114784,0.15665249779999998
261a88440,1,10.0,0.772299785,1.0,0.0,15.875,15.875,0.7173184,0.23931997
261c4115b,6,8.166666666666666,0.7772443458710317,1.0,0.0,233.1208333333333,241.56699999999998,0.275209805,0.08780639533333334
2625dcb50,8,9.25,0.7432478385208333,1.0,0.0,40.4075,22.6235,0.36188294325000003,0.170256555625
2628915bb,1,9.0,0.7802414322222223,1.0,0.0,195.835,195.835,0.24697909,0.25530285
262d7f006,7,9.428571428571429,0.75544171325,1.0,0.0,98.98628571428571,84.728,0.33453624428571427,0.07399286557142858
2630db5dc,1,8.0,0.7851063175,1.0,0.0,150.08499999999998,150.08499999999998,0.12449569,0.09583117
26627b528,2,8.0,0.769794170625,1.0,0.0,198.164,198.164,0.32998021,0.097847513
26662f4f9,5,9.0,0.7677984791555555,1.0,0.0,106.3414,118.369,0.279553632,0.08941676080000001
266aee5b3,2,9.0,0.74977279,1.0,0.0,123.54599999999999,123.54599999999999,0.26657734,0.077103314
267162afd,12,9.5,0.7945062489722222,1.0,0.0,115.37825,117.898,0.24609568083333333,0.0684172575
267841852,1,8.0,0.69074004125,1.0,0.0,79.49999999999999,79.49999999999999,0.16078438,0.10483871
2683c99f1,4,8.0,0.7483738392708333,1.0,0.0,73.63475,38.747,0.1954420775,0.1172077895
2689341e7,2,5.5,0.7585446882142857,0.5,0.0,54.2195,54.2195,0.251109765,0.12067972
268cdb435,1,10.0,0.81419818,1.0,0.0,228.333,228.333,0.17131099,0.15417968
26901ccb0,4,9.25,0.7766354288680556,1.0,0.0,26.615,19.091,0.2052618375,0.08862338
26988350b,2,9.5,0.7695218196111111,1.0,0.0,17.8645,17.8645,0.35873595,0.25550642
269a6756f,5,10.0,0.864715944,1.0,0.0,41.172399999999996,23.782999999999998,0.283627772,0.237621458
269caf235,2,9.0,0.7708112527777777,1.0,0.0,122.5405,122.5405,0.16310705749999999,0.020049293500000002
269db95d5,1,10.0,0.7882684019999999,1.0,0.0,51.949999999999996,51.949999999999996,0.3025148,0.13440861
26a4d7052,11,9.636363636363637,0.7501524611136364,1.0,0.0,106.16890909090908,80.05999999999999,0.14416744636363638,0.05855114109090909
26a7ffaa7,2,9.5,0.797455173888889,1.0,0.0,169.777,169.777,0.29042617,0.057083825
26aa722e1,1,10.0,0.8030627990000001,1.0,0.0,84.422,84.422,0.555565,0.19007978
26bba34a6,1,10.0,0.7535834889999999,1.0,0.0,89.45599999999999,89.45599999999999,0.17277151,0.030158224
26cb1c2c0,2,10.0,0.7382033855,1.0,0.0,80.64349999999999,80.64349999999999,0.31615437,0.023213417
26cd1c2ee,3,9.666666666666666,0.7499304751851853,1.0,0.0,54.529333333333334,18.957,0.24638996333333332,0.14439773433333333
26ceb4ba8,8,8.375,0.7989782692916667,0.75,0.0,127.83587499999999,117.858,0.26361083625000004,0.10895926287499999
26d17afbd,1,10.0,0.8152647359999999,1.0,0.0,232.98199999999997,232.98199999999997,0.17731428,0.029507376
26e02fdeb,3,10.0,0.7516216996666666,1.0,0.0,166.36233333333334,157.23899999999998,0.2964143633333333,0.09356171133333334
26e7f93e8,7,9.571428571428571,0.741715410968254,1.0,0.0,115.4557142857143,120.11500000000001,0.3159982942857143,0.2173625957142857
26edfaa28,4,10.0,0.7587265015,1.0,0.0,95.30624999999999,84.13149999999999,0.2008850675,0.093828012
26fb642bb,3,10.0,0.754929012,1.0,0.0,141.21766666666667,157.91500000000002,0.13707693666666665,0.021389756666666666
27058d03f,1,10.0,0.6949425349999999,1.0,0.0,193.78099999999998,193.78099999999998,0.20976947,0.03202765
270bd311c,2,10.0,0.862403493,1.0,0.0,51.6275,51.6275,0.324706,0.13228408
27104e464,1,10.0,0.6865630620000001,1.0,0.0,20.135999999999996,20.135999999999996,0.19712918,0.04032258
2716a01b4,5,8.0,0.7625841898349206,1.0,0.0,122.60499999999999,84.0,0.1608719612,0.05132010099999999
271bb0de8,2,8.0,0.7883556518749999,1.0,0.0,66.389,66.389,0.36893744500000003,0.14463205
271ca0b0e,1,10.0,0.813843493,1.0,0.0,245.45799999999997,245.45799999999997,0.2735437,0.12608394
27226ea0c,1,10.0,0.7571265749999999,1.0,0.0,160.11999999999998,160.11999999999998,0.4229481,0.07492196
276ce7f3a,6,9.666666666666666,0.8197689990416667,1.0,0.0,149.79216666666665,158.1495,0.29240378666666667,0.19584316850000003
276f26435,3,8.0,0.7866078430753968,1.0,0.0,14.054333333333332,14.288,0.54830857,0.18729893666666667
277014d80,6,9.166666666666666,0.7608478760820105,1.0,0.0,129.96133333333333,177.1755,0.39973494666666665,0.08752456933333334
277210bb9,3,10.0,0.7738247873333334,1.0,0.0,183.444,191.964,0.17453528,0.05231818566666666
277e3979a,3,9.333333333333334,0.7701737063703704,1.0,0.0,205.19299999999998,195.985,0.24032632333333334,0.09030504333333333
27830acaa,1,8.0,0.78171842875,1.0,0.0,116.678,116.678,0.08399791,0.0010427529
27867018b,5,8.4,0.7377775474349206,1.0,0.0,156.89499999999998,196.22299999999998,0.1684615188,0.063302117
279a5187c,2,10.0,0.8148339465000001,1.0,0.0,136.56449999999998,136.56449999999998,0.22895218,0.066103855
279ca5034,1,8.0,0.75985201,1.0,0.0,116.35799999999999,116.35799999999999,0.19941725,0.10211815
27a7a1795,2,9.5,0.7797151055,1.0,0.0,52.339,52.339,0.09319402,0.046072084
27a8bdbf8,1,10.0,0.802440782,1.0,0.0,159.88899999999998,159.88899999999998,0.30616778,0.10275754
27ab49f1a,1,10.0,0.7586354479999999,1.0,0.0,49.587999999999994,49.587999999999994,0.25654906,0.048040237
27b2c806b,7,9.857142857142858,0.774956866888889,1.0,0.0,171.78071428571428,191.587,0.2512727771428572,0.11242009642857143
27b5a9db5,3,9.333333333333334,0.8054781513333333,1.0,0.0,50.19266666666666,23.619999999999997,0.35998720666666667,0.12550583966666665
27b6e5aca,4,9.25,0.7761315304999999,1.0,0.0,76.27975,66.438,0.30867777500000004,0.1649125975
27b708edc,9,9.777777777777779,0.7794524851111111,1.0,0.0,102.25944444444445,82.68,0.23438270666666666,0.04793738505555555
27bbc8c4f,4,10.0,0.81567489675,1.0,0.0,79.85674999999999,67.87549999999999,0.2216778825,0.265306749
27bf3ae34,3,10.0,0.8642856193333333,1.0,0.0,145.882,189.971,0.30591748,0.2358386326666667
27ce98a2e,5,9.4,0.7769603888857144,1.0,0.0,72.85459999999999,83.21799999999999,0.42656096000000004,0.140581895
27cede3cf,1,9.0,0.7794728111111111,1.0,0.0,115.84,115.84,0.14585538,0.040121622
27dd38817,2,8.5,0.7867228857638888,1.0,0.0,242.52749999999997,242.52749999999997,0.198403755,0.21292674
27e16a68d,1,10.0,0.879208659,1.0,0.0,164.32,164.32,0.33035567,0.0944567
27e318160,3,9.666666666666666,0.7879060082222221,1.0,0.0,120.43400000000001,74.39,0.12344051666666667,0.041218638999999994
27e458086,13,8.846153846153847,0.7659683861144688,1.0,0.0,126.45276923076923,149.07,0.19157192769230771,0.07081599196153845
27e6b452b,5,10.0,0.7832958480000001,1.0,0.0,148.0364,160.93099999999998,0.34495440200000005,0.0644130106
27e8956dc,3,10.0,0.8157520573333334,1.0,0.0,218.84900000000002,231.16799999999998,0.5917321633333333,0.26307158333333336
27ec72a29,2,10.0,0.775654377,1.0,0.0,14.1575,14.1575,0.35540129,0.2697886
28060651e,1,10.0,0.7654570270000001,1.0,0.0,80.485,80.485,0.35535124,0.15342014
281e2d7e8,1,10.0,0.741930446,1.0,0.0,122.44,122.44,0.24451923,0.088921905
282678629,5,9.2,0.73903079585,0.8,0.0,143.0514,190.836,0.20835198400000002,0.0914852832
282c90ff4,1,10.0,0.75381492,1.0,0.0,81.18299999999999,81.18299999999999,0.114421666,0.016817467
282f456cb,1,9.0,0.7618257422222222,1.0,0.0,157.625,157.625,0.17018215,0.058738913
2831adaff,7,9.857142857142858,0.7704553900000001,1.0,0.0,63.858285714285714,25.017,0.24592399,0.18702338714285713
283424d80,2,9.5,0.7163158095555555,1.0,0.0,118.6935,118.6935,0.37763901,0.257884685
2836c44dc,7,8.285714285714286,0.7720423526780046,1.0,0.0,98.96414285714285,153.55299999999997,0.34693140142857143,0.08414872771428572
283d0763f,1,10.0,0.8006829229999999,1.0,0.0,117.11899999999999,117.11899999999999,0.5942992,0.27683157
283d778d2,3,8.333333333333334,0.7559369333571428,1.0,0.0,25.435999999999996,25.283999999999995,0.23608937333333335,0.10359708333333334
283d93104,6,9.833333333333334,0.7590569321296297,1.0,0.0,129.66966666666664,134.52949999999998,0.184187485,0.08217712666666667
28484f496,5,8.6,0.7925126671111111,1.0,0.0,16.8598,16.929,0.537146366,0.191926124
284be445a,1,10.0,0.7575920990000001,1.0,0.0,112.115,112.115,0.09022756,0.20211174
2852d3c30,10,9.0,0.7890654699539683,1.0,0.0,75.1385,81.77699999999999,0.41340155300000003,0.161784602
2857efde3,3,10.0,0.77085993,1.0,0.0,77.16799999999999,47.641999999999996,0.3576167766666667,0.13756279666666668
2868f9f3f,1,10.0,0.796329467,1.0,0.0,155.647,155.647,0.091524765,0.174236
288445cbd,5,9.6,0.7414788876499999,0.8,0.0,83.98599999999999,51.777,0.36536553200000005,0.177575324
2885ade43,4,10.0,0.798752912,1.0,0.0,156.64249999999998,157.40999999999997,0.3822410475,0.066171182
289d0bc8a,4,9.0,0.7806083809722222,1.0,0.0,93.51225,100.823,0.19499820499999998,0.046761187
28a0ae4fe,11,8.272727272727273,0.7713586458069986,1.0,0.0,133.7230909090909,116.13799999999999,0.19641986236363637,0.09742874009090909
28af3f2c9,2,9.0,0.7659933888888889,1.0,0.0,142.4325,142.4325,0.247717495,0.115461325
28af5e0d3,7,9.142857142857142,0.779768156510204,1.0,0.0,167.20414285714287,148.375,0.39416706571428567,0.10424335185714285
28bafb2ee,10,10.0,0.8176646057999999,1.0,0.0,170.3714,171.87,0.363635865,0.1527575416
28c005011,2,10.0,0.7993126454999999,1.0,0.0,137.226,137.226,0.151692765,0.0575002
28c34e5dc,2,9.5,0.7518537286111111,1.0,0.0,157.2285,157.2285,0.236777195,0.059809342
28cc87730,6,8.5,0.7493636856203705,1.0,0.0,48.52983333333333,36.3065,0.3474061083333333,0.12676840533333333
28cf4a84d,1,10.0,0.840039228,1.0,0.0,157.07,157.07,0.15276256,0.029569892
28d20bc71,5,9.0,0.8044389032,1.0,0.0,46.995999999999995,24.555,0.391367324,0.148567866
28e14ee81,1,10.0,0.7814938440000001,1.0,0.0,156.517,156.517,0.14389507,0.034599375
28e86bb13,14,9.785714285714286,0.8006007067579365,1.0,0.0,175.354,192.373,0.3009655542857143,0.14182786221428573
28ec2de89,5,8.8,0.8023544343460317,1.0,0.0,86.72319999999999,84.26999999999998,0.26805808999999997,0.0717184878
28ef05fe6,2,10.0,0.8101667685,1.0,0.0,11.089499999999997,11.089499999999997,0.8583026300000001,0.309674275
290c3cd9e,2,10.0,0.8077300995000001,1.0,0.0,154.248,154.248,0.22311543,0.139255175
290cdc8ee,7,9.857142857142858,0.799368873936508,1.0,0.0,175.3025714285714,172.227,0.2082827242857143,0.10723270571428571
29193bf76,5,9.8,0.7937976069999999,1.0,0.0,113.56699999999998,80.80399999999999,0.326310676,0.12991096600000002
2931d3eac,5,9.2,0.7881944779222222,1.0,0.0,94.02619999999999,85.13000000000001,0.223633998,0.0734521514
29466dcf4,5,9.4,0.7797196388285714,1.0,0.0,127.4804,147.196,0.220261708,0.118192856
2959602fc,2,10.0,0.79871481,1.0,0.0,196.8655,196.8655,0.1680237,0.09100763249999999
295b1eef3,1,10.0,0.819359836,1.0,0.0,193.59299999999996,193.59299999999996,0.21136715,0.051335413
295dac1ce,3,9.666666666666666,0.7731088089259259,1.0,0.0,142.52833333333334,153.695,0.21418567,0.06220339
2962fc103,3,10.0,0.8379003243333333,1.0,0.0,198.12699999999998,198.46099999999998,0.29104215666666666,0.09376468566666667
29778124f,2,8.0,0.7775336275,1.0,0.0,54.53849999999999,54.53849999999999,0.46823057,0.07788600749999999
298ae7ea4,1,10.0,0.8906394420000001,1.0,0.0,81.784,81.784,0.29110694,0.034217775
298feb02b,1,8.0,0.751894745,1.0,0.0,54.803999999999995,54.803999999999995,0.1351257,0.020905677
299e17017,1,10.0,0.7790152650000001,1.0,0.0,244.67999999999998,244.67999999999998,0.378387,0.22899327
29a9fdad5,1,10.0,0.766835315,1.0,0.0,47.908,47.908,0.29829127,0.04595907
29aa0b74b,14,8.5,0.7705821645759637,1.0,0.0,122.75814285714284,112.591,0.20544883214285714,0.054832506999999996
29af2b6ec,1,9.0,0.7250342588888888,1.0,0.0,157.376,157.376,0.109685704,0.041536596
29b60faaa,1,10.0,0.780390513,1.0,0.0,83.587,83.587,0.20418806,0.050572805
29bf0cb2c,1,9.0,0.7115212377777778,1.0,0.0,23.445999999999998,23.445999999999998,0.19783197,0.16499697
29c50ee9a,3,9.666666666666666,0.7931289465925926,1.0,0.0,60.149333333333324,51.50399999999999,0.31443659333333335,0.024569314
29ca8f313,5,9.4,0.7572057551444444,1.0,0.0,133.8954,154.05399999999997,0.29108712,0.124442283
29d36f5b3,1,10.0,0.8992002830000001,1.0,0.0,155.436,155.436,0.14232905,0.06911203
29d752f7f,1,10.0,0.774760376,1.0,0.0,158.44,158.44,0.14881063,0.072674416
29e6c171d,1,10.0,0.7637219120000001,1.0,0.0,117.04999999999998,117.04999999999998,0.15835157,0.038804553
29eda0717,6,10.0,0.7688061716666666,1.0,0.0,140.5175,116.72099999999999,0.19870635666666667,0.10045959166666667
29edf6e20,3,10.0,0.802007809,1.0,0.0,89.29566666666665,50.452,0.39224269333333334,0.1757139533333333
29fd25bc8,3,9.333333333333334,0.7782609099166667,1.0,0.0,108.87366666666667,119.183,0.23527095333333334,0.015629800333333332
2a06a5244,1,9.0,0.7959450633333334,1.0,0.0,164.49499999999998,164.49499999999998,0.2536236,0.087189324
2a154e41c,3,10.0,0.7805385523333334,1.0,0.0,180.19766666666666,190.45999999999998,0.5302729766666666,0.11076424833333333
2a19120e7,3,8.666666666666666,0.7774126736666668,1.0,0.0,107.47566666666667,50.583,0.15603675,0.09356841766666667
2a2b95086,1,10.0,0.753347854,1.0,0.0,56.705,56.705,0.44437188,0.10044255
2a36bc3b5,1,10.0,0.8525757799999999,1.0,0.0,22.527,22.527,0.44735992,0.19484912
2a3796cbd,4,8.75,0.7184965018611111,1.0,0.0,68.23075,69.132,0.27083159,0.14911208175
2a5e70892,4,10.0,0.78622438025,1.0,0.0,95.34724999999999,116.12449999999998,0.2376501575,0.079951439
2a64c0560,5,8.4,0.7427973391714285,1.0,0.0,166.20639999999997,161.60999999999999,0.26863797,0.0865066892
2a6bb49f5,2,8.5,0.7999278824305556,1.0,0.0,84.506,84.506,0.17925539000000001,0.0624402665
2a9223451,4,9.0,0.7807681894375,1.0,0.0,119.08675,133.8895,0.2798841425,0.11561307750000001
2a92877f7,3,9.0,0.7035389253333334,1.0,0.0,65.79733333333333,23.88,0.2975576233333333,0.20802860499999998
2a9a33d29,7,9.857142857142858,0.7970054923968254,1.0,0.0,155.31785714285712,155.027,0.2315318157142857,0.07023552571428572
2aaa0c8b6,1,10.0,0.760393501,1.0,0.0,18.31,18.31,0.18947968,0.2712379
2aac3e0ac,8,9.5,0.7736064496458334,1.0,0.0,137.060125,159.1245,0.23605979875,0.135731007375
2aac4b61a,4,10.0,0.8757221507499999,1.0,0.0,185.6635,191.6215,0.3479217175,0.08068502075
2abfa66d6,2,7.5,0.8123772980357143,1.0,0.0,99.918,99.918,0.45535165,0.18045439
2ac1366f4,2,10.0,0.8517777870000001,1.0,0.0,53.977999999999994,53.977999999999994,0.37050909,0.083055768
2ac3ca459,1,10.0,0.8230078529999998,1.0,0.0,53.26,53.26,0.2391138,0.046479363
2ac979cf7,3,9.666666666666666,0.731751050814815,1.0,0.0,172.86166666666665,199.605,0.14274593,0.12038964
2ad6c7675,4,9.5,0.7242200400277778,1.0,0.0,111.24725,116.8325,0.2027384975,0.0900960955
2ad939a78,8,9.0,0.7686570017460318,0.875,0.0,109.690625,100.315,0.21444757,0.08115650837499999
2b0b80ef6,3,9.666666666666666,0.8149168062222222,1.0,0.0,99.992,86.968,0.15823815,0.05412800633333333
2b1582f99,4,9.5,0.781531623875,1.0,0.0,129.6775,136.59,0.255249085,0.15366455575
2b1638a20,5,9.8,0.7681188344444445,1.0,0.0,152.3992,151.295,0.16881148,0.0558621914
2b31f1be3,6,9.666666666666666,0.7865615854583333,1.0,0.0,112.4335,101.678,0.17639731666666666,0.12505780966666666
2b3387bd7,6,9.666666666666666,0.7487307355740741,1.0,0.0,117.01966666666665,137.3765,0.21232027933333333,0.116028649
2b34c70e7,3,10.0,0.8304098613333334,1.0,0.0,100.127,84.559,0.15416130333333333,0.04075514633333333
2b38b60d2,2,7.0,0.7633925252083333,1.0,0.0,81.1575,81.1575,0.13438260800000001,0.0611154295
2b47d7f0d,5,9.8,0.7753142231555555,1.0,0.0,163.08599999999998,196.10999999999999,0.276823818,0.25077984529999997
2b4c0f3b6,1,10.0,0.792498838,1.0,0.0,155.48999999999998,155.48999999999998,0.14824483,0.036073536
2b4c4793d,1,7.0,0.7831149042857143,1.0,0.0,227.85399999999998,227.85399999999998,0.17112665,0.04534353
2b5249852,5,10.0,0.7644409402,1.0,0.0,128.4386,160.67899999999997,0.250486632,0.189450968
2b5a3c81d,3,9.0,0.7578050664285714,0.6666666666666666,0.0,111.14033333333333,120.156,0.30900284333333333,0.11044051333333334
2b5c446cc,3,9.666666666666666,0.7726086425925928,1.0,0.0,75.85633333333332,55.413,0.27794870666666666,0.13139192866666666
2b666036a,5,9.4,0.7554700412571428,1.0,0.0,77.1168,82.288,0.185805152,0.0863287786
2b6e5343e,4,8.5,0.7702318079999999,1.0,0.0,42.977,19.366999999999997,0.38320313,0.2993328615
2b6fe231b,2,10.0,0.8255608605,1.0,0.0,49.6245,49.6245,0.388520165,0.15793616500000002
2b8008b16,1,8.0,0.7647851575,1.0,0.0,189.65300000000002,189.65300000000002,0.17597005,0.09933669
2b82af067,5,9.6,0.7973837102,1.0,0.0,58.16099999999999,52.227999999999994,0.498695152,0.24888933400000002
2b95747f3,1,8.0,0.7396691774999999,1.0,0.0,197.03199999999998,197.03199999999998,0.20573977,0.053676724
2b980afbc,1,10.0,0.761450483,1.0,0.0,195.45,195.45,0.338573,0.09485787
2b9fd4034,4,8.25,0.7740582941339286,1.0,0.0,101.87024999999998,112.54499999999999,0.1971032,0.185397155
2ba019cb8,2,10.0,0.7943671875,1.0,0.0,120.20049999999999,120.20049999999999,0.18336170000000002,0.0523149855
2ba66d1e1,9,8.777777777777779,0.7164321491111111,0.8888888888888888,0.0,145.17888888888888,154.09199999999998,0.3439615611111111,0.15377500303333333
2ba708d92,1,10.0,0.8228548410000001,1.0,0.0,16.483999999999998,16.483999999999998,0.39689937,0.11319125
2ba8bb04a,2,10.0,0.769043608,1.0,0.0,68.456,68.456,0.214443675,0.1048765575
2ba9dfe93,1,10.0,0.810222029,1.0,0.0,84.094,84.094,0.11388072,0.03167509
2bbca459e,1,10.0,0.7354582599999999,1.0,0.0,149.11399999999998,149.11399999999998,0.2524317,0.06697035
2bbe22924,3,10.0,0.822115254,1.0,0.0,23.717,23.651999999999997,0.44545452333333335,0.2527504733333334
2bc51f69b,5,9.8,0.8228371587111111,1.0,0.0,168.67759999999998,158.43599999999998,0.276749054,0.15148613540000003
2bcab4c4e,2,10.0,0.7803522270000001,1.0,0.0,125.003,125.003,0.279038695,0.046479363
2bd8e5830,3,10.0,0.8084417909999999,1.0,0.0,165.2653333333333,235.355,0.3369186833333333,0.33428720666666667
2bdf3471b,5,10.0,0.8298933912,1.0,0.0,142.41140000000001,120.826,0.326018486,0.07009625319999999
2bea067f2,8,9.625,0.7759229937083333,1.0,0.0,97.60425,100.566,0.29987775,0.113355163625
2bec9dd86,3,10.0,0.7623410543333332,1.0,0.0,110.444,125.32600000000001,0.28809505333333335,0.090814871
2befe2607,2,8.5,0.7897203757142857,1.0,0.0,83.8905,83.8905,0.084771912,0.08302983
2bf2c6260,4,8.25,0.7887613446626984,1.0,0.0,51.3445,51.657000000000004,0.218342415,0.054633191750000004
2bf4445c7,1,10.0,0.71997968,1.0,0.0,21.566,21.566,0.15067844,0.10085511
2bf49ebb9,1,10.0,0.7864199089999999,1.0,0.0,79.13,79.13,0.3834533,0.13642474
2bf818d30,1,10.0,0.749459455,1.0,0.0,83.949,83.949,0.3026441,0.11012685
2bfc5658b,4,9.5,0.7595986924375,1.0,0.0,106.70824999999999,83.582,0.24716006,0.14080006
2c137b9a4,1,10.0,0.8431580390000001,1.0,0.0,22.974,22.974,0.3896209,0.0552376
2c15f3086,4,9.25,0.7541838268928571,1.0,0.0,131.50925,125.62049999999999,0.2798005675,0.10650650175
2c23cf72e,1,10.0,0.733067749,1.0,0.0,157.2,157.2,0.4697519,0.10163025
2c24655fe,10,7.7,0.7625877967833333,1.0,0.0,114.7956,120.46849999999999,0.18754102,0.0706284822
2c281057a,5,8.2,0.7890938769055555,1.0,0.0,87.0338,50.445,0.260391976,0.10600069279999999
2c3f23fce,2,8.5,0.7846802546527778,1.0,0.0,72.497,72.497,0.200428035,0.0767564135
2c401c793,8,6.625,0.7628628686979166,0.75,0.0,130.988,137.6055,0.19216927,0.10839403175
2c4089e4f,4,8.75,0.7905888430902778,1.0,0.0,64.3375,37.26499999999999,0.4437178225,0.12566384925000001
2c46efe8f,4,9.5,0.7830009354722222,1.0,0.0,114.03075,108.12549999999999,0.22681715,0.10934534300000001
2c5b817a7,4,9.0,0.777947368375,1.0,0.0,170.1035,213.9585,0.23988155749999998,0.107143452
2c7a8ea18,4,9.5,0.7849956129444444,1.0,0.0,118.241,104.38650000000001,0.1724890075,0.03652878925
2c8ae4c7e,2,10.0,0.759380124,1.0,0.0,111.00099999999999,111.00099999999999,0.24210195,0.17464969
2c8e65887,5,9.8,0.7710437504444444,1.0,0.0,82.0748,78.98899999999999,0.284354124,0.061498438600000004
2c93c0c11,3,8.333333333333334,0.7860625378333332,1.0,0.0,152.23499999999999,152.793,0.26754955333333336,0.10926176566666666
2c9f807c1,1,8.0,0.72192658125,1.0,0.0,159.213,159.213,0.25790128,0.09917804
2ca3f6d92,11,9.454545454545455,0.7744319790984849,1.0,0.0,118.60527272727272,127.10199999999999,0.24486995454545457,0.07454183081818182
2cb1d59ad,1,10.0,0.761518316,1.0,0.0,236.60899999999998,236.60899999999998,0.48621508,0.23246135
2cb3529bc,4,10.0,0.7797102465,1.0,0.0,18.616,19.3375,0.361793845,0.2162750815
2cb770ad7,2,10.0,0.8192658184999999,1.0,0.0,92.08749999999999,92.08749999999999,0.17499004499999998,0.090302275
2cc0c6dee,3,9.666666666666666,0.7784455212962963,1.0,0.0,52.266,55.293,0.25007881,0.14506539333333332
2ccf25b91,4,9.25,0.7748035248571428,1.0,0.0,128.506,118.99799999999999,0.39341982,0.08647007275
2cd806c03,1,9.0,0.7693835011111111,1.0,0.0,117.52,117.52,0.19092622,0.115403056
2cdaa8a5d,3,10.0,0.7593709363333332,1.0,0.0,131.00699999999998,120.629,0.18886353333333336,0.13767016333333335
2ce1c6a93,5,9.4,0.7732401529499999,1.0,0.0,134.7364,112.187,0.24511155799999998,0.0360603704
2ce86e3a2,2,7.0,0.800510802,1.0,0.0,105.5965,105.5965,0.24896585499999999,0.11948125700000001
2cea63a41,5,9.2,0.7878481001222222,1.0,0.0,35.4856,27.233999999999998,0.32440504600000003,0.074587609
2cf6b6627,3,10.0,0.824186537,1.0,0.0,89.461,89.38499999999999,0.22708673000000001,0.049283154333333336
2cf6ead97,9,9.666666666666666,0.7715179922839507,1.0,0.0,130.4011111111111,123.15599999999999,0.2663336777777778,0.071999666
2cf927db8,2,10.0,0.770937808,1.0,0.0,172.68200000000002,172.68200000000002,0.21415487500000002,0.040743904
2cfbdd28a,2,10.0,0.6908541534999999,1.0,0.0,156.42399999999998,156.42399999999998,0.26972579,0.068839878
2d0315769,10,9.3,0.7806208294630952,1.0,0.0,113.98689999999999,120.5195,0.1653145464,0.0956717628
2d06250ab,30,9.4,0.759833529175926,0.9666666666666667,0.0,122.2572,119.37699999999998,0.27452539033333334,0.13025374136666665
2d304409b,6,8.833333333333334,0.7628608513174603,1.0,0.0,121.204,120.9385,0.29589480333333334,0.17069464
2d33077f2,4,10.0,0.74439750175,1.0,0.0,152.99075,153.159,0.3822517425,0.221609525
2d584af81,3,10.0,0.748388752,1.0,0.0,24.962,25.999999999999996,0.34810850666666665,0.12377966666666666
2d63b7c4f,6,9.5,0.7488602315,1.0,0.0,163.16166666666666,174.3535,0.21491624583333332,0.10621231833333333
2d6e2292d,7,9.857142857142858,0.7705966097777778,1.0,0.0,14.095714285714283,11.555000000000001,0.55821286,0.22476786928571427
2d725d001,3,8.666666666666666,0.7431045127314815,1.0,0.0,125.89066666666666,160.153,0.20288624666666666,0.116951978
2d72ef0c4,2,7.0,0.8228810892857144,1.0,0.0,86.291,86.291,0.213847185,0.06244464499999999
2d79572ae,1,10.0,0.829432966,1.0,0.0,13.914,13.914,0.45369628,0.1825481
2d79d25fa,2,10.0,0.826126804,1.0,0.0,24.223,24.223,0.14059395,0.138218845
2d7b61eb5,1,10.0,0.8471348830000001,1.0,0.0,88.19999999999999,88.19999999999999,0.16614915,0.04708637
2d813cd28,10,8.5,0.7560676623075396,1.0,0.0,60.8002,49.956999999999994,0.23257560000000002,0.1282289846
2d837689d,8,9.75,0.7549661472361111,1.0,0.0,106.994875,114.025,0.21770643125,0.08282439862499999
2d88536fc,1,10.0,0.732071048,1.0,0.0,111.27099999999999,111.27099999999999,0.23486283,0.10226624
2d8b42d21,6,9.833333333333334,0.7624746266111111,1.0,0.0,143.20533333333333,134.46349999999998,0.14014496433333332,0.0639813855
2d8db1c19,14,8.357142857142858,0.7562035897786281,1.0,0.0,63.71107142857142,24.676499999999997,0.29571748785714286,0.16901732228571428
2d9bdbca9,2,10.0,0.725091391,1.0,0.0,154.89799999999997,154.89799999999997,0.23527509000000002,0.01445680725
2da9b0c2c,5,10.0,0.801016308,1.0,0.0,105.8806,119.053,0.19982412,0.0646740808
2db00a064,2,10.0,0.7330697724999999,1.0,0.0,179.86899999999997,179.86899999999997,0.30866249,0.059316203
2db012118,4,9.25,0.7857968744930556,1.0,0.0,188.11025,195.70800000000003,0.2625505275,0.150039025
2db6c996b,1,9.0,0.7832861944444445,1.0,0.0,198.76799999999997,198.76799999999997,0.21922205,0.02503902
2db964259,1,10.0,0.784245523,1.0,0.0,22.113999999999997,22.113999999999997,0.30850917,0.17485815
2dd31e8ff,4,9.5,0.7433167665555556,1.0,0.0,110.9095,116.0435,0.313314615,0.05336284675
2dd6e4186,4,7.75,0.77745207225,1.0,0.0,129.00324999999998,153.73,0.135858495,0.0979132925
2ddad75c0,5,8.4,0.7937045012031746,1.0,0.0,158.5178,156.252,0.174983436,0.09283188499999999
2de05ee7d,1,1.0,0.6421679,0.0,0.0,16.136,16.136,0.20637569,0.18210258
2de2cbdcf,5,10.0,0.7788843764,1.0,0.0,175.21859999999998,220.156,0.343831832,0.1429995162
2de32b48a,2,10.0,0.7972889205,1.0,0.0,172.111,172.111,0.241563205,0.0682343525
2dea0707b,1,10.0,0.788104067,1.0,0.0,124.08899999999998,124.08899999999998,0.24061202,0.10048484
2def0a43e,15,8.466666666666667,0.7574063581555556,1.0,0.0,158.1366,157.988,0.333525288,0.16096653279999998
2dfaf69b5,1,9.0,0.6988588144444444,1.0,0.0,113.746,113.746,0.13797581,0.116718695
2e1448ee0,4,9.25,0.7677324302777777,1.0,0.0,53.5685,53.226,0.3417034525,0.0978147785
2e1853b79,4,8.0,0.7502867137777778,0.75,0.0,128.279,118.63149999999999,0.1896004675,0.057275407
2e1d4e279,1,6.0,0.8205813083333333,1.0,0.0,157.46599999999998,157.46599999999998,0.3547689,0.23204994
2e1de0bba,1,10.0,0.7674941040000001,1.0,0.0,51.004999999999995,51.004999999999995,0.25384313,0.08057544
2e2b3f60c,6,9.166666666666666,0.7555063033148147,0.8333333333333334,0.0,131.50216666666665,157.0725,0.255677065,0.143846865
2e3bec724,9,9.333333333333334,0.7746427089567901,1.0,0.0,110.14522222222223,114.33600000000001,0.19627008955555555,0.06982330866666667
2e3c8edaf,3,7.0,0.7721296831547618,1.0,0.0,113.53166666666668,80.082,0.2646159733333333,0.093146781
2e3c988cd,1,10.0,0.768751081,1.0,0.0,121.04799999999999,121.04799999999999,0.18253535,0.040552996
2e4eb9198,7,9.857142857142858,0.764619681888889,1.0,0.0,173.267,197.274,0.2496818714285714,0.09948714042857143
2e55bed12,1,10.0,0.7903935630000001,1.0,0.0,116.71699999999998,116.71699999999998,0.3998954,0.10138249
2e5d8fd10,2,9.5,0.7621921636111111,1.0,0.0,214.478,214.478,0.415245465,0.19771438
2e6fc0342,2,9.5,0.7703573235555555,1.0,0.0,138.19799999999998,138.19799999999998,0.186384345,0.070907195
2e74deb7b,3,10.0,0.7765889143333333,1.0,0.0,196.81233333333333,198.256,0.2446607266666667,0.06299010533333334
2e77e1c78,5,9.2,0.7532043327055555,1.0,0.0,108.64259999999999,117.357,0.294176666,0.09130690379999999
2e85b81d7,4,9.5,0.7774631586249999,1.0,0.0,90.34599999999999,56.28649999999999,0.195478245,0.0453418835
2ea25b63b,5,8.6,0.7469533589388889,1.0,0.0,75.7012,53.566,0.242554388,0.12794522879999998
2eaab0cb1,5,8.0,0.7618906180888889,1.0,0.0,17.2924,17.37,0.29916641,0.13404590060000002
2eb4fa594,5,7.8,0.7616259857500001,0.8,0.0,181.6216,195.37,0.250755928,0.080693408
2ecaaae2d,4,10.0,0.7672242165,1.0,0.0,92.7325,99.82049999999998,0.21381314,0.041056334
2edce7d92,5,9.8,0.7784788319555556,1.0,0.0,124.40360000000001,119.512,0.27763275200000004,0.0491905184
2edd45e56,5,9.4,0.7644682297777778,1.0,0.0,142.7676,115.61699999999999,0.300688902,0.14598288080000002
2edeb7931,6,8.666666666666666,0.7811825863888888,1.0,0.0,83.99616666666667,83.364,0.22915008,0.06411035516666667
2ee5073bc,5,9.2,0.7367481521055556,1.0,0.0,131.4218,155.809,0.17912762399999999,0.07155757859999999
2ef182fc5,11,9.818181818181818,0.7597410981212122,1.0,0.0,36.00563636363636,25.853999999999996,0.42710097454545454,0.18502248136363636
2ef82137f,2,9.0,0.787346566875,1.0,0.0,37.1305,37.1305,0.28860341,0.062605015
2ef8bed36,1,10.0,0.784566533,1.0,0.0,83.70199999999998,83.70199999999998,0.3793038,0.1317412
2f0abd493,6,8.0,0.7733783163472222,1.0,0.0,176.24616666666665,194.488,0.22093607333333334,0.09005015083333334
2f29e9d88,1,6.0,0.7310773833333334,1.0,0.0,83.90599999999999,83.90599999999999,0.1306114,0.039147288
2f3677597,3,8.0,0.7741195535925925,1.0,0.0,114.593,121.31099999999998,0.20909845333333332,0.121459052
2f3bed708,5,9.6,0.78761990495,1.0,0.0,183.494,227.957,0.36121046600000006,0.1482816528
2f3d368d3,2,10.0,0.7852171115,1.0,0.0,68.29849999999999,68.29849999999999,0.18396763500000002,0.0917450225
2f3ff5116,2,10.0,0.8328327249999999,1.0,0.0,115.7885,115.7885,0.249364235,0.19109205
2f43fb067,3,7.0,0.7187013876190477,1.0,0.0,183.06199999999998,231.47999999999996,0.32495676999999995,0.075681291
2f4b73413,1,9.0,0.7658815277777777,1.0,0.0,158.85899999999998,158.85899999999998,0.42213652,0.07664029
2f4eb5847,2,10.0,0.817267814,1.0,0.0,24.2035,24.2035,0.39351624500000004,0.14910211499999998
2f50d46b2,3,9.333333333333334,0.773988032,1.0,0.0,72.46433333333333,53.245999999999995,0.28468089333333335,0.17528037533333332
2f51acf95,1,10.0,0.8214171330000001,1.0,0.0,191.74099999999999,191.74099999999999,0.35354167,0.28626227
2f532707f,4,9.0,0.7465445740625001,1.0,0.0,96.9445,102.588,0.28497392499999996,0.070573389
2f72b9f33,5,10.0,0.8834738341999999,1.0,0.0,133.15359999999998,162.45,0.322623192,0.1126098072
2f7da7f8f,2,8.0,0.7966520875,1.0,0.0,52.719,52.719,0.16157289,0.09535946
2f8471836,5,9.6,0.7537346438888889,1.0,0.0,108.9386,126.07799999999999,0.255294576,0.155602404
2f8890a94,1,7.0,0.8482517942857142,1.0,0.0,48.039,48.039,0.25241363,0.16236593
2f95b343a,5,9.4,0.7260284581722222,1.0,0.0,161.57080000000002,154.928,0.1583770522,0.0337249252
2fa5bde3c,2,10.0,0.80238722,1.0,0.0,47.0065,47.0065,0.33495016,0.13722685
2fa65607f,1,10.0,0.7965968099999999,1.0,0.0,195.04399999999998,195.04399999999998,0.26163185,0.030516863
2fa8b64b1,4,8.75,0.7616528492767858,1.0,0.0,150.32375,156.94299999999998,0.4619584375,0.152729105
2fab464fb,4,10.0,0.8019739124999999,1.0,0.0,139.37624999999997,120.00249999999998,0.29316927000000004,0.1431018075
2fb22dd88,5,10.0,0.7711997608,1.0,0.0,128.2792,121.79899999999998,0.268015632,0.1490368612
2fb24b53d,19,9.578947368421053,0.7947144872046783,1.0,0.0,118.42857894736842,118.719,0.24742335789473682,0.10953566068421051
2fbf2cb7c,2,10.0,0.8019529055000001,1.0,0.0,79.5835,79.5835,0.30136059000000004,0.083405235
2fc753430,2,10.0,0.7298566445,1.0,0.0,114.401,114.401,0.23266263,0.136977542
2fcdfb0e1,2,9.5,0.7561977606111111,1.0,0.0,119.47299999999998,119.47299999999998,0.242038815,0.087019929
2fdc23bcb,3,10.0,0.8168425936666667,1.0,0.0,71.37733333333334,48.37499999999999,0.22253816666666668,0.24926073999999998
2fdd78c55,4,9.75,0.7508800691388889,1.0,0.0,94.61525,90.1265,0.2894138725,0.049152787925
2fe1eb7b8,2,8.5,0.7234108270138888,1.0,0.0,19.1745,19.1745,0.28329186,0.202509395
2fe763187,3,9.666666666666666,0.768497951962963,1.0,0.0,114.78766666666667,117.532,0.31346488,0.017693052333333334
2ff9e9534,5,10.0,0.7479795828,1.0,0.0,134.9018,154.03799999999998,0.215971824,0.1539935076
300337abe,6,8.166666666666666,0.7648827734087301,0.8333333333333334,0.0,78.535,79.83699999999999,0.157806865,0.06713666083333333
3005b75eb,2,10.0,0.7862237825,1.0,0.0,73.95849999999999,73.95849999999999,0.23971025,0.150971755
3006cd3eb,7,9.571428571428571,0.8044623544444445,1.0,0.0,164.867,189.968,0.21189417285714285,0.045376840142857144
300c91d3a,4,10.0,0.783156747,1.0,0.0,173.62599999999998,190.8625,0.24626234000000002,0.046709057
3013d9169,1,7.0,0.6060595328571428,1.0,0.0,228.59099999999998,228.59099999999998,0.26094842,0.49772236
3021613fd,1,10.0,0.8577806000000001,0.0,0.0,82.62299999999999,82.62299999999999,0.20060506,0.065903574
302eb3771,10,10.0,0.8025196612000001,1.0,0.0,181.4575,195.925,0.359360094,0.1407912603
30319970f,5,8.0,0.7553112417928571,1.0,0.0,147.17739999999998,191.52799999999996,0.16065119700000002,0.053468610800000003
303696f08,3,10.0,0.7540606076666667,1.0,0.0,162.35966666666664,153.934,0.3543671166666667,0.09734073166666667
303ecdb58,5,10.0,0.7690023482,1.0,0.0,134.7326,154.739,0.33128032799999996,0.0936558824
30506e8c1,1,10.0,0.795304099,1.0,0.0,224.37,224.37,0.4907577,0.54877573
30507c621,4,9.75,0.7377238203611112,1.0,0.0,144.4715,138.69299999999998,0.189016905,0.04836959525
3050bd8df,3,8.666666666666666,0.7483715446666667,1.0,0.0,18.296,18.316,0.19765427666666666,0.05258531266666666
305524cba,2,10.0,0.7561971445000001,1.0,0.0,85.5195,85.5195,0.272653855,0.075485603
3060d192f,3,10.0,0.8435640196666667,1.0,0.0,88.35433333333333,117.59299999999999,0.191478128,0.06079155233333333
30669fef4,5,10.0,0.792201245,1.0,0.0,98.9002,88.988,0.338061348,0.15981616199999998
30764a1fa,4,10.0,0.78613858825,1.0,0.0,76.54024999999999,48.66,0.4541411575,0.1974052075
308034707,9,9.222222222222221,0.770549835058642,1.0,0.0,152.49422222222222,156.067,0.22253003377777775,0.061981071666666665
3083ab744,4,9.75,0.7738842536666667,1.0,0.0,50.921749999999996,49.025999999999996,0.3907732865,0.13294535175
3085ca2c6,4,9.75,0.8363993250555556,1.0,0.0,92.283,81.4885,0.2844219135,0.16152879325
3086dc257,2,9.5,0.7385092985,1.0,0.0,160.2905,160.2905,0.279418925,0.10596978800000001
3089a5bd8,2,10.0,0.839117818,1.0,0.0,20.101,20.101,0.41634393000000003,0.18007500999999998
30917edfa,1,10.0,0.746530322,1.0,0.0,83.979,83.979,0.1595705,0.03015589
3099254c2,5,8.0,0.7615590105055556,1.0,0.0,132.4234,119.925,0.23482652399999998,0.1236126478
309f63a00,2,9.5,0.7370886420555555,1.0,0.0,175.40749999999997,175.40749999999997,0.28254243999999995,0.122872215
30aa1059a,3,10.0,0.7934316629999999,1.0,0.0,168.54166666666666,191.158,0.17377664999999998,0.038229752666666665
30bfebc76,5,7.2,0.7153580084000001,0.6,0.0,27.549,25.288,0.26561844900000003,0.3323708006
30ca259ed,9,7.444444444444445,0.7311290377579365,1.0,0.0,112.33944444444445,23.516,0.3649769944444444,0.15102468055555557
30dbb2e50,1,9.0,0.7086944488888889,1.0,0.0,116.67399999999998,116.67399999999998,0.22077098,0.061857317
30dd541af,2,10.0,0.7416278515,1.0,0.0,67.963,67.963,0.2563643,0.13980035999999998
30e66b835,3,7.666666666666667,0.7543444925396825,1.0,0.0,132.41,189.832,0.3908652733333333,0.1687788033333333
30f92e1ab,1,10.0,0.795663418,1.0,0.0,155.418,155.418,0.1611878,0.046271876
310045474,5,10.0,0.7795085934000001,1.0,0.0,90.9044,81.039,0.22806792600000003,0.06376421400000001
3101ea018,3,10.0,0.7609518753333333,1.0,0.0,184.558,157.398,0.27935746666666667,0.16694777000000002
31049dc2e,2,9.5,0.7822221469444446,1.0,0.0,141.452,141.452,0.259118135,0.0328434165
31081d71d,4,9.25,0.7401034421875,1.0,0.0,189.74925,206.2505,0.187682445,0.041872
310ea711c,5,8.8,0.7803389312555555,1.0,0.0,210.34939999999997,223.968,0.36726371599999996,0.08861169059999999
311157c79,8,8.875,0.7826622643368055,1.0,0.0,73.102875,52.23299999999999,0.23272002875,0.0726345985
31144a6be,15,10.0,0.7535513833999999,1.0,0.0,118.36713333333334,118.36999999999999,0.23993328666666666,0.10636884906666667
311ee8343,4,6.0,0.6857120976428571,1.0,0.0,94.09275,101.50949999999999,0.1975154375,0.0436611165
31353ed83,2,9.5,0.7789768156666668,1.0,0.0,22.491999999999997,22.491999999999997,0.643206775,0.136458085
314e041cc,4,9.0,0.7701441938680555,1.0,0.0,87.42649999999999,68.9395,0.21455439,0.05946496625
315d0e254,13,8.692307692307692,0.755796899129426,0.9230769230769231,0.0,128.31192307692305,119.11299999999999,0.19519556799999999,0.12405118246153846
3161fe0f4,28,9.178571428571429,0.7406148271079932,0.9285714285714286,0.0,109.70146428571427,117.012,0.19489206303571427,0.06781363872857142
31653bea0,1,10.0,0.71207595,1.0,0.0,195.765,195.765,0.31347162,0.04925425
3166b0f31,3,8.0,0.7435297567195768,1.0,0.0,131.823,122.72999999999999,0.20818798666666663,0.03347207833333333
316f30229,1,8.0,0.7679466575,1.0,0.0,85.48,85.48,0.21622361,0.09820127
3181e5424,2,10.0,0.7639706294999999,1.0,0.0,173.53,173.53,0.16596212999999999,0.0349438455
3185aa328,3,9.666666666666666,0.7503372808148149,1.0,0.0,97.44933333333331,105.696,0.23033974533333335,0.026132017999999996
31893804f,1,8.0,0.7800563412499999,1.0,0.0,238.284,238.284,0.328547,0.036779817
319f3e6e7,1,10.0,0.785316922,1.0,0.0,51.032,51.032,0.36619633,0.17924038
31a2e04d7,1,6.0,0.8429395016666666,1.0,0.0,153.632,153.632,0.1672434,0.21814549
31a77d7ba,3,10.0,0.881089565,1.0,0.0,128.155,119.091,0.25873267,0.20430107666666666
31b7a54b6,1,10.0,0.805005049,1.0,0.0,87.45700000000001,87.45700000000001,0.21820827,0.036903925
31b919935,2,8.5,0.7737417247916667,1.0,0.0,140.766,140.766,0.405568895,0.1717921335
31c2215c1,3,9.333333333333334,0.7999438530833333,1.0,0.0,154.495,150.555,0.2232463033333333,0.13903341333333333
31d921827,4,10.0,0.807529791,1.0,0.0,68.51175,68.3365,0.222800265,0.06748981
31da37bc0,14,9.357142857142858,0.7561990661289683,1.0,0.0,125.98021428571428,120.23599999999999,0.29028536535714283,0.06595993542857143
31e266863,2,10.0,0.8481652315000001,1.0,0.0,21.7865,21.7865,0.37402491000000004,0.25459590499999996
31e9530cf,5,9.6,0.7829592782888889,1.0,0.0,100.4096,83.276,0.181910672,0.12237627339999999
31eb7b312,4,10.0,0.8130937227499999,1.0,0.0,145.63425,154.1455,0.3955462,0.108887465
3209cdc3c,11,8.0,0.7593490386421355,1.0,0.0,78.47145454545455,80.55499999999999,0.26500764363636364,0.10823624345454545
32148e0fc,2,10.0,0.797242891,1.0,0.0,138.293,138.293,0.35658926,0.21517958
32168f6f5,5,9.6,0.7753014873499999,1.0,0.0,79.6434,48.598,0.44147221,0.15241075199999998
3219ad064,6,10.0,0.7649658061666665,1.0,0.0,169.82683333333333,159.4555,0.16799050000000001,0.05472850383333333
321c14446,10,9.2,0.7749597933904762,0.9,0.1,135.5711,155.99149999999997,0.208562851,0.10186131440000001
321d04634,3,8.666666666666666,0.6959846046666667,0.6666666666666666,0.0,57.21766666666665,48.33899999999999,0.32293714333333334,0.13409496
322b32801,1,10.0,0.76565395,1.0,0.0,120.184,120.184,0.24765456,0.042577177
323803a9b,8,8.375,0.801149803625,1.0,0.0,83.065125,51.352999999999994,0.17526370524999998,0.0761003805625
32387ac37,4,7.0,0.74495355,0.75,0.0,137.63049999999998,139.0555,0.1827281275,0.09009712049999999
323f562e0,1,10.0,0.8092458459999999,1.0,0.0,124.38499999999999,124.38499999999999,0.36742938,0.3071206
325d0e364,3,8.666666666666666,0.7253954715767196,1.0,0.0,41.75966666666667,50.054,0.3965116066666667,0.26046364666666666
326355730,1,7.0,0.8240284814285715,1.0,0.0,247.0,247.0,0.2919181,0.07761013
326a3c785,4,9.75,0.7809848541666667,1.0,0.0,134.00575,132.2155,0.45281077,0.11610298825
326b17344,5,7.6,0.73751766745,0.6,0.0,135.5734,123.02,0.272660422,0.119649669
3285d041f,2,10.0,0.756823349,1.0,0.0,84.84700000000001,84.84700000000001,0.1118526475,0.08055845
329058ec1,1,8.0,0.774797805,1.0,0.0,153.673,153.673,0.2652227,0.18655266
32918fcdf,1,9.0,0.7100551388888889,1.0,0.0,21.038999999999998,21.038999999999998,0.2275857,0.07059513
329814145,1,10.0,0.7503543930000001,1.0,0.0,82.685,82.685,0.24785964,0.04760666
32ac38a9f,13,9.076923076923077,0.7872909759294872,1.0,0.0,134.42307692307693,136.703,0.2907058307692308,0.14536298192307692
32ad56035,3,9.666666666666666,0.7356524371481482,1.0,0.0,63.608666666666664,51.342,0.29979449666666663,0.030263615333333337
32bc0b4fa,1,10.0,0.843387756,1.0,0.0,80.482,80.482,0.5050418,0.031890016
32d8fa52b,3,7.666666666666667,0.7752558319047619,1.0,0.0,112.97066666666666,113.304,0.1433637,0.0657735
32eb3673a,4,9.75,0.7470945846111111,1.0,0.0,132.76324999999997,138.714,0.1900249175,0.057086885500000004
32ef0472e,2,10.0,0.7928079084999999,1.0,0.0,55.0385,55.0385,0.532041465,0.10978148000000001
32efae9d5,1,10.0,0.7909579,1.0,0.0,227.19899999999998,227.19899999999998,0.32743362,0.06503642
32f617eda,4,8.75,0.7338936987013889,1.0,0.0,143.10575,172.95049999999998,0.2005869275,0.1064980915
32f97388e,6,9.5,0.7698069516111111,1.0,0.0,154.6105,150.7575,0.23546582433333332,0.13378596316666666
3304185a1,2,10.0,0.7328212380000001,1.0,0.0,137.1965,137.1965,0.153187975,0.047310796
330943a7e,2,10.0,0.8483545214999999,1.0,0.0,120.84750000000001,120.84750000000001,0.238059095,0.12257198
331476348,1,10.0,0.8023092789999999,1.0,0.0,78.66499999999999,78.66499999999999,0.2016272,0.10437145
331a14422,4,7.5,0.7830729467976191,1.0,0.0,62.47375,22.7745,0.289065625,0.15672184
331a745e8,7,9.0,0.7565352872857142,0.8571428571428571,0.0,151.27642857142857,161.328,0.28573592857142854,0.1670439977142857
332ae5ab2,4,7.25,0.7354230598541667,1.0,0.0,57.76099999999999,48.55249999999999,0.221955175,0.164994965
3330252db,6,9.166666666666666,0.7694093011455028,1.0,0.0,98.12116666666667,50.4875,0.320735805,0.13612845533333331
3332eb59c,5,10.0,0.7737206218000001,1.0,0.0,147.85899999999998,154.332,0.317138476,0.0965313904
335eacf2d,3,9.0,0.752517226952381,1.0,0.0,146.30666666666664,123.81099999999999,0.26930724666666667,0.06642386266666667
33752346b,4,9.25,0.7613712487916666,1.0,0.0,184.16649999999998,173.49649999999997,0.3947927075,0.26749480325
33826a08a,3,9.333333333333334,0.7646236689166667,1.0,0.0,81.20966666666666,80.728,0.35722575,0.06742321133333334
339a623c4,5,10.0,0.8130870655999999,1.0,0.0,82.86299999999999,81.216,0.203107688,0.0736905998
33a373ca9,5,10.0,0.8150051394,1.0,0.0,192.37199999999999,221.402,0.300003044,0.12268840600000001
33a51709e,6,8.666666666666666,0.7178627604907408,1.0,0.0,134.88383333333334,137.75799999999998,0.15723904733333335,0.1220529465
33a6694b0,3,8.333333333333334,0.7568340964166667,1.0,0.0,31.801666666666666,28.553,0.40268547,0.1455659566666667
33a8b9601,1,8.0,0.7636870075,1.0,0.0,81.977,81.977,0.24785942,0.0645568
33a9dff78,1,8.0,0.78885582375,1.0,0.0,84.96799999999999,84.96799999999999,0.13153408,0.044354837
33bfeb403,3,10.0,0.7724494766666666,1.0,0.0,183.93066666666667,231.298,0.30644644666666665,0.09942139733333333
33dda6165,5,10.0,0.7754726895999999,1.0,0.0,73.7388,52.353,0.406537206,0.1024193582
33eaf34b3,1,7.0,0.7173946957142857,1.0,0.0,227.5,227.5,0.2631952,0.042004686
33ed78569,5,9.0,0.765892661988889,1.0,0.0,97.8208,55.342999999999996,0.209382252,0.08570933
33f056cc7,2,9.5,0.7684005433888889,1.0,0.0,83.6895,83.6895,0.28152891999999996,0.053990609999999994
33f28ad35,1,10.0,0.770103728,1.0,0.0,197.56099999999998,197.56099999999998,0.50098354,0.363462
33f89cb83,4,10.0,0.771600838,1.0,0.0,37.1955,22.2165,0.2599799775,0.12647440625
34090e9d6,3,7.0,0.8232025220634921,1.0,0.0,90.48633333333333,54.656,0.18409804333333332,0.11268281133333334
341420028,4,10.0,0.7511765637500001,1.0,0.0,45.96675,50.684,0.5860837825,0.2320182475
3422e4906,7,9.714285714285714,0.7889650897777777,1.0,0.0,123.94714285714284,112.22799999999998,0.3238247328571428,0.13926465285714287
3433731c5,1,10.0,0.771712432,1.0,0.0,84.515,84.515,0.31803426,0.06252168
343c1f526,1,10.0,0.8101057059999999,1.0,0.0,118.375,118.375,0.29943526,0.05103009
34452eefb,1,10.0,0.732598092,1.0,0.0,192.91299999999998,192.91299999999998,0.15807101,0.016459594
34482d66a,2,10.0,0.730894938,1.0,0.0,233.44899999999998,233.44899999999998,0.21895268,0.047710382499999995
345b95213,2,10.0,0.7991446745000002,1.0,0.0,160.0235,160.0235,0.393538915,0.200751215
346c5abcd,4,9.0,0.7621899078214286,1.0,0.0,135.808,136.6975,0.2790843925,0.06376427375
347be28a8,30,8.833333333333334,0.7551748822399471,1.0,0.0,164.6432333333333,155.381,0.25469662266666665,0.08724451656
3485ea1db,4,8.0,0.6952264193353175,0.75,0.0,156.1195,187.596,0.10110542875,0.027532085249999998
348a982e2,5,8.0,0.72544566985,1.0,0.0,47.8108,47.701,0.19171289,0.0711411718
3497c1ad0,8,8.625,0.7659383877321428,1.0,0.0,148.588875,160.33849999999998,0.2361390295,0.10357049962499999
349fe9b9b,1,10.0,0.793587784,1.0,0.0,120.77399999999999,120.77399999999999,0.23225223,0.077399686
34b96cf6a,2,10.0,0.8126801355000001,1.0,0.0,49.4345,49.4345,0.209524955,0.051786144
34c4e74a9,1,10.0,0.812333924,1.0,0.0,86.188,86.188,0.17859145,0.04179674
34d0c00d6,2,10.0,0.7573684220000001,1.0,0.0,176.7955,176.7955,0.24023049000000002,0.08134990750000001
34d387261,2,9.0,0.7388186400000001,1.0,0.0,195.08999999999997,195.08999999999997,0.22751536,0.061751440000000005
34d903f17,3,7.333333333333333,0.768830350952381,1.0,0.0,182.774,192.23399999999998,0.39273313666666665,0.3897051833333333
34dc86aae,1,10.0,0.72149888,1.0,0.0,50.648,50.648,0.33127108,0.083420046
34edfc9d5,1,9.0,0.7668516322222222,1.0,0.0,117.768,117.768,0.34842175,0.1762643
34f6111bf,5,9.0,0.772419945,1.0,0.0,60.672399999999996,54.278,0.20029626,0.0568646742
34fcc459a,5,9.2,0.7644590861999999,1.0,0.0,88.43299999999999,90.745,0.197648206,0.10151574000000001
34fe22f69,2,10.0,0.7774820370000001,1.0,0.0,118.97299999999998,118.97299999999998,0.15378078499999998,0.038439663
350208e1a,1,10.0,0.766833232,1.0,0.0,198.47699999999998,198.47699999999998,0.13731235,0.011893384
351586450,2,9.0,0.775174196125,1.0,0.0,122.5085,122.5085,0.29273817999999996,0.095473465
3517189ab,3,8.333333333333334,0.8197282441309525,1.0,0.0,144.3253333333333,154.61899999999997,0.22401590000000002,0.024763733
351d1e748,3,9.666666666666666,0.7858485181111111,1.0,0.0,141.56833333333333,148.156,0.23283337,0.05128280466666666
351d29156,2,10.0,0.8308788535,1.0,0.0,156.97199999999998,156.97199999999998,0.33419825000000003,0.19190079
351f3746c,1,10.0,0.8352474760000002,1.0,0.0,112.14499999999998,112.14499999999998,0.3625255,0.018461743
35225eb67,4,8.75,0.8052099355902778,1.0,0.0,102.13324999999999,101.273,0.17428356,0.06297306725
352522dbd,6,8.333333333333334,0.7514990111693122,1.0,0.0,116.20083333333332,114.127,0.24283902999999998,0.126468202
352ba3335,12,9.333333333333334,0.7898390697632275,1.0,0.0,88.52183333333333,80.62,0.21105856166666667,0.07075239941666667
353187b3d,4,8.25,0.8074590440416667,1.0,0.0,89.22975,85.7885,0.224428635,0.124511865
3536e1efd,2,8.0,0.8078498268333334,1.0,0.0,144.52949999999998,144.52949999999998,0.263316775,0.07865332
354e9fc50,1,8.0,0.72875955875,1.0,0.0,222.54399999999998,222.54399999999998,0.36557704,0.10845763
355048bb7,1,10.0,0.833481836,1.0,0.0,152.01799999999997,152.01799999999997,0.27303436,0.1476665
355743336,4,9.0,0.7598893167569445,1.0,0.0,91.243,98.6805,0.37380225,0.1601352875
35593da00,5,8.6,0.79252608825,1.0,0.0,91.26939999999999,85.729,0.25572249,0.0571369346
355e3bdc5,4,7.25,0.7681873603125,1.0,0.0,135.04025000000001,116.399,0.16568625250000002,0.041297050249999995
355e8bc38,1,10.0,0.7785395540000001,1.0,0.0,196.647,196.647,0.15939537,0.05092166
3560a3e97,4,9.75,0.7265014398611112,1.0,0.0,136.00775,153.12899999999996,0.24340910500000001,0.07840140625
356d41ee2,1,5.0,0.8912315700000001,1.0,0.0,155.734,155.734,0.13332461,0.0071614585
356d9395d,3,9.0,0.7383785735648147,1.0,0.0,105.23833333333333,115.205,0.27716678333333333,0.11156427666666668
357707ba7,1,7.0,0.76415124,1.0,0.0,156.19400000000002,156.19400000000002,0.20628625,0.0751821
358270782,6,8.5,0.7908907181481482,1.0,0.0,87.14033333333333,53.432,0.16492002166666667,0.05487628583333334
3583095d0,5,8.4,0.7472654840896825,1.0,0.0,121.76079999999999,119.80499999999999,0.24352378400000002,0.078026362
3584bf68a,1,7.0,0.7801593200000001,1.0,0.0,50.42999999999999,50.42999999999999,0.27985874,0.061814155
358517d09,4,9.25,0.7759955484236112,1.0,0.0,73.95925,40.3065,0.250145895,0.0994411465
3595648ea,3,10.0,0.741398174,1.0,0.0,25.947666666666663,15.771999999999998,0.5539071066666666,0.3271568166666667
359dd0b52,2,10.0,0.7432268595,1.0,0.0,196.6195,196.6195,0.411576035,0.2003414425
35a62a8b1,1,10.0,0.7697557530000001,1.0,0.0,52.57599999999999,52.57599999999999,0.26492336,0.1116025
35b51bb28,1,5.0,0.707775844,1.0,0.0,22.566,22.566,0.47265762,0.2871141
35bb8ee8f,1,10.0,0.744675642,1.0,0.0,241.93999999999997,241.93999999999997,0.31703752,0.2863809
35bbb3a85,3,9.333333333333334,0.7856754985,1.0,0.0,130.814,154.19199999999998,0.3437573266666667,0.10638753333333333
35bbdb5fd,3,10.0,0.7233551976666667,1.0,0.0,160.585,193.85899999999998,0.26990531999999995,0.11212633333333333
35bd82365,1,10.0,0.764520307,1.0,0.0,223.76299999999998,223.76299999999998,0.21437658,0.031972595
35c0c3aca,6,8.333333333333334,0.7447863063597883,1.0,0.0,188.56499999999997,194.5335,0.315521695,0.14189501833333332
35c9855f5,4,9.75,0.74934635475,1.0,0.0,166.69525,154.635,0.2274722675,0.18017204
35cc85250,1,10.0,0.7519334919999998,1.0,0.0,197.72299999999998,197.72299999999998,0.33014756,0.043531045
35ce89b5c,4,10.0,0.769315168,1.0,0.0,187.004,214.9685,0.40863048999999996,0.0925319805
35d860fe5,2,8.5,0.7758545731428572,1.0,0.0,153.9915,153.9915,0.2182122,0.10390782500000001
35d9045fb,2,10.0,0.7947451785000001,1.0,0.0,82.9495,82.9495,0.16666166999999998,0.274757201
35dcf4794,2,10.0,0.7867749770000001,1.0,0.0,179.7465,179.7465,0.20572567,0.068252185
35f8b4bff,3,8.666666666666666,0.7511805751388888,1.0,0.0,122.22733333333333,122.831,0.17186440666666666,0.09610104000000001
35fc0fd89,4,9.25,0.7891393141428571,1.0,0.0,74.68525000000001,82.50300000000001,0.295119815,0.10312608475
35fdb89c9,2,10.0,0.7570152880000001,1.0,0.0,70.31099999999999,70.31099999999999,0.18244929,0.0708077225
360215e23,3,9.0,0.7633554304351852,1.0,0.0,145.60666666666665,119.36,0.21552282,0.10209273
360dcecb1,8,9.25,0.801905774860119,1.0,0.0,223.73062499999997,245.302,0.47325086,0.19205254875
3625dd7cf,14,10.0,0.8226236135,1.0,0.0,114.03792857142857,120.564,0.211522065,0.04213121298571428
3639e2409,1,10.0,0.8215796470000001,1.0,0.0,88.008,88.008,0.2500139,0.16295053
363e8df66,9,9.11111111111111,0.7311268328377425,1.0,0.0,155.27088888888886,160.783,0.1811575288888889,0.15458078277777776
364e3ac89,6,9.166666666666666,0.7860806408333333,1.0,0.0,114.45466666666668,102.02199999999999,0.22347954333333334,0.05280957333333333
365f29337,1,10.0,0.679162049,1.0,0.0,15.484,15.484,0.28687304,0.3046371
3664119b9,2,10.0,0.7668007135,1.0,0.0,181.3775,181.3775,0.26580902,0.06992672949999999
36681d1d5,2,10.0,0.825276774,1.0,0.0,66.29499999999999,66.29499999999999,0.3441204,0.112263965
3679001f5,5,8.4,0.77568397325,1.0,0.0,106.2936,84.472,0.24508458000000002,0.0654631102
3681bfdb9,4,9.75,0.7855842213333333,1.0,0.0,44.8695,51.084,0.3834035075,0.1758890425
368b2adc1,5,10.0,0.7453640246,1.0,0.0,47.2606,47.744,0.39612287999999996,0.13273831
3695274de,3,8.666666666666666,0.6779803027777778,0.6666666666666666,0.0,108.24633333333333,84.0,0.36258524000000003,0.15166905
36a216956,4,10.0,0.818884316,1.0,0.0,99.99924999999999,83.29499999999999,0.1606650235,0.0794721835
36a5b3b3e,2,10.0,0.7437883974999999,1.0,0.0,154.7545,154.7545,0.19549173,0.057666147
36ab1bdc9,3,9.666666666666666,0.780702685074074,1.0,0.0,184.78666666666666,229.626,0.17595872333333332,0.128540872
36b57b1ee,3,10.0,0.7223872626666666,1.0,0.0,28.628666666666664,19.299,0.24835317333333332,0.19849685000000003
36b7411f9,6,9.166666666666666,0.7234916023333334,0.8333333333333334,0.0,114.60000000000001,102.4915,0.1787358126666667,0.0637935018
36cc00cf3,2,9.5,0.7858580040555555,1.0,0.0,18.708,18.708,0.46549751500000003,0.145448735
36d764abf,4,10.0,0.85753082225,1.0,0.0,95.696,83.8845,0.2408585,0.03750000025
36d7fc2c5,1,10.0,0.774032224,1.0,0.0,196.582,196.582,0.25798255,0.046984572
36ddc4f2d,2,10.0,0.7737276799999999,1.0,0.0,105.21,105.21,0.26877760500000003,0.08328997499999999
36e1415c8,3,9.333333333333334,0.7689246137037037,1.0,0.0,88.73766666666667,85.60700000000001,0.23049961666666666,0.044451286666666666
36ea16468,4,8.0,0.7114991190625,1.0,0.0,47.122,39.714999999999996,0.2212155125,0.0636272965
36f07fbe0,5,9.0,0.7665506638277778,1.0,0.0,45.663,51.433,0.22847662,0.042767949000000006
370d17232,1,10.0,0.8348743050000001,1.0,0.0,26.592,26.592,0.2749593,0.01374814
3711579ed,10,9.3,0.7665065072380952,1.0,0.0,150.525,157.897,0.30052702,0.0986195205
3712c63fd,2,10.0,0.8182139190000001,1.0,0.0,103.53349999999999,103.53349999999999,0.23080910999999998,0.0979882
372433bc5,4,10.0,0.8093752585,1.0,0.0,122.6705,119.2825,0.4299513425,0.27745225425
3735485c1,2,10.0,0.762541186,1.0,0.0,102.3045,102.3045,0.33640605,0.102020465
373880ef5,4,10.0,0.75875928,1.0,0.0,156.97525,156.3625,0.3324991375,0.10611540875
373b98352,1,10.0,0.7561303880000001,1.0,0.0,164.49099999999999,164.49099999999999,0.23970741,0.14904499
37438ea50,1,10.0,0.8057524840000001,1.0,0.0,82.77699999999999,82.77699999999999,0.31335756,0.120187305
3745aa22f,2,10.0,0.7582657749999999,1.0,0.0,196.43849999999998,196.43849999999998,0.43718551,0.052549427999999995
374b76068,2,9.0,0.725796624,1.0,0.0,109.72949999999999,109.72949999999999,0.518524125,0.15031941
375794bcb,2,7.0,0.76448551375,1.0,0.0,202.51749999999998,202.51749999999998,0.27286931,0.307291255
3757e3734,2,9.0,0.76550248425,1.0,0.0,174.492,174.492,0.19529976999999998,0.084952745
375905770,3,8.0,0.7758331715555555,1.0,0.0,143.75233333333333,151.21800000000002,0.132225688,0.05626113533333333
3759a1d40,2,7.5,0.7924489991071428,1.0,0.0,141.60500000000002,141.60500000000002,0.21024395499999998,0.130939996
375a0eb3c,5,10.0,0.7650751642,1.0,0.0,78.27799999999999,57.589999999999996,0.19723893399999998,0.079956726
3760c73b1,1,10.0,0.757528938,1.0,0.0,21.299,21.299,0.3413002,0.33385155
377d9bef6,2,10.0,0.7698666105,1.0,0.0,34.57299999999999,34.57299999999999,0.40436999,0.15288100500000001
378406cf4,1,10.0,0.7620882470000001,1.0,0.0,193.653,193.653,0.10806339,0.038228735
37865f566,7,9.428571428571429,0.7544560516746033,1.0,0.0,201.68442857142855,197.674,0.2262537757142857,0.07934855771428571
379d5e10d,1,10.0,0.7495391189999999,1.0,0.0,114.556,114.556,0.23407294,0.16449879
37a11cc19,5,9.4,0.7749662409722222,1.0,0.0,141.8702,120.17699999999999,0.38790616,0.1176484568
37a8dcdce,5,8.6,0.742034638047619,1.0,0.0,141.5556,154.336,0.161164522,0.0342523778
37ae0cd69,2,10.0,0.837320114,1.0,0.0,196.2905,196.2905,0.268371955,0.0747289345
37bbc6060,4,9.0,0.7720598875,1.0,0.0,138.52875,135.176,0.24953171500000002,0.16918479775
37bf6da18,1,10.0,0.751197082,1.0,0.0,54.25599999999999,54.25599999999999,0.2677189,0.07370137
37cec5261,2,10.0,0.7890346505000001,1.0,0.0,149.911,149.911,0.16649171000000001,0.092221642
37d88b689,4,7.0,0.779263005,1.0,0.0,166.03275,193.4305,0.19908613,0.028990124
37e15671b,1,10.0,0.7073743840000001,1.0,0.0,197.362,197.362,0.2672654,0.049096067
37e47eeab,5,8.2,0.7806712115579365,1.0,0.0,130.3588,120.90199999999999,0.271230844,0.1165695246
37ed9080d,1,10.0,0.723859995,1.0,0.0,27.723,27.723,0.22883244,0.060316447
37fadf608,3,8.0,0.7308451018518518,1.0,0.0,120.88833333333334,84.689,0.27688819000000003,0.08614245933333332
380eaa884,11,10.0,0.8102388636363635,1.0,0.0,108.50609090909091,115.70100000000001,0.2820123209090909,0.16735402345454545
3813bc7c5,1,10.0,0.7686206170000001,1.0,0.0,81.51499999999999,81.51499999999999,0.44813734,0.103954926
3821d75e9,5,8.2,0.7728054924587301,1.0,0.0,19.2168,18.843,0.37059495,0.12840053899999998
3828225de,1,10.0,0.7883599219999999,1.0,0.0,83.60699999999999,83.60699999999999,0.1429733,0.06412591
382d948b1,2,9.5,0.6992425734444444,1.0,0.0,122.493,122.493,0.19752203,0.057037642
382e4bddd,3,9.666666666666666,0.7392902578888888,1.0,0.0,141.74800000000002,151.015,0.15034208666666668,0.057765173999999996
383e5b82e,2,10.0,0.7827090804999999,1.0,0.0,155.29999999999998,155.29999999999998,0.23048795,0.083882875
38436063c,1,10.0,0.7286028480000001,1.0,0.0,18.179,18.179,0.12451179,0.16558273
38470b3c1,3,10.0,0.8858017996666666,1.0,0.0,125.66966666666667,156.196,0.36760054333333336,0.09157127966666667
385028a00,3,9.666666666666666,0.7103603107777777,1.0,0.0,50.00966666666667,48.267,0.45709863333333334,0.16710912999999997
3859838cf,4,8.75,0.76813715525,0.75,0.0,85.78225,84.7325,0.31651938,0.08434364575
385b5b8fc,5,8.2,0.7038094662111111,1.0,0.0,171.84339999999997,192.53199999999998,0.19294822,0.0348210998
3863ab300,1,10.0,0.7892890530000001,1.0,0.0,119.661,119.661,0.0928019,0.03050208
386990598,2,7.5,0.7765033699999999,1.0,0.0,99.92349999999999,99.92349999999999,0.11063955,0.0247138395
386e1a0fd,5,10.0,0.7535371825999999,1.0,0.0,157.49259999999998,159.042,0.244833272,0.0788479258
387147d00,8,9.5,0.7971812970833334,1.0,0.0,20.5815,21.5215,0.3418987525,0.20873439125
387701d9d,9,9.777777777777779,0.7760769486790123,1.0,0.0,64.39722222222223,50.721999999999994,0.2853777966666666,0.069572647
387a2639c,1,7.0,0.788232287142857,1.0,0.0,126.749,126.749,0.27218676,0.021963824
387a8e71a,1,10.0,0.760034705,1.0,0.0,17.63,17.63,0.5489702,0.22632462
3890935ed,1,6.0,0.83275691,1.0,0.0,83.346,83.346,0.22240405,0.09262673
38a780df6,2,9.5,0.7829727547777778,1.0,0.0,101.51,101.51,0.193295695,0.086693547
38c5d4e0e,12,9.5,0.7801385292222222,1.0,0.0,125.11858333333333,102.1515,0.2516682491666667,0.11427286366666667
38d23c02f,1,9.0,0.7459458177777778,1.0,0.0,229.624,229.624,0.14614825,0.12158346
38e12233c,2,8.5,0.7413419129285714,1.0,0.0,143.5445,143.5445,0.47378775500000003,0.07623039
38e87cee8,5,9.0,0.7817127088071428,1.0,0.0,128.2532,122.39899999999999,0.301866788,0.0967741914
38ea54f1f,4,9.5,0.748903299625,1.0,0.0,149.78725,157.64,0.17804121750000002,0.09300327575
38f6d8ab9,1,9.0,0.7561973144444445,1.0,0.0,238.135,238.135,0.19284913,0.16788068
38f6f3011,4,9.5,0.7262123589375,1.0,0.0,155.142,156.20600000000002,0.249713925,0.10397155925
38fb7c50c,4,8.0,0.7794686828124999,1.0,0.0,106.19525,105.4845,0.3477874125,0.06822875875000001
38fc09756,2,10.0,0.78967114,1.0,0.0,85.20649999999998,85.20649999999998,0.22391775,0.17592558
38fd4509d,1,10.0,0.747498372,1.0,0.0,159.12099999999998,159.12099999999998,0.09547366,0.02089837
390c45d0c,5,9.2,0.8045463545333333,1.0,0.0,65.8434,51.043,0.273977364,0.0795913486
391da7c7d,1,10.0,0.835006745,0.0,0.0,86.553,86.553,0.35741392,0.20107624
392caeaed,2,10.0,0.712103656,1.0,0.0,87.777,87.777,0.4392394,0.17741935
392cb224a,6,8.666666666666666,0.7615611596712962,1.0,0.0,102.10149999999999,67.455,0.25777560666666666,0.08956237683333335
392d3346e,4,8.75,0.76588821875,1.0,0.0,154.95125,173.17649999999998,0.17971798,0.05564807525
39366118c,2,10.0,0.834033783,1.0,0.0,98.3055,98.3055,0.15635937,0.015132042
393e0c8a5,3,8.666666666666666,0.7788004892222222,1.0,0.0,180.38,192.42899999999997,0.22199438333333332,0.02718919066666667
394217006,5,9.8,0.8082523078444444,1.0,0.0,27.708799999999997,23.070999999999998,0.303584956,0.10259738199999999
39444f259,10,9.9,0.7882775124444443,1.0,0.0,110.36659999999999,84.494,0.3084724756,0.1019717439
3947180ba,3,8.666666666666666,0.7731198036349207,1.0,0.0,131.74366666666666,154.679,0.28691551,0.033315957666666667
3948f67d7,10,7.5,0.7282967620789682,0.9,0.0,105.5944,125.488,0.344245125,0.24425409400000003
396910627,1,3.0,0.6352394466666667,1.0,0.0,165.846,165.846,0.29772937,0.018087558
39816161d,5,9.2,0.7939279935555555,1.0,0.0,151.8648,186.121,0.266725482,0.1030176872
39818f12c,3,8.0,0.7979588405000001,1.0,0.0,112.43166666666666,52.370000000000005,0.3295502633333333,0.13983723
3983e7c06,1,10.0,0.8138403539999999,1.0,0.0,83.92699999999999,83.92699999999999,0.34453592,0.08106466
39944ac3f,3,9.333333333333334,0.7737749240833334,1.0,0.0,63.422333333333334,56.97,0.3162201333333333,0.05098826233333333
399856928,1,10.0,0.8631598300000001,1.0,0.0,58.99999999999999,58.99999999999999,0.38900545,0.15634756
3998bcfec,1,10.0,0.7534672969999999,1.0,0.0,77.143,77.143,0.07626094,0.015206813
39a66e7cb,1,9.0,0.7605057788888888,1.0,0.0,24.950999999999997,24.950999999999997,0.52804166,0.2221644
39adf62b4,3,9.666666666666666,0.8054718794444443,1.0,0.0,134.647,191.56999999999996,0.20059979333333333,0.04306856233333334
39b3fe88f,3,9.0,0.7512815613333333,1.0,0.0,180.273,157.452,0.26658134,0.13091108666666668
39ba962ef,1,10.0,0.8108966050000002,1.0,0.0,30.412999999999997,30.412999999999997,0.17652093,0.039324936
39bf24ec8,5,9.6,0.747849072,1.0,0.0,128.501,121.569,0.229955518,0.0324636696
39c02e302,3,9.666666666666666,0.7821582908148148,1.0,0.0,40.59,46.018,0.20361739,0.11626904333333334
39ec77c60,1,6.0,0.79172915,1.0,0.0,10.555,10.555,0.14733474,0.3546806
39fb68722,3,10.0,0.7532008726666666,1.0,0.0,148.51999999999998,194.99999999999997,0.22801559000000002,0.12857970100000002
39fcd2ca4,1,10.0,0.751201934,1.0,0.0,23.195999999999998,23.195999999999998,0.29053187,0.11068489
3a016a6a0,4,9.75,0.7877405260277778,1.0,0.0,127.166,136.024,0.2328841975,0.04277228675
3a050484c,11,10.0,0.8559565083636363,1.0,0.0,169.03099999999998,191.16799999999998,0.31848567363636365,0.13355721672727272
3a0ebb3d1,1,2.0,0.7186053400000001,1.0,0.0,154.68399999999997,154.68399999999997,0.1169473,0.009537002
3a36bdba5,2,9.5,0.7311681277777777,1.0,0.0,114.31899999999999,114.31899999999999,0.19039167499999998,0.0557578915
3a3ae56f1,3,8.666666666666666,0.7348641286111111,1.0,0.0,121.27,117.47800000000001,0.41606370666666664,0.1947127866666667
3a3dc1dab,1,7.0,0.7517946742857143,1.0,0.0,87.16799999999999,87.16799999999999,0.20837735,0.03886588
3a4178fe9,4,8.75,0.766170347,1.0,0.0,64.2285,63.257,0.26917636,0.08383194675
3a4ce4c6e,1,10.0,0.840643858,1.0,0.0,150.72799999999998,150.72799999999998,0.38365564,0.25485605
3a5fb3c1f,1,10.0,0.7481983560000001,1.0,0.0,83.57199999999999,83.57199999999999,0.21427538,0.052984897
3a6197f6d,5,10.0,0.80516601,1.0,0.0,48.0342,52.147,0.488844594,0.240388046
3a67f200f,3,10.0,0.7720835616666667,1.0,0.0,98.72399999999999,51.498999999999995,0.30649774333333335,0.08928777883333333
3a7b85800,1,9.0,0.7594642655555556,1.0,0.0,228.593,228.593,0.2546165,0.08307319
3a7d3c17e,7,9.285714285714286,0.7664805036904763,1.0,0.0,90.34028571428571,82.22800000000001,0.2758691042857143,0.10979955385714286
3a88e6c8f,1,10.0,0.8141814060000001,1.0,0.0,154.337,154.337,0.11227648,0.14559487
3a8f24615,1,10.0,0.7893957460000001,1.0,0.0,83.15899999999999,83.15899999999999,0.17543782,0.2166395
3a8f89229,4,10.0,0.79500914525,1.0,0.0,67.06475,35.171,0.6138044025,0.20083019125
3a94fdf2d,2,10.0,0.7624440495,1.0,0.0,100.713,100.713,0.22226917499999999,0.035896932
3a9f1c036,10,9.2,0.7563129804833333,1.0,0.0,132.62939999999998,141.99949999999998,0.277847258,0.133579652
3aa4a07dc,3,9.666666666666666,0.7414717858148148,1.0,0.0,135.41233333333332,155.829,0.38647263666666665,0.09171580833333333
3ad53090d,3,8.0,0.7864460153439153,1.0,0.0,95.363,48.495000000000005,0.17964355666666668,0.19620764999999998
3ae326dba,5,9.4,0.7639644630444444,1.0,0.0,170.34539999999998,159.78199999999998,0.29934816799999997,0.15799962399999998
3ae51e685,3,10.0,0.774562134,1.0,0.0,105.56299999999999,60.11299999999999,0.32361820333333335,0.10859620466666665
3af14a63c,5,9.6,0.7636501694,1.0,0.0,104.5452,117.42899999999999,0.18896822000000002,0.0455366416
3af1dedf7,2,8.0,0.7797239155555554,1.0,0.0,156.1705,156.1705,0.33045629,0.0806018085
3af2b1473,1,10.0,0.713123926,1.0,0.0,150.566,150.566,0.19350658,0.01720293
3af847ce9,6,9.0,0.7805311101666668,1.0,0.0,168.35516666666666,159.5815,0.24659258833333333,0.06941877616666667
3afb76273,4,9.25,0.7647668634305556,1.0,0.0,182.3355,177.65449999999998,0.187952485,0.094301179
3afe6f1fc,3,9.666666666666666,0.7547654518518518,1.0,0.0,151.20733333333334,150.186,0.21060160333333333,0.04781693633333334
3b0238af8,7,9.571428571428571,0.7614607538492064,1.0,0.0,127.50685714285714,90.782,0.2551192642857143,0.18856960142857143
3b0b2a86a,5,10.0,0.8630925159999998,1.0,0.0,95.6366,83.957,0.26278784,0.121779762
3b0b88ac2,3,10.0,0.8719713423333334,1.0,0.0,82.31533333333333,83.433,0.2764851,0.06537821666666667
3b1391dda,4,9.25,0.7601973473194444,1.0,0.0,121.14824999999999,137.2465,0.284991475,0.146025766
3b15c42d3,5,9.0,0.7837662286,1.0,0.0,167.6206,196.92,0.37366094600000005,0.1045365292
3b178aa59,5,9.4,0.7767169806285714,1.0,0.0,144.2498,157.771,0.24278880799999997,0.1663935268
3b1976326,6,10.0,0.7477367473333333,1.0,0.0,161.07649999999998,155.961,0.19085433666666665,0.07341889166666667
3b2a0338e,1,10.0,0.869669807,1.0,0.0,216.532,216.532,0.13224038,0.07420769
3b2b69d20,4,8.75,0.794218579125,1.0,0.0,39.046499999999995,25.1195,0.401871725,0.11540517175000001
3b2f6d5b2,5,9.4,0.7846294091142857,1.0,0.0,153.34459999999999,150.472,0.358896498,0.08647265
3b3349318,1,10.0,0.815906268,1.0,0.0,191.49599999999998,191.49599999999998,0.19859388,0.037547693
3b3ce72d1,2,9.5,0.7702842983888889,1.0,0.0,71.124,71.124,0.42960607500000003,0.272084945
3b41cf42a,5,8.8,0.7483074417166666,1.0,0.0,98.3548,80.027,0.199994102,0.11397849500000001
3b4a987ba,3,10.0,0.8160536970000001,1.0,0.0,165.96866666666665,189.04799999999997,0.26904484666666667,0.07233671733333333
3b4b4cb9c,5,9.8,0.7852435907111112,1.0,0.0,55.555600000000005,24.712,0.38497401800000003,0.1766562628
3b4bb9973,6,8.0,0.7653530915833332,1.0,0.0,185.39233333333334,198.68,0.3043462083333333,0.12889894633333335
3b7aad341,1,10.0,0.821633563,1.0,0.0,190.81,190.81,0.10160348,0.049031008
3b8b38508,8,9.125,0.7449831110486111,1.0,0.0,130.1325,116.48299999999999,0.22939820125,0.09498569150000001
3b901ae31,4,10.0,0.81294895875,1.0,0.0,195.47674999999998,197.44099999999997,0.33111261000000003,0.139980055
3b923cef0,1,9.0,0.7702148877777778,1.0,0.0,24.537999999999997,24.537999999999997,0.26085156,0.197624
3b95539f0,6,10.0,0.7962918168333334,1.0,0.0,101.30266666666667,67.8595,0.26157036,0.09083420133333332
3b9f04df5,6,7.333333333333333,0.738005104037037,0.8333333333333334,0.0,161.22199999999998,157.329,0.227913755,0.09725103966666666
3ba4ccb80,5,10.0,0.7860168166,1.0,0.0,77.9394,49.484,0.357820802,0.1733650608
3ba7056bb,2,10.0,0.744362481,1.0,0.0,102.73249999999999,102.73249999999999,0.177736365,0.0523455615
3ba83a496,1,10.0,0.804425185,1.0,0.0,122.69599999999998,122.69599999999998,0.42762125,0.0702203
3bb1086d6,5,8.6,0.7759442718285714,1.0,0.0,93.10379999999999,125.238,0.333338376,0.1350275624
3bbbccce4,8,9.625,0.7742800454826388,1.0,0.0,102.723,100.173,0.20778847,0.103998311875
3bc84c4a9,1,10.0,0.705891885,1.0,0.0,56.61599999999999,56.61599999999999,0.2433541,0.061996397
3bcc3be83,4,8.75,0.7975984803809524,1.0,0.0,108.77749999999999,103.06,0.21774183,0.050620014500000005
3be154287,3,10.0,0.7371802486666666,1.0,0.0,74.71766666666666,16.712,0.43794120000000003,0.25896813333333335
3bedb1ef9,15,9.466666666666667,0.7818683029722222,1.0,0.0,82.82773333333333,53.733999999999995,0.30543815333333335,0.15930954653333332
3bef75882,2,8.0,0.766489685,1.0,0.0,51.863,51.863,0.15480812,0.043996416
3befd2af6,2,9.0,0.77484920925,1.0,0.0,153.981,153.981,0.273287285,0.155311137
3bf6cdab0,9,9.11111111111111,0.7816936295061728,1.0,0.0,141.63088888888888,160.42399999999998,0.19923434722222222,0.06411145877777778
3bf71f7b1,2,10.0,0.7748179315,1.0,0.0,137.9,137.9,0.12783363,0.010796046
3bf7bccc9,3,8.333333333333334,0.7414257087380953,1.0,0.0,178.668,189.698,0.29286560666666667,0.16142039333333333
3bfb759ce,1,10.0,0.76380232,1.0,0.0,195.344,195.344,0.27152583,0.10702951
3c008b0b7,8,9.625,0.7339577330138889,1.0,0.0,95.4315,81.7175,0.29909441625,0.1137272645625
3c0450f2f,4,7.75,0.7833621917380952,1.0,0.0,136.12525,136.15249999999997,0.223680165,0.066554728
3c155d21c,10,8.7,0.771211902352381,1.0,0.0,132.1182,119.1545,0.22435178699999997,0.038060479800000005
3c155e05c,1,9.0,0.7172031388888889,1.0,0.0,21.879999999999995,21.879999999999995,0.46122319,0.1688469
3c1cc2c24,3,9.666666666666666,0.7514817925925925,1.0,0.0,60.142999999999994,50.50099999999999,0.22025984666666668,0.13587529566666667
3c2100f6e,2,10.0,0.708313367,1.0,0.0,123.40199999999999,123.40199999999999,0.20706085000000002,0.26675871
3c25f4969,2,10.0,0.776161002,1.0,0.0,155.15299999999996,155.15299999999996,0.190042015,0.014695307999999999
3c29e8689,3,10.0,0.769962753,1.0,0.0,195.93533333333335,197.12599999999998,0.2905091633333333,0.050179212333333334
3c2a1ed3b,2,10.0,0.7765173004999999,1.0,0.0,48.45949999999999,48.45949999999999,0.469091335,0.135622615
3c2e29219,5,8.4,0.7374178582722222,1.0,0.0,65.346,51.175,0.24785600800000002,0.0806873874
3c30c4a49,2,9.0,0.7929540475,1.0,0.0,137.79149999999998,137.79149999999998,0.36865462000000004,0.127054113
3c43b7541,1,10.0,0.731871304,1.0,0.0,52.299,52.299,0.09170111,0.031221695
3c5a98448,5,8.2,0.7401682690960317,1.0,0.0,151.379,155.78300000000002,0.306689846,0.0689967504
3c5e8cc5d,1,10.0,0.7675071969999999,1.0,0.0,25.141999999999996,25.141999999999996,0.29921055,0.1467274
3c6329c92,6,8.0,0.7623743484867725,1.0,0.0,108.29216666666666,119.572,0.20622511333333335,0.13648694933333333
3c778df64,4,9.25,0.7685396688124999,0.0,0.0,140.38275,158.6485,0.2369027875,0.06266387875
3c7dd9982,1,10.0,0.777153708,1.0,0.0,246.174,246.174,0.2108528,0.20396803
3c8468196,5,9.8,0.7367479074000001,1.0,0.0,116.54279999999999,119.37899999999999,0.186139636,0.09840615948
3c97d1670,7,10.0,0.7722636751428571,1.0,0.0,81.72842857142857,26.523,0.3090228371428571,0.1811600057142857
3c9dbc88e,3,7.666666666666667,0.7804373614351853,1.0,0.0,31.179999999999996,18.729,0.3727299,0.11258304833333334
3c9dc7370,4,10.0,0.8212258402500001,1.0,0.0,58.911249999999995,49.998999999999995,0.2994278575,0.062818415
3ca057824,1,10.0,0.877131539,1.0,0.0,159.598,159.598,0.2747295,0.014244206
3cbe65e9a,3,10.0,0.8371886796666667,1.0,0.0,132.79,85.59799999999998,0.20796041333333334,0.15508365999999998
3cc6c4102,5,9.6,0.7981028915999999,1.0,0.0,121.90899999999999,117.94099999999999,0.308387404,0.045253456799999994
3cc84c2f8,5,9.2,0.7678385213015873,1.0,0.0,106.8658,113.95199999999998,0.134516313,0.0318765174
3cc9490b8,3,8.666666666666666,0.7853764992222222,1.0,0.0,138.87766666666667,150.007,0.35367864666666665,0.0983783089
3cd5d9102,1,9.0,0.7366718844444444,1.0,0.0,119.439,119.439,0.35351673,0.062334076
3cdaf32d2,2,10.0,0.803703523,1.0,0.0,139.65499999999997,139.65499999999997,0.154721325,0.06615695249999999
3ce0f0aa5,4,10.0,0.7824726989999999,1.0,0.0,23.15225,22.505499999999998,0.6823258925,0.3271783975
3ce528284,1,10.0,0.821056323,1.0,0.0,194.564,194.564,0.17228879,0.043120153
3cf06742b,1,8.0,0.70341731,1.0,0.0,186.49400000000003,186.49400000000003,0.5669004,0.108394034
3cf8487d4,21,9.666666666666666,0.7581531141058202,1.0,0.0,101.82071428571429,83.211,0.3282833728571428,0.09029945628571429
3cfec8730,5,8.2,0.7680453426722222,1.0,0.0,149.76619999999997,156.849,0.18754279199999999,0.1166146392
3d011c364,5,7.8,0.7334051963333333,0.8,0.0,89.00739999999999,87.32699999999998,0.146583861,0.090722943
3d0752cd9,5,10.0,0.7580472058,1.0,0.0,131.198,152.189,0.301331514,0.1726543486
3d0a4c45a,4,10.0,0.8159538375,1.0,0.0,36.693,36.0085,0.20597632500000002,0.11635783699999999
3d1d0f102,9,9.88888888888889,0.7597093851728395,1.0,0.0,175.69577777777778,188.11399999999998,0.33077008888888887,0.235316222
3d277ebe6,3,9.333333333333334,0.7888594634166667,1.0,0.0,82.86733333333335,84.717,0.2622952033333333,0.062174818
3d3006ccc,3,9.666666666666666,0.7469185298148148,1.0,0.0,153.827,119.779,0.31610273333333333,0.16085463666666666
3d3aef491,7,9.0,0.7611772757698413,1.0,0.0,66.29157142857143,81.96,0.19147856285714288,0.07371866814285714
3d51f4560,2,8.5,0.7708124535,1.0,0.0,86.23599999999999,86.23599999999999,0.232092715,0.12395941700000002
3d63dfd14,1,10.0,0.7597324540000001,1.0,0.0,119.517,119.517,0.2062174,0.035522275
3d6f14681,2,10.0,0.805062219,1.0,0.0,87.82950000000001,87.82950000000001,0.25501643500000004,0.059077177499999994
3d7204289,3,9.666666666666666,0.7466234694814814,1.0,0.0,204.2603333333333,189.527,0.42073978666666667,0.13179931166666667
3d7275647,2,10.0,0.7444207505,1.0,0.0,102.163,102.163,0.29643377,0.0551834015
3d751fe45,2,6.0,0.7749159750000001,1.0,0.0,20.372,20.372,0.44795759999999996,0.082394295
3d7d23a52,1,9.0,0.7754630844444446,1.0,0.0,242.185,242.185,0.25690946,0.10466528
3d8a35224,6,10.0,0.7999380180000001,1.0,0.0,119.34166666666665,122.737,0.22119596833333333,0.09616645133333335
3d9346cfb,2,6.5,0.7902461951190476,1.0,0.0,157.9395,157.9395,0.247113155,0.140612744
3d9784a88,2,10.0,0.741443795,1.0,0.0,233.00400000000002,233.00400000000002,0.156035658,0.137790495
3d97fa45c,1,10.0,0.761108822,1.0,0.0,122.109,122.109,0.25371063,0.29319316
3d9a62b53,4,10.0,0.877252591,1.0,0.0,111.28699999999999,101.529,0.3287357575,0.1101985435
3d9b4bdc1,4,8.0,0.7668715203750001,0.75,0.0,103.90899999999999,69.335,0.24584966749999998,0.108634547
3d9ee26e3,6,9.666666666666666,0.75648429675,1.0,0.0,158.68766666666667,139.7255,0.13468885333333333,0.07677745366666666
3dab3050c,3,6.333333333333333,0.7116619681746031,1.0,0.0,84.52433333333333,84.669,0.14583877666666667,0.09970944999999999
3dae967f1,5,7.8,0.7674990300833333,1.0,0.0,127.9186,122.276,0.3157941268,0.07054247179999999
3daede547,2,9.5,0.7745650353333333,1.0,0.0,38.7805,38.7805,0.187128315,0.021238185700000002
3db150833,1,10.0,0.746194451,1.0,0.0,192.284,192.284,0.14320809,0.051608793
3dc98128b,1,10.0,0.7332268890000001,1.0,0.0,194.29399999999998,194.29399999999998,0.20816,0.08762233
3dd380ccb,4,10.0,0.7733945815,1.0,0.0,38.0515,23.6035,0.2259661175,0.075299292
3dd6ea6bb,2,10.0,0.7901012225,1.0,0.0,116.17349999999999,116.17349999999999,0.276116295,0.10522893
3de1d3794,6,9.666666666666666,0.7716829832962963,1.0,0.0,104.8215,85.1885,0.24899700833333335,0.09666220983333333
3de1de812,3,9.666666666666666,0.7689479186296296,1.0,0.0,87.23566666666666,116.51199999999999,0.29626283000000003,0.08490656333333334
3de6bc035,4,8.0,0.791885870530754,1.0,0.0,137.4865,137.9215,0.2561077485,0.13373244350000002
3ded98af9,3,8.666666666666666,0.7799784458333333,1.0,0.0,99.46266666666666,85.55399999999999,0.27796195333333334,0.1844676133333333
3df923a0e,1,8.0,0.79390526,1.0,0.0,57.94,57.94,0.51750946,0.123031974
3e0ce6020,2,10.0,0.7941037369999999,1.0,0.0,193.1945,193.1945,0.24175967999999998,0.18350932
3e0d923df,2,9.5,0.740251092,1.0,0.0,90.998,90.998,0.3679254,0.121314603
3e13d34d6,1,9.0,0.7631758022222221,1.0,0.0,230.556,230.556,0.26544484,0.057170544
3e158c21e,3,9.666666666666666,0.7342728811851852,1.0,0.0,129.68233333333333,124.85299999999998,0.30292216,0.042974058
3e2347b40,3,9.666666666666666,0.7603310626296297,1.0,0.0,130.965,121.05899999999998,0.177035775,0.05689540266666667
3e25d4fb8,2,7.5,0.7851930201785714,1.0,0.0,151.37599999999998,151.37599999999998,0.17719612,0.087547045
3e26edfa8,5,6.4,0.7516506031071428,1.0,0.0,106.41839999999999,117.86,0.185936106,0.07342763467999999
3e373923e,4,8.5,0.7686923934166667,1.0,0.0,129.634,150.9125,0.26894334750000004,0.18034599425
3e411bd12,3,8.666666666666666,0.7410659882222222,1.0,0.0,166.75133333333332,178.28099999999998,0.16631955666666667,0.11793068966666666
3e463e29e,6,9.5,0.7387013837222223,1.0,0.0,177.88933333333333,193.04049999999998,0.41457951833333334,0.18951612916666669
3e4f81782,4,9.25,0.7839694217569445,1.0,0.0,72.23774999999999,71.98299999999999,0.24736608499999999,0.1163935125
3e50a5575,7,9.428571428571429,0.7596462178956916,1.0,0.0,84.91457142857143,52.413,0.32470229857142857,0.1594755572857143
3e5627478,2,9.5,0.7724839866666666,1.0,0.0,89.57300000000001,89.57300000000001,0.18103011,0.074597599
3e65ffa3c,3,8.333333333333334,0.7580736437777778,1.0,0.0,166.60333333333332,186.04199999999997,0.11613327666666667,0.012797422000000001
3e6d8a2c9,5,9.8,0.7195795473111112,1.0,0.0,70.30120000000001,54.379,0.26177126800000006,0.0752127906
3e6fa700b,7,9.857142857142858,0.7640724410952381,1.0,0.0,162.07185714285717,153.525,0.3087516342857143,0.13141590542857143
3e82bfd8d,5,7.4,0.7639864829642857,1.0,0.0,157.95299999999997,160.963,0.340888386,0.073100937
3e82e76cb,2,10.0,0.8095523254999999,1.0,0.0,85.61299999999999,85.61299999999999,0.275888155,0.075142228
3e9a56447,3,9.0,0.7684019420277778,1.0,0.0,184.08666666666667,159.494,0.24202721333333332,0.16236197766666668
3ea00c9fd,3,9.333333333333334,0.785060927037037,1.0,0.0,21.91333333333333,22.484,0.4651227666666667,0.10717435999999998
3eaa698d3,5,9.0,0.77414059195,1.0,0.0,26.9938,19.897,0.370573602,0.185803668
3eaae43f3,3,10.0,0.7686426606666666,1.0,0.0,49.12633333333333,21.195999999999998,0.45915888,0.14402485666666667
3ebe9f7af,3,6.666666666666667,0.7760064986507937,1.0,0.0,132.36599999999999,83.142,0.16168626866666666,0.09325119866666666
3ec367f79,1,10.0,0.753485194,1.0,0.0,196.56499999999997,196.56499999999997,0.21828619,0.03832813
3ed60e624,5,7.4,0.8486081607380953,1.0,0.0,112.41579999999999,113.369,0.177058246,0.051100306
3edf44325,5,10.0,0.7626301684000001,1.0,0.0,171.81439999999998,193.902,0.24674890600000002,0.0912491022
3ee05e0d5,5,8.6,0.7610197372730159,1.0,0.0,153.0382,156.099,0.277564702,0.0877318528
3ee76f8a2,6,10.0,0.7355214733333334,1.0,0.0,91.84716666666667,85.072,0.27374777499999997,0.23353855666666667
3ef5f0537,3,8.666666666666666,0.7742391752222222,1.0,0.0,155.87766666666667,156.35,0.20476980133333333,0.04624812066666667
3ef9ac2a6,3,10.0,0.7555470736666666,1.0,0.0,52.447333333333326,52.29899999999999,0.42669912000000004,0.124465255
3effb8d44,2,10.0,0.754239184,1.0,0.0,100.9405,100.9405,0.19051480999999998,0.100297332
3f016dcab,6,8.0,0.7833467264761905,1.0,0.0,77.52483333333333,36.733999999999995,0.18500996833333336,0.0930965485
3f03da51e,11,9.545454545454545,0.7816025082770562,1.0,0.0,134.55154545454545,152.613,0.20216364509090912,0.05588402272727273
3f0c30d12,4,8.75,0.7448670918472222,1.0,0.0,120.72025,119.5145,0.26311668,0.17987019625
3f169c299,12,8.416666666666666,0.7740815681101191,1.0,0.0,180.88258333333332,194.062,0.2511338691666667,0.07218708441666667
3f222f11f,1,5.0,0.790983582,1.0,0.0,197.61399999999998,197.61399999999998,0.17832999,0.10206382
3f2a40f0a,2,10.0,0.763953172,1.0,0.0,66.7905,66.7905,0.308562145,0.139204455
3f2d1ff6c,2,9.5,0.8125027256111111,1.0,0.0,124.18549999999999,124.18549999999999,0.20433445,0.129485965
3f38aabf4,6,10.0,0.7621324543333333,1.0,0.0,115.23216666666667,85.34200000000001,0.22536166666666668,0.08956279216666667
3f3962d65,3,10.0,0.7931942746666666,1.0,0.0,167.02266666666665,152.936,0.25371966333333335,0.25148241666666665
3f3e1f288,2,10.0,0.7894302045,1.0,0.0,48.6195,48.6195,0.29768476499999996,0.027131784
3f42bd15e,3,10.0,0.7640038319999999,1.0,0.0,85.29866666666666,80.717,0.24769456,0.08897592866666666
3f4cf8745,2,10.0,0.7496780805,1.0,0.0,67.58,67.58,0.38982454499999997,0.076440502
3f4d6a956,4,9.75,0.7725858222222223,1.0,0.0,166.34474999999998,159.2955,0.297025945,0.08140127625
3f4fff7b2,1,9.0,0.7357977177777778,1.0,0.0,155.985,155.985,0.12461889,0.032258064
3f518238a,3,9.666666666666666,0.749367529,1.0,0.0,111.30099999999999,120.92399999999999,0.27047282666666667,0.092094875
3f53ec8cd,3,10.0,0.7834416876666667,1.0,0.0,136.01266666666666,159.61399999999998,0.12886519166666668,0.12130017
3f5405630,16,9.9375,0.8454243216736111,1.0,0.0,78.09625,81.8815,0.4272103525,0.13886359525
3f5ec6144,1,10.0,0.872801258,1.0,0.0,53.519,53.519,0.19875129,0.023239681
3f7ef9681,1,10.0,0.787258606,1.0,0.0,50.396,50.396,0.25998858,0.04617519
3f834da3b,4,10.0,0.7717983752500001,1.0,0.0,38.0475,38.211999999999996,0.273198755,0.1131023775
3f8824a3b,1,10.0,0.7190089630000001,1.0,0.0,153.72799999999998,153.72799999999998,0.19006656,0.0456621
3f9b11590,1,10.0,0.785975991,1.0,0.0,120.53699999999999,120.53699999999999,0.21018371,0.2641731
3f9f466d1,7,9.571428571428571,0.7743645763333333,1.0,0.0,107.05685714285714,115.0,0.2910540428571428,0.06459561971428572
3fa0de4e4,6,10.0,0.7795455495,1.0,0.0,69.87466666666667,54.07899999999999,0.33144291666666664,0.09854518366666666
3fa277b19,2,9.5,0.7302930497777778,1.0,0.0,113.582,113.582,0.21548399,0.0519210765
3fa341801,30,9.6,0.7970922643550264,1.0,0.0,47.936233333333334,19.796999999999997,0.48708521083333334,0.2125542926
3fbc3fa12,1,8.0,0.8238333325,1.0,0.0,166.908,166.908,0.24601868,0.09534085
3fbc4677d,5,10.0,0.7478900318,1.0,0.0,178.1524,187.827,0.5472507999999999,0.14755463
3fccff52b,2,10.0,0.7791740684999999,1.0,0.0,140.875,140.875,0.359096955,0.05935436499999999
3fcf1b40a,4,8.25,0.7748748751636905,1.0,0.0,148.15775,156.27749999999997,0.26601542,0.07813042025
3feae3fb7,7,9.571428571428571,0.7737722352698412,1.0,0.0,153.75014285714286,159.147,0.17260707714285714,0.06520985085714286
3fed382c0,1,8.0,0.8042825462500001,1.0,0.0,116.945,116.945,0.27324697,0.036246967
3ff737b0e,3,9.666666666666666,0.7609610718518519,1.0,0.0,166.73766666666666,156.795,0.16597421999999998,0.061698340666666664
400a15912,5,9.8,0.7599152338444444,1.0,0.0,112.05499999999999,116.757,0.270145046,0.07835154479999999
400e57095,5,9.4,0.7664299363,1.0,0.0,132.0222,148.38199999999998,0.15222155099999998,0.11257517239999999
400eaa6d5,8,8.25,0.71441283425,1.0,0.0,140.80325,157.687,0.28870764625,0.081229758125
40156a896,5,9.0,0.7367187529500001,1.0,0.0,85.55279999999999,84.689,0.1267510772,0.0339690336
401fcc4c5,18,8.5,0.7761042628062169,1.0,0.0,56.087833333333336,35.983,0.3063433211111111,0.11108482533333333
402799b02,5,10.0,0.7676621640000001,1.0,0.0,172.7516,190.15099999999998,0.31446465,0.03158129480000001
402e83205,2,9.0,0.814023374,1.0,0.0,86.36749999999999,86.36749999999999,0.16229812999999998,0.05872139750000001
40309f25c,1,8.0,0.7822989312499999,1.0,0.0,122.79599999999999,122.79599999999999,0.17258723,0.11824539
4033fee1a,1,10.0,0.797165554,1.0,0.0,147.603,147.603,0.21937141,0.01751152
4036e0e12,9,8.555555555555555,0.7890195396468254,1.0,0.0,126.61122222222222,119.44099999999999,0.22985663,0.07251576211111112
403aa5c4b,1,10.0,0.7609318810000001,1.0,0.0,118.06899999999999,118.06899999999999,0.38910607,0.17030871
404eb3b06,2,9.5,0.7567764036111111,1.0,0.0,117.63749999999999,117.63749999999999,0.23287534,0.17287205
40501d365,1,10.0,0.7432065350000001,1.0,0.0,196.729,196.729,0.27630553,0.043184184
405b63ca5,9,8.666666666666666,0.7368079560701059,1.0,0.0,191.66855555555554,221.722,0.37361070555555553,0.3067621631111111
4060caeb1,3,10.0,0.7387547676666667,1.0,0.0,129.74066666666667,121.984,0.27555385666666665,0.111602498
4068b452d,5,8.2,0.7966052040444445,1.0,0.0,84.77459999999999,81.67799999999998,0.12847058760000002,0.043808532
4079020a6,5,8.4,0.7945385829333332,1.0,0.0,179.1658,199.723,0.29505307799999997,0.1123963106
4082acebb,1,10.0,0.7556573999999999,1.0,0.0,158.64099999999996,158.64099999999996,0.33821818,0.3717793
4084b0a93,3,9.0,0.8094692329074075,1.0,0.0,22.644666666666666,26.732,0.29993949333333336,0.08717770766666666
409ccc60e,11,8.545454545454545,0.779146547335137,0.9090909090909091,0.0,69.87218181818183,75.873,0.34768331454545454,0.12640002236363637
40b1839ea,7,9.571428571428571,0.7739439513253968,1.0,0.0,57.50599999999999,28.647999999999996,0.3879080642857143,0.11754868628571429
40b31be60,4,10.0,0.8009290367499999,1.0,0.0,102.259,117.2355,0.1823139725,0.05659976675
40b53f6c2,2,9.5,0.7785393661111111,1.0,0.0,37.625,37.625,0.23868082499999999,0.0878686175
40c0fdccb,5,8.2,0.7655392866555556,1.0,0.0,37.7978,21.409,0.297911094,0.0582114596
40c204453,4,9.5,0.791077739875,1.0,0.0,44.796749999999996,50.42699999999999,0.1997858425,0.11314151625
40d7cb083,4,9.25,0.7895795129305555,1.0,0.0,85.08525,47.972,0.2428087,0.06494970525
40ea976de,6,9.666666666666666,0.7586551349166667,1.0,0.0,18.331333333333333,19.4865,0.3325386133333333,0.13144583299999998
40f17b3a1,3,7.0,0.8229472256746031,1.0,0.0,170.16066666666666,159.01,0.13315563333333333,0.03782603366666667
40f1ee340,5,9.8,0.7532470451111111,1.0,0.0,176.67860000000002,179.274,0.16747102,0.064601593
40fbb932c,3,8.0,0.7764647491428572,1.0,0.0,180.38466666666667,190.734,0.17918653666666665,0.082471972
40fdde0aa,6,9.666666666666666,0.7699908411666666,1.0,0.0,125.25283333333333,118.51149999999998,0.24222669333333333,0.08456840666666667
4103336dd,1,8.0,0.7350434825,1.0,0.0,200.31,200.31,0.33225945,0.14560857
410490c8d,5,10.0,0.8051060968,1.0,0.0,136.2262,156.958,0.21636883999999998,0.0919786096
4106b7290,5,10.0,0.8318005707999999,1.0,0.0,124.6162,115.13999999999999,0.12044856099999998,0.07254595820000001
410707dda,1,10.0,0.749331744,1.0,0.0,23.070999999999998,23.070999999999998,0.5857564,0.17117585
41175dcb5,3,10.0,0.7560983340000001,1.0,0.0,143.95399999999998,156.06099999999998,0.14806513366666665,0.12712387
411792ceb,5,9.2,0.7634062102388889,1.0,0.0,142.8698,120.63000000000001,0.1365212592,0.09512305439999999
411bba4e8,6,8.833333333333334,0.760668995672619,1.0,0.0,121.89783333333332,121.368,0.27087849166666667,0.14303676691666664
4128e8e80,1,10.0,0.777989451,1.0,0.0,117.75999999999999,117.75999999999999,0.39504257,0.07764977
412b8d565,4,9.0,0.7443102195992063,1.0,0.0,63.19,68.293,0.2327776725,0.1064993725
412b93160,3,10.0,0.7914764870000001,1.0,0.0,94.505,84.04299999999999,0.15452739000000001,0.027436179333333335
412d6c47d,3,10.0,0.763662637,1.0,0.0,173.17366666666666,162.83599999999998,0.2615440633333333,0.061393957
412d7406c,2,9.5,0.768711008111111,1.0,0.0,87.6075,87.6075,0.194471795,0.0723186335
4133efff0,4,7.5,0.7504031722083333,1.0,0.0,34.19525,19.393499999999996,0.278475535,0.11811715875
413489a34,2,9.5,0.790834642111111,1.0,0.0,16.484,16.484,0.414883345,0.164653515
4140b3b5a,7,9.285714285714286,0.7486060586825397,1.0,0.0,203.66514285714285,191.762,0.2733977642857143,0.106334161
41487b069,5,10.0,0.8542770352,1.0,0.0,171.9098,192.07799999999997,0.258366086,0.18455133699999998
414d8422f,3,10.0,0.767680442,1.0,0.0,143.086,118.89099999999999,0.23823319666666667,0.098750139
4168bfd52,2,10.0,0.705149435,1.0,0.0,218.90499999999997,218.90499999999997,0.153750703,0.1352698
4175a27e1,4,7.75,0.7615233671636905,1.0,0.0,88.07,86.6515,0.2502721075,0.1093296025
417c09a08,5,10.0,0.822109391,1.0,0.0,158.1942,186.033,0.298348842,0.11940906
417c109aa,21,9.285714285714286,0.7837128497787227,1.0,0.0,152.85319047619046,155.20199999999997,0.2340930680952381,0.07451298178095238
418a25e6b,3,9.666666666666666,0.798386592074074,0.6666666666666666,0.3333333333333333,106.46266666666666,49.598000000000006,0.2963068233333333,0.2004897333333333
4194f0f66,1,10.0,0.737718428,1.0,0.0,24.494999999999997,24.494999999999997,0.4242468,0.17942506
4195e3052,5,9.4,0.7482313654857143,0.8,0.0,80.9022,48.05,0.257793822,0.12730002499999998
4199f1957,1,10.0,0.811576198,1.0,0.0,48.419999999999995,48.419999999999995,0.19054468,0.07672021
419d296e7,15,9.866666666666667,0.7488575793407407,1.0,0.0,110.673,88.50099999999999,0.2637108106666667,0.06844143893333333
41a6a7467,1,10.0,0.86808677,1.0,0.0,114.89,114.89,0.2933895,0.117621526
41ae99ff2,5,7.4,0.7995544165460318,0.8,0.0,129.79299999999998,116.38099999999999,0.220424438,0.1365417968
41b98eea2,1,10.0,0.768616731,1.0,0.0,197.712,197.712,0.31740445,0.13146028
41bbdb352,3,10.0,0.7820155356666666,1.0,0.0,65.84066666666666,24.875,0.42796607999999997,0.1707119486666667
41bc94422,1,10.0,0.755332853,1.0,0.0,50.05899999999999,50.05899999999999,0.1393827,0.04975286
41c61ed91,9,6.888888888888889,0.7697344332032627,1.0,0.0,127.29688888888889,115.13599999999998,0.21918252666666665,0.15086241288888888
41c83dda8,1,10.0,0.8490398069999999,1.0,0.0,159.96999999999997,159.96999999999997,0.09842684,0.015930524
41ce762ce,7,7.571428571428571,0.7962101842023809,1.0,0.0,130.76614285714285,120.949,0.21525316714285717,0.06317625014285715
41d6c5f90,10,8.2,0.7551746244722223,1.0,0.0,140.9622,121.83699999999999,0.244381571,0.0624791321
41e069381,5,7.4,0.7534149186142857,1.0,0.0,46.7436,20.936,0.287652086,0.11445214079999999
41e4cc1de,2,10.0,0.7536240649999999,1.0,0.0,85.70299999999999,85.70299999999999,0.34401553,0.1741083715
41e792442,3,9.333333333333334,0.7428832141666666,1.0,0.0,82.56366666666666,81.359,0.2784751433333333,0.090921179
41e824cbe,20,7.85,0.7564934499234127,0.8,0.05,107.5682,114.7575,0.1956205953,0.1146737618
41ee5af3c,1,10.0,0.924129947,1.0,0.0,154.37499999999997,154.37499999999997,0.3348788,0.08931668
41fa17c7c,1,10.0,0.757295303,1.0,0.0,23.267000000000003,23.267000000000003,0.22907242,0.13369608
420193f17,2,10.0,0.7654242625000001,1.0,0.0,154.926,154.926,0.213433185,0.21203897
420bdee9f,1,9.0,0.7433593488888889,1.0,0.0,48.711999999999996,48.711999999999996,0.2689217,0.06477627
420f5cd9c,2,10.0,0.8240369069999999,1.0,0.0,86.6315,86.6315,0.12639614,0.05176899
42103b22e,5,10.0,0.771821172,1.0,0.0,148.8222,198.295,0.301402912,0.114923989
4212729be,3,7.666666666666667,0.7388780305833333,1.0,0.0,169.995,193.39,0.18984955,0.045552624333333326
421ea515e,4,10.0,0.76871066375,0.75,0.25,118.58449999999999,121.3205,0.264659035,0.0829800025
422059173,8,9.75,0.755681336625,1.0,0.0,89.858375,101.285,0.21520710375,0.078903225875
423c5b45f,4,9.75,0.7755214740833333,1.0,0.0,32.0265,36.771,0.19110861,0.16007968
42444811d,4,10.0,0.77221157625,1.0,0.0,186.20974999999999,198.082,0.342470335,0.107947735
42448336b,1,10.0,0.7713900929999999,1.0,0.0,151.16299999999998,151.16299999999998,0.35089222,0.20530649
4247730f1,4,7.75,0.7792427957222222,1.0,0.0,23.034750000000003,22.9785,0.5185389,0.20110355000000002
4263cc9ed,5,10.0,0.774323208,1.0,0.0,127.8078,122.999,0.332232368,0.186229619
426bb5e4c,3,10.0,0.7661400403333333,1.0,0.0,39.379,19.691,0.14416159666666667,0.044393241
427343625,4,7.5,0.7164254218611111,1.0,0.0,127.00174999999999,142.803,0.20516948499999998,0.1105905165
427755203,1,9.0,0.7934758144444445,1.0,0.0,153.766,153.766,0.2666089,0.050865456
427acc248,6,9.166666666666666,0.7785433555740741,1.0,0.0,134.9825,158.6865,0.33870964833333334,0.08564481433333333
428877021,5,10.0,0.7985217330000001,1.0,0.0,56.187,45.461,0.297168364,0.103221202
428fd4ef7,2,10.0,0.7392725965,1.0,0.0,160.09099999999998,160.09099999999998,0.5397082,0.12862776
429017e9a,5,8.2,0.7711353617500001,1.0,0.0,91.1266,86.55799999999999,0.10749396,0.016079277479999998
429df135c,4,8.75,0.7301749356458334,1.0,0.0,83.3995,38.6375,0.3158132125,0.055143702249999996
42a28c241,2,10.0,0.764080686,1.0,0.0,18.5195,18.5195,0.6192438849999999,0.39982922499999995
42b4b0024,2,8.5,0.8088646777857142,1.0,0.0,112.7445,112.7445,0.44095768999999996,0.124089485
42d2aa0bf,5,10.0,0.7995312716,1.0,0.0,136.4268,153.86899999999997,0.20299500199999998,0.0726224698
42d565331,2,7.0,0.7703159082222222,1.0,0.0,21.625,21.625,0.32063691,0.1144585275
42ea2e045,2,9.0,0.7466165567499999,1.0,0.0,38.2445,38.2445,0.26654409999999995,0.175164755
42eac4984,3,9.333333333333334,0.764611400851852,1.0,0.0,111.75733333333334,125.46799999999999,0.3076344266666667,0.09181975733333332
42fc9a244,8,8.25,0.7465917161815476,1.0,0.0,83.1395,44.4695,0.12842997875,0.0911976365
43021e4ed,2,10.0,0.7625753265,1.0,0.0,85.6335,85.6335,0.198685945,0.130319565
43100edd5,5,8.8,0.8067929290507937,0.8,0.2,115.28699999999999,156.49099999999999,0.209535948,0.1331548816
4325e9930,1,10.0,0.740155295,1.0,0.0,50.678999999999995,50.678999999999995,0.2015384,0.058743633
434691342,1,8.0,0.795299525,1.0,0.0,82.32099999999998,82.32099999999998,0.21997318,0.09252515
4348b169a,1,10.0,0.8086163070000001,1.0,0.0,25.914,25.914,0.12533931,0.03728755
434a2904c,5,6.4,0.7754576199047618,1.0,0.0,192.4366,234.843,0.374338288,0.049549996400000004
4359d65e7,8,10.0,0.753554490125,1.0,0.0,51.411125,23.525,0.30950074875,0.177625305
435bb3995,1,9.0,0.8020139722222221,1.0,0.0,23.299,23.299,0.66623384,0.21363457
435f419f9,4,8.0,0.7826592356150793,1.0,0.0,94.94825,83.6835,0.23086232,0.11517981125
4363acad4,1,10.0,0.7915305380000001,1.0,0.0,200.08100000000002,200.08100000000002,0.30148402,0.059833508
4370b5ff7,5,9.6,0.8294503643777776,1.0,0.0,68.20419999999999,79.321,0.28792132400000003,0.10021577799999999
4374d6f52,2,9.0,0.760645325875,1.0,0.0,154.83599999999998,154.83599999999998,0.25036541,0.117251215
437b01de4,6,8.333333333333334,0.7687340436388889,1.0,0.0,169.07399999999998,175.131,0.20481185666666665,0.04070433366666667
437b06047,3,4.333333333333333,0.7744987465000001,1.0,0.0,30.208,22.849,0.2910702333333333,0.12070759533333332
43ad546c7,1,10.0,0.7623985640000001,1.0,0.0,248.68599999999998,248.68599999999998,0.5151539,0.5459849
43b277272,6,9.166666666666666,0.7434090742870371,1.0,0.0,190.19266666666667,198.062,0.24853705166666665,0.12079222283333334
43bae1c6d,4,10.0,0.81888679675,1.0,0.0,118.214,100.0395,0.1213133265,0.035855608250000004
43c43bfed,2,10.0,0.774477275,1.0,0.0,66.44399999999999,66.44399999999999,0.18231664,0.089381188
43c623f94,1,10.0,0.7210253390000001,1.0,0.0,84.252,84.252,0.16802014,0.032420136
43c661026,24,9.375,0.7784440920767195,0.9166666666666666,0.0,114.954,89.5555,0.27017652124999997,0.161243350375
43c8e589d,2,10.0,0.7826320815,1.0,0.0,172.3365,172.3365,0.34428457,0.1594693
43cd2eb4e,1,10.0,0.735863283,1.0,0.0,120.658,120.658,0.4124588,0.4704258
43d31be6c,1,9.0,0.7661533233333333,1.0,0.0,154.351,154.351,0.112253465,0.013874437
43ddb2eb4,2,10.0,0.8570128844999999,1.0,0.0,69.73349999999999,69.73349999999999,0.32749649999999997,0.025937353
43fe381b3,23,9.304347826086957,0.7554182480821257,0.8260869565217391,0.0,144.03617391304348,162.227,0.2183869097826087,0.080857928
43ff07bab,1,10.0,0.751094339,1.0,0.0,148.506,148.506,0.37199944,0.09772806
440676acb,1,10.0,0.807153198,1.0,0.0,85.757,85.757,0.20685358,0.04946524
441594b56,2,10.0,0.7651449889999999,1.0,0.0,215.1255,215.1255,0.27452044,0.09627097300000001
44175f75c,5,9.6,0.7144519969,1.0,0.0,134.4286,116.91699999999999,0.2645951312,0.11318071380000001
4427541c0,2,10.0,0.791751427,1.0,0.0,88.2205,88.2205,0.20269901,0.149696795
442f853b2,2,6.5,0.7748980725000001,1.0,0.0,98.5645,98.5645,0.125128705,0.014849761999999999
4436738dd,11,9.818181818181818,0.7455757728181817,1.0,0.0,76.03690909090909,25.853999999999996,0.3625596236363636,0.16358399618181818
4446dde7e,7,10.0,0.835087004,1.0,0.0,162.89042857142857,159.03900000000002,0.2808276542857143,0.17759462071428572
4450385b4,4,10.0,0.785888039,1.0,0.0,182.74025,192.8865,0.36431866,0.1550452375
44594e996,22,9.545454545454545,0.7609258458219696,1.0,0.0,93.79331818181818,50.8525,0.3473812009090909,0.09663229668181818
4470adc62,1,10.0,0.7358234770000001,1.0,0.0,50.385,50.385,0.3170679,0.09240395
447233a49,5,10.0,0.8052281541999999,1.0,0.0,134.2668,153.398,0.397197568,0.131460282
447be811f,1,7.0,0.8163686214285714,1.0,0.0,119.169,119.169,0.15877156,0.038588274
44817c8f4,3,9.0,0.7982856388148148,1.0,0.0,42.45033333333333,21.744,0.22659197333333334,0.06430645466666667
448770499,1,10.0,0.797435151,1.0,0.0,51.397999999999996,51.397999999999996,0.24835819,0.05428999
44930f85a,4,9.75,0.7572980221944444,1.0,0.0,94.15525,68.566,0.15582630874999998,0.08159902675
44965fd2c,1,8.0,0.74412875125,1.0,0.0,146.852,146.852,0.19377883,0.022926267
44a0c16bc,2,10.0,0.7820484910000001,1.0,0.0,174.1625,174.1625,0.24798818,0.08320569
44a541574,2,9.0,0.75661643,1.0,0.0,113.12699999999998,113.12699999999998,0.193299895,0.106622703
44aafd1b1,1,10.0,0.7449423819999998,1.0,0.0,157.494,157.494,0.16393238,0.07535553
44bba906d,5,10.0,0.7499764316,1.0,0.0,120.7156,118.34899999999999,0.229650564,0.0791632236
44bc5f67c,1,6.0,0.7376053133333333,1.0,0.0,23.185,23.185,0.7217554,0.20187305
44c117982,1,9.0,0.7985253977777778,1.0,0.0,242.864,242.864,0.30608922,0.25476933
44c308937,1,10.0,0.759050036,1.0,0.0,123.09100000000001,123.09100000000001,0.31069916,0.082986474
44c8447f9,5,8.2,0.766707212,1.0,0.0,159.72459999999998,155.733,0.188367628,0.1303342388
44cd12263,5,9.4,0.7455030687428572,1.0,0.0,74.2206,55.755,0.179666816,0.0871615166
44d1246e0,2,10.0,0.7763290055000001,1.0,0.0,176.3585,176.3585,0.183071125,0.10924937199999998
44d722701,1,8.0,0.7589889575,1.0,0.0,117.38699999999999,117.38699999999999,0.17639695,0.1386558
44da8c2a0,1,10.0,0.756019204,1.0,0.0,120.48999999999998,120.48999999999998,0.20571786,0.20914249
44db1cade,4,10.0,0.77672729175,0.75,0.0,71.946,53.26899999999999,0.30561098750000004,0.1559777825
44dcffea3,2,7.5,0.7026936133333332,1.0,0.0,198.9365,198.9365,0.2833623,0.073078165
44ddc2e22,1,10.0,0.7685302759999999,1.0,0.0,118.84299999999999,118.84299999999999,0.14405666,0.09920222
44f048354,5,10.0,0.7976382966,1.0,0.0,116.078,155.256,0.222292298,0.05393937879999999
44fff524f,2,9.5,0.7899081171666666,1.0,0.0,99.68549999999999,99.68549999999999,0.148681425,0.0528962865
4512e1ea8,2,10.0,0.805200494,1.0,0.0,19.060000000000002,19.060000000000002,0.7721864,0.32217173499999996
4518f180e,2,10.0,0.7626337350000001,1.0,0.0,104.2875,104.2875,0.204066315,0.11078505699999999
451bf38f1,3,6.666666666666667,0.7798126877777779,1.0,0.0,156.55033333333333,156.29500000000002,0.2514274,0.14891455666666667
451d17b57,3,8.666666666666666,0.7244743151851852,1.0,0.0,109.07,109.41599999999998,0.16980597333333333,0.012658800333333333
451d64f26,4,10.0,0.8002389689999999,1.0,0.0,145.46075,155.998,0.22365224749999998,0.053655048999999996
4525391a7,5,9.2,0.7822359109333333,0.8,0.0,181.4824,199.295,0.293676798,0.10588016600000001
4529e91da,2,10.0,0.7709835995000001,1.0,0.0,157.7805,157.7805,0.167080675,0.067314165
453125325,2,10.0,0.7749151114999999,1.0,0.0,153.7595,153.7595,0.23935161500000002,0.0694877325
453750088,4,9.5,0.7910323069374999,1.0,0.0,130.11900000000003,138.072,0.1692777575,0.097508496
454607f26,1,10.0,0.8315688720000001,1.0,0.0,39.944,39.944,0.13817346,0.011787194
4552e7972,1,10.0,0.782486639,1.0,0.0,163.85299999999998,163.85299999999998,0.31073445,0.21444675
4559bd457,1,10.0,0.7617489940000001,1.0,0.0,50.620000000000005,50.620000000000005,0.30968451,0.117797494
4574e3de4,5,9.8,0.7716485322000001,1.0,0.0,113.85999999999999,116.325,0.26012269200000004,0.060973071600000005
458adc77a,1,9.0,0.7618256033333334,1.0,0.0,17.028,17.028,0.52306545,0.27759424
45904d2be,5,9.8,0.7658644475555556,1.0,0.0,144.7106,122.377,0.24744450599999998,0.060683318
4595acb4d,1,8.0,0.8128882399999999,1.0,0.0,199.213,199.213,0.31586412,0.2611684
45c2eb379,2,10.0,0.7757721790000001,1.0,0.0,99.18299999999999,99.18299999999999,0.251772345,0.046687586
45c718348,3,9.666666666666666,0.7708986142222223,1.0,0.0,185.893,195.99399999999997,0.20885878666666666,0.11710753333333333
45c871da9,2,10.0,0.7418950280000001,1.0,0.0,176.0365,176.0365,0.279832935,0.21917206
45d1d74ca,6,9.0,0.7495020990714285,1.0,0.0,81.09566666666666,34.32899999999999,0.4402033908333334,0.15489717416666668
45d2ddcb8,5,9.6,0.7564243762,1.0,0.0,130.48359999999997,85.882,0.210203686,0.099167533
45dea4033,3,9.666666666666666,0.7394826478518519,0.6666666666666666,0.0,122.39533333333333,86.236,0.30479222333333333,0.17756387800000004
45f8df95e,3,10.0,0.7626145329999999,1.0,0.0,120.00699999999999,122.03800000000001,0.28892859,0.06608969499999999
45f9a9f66,2,8.5,0.766782545625,1.0,0.0,82.8615,82.8615,0.22911556,0.11504695300000001
460edc419,5,8.8,0.7359017257111111,1.0,0.0,120.14859999999999,116.31799999999998,0.172116204,0.046764658599999995
46152db3e,3,9.333333333333334,0.7308261125833334,1.0,0.0,54.13033333333332,20.869,0.19020764666666667,0.19417416566666665
461b33f39,1,10.0,0.678205557,1.0,0.0,71.152,71.152,0.3887598,0.32219198
46539f4bf,3,10.0,0.7826277319999999,1.0,0.0,96.363,85.235,0.3386068933333333,0.017987359999999997
466862270,17,9.117647058823529,0.759493873559057,0.9411764705882353,0.0,64.01741176470588,50.043,0.31930890411764706,0.13718208552941177
46687a6d1,10,9.5,0.7786070487825396,1.0,0.0,92.7036,81.7975,0.164797084,0.06585151489999999
4669945ed,1,6.0,0.8103121166666667,1.0,0.0,20.875999999999998,20.875999999999998,0.31940275,0.04830038
467614705,12,8.75,0.756842174681217,0.75,0.0,123.18900000000001,114.767,0.2818719533333333,0.133722107
467aed7e3,5,9.8,0.744754058288889,1.0,0.0,155.207,158.125,0.257743872,0.0631206116
4683d863b,3,10.0,0.8126316473333334,1.0,0.0,52.46266666666667,52.158,0.4433592233333334,0.17548271333333335
468cec390,4,9.0,0.7513803834444444,1.0,0.0,116.16799999999999,103.04999999999998,0.4481877875,0.111494105
469894776,6,9.5,0.7720573158148148,1.0,0.0,81.25733333333334,53.3725,0.3238065216666666,0.1135242145
469bd2504,3,10.0,0.7690494973333332,1.0,0.0,90.94733333333333,15.999999999999998,0.4053414166666667,0.15141434666666667
46a5f0ba6,4,9.5,0.7465417853333334,1.0,0.0,175.47025,174.3885,0.2226359,0.089267164
46b2782d5,2,7.0,0.8408555642857143,1.0,0.0,197.71949999999998,197.71949999999998,0.30076922,0.0998194705
46b9595d0,2,10.0,0.764985055,1.0,0.0,79.92349999999999,79.92349999999999,0.218962245,0.027011793
46bb277b5,4,9.75,0.7974927561388889,1.0,0.0,78.47449999999999,83.5735,0.21689308375,0.08420048675
46c44f7bc,3,9.333333333333334,0.740140587037037,1.0,0.0,168.24666666666664,157.52999999999997,0.26554500666666664,0.042560335000000005
46c5fd256,7,7.714285714285714,0.7407177928713152,1.0,0.0,124.70557142857142,143.171,0.11684817614285715,0.04566852742857143
46c834c70,2,10.0,0.7671078165,1.0,0.0,151.048,151.048,0.225168645,0.07827772
46d88ca3e,4,9.5,0.828256420625,1.0,0.0,138.596,136.744,0.33572215,0.1209883865
46e25aa2b,2,10.0,0.8005569430000001,1.0,0.0,83.32,83.32,0.223440555,0.0522459265
46ef61c91,2,8.5,0.7969873954166666,1.0,0.0,195.0,195.0,0.28414171,0.091224422
46f656f13,6,9.166666666666666,0.7429785349351853,1.0,0.0,148.62833333333333,154.92249999999999,0.4140463033333333,0.09536748733333333
46fdbf640,1,9.0,0.7439147733333333,1.0,0.0,155.295,155.295,0.307729,0.14112903
470e49e41,5,9.4,0.7880679537888888,1.0,0.0,141.1968,155.934,0.22143754,0.053156432600000005
470fba174,5,10.0,0.8556374988,1.0,0.0,118.57879999999997,88.597,0.16108561,0.0537981276
4715f897c,15,9.333333333333334,0.7679587295925926,0.9333333333333333,0.0,107.00319999999998,116.22399999999999,0.22616125733333334,0.07915366093333334
47163bb58,1,10.0,0.689905543,1.0,0.0,85.375,85.375,0.09166307,0.07405829
4733d5e7a,27,7.592592592592593,0.7724310563052617,0.9629629629629629,0.0,135.52266666666668,153.58599999999998,0.2202027251851852,0.08200073648148148
473caf456,2,8.0,0.7678466983333334,1.0,0.0,197.54199999999997,197.54199999999997,0.388378125,0.123591465
474294e01,6,9.166666666666666,0.7753465490833333,1.0,0.0,128.67549999999997,120.525,0.22912697166666665,0.12147358333333334
47453584e,3,10.0,0.7420199963333333,1.0,0.0,195.34833333333336,195.81,0.32473122,0.056393804666666665
4745e5286,2,7.0,0.731261463,0.5,0.0,66.19549999999998,66.19549999999998,0.27140877500000005,0.048928009999999994
4747bead4,1,10.0,0.7760776409999999,1.0,0.0,46.266999999999996,46.266999999999996,0.33102742,0.3255368
474bccd75,2,7.0,0.8122765058333334,1.0,0.0,117.2,117.2,0.16752266,0.097765815
474db10df,3,9.0,0.779336207962963,1.0,0.0,148.645,198.059,0.12833174666666666,0.030087556666666668
474ee7e00,5,9.4,0.7540712740571428,1.0,0.0,185.48459999999997,192.777,0.22484719000000003,0.0344432886
474f23a3a,9,8.88888888888889,0.7504563654510581,1.0,0.0,209.83955555555553,201.968,0.3340548911111111,0.31047294444444445
475564ad6,3,7.0,0.8053810093849206,1.0,0.0,110.19166666666666,84.205,0.27858974666666664,0.22656488333333336
4756b380a,2,9.0,0.7143194588888888,1.0,0.0,186.32049999999998,186.32049999999998,0.50718307,0.1170986725
476b3dbe5,1,10.0,0.858284937,1.0,0.0,82.30999999999999,82.30999999999999,0.27552107,0.03649635
476d40031,4,10.0,0.74540494,1.0,0.0,102.21775,103.4705,0.230703465,0.048449252750000005
476dc0901,2,7.0,0.7412002900000001,1.0,0.0,117.7835,117.7835,0.114751515,0.021948802250000003
4792b6d06,5,10.0,0.8387153940000001,1.0,0.0,81.9942,22.815,0.321099732,0.19988018680000003
479500716,2,10.0,0.765440865,1.0,0.0,52.470000000000006,52.470000000000006,0.419435125,0.127216735
47a5a9516,1,10.0,0.7410096349999999,1.0,0.0,48.893,48.893,0.102095865,0.118453
47aacf137,6,8.833333333333334,0.7643107528287038,1.0,0.0,118.43900000000001,84.1395,0.35854615166666665,0.12411959166666668
47ad7a82a,1,10.0,0.77191485,1.0,0.0,47.719,47.719,0.34022102,0.16918793
47d68f63c,1,10.0,0.715790645,1.0,0.0,182.344,182.344,0.23415293,0.21844532
47ec9e919,5,9.2,0.7488736729166667,1.0,0.0,193.534,193.141,0.265121376,0.269917086
47fc12331,3,8.666666666666666,0.7660366486825395,1.0,0.0,182.55866666666665,155.78300000000002,0.22039683666666665,0.13247411866666667
4813a0d67,2,5.5,0.7049419989285715,1.0,0.0,137.39249999999998,137.39249999999998,0.19784933,0.129012825
481cbcedb,2,8.0,0.743148905625,1.0,0.0,153.4,153.4,0.35828882,0.054023586
482d05dc8,6,9.666666666666666,0.794833710962963,1.0,0.0,60.80183333333333,66.053,0.27368928,0.08618048316666667
48333a921,4,9.5,0.7782507875,1.0,0.0,203.92775,213.1625,0.24614362750000002,0.055757927
483f1aae8,1,8.0,0.7935090362499999,1.0,0.0,16.185,16.185,0.54697084,0.12617065
48432dfa0,3,9.666666666666666,0.8120958758148148,1.0,0.0,130.15566666666666,150.255,0.30227227,0.10959269
484346fbc,2,10.0,0.8073549010000001,1.0,0.0,118.285,118.285,0.308337195,0.17513369
484915b4f,16,9.6875,0.7712105792361111,1.0,0.0,103.20612499999999,23.642,0.33282497499999997,0.1156221589375
484af2d62,3,9.333333333333334,0.6705553542222221,0.6666666666666666,0.0,103.72666666666665,114.22699999999999,0.3058157866666667,0.109308205
48553ec94,7,8.285714285714286,0.7487498555980726,1.0,0.0,65.42342857142857,27.255999999999997,0.4651873742857143,0.2518993471428571
485772d7e,3,9.333333333333334,0.7668682763333333,1.0,0.0,145.306,153.94299999999998,0.16621835666666665,0.06801976833333333
485887f4c,11,9.272727272727273,0.7415444492954546,1.0,0.0,132.99354545454545,156.314,0.21117167272727275,0.1021618499909091
48594b089,2,10.0,0.7525644834999999,1.0,0.0,139.05949999999999,139.05949999999999,0.263880605,0.0232103235
485bebd4f,6,9.833333333333334,0.7492568154814814,1.0,0.0,185.32366666666667,194.7635,0.2960047766666667,0.2013585055
485cff597,8,9.875,0.7539071488472222,1.0,0.0,66.09125,34.2725,0.27522033625,0.13365870124999998
48615e613,3,9.333333333333334,0.7644736215555555,1.0,0.0,126.30833333333334,121.224,0.23069928333333334,0.022234112333333333
4866e37fe,1,10.0,0.7917327679999999,1.0,0.0,118.178,118.178,0.19076793,0.09321887
486f89692,2,8.5,0.7797447292361112,1.0,0.0,213.489,213.489,0.3382078,0.131509913
4872c28b4,4,9.25,0.7357376043214285,1.0,0.0,110.26524999999998,96.916,0.3036655975,0.111611041
4874347b0,1,9.0,0.7812015488888889,1.0,0.0,51.032999999999994,51.032999999999994,0.32331133,0.12944674
487531377,3,8.666666666666666,0.7447084606825397,1.0,0.0,42.507,49.134,0.24904477666666666,0.18687232333333334
48769873a,4,10.0,0.8060731045,1.0,0.0,205.82475,212.5595,0.1873066035,0.107910225
487abc5e1,7,8.714285714285714,0.7530647726666667,1.0,0.0,171.65242857142857,159.011,0.33466846142857143,0.11004188257142856
487f74408,3,9.333333333333334,0.7612203535833334,1.0,0.0,165.31966666666665,183.89299999999997,0.28093401333333334,0.23502716666666665
4887999cc,4,10.0,0.84264618275,1.0,0.0,132.88075,133.7435,0.32918459499999997,0.11033986174999999
488cefe35,2,8.5,0.7246418013194444,1.0,0.0,84.364,84.364,0.15685228499999998,0.027775144
4891fdacd,1,8.0,0.7932999175,1.0,0.0,83.304,83.304,0.22226799,0.21641712
4892ceb8d,5,8.8,0.7713637846285715,1.0,0.0,189.2652,234.72299999999998,0.2664979628,0.11281819559999999
489466e53,2,8.0,0.7632290101666668,1.0,0.0,32.312,32.312,0.24274952500000002,0.081554638
48a2123f4,1,10.0,0.783143505,1.0,0.0,246.14199999999997,246.14199999999997,0.1889047,0.08107874
48a2630a1,5,9.4,0.7729918803444444,1.0,0.0,65.84020000000001,55.105,0.239160334,0.1092265
48a44eac5,1,10.0,0.731518751,1.0,0.0,118.205,118.205,0.11203498,0.050864387
48aa8ee7c,3,9.333333333333334,0.7741625696296297,1.0,0.0,42.38666666666666,50.266999999999996,0.4454624566666667,0.134697648
48b418070,2,9.0,0.711241408,1.0,0.0,173.0485,173.0485,0.28528376499999997,0.1384842225
48bfc494a,1,8.0,0.721362435,1.0,0.0,109.757,109.757,0.1834915,0.11307666
48c5a3c40,3,10.0,0.7717537343333333,1.0,0.0,119.93066666666665,82.835,0.15694778666666667,0.05734766933333333
48c838ef7,2,10.0,0.750415818,1.0,0.0,137.8005,137.8005,0.12273329499999999,0.0659794465
48c9474d9,3,9.0,0.7412036219351852,1.0,0.0,107.42966666666666,119.496,0.32184214333333333,0.07983870833333333
48cb3c66a,1,10.0,0.8037011190000001,1.0,0.0,155.739,155.739,0.29285046,0.15255469
48cd2ebaa,8,8.75,0.7555649672321428,1.0,0.0,151.57299999999998,163.5005,0.30265367875,0.197386144375
48d1bb550,1,10.0,0.924170097,1.0,0.0,190.582,190.582,0.46091482,0.014123394
48d1e6446,2,10.0,0.7796427659999999,1.0,0.0,121.62249999999999,121.62249999999999,0.434847205,0.13224072
48dd04601,6,8.333333333333334,0.7459441256759258,1.0,0.0,85.78033333333333,63.574999999999996,0.28308171833333334,0.11878013916666667
48f20f515,3,9.666666666666666,0.7671928211851852,1.0,0.0,18.656,20.554999999999996,0.44122430333333335,0.135338951
48f5de7e9,4,8.25,0.7475189331666666,1.0,0.0,120.82074999999999,119.85849999999999,0.11191504999999999,0.0832047835
48f8d1d90,3,10.0,0.8007592413333334,1.0,0.0,236.49900000000002,237.213,0.4909686,0.21492361333333335
49006b8c3,4,10.0,0.81236122925,1.0,0.0,128.22475,119.2205,0.42635917,0.07459677375
4909dc5af,2,9.5,0.7295626531666666,1.0,0.0,138.25099999999998,138.25099999999998,0.247818205,0.129509197
4910ac042,5,10.0,0.7876350254,1.0,0.0,143.0204,144.908,0.438729892,0.1542490472
492e0cc50,11,9.909090909090908,0.8025572913333334,1.0,0.0,41.63218181818182,49.772,0.3852000481818182,0.1780582390909091
492fe3371,12,10.0,0.8468588880833333,1.0,0.0,187.54308333333333,197.2975,0.3885505775,0.13375657500000002
49310cec4,6,9.0,0.7392882405416668,1.0,0.0,115.601,123.50199999999998,0.18672638583333334,0.08277197766666666
49360414f,3,10.0,0.7981165569999998,1.0,0.0,44.33833333333334,29.099,0.4306135233333334,0.16776506666666666
493ab5d96,3,10.0,0.7627375783333333,1.0,0.0,162.376,122.30600000000001,0.147323432,0.09497485166666668
493d9cc81,5,9.6,0.7532892666444445,1.0,0.0,67.59939999999999,49.94,0.267587884,0.199674484
495ce6c73,3,9.0,0.7646134338425924,1.0,0.0,107.11333333333334,84.03699999999999,0.17136935666666667,0.09095417333333333
497ef36aa,3,9.333333333333334,0.75793427625,1.0,0.0,84.75966666666666,50.925000000000004,0.3440035266666666,0.16198404200000002
4982cc983,4,10.0,0.7935869385000001,1.0,0.0,15.814499999999999,14.649999999999999,0.42738664000000004,0.19226933599999999
49a832741,1,10.0,0.778603105,1.0,0.0,19.712,19.712,0.27089316,0.17575757
49a867af7,5,9.0,0.7377302090611111,1.0,0.0,116.3824,158.757,0.21104228999999997,0.0966743702
49ad94a6a,5,10.0,0.7995959023999999,1.0,0.0,85.815,52.526999999999994,0.291452604,0.10835934679999999
49b868ae2,4,9.25,0.7362163337222223,1.0,0.0,110.03774999999999,117.594,0.281371775,0.0926818485
49c216bf8,3,10.0,0.7747705126666667,1.0,0.0,86.50533333333334,85.063,0.25498524333333333,0.08104947600000001
49c5dbda7,6,9.833333333333334,0.8114736799074073,1.0,0.0,117.00999999999999,102.275,0.17490413000000002,0.0853444205
49c8a0216,1,10.0,0.8576783020000001,1.0,0.0,147.769,147.769,0.39373517,0.2364341
49d1423d5,3,8.0,0.7918390300952381,1.0,0.0,17.670333333333332,19.598,0.35211493666666666,0.21237900666666665
49d4a0adf,4,8.75,0.7744906816031746,1.0,0.0,113.44175,118.0385,0.2310507775,0.05076535525
49e140a8e,5,9.4,0.78618877465,1.0,0.0,54.95899999999999,21.087999999999997,0.32373539,0.1379986112
49f06aa59,1,10.0,0.8840840560000001,1.0,0.0,184.73499999999999,184.73499999999999,0.31660384,0.2664759
49f12d27b,3,9.666666666666666,0.7896819065925925,1.0,0.0,185.35266666666666,193.10699999999997,0.35204408,0.22317027133333334
49f3710f9,6,6.0,0.8274875453703704,1.0,0.0,26.85383333333333,26.607499999999998,0.25671704833333336,0.06749842183333334
49f6a8909,1,10.0,0.748012303,1.0,0.0,149.271,149.271,0.10487656,0.020672385
49fac4dc6,2,10.0,0.7781113115,1.0,0.0,64.7615,64.7615,0.24164349499999999,0.0407995145
4a0adfdd0,6,9.166666666666666,0.7761524929768518,1.0,0.0,130.67100000000002,135.356,0.16426594066666667,0.07648738966666667
4a0cda147,2,10.0,0.8664196285,1.0,0.0,83.33949999999999,83.33949999999999,0.344474655,0.22186091000000002
4a0d03a9f,3,10.0,0.7672646146666665,1.0,0.0,157.35399999999998,160.88299999999998,0.40375919,0.12463868333333333
4a108fa61,2,8.0,0.7372728455,1.0,0.0,64.50049999999999,64.50049999999999,0.33187793499999996,0.34005377000000003
4a1702099,3,9.666666666666666,0.7494214960740742,1.0,0.0,20.732,20.598,0.5235077600000001,0.27222356333333336
4a2270c3e,5,8.6,0.7563661940571429,1.0,0.0,92.364,84.902,0.17874300999999998,0.06611837244
4a2544358,2,10.0,0.8131501575,1.0,0.0,143.1415,143.1415,0.37259112,0.168949765
4a27c67eb,3,10.0,0.7539888256666667,1.0,0.0,98.13066666666667,84.043,0.33823250666666665,0.14828304
4a4d8cadb,7,10.0,0.7556543475714286,1.0,0.0,98.23428571428572,85.35699999999999,0.2799908442857143,0.08484465714285715
4a4fb4974,4,10.0,0.76421332575,1.0,0.0,188.623,197.7745,0.3451569375,0.1473608035
4a56df934,1,7.0,0.74926196,1.0,0.0,126.969,126.969,0.10320522,0.15060242
4a5a05ef7,1,10.0,0.8697099280000001,1.0,0.0,109.37599999999999,109.37599999999999,0.22609082,0.10573004
4a66f74ff,4,10.0,0.7654546572500001,1.0,0.0,42.8555,48.2905,0.4174424375,0.09885325025
4a67bf90d,5,8.8,0.7865161131428572,1.0,0.0,57.074,50.260999999999996,0.17743385,0.1067131648
4a6e23ad7,4,9.5,0.7864324690000001,1.0,0.0,77.627,25.601499999999998,0.3458184425,0.140879025
4a6fea502,7,9.142857142857142,0.7833150062142857,1.0,0.0,79.91399999999999,52.584999999999994,0.20000822071428573,0.0660770022857143
4a762f7ab,4,7.5,0.8451890378125,0.75,0.0,77.561,77.582,0.2774133475,0.11153746025
4a78a1859,5,9.6,0.7670921373999999,1.0,0.0,112.5864,83.49499999999999,0.172895998,0.1008498126
4a78b3e0b,3,8.333333333333334,0.7955484592142857,1.0,0.0,79.83833333333332,21.238999999999997,0.2717989766666667,0.17617643866666666
4a7fe0b83,9,9.555555555555555,0.7363603433888889,1.0,0.0,156.97688888888888,189.95,0.26143991333333333,0.08771726855555556
4a8caef08,2,9.0,0.737494700625,1.0,0.0,113.922,113.922,0.30140267499999995,0.08489421
4a8dc3644,3,10.0,0.7451046023333334,1.0,0.0,102.11599999999999,113.85199999999999,0.21909006499999997,0.074199329
4a8f49ac8,6,9.333333333333334,0.7836056751666667,1.0,0.0,112.83566666666667,119.70950000000002,0.22324007333333337,0.13748890166666666
4a93b3e4e,1,10.0,0.778888841,1.0,0.0,150.32299999999998,150.32299999999998,0.10384938,0.050728407
4a9d058f6,5,9.8,0.7896142315555555,1.0,0.0,78.299,84.99,0.375746554,0.1365780372
4a9fa9d9e,2,6.5,0.742125953625,1.0,0.0,213.52,213.52,0.237991795,0.099028788
4aa9a342e,2,8.0,0.8289007665873015,1.0,0.0,68.3745,68.3745,0.18394609,0.037559352000000004
4ac47ceae,5,8.2,0.7199506554333333,1.0,0.0,167.9544,191.815,0.30738094,0.0791363176
4acf3e30e,1,10.0,0.87874559,1.0,0.0,12.771999999999998,12.771999999999998,0.55300283,0.101277374
4ad9ea6f0,2,9.0,0.710512932375,1.0,0.0,154.5065,154.5065,0.145368915,0.044553663
4ae292968,3,9.666666666666666,0.7807691472222222,1.0,0.0,22.768,22.195999999999998,0.42108362666666665,0.2763325233333333
4ae940ec2,5,8.6,0.785361535547619,1.0,0.0,142.3464,155.924,0.224707364,0.0689039206
4b02a097c,1,10.0,0.8099214,1.0,0.0,230.23799999999997,230.23799999999997,0.5990175,0.20808816
4b2150d3a,1,9.0,0.7387503711111112,1.0,0.0,158.772,158.772,0.23669949,0.026039643
4b261a0ee,4,9.0,0.7925260048333334,1.0,0.0,45.009,37.815,0.30003847,0.111387981
4b2aa880a,24,9.458333333333334,0.7835215788186177,1.0,0.0,132.18974999999998,120.0,0.2042910395833333,0.08405129470833334
4b3efcfe0,7,8.857142857142858,0.7481047058690476,1.0,0.0,92.44742857142856,96.187,0.2858974828571429,0.07002873957142856
4b45ae85f,1,10.0,0.7760521010000001,1.0,0.0,52.467,52.467,0.34824476,0.06906232
4b4bb2b0a,5,7.4,0.7727760344666667,1.0,0.0,132.32840000000002,160.321,0.318424586,0.1587953488
4b4f32911,1,9.0,0.8151727955555557,1.0,0.0,16.598,16.598,0.6766523,0.2505258
4b628f538,2,10.0,0.8262533275000001,1.0,0.0,117.92799999999998,117.92799999999998,0.347724955,0.094372874
4b69bf0e7,5,10.0,0.7888829072,1.0,0.0,119.6942,117.81,0.22085194599999997,0.08576169219999999
4b7262ad7,2,10.0,0.773093189,1.0,0.0,169.8155,169.8155,0.217557,0.17503469
4b7f7fcca,2,10.0,0.758090959,1.0,0.0,102.17949999999999,102.17949999999999,0.31603848,0.0457524195
4b8b0a817,2,9.0,0.759481156625,1.0,0.0,120.9855,120.9855,0.336217895,0.065253205
4b8db7cbe,1,10.0,0.777444942,1.0,0.0,159.45799999999997,159.45799999999997,0.34900886,0.2687094
4b949e5c7,1,10.0,0.798348155,1.0,0.0,121.837,121.837,0.10148166,0.061848797
4b9f45715,5,9.4,0.7318353877222222,1.0,0.0,77.91659999999999,28.329,0.222385682,0.07444925100000001
4badb22cb,3,10.0,0.76651817,1.0,0.0,98.21233333333333,119.027,0.17632835333333333,0.06772459566666666
4bb0c8226,3,7.333333333333333,0.7826612108333334,1.0,0.0,119.766,154.10999999999999,0.30608583666666667,0.15848828666666667
4bbc7992a,3,8.0,0.7693351012499999,1.0,0.0,95.16133333333333,27.298999999999996,0.20274636,0.3285050166666667
4bcc7910d,2,8.0,0.7178217661666666,1.0,0.0,135.98399999999998,135.98399999999998,0.25622312999999997,0.06752625500000001
4bce78644,3,9.0,0.7687237833703703,1.0,0.0,135.13633333333334,158.65699999999998,0.28267382,0.16968433433333333
4bdbeb107,2,10.0,0.792548129,1.0,0.0,19.9835,19.9835,0.255956545,0.21651258499999998
4be73c550,1,10.0,0.793575041,1.0,0.0,57.314,57.314,0.24078229,0.054977454
4bef58278,3,10.0,0.7921952393333332,1.0,0.0,173.32666666666668,246.55499999999998,0.30682734333333334,0.3227225166666667
4bff9728d,1,10.0,0.8331619550000001,1.0,0.0,157.348,157.348,0.45930055,0.4123309
4c04c9cba,2,8.5,0.788478080142857,1.0,0.0,98.631,98.631,0.28096528,0.10948904899999999
4c0de1708,2,9.5,0.7522195562777778,1.0,0.0,156.56650000000002,156.56650000000002,0.15454809,0.040695695000000004
4c1981df1,1,7.0,0.8325614414285715,1.0,0.0,155.642,155.642,0.37196192,0.0700659
4c1a9d86f,1,8.0,0.7868515387499999,1.0,0.0,196.84199999999998,196.84199999999998,0.14644627,0.04767968
4c2040263,2,8.5,0.7456052329285714,1.0,0.0,230.35649999999998,230.35649999999998,0.26144105500000003,0.0336971165
4c237475f,5,9.8,0.7828222074444444,1.0,0.0,118.0196,116.639,0.448239552,0.11614442259999999
4c26cf05d,6,9.666666666666666,0.7296987375370371,1.0,0.0,111.95899999999999,102.09249999999999,0.23850207333333331,0.08570477516666668
4c31c7db9,3,10.0,0.8720761466666667,1.0,0.0,141.47933333333333,153.637,0.3066729033333333,0.20576081833333335
4c3a2c536,5,9.6,0.7718435153,1.0,0.0,53.701,49.783,0.22111931999999998,0.0819559745
4c4ba8c4e,2,9.0,0.77636249925,1.0,0.0,23.628,23.628,0.18845883000000002,0.0882761
4c594983d,5,8.4,0.7315168739444444,1.0,0.0,127.3036,155.59,0.26543949,0.10196982079999999
4c5db9ed6,4,10.0,0.7412105517500001,1.0,0.0,198.01324999999997,197.63799999999998,0.20211755,0.021328753
4c5dd1f7c,4,9.75,0.7755160396944445,1.0,0.0,158.0755,157.833,0.28073121,0.11780263875
4c674cc1f,4,9.5,0.7712264520625,1.0,0.0,185.80599999999998,198.5575,0.19136774,0.04189027475
4c6dc89df,6,9.666666666666666,0.7916683021111112,1.0,0.0,105.10549999999999,67.973,0.23646691500000003,0.08352121400000001
4c9e42452,2,10.0,0.770244408,1.0,0.0,162.7685,162.7685,0.25431294000000004,0.060038891000000004
4c9f111f1,2,9.5,0.7589680181111111,1.0,0.0,192.896,192.896,0.32994742499999996,0.07883801
4cbc3433e,3,9.333333333333334,0.7929244769259259,1.0,0.0,22.844666666666665,22.897,0.2820576833333333,0.13356374866666668
4cc05c35d,8,9.375,0.7636225697361111,1.0,0.0,34.655,28.369,0.58706344625,0.2462119575
4cc49be2a,3,10.0,0.7536048196666666,1.0,0.0,221.45366666666663,232.63699999999994,0.24866522333333332,0.08361970066666667
4cc67e8b3,5,9.8,0.8051218810888889,1.0,0.0,97.1178,84.11,0.207425376,0.082082087
4cc70e613,1,10.0,0.8037055670000001,1.0,0.0,22.294999999999998,22.294999999999998,0.14535369,0.04000379
4cc8c07d5,2,9.5,0.7704287174444444,1.0,0.0,115.54649999999998,115.54649999999998,0.202826045,0.0466527905
4cdb41608,6,9.0,0.7567527717757936,1.0,0.0,134.71,158.2425,0.2853329216666667,0.16583327756666666
4cdf29720,1,8.0,0.75769885,1.0,0.0,188.29,188.29,0.098528005,0.39534885
4ce29bb83,2,10.0,0.865395767,1.0,0.0,101.029,101.029,0.266634175,0.130549775
4ce620a7a,2,7.5,0.7982653041964285,1.0,0.0,135.1085,135.1085,0.172057705,0.07816983350000001
4cef5b961,1,10.0,0.7509376510000001,1.0,0.0,50.039,50.039,0.2687531,0.067281105
4cfd0fac0,6,8.833333333333334,0.7555522292433863,1.0,0.0,101.423,102.04499999999999,0.247919035,0.106411607
4cfd979dc,2,9.0,0.7292718138888888,1.0,0.0,108.33449999999999,108.33449999999999,0.09484185,0.08337467
4cfee2fbe,5,9.6,0.7838380352666666,1.0,0.0,109.90740000000001,114.955,0.268756226,0.08742176199999999
4d09e065d,1,9.0,0.7461884444444444,1.0,0.0,120.16199999999999,120.16199999999999,0.23376364,0.14078341
4d163b731,1,10.0,0.763821273,1.0,0.0,52.432,52.432,0.10217832,0.028833408
4d1a986bb,2,10.0,0.762266697,1.0,0.0,102.623,102.623,0.1804481,0.16669827399999998
4d1d8655a,1,10.0,0.7497622300000001,1.0,0.0,126.46799999999999,126.46799999999999,0.4854963,0.53120756
4d20f6163,1,8.0,0.83322626,1.0,0.0,73.16499999999999,73.16499999999999,0.16997372,0.04859076
4d3526802,3,10.0,0.736768985,1.0,0.0,92.253,24.114,0.24098588666666668,0.03783674333333333
4d3e3a146,9,9.222222222222221,0.7372547963765431,0.8888888888888888,0.0,144.72055555555553,120.435,0.19410963,0.11602455644444445
4d43092e3,5,8.6,0.7866257837722221,1.0,0.0,141.64979999999997,151.56799999999998,0.223362146,0.0468766512
4d4c7be64,4,10.0,0.7961599285000001,1.0,0.0,50.35375,50.461,0.26852672,0.1088492875
4d6350e54,2,10.0,0.7825162729999999,1.0,0.0,220.822,220.822,0.29591866,0.12716788
4d6a996c1,3,10.0,0.7685775593333334,1.0,0.0,184.06033333333332,194.88599999999997,0.37826524,0.19025320333333332
4d7111b92,2,10.0,0.810243373,1.0,0.0,38.3055,38.3055,0.18436772499999998,0.06942636499999999
4d73d97fd,4,8.75,0.7484799948611112,1.0,0.0,59.42075,65.0445,0.3949995375,0.18530249
4d7573c5e,4,8.0,0.8028018862499999,1.0,0.0,98.26249999999999,87.2685,0.2288592325,0.081916636
4d75e5771,3,7.0,0.7540543714814815,1.0,0.0,233.60299999999998,234.14000000000001,0.09084910333333333,0.012707514666666668
4d767b639,3,10.0,0.8634058506666666,1.0,0.0,108.37566666666665,85.47399999999999,0.17473958999999997,0.17154692333333332
4d76c16ab,5,9.2,0.7627022603777778,1.0,0.0,20.109199999999998,19.793999999999997,0.31716547,0.14982818
4d7dd6115,4,9.5,0.7542668709375,1.0,0.0,103.93324999999999,118.1995,0.17326210250000001,0.04466991725
4d82fddba,1,10.0,0.659753862,1.0,0.0,47.94,47.94,0.4670275,0.110128336
4d8b93dd1,3,7.666666666666667,0.8053081834603174,0.6666666666666666,0.0,163.374,189.432,0.2954177633333333,0.06456627533333333
4d8bc908b,11,8.727272727272727,0.7668102518950217,1.0,0.0,105.952,88.62599999999999,0.13997850954545454,0.04394886590909091
4d8bf7feb,3,9.0,0.7919250951296296,1.0,0.0,125.42399999999998,114.11699999999999,0.28277185666666665,0.047173085000000003
4d98e5623,2,9.5,0.782898622888889,1.0,0.0,23.543499999999998,23.543499999999998,0.344192575,0.065785871
4da0a8ee1,2,8.0,0.7548570724999999,1.0,0.0,18.7265,18.7265,0.20989231,0.185830735
4daad230c,3,10.0,0.7555846206666667,1.0,0.0,140.869,148.81099999999998,0.39169839999999995,0.22873562333333333
4db543276,2,10.0,0.7359483895000001,1.0,0.0,88.2645,88.2645,0.24393763499999999,0.069944095
4dbcd1d36,4,10.0,0.7273114015,1.0,0.0,101.94324999999999,101.618,0.3669435575,0.22223557875
4dc593f4e,1,8.0,0.6918096012499999,1.0,0.0,117.59899999999999,117.59899999999999,0.26405808,0.17898023
4dc6822f8,3,8.0,0.774386624047619,1.0,0.0,50.387,50.858,0.20046350000000002,0.12703780666666667
4dc936ac7,3,8.666666666666666,0.7865165488518518,1.0,0.0,168.96900000000002,156.893,0.30352722000000004,0.12355150666666666
4dd8dd451,5,9.6,0.79409739495,1.0,0.0,23.913800000000002,11.591999999999999,0.5723748280000001,0.216123332
4df0d1886,1,9.0,0.7626757622222222,1.0,0.0,52.92999999999999,52.92999999999999,0.2156437,0.15192507
4dfd61242,4,10.0,0.76778704575,1.0,0.0,77.88049999999998,66.53049999999999,0.44484159,0.177115855
4dff83c9f,4,10.0,0.82472535225,1.0,0.0,111.076,109.4485,0.3982844,0.232982905
4e00cd0ac,4,8.75,0.7250400165535714,1.0,0.0,82.86449999999999,98.4275,0.1837312625,0.10399014649999999
4e01721aa,2,9.5,0.7881236661111111,1.0,0.0,139.5435,139.5435,0.105697868,0.055389976
4e12936b0,1,6.0,0.7395927033333333,1.0,0.0,120.07,120.07,0.11764502,0.03479263
4e290a43a,11,9.636363636363637,0.7435036563203462,1.0,0.0,126.86336363636364,123.52799999999999,0.3217230609090909,0.149887984
4e3640544,1,10.0,0.756605864,1.0,0.0,198.51,198.51,0.4222688,0.04690346
4e37bb1e2,1,10.0,0.774394485,1.0,0.0,51.224,51.224,0.119129464,0.077179484
4e47644c8,3,9.0,0.7747309922380952,0.6666666666666666,0.0,120.90066666666668,121.325,0.28425021333333333,0.057520816333333336
4e4ba4429,3,7.666666666666667,0.7800351558888888,0.6666666666666666,0.0,95.24933333333333,51.352999999999994,0.27300777,0.047660563999999996
4e797dcdd,3,9.333333333333334,0.7504628346666666,1.0,0.0,117.899,85.971,0.21868583666666666,0.10872538066666666
4e7a22c99,1,7.0,0.7359052,1.0,0.0,21.999999999999996,21.999999999999996,0.10400021,0.101654276
4e8ae40c0,5,9.2,0.822390396,1.0,0.0,155.3174,153.35199999999998,0.30643532,0.17256435
4e9a13862,1,10.0,0.760487212,1.0,0.0,154.75999999999996,154.75999999999996,0.29233494,0.040455878
4e9f82a98,2,10.0,0.811296449,1.0,0.0,16.4275,16.4275,0.354491205,0.079608295
4ea111bbe,5,9.6,0.7845265661777778,1.0,0.0,148.255,155.411,0.265054948,0.158927604
4ea31a03a,1,10.0,0.749622008,1.0,0.0,154.302,154.302,0.17775828,0.01720293
4ea7c5d48,1,10.0,0.7765194799999999,1.0,0.0,50.082,50.082,0.17129494,0.21745385
4eae8cc31,5,9.4,0.7853554944285714,1.0,0.0,143.082,115.543,0.243143536,0.0756148174
4eb30abb2,2,9.0,0.75533631825,1.0,0.0,148.45800000000003,148.45800000000003,0.13725742,0.018693475
4eb61ccb3,3,10.0,0.759416628,1.0,0.0,127.18399999999998,124.05600000000001,0.42832691,0.12163110166666667
4eb9088a2,1,10.0,0.75651231,1.0,0.0,85.35999999999999,85.35999999999999,0.22426634,0.08518489
4eb9c5991,9,9.777777777777779,0.7706202640277778,1.0,0.0,105.12477777777777,115.874,0.21305761888888888,0.053060084333333334
4eba3b5c0,3,9.666666666666666,0.8702983147407407,1.0,0.0,119.49466666666666,119.14699999999999,0.18285038,0.07118331966666668
4ed2fba3e,3,8.333333333333334,0.7698107016666667,1.0,0.0,112.71100000000001,84.641,0.40059805,0.11292256166666666
4edc9ecc5,5,10.0,0.8035970524,1.0,0.0,167.6942,195.968,0.28125048599999997,0.110822062
4efe77aa0,2,10.0,0.7360750250000001,1.0,0.0,86.7815,86.7815,0.163366615,0.0660912635
4effbea00,2,10.0,0.7903233735,1.0,0.0,87.35549999999999,87.35549999999999,0.18673029000000002,0.042030673500000004
4f10d4a75,2,10.0,0.805837192,1.0,0.0,86.8395,86.8395,0.24893841,0.09825781250000001
4f18ce587,2,10.0,0.8084573085,1.0,0.0,98.71099999999998,98.71099999999998,0.27923345,0.078856659
4f1bf01b6,4,9.5,0.7764856891666666,0.5,0.25,116.23649999999999,103.754,0.1529337335,0.0669890595
4f1d86875,4,8.0,0.80223570875,1.0,0.0,120.38024999999999,101.05099999999999,0.24688983,0.07654245
4f23f9105,1,10.0,0.8011605789999999,1.0,0.0,121.64099999999999,121.64099999999999,0.3397534,0.12053417
4f279d30c,5,10.0,0.7677625468,1.0,0.0,80.6754,58.05,0.21568342080000003,0.11971904159999999
4f34d790b,2,10.0,0.7693562665,1.0,0.0,66.05499999999999,66.05499999999999,0.38000897,0.059732400000000005
4f39ec246,5,10.0,0.9173395714,1.0,0.0,114.14759999999998,115.692,0.23018217800000002,0.0799083608
4f3b3314c,1,10.0,0.7715896950000001,1.0,0.0,52.467,52.467,0.2435432,0.10882761
4f402845d,3,9.333333333333334,0.8064558648333334,1.0,0.0,97.02066666666667,78.53399999999999,0.21728259666666663,0.11911782
4f4028c04,3,9.666666666666666,0.7395728674814815,1.0,0.0,119.03966666666668,129.34,0.3413229033333333,0.13196612333333332
4f412d0fc,3,9.666666666666666,0.7138927938148147,1.0,0.0,145.75566666666666,123.17099999999999,0.14045032,0.05903194
4f45bb293,11,9.727272727272727,0.768692174770202,1.0,0.0,195.19136363636363,195.886,0.36331827818181817,0.27153676963636364
4f5205d2b,1,10.0,0.7850760489999999,1.0,0.0,48.178999999999995,48.178999999999995,0.3171032,0.03737921
4f66fa0c3,5,10.0,0.8212886296,1.0,0.0,150.80180000000001,158.986,0.336912402,0.17844962679999998
4f678d1cf,1,10.0,0.736111464,1.0,0.0,48.669,48.669,0.25671205,0.1948269
4f6c8d13e,14,9.928571428571429,0.760603505531746,1.0,0.0,100.58464285714285,113.8305,0.1731041965,0.055597355785714286
4f75e3aa2,3,9.0,0.7604269506666667,1.0,0.0,116.86999999999999,114.22699999999999,0.20334573666666667,0.14959538166666667
4f7932c0d,3,8.666666666666666,0.7643757564179894,1.0,0.0,190.37233333333333,189.737,0.38207436,0.07310061333333333
4f7a70728,13,9.923076923076923,0.7818922486495727,1.0,0.0,107.56392307692307,117.08699999999999,0.40774658076923076,0.1758707776923077
4f7aa1d3c,2,7.0,0.7442315964285714,1.0,0.0,100.9875,100.9875,0.14866767,0.037894553
4f7bfcb68,3,7.333333333333333,0.7658061976666667,1.0,0.0,33.99833333333333,24.25,0.2348530666666667,0.065845763
4f7fc967a,3,8.333333333333334,0.7692534386666666,0.6666666666666666,0.0,90.472,118.306,0.19382935333333332,0.102853035
4f8a564a2,1,9.0,0.7316387822222221,1.0,0.0,118.713,118.713,0.3004786,0.105130196
4f9379256,4,9.75,0.7620052769722222,1.0,0.0,78.14175,83.8215,0.3507491075,0.1197320485
4f94e2b5a,4,7.75,0.7438636485714285,1.0,0.0,138.07225,120.96549999999999,0.162977675,0.035662184
4f9b31590,8,9.875,0.7314255868611111,1.0,0.0,44.115,49.5025,0.305611955,0.128292459375
4fac67d06,4,8.25,0.7923537895535715,1.0,0.0,140.12599999999998,158.46949999999998,0.140064669,0.06645647725
4fbe0c2e5,3,8.666666666666666,0.7986880816666666,1.0,0.0,195.50166666666667,194.04799999999997,0.4525441666666667,0.12287548
4fc9dee58,1,9.0,0.7783934888888889,1.0,0.0,114.67599999999999,114.67599999999999,0.384657,0.10215543
4fcd7cfe0,5,7.6,0.7979557896428571,1.0,0.0,73.7048,86.631,0.08043650420000001,0.050235708000000004
4fd97d6fe,1,10.0,0.74127729,1.0,0.0,157.67600000000002,157.67600000000002,0.18672034,0.03971869
4fdebca57,1,10.0,0.7283265739999999,1.0,0.0,117.00499999999998,117.00499999999998,0.28831923,0.08702949
4fe9ef7ce,1,8.0,0.694578995,0.0,0.0,155.941,155.941,0.2504572,0.09274194
4fedc2eb6,2,9.5,0.7873176505555555,1.0,0.0,51.8075,51.8075,0.202851705,0.083948205
4ff447944,1,9.0,0.763344188888889,1.0,0.0,23.456,23.456,0.16768958,0.20653029
500327aed,1,10.0,0.739262966,1.0,0.0,113.819,113.819,0.26863366,0.09366259
500728fdd,2,10.0,0.81980947,1.0,0.0,179.1445,179.1445,0.46691136,0.0859129425
500fdf3b1,5,10.0,0.7917032078,1.0,0.0,144.0176,159.233,0.230067988,0.0655554426
5017052e7,1,8.0,0.87370511125,1.0,0.0,26.787,26.787,0.66430163,0.3610878
502a2a9db,5,8.2,0.794204607547619,1.0,0.0,143.2822,193.79899999999998,0.182747894,0.0351953964
502d58dea,4,10.0,0.78988772,1.0,0.0,44.964749999999995,38.590999999999994,0.2086707375,0.089067369
50361acf5,9,8.777777777777779,0.7644052068527336,1.0,0.0,53.42033333333333,49.91199999999999,0.2328916166666667,0.06711846455555555
503a096e7,4,9.25,0.76491973475,1.0,0.0,42.219249999999995,18.987000000000002,0.3902441425,0.18449197699999997
503a567ed,1,10.0,0.72786778,1.0,0.0,86.618,86.618,0.13821588,0.02780136
50418fb29,7,9.571428571428571,0.805447261367347,1.0,0.0,114.6542857142857,121.609,0.29106320571428573,0.12107923314285715
5043a32cb,3,8.0,0.776725897473545,1.0,0.0,98.74066666666666,123.60099999999998,0.19702498333333332,0.10178962000000001
505034c5a,4,9.75,0.7733903052777777,1.0,0.0,129.44525,138.2735,0.31795683750000003,0.029609206
505c5d7c6,4,9.0,0.7682405466825397,1.0,0.0,21.353749999999998,20.993000000000002,0.270917776,0.11808719675
50682d0f1,1,9.0,0.7250178,1.0,0.0,198.69099999999997,198.69099999999997,0.16277212,0.0774367
506bacb46,6,8.833333333333334,0.7525328818154762,1.0,0.0,110.47016666666666,114.03450000000001,0.29454699333333334,0.08002687983333333
506fa1d6e,29,9.448275862068966,0.7760195528434592,1.0,0.0,138.16386206896553,157.377,0.33027870689655175,0.09233471227586207
5071e525c,4,9.75,0.7569177089722222,1.0,0.0,111.973,132.338,0.3111618875,0.09145935775
50723f2c3,1,10.0,0.8085128060000001,1.0,0.0,24.712,24.712,0.3408071,0.06474547
5074cf806,1,10.0,0.782980689,1.0,0.0,83.07399999999998,83.07399999999998,0.35438752,0.06408021
507e734af,5,10.0,0.7799594344,1.0,0.0,153.9952,158.80499999999998,0.1004765728,0.039205691060000006
509180812,2,9.5,0.7380083895555556,1.0,0.0,127.10499999999999,127.10499999999999,0.13528818,0.089308785
50abab539,3,9.0,0.7967965462129629,1.0,0.0,119.82600000000001,113.987,0.30951884,0.12893313333333334
50ae3720b,5,8.8,0.7586896204714286,1.0,0.0,149.96819999999997,160.09099999999998,0.36621911799999995,0.0885362454
50cbc6c8f,2,10.0,0.8294876435,1.0,0.0,38.799,38.799,0.472292065,0.10656916699999999
50d1c2157,1,10.0,0.759982045,1.0,0.0,193.8,193.8,0.33732688,0.12062212
50d2b5839,7,9.142857142857142,0.7633960019841269,1.0,0.0,138.7112857142857,151.03900000000002,0.22832419714285715,0.05177334714285714
50e061767,10,9.0,0.7845396293246032,1.0,0.0,129.41199999999998,123.20499999999998,0.179985416,0.0585299404
50e35cd70,4,10.0,0.807714615,1.0,0.0,95.012,101.738,0.140145914,0.091642117
50eddd1bb,3,8.0,0.7648830804761904,1.0,0.0,208.77499999999998,229.484,0.22854201,0.17324901
50ef65df7,1,7.0,0.7973314042857143,1.0,0.0,194.42499999999998,194.42499999999998,0.0870542,0.027918376
50f87522f,5,10.0,0.7826317574,1.0,0.0,114.429,124.30999999999999,0.16680246599999998,0.088067984
50fe7d515,3,8.666666666666666,0.7664998867089947,1.0,0.0,176.67333333333332,186.678,0.29305721333333334,0.08177246133333332
51020fbd4,5,9.2,0.752783781,1.0,0.0,127.02739999999999,154.609,0.18830101319999998,0.0719218368
5118055f4,2,9.0,0.7541078516666668,1.0,0.0,142.8765,142.8765,0.27105854500000004,0.162273608
51196cf13,4,7.25,0.7654687069325397,1.0,0.0,140.32799999999997,143.7205,0.2331269025,0.0935831025
511b4a044,4,10.0,0.7506445454999999,1.0,0.0,66.66749999999999,48.96549999999999,0.1971253475,0.0846123825
51226d067,5,10.0,0.7632575118,1.0,0.0,17.0764,16.527,0.399407482,0.31592524600000005
512bf1e8a,3,9.0,0.7695377485238094,1.0,0.0,49.236,48.103,0.1906449266666667,0.06437160333333333
513062327,2,10.0,0.768216043,1.0,0.0,36.396499999999996,36.396499999999996,0.329809055,0.267776615
51366110e,4,9.75,0.7850719441944444,1.0,0.0,108.56,109.08500000000001,0.19333799499999998,0.12431893075
51398fac1,3,9.666666666666666,0.7434623913703704,1.0,0.0,48.690999999999995,48.72899999999999,0.3773077233333333,0.17899300666666665
514e33268,4,10.0,0.79264220075,1.0,0.0,18.94125,19.458999999999996,0.5415563425000001,0.156190205
5152dbfe1,8,10.0,0.78140834075,1.0,0.0,107.57575,86.556,0.30015063625,0.098621206125
515d9508a,1,10.0,0.783513313,1.0,0.0,86.13,86.13,0.19634984,0.0381547
5163abb6e,12,9.25,0.7467103240648147,0.9166666666666666,0.0,141.25491666666667,121.2465,0.344711135,0.12264423366666666
516fcfdf9,1,10.0,0.7844214540000001,1.0,0.0,85.173,85.173,0.21383436,0.07143817
51714821c,1,10.0,0.778562239,1.0,0.0,24.142,24.142,0.37661144,0.13218252
5181f9924,1,9.0,0.7345105477777777,1.0,0.0,52.177,52.177,0.1933756,0.07859117
5182392d9,1,10.0,0.8185644400000001,1.0,0.0,116.05900000000001,116.05900000000001,0.27243048,0.06581686
518384a79,3,7.666666666666667,0.7675485487777777,0.6666666666666666,0.0,119.06299999999999,117.53899999999999,0.18655741666666667,0.040456687666666664
5188ce75b,3,6.333333333333333,0.7846618253968254,1.0,0.0,196.85566666666668,196.402,0.4059741766666667,0.06304197066666667
518e71b74,11,8.909090909090908,0.7584421621493506,1.0,0.0,88.25581818181819,83.465,0.1970855041818182,0.11223327790909092
518f86025,2,9.0,0.7407611671250001,1.0,0.0,119.20049999999999,119.20049999999999,0.339931685,0.14771159
519bc8382,5,9.6,0.7549121495111111,1.0,0.0,154.4036,152.639,0.473238034,0.125164761
51a0d55ba,5,8.2,0.745454017854762,1.0,0.0,97.25319999999999,50.289,0.134068714,0.11642385880000002
51b7034e6,2,10.0,0.7833573235,1.0,0.0,15.870000000000001,15.870000000000001,0.309603935,0.143774225
51c04983b,2,9.5,0.7474463117222222,1.0,0.0,21.719499999999996,21.719499999999996,0.30886232,0.285400915
51c4018b8,4,9.25,0.7812123245,1.0,0.0,142.27499999999998,172.30199999999996,0.354139325,0.13772007
51cdc726a,2,8.5,0.7373691810416667,1.0,0.0,65.606,65.606,0.16912876,0.07596254
51d3a70bf,2,10.0,0.8334992925,1.0,0.0,157.45499999999998,157.45499999999998,0.19766686,0.0641938205
51d637766,2,9.5,0.7399822175555556,1.0,0.0,139.2885,139.2885,0.186193635,0.186196725
51d880078,2,10.0,0.7533849315,1.0,0.0,192.269,192.269,0.290654025,0.0831165445
51df78553,5,9.4,0.7785452763999999,1.0,0.0,101.963,45.513,0.22080548000000003,0.13336405540000001
51e25fe8b,1,10.0,0.7816349,1.0,0.0,83.228,83.228,0.18531698,0.040352553
5208915a3,5,9.4,0.7788353239944444,1.0,0.0,29.5936,26.043,0.41993428999999993,0.1103819812
520dc7925,1,10.0,0.8429483299999999,1.0,0.0,25.858999999999998,25.858999999999998,0.3006693,0.055064168
521320b95,3,9.666666666666666,0.8308857004444444,1.0,0.0,160.32999999999998,228.039,0.20349687000000002,0.25275962333333335
521e214ec,2,8.5,0.77246198,1.0,0.0,46.989000000000004,46.989000000000004,0.29049373,0.040322581
5220e701f,7,7.285714285714286,0.7521936641230159,0.8571428571428571,0.0,32.71071428571428,20.238999999999997,0.45117972714285715,0.14710258285714287
52238d3bf,3,9.333333333333334,0.7029560767499999,1.0,0.0,11.837333333333333,12.43,0.34450984999999995,0.18121958999999999
52363327c,4,9.25,0.7641858174513889,1.0,0.0,103.077,117.78049999999999,0.2168511475,0.028517295499999998
5242038c7,20,8.7,0.7626528701128968,1.0,0.0,119.1822,122.48599999999999,0.24319325800000002,0.10661564115
525947b88,1,8.0,0.6978698525,1.0,0.0,107.29299999999999,107.29299999999999,0.18306898,0.049308717
5264d253b,4,7.0,0.7145631812946428,0.75,0.0,165.24575,174.179,0.24096282,0.0684331785
5267f524a,1,7.0,0.8083761914285715,1.0,0.0,51.723,51.723,0.15915237,0.048423063
527071e27,3,10.0,0.754079743,1.0,0.0,22.337333333333333,22.207,0.33588571333333334,0.103066145
527b6112b,8,8.875,0.7722670282499999,0.875,0.0,121.440875,140.997,0.21521418,0.150120867875
52820e80e,4,9.5,0.8014253108125,1.0,0.0,201.178,199.9895,0.30215378,0.1407351025
5287fead8,2,10.0,0.7669241179999999,1.0,0.0,105.25949999999999,105.25949999999999,0.196530515,0.054669615000000005
529025eb8,4,9.5,0.7764258620625,1.0,0.0,21.03325,21.5875,0.277197985,0.08583821375
529c2e04b,3,9.333333333333334,0.7747678504074074,1.0,0.0,93.884,23.538,0.47563957,0.18900387666666665
52a539ef3,3,8.666666666666666,0.780345172,1.0,0.0,178.77133333333336,191.79500000000002,0.22706077000000002,0.055842959
52a88696e,1,10.0,0.8086137200000001,1.0,0.0,118.84100000000001,118.84100000000001,0.28617352,0.2037925
52c49d6b6,2,10.0,0.8020515265000001,1.0,0.0,176.0485,176.0485,0.28963015999999997,0.10091417849999999
52d336af0,3,7.666666666666667,0.7783449743518519,1.0,0.0,72.50866666666667,79.569,0.19992958333333335,0.09307659333333333
52d65015d,1,8.0,0.78997634625,1.0,0.0,241.886,241.886,0.3696294,0.10917447
52dae90aa,4,9.5,0.7350468408125,1.0,0.0,119.92675,117.71449999999999,0.25245827,0.08357584900000001
52e555a3a,3,10.0,0.7576719263333334,1.0,0.0,60.56133333333332,49.989,0.30842813,0.09345011133333332
52ec30101,5,6.6,0.7857490993238095,1.0,0.0,195.1968,194.543,0.35067875000000004,0.045557602200000005
52ed9719f,8,10.0,0.790138466,1.0,0.0,25.087874999999997,21.984,0.4128067125,0.15957661625
52f3d0bf9,3,9.333333333333334,0.7689698484166666,1.0,0.0,117.76733333333334,118.22399999999999,0.29954848,0.09772805933333333
52ffdc6c2,1,10.0,0.779248983,1.0,0.0,160.957,160.957,0.26255825,0.23006026
53037f091,8,9.125,0.7560169955267857,0.875,0.0,101.23349999999999,109.6105,0.24385689125,0.184037492
530b7bcec,28,9.571428571428571,0.735733258068169,0.9285714285714286,0.0,162.52014285714287,189.115,0.4108328485714286,0.21018110898928571
530c897a2,3,9.666666666666666,0.7923669981481481,1.0,0.0,74.458,74.021,0.20549247,0.139587141
531452675,5,8.4,0.6892768104666667,0.6,0.0,115.99579999999999,126.27099999999999,0.39954614200000005,0.299320704
5314d64ac,2,10.0,0.7563551749999999,1.0,0.0,120.05850000000001,120.05850000000001,0.20178321,0.0711717845
531e56f63,5,8.0,0.74129818765,1.0,0.0,104.1932,47.298,0.247285874,0.1303560146
532396459,5,8.8,0.7175085440857143,1.0,0.0,175.7464,196.43599999999998,0.254729204,0.0711442484
5330c4588,2,10.0,0.7587144375,1.0,0.0,196.558,196.558,0.36186783,0.256292375
533916bd6,1,10.0,0.730517353,1.0,0.0,52.25,52.25,0.11072894,0.08749566
534104c8e,1,10.0,0.734494498,1.0,0.0,198.397,198.397,0.1944453,0.071205944
5347d6835,1,10.0,0.776554536,1.0,0.0,239.207,239.207,0.29298508,0.449564
5353b2283,4,8.5,0.7633986134037698,1.0,0.0,75.69649999999999,81.89099999999999,0.24741232,0.038306894
53549acd2,6,9.666666666666666,0.7924642864583333,1.0,0.0,110.54483333333333,100.2145,0.36690316666666667,0.232251587
5360d72a3,4,8.75,0.7105380991041667,1.0,0.0,96.14999999999999,118.75049999999999,0.34384543,0.09198789475
5366eff00,2,10.0,0.7666412825,1.0,0.0,50.0535,50.0535,0.19429086,0.076802365
5376c81df,1,10.0,0.77742731,1.0,0.0,195.869,195.869,0.28412092,0.12773153
537b5f09b,5,10.0,0.7589906128,1.0,0.0,142.3764,154.397,0.299768386,0.0994797072
5382ef1e5,1,10.0,0.749170735,1.0,0.0,233.107,233.107,0.20917507,0.034512054
53895ad35,5,6.8,0.7215988192444445,0.2,0.0,80.73159999999999,48.976,0.20085047500000003,0.0974078494
538b47698,1,10.0,0.729054339,1.0,0.0,22.972,22.972,0.20943366,0.02872777
5390fc59f,1,8.0,0.7607839525,1.0,0.0,243.701,243.701,0.58989626,0.083001085
53964c5d0,23,7.695652173913044,0.7757984891987577,1.0,0.0,44.36039130434782,48.522999999999996,0.3226926134782609,0.09973174326086957
53abbdf1d,2,9.5,0.7960627121111111,1.0,0.0,206.36449999999996,206.36449999999996,0.41563319,0.312874615
53ac79c6c,2,8.0,0.7722556337500001,1.0,0.0,197.0205,197.0205,0.21654057,0.0607386575
53b996932,5,8.4,0.7978864332428571,1.0,0.0,90.8,51.495000000000005,0.20735179600000003,0.09900954340000001
53bb1d133,3,9.333333333333334,0.7571644940833333,1.0,0.0,154.80700000000002,155.181,0.17670989,0.035611548666666666
53c0ebe89,15,9.333333333333334,0.7821126403920634,1.0,0.0,158.61526666666666,186.62499999999997,0.24903797,0.0841788878
53c344d06,5,7.2,0.7231486328095238,1.0,0.0,165.4828,189.838,0.237571198,0.0633384014
53cd96ef8,1,10.0,0.784479265,1.0,0.0,21.197999999999997,21.197999999999997,0.08544889,0.039021853
53cfa1a3c,1,10.0,0.7628683959999999,1.0,0.0,146.84,146.84,0.26245946,0.03540318
53db5839b,5,9.2,0.7617380910333333,1.0,0.0,133.6998,120.874,0.15576517,0.078538813
53e7035cf,1,10.0,0.75688214,1.0,0.0,84.854,84.854,0.20147952,0.02688172
53f434ae8,17,9.352941176470589,0.7825505226353875,1.0,0.0,100.13641176470588,103.772,0.21238612411764704,0.06791147976470589
53fba6573,3,8.0,0.7394233047619047,1.0,0.0,77.51133333333333,22.972,0.21646657333333333,0.16145874833333332
5407c6e1a,8,10.0,0.804499055,1.0,0.0,50.353249999999996,21.494,0.30619758,0.15687867925
541400630,4,8.25,0.7752843931944444,1.0,0.0,62.278999999999996,50.5375,0.26059178,0.05939399525
5419155f2,14,8.928571428571429,0.7886735139027777,1.0,0.0,131.55821428571429,118.6385,0.24626417857142857,0.10776798764285714
54224dada,4,9.0,0.7588998150515873,1.0,0.0,36.793,37.742999999999995,0.3517887275,0.10666878975
543130f60,1,10.0,0.748485952,1.0,0.0,151.60899999999998,151.60899999999998,0.22038594,0.048795145
54314d17b,1,8.0,0.75111658375,1.0,0.0,44.955,44.955,0.15208283,0.04465834
544c16564,5,10.0,0.7995398076000001,1.0,0.0,159.8326,159.712,0.53673474,0.18406174
5457a593a,3,8.666666666666666,0.7739437637777778,1.0,0.0,69.66933333333334,73.881,0.25225224333333335,0.11812151466666666
546957a8b,3,9.666666666666666,0.7809489282962963,1.0,0.0,145.39266666666666,123.566,0.3751898,0.11672924333333334
546a913cc,4,9.5,0.7740193820277779,1.0,0.0,50.589999999999996,46.724,0.3829896675,0.1150277475
546cf9e37,4,10.0,0.8005832469999999,1.0,0.0,170.9495,167.6875,0.2890035875,0.11746557
5474cd2c2,1,7.0,0.8499478957142858,1.0,0.0,16.153,16.153,0.17504886,0.19308434
54791dc58,3,10.0,0.766286497,1.0,0.0,109.153,107.19,0.26727769166666665,0.0566079773
547c7bf41,4,10.0,0.8338197224999999,1.0,0.0,204.12924999999998,212.5545,0.23374618,0.07562135275000001
548351895,1,9.0,0.8129751255555555,1.0,0.0,186.602,186.602,0.27944943,0.14512907
548df7912,10,9.6,0.7754040061055556,1.0,0.0,106.84079999999999,82.81649999999999,0.41525307399999994,0.1330471744
5493d0771,3,10.0,0.8329276466666666,1.0,0.0,18.834333333333333,18.876,0.21305549333333332,0.065728631
549c35706,3,9.666666666666666,0.7747769409259259,1.0,0.0,108.08633333333334,120.95600000000002,0.27524790000000005,0.02642089066666667
54ab4b5d2,7,9.571428571428571,0.7729210845436507,1.0,0.0,90.18085714285714,78.359,0.2429944507142857,0.05578266728571429
54b0c0564,2,9.5,0.8253814568333333,1.0,0.0,38.547,38.547,0.207315625,0.102410685
54bbc1b84,3,10.0,0.786429697,1.0,0.0,130.64533333333333,121.099,0.14840574166666667,0.09380338666666667
54c2d49bb,6,8.166666666666666,0.7796396411428571,1.0,0.0,60.07016666666666,37.5145,0.31869985166666664,0.23445414666666667
54e0ac09d,1,10.0,0.794150055,1.0,0.0,21.537999999999997,21.537999999999997,0.39093623,0.26335415
54ec12bf6,2,9.5,0.7642150552777778,1.0,0.0,19.628,19.628,0.5400258,0.21327610000000002
550405709,1,9.0,0.7126999455555556,1.0,0.0,244.25599999999997,244.25599999999997,0.32489473,0.11107156
550f8a3da,4,10.0,0.7990367775,1.0,0.0,117.30225,134.361,0.3069658925,0.12584740125
5510ac89a,6,9.833333333333334,0.7791888027407406,1.0,0.0,122.85799999999999,120.1765,0.23431741333333334,0.08219451716666666
55247ed35,1,10.0,0.7747211079999999,1.0,0.0,117.977,117.977,0.28124395,0.10830732
553164b93,3,10.0,0.8486844433333335,1.0,0.0,134.83866666666665,187.54399999999998,0.3916001433333333,0.2904210876666667
553752e54,5,9.4,0.7509322297111112,1.0,0.0,125.673,120.75099999999999,0.277190704,0.0879398136
553d1ee3b,3,10.0,0.7656623863333333,1.0,0.0,119.42366666666668,116.113,0.32086924666666666,0.140850322
5546a54ef,5,8.0,0.8378941152000001,1.0,0.0,184.9126,188.418,0.24372565000000002,0.12505098779999999
554965e66,6,10.0,0.7741800636666666,1.0,0.0,149.948,140.219,0.26269631833333335,0.08239392
554c80a2a,10,9.9,0.7647872933222222,1.0,0.0,111.7301,118.01799999999999,0.23269439800000002,0.10239171949999999
5550a68dc,5,9.8,0.7855991426888889,1.0,0.0,33.608999999999995,26.897,0.528521124,0.1353152708
55553842f,1,8.0,0.8055301,1.0,0.0,50.146,50.146,0.21697037,0.063018434
555e742f9,3,8.0,0.7799461962500001,1.0,0.0,131.90066666666667,124.082,0.1898084,0.035555350000000006
557f3e130,4,10.0,0.8492710609999999,1.0,0.0,194.22249999999997,195.27949999999998,0.42738208,0.074661811
558c419c0,5,9.0,0.7362874950222222,1.0,0.0,24.8034,19.238999999999997,0.456542562,0.24927573399999997
558ca2c00,2,10.0,0.8008378814999999,1.0,0.0,70.14099999999999,70.14099999999999,0.28457434,0.0537170935
5597af31b,2,10.0,0.7567369535,1.0,0.0,122.3165,122.3165,0.252371725,0.0422719865
559afad4f,7,8.428571428571429,0.733675733095238,1.0,0.0,69.94271428571429,52.855000000000004,0.27418492285714285,0.12037500957142858
559e15485,2,10.0,0.821533353,1.0,0.0,20.139,20.139,0.30769317,0.12591051
55b797c90,3,9.0,0.7127574469523811,0.6666666666666666,0.0,135.31933333333333,121.175,0.3554977533333334,0.11053300933333332
55b9c70eb,4,8.5,0.7886806283333334,1.0,0.0,86.7085,85.359,0.3028532825,0.092923359
55c827f51,3,10.0,0.7666911556666666,1.0,0.0,153.423,153.886,0.15709099333333335,0.028837236333333332
55ccb364d,4,10.0,0.781747778,1.0,0.0,166.45299999999997,175.237,0.18729784500000002,0.13227798699999999
55cdf4eda,1,10.0,0.735196179,1.0,0.0,118.007,118.007,0.12085995,0.13276102
55e32b4b7,2,9.0,0.8153887638749999,1.0,0.0,136.0145,136.0145,0.24825130500000003,0.155446105
55f8f6120,1,10.0,0.734233739,1.0,0.0,89.22399999999999,89.22399999999999,0.46329215,0.024366979
5601bd45c,3,9.0,0.77175333775,1.0,0.0,156.9623333333333,121.511,0.17762745,0.11630824499999999
560232264,4,9.25,0.757356712,1.0,0.0,36.3765,37.098,0.4094428,0.13641839625000002
5606b4630,2,9.0,0.761647689125,1.0,0.0,37.952999999999996,37.952999999999996,0.15629953000000002,0.073099263
560d2b399,4,9.25,0.7594787472361111,1.0,0.0,101.47375,117.39599999999999,0.2242441325,0.1181571185
56147c737,1,10.0,0.771120279,1.0,0.0,83.452,83.452,0.18061055,0.04978822
5634cfd98,2,8.5,0.7305299075,1.0,0.0,153.9825,153.9825,0.126830515,0.0133604025
563854d72,5,9.4,0.7359829988000001,1.0,0.0,117.07539999999999,158.76799999999997,0.38289916,0.1442018126
563eaa005,1,10.0,0.7345711990000001,1.0,0.0,243.54399999999998,243.54399999999998,0.38117963,0.4412938
564356241,3,8.333333333333334,0.7768038599259258,1.0,0.0,76.039,54.153,0.17622231666666666,0.163583968
5649192e9,1,9.0,0.7467850166666667,1.0,0.0,89.196,89.196,0.31848958,0.24041627
564ad520f,9,9.333333333333334,0.7633344311234568,1.0,0.0,141.16488888888887,156.315,0.23319320333333332,0.06553594866666666
566dcbd9f,1,10.0,0.7749788310000001,1.0,0.0,54.388999999999996,54.388999999999996,0.27949312,0.083763994
567c1ab71,5,9.2,0.73353206075,1.0,0.0,149.23139999999998,156.113,0.276629156,0.075268089
56856fe73,3,9.0,0.7868645334285714,1.0,0.0,52.72,52.854,0.22704901333333335,0.12225119066666668
5685ae208,1,10.0,0.7644983430000001,1.0,0.0,117.027,117.027,0.34788013,0.060631894
568a5ab51,1,10.0,0.737605042,1.0,0.0,114.88199999999999,114.88199999999999,0.36189446,0.18951613
56a0c2ccd,4,10.0,0.69072416475,1.0,0.0,165.51074999999997,157.6565,0.21604390499999998,0.09528423465
56b0b72b1,3,9.333333333333334,0.7862083637037037,1.0,0.0,114.351,50.744,0.19735391,0.0576574575
56b5845d7,2,10.0,0.7563917055,0.5,0.0,174.75150000000002,174.75150000000002,0.38772257,0.102653236
56b63bfb3,8,9.75,0.7674083565416667,1.0,0.0,129.35,121.5275,0.4137418325,0.102258932
56ba19506,1,10.0,0.7298127289999999,1.0,0.0,85.68599999999998,85.68599999999998,0.40776235,0.045024954
56bf5e254,2,9.0,0.786814594875,1.0,0.0,22.7025,22.7025,0.19093282,0.24190834
56c329fdf,5,8.2,0.7928291478,1.0,0.0,55.145799999999994,51.42399999999999,0.271474434,0.0874970852
56d7f894f,2,9.0,0.7818738322222223,1.0,0.0,82.3375,82.3375,0.247028075,0.018534273
56ddc4f47,2,10.0,0.778202396,1.0,0.0,118.899,118.899,0.31325673,0.103321195
56e91b142,1,8.0,0.82839626625,1.0,0.0,84.874,84.874,0.25227615,0.045419805
56f62a309,15,9.0,0.7642725110116402,1.0,0.0,138.88886666666667,125.10999999999999,0.20472775240000002,0.119707116
56f7b3216,5,8.6,0.7526358194222222,1.0,0.0,92.27,87.78299999999999,0.282986322,0.0501217446
570b3eb92,2,10.0,0.7523117525,0.5,0.0,191.39249999999998,191.39249999999998,0.37690249,0.256775345
570fb2f6c,3,9.666666666666666,0.7966602748518518,1.0,0.0,127.64366666666666,111.277,0.2039960213333333,0.20226279866666666
570fdcc4d,1,9.0,0.7105380677777777,1.0,0.0,161.26600000000002,161.26600000000002,0.31856006,0.13542627
573ee1a1f,1,10.0,0.7552140869999999,1.0,0.0,163.355,163.355,0.36032537,0.07329605
573f51aca,4,9.0,0.7630830406388889,1.0,0.0,128.91424999999998,121.327,0.386349155,0.10713666
573f877f8,3,10.0,0.812123397,1.0,0.0,153.62866666666667,154.572,0.18276112333333336,0.13942776333333334
574919b00,11,10.0,0.7675472852727272,1.0,0.0,153.73436363636364,156.979,0.34901331090909093,0.21346409727272728
576f4893f,3,10.0,0.809974063,1.0,0.0,129.03466666666668,119.32600000000001,0.15081752666666667,0.047443116333333334
5776e3791,5,8.2,0.7495495578928572,1.0,0.0,118.05799999999999,118.708,0.293396608,0.12148242599999999
577c72b39,3,7.333333333333333,0.8221468974404762,1.0,0.0,130.24933333333334,112.574,0.26556632333333335,0.06214591333333334
577d15fea,1,10.0,0.7895490709999999,1.0,0.0,19.983,19.983,0.16694768,0.1542396
577de26db,1,10.0,0.8479578889999999,1.0,0.0,121.109,121.109,0.2916028,0.10389058
578880eb3,12,9.083333333333334,0.7679265024097223,0.9166666666666666,0.0,82.27225,54.782,0.31423600749999997,0.12523924022500002
5792107ef,1,9.0,0.7498693777777778,1.0,0.0,23.755,23.755,0.30718353,0.057005104
57a93e9a6,6,8.666666666666666,0.729665017734127,1.0,0.0,113.4655,113.707,0.14074224,0.07054358376666667
57ac7373a,1,10.0,0.754915252,1.0,0.0,235.278,235.278,0.14481716,0.07889986
57b57989d,1,6.0,0.7858362816666666,1.0,0.0,156.055,156.055,0.22598034,0.019579638
57bf84005,1,10.0,0.8647544399999999,1.0,0.0,196.175,196.175,0.12384342,0.0501214
57d556084,2,9.5,0.7944215236666667,1.0,0.0,78.898,78.898,0.27392243,0.11144163800000001
57dcbe4c9,1,10.0,0.693222506,1.0,0.0,240.10399999999998,240.10399999999998,0.2708371,0.061318133
57e37b00b,1,10.0,0.8732273449999999,1.0,0.0,54.532999999999994,54.532999999999994,0.20670499,0.043846898
58132cc85,3,10.0,0.8187056233333333,1.0,0.0,130.90833333333333,119.814,0.3710785433333334,0.12853299666666668
582c02d86,7,8.428571428571429,0.7201917655753968,1.0,0.0,209.85985714285715,228.85399999999998,0.3621229057142857,0.08113392071428571
58396d68b,3,9.666666666666666,0.7843358185925927,1.0,0.0,167.19666666666666,189.30999999999997,0.24192734000000002,0.15685020666666669
5842f1ff5,8,9.625,0.7557482021666667,1.0,0.0,104.659875,118.0315,0.2524558345,0.11593825775
584ba2890,2,10.0,0.7550718475,1.0,0.0,155.538,155.538,0.14827226,0.0172220885
585a4d5b9,16,9.3125,0.7181363778663195,1.0,0.0,158.468875,192.70799999999997,0.323455598125,0.09157534825
585a705fc,2,10.0,0.7655282594999999,1.0,0.0,136.7665,136.7665,0.26174669500000003,0.0732296915
586585da9,3,10.0,0.8464980943333335,1.0,0.0,116.94933333333334,118.61399999999999,0.26414347,0.17337264333333335
5893f7a9e,4,7.75,0.7152784395833334,1.0,0.0,143.08524999999997,176.2335,0.1806082525,0.080282328
58a10d0cd,1,9.0,0.76887198,1.0,0.0,22.968,22.968,0.4288681,0.09151677
58a414b45,1,10.0,0.805962957,1.0,0.0,152.939,152.939,0.20341901,0.05396238
58b4ba48f,6,9.666666666666666,0.7384744263749999,1.0,0.0,149.696,154.891,0.24026328166666666,0.07973041316666667
58bfbd845,13,9.461538461538462,0.7692101417973138,1.0,0.0,69.90053846153845,55.206999999999994,0.13790352846153847,0.05189675942307692
58d1adc55,1,10.0,0.74069477,1.0,0.0,123.799,123.799,0.24519439,0.12132736
58d54417f,1,7.0,0.7807538214285714,1.0,0.0,113.62299999999999,113.62299999999999,0.2204646,0.09264764
58e24d608,2,9.5,0.7170354718888889,1.0,0.0,85.61099999999999,85.61099999999999,0.16666405499999998,0.043574403
58e2cf3d9,5,9.8,0.7995995253777777,1.0,0.0,163.5344,158.958,0.16800474599999998,0.1243246474
58e368a56,5,9.2,0.7716246495238096,1.0,0.0,109.451,121.988,0.286553046,0.12929807599999998
58ee93558,12,9.166666666666666,0.7492007736964287,0.5,0.0,120.21033333333332,122.77799999999999,0.21330326,0.10702981375
58ef3eec9,1,6.0,0.8504232983333333,1.0,0.0,152.837,152.837,0.14956053,0.03962886
58fe1756c,2,10.0,0.7956498950000002,1.0,0.0,159.268,159.268,0.3886648,0.053456221
5902c3051,7,9.0,0.7788765987460318,1.0,0.0,117.17042857142857,87.087,0.37052345714285717,0.10611820671428572
5909a21cc,2,10.0,0.7791254109999999,1.0,0.0,121.34049999999999,121.34049999999999,0.138773375,0.03930115
590a78f0d,4,8.5,0.7585911520416667,1.0,0.0,156.83925,157.37499999999997,0.25852754499999997,0.12199375
5918330ac,1,10.0,0.91863979,1.0,0.0,52.071,52.071,0.37787,0.08181022
591909a93,3,10.0,0.7926486343333333,1.0,0.0,206.82166666666663,197.184,0.21715564166666668,0.06497028333333334
591f1d67c,1,10.0,0.750185924,1.0,0.0,120.814,120.814,0.084287584,0.019684356
591fa7c31,1,10.0,0.8508610359999998,1.0,0.0,15.495000000000001,15.495000000000001,0.25436953,0.21455643
5925cf3fa,3,10.0,0.862794285,1.0,0.0,169.76833333333332,191.175,0.2924152166666667,0.06718972333333334
59309ddf6,2,10.0,0.7597175304999999,1.0,0.0,114.95599999999999,114.95599999999999,0.23284301,0.044484909
5943080b2,1,10.0,0.7747044599999999,1.0,0.0,120.00699999999999,120.00699999999999,0.13542771,0.093023255
5943167f1,3,10.0,0.8346791996666667,1.0,0.0,73.93566666666666,52.814,0.22873195333333332,0.04034416033333333
5944cef68,1,10.0,0.9001434830000001,1.0,0.0,53.312,53.312,0.07973841,0.035040945
594e3dc3f,1,10.0,0.780163309,1.0,0.0,113.68900000000001,113.68900000000001,0.16684258,0.05998062
5955c1678,3,8.0,0.7556610176058202,1.0,0.0,138.65,150.46,0.10802002533333332,0.08376691200000001
595b8d58f,3,10.0,0.7937180613333333,1.0,0.0,132.65099999999998,161.809,0.26764693333333334,0.21531778233333332
5962cfdd9,1,6.0,0.7718982166666667,1.0,0.0,84.994,84.994,0.13736846,0.03971541
596c81470,1,10.0,0.710800192,1.0,0.0,25.113999999999997,25.113999999999997,0.2586407,0.060210258
596d784b2,3,10.0,0.7661385623333333,1.0,0.0,199.9896666666667,196.298,0.24576792333333333,0.025424565
5971694db,4,9.25,0.7692265994642857,1.0,0.0,144.30875,140.54649999999998,0.1492791415,0.063453868
5971c2462,3,9.333333333333334,0.7275823171111111,1.0,0.0,159.50766666666667,156.77599999999998,0.16583145666666665,0.09698396799999999
597ff6946,5,7.4,0.7107016331333333,0.8,0.0,216.3442,228.548,0.24366203200000003,0.0828225608
5980b0699,4,9.25,0.8100694710625,1.0,0.0,132.05375,122.26999999999998,0.3308418425,0.0920744825
598f1fdae,5,10.0,0.7391235456,1.0,0.0,112.8144,120.854,0.20460811799999998,0.1061663138
598f49a8f,5,10.0,0.7738301206,1.0,0.0,78.8248,85.604,0.32276134,0.11025757
59903171d,2,10.0,0.794952431,1.0,0.0,104.8565,104.8565,0.36208508500000003,0.10323447499999999
5997cc138,6,8.5,0.7858999802824074,1.0,0.0,87.17483333333332,87.01750000000001,0.23145273,0.15631665333333333
599d24d23,1,7.0,0.8320951785714286,1.0,0.0,80.5,80.5,0.21031207,0.04637097
59a08eeec,6,9.166666666666666,0.7818921075714286,1.0,0.0,102.37333333333333,119.51549999999999,0.28933587666666666,0.06568162133333334
59a23bac0,5,9.0,0.7459604505714286,1.0,0.0,137.92219999999998,140.57500000000002,0.280867602,0.111662244
59a3ee7ff,2,9.5,0.7981898199444444,1.0,0.0,18.1525,18.1525,0.534317885,0.28917925
59b224cc9,6,10.0,0.8034001213333334,1.0,0.0,33.49933333333333,22.644499999999997,0.36762125166666665,0.15115909149999998
59b66be84,2,10.0,0.779295246,1.0,0.0,176.87099999999998,176.87099999999998,0.16649977,0.0844420998
59c474c59,4,10.0,0.782881257,1.0,0.0,157.838,159.96699999999998,0.159754861,0.05081235975
59c9f850a,1,10.0,0.7420461650000001,1.0,0.0,79.33599999999998,79.33599999999998,0.48324922,0.07787027
59d42b6bb,9,9.555555555555555,0.7336361552438271,1.0,0.0,145.68833333333333,192.15300000000002,0.21326307888888887,0.05767228766666667
59d95faef,1,10.0,0.76745818,1.0,0.0,50.617,50.617,0.24503344,0.23335068
59e24567e,5,9.8,0.7584230140888889,1.0,0.0,121.0382,118.15199999999999,0.24703442,0.168539716
59e59bd5a,2,9.0,0.7822927015000001,1.0,0.0,137.081,137.081,0.4399402,0.07240721750000001
59e7b5f52,8,9.75,0.7918728674305555,1.0,0.0,88.29849999999999,89.7005,0.3366518075,0.18585780687499998
59f4e3255,14,10.0,0.7876180890714286,1.0,0.0,126.48249999999999,119.011,0.18132055785714285,0.09271977264285713
59f987236,3,10.0,0.8233024483333334,1.0,0.0,108.47833333333334,119.99799999999999,0.28467854333333337,0.06637904033333333
5a089c77f,5,10.0,0.7760705945999999,1.0,0.0,133.9956,118.914,0.231016406,0.11256238600000001
5a12ecdfc,2,10.0,0.7664965294999999,1.0,0.0,53.6635,53.6635,0.278473865,0.032171349
5a17ff971,3,10.0,0.7552826996666667,1.0,0.0,81.34833333333331,108.86199999999998,0.23440991,0.13426073666666669
5a21eec6d,3,10.0,0.8433245136666668,1.0,0.0,126.53600000000002,112.162,0.39711602333333335,0.20844854166666668
5a289a426,2,8.5,0.7828928499305555,1.0,0.0,33.179500000000004,33.179500000000004,0.50921472,0.08663594250000001
5a2a433c2,4,9.25,0.7505318088055555,1.0,0.0,148.54225,171.22750000000002,0.199860755,0.084283206
5a2c8a05f,1,10.0,0.832112381,1.0,0.0,86.963,86.963,0.512063,0.33682346
5a358b56f,6,8.0,0.7735855972003968,1.0,0.0,60.25783333333334,50.796,0.35992419166666667,0.09158000283333334
5a3599411,3,9.666666666666666,0.7716512983333333,1.0,0.0,117.28733333333332,118.749,0.24357463000000001,0.05439935333333334
5a3c85e3c,4,9.75,0.7608057495,1.0,0.0,58.71575,53.7175,0.2335510725,0.09275592899999999
5a3e60ced,5,7.8,0.78911316085,1.0,0.0,141.5282,185.882,0.26754671399999996,0.1066358782
5a567392e,8,9.875,0.7645871613472223,1.0,0.0,52.275,19.1795,0.200621479375,0.1157214705
5a5ec1a49,1,9.0,0.7686643122222222,1.0,0.0,58.343999999999994,58.343999999999994,0.41464546,0.06954561
5a60de180,4,9.75,0.7628978011944444,1.0,0.0,87.13374999999999,100.2875,0.1803854175,0.09831338925000001
5a60fde1f,1,7.0,0.7937604028571429,1.0,0.0,24.598,24.598,0.41718617,0.11715815
5a7207717,23,8.08695652173913,0.7413599984154589,0.6521739130434783,0.0,131.56265217391302,154.504,0.278845254,0.11046989330869565
5a828ec3e,9,9.666666666666666,0.7677258214444445,1.0,0.0,47.85766666666667,51.598,0.41361012888888893,0.26633137222222225
5ab1e209b,2,10.0,0.7757274715,1.0,0.0,52.7025,52.7025,0.20120094,0.018261009
5ab429fcb,1,10.0,0.8648283260000001,1.0,0.0,230.2,230.2,0.46812466,0.32406297
5ab4df736,2,10.0,0.7797236999999999,1.0,0.0,117.927,117.927,0.18700962,0.0845115175
5ab714faa,3,10.0,0.8128208506666666,1.0,0.0,96.08366666666666,81.212,0.21353945333333332,0.054016842
5abbde253,2,10.0,0.8050940355,1.0,0.0,137.2875,137.2875,0.25249868999999997,0.12383404699999999
5ac0ddea0,1,10.0,0.730090035,1.0,0.0,27.26,27.26,0.34422016,0.11992716
5ac95823c,4,8.75,0.749455176,0.75,0.0,159.81875,139.202,0.24452813499999998,0.18605372
5accbdfad,5,7.8,0.7916957603333333,1.0,0.0,190.3506,192.22699999999998,0.262162444,0.0708730984
5adb4e661,6,9.333333333333334,0.7820255840238096,1.0,0.0,201.678,218.57049999999998,0.26339795,0.10329228633333333
5aefb7197,2,10.0,0.8498579934999999,1.0,0.0,57.2115,57.2115,0.317683415,0.0925646975
5afa2e561,5,9.8,0.7321205832000001,1.0,0.0,141.36819999999997,154.26299999999998,0.27292849,0.048171528
5aff9022b,1,7.0,0.7620471557142858,1.0,0.0,156.571,156.571,0.13669513,0.028375547
5b0355a1b,2,8.5,0.8068556077857143,1.0,0.0,108.128,108.128,0.35063612499999997,0.211204855
5b1528841,3,10.0,0.7981768703333333,1.0,0.0,143.44766666666666,152.71699999999998,0.31304809333333333,0.08653708399999999
5b1e90385,1,10.0,0.7193829730000001,1.0,0.0,6.484,6.484,0.20514172,0.3599549
5b214efd1,12,9.416666666666666,0.7988892963958333,1.0,0.0,83.25925,36.7505,0.32671747749999996,0.10749684300000001
5b22f97b3,10,9.6,0.7827355157888889,1.0,0.0,59.932399999999994,50.45399999999999,0.37191014,0.1660424003
5b26ccfdf,1,10.0,0.70803121,1.0,0.0,190.70999999999998,190.70999999999998,0.5732675,0.039285716
5b2e5e410,15,10.0,0.7709828464,1.0,0.0,140.83246666666668,158.85399999999998,0.28526299266666666,0.09768181293333335
5b346ef59,4,9.0,0.7517495080347222,1.0,0.0,133.51799999999997,142.4405,0.232837425,0.1580164325
5b3559bf2,1,10.0,0.767688565,1.0,0.0,161.90200000000002,161.90200000000002,0.21687566,0.21130025
5b3c81931,4,9.5,0.7243029821875,1.0,0.0,76.074,82.1545,0.33248867499999996,0.09786083500000001
5b4745340,3,9.333333333333334,0.8022860178148147,1.0,0.0,21.405666666666665,21.114,0.7312673466666667,0.24904797
5b4a22c83,3,9.0,0.7957931362592593,1.0,0.0,74.73899999999999,86.55,0.16066973666666667,0.08971900266666666
5b4caee59,1,10.0,0.7942622029999999,1.0,0.0,121.594,121.594,0.2886075,0.16374901
5b4dd9fb3,1,10.0,0.7147013010000001,1.0,0.0,152.396,152.396,0.33234045,0.24411088
5b539effd,2,8.0,0.7648083498333333,1.0,0.0,138.28199999999998,138.28199999999998,0.164308645,0.12132314
5b56430cd,1,10.0,0.727276071,1.0,0.0,230.338,230.338,0.15095839,0.11979541
5b59ef7ee,2,8.5,0.7757206362857143,1.0,0.0,156.3945,156.3945,0.24050057,0.0152185225
5b64325b9,6,10.0,0.7972853194999999,1.0,0.0,107.04033333333332,100.03049999999999,0.17914829499999999,0.06687174366666666
5b7007847,5,8.8,0.7918634014388889,1.0,0.0,45.775999999999996,50.42999999999999,0.364124718,0.08666536700000001
5b72e14bf,18,9.666666666666666,0.746506098537037,0.9444444444444444,0.0,126.73088888888888,148.12,0.16219638977777776,0.060345610555555554
5b73a7ea8,1,10.0,0.8314223829999999,1.0,0.0,154.975,154.975,0.14937548,0.049148884
5b7ead040,5,9.0,0.8039125234412697,1.0,0.0,148.28519999999997,156.484,0.315906828,0.15229805400000002
5b7fd5349,1,9.0,0.7880176411111113,1.0,0.0,17.555,17.555,0.16224489,0.09590027
5b8610245,2,10.0,0.81874238,1.0,0.0,110.669,110.669,0.14861766,0.08423240000000001
5b945da83,1,10.0,0.7703081399999999,1.0,0.0,199.59799999999998,199.59799999999998,0.37427807,0.08442179
5b9bed882,14,9.642857142857142,0.8225489644719388,1.0,0.0,156.21521428571427,160.80899999999997,0.3099071307142857,0.10110581964285714
5bb7dbfc2,4,8.5,0.7582199574652778,1.0,0.0,99.23349999999999,98.553,0.28827552,0.167312065
5bbf44cea,2,8.0,0.7534614565,1.0,0.0,69.6875,69.6875,0.113845915,0.09216531265
5bc18f57d,2,10.0,0.7849043535,1.0,0.0,117.108,117.108,0.30831535,0.076245087
5bc5b43ae,7,8.571428571428571,0.7567986240340137,1.0,0.0,145.89514285714284,160.22099999999998,0.22670837857142856,0.10288142285714286
5bc5e3faa,1,10.0,0.845673645,1.0,0.0,87.08900000000001,87.08900000000001,0.21331048,0.08099202
5bd0c6dc7,1,10.0,0.7782186050000001,0.0,0.0,149.954,149.954,0.081554495,0.064492926
5bd3c6eee,1,8.0,0.7287826749999999,1.0,0.0,157.35399999999998,157.35399999999998,0.20429362,0.054023586
5bd405bac,3,10.0,0.8430624423333333,1.0,0.0,101.07433333333331,120.422,0.19940211333333333,0.16098545533333333
5bd541f6f,2,6.0,0.8285030074999999,1.0,0.0,201.5745,201.5745,0.34057107,0.0380548445
5bd725e47,12,10.0,0.78844967025,1.0,0.0,65.29141666666666,51.2305,0.25019724416666667,0.21889987516666667
5bee46079,4,8.75,0.7938233889444444,1.0,0.0,164.2635,155.0305,0.23998861999999999,0.0836530025
5bf02a5f8,1,10.0,0.751562306,1.0,0.0,164.22699999999998,164.22699999999998,0.38034683,0.3010469
5bf976dd7,4,10.0,0.7627001065,1.0,0.0,110.477,102.261,0.19027757875,0.06649069974999999
5bfbb098d,4,10.0,0.79362899975,1.0,0.0,41.824749999999995,50.355999999999995,0.5353966225,0.1870261425
5c1890dc7,4,9.75,0.8116799790833333,1.0,0.0,116.39949999999999,106.91199999999999,0.30988495000000005,0.04788848425
5c1f1a317,4,8.75,0.7366054946785714,1.0,0.0,78.7795,68.0335,0.2317210475,0.1237436275
5c1fa6bd2,7,9.285714285714286,0.7338387683492064,1.0,0.0,35.885571428571424,28.010999999999996,0.26099849857142854,0.09286655342857143
5c28a8cec,3,8.333333333333334,0.7719839652962963,1.0,0.0,144.28733333333332,155.837,0.08945832466666666,0.04225012079999999
5c4742e35,5,8.4,0.728865717879365,1.0,0.0,102.253,114.65799999999999,0.188868046,0.09137009339999999
5c4c1d10c,3,9.666666666666666,0.7861128805185186,1.0,0.0,16.526333333333334,16.271,0.5065887966666667,0.3125269133333333
5c66641a1,1,10.0,0.779827043,1.0,0.0,121.53200000000001,121.53200000000001,0.16945517,0.051706225
5c67a27f5,5,6.8,0.7963839960833334,1.0,0.0,133.93959999999998,154.985,0.140096421,0.10197710659999999
5c7136c2e,1,7.0,0.8216217557142856,1.0,0.0,86.641,86.641,0.27766326,0.1253035
5c7d61133,5,10.0,0.7819163741999999,1.0,0.0,108.3466,122.392,0.261920366,0.1333244704
5c810c552,4,9.25,0.766091553375,1.0,0.0,101.61949999999999,101.305,0.300540775,0.037931401000000003
5c82c5903,2,10.0,0.740192019,1.0,0.0,120.106,120.106,0.143469605,0.098595216
5c881b941,1,7.0,0.7387939357142856,0.0,0.0,149.399,149.399,0.09834232,0.014972921
5c89ffa58,4,7.75,0.7457477882777778,0.75,0.0,55.4375,37.552,0.311791385,0.10933179450000001
5c92de3f6,8,9.375,0.7860573995,1.0,0.0,151.02625,155.55149999999998,0.265947023125,0.10297514775
5c9d75ab9,4,9.25,0.7719344807499999,1.0,0.0,54.84525,22.1605,0.4094978775,0.1689564575
5c9de0c0a,1,10.0,0.80016423,1.0,0.0,51.141999999999996,51.141999999999996,0.30528864,0.060631894
5ca64db1a,2,9.5,0.7746727687777777,1.0,0.0,37.114999999999995,37.114999999999995,0.29270877500000003,0.080588275
5ca7a1543,1,10.0,0.891184658,1.0,0.0,116.24099999999999,116.24099999999999,0.14044072,0.021431828
5cba5c76a,4,9.5,0.759689789875,1.0,0.0,146.26925,155.4455,0.22793465750000003,0.052115288125000006
5cbe99be7,2,10.0,0.8309619815,1.0,0.0,117.06,117.06,0.36018361,0.135013785
5cc846427,2,10.0,0.7485414725000001,1.0,0.0,40.98649999999999,40.98649999999999,0.29124956,0.07761852999999999
5cc86be4e,7,7.571428571428571,0.7717355651201814,0.8571428571428571,0.0,42.444,19.483999999999998,0.5836895385714286,0.1891878485714286
5cd76da7d,3,9.333333333333334,0.76434670025,1.0,0.0,105.94066666666667,117.17299999999999,0.18689734466666666,0.017627694
5cdb90323,4,8.25,0.7582771622678571,1.0,0.0,105.46624999999999,84.7785,0.35761962,0.10357272775000001
5ced5d057,1,10.0,0.7461410930000001,1.0,0.0,119.554,119.554,0.1292047,0.05957336
5cfd4e3bb,13,9.076923076923077,0.7803175339890109,0.9230769230769231,0.0,135.50323076923075,120.99600000000001,0.22877071676923075,0.11279649992307691
5d00ca4d0,21,9.238095238095237,0.7784593354642857,1.0,0.0,72.55342857142857,52.484,0.28333606285714286,0.1772913497142857
5d02f91fc,6,9.833333333333334,0.7717705973148149,1.0,0.0,55.61433333333333,22.3725,0.32737858,0.2969287166666667
5d168f0e6,1,9.0,0.7930689288888888,1.0,0.0,86.353,86.353,0.16573855,0.025573405
5d1fa8ddf,1,10.0,0.760488209,1.0,0.0,53.689,53.689,0.4201055,0.109694764
5d2f7761c,1,10.0,0.7687494719999999,1.0,0.0,50.289,50.289,0.15456727,0.111803725
5d32494f0,2,8.0,0.7394045690476192,1.0,0.0,139.74599999999998,139.74599999999998,0.29750004500000005,0.13220558500000001
5d3289417,1,10.0,0.729256949,1.0,0.0,118.076,118.076,0.40223247,0.12387118
5d3c9feba,8,9.875,0.7329279789583334,1.0,0.0,171.17325,176.48649999999998,0.30518891625,0.082054285
5d3ee6378,4,8.75,0.7511292525089286,1.0,0.0,156.60500000000002,156.96550000000002,0.3161495275,0.0956961825
5d517a321,13,8.76923076923077,0.7578592557832723,0.8461538461538461,0.0,156.8546923076923,152.884,0.2218468346153846,0.089219415
5d53d4bfb,2,7.0,0.7475634672222222,1.0,0.0,138.78549999999998,138.78549999999998,0.133523865,0.0490048065
5d622bf92,5,9.4,0.7623760182055556,1.0,0.0,126.02619999999999,118.88199999999999,0.270582704,0.07937222800000002
5d792dd24,4,9.25,0.7652167074027778,1.0,0.0,117.18849999999999,95.8955,0.191376499,0.0393488625
5d7c27d43,2,6.5,0.8177750080952381,1.0,0.0,101.3195,101.3195,0.16250721499999998,0.052467935
5d822305a,2,10.0,0.774653561,1.0,0.0,119.902,119.902,0.19290337000000002,0.0346574395
5d8c4f66b,4,10.0,0.7784308280000001,1.0,0.0,110.57999999999998,115.42949999999999,0.4140090775,0.216072663
5dace0494,5,9.4,0.8136419701428572,1.0,0.0,164.8938,157.53199999999998,0.21666465399999998,0.131741194
5daea1779,1,10.0,0.731413182,1.0,0.0,192.619,192.619,0.3480053,0.13741936
5dbd7f61b,1,8.0,0.786567925,1.0,0.0,159.343,159.343,0.39754146,0.15233645
5dd3f3eb0,4,8.75,0.7460184105803572,1.0,0.0,158.56574999999998,175.04149999999998,0.27283881249999997,0.07676465775
5dd7c4c06,1,10.0,0.829170819,1.0,0.0,24.35,24.35,0.27075207,0.027835587
5ddd7f219,3,9.666666666666666,0.7814801333703704,1.0,0.0,149.76666666666665,146.40699999999998,0.29888734,0.09424039566666668
5dddf96e8,1,10.0,0.780290878,1.0,0.0,22.017999999999997,22.017999999999997,0.22951476,0.05970696
5de1d0c34,1,8.0,0.72224732375,1.0,0.0,120.222,120.222,0.49159575,0.27341312
5de76fac6,2,7.5,0.8187060811111111,1.0,0.0,198.3315,198.3315,0.262042325,0.12641944
5dff15fc4,2,8.0,0.82148220625,1.0,0.0,121.1125,121.1125,0.277392655,0.08840617
5dff24075,7,9.714285714285714,0.7535873644603175,1.0,0.0,113.71785714285714,116.92499999999998,0.23072406285714284,0.06867519057142857
5e0519e3d,6,9.166666666666666,0.7132957515767195,1.0,0.0,137.97616666666667,116.04899999999998,0.25153294416666666,0.143125589
5e08b9ce5,3,9.333333333333334,0.795295233925926,1.0,0.0,144.50199999999998,156.283,0.14544279333333332,0.051755409333333335
5e10e3f87,1,10.0,0.712381661,1.0,0.0,120.04400000000001,120.04400000000001,0.15533598,0.023016063
5e1c81876,1,10.0,0.7073303369999999,1.0,0.0,151.357,151.357,0.20556898,0.065373756
5e203eeaf,15,9.066666666666666,0.7485732340325396,1.0,0.0,39.019133333333336,48.092999999999996,0.2905718506666667,0.137091045
5e27bdcde,3,9.0,0.7749275195925925,1.0,0.0,107.70833333333333,120.82199999999999,0.15746469666666665,0.051422129000000004
5e2bbb163,2,10.0,0.805612034,1.0,0.0,20.442999999999998,20.442999999999998,0.59826601,0.23668921
5e2e48bb2,1,9.0,0.7711413333333333,1.0,0.0,23.278,23.278,0.18410276,0.23473813
5e390710c,5,10.0,0.8973376529999999,1.0,0.0,119.33840000000001,150.85399999999998,0.15474349199999998,0.0534767592
5e3dc5d76,1,10.0,0.7652313740000001,1.0,0.0,197.777,197.777,0.14678188,0.013745705
5e4c387b2,2,10.0,0.7316227075000001,1.0,0.0,23.313499999999998,23.313499999999998,0.22131887500000003,0.0839272325
5e5038eb5,4,9.5,0.804276242,1.0,0.0,86.988,71.536,0.1885987575,0.0911469045
5e54f4e06,4,9.5,0.7747307763333333,1.0,0.0,103.31174999999999,103.54499999999999,0.2515618575,0.09637991525
5e5d1fc6d,5,10.0,0.7524280905999999,1.0,0.0,112.46139999999998,83.534,0.24340989999999998,0.23665898800000001
5e5f1623c,1,10.0,0.7466885489999999,1.0,0.0,81.28399999999999,81.28399999999999,0.30515432,0.0438489
5e696928a,1,8.0,0.80903657125,1.0,0.0,82.657,82.657,0.23267274,0.039156627
5e6a7ea61,2,8.0,0.7977319573015873,1.0,0.0,116.80249999999998,116.80249999999998,0.39951605,0.07125575769999999
5e6de643b,2,8.5,0.7381241959027778,1.0,0.0,198.4735,198.4735,0.18453226,0.127181745
5e711ed8d,3,10.0,0.7723393333333334,1.0,0.0,61.414666666666655,51.925,0.30146228,0.14608625533333333
5e74dfc90,1,10.0,0.760709182,1.0,0.0,85.121,85.121,0.14812103,0.15730143
5e7b512bb,2,10.0,0.7671050665,1.0,0.0,50.435500000000005,50.435500000000005,0.3362788,0.232961615
5e8f72190,11,9.545454545454545,0.7946315487954546,0.9090909090909091,0.0,135.378,124.265,0.16703719,0.07018299050909092
5e951b28f,2,9.0,0.7739286573749999,1.0,0.0,139.52249999999998,139.52249999999998,0.258963675,0.17701071499999999
5e9737811,2,10.0,0.766767245,1.0,0.0,137.8965,137.8965,0.20144404999999999,0.0689386075
5ea10e37f,6,9.333333333333334,0.7683674905231482,1.0,0.0,19.891833333333334,18.97,0.29220644833333337,0.0984362325
5ea1f2c39,5,9.2,0.7285956777,1.0,0.0,42.4826,46.373,0.232784734,0.0980228922
5ead05034,1,9.0,0.70925657,1.0,0.0,84.023,84.023,0.2704969,0.024627125
5eb152e2a,1,8.0,0.762135275,1.0,0.0,205.515,205.515,0.13658836,0.028443767
5eb355cea,6,8.666666666666666,0.7553734894345238,1.0,0.0,81.43316666666665,70.23599999999999,0.2075865166666667,0.08719216216666666
5ecdd04af,3,9.666666666666666,0.7696013089999999,1.0,0.0,175.3793333333333,182.031,0.1693761,0.07382356033333333
5ed94ddc8,5,9.0,0.7739234729944444,1.0,0.0,76.0492,52.153,0.179104796,0.0796739524
5edc72757,7,9.0,0.7838832515555555,1.0,0.0,96.68057142857143,51.373,0.28845458714285716,0.09040681771428571
5edf4d9bb,4,9.25,0.7973767065,1.0,0.0,157.6015,189.96299999999997,0.29020358749999997,0.2420221965
5ee1c77a0,2,10.0,0.7790919525,1.0,0.0,118.934,118.934,0.21628657,0.067329978
5ee5f72b8,11,9.363636363636363,0.7710835046107504,1.0,0.0,183.12099999999998,190.733,0.2500370145454545,0.10737206681818182
5eeb10b7a,4,9.75,0.795802785361111,1.0,0.0,35.818,35.44,0.2434190675,0.0553971575
5eee1e783,6,9.5,0.7929963131851853,1.0,0.0,106.74233333333332,67.39099999999999,0.23105199166666668,0.09043614216666666
5ef0ffe23,5,9.6,0.76976638185,1.0,0.0,126.9358,122.65599999999999,0.257141646,0.0550760092
5f0bfe5a9,1,7.0,0.7875454942857143,1.0,0.0,161.51399999999998,161.51399999999998,0.3047996,0.30243176
5f0efae69,4,9.5,0.76587927225,1.0,0.0,24.58025,23.855999999999998,0.4189447375,0.13681494625
5f1896e5d,5,8.0,0.752057929213492,0.8,0.0,131.68099999999998,177.26099999999997,0.1052428138,0.061168919200000005
5f1a700fd,6,9.333333333333334,0.717373078,1.0,0.0,93.2595,50.721000000000004,0.25473405499999996,0.055021456833333336
5f20dde82,5,10.0,0.818121243,0.8,0.0,107.3508,118.36999999999999,0.2689002,0.1872008348
5f235ec16,1,10.0,0.786041033,1.0,0.0,235.949,235.949,0.45107907,0.08351315
5f2623cb9,2,10.0,0.7523303219999999,1.0,0.0,156.64,156.64,0.453395815,0.10540645800000001
5f2c67ae2,5,7.6,0.7779042219166666,1.0,0.0,107.64499999999998,108.747,0.255969168,0.126400766
5f2edae7c,4,9.0,0.7360995847539682,1.0,0.0,187.3195,196.08749999999998,0.208067575,0.015584282750000001
5f44a43f4,4,8.0,0.7818819487420635,1.0,0.0,27.259749999999997,21.9075,0.26046338,0.0911289175
5f4f3347f,1,5.0,0.8522147140000002,1.0,0.0,49.27299999999999,49.27299999999999,0.09413234,0.02764977
5f5d44f43,3,9.666666666666666,0.789592305148148,1.0,0.0,20.629,21.68,0.4742777933333333,0.24181742333333334
5f6931436,4,10.0,0.79875291875,1.0,0.0,156.64249999999998,157.40999999999997,0.3822410475,0.066171182
5f6d23ada,2,9.0,0.711781720625,1.0,0.0,136.278,136.278,0.17962271000000002,0.03000879
5f7343089,1,10.0,0.742668227,1.0,0.0,225.02599999999998,225.02599999999998,0.24010244,0.41699576
5f79b840f,3,8.333333333333334,0.7281320801851852,1.0,0.0,38.63133333333334,46.83,0.3429100566666667,0.14778539333333332
5f986901c,1,10.0,0.7263938129999999,1.0,0.0,83.585,83.585,0.37830386,0.049378783
5fb30c1f8,9,8.11111111111111,0.7590207335608465,1.0,0.0,120.43366666666664,121.84599999999999,0.2831587788888889,0.13143137666666668
5fc06cf73,5,10.0,0.7608765554000001,1.0,0.0,120.4354,119.75099999999999,0.18873077,0.07185889520000001
5fc55b842,1,10.0,0.70150446,1.0,0.0,155.12,155.12,0.15537189,0.04595907
5fc91ab6b,2,10.0,0.766154853,1.0,0.0,119.498,119.498,0.18971118999999997,0.13217124800000002
5fcb3804f,1,6.0,0.799828195,1.0,0.0,239.974,239.974,0.15299506,0.052937426
5fcd44bf9,10,8.6,0.7764618764964286,1.0,0.0,145.0289,137.41899999999998,0.27311217,0.12223378650000001
5fe2e44a2,1,10.0,0.7955254,1.0,0.0,114.143,114.143,0.22737081,0.034859523
5fed61438,3,8.333333333333334,0.7441693749999999,1.0,0.0,31.920333333333332,25.174,0.24745866333333333,0.05971788733333333
5ff1a0cae,1,10.0,0.7599600790000001,1.0,0.0,160.00599999999997,160.00599999999997,0.23403306,0.26101282
5ff246254,2,9.5,0.7445129868333333,1.0,0.0,173.2715,173.2715,0.218719665,0.0475775215
5ffd4e822,5,10.0,0.7573736802,1.0,0.0,105.2,82.287,0.1947124452,0.0699781284
6003cc8cf,5,7.4,0.7139175323333333,1.0,0.0,73.37100000000001,55.67999999999999,0.26277006799999997,0.1149684316
6029bf590,6,7.5,0.7668805070575396,1.0,0.0,138.13699999999997,138.32049999999998,0.21331725333333332,0.05921186966666667
6029e0ed0,2,9.0,0.779961531125,1.0,0.0,157.23149999999998,157.23149999999998,0.512895495,0.137728735
603e173e1,5,7.4,0.7969682810253969,1.0,0.0,141.843,117.945,0.350892456,0.061772103999999994
605ca1a51,3,10.0,0.7402120163333333,1.0,0.0,107.04166666666667,87.65700000000001,0.21325448,0.09958383
605eca728,1,9.0,0.7458772544444444,1.0,0.0,198.58799999999997,198.58799999999997,0.18570916,0.22052321
607744326,1,10.0,0.767978983,1.0,0.0,197.033,197.033,0.11359116,0.08580645
60786724b,1,9.0,0.7986633766666666,1.0,0.0,148.637,148.637,0.27073187,0.35835066
6083e589b,2,10.0,0.7534744595,1.0,0.0,101.6125,101.6125,0.22533989,0.1086541815
608a58c8e,4,8.5,0.7810375532698413,1.0,0.0,140.721,157.95,0.17132174249999998,0.06959257149999999
60923a60d,5,9.6,0.8014500289333334,1.0,0.0,79.8744,80.61399999999999,0.192160088,0.0481480646
609e37f6a,3,10.0,0.7813562673333333,1.0,0.0,41.681333333333335,48.325,0.2695278466666667,0.1972589366666667
60aca92c5,3,9.333333333333334,0.7156127040833334,1.0,0.0,51.202666666666666,51.835,0.24983902333333333,0.15114464
60b188249,4,9.75,0.7369724840833334,1.0,0.0,46.800749999999994,25.369999999999997,0.35521952,0.1982212325
60b9421cc,1,10.0,0.7255810269999999,1.0,0.0,17.886,17.886,0.31248304,0.16852257
60bc5ce92,4,9.75,0.7606166278333334,1.0,0.0,121.5685,121.1825,0.3321391525,0.11318445925
60bf93971,3,8.333333333333334,0.7922030173015874,1.0,0.0,85.65233333333333,85.314,0.21655880333333333,0.10824951000000001
60d72fc85,2,8.0,0.742238494375,1.0,0.0,102.6525,102.6525,0.21824436,0.0123708415
60e5899e2,1,10.0,0.8710775720000001,1.0,0.0,85.02,85.02,0.23417279,0.14017422
60f317698,1,9.0,0.7812059766666666,1.0,0.0,46.82299999999999,46.82299999999999,0.08921154,0.023255814
60f513e5a,3,9.0,0.759179953952381,1.0,0.0,64.67766666666667,49.931,0.14622536666666666,0.1891517
60fa6acbe,6,9.833333333333334,0.7861250796666667,1.0,0.0,50.08566666666666,24.840000000000003,0.18779543333333334,0.11417062916666666
610246129,1,8.0,0.73927156625,1.0,0.0,85.581,85.581,0.21616812,0.073794656
610c05772,4,9.75,0.7260296247777778,1.0,0.0,164.95475,172.50799999999998,0.39254443,0.04508413075
610ece7bd,3,8.0,0.73957570125,1.0,0.0,118.01833333333333,117.36600000000001,0.25593064,0.10085866133333332
611045510,5,9.0,0.7685034185142857,1.0,0.0,57.142399999999995,50.608999999999995,0.33578342,0.12774095559999998
6114449db,4,10.0,0.7892837622500001,1.0,0.0,44.70975,21.092499999999998,0.30454302499999997,0.1516567
611970ebc,1,10.0,0.792531546,1.0,0.0,198.605,198.605,0.25213984,0.044784687
611c6421b,4,10.0,0.7893102435,1.0,0.0,15.95675,15.5025,0.57754791,0.4383959675
6120ace5c,2,7.5,0.775976026875,1.0,0.0,195.64349999999996,195.64349999999996,0.22621970000000002,0.223887225
61338b2e9,9,9.444444444444445,0.7592971139920635,1.0,0.0,140.13299999999998,155.22599999999997,0.20527043333333334,0.0672906691111111
6134ae21d,5,9.6,0.8318647394500001,1.0,0.0,96.199,49.99799999999999,0.1909387,0.14145057919999998
6146d435c,3,8.333333333333334,0.7428411330952382,1.0,0.0,123.44133333333332,120.99600000000001,0.22184786666666667,0.121127362
615213076,4,8.75,0.7803470864166666,1.0,0.0,143.46775,155.8125,0.2286138625,0.1315581165
615afad71,5,8.8,0.7928974777920634,1.0,0.0,151.768,121.74000000000001,0.292439944,0.1688643822
615f2f661,5,6.8,0.7530816913714286,0.8,0.0,121.04220000000001,115.118,0.238185524,0.186784598
615f5dc85,3,9.333333333333334,0.742757168037037,1.0,0.0,141.71766666666667,152.244,0.29329548,0.11173727
6178884d1,5,9.8,0.7675825348222223,1.0,0.0,100.4136,101.024,0.71564081,0.297115542
617ee6976,11,7.0,0.7811735018192641,1.0,0.0,149.47563636363637,156.827,0.24009786245454545,0.05928055581818182
6185f59bf,5,8.0,0.778906685742857,1.0,0.0,165.7148,199.62599999999998,0.318908374,0.08437296354
618bb4def,3,8.0,0.7341391025727514,1.0,0.0,140.48866666666666,151.895,0.16565195,0.013874437000000002
618f4931a,1,10.0,0.8643334260000002,1.0,0.0,25.028999999999996,25.028999999999996,0.19923696,0.06642386
619d6fdf8,7,9.714285714285714,0.7800053268214285,1.0,0.0,24.450857142857142,19.891000000000002,0.33436550857142855,0.09257469685714285
619dcb4e6,3,8.333333333333334,0.7865653110952381,1.0,0.0,18.06533333333333,16.413,0.5972088933333333,0.25901348333333335
619f26bfc,4,9.0,0.7432316331746032,1.0,0.0,201.40449999999998,210.46499999999997,0.2083416225,0.05840816825
61ac348d1,1,9.0,0.7649538555555555,1.0,0.0,156.115,156.115,0.23845978,0.088350855
61ac3c78c,1,10.0,0.773060191,1.0,0.0,28.022,28.022,0.3145815,0.056278184
61b6e170c,1,10.0,0.8448672500000001,1.0,0.0,118.83699999999999,118.83699999999999,0.11758737,0.027662158
61bedc57d,2,9.5,0.7911365225,1.0,0.0,102.04399999999998,102.04399999999998,0.22236074,0.06303593
61da44459,3,10.0,0.7507065006666668,1.0,0.0,109.88233333333334,86.446,0.19372904999999999,0.13330285
61dc8345a,5,10.0,0.8175897954,1.0,0.0,163.7864,192.99899999999997,0.22959621800000002,0.1182495616
61e477c0a,17,9.882352941176471,0.7838359572222222,1.0,0.0,121.19735294117648,124.84599999999999,0.241138448,0.06946326835294117
61f95d269,4,10.0,0.8442381825,1.0,0.0,140.744,145.9525,0.27943841,0.18430832
61fa7980d,7,8.714285714285714,0.7516113298015873,1.0,0.0,105.05414285714285,89.857,0.34581935571428574,0.09147348085714287
6202e7d4d,5,9.8,0.7897220656,1.0,0.0,57.1194,49.846999999999994,0.46644767400000003,0.1033874928
620796ee7,3,8.666666666666666,0.7457318559999999,1.0,0.0,244.85,245.66899999999998,0.35084546999999994,0.11143711500000002
6219a1e79,3,9.666666666666666,0.7744167729629631,1.0,0.0,75.75533333333333,85.338,0.29876651000000004,0.066115674
6220663ba,11,8.818181818181818,0.7594685598838384,1.0,0.0,146.03436363636362,152.347,0.19002945363636362,0.08543301863636364
622f08247,4,7.25,0.730663372,1.0,0.0,139.405,156.7305,0.2170153525,0.05187738525
623111d43,4,8.25,0.7446976711190476,1.0,0.0,183.94124999999997,195.99599999999998,0.3252997875,0.0798401295
623138a05,6,9.333333333333334,0.7876078727142857,1.0,0.0,104.20049999999999,119.01850000000002,0.3027648666666667,0.09313058666666667
6231ed9b3,13,9.615384615384615,0.7679185351373626,1.0,0.0,119.21384615384615,146.52700000000002,0.2541994161538461,0.08546496323076923
62332ea2c,2,10.0,0.7431155650000001,1.0,0.0,103.11949999999999,103.11949999999999,0.13979413,0.0150725185
624fadbd4,1,7.0,0.7345039128571429,1.0,0.0,53.39,53.39,0.4179165,0.02845622
62550cf78,3,9.666666666666666,0.7660646723703705,1.0,0.0,146.10833333333332,158.719,0.2795989466666666,0.05290497833333333
62613fb88,2,7.5,0.7854637245,1.0,0.0,68.567,68.567,0.145429785,0.06526823400000001
626b056b5,3,7.666666666666667,0.7904103168412698,1.0,0.0,133.90733333333333,84.25399999999999,0.3270822066666667,0.11564192666666667
6276a846c,4,8.5,0.7853651916517856,1.0,0.0,86.13024999999999,70.835,0.2508504675,0.04129657765
627726d36,1,8.0,0.753488385,1.0,0.0,119.28699999999999,119.28699999999999,0.21577448,0.14137298
62817491e,4,8.75,0.7503907070138889,1.0,0.0,149.80825,158.142,0.318228155,0.1038848415
6282ddf87,12,9.583333333333334,0.7689139120780424,1.0,0.0,125.27483333333333,142.2835,0.24323464250000001,0.07389138983333333
62887c0ea,11,9.454545454545455,0.746020882992785,1.0,0.0,147.58036363636364,154.67399999999998,0.28243385818181815,0.13093112718181818
628a224b2,1,10.0,0.8017824040000001,1.0,0.0,21.783,21.783,0.24412349,0.17779317
628f11673,3,9.666666666666666,0.7861896048518519,1.0,0.0,94.75999999999999,85.50099999999999,0.2550167933333333,0.05195806466666667
628fd5227,3,10.0,0.7278956136666667,1.0,0.0,132.777,154.25,0.28420379333333334,0.09678780833333334
629df03ce,2,9.5,0.7594733716666666,1.0,0.0,117.96799999999999,117.96799999999999,0.25444598500000004,0.043010752
62ad62e0a,18,8.722222222222221,0.7786932909078482,1.0,0.0,114.26394444444443,118.85,0.2014934138888889,0.08215366288888888
62b9cb163,8,9.125,0.7817930674097222,1.0,0.0,95.96912499999999,99.9735,0.3029871675,0.15957769762500001
62bf4037c,1,10.0,0.755362428,1.0,0.0,120.663,120.663,0.13648854,0.05254943
62c16fa1a,3,10.0,0.7695055453333334,1.0,0.0,118.40266666666666,118.91099999999999,0.20541300333333332,0.04939154133333334
62d09ac7c,2,9.0,0.7206864455555556,1.0,0.0,112.0525,112.0525,0.15351045000000002,0.009474605
62d822791,2,10.0,0.7582735025,1.0,0.0,67.637,67.637,0.30372769499999996,0.08849289
62da2d031,5,9.2,0.7617015996190476,1.0,0.0,24.808,19.070999999999998,0.375713305,0.156147376
62e2e9071,3,8.333333333333334,0.7664751072142857,1.0,0.0,153.34966666666665,154.011,0.19174729999999998,0.07922881133333334
62eac41fa,2,10.0,0.8410926419999999,1.0,0.0,66.3005,66.3005,0.264639245,0.1673569
63051e3ca,1,10.0,0.8425309259999999,1.0,0.0,84.433,84.433,0.10032774,0.012539185
63057be1d,2,9.0,0.7751746903750001,1.0,0.0,107.241,107.241,0.21614293,0.081275474
6309f250d,5,9.4,0.7547486889714285,1.0,0.0,195.60719999999998,197.173,0.339607306,0.0399757206
6316b9647,2,10.0,0.785199106,1.0,0.0,68.05449999999999,68.05449999999999,0.20335038,0.050945195000000006
631a6a27e,3,7.333333333333333,0.8290544802777777,1.0,0.0,158.808,157.52299999999997,0.28285787333333334,0.13694316466666664
631c813af,4,8.25,0.8369767445089286,1.0,0.0,168.02275,180.565,0.210994995,0.1037739625
6326958d4,5,8.8,0.7647850181722222,1.0,0.0,149.88359999999997,191.28599999999997,0.23899758200000001,0.07453174
6326e5387,1,10.0,0.8425121549999999,1.0,0.0,114.945,114.945,0.35104588,0.03419348
6333963fe,3,9.0,0.7687347948571429,1.0,0.0,65.651,47.891,0.41455844999999997,0.11822271333333334
6344c2cde,2,10.0,0.7557645915,1.0,0.0,49.114000000000004,49.114000000000004,0.221641585,0.06441044700000001
6348b55cb,1,9.0,0.8107146822222222,1.0,0.0,120.541,120.541,0.12439164,0.02797091
634f65242,4,9.75,0.7333031198055555,1.0,0.0,140.65949999999998,158.571,0.2287654325,0.045763962
63562f208,2,10.0,0.826820637,1.0,0.0,172.7105,172.7105,0.33335584,0.03811134099999999
63647ce22,4,9.25,0.7458943689097223,1.0,0.0,130.15800000000002,138.4925,0.2372810575,0.10869955549999999
6366dd2f9,1,10.0,0.772003243,1.0,0.0,126.637,126.637,0.22803673,0.19552122
63697128e,1,10.0,0.7032064910000001,1.0,0.0,49.594,49.594,0.29697916,0.13302459
637186543,1,10.0,0.6796365339999999,1.0,0.0,122.409,122.409,0.2929181,0.2174469
637e741e8,1,8.0,0.7760420125,1.0,0.0,193.582,193.582,0.16147494,0.12509601
6381b1706,3,8.333333333333334,0.8034847210740742,1.0,0.0,97.90766666666666,84.799,0.15711004,0.06780418933333333
639a4bcfd,3,9.333333333333334,0.7256713411666667,1.0,0.0,132.446,155.512,0.14545538666666666,0.044600096
639fed947,3,10.0,0.763854015,1.0,0.0,86.28366666666666,91.499,0.21663585,0.1301746686666667
63a3f229c,10,9.0,0.7250931140710317,1.0,0.0,141.87669999999997,135.009,0.2820154844,0.10281824575000001
63a4f8b8a,7,10.0,0.7846217821428573,1.0,0.0,112.54185714285713,53.05,0.2930564842857143,0.1790917207142857
63a542d16,5,9.0,0.7788266315166666,1.0,0.0,87.0208,118.20700000000001,0.23970429,0.067466954
63adeea51,5,8.8,0.7951370958,1.0,0.0,149.07459999999998,162.886,0.393691036,0.20501220999999997
63afbf2f2,3,9.0,0.7466052707142857,1.0,0.0,111.79966666666667,86.73799999999999,0.27430673333333333,0.05978012766666666
63c794465,1,10.0,0.780519021,1.0,0.0,156.28099999999998,156.28099999999998,0.14653955,0.011602571
63cc8aa47,6,10.0,0.7182571101666667,1.0,0.0,128.90099999999998,110.98149999999998,0.29884479999999997,0.162952364
63cd0b2b3,5,9.0,0.7436012112,1.0,0.0,169.0292,162.26,0.38415718,0.31381172920000006
63dad490d,9,7.444444444444445,0.7701499321737213,1.0,0.0,135.2208888888889,123.77099999999999,0.16106700777777777,0.08855669157777778
63df28877,1,10.0,0.7786997010000001,1.0,0.0,118.63499999999999,118.63499999999999,0.23933423,0.06272669
63e212498,2,10.0,0.8974252650000001,1.0,0.0,198.21749999999997,198.21749999999997,0.419241175,0.09557305199999999
63e2cb92e,1,10.0,0.7317028409999999,1.0,0.0,86.088,86.088,0.27525765,0.06587146
63f2faf77,1,10.0,0.7602444230000001,1.0,0.0,113.08599999999998,113.08599999999998,0.15273386,0.056085043
63f7cacce,3,9.333333333333334,0.7665362056666667,1.0,0.0,54.017999999999994,52.125,0.2618336766666667,0.16832338
640683dd9,6,7.833333333333333,0.7948551862380953,1.0,0.0,149.56266666666667,141.79999999999998,0.2618859783333333,0.1385825185
640a267a9,3,8.0,0.7914516016190477,1.0,0.0,86.49933333333331,85.79199999999999,0.25529065666666667,0.026070365333333335
640dbb3b6,5,8.4,0.7245130991722222,1.0,0.0,52.2438,22.256,0.174933308,0.0721737635
640e0b69b,8,9.375,0.7667433244131945,1.0,0.0,100.25762499999999,98.7595,0.2893621675,0.07967679625
640e18ef0,1,10.0,0.8532863560000001,1.0,0.0,117.39,117.39,0.32879743,0.0836802
642a88a93,3,9.333333333333334,0.8099795324166666,1.0,0.0,60.38999999999999,82.514,0.38452373666666667,0.19750798533333333
642b0dbac,2,6.5,0.7535737032500001,1.0,0.0,196.72050000000002,196.72050000000002,0.350124575,0.24814192499999999
6434d0273,2,7.0,0.7565432714285714,1.0,0.0,172.8675,172.8675,0.33991043499999996,0.13113648
6436c1a59,7,8.142857142857142,0.7806959396553287,1.0,0.0,81.87971428571429,85.384,0.32612117285714287,0.10403349857142859
6438c6b3f,1,10.0,0.7519400299999999,1.0,0.0,52.337999999999994,52.337999999999994,0.4103947,0.17677616
644d07ccb,4,9.0,0.7608126373125,1.0,0.0,155.95675,156.2815,0.25400266,0.045026881500000004
64568c4a6,1,10.0,0.7367147239999999,1.0,0.0,231.442,231.442,0.21067974,0.03390983
645914c88,2,10.0,0.826907375,1.0,0.0,147.6495,147.6495,0.33315329000000005,0.09898543
6460390c0,8,8.875,0.7596892519756945,1.0,0.0,91.585125,71.72299999999998,0.22339358625,0.0862363825
6464f2352,1,10.0,0.810352133,1.0,0.0,114.814,114.814,0.21352382,0.23341013
6469a2a4a,5,9.0,0.7770484952190475,1.0,0.0,87.3794,84.74300000000001,0.251172798,0.0732488452
646fe5d09,3,9.0,0.7911594248518519,1.0,0.0,156.40666666666667,156.637,0.34529939666666665,0.06072956400000001
647284f19,1,10.0,0.8059412690000001,1.0,0.0,229.54299999999998,229.54299999999998,0.30600622,0.05905307
648727065,10,9.9,0.7474928733777778,1.0,0.0,136.3227,120.911,0.31236174299999997,0.0696496713
64904cb52,4,9.75,0.7180155355,1.0,0.0,130.784,138.97,0.227299925,0.15506850849999998
649589d9f,16,9.25,0.772085724764137,0.9375,0.0,124.7995625,120.032,0.24882191843749998,0.0612399204375
649930cc8,1,10.0,0.738285595,1.0,0.0,85.217,85.217,0.27106977,0.023680577
64a3f89ee,1,10.0,0.8227563379999999,1.0,0.0,151.022,151.022,0.31892097,0.11298994
64c1c412b,6,9.5,0.8186035982380954,1.0,0.0,122.86533333333334,113.19,0.23040401833333335,0.118680177
64dbb2214,5,7.0,0.7766469053571429,1.0,0.0,76.19359999999999,52.097,0.22213596399999996,0.0898236416
64e7edd37,2,10.0,0.721161052,1.0,0.0,156.3885,156.3885,0.104420387,0.0097988205
64ea72fca,1,9.0,0.7334387177777777,1.0,0.0,119.338,119.338,0.2425934,0.049346015
64f06dc3b,2,9.5,0.7804993121111111,1.0,0.0,101.6255,101.6255,0.27363223999999997,0.14446756500000002
64f41ee68,1,9.0,0.7829134911111111,1.0,0.0,87.562,87.562,0.11300897,0.09157128
64f563069,2,10.0,0.7433422439999999,0.0,0.0,155.46949999999998,155.46949999999998,0.19946872,0.048749299999999995
65180c32a,1,8.0,0.78164928125,1.0,0.0,146.504,146.504,0.3567156,0.041994493
6521d5af1,4,9.0,0.7465733982847221,1.0,0.0,140.15125,138.932,0.22733936500000002,0.05504719125
65266fe36,3,7.333333333333333,0.8016494779166666,1.0,0.0,190.55499999999998,191.142,0.29341231333333334,0.081843023
653f94080,2,7.0,0.7555306478571429,1.0,0.0,233.69349999999997,233.69349999999997,0.25292545,0.062105069
65470d9c0,3,9.0,0.7706809256666668,1.0,0.0,100.70133333333332,47.908,0.39442673666666667,0.11177592533333335
655eaa578,4,8.0,0.7977808455000001,1.0,0.0,130.22325,141.1225,0.5814686225000001,0.18513701124999998
6561001c8,5,10.0,0.8015801114000001,0.4,0.0,148.32440000000003,157.544,0.35010138399999996,0.168383624
656246ceb,1,10.0,0.7381406149999999,1.0,0.0,116.72099999999999,116.72099999999999,0.2895441,0.064807616
65650b974,10,9.3,0.7810013092587301,1.0,0.0,38.9242,24.005499999999998,0.264027581,0.181181859
6568f907c,2,8.5,0.7854754670833333,1.0,0.0,100.162,100.162,0.1718362075,0.06863306
65829d12f,6,10.0,0.802366396,1.0,0.0,140.2193333333333,150.754,0.26861106166666665,0.06615127821666666
658e4415a,4,8.75,0.7550188870000001,1.0,0.0,168.92999999999998,160.37199999999999,0.351162865,0.224704295
6593bd2a2,7,7.285714285714286,0.787961519420068,1.0,0.0,109.59485714285714,112.139,0.2093209442857143,0.07324095571428571
659dc9159,2,9.0,0.7807918765,1.0,0.0,58.77499999999999,58.77499999999999,0.244830645,0.22560374
65a7711bd,3,10.0,0.832856019,1.0,0.0,164.835,154.73999999999998,0.30440115333333334,0.20244509333333335
65a98c48f,2,8.5,0.7878064615,1.0,0.0,198.60399999999998,198.60399999999998,0.40589237499999997,0.045785639499999996
65ba8b6a0,5,8.6,0.7805124904722222,1.0,0.0,40.154399999999995,47.363,0.22413968200000003,0.0980848624
65c2785b3,6,8.333333333333334,0.8072430330648147,1.0,0.0,134.80383333333333,131.2235,0.19305756666666665,0.043140825
65d10be4d,3,10.0,0.7291292563333333,1.0,0.0,24.66333333333333,24.854,0.3118505,0.12968076166666667
65daac431,1,10.0,0.764015793,1.0,0.0,48.031000000000006,48.031000000000006,0.46783507,0.15
65de38d1d,1,10.0,0.850843097,1.0,0.0,195.90799999999996,195.90799999999996,0.17495236,0.050815124
65e75b92e,5,9.2,0.78197894505,1.0,0.0,111.80320000000002,83.114,0.34343344,0.0640294098
66038a4b3,2,8.0,0.8090645236666667,1.0,0.0,205.0355,205.0355,0.305714295,0.042100242999999996
66064ba80,3,9.333333333333334,0.7835917332592593,1.0,0.0,108.42266666666666,119.45499999999998,0.22413614333333332,0.05047111166666666
6608d48b2,4,9.25,0.7249894815,1.0,0.0,71.20775,37.991499999999995,0.3407758325,0.233076489
660cd67ed,1,10.0,0.7642881380000001,1.0,0.0,120.23899999999999,120.23899999999999,0.22723532,0.10651993
660dd8ded,2,10.0,0.739346955,1.0,0.0,127.56949999999999,127.56949999999999,0.1491279425,0.07794768
661bcb904,1,10.0,0.757616147,1.0,0.0,197.69699999999997,197.69699999999997,0.12394412,0.14810246
662011890,1,10.0,0.679263618,1.0,0.0,195.039,195.039,0.2719147,0.09277577
662564431,3,10.0,0.7550773996666668,1.0,0.0,95.08466666666665,87.82,0.29723041,0.115570785
6627a8ab8,2,10.0,0.801949649,1.0,0.0,136.7745,136.7745,0.340312135,0.09933229500000001
662af5b80,1,10.0,0.739100359,1.0,0.0,235.588,235.588,0.15713255,0.047903
662f8c2a9,9,9.777777777777779,0.7919660041944445,1.0,0.0,173.6071111111111,161.66699999999997,0.28004369444444444,0.07672884677777778
6648175ff,3,9.333333333333334,0.7728054585925926,1.0,0.0,133.889,90.22,0.25759001666666664,0.04831301733333334
664a120bf,4,10.0,0.76970413575,1.0,0.0,128.8995,119.91449999999999,0.2445254,0.1897437575
664d0bed8,6,9.666666666666666,0.7685743924444445,1.0,0.0,95.64883333333334,116.94,0.24028329000000004,0.06330374216666666
6668704bf,2,10.0,0.8845605555,1.0,0.0,120.41499999999999,120.41499999999999,0.18552459,0.0514710425
66757255c,1,7.0,0.7710647914285715,1.0,0.0,163.808,163.808,0.1813883,0.05713072
6679c179c,4,8.5,0.7547675729642858,1.0,0.0,132.00725,121.06049999999999,0.20780049750000001,0.1629505325
6697a7f62,1,10.0,0.81425499,1.0,0.0,167.755,167.755,0.14818291,0.28289264
66a1d5bc4,3,10.0,0.754891697,1.0,0.0,72.79166666666667,81.914,0.14493676666666666,0.05160278666666667
66a287bdf,5,9.6,0.7566784656888889,1.0,0.0,181.21779999999998,196.342,0.286663644,0.177800906
66b978701,1,7.0,0.7426840785714285,1.0,0.0,195.886,195.886,0.20291859,0.24986726
66bf65c82,4,9.25,0.7554370772986111,1.0,0.0,152.92174999999997,156.53499999999997,0.28683471250000003,0.12746239525
66d4911f9,2,6.0,0.8069353341666667,1.0,0.0,55.364999999999995,55.364999999999995,0.25442229,0.035722848
66f6cd1cb,3,6.666666666666667,0.7348693733333334,1.0,0.0,94.02566666666667,82.136,0.23436759666666665,0.024387874
66fcb54d7,1,10.0,0.818967634,1.0,0.0,156.947,156.947,0.09837535,0.08723552
6704c5fd7,3,9.333333333333334,0.7578275023333333,1.0,0.0,20.906333333333333,21.783,0.23969128666666664,0.15829086666666667
6709f43e8,3,10.0,0.7596907953333334,1.0,0.0,78.176,21.342000000000002,0.2630747266666667,0.05762900366666667
671ffc570,6,9.666666666666666,0.7244138209583334,1.0,0.0,205.75933333333333,196.93449999999999,0.4200548566666667,0.09418507083333333
672bc370b,1,10.0,0.7515410800000001,1.0,0.0,152.75699999999998,152.75699999999998,0.30108863,0.09454168
672ddf4a9,6,9.0,0.7730180414047618,1.0,0.0,168.028,191.9345,0.3362928133333334,0.13680500266666665
672e9e752,1,7.0,0.817515862857143,1.0,0.0,103.91499999999999,103.91499999999999,0.1246716,0.01069027
6730a4a60,3,9.333333333333334,0.7654681049166666,1.0,0.0,130.35866666666666,118.15299999999999,0.14390666333333332,0.03604462866666667
6735cc397,5,10.0,0.7469268028,1.0,0.0,170.506,191.68599999999998,0.306822464,0.099676922
6740be5a3,3,9.666666666666666,0.7498232772222222,1.0,0.0,113.75399999999998,122.381,0.26633714,0.07206035466666667
675bb16b8,1,8.0,0.74739057125,1.0,0.0,48.301,48.301,0.43016466,0.0819794
676b51817,3,8.666666666666666,0.82720723,1.0,0.0,104.27933333333334,114.89,0.26987714,0.101197647
67839e63d,5,10.0,0.7694808072000001,1.0,0.0,76.01820000000001,51.613,0.37727961800000004,0.1016234058
6784b2fcd,4,8.25,0.7305143844523809,1.0,0.0,85.3515,84.9625,0.220028445,0.07550437674999999
67888f9fc,4,9.5,0.744089224875,1.0,0.0,157.73975,156.72899999999998,0.403287485,0.04676118725
678d21531,5,8.6,0.7625972099142857,1.0,0.0,158.802,158.224,0.263810144,0.12946370280000002
67967b0b0,5,9.0,0.7419670351333333,1.0,0.0,201.79659999999998,196.641,0.530117306,0.31457514
679d0c196,1,10.0,0.7513560270000001,1.0,0.0,121.60900000000001,121.60900000000001,0.35902333,0.07430875
679e98b95,1,9.0,0.7429169544444444,1.0,0.0,50.25,50.25,0.32916868,0.12721124
67a68df4a,1,8.0,0.7679774162499999,1.0,0.0,18.924999999999997,18.924999999999997,0.10726623,0.1807686
67ab87b4a,7,9.428571428571429,0.7892571573214286,1.0,0.0,18.073428571428572,18.381,0.3841567,0.13126716085714288
67af2d880,3,9.333333333333334,0.7753699434166667,1.0,0.0,96.71733333333333,86.15299999999999,0.2880898866666667,0.055248134
67be298a7,3,10.0,0.7802486506666667,1.0,0.0,150.73766666666666,127.798,0.3173499166666667,0.22423774333333335
67d0b57eb,2,9.5,0.7270444471666666,1.0,0.0,19.244999999999997,19.244999999999997,0.31020667,0.336248075
67d853896,1,9.0,0.7737640400000001,1.0,0.0,83.897,83.897,0.23912308,0.11649145
67db5accd,1,10.0,0.7627965849999999,1.0,0.0,192.472,192.472,0.3792532,0.020905677
67e41958c,4,8.5,0.7550774711111111,1.0,0.0,83.913,85.637,0.2401600175,0.1123569255
67e6db7dc,1,6.0,0.7967646416666666,1.0,0.0,119.213,119.213,0.13014933,0.029136317
67e7da152,5,9.4,0.7593879030166667,1.0,0.0,158.456,194.37099999999998,0.230169442,0.039334027
67ef0c9a6,2,10.0,0.8167494880000001,1.0,0.0,138.785,138.785,0.24959225,0.049110625000000005
67f174628,4,8.25,0.7690825700892857,1.0,0.0,40.9555,46.0635,0.129952425,0.06699139425
68046ca33,2,9.5,0.7576873988888889,1.0,0.0,89.084,89.084,0.21502438000000001,0.1487018075
6806f15f3,3,10.0,0.7792991923333333,1.0,0.0,92.687,82.566,0.2012070566666667,0.09149394366666667
68071559c,5,10.0,0.7661423442,1.0,0.0,17.482400000000002,17.054,0.56996117,0.21114041600000003
6819ce556,2,10.0,0.7735974000000001,1.0,0.0,88.21000000000001,88.21000000000001,0.28414834,0.13215400249999998
681a6f552,1,9.0,0.7647743433333334,1.0,0.0,151.713,151.713,0.15678184,0.037981268
681be6214,5,9.2,0.7728833083,1.0,0.0,89.0778,77.482,0.21766950000000002,0.1044745078
682b7b7d0,1,10.0,0.81004266,1.0,0.0,120.45499999999998,120.45499999999998,0.22455695,0.044198312
682cbe0f9,3,9.0,0.7897353221904763,1.0,0.0,48.415,47.402,0.3280559733333333,0.11602225133333333
682ed2e7b,5,10.0,0.7803999308,1.0,0.0,124.06699999999998,114.498,0.22382762,0.041966656000000005
6831a72fd,2,7.0,0.8423810727083334,1.0,0.0,36.1485,36.1485,0.104928905,0.0732038695
683f1dfd8,3,9.333333333333334,0.7597023503333333,1.0,0.0,47.79033333333333,15.484,0.38359462,0.17163063
685010499,1,7.0,0.8000661999999998,1.0,0.0,19.498999999999995,19.498999999999995,0.26028123,0.23785987
6868acfce,4,8.25,0.7767625785833334,1.0,0.0,121.27349999999998,136.9555,0.283816975,0.09897733325
686b90dfc,1,10.0,0.706675602,1.0,0.0,123.431,123.431,0.32232755,0.08743008
68731378e,3,10.0,0.7626560236666666,1.0,0.0,119.94966666666664,117.319,0.17618126833333334,0.03925309266666667
687c0c2cd,3,10.0,0.8260473273333334,1.0,0.0,225.242,239.45199999999997,0.3402874066666666,0.21317493666666665
687ddcca9,2,9.0,0.82534895825,1.0,0.0,141.295,141.295,0.53584738,0.27478821800000003
687e9c33c,1,7.0,0.8096837971428572,1.0,0.0,156.75599999999997,156.75599999999997,0.15440051,0.049230114
68838474a,12,8.416666666666666,0.7905457373369709,0.9166666666666666,0.0,152.73049999999998,121.298,0.3228202116666667,0.13393008541666668
688b3183d,2,9.0,0.771209927875,1.0,0.0,139.54049999999998,139.54049999999998,0.1644580675,0.0610565005
68936da8c,2,10.0,0.7680630655,1.0,0.0,137.0075,137.0075,0.217802575,0.055188495000000004
689e4e3bf,1,10.0,0.79237708,1.0,0.0,121.272,121.272,0.12971953,0.03503295
68a4cd579,4,10.0,0.7839200765,1.0,0.0,159.47775000000001,193.8025,0.3582715575,0.12695835125
68a603bc3,3,8.0,0.7783862033333332,1.0,0.0,119.17966666666666,147.73399999999998,0.3797380066666667,0.11548948199999999
68ac3848d,5,8.2,0.7658754593650794,1.0,0.0,91.0702,82.17399999999999,0.192015515,0.16732032759999999
68b7c23f3,1,8.0,0.72565462375,1.0,0.0,27.467,27.467,0.41647953,0.09495317
68cdd6d6b,3,7.333333333333333,0.7758574831481481,1.0,0.0,77.03233333333333,21.608,0.1872517933333333,0.13116257266666667
68d430cbd,4,9.75,0.7331904815833333,1.0,0.0,110.51075,117.33,0.33729098,0.06390912125
68d7d01d0,1,10.0,0.8455311230000001,1.0,0.0,15.320999999999998,15.320999999999998,0.3192345,0.15304084
68e46ed0e,5,9.8,0.7866451141777778,1.0,0.0,111.8616,85.917,0.257973154,0.1057147692
68e6d1bd7,3,10.0,0.811016343,1.0,0.0,194.30166666666665,194.018,0.29346174333333336,0.10578036166666667
68f3cfdcb,4,8.25,0.7331822165267857,1.0,0.0,132.4805,128.79,0.195974875,0.079572063
6914ade58,5,9.4,0.7641513900571428,1.0,0.0,93.099,87.392,0.245731796,0.0971643408
69275e62d,1,10.0,0.796643939,1.0,0.0,150.798,150.798,0.21082258,0.03269164
692bde33a,1,10.0,0.866570204,1.0,0.0,16.113999999999997,16.113999999999997,0.65134895,0.45795903
694653d6a,3,10.0,0.8128481953333333,1.0,0.0,194.98733333333334,194.90800000000002,0.33547456333333336,0.09076193666666667
694a730b4,12,8.833333333333334,0.7401470953809524,1.0,0.0,109.57999999999998,119.279,0.17644637041666666,0.07074912666666666
694caa813,1,10.0,0.7818638630000001,1.0,0.0,106.471,106.471,0.0941296,0.024672033
694cc5569,12,9.583333333333334,0.7743767357619048,1.0,0.0,58.40358333333333,36.184999999999995,0.2812456775,0.16506968040833334
695925a2a,2,9.5,0.7723290211111111,1.0,0.0,60.0025,60.0025,0.31772734,0.182329835
6968f86dd,1,10.0,0.822635862,1.0,0.0,21.028000000000002,21.028000000000002,0.5044613,0.18860385
6975353f1,1,10.0,0.795954074,1.0,0.0,197.515,197.515,0.20105878,0.03156717
6984b9727,2,7.5,0.7108038099107143,1.0,0.0,132.4315,132.4315,0.14255677,0.09082554000000001
699365a99,1,10.0,0.783352151,1.0,0.0,53.815,53.815,0.5719502,0.21704821
69a1b02f6,5,10.0,0.7861955201999999,1.0,0.0,46.1144,25.316,0.387827828,0.17081165280000002
69a1bfaa9,1,10.0,0.750381155,1.0,0.0,23.061,23.061,0.57170534,0.42568505
69a1c3147,6,10.0,0.8065586151666667,1.0,0.0,58.43733333333333,22.106499999999997,0.21178813266666666,0.24262506583333332
69b2e9f3f,2,10.0,0.7536677965,1.0,0.0,66.8145,66.8145,0.157931613,0.0430541095
69b79d62d,3,9.666666666666666,0.8086861661851851,1.0,0.0,43.053999999999995,26.94,0.3342401,0.081947649
69ba8d92e,1,6.0,0.7303517333333334,1.0,0.0,154.71,154.71,0.23934464,0.031966753
69c1801cb,26,8.807692307692308,0.756395975675519,0.9615384615384616,0.0,115.40342307692306,119.21449999999999,0.20363481546153844,0.072464346
69c8c9463,2,7.5,0.7243728441964286,1.0,0.0,51.814499999999995,51.814499999999995,0.368688105,0.109044397
69d413ff2,15,9.666666666666666,0.7819260619648147,1.0,0.0,54.507733333333334,26.566,0.312635456,0.22237312306666668
69daafdd4,3,10.0,0.813244765,1.0,0.0,76.96466666666667,78.512,0.3409573166666666,0.020247061
69df3f618,2,10.0,0.7547295515000001,1.0,0.0,190.4645,190.4645,0.7009449750000001,0.195852535
69e10dd04,2,10.0,0.7770416310000001,1.0,0.0,99.676,99.676,0.27835288999999996,0.15413631
69f986aaf,2,10.0,0.7543172565,1.0,0.0,64.04299999999999,64.04299999999999,0.52127532,0.27725427999999996
69f9ebfbc,5,8.4,0.7764804365,0.8,0.0,147.99200000000002,155.09099999999998,0.286871018,0.180373793
6a00de73d,5,10.0,0.7734490858,1.0,0.0,146.8304,150.47299999999998,0.329961328,0.13026000799999998
6a34d34ab,2,10.0,0.7327945044999999,1.0,0.0,173.81349999999998,173.81349999999998,0.245452795,0.131305082
6a393b32a,2,8.0,0.798113183095238,1.0,0.0,51.769999999999996,51.769999999999996,0.309087255,0.12787245
6a4a4b403,2,10.0,0.7665567115,1.0,0.0,126.8175,126.8175,0.20355406,0.046600452
6a546bfb7,1,9.0,0.7908770033333332,1.0,0.0,112.867,112.867,0.34296575,0.03652968
6a54a03db,9,9.555555555555555,0.7928463752067901,1.0,0.0,105.938,79.271,0.27067660511111113,0.05594166288888888
6a5c652b5,1,9.0,0.74295765,1.0,0.0,50.68,50.68,0.36502966,0.15408304
6a6756c71,5,9.4,0.7612582293388889,1.0,0.0,82.8914,74.474,0.270034422,0.07811855096
6a7027972,2,10.0,0.7977011935,1.0,0.0,239.3345,239.3345,0.436657705,0.39511269
6a7310588,3,10.0,0.7465890496666666,1.0,0.0,148.80599999999998,117.98299999999999,0.2693570766666667,0.08161167266666666
6a763a055,2,9.5,0.7672670283333334,1.0,0.0,93.997,93.997,0.23024209499999998,0.047866803
6a864757b,10,10.0,0.7728492396,1.0,0.0,162.1034,158.26299999999998,0.21486867599999998,0.06823303829999999
6a8d98847,3,8.333333333333334,0.8323943639404762,1.0,0.0,207.34599999999998,230.78999999999996,0.18411194666666666,0.068355577
6a8f9aa52,24,9.708333333333334,0.8165485215740741,1.0,0.0,122.64654166666666,102.839,0.28448496208333335,0.1277431490833333
6a9d18d89,5,9.6,0.79899641075,1.0,0.0,38.9424,49.772,0.366714474,0.120760321
6a9f15d94,4,8.75,0.8275668085000001,1.0,0.0,138.46625,118.27799999999999,0.33976489249999997,0.13189268175
6aa6cfaaa,6,9.333333333333334,0.7616388905416667,1.0,0.0,108.6545,98.2995,0.24652910333333336,0.11747023000000001
6ab0ddda3,10,8.9,0.7995641504396825,1.0,0.0,109.42939999999999,119.08,0.317545539,0.07907306189999999
6ab29b3d4,2,10.0,0.7889578664999999,1.0,0.0,67.9825,67.9825,0.21154478000000002,0.1464372925
6ac7e0c51,2,10.0,0.7797156359999999,1.0,0.0,154.954,154.954,0.375095935,0.035468781500000005
6ad1d75b2,4,9.0,0.7773906309999999,1.0,0.0,141.00650000000002,142.314,0.12981745,0.04884235225
6ad5153bb,3,10.0,0.7892138839999999,1.0,0.0,96.11833333333334,83.471,0.50334736,0.10052231900000001
6ad5aa95c,1,10.0,0.7588782980000001,1.0,0.0,156.386,156.386,0.10120666,0.058978662
6ada9811e,1,10.0,0.792776718,1.0,0.0,83.749,83.749,0.191837,0.064882696
6adc3bf2f,1,10.0,0.85743987,1.0,0.0,189.79999999999998,189.79999999999998,0.21870178,0.1554425
6ae5689d3,2,10.0,0.7567771544999999,1.0,0.0,130.35399999999998,130.35399999999998,0.219918185,0.28310354
6aee1d8da,2,10.0,0.8589325895000001,1.0,0.0,66.219,66.219,0.31824124,0.0671609435
6af981c61,5,10.0,0.8038172502,1.0,0.0,96.0998,119.17,0.22892420200000002,0.0712858632
6afc6acee,4,9.0,0.7603221460833334,1.0,0.0,111.27949999999998,120.74449999999999,0.175235915,0.10859355500000001
6b0103c04,7,8.285714285714286,0.7838612616428572,1.0,0.0,140.80599999999998,119.668,0.2206837257142857,0.11031808557142857
6b0da38ae,4,9.75,0.7924563349166667,1.0,0.0,80.9305,72.535,0.21214120250000001,0.10587929324999999
6b10d4880,2,10.0,0.8634909740000001,1.0,0.0,118.25649999999999,118.25649999999999,0.23139368,0.12313562
6b240dd0b,7,9.571428571428571,0.7760703935952381,1.0,0.0,141.71471428571428,158.564,0.24346052999999998,0.04649174914285714
6b24d9186,3,10.0,0.7923299303333332,1.0,0.0,118.41066666666666,123.58099999999999,0.18114502666666668,0.04844490766666667
6b29b45d9,1,9.0,0.7795121122222222,1.0,0.0,50.832,50.832,0.16624966,0.0374854
6b2fc7a10,4,7.0,0.7652839463095238,1.0,0.0,59.372249999999994,51.629999999999995,0.148264484,0.09742455725
6b42c0d29,2,9.0,0.8259921588750001,1.0,0.0,120.14149999999998,120.14149999999998,0.17787698000000002,0.035962599
6b446b436,8,9.375,0.7537147413680556,1.0,0.0,69.713625,67.5345,0.2608562425,0.07542339725
6b574c312,5,8.8,0.7603389509999999,1.0,0.0,127.4538,157.751,0.313203038,0.201300728
6b5c799b5,1,10.0,0.765605788,1.0,0.0,82.689,82.689,0.49176702,0.11444972
6b5f208fc,11,10.0,0.7854073564545455,1.0,0.0,192.60581818181817,194.987,0.27901012454545454,0.06180430763636364
6b685abae,5,10.0,0.717879812,1.0,0.0,43.9914,26.787,0.313283152,0.23919579200000002
6b6d2c65f,1,8.0,0.77691428,1.0,0.0,119.841,119.841,0.4397004,0.14816204
6b7be833c,5,9.6,0.79264461745,1.0,0.0,130.46599999999998,157.248,0.332512614,0.18807640139999998
6b7f2c603,3,7.666666666666667,0.7824013839285714,1.0,0.0,105.26499999999999,108.969,0.24692361666666665,0.063417734
6b91edb8b,4,9.75,0.7480319719999999,1.0,0.0,143.67425,148.393,0.3540783025,0.19158075775
6ba094bf4,1,7.0,0.8004765328571428,1.0,0.0,155.355,155.355,0.13361427,0.13343109
6bacb98ab,3,10.0,0.7841563436666666,1.0,0.0,146.25199999999998,187.73499999999999,0.13587193333333333,0.11582332666666667
6bb85e53d,4,9.25,0.7814876205625,1.0,0.0,135.405,133.22199999999998,0.21066020749999997,0.06333958825
6bbcc7ea5,4,9.75,0.7619783062777777,1.0,0.0,146.96725,149.339,0.1270996385,0.0534358845
6bc347d2d,3,9.333333333333334,0.7651134111666668,1.0,0.0,43.14533333333333,25.028,0.38962762,0.29225606666666665
6be0a8fcd,5,9.2,0.7628234549555556,1.0,0.0,98.0368,86.31899999999999,0.31550165,0.091280222
6bed4e9d5,6,10.0,0.7533563066666668,1.0,0.0,111.69850000000001,102.9065,0.277835995,0.13890104666666667
6bf08dced,8,9.125,0.7824702246150794,1.0,0.0,123.492375,150.5795,0.32912255875,0.169723375
6bf6880bd,1,10.0,0.6957260160000001,1.0,0.0,21.266999999999996,21.266999999999996,0.25020245,0.11546118
6bf7eec1e,6,10.0,0.7704842579999999,1.0,0.0,188.79549999999998,198.073,0.2932819566666667,0.034021274166666664
6c06b0725,1,8.0,0.7461126575,1.0,0.0,193.778,193.778,0.27476448,0.23672481
6c121d784,1,10.0,0.779905272,1.0,0.0,82.40599999999999,82.40599999999999,0.29146257,0.109488524
6c17339fe,3,9.0,0.7795466921666666,1.0,0.0,76.11999999999999,51.805,0.30708560333333335,0.25040466333333333
6c196faec,10,9.0,0.7525380792722223,1.0,0.0,76.0217,52.39,0.23514832600000002,0.0898629909
6c2fa49e8,1,10.0,0.75412232,1.0,0.0,189.349,189.349,0.10673659,0.008391273
6c3222742,7,9.428571428571429,0.7227873468730158,1.0,0.0,153.21614285714284,163.03099999999998,0.21878219928571427,0.09484481878571428
6c324e80a,7,9.857142857142858,0.7253388862380952,1.0,0.0,139.5197142857143,156.717,0.30178636857142854,0.1411228397142857
6c3a05812,1,10.0,0.8327947840000001,1.0,0.0,21.228,21.228,0.82116824,0.18600416
6c3b8c99c,15,8.533333333333333,0.7434613377891534,1.0,0.0,133.99386666666666,123.512,0.19613430599999998,0.06878304726666666
6c3d7237b,2,7.5,0.7601674213392857,1.0,0.0,154.9925,154.9925,0.32251576000000004,0.15452338
6c44c99ef,3,9.0,0.7442630734285713,1.0,0.0,62.977,48.001,0.22356293333333332,0.05777021566666667
6c4520bd5,2,10.0,0.7527419450000001,1.0,0.0,80.84,80.84,0.302412365,0.0438861065
6c4af5f08,2,10.0,0.8276001275,1.0,0.0,172.4305,172.4305,0.37407359,0.1568971
6c4d7b09f,1,10.0,0.850802294,1.0,0.0,196.523,196.523,0.3354686,0.041710023
6c5079e85,3,7.666666666666667,0.8070228168888889,1.0,0.0,63.86600000000001,52.605,0.19803665,0.06856284133333333
6c551fd9b,1,10.0,0.7214508559999999,1.0,0.0,19.843,19.843,0.23636703,0.15717407
6c55e596d,1,10.0,0.815641515,1.0,0.0,197.16299999999998,197.16299999999998,0.2068506,0.021938952
6c594bfb0,1,10.0,0.861122351,1.0,0.0,53.601,53.601,0.18937181,0.05235213
6c5a7a1ef,13,8.923076923076923,0.7700618076092797,1.0,0.0,35.396,19.608999999999998,0.28574599153846153,0.15895156992307694
6c5f1f0a3,10,8.1,0.7706431317555555,1.0,0.0,149.45409999999998,158.71699999999998,0.28765955,0.1945839435
6c5fb38d4,6,7.5,0.7787456143670636,1.0,0.0,147.02516666666668,154.176,0.16425751333333333,0.10624060416666666
6c61c33ee,4,9.75,0.7105280296944445,1.0,0.0,201.49849999999998,194.9735,0.317222555,0.112187828
6c62c854f,1,10.0,0.7419282620000001,1.0,0.0,118.521,118.521,0.17803119,0.033662524
6c64dd197,2,10.0,0.811879491,1.0,0.0,137.456,137.456,0.20732388499999999,0.0728524835
6c692e208,8,8.875,0.7809111377638889,1.0,0.0,116.489375,118.71199999999999,0.24065901125,0.147795266875
6c71db5b5,4,10.0,0.8196195825,1.0,0.0,37.51675,37.571,0.1894781975,0.09468296125
6c75b9082,4,10.0,0.7693828355000001,1.0,0.0,128.1935,150.09699999999998,0.15728994,0.039828066499999995
6c7db281b,2,10.0,0.7654913255,1.0,0.0,135.21499999999997,135.21499999999997,0.22822,0.077783559
6c803e00e,3,9.333333333333334,0.76186815825,1.0,0.0,102.52233333333334,82.956,0.2601707733333333,0.06856284
6c8487ccb,3,6.666666666666667,0.8574550944642857,1.0,0.0,116.40899999999999,162.363,0.28915971,0.2181031
6c9696bc5,3,8.666666666666666,0.76056402825,1.0,0.0,110.71500000000002,121.087,0.29406802666666665,0.11665732699999999
6c9e1c82f,15,9.8,0.7756806054074074,1.0,0.0,55.59826666666666,49.956999999999994,0.29798982333333335,0.20020425020000002
6ca8be82b,4,8.75,0.7629342958928571,1.0,0.0,95.66575,104.957,0.17977334,0.044441554
6ca8ebdbd,2,9.5,0.8076502762777777,1.0,0.0,138.10399999999998,138.10399999999998,0.19681052999999998,0.06980576
6caab3194,4,9.0,0.7566567056785714,1.0,0.0,195.4015,194.81599999999997,0.23366502,0.0308706215
6cafa50dd,2,10.0,0.7672552349999999,1.0,0.0,194.5255,194.5255,0.248251035,0.073491156
6cb5381cb,2,9.0,0.7059529716666666,1.0,0.0,17.4305,17.4305,0.19606798,0.1088356835
6cb63297c,6,9.0,0.7651382445,1.0,0.0,59.68816666666666,18.665999999999997,0.4246469566666667,0.2321957125
6cbbe5cd9,5,9.0,0.7736683573111112,1.0,0.0,127.9134,120.777,0.252450904,0.06422120719999999
6cc070892,6,8.666666666666666,0.7602767670833334,0.8333333333333334,0.0,97.1475,99.583,0.25566941,0.17988169750000002
6cd340cfd,2,10.0,0.786330763,1.0,0.0,160.001,160.001,0.222414815,0.067724593
6ce342cfe,9,10.0,0.7766791932222222,1.0,0.0,124.25244444444444,123.169,0.31232023555555555,0.106462432
6ce40c2bf,5,9.8,0.7489804030666667,1.0,0.0,59.101800000000004,80.338,0.23286390199999998,0.1627991694
6cf058ab3,3,10.0,0.7418737656666666,1.0,0.0,48.943999999999996,42.435,0.29106597333333334,0.13056422333333334
6cfbd44df,1,10.0,0.787289236,1.0,0.0,51.141999999999996,51.141999999999996,0.5147001,0.33488372
6cfd5f1b5,4,8.75,0.7659557499523809,1.0,0.0,85.77625,83.838,0.16967076250000002,0.07992766874999999
6d1596957,1,9.0,0.7891088666666666,1.0,0.0,124.72399999999999,124.72399999999999,0.3274702,0.28226206
6d18707ee,10,9.6,0.7454043475000001,1.0,0.0,155.6954,155.8195,0.28474717699999996,0.147382365
6d18cc71d,16,9.5625,0.7590012037113095,1.0,0.0,148.3170625,154.94349999999997,0.3192388325,0.1229991974375
6d1d7bcd8,5,10.0,0.7579271054,1.0,0.0,192.82059999999998,193.25199999999998,0.435196602,0.21869580000000002
6d3930bb1,1,10.0,0.776880545,1.0,0.0,148.005,148.005,0.26825434,0.023680577
6d43edbe9,20,8.1,0.7626864253904763,1.0,0.0,67.1174,48.0685,0.2814946425,0.1408775611
6d4bdde4c,5,9.2,0.7858449533166667,1.0,0.0,115.05239999999999,109.83,0.211452828,0.1111397212
6d55edd17,5,9.6,0.8326368499777779,1.0,0.0,69.8314,51.175,0.20335894799999998,0.1112207668
6d59be88d,8,10.0,0.805045840875,1.0,0.0,116.196375,119.8715,0.2702559725,0.049021349375
6d5afdb0f,5,8.2,0.7502056586436507,1.0,0.0,32.614599999999996,22.768,0.17781750000000002,0.114789878
6d6390b1f,2,8.5,0.7827975279861111,1.0,0.0,129.88899999999998,129.88899999999998,0.18087671,0.069957247
6d67ee4d1,16,7.625,0.7888351137358631,1.0,0.0,119.1033125,118.99699999999999,0.20635762562499999,0.058662970437499996
6d6bb4a66,3,10.0,0.7549250666666668,1.0,0.0,90.26566666666668,87.536,0.12135006666666666,0.0198288824
6d98621a6,2,10.0,0.80095754,1.0,0.0,193.10699999999997,193.10699999999997,0.265576815,0.204864725
6d994c50c,4,9.75,0.7743420372222223,1.0,0.0,31.347749999999998,26.228499999999997,0.2662455375,0.15851543899999998
6d9b202c9,10,7.2,0.7626565490119048,1.0,0.0,129.2508,120.185,0.2603306514,0.1701699614
6da091c79,3,10.0,0.850188459,1.0,0.0,16.31233333333333,18.237,0.29907879,0.086310554
6da53f587,11,9.181818181818182,0.7409077462601009,0.9090909090909091,0.0,141.6680909090909,191.48000000000002,0.2883622672727273,0.08493894781818181
6da65afb8,15,8.533333333333333,0.735557654225926,0.8666666666666667,0.0,87.3352,85.797,0.1797317422,0.07179156293333334
6dac572be,4,10.0,0.86876427025,1.0,0.0,138.5645,137.925,0.156840396,0.0748228815
6dac8ec35,1,10.0,0.7579980669999999,1.0,0.0,192.945,192.945,0.2612145,0.05471731
6db8c5110,1,7.0,0.7981762542857143,1.0,0.0,235.38699999999997,235.38699999999997,0.41459522,0.08610664
6dbed5324,1,10.0,0.76850996,1.0,0.0,51.935,51.935,0.3109785,0.030697191
6dc2f0739,4,10.0,0.7338682875,1.0,0.0,166.98675,173.47899999999998,0.4322978025,0.1525483385
6dc40f9b5,3,9.0,0.7607378339047619,1.0,0.0,199.05533333333332,198.49599999999998,0.55307402,0.2592789233333333
6dd12152a,3,9.0,0.7716894960370371,1.0,0.0,133.952,122.06700000000001,0.26265548,0.11142906666666667
6df28d790,5,9.8,0.7789146242222222,1.0,0.0,78.256,84.63499999999999,0.313137392,0.09658755
6e09bfe1f,3,8.666666666666666,0.7797943090000001,1.0,0.0,170.57399999999998,162.548,0.17354446666666667,0.051277605000000004
6e14e0fa4,3,7.666666666666667,0.8347981503703704,1.0,0.0,107.45566666666666,116.181,0.13751626,0.040744356833333335
6e21edd32,5,7.4,0.7769138626468254,1.0,0.0,130.19699999999997,118.71099999999998,0.239327384,0.0596860926
6e31c7d5c,2,10.0,0.7303998235,1.0,0.0,99.88399999999999,99.88399999999999,0.23256833999999998,0.0698057565
6e3631a29,2,10.0,0.8613426955000001,1.0,0.0,177.0435,177.0435,0.21248583,0.085296047
6e441b406,3,6.666666666666667,0.7622756834920635,1.0,0.0,181.73233333333334,230.299,0.2742602733333333,0.06930452533333332
6e50b52c9,2,8.5,0.7600743922916666,1.0,0.0,138.969,138.969,0.1143197605,0.15026017
6e5f03ddf,2,8.0,0.7399361042857143,1.0,0.0,107.44699999999997,107.44699999999997,0.16490537,0.10202935699999999
6e61a7b46,4,8.5,0.7834808450218254,1.0,0.0,194.6365,193.58350000000002,0.3675200825,0.15517861500000002
6e642352c,1,10.0,0.804390708,1.0,0.0,83.904,83.904,0.1642017,0.10806712
6e643eba1,5,9.6,0.7503810227000001,1.0,0.0,165.5482,158.55599999999998,0.230206052,0.0454387792
6e9e0ce30,2,8.0,0.802464026,1.0,0.0,117.0035,117.0035,0.246876705,0.12129241835
6ea2ddaf2,2,10.0,0.784414688,1.0,0.0,85.733,85.733,0.251420235,0.062230835
6ea58b8ac,4,8.0,0.8261367589999999,1.0,0.0,50.837999999999994,50.837999999999994,0.274945835,0.08584689000000001
6ea65996b,2,10.0,0.728751881,1.0,0.0,157.4535,157.4535,0.26715164999999996,0.064602848
6ebcc7756,6,9.333333333333334,0.7505480623333334,1.0,0.0,113.079,116.8155,0.13152697166666666,0.04477896883333333
6ec9364a7,2,10.0,0.696352045,1.0,0.0,132.49849999999998,132.49849999999998,0.3559409,0.16332401
6ed73fc84,1,10.0,0.741165393,1.0,0.0,114.63999999999999,114.63999999999999,0.17456841,0.015668202
6edcc1f1b,3,9.0,0.7662527533518518,1.0,0.0,60.615,48.80500000000001,0.21368869333333332,0.112614175
6ee8964b0,2,7.5,0.8272618486607142,1.0,0.0,173.821,173.821,0.193167335,0.161160255
6eef41768,2,8.5,0.7478873723571429,1.0,0.0,79.193,79.193,0.16982275,0.0856564675
6ef02d7e9,5,9.4,0.7973683729714286,1.0,0.0,58.7448,53.538000000000004,0.28508142799999997,0.0841725352
6f07e7abf,2,9.5,0.7610242522777778,1.0,0.0,157.31650000000002,157.31650000000002,0.260702835,0.071374315
6f08e9c5f,7,8.285714285714286,0.761377727866213,1.0,0.0,156.16514285714285,152.804,0.1843504942857143,0.11167682414285715
6f0cb510a,3,9.666666666666666,0.7599687506296297,1.0,0.0,181.56166666666664,153.97899999999998,0.24993429666666667,0.140638909
6f0d943dc,1,10.0,0.7912124800000001,1.0,0.0,24.238999999999997,24.238999999999997,0.3413731,0.1733871
6f14bc8cd,2,8.5,0.7686718291666667,0.5,0.0,115.58849999999998,115.58849999999998,0.115550348,0.0308604425
6f1580039,4,7.75,0.7951666667777778,1.0,0.0,73.1485,63.3375,0.159420411,0.18385759824999998
6f18704f7,5,9.2,0.7668976049833334,1.0,0.0,186.52219999999997,192.059,0.2812233468,0.06597075399999999
6f1e6e8ed,4,9.5,0.7821339354375001,1.0,0.0,157.28175,157.9775,0.234084715,0.061084062999999994
6f28d2ab3,3,10.0,0.7826494390000001,1.0,0.0,170.26333333333335,148.664,0.4595733166666667,0.20797201133333332
6f2b619bb,4,8.5,0.7745698290625,1.0,0.0,73.24374999999999,65.46499999999999,0.3030269075,0.0720239975
6f3e4618d,7,9.857142857142858,0.7564542343809524,1.0,0.0,66.8442857142857,55.663,0.41274141428571426,0.18932314857142857
6f3e5cbd8,3,9.666666666666666,0.783355182148148,1.0,0.0,113.49900000000001,120.94,0.30360163333333334,0.152075292
6f3f2899c,1,10.0,0.716275935,1.0,0.0,80.775,80.775,0.10167884,0.019020218
6f43738b5,3,10.0,0.7347857769999999,1.0,0.0,136.49733333333333,87.958,0.22199351999999997,0.10599643066666666
6f46311db,9,9.222222222222221,0.7515863414104937,1.0,0.0,128.55555555555554,120.86299999999999,0.2680817777777778,0.1304495821111111
6f512ee65,3,9.0,0.7755760961428572,1.0,0.0,98.50333333333333,120.92999999999999,0.21113139,0.11243863266666666
6f5eab89b,1,8.0,0.75383116375,1.0,0.0,22.256,22.256,0.22804682,0.2418285
6f665c704,26,9.26923076923077,0.7593786223893468,0.8846153846153846,0.0,140.1481923076923,155.551,0.26441892576923076,0.14725447217692308
6f72c46b5,2,9.0,0.7539319895,1.0,0.0,107.66900000000001,107.66900000000001,0.146776555,0.172389865
6f7d23e2d,7,9.142857142857142,0.7489200251785714,1.0,0.0,47.227,50.559000000000005,0.3083881042857143,0.10326545
6f863a03a,1,10.0,0.809716675,1.0,0.0,197.13199999999998,197.13199999999998,0.18596177,0.28512266
6f8ae496e,3,10.0,0.8497849336666666,1.0,0.0,41.37866666666667,52.526999999999994,0.4150147566666667,0.19762360333333331
6f93a41c5,4,7.25,0.7875967590624999,1.0,0.0,94.42549999999999,88.59049999999999,0.20067178,0.0329301075
6fc2970d6,4,10.0,0.76197033475,1.0,0.0,44.52325,51.20399999999999,0.32408631000000004,0.24192096000000002
6fcee4bee,16,10.0,0.7989983375,1.0,0.0,166.42925,174.96800000000002,0.27847525125,0.1378203858125
6fdb43f0b,2,9.0,0.7661796729999999,1.0,0.0,24.64,24.64,0.250801125,0.059269334
6fe7448a5,1,10.0,0.7502746260000001,1.0,0.0,199.87399999999997,199.87399999999997,0.39071015,0.14964008
6fea8ac52,1,9.0,0.7443090166666667,1.0,0.0,54.602,54.602,0.17655396,0.018849593
6fecc5cf7,13,10.0,0.8154717495384615,1.0,0.0,29.050999999999995,18.814999999999998,0.3157217315384615,0.21295846961538462
6ff9b83f0,1,10.0,0.755711247,1.0,0.0,80.80299999999998,80.80299999999998,0.18248482,0.14691769
7000a4f76,1,10.0,0.7272940240000001,1.0,0.0,189.27399999999997,189.27399999999997,0.27981606,0.049367916
7013035d9,2,10.0,0.767458775,1.0,0.0,93.95749999999998,93.95749999999998,0.425971105,0.18187643
701c5afba,1,9.0,0.7667875255555555,1.0,0.0,65.345,65.345,0.26817137,0.025927853
701c7e67e,1,9.0,0.7368206622222222,1.0,0.0,19.886,19.886,0.23459364,0.13191965
7023f6b45,5,10.0,0.7795537620000001,1.0,0.0,20.0362,20.125,0.505241912,0.1598156688
7028931ed,2,9.5,0.7979992946111111,1.0,0.0,171.6545,171.6545,0.14856868699999998,0.052592785999999996
702bee848,5,9.8,0.7197147048888889,1.0,0.0,172.7796,198.284,0.361760984,0.207384324
70337537c,5,10.0,0.771650954,1.0,0.0,140.4388,155.75400000000002,0.284678428,0.0903840332
703c9a23b,5,9.8,0.7787624435777778,1.0,0.0,30.4878,25.857999999999997,0.2735299408,0.0906174124
703f1a4c4,1,10.0,0.78612698,1.0,0.0,22.142,22.142,0.42977846,0.12754735
703f38466,1,7.0,0.7538203871428573,1.0,0.0,116.925,116.925,0.1345433,0.10385473
704502836,1,10.0,0.722049274,1.0,0.0,121.325,121.325,0.30736816,0.048316874
704737525,2,10.0,0.785154896,1.0,0.0,119.5825,119.5825,0.34974826000000003,0.178641954
705a6dffe,3,9.0,0.7371669739047618,1.0,0.0,158.32899999999998,195.256,0.34463996666666663,0.06362697866666667
705ce0ebd,3,8.333333333333334,0.7914944082222223,1.0,0.0,140.33766666666668,152.038,0.11434365833333333,0.018648693666666667
706a9cd5c,1,8.0,0.76686266875,1.0,0.0,84.06099999999999,84.06099999999999,0.18248019,0.033835903
706c85343,3,8.333333333333334,0.7850343461904762,1.0,0.0,117.06666666666665,82.00899999999999,0.17306608466666665,0.07873742533333333
707b0c535,5,9.6,0.7841575918,1.0,0.0,91.261,114.35899999999998,0.26586403000000003,0.0969872118
708189e17,13,8.461538461538462,0.7939408785778389,1.0,0.0,75.90046153846153,51.495000000000005,0.18486673861538463,0.09683398615384615
708ce5f42,1,10.0,0.8309415250000001,1.0,0.0,117.947,117.947,0.14993376,0.022830531
70900313d,11,9.363636363636363,0.7820597020151516,1.0,0.0,37.134454545454545,25.467,0.24468650454545457,0.11895520836363636
70a7a71fe,13,9.846153846153847,0.7909514458846154,1.0,0.0,149.16653846153847,152.631,0.2446363492307692,0.1309689505
70a90deaf,6,8.833333333333334,0.7594201840231481,1.0,0.0,124.11583333333333,152.148,0.3265205966666667,0.2022054575
70aa95825,3,9.666666666666666,0.7816048340740741,1.0,0.0,165.786,158.799,0.25893406999999996,0.06018163366666667
70aeba909,1,10.0,0.733068165,1.0,0.0,155.355,155.355,0.1286785,0.04459362
70be9c861,6,8.666666666666666,0.7286876708333333,1.0,0.0,101.99516666666666,103.5735,0.279399455,0.11190600016666667
70edbb1e3,6,9.666666666666666,0.7753643299166667,1.0,0.0,46.4205,36.4465,0.3254601773333333,0.21579084
70f92bae8,6,9.333333333333334,0.7316100839206351,1.0,0.0,155.26366666666664,153.54449999999997,0.17809868833333334,0.10662022466666667
710126170,3,10.0,0.8527822286666668,1.0,0.0,154.76833333333332,118.61999999999999,0.26351431,0.104048058
710dc1661,5,8.0,0.7448206898214286,1.0,0.0,122.7308,155.315,0.19245704200000002,0.08432972720000001
7115607a0,2,10.0,0.7975301865,1.0,0.0,86.3245,86.3245,0.244743615,0.10548907499999999
7117385a0,1,10.0,0.707850961,1.0,0.0,25.310000000000002,25.310000000000002,0.25431764,0.34429985
7117c4553,2,10.0,0.807857648,1.0,0.0,121.984,121.984,0.327837,0.045005204
711bebb99,1,9.0,0.7717725266666666,1.0,0.0,198.04399999999998,198.04399999999998,0.29773927,0.086629905
7125e101b,1,10.0,0.786215819,1.0,0.0,86.777,86.777,0.26620433,0.06488266
71297d780,1,10.0,0.745715651,1.0,0.0,192.92,192.92,0.30152526,0.25880727
7131cab79,10,8.8,0.7937314143646825,1.0,0.0,107.22999999999999,98.91149999999999,0.205244774,0.0947537304
7133c0c97,4,8.25,0.7888357266160714,1.0,0.0,129.63375,136.8455,0.26831316250000004,0.1518557025
71419d422,2,9.5,0.7609172713333333,1.0,0.0,102.1175,102.1175,0.247927475,0.0924536745
714b4fa64,1,10.0,0.793484647,1.0,0.0,49.256,49.256,0.25978273,0.30744478
714e287c7,3,10.0,0.803183383,1.0,0.0,106.79866666666665,116.179,0.23212182,0.17412417666666666
716167b76,18,9.277777777777779,0.7300616055185185,1.0,0.0,65.64994444444444,25.918499999999995,0.31723367,0.13950388083333334
7169c3e3a,2,6.5,0.7829494802380952,1.0,0.0,152.243,152.243,0.301750575,0.067333851
718c4b524,10,8.9,0.7415321168503969,1.0,0.0,139.76219999999998,156.17000000000002,0.24598893300000002,0.0578567724
7193a5332,2,7.0,0.7621254535714286,1.0,0.0,48.938,48.938,0.41554686500000004,0.13436524500000002
7196383a7,6,9.333333333333334,0.7713827873333333,1.0,0.0,131.8055,153.69799999999998,0.19815281233333334,0.07510983783333333
719917454,4,10.0,0.8234024999999999,1.0,0.0,245.02974999999998,251.29899999999998,0.52872707,0.41236865
71a92867d,6,9.833333333333334,0.7782519655925926,1.0,0.0,88.6965,68.1815,0.21371070583333332,0.065332613
71aed274c,2,10.0,0.808479693,1.0,0.0,23.941000000000003,23.941000000000003,0.26831232,0.04886403
71b0f7f97,3,8.666666666666666,0.7796974493055555,1.0,0.0,63.83833333333333,83.0,0.12818589333333333,0.06683715533333333
71deb8267,2,10.0,0.7351182709999999,1.0,0.0,99.47099999999999,99.47099999999999,0.25753857,0.23671032
71e5aca0a,1,4.0,0.754551,0.0,0.0,163.96699999999998,163.96699999999998,0.47439587,0.2530384
71e96f977,3,7.666666666666667,0.8144807100462964,1.0,0.0,122.54,157.276,0.23704068666666667,0.10407551533333333
71ec53012,4,8.75,0.7779922088303571,1.0,0.0,44.7375,37.0135,0.19680059,0.147225575
71eda06c6,5,10.0,0.7578360482,1.0,0.0,25.240599999999997,25.967999999999996,0.288553632,0.0626220496
71edb3344,6,7.833333333333333,0.779736828,1.0,0.0,40.92433333333333,19.451999999999998,0.22916759166666667,0.220589836
71ef1c6c4,2,8.0,0.7099927841666667,0.5,0.0,139.7835,139.7835,0.13073138,0.06736993499999999
71f245b82,1,10.0,0.763790114,1.0,0.0,50.162,50.162,0.1263864,0.017872712
71f895aa2,3,8.0,0.7537859751666667,0.3333333333333333,0.0,120.69533333333334,120.101,0.17815552666666667,0.10131246
71f93d157,1,10.0,0.788100722,1.0,0.0,46.06,46.06,0.15019904,0.120118126
7218c8328,4,10.0,0.7401068185,1.0,0.0,36.59075,18.8615,0.385027155,0.1984785275
72389d266,2,10.0,0.747874522,1.0,0.0,139.1245,139.1245,0.17580500500000001,0.04455282
724736153,5,10.0,0.745067587,1.0,0.0,117.609,116.18299999999999,0.212611658,0.0418604656
72519f841,3,9.666666666666666,0.7994589601481481,1.0,0.0,62.119,15.213,0.3031309,0.2689328266666667
725a5345e,9,9.222222222222221,0.7778384557777778,1.0,0.0,127.04655555555554,148.47199999999998,0.2413537422222222,0.08524065555555556
725ee6572,2,10.0,0.7646997355,1.0,0.0,173.7475,173.7475,0.13774249,0.160015175
72626612c,6,9.333333333333334,0.7728210189166665,1.0,0.0,83.54583333333333,82.02249999999998,0.33815738,0.041362720166666665
727a1c793,5,8.4,0.7584656742920635,0.8,0.0,126.713,153.909,0.199447278,0.029345592599999998
727b7e63a,7,8.571428571428571,0.7839547783531746,1.0,0.0,77.62085714285715,80.471,0.28884860142857144,0.09973666714285714
727d25d09,1,10.0,0.773758433,1.0,0.0,82.857,82.857,0.25544766,0.05646908
72896003b,5,7.2,0.7983551265746032,1.0,0.0,180.72179999999997,196.03499999999997,0.1735639492,0.04600016
728a08a8b,3,9.0,0.7654929635238096,1.0,0.0,169.56033333333332,178.13199999999998,0.18476953666666665,0.10721507499999999
728ed1c0e,1,10.0,0.743015065,1.0,0.0,239.495,239.495,0.3529994,0.15973048
729f4d5fa,2,10.0,0.8085689105,1.0,0.0,122.439,122.439,0.54424214,0.06520985
72a2dc93b,1,10.0,0.840956364,1.0,0.0,197.19099999999997,197.19099999999997,0.24763618,0.2679951
72acdecb7,2,10.0,0.755483218,1.0,0.0,17.412,17.412,0.35976154000000005,0.21171521499999998
72b0d2b06,1,10.0,0.8364393290000001,1.0,0.0,115.799,115.799,0.4390174,0.17700258
72bfc767c,2,9.5,0.7924441221666667,1.0,0.0,196.656,196.656,0.48379546500000004,0.073164803
72c38b9ab,2,8.5,0.7603204075000001,0.5,0.0,36.054,36.054,0.29884305499999997,0.32980447999999996
72c626d6c,4,10.0,0.746230416,1.0,0.0,145.2985,135.03199999999998,0.255993635,0.05705888175
72c9986ac,1,8.0,0.7367804825,1.0,0.0,82.02399999999999,82.02399999999999,0.075474925,0.041945416
72d68bbd0,1,10.0,0.791676274,1.0,0.0,117.542,117.542,0.13814195,0.01566371
72e093c41,4,9.75,0.7767239112222223,1.0,0.0,102.83824999999999,78.5555,0.3123480625,0.072903443
72e76bc9b,4,8.75,0.7928738396339284,1.0,0.0,138.31574999999998,138.024,0.43888548250000003,0.275969335
72ec92880,3,10.0,0.7803543660000001,1.0,0.0,48.98766666666666,21.897,0.30381003,0.08961270766666667
72f6dbb1d,2,9.0,0.762271239625,1.0,0.0,158.673,158.673,0.130015712,0.076227393
72f891e55,1,10.0,0.754616878,1.0,0.0,19.349,19.349,0.15427968,0.15232565
73066f6ff,2,9.5,0.7279999276111111,0.5,0.0,112.345,112.345,0.21945527999999997,0.11608913
7314ad440,1,10.0,0.77666228,1.0,0.0,23.684,23.684,0.22908066,0.023707734
7316c548e,5,9.2,0.7680135228611111,1.0,0.0,146.32559999999998,153.93999999999997,0.15186849200000002,0.060874089199999995
731a2ef80,4,7.5,0.7671131429464285,1.0,0.0,77.42349999999999,67.15299999999999,0.21865387749999998,0.0990370025
732a2ed35,3,8.666666666666666,0.8099543642222221,1.0,0.0,66.66766666666666,78.80699999999999,0.27441322333333334,0.08427238533333332
732fa3cb9,13,9.307692307692308,0.7402413593589744,1.0,0.0,69.92107692307692,27.762,0.2720900446153846,0.15928037653846155
733ccdc63,2,10.0,0.7527627575,1.0,0.0,134.48399999999998,134.48399999999998,0.175614375,0.074183832
733f9942b,4,8.5,0.7905065377857143,1.0,0.0,21.9835,22.409999999999997,0.47713569749999996,0.162666871
734123308,17,8.529411764705882,0.78882556175,1.0,0.0,64.1209411764706,53.0,0.2492699305882353,0.09137106864705882
7342eafeb,5,10.0,0.7310094134,1.0,0.0,135.736,125.457,0.197015076,0.0159382588
736b228b9,4,9.5,0.7792656061944445,1.0,0.0,67.96449999999999,60.619499999999995,0.10776427,0.046615561750000006
737413132,2,7.5,0.7797248147321428,1.0,0.0,104.1465,104.1465,0.21514065500000001,0.0439212625
7374edef0,5,8.8,0.7664466726000001,1.0,0.0,156.56199999999998,152.17,0.35307236,0.171708596
7390b70c5,7,9.571428571428571,0.7687071748979591,1.0,0.0,98.75699999999999,84.27799999999999,0.18780950714285716,0.07026086642857142
7395053bc,2,9.5,0.7759710743888889,1.0,0.0,115.21349999999998,115.21349999999998,0.201981095,0.10028615799999999
739cd2d34,1,8.0,0.7338171325,1.0,0.0,51.38699999999999,51.38699999999999,0.362345,0.07032605
73a25206b,4,10.0,0.737112342,1.0,0.0,23.759249999999998,23.505499999999998,0.3825554975,0.3120664175
73a2be705,5,9.4,0.7638108171444444,1.0,0.0,104.57419999999999,114.782,0.23670692399999999,0.1857329424
73ab55e8c,1,10.0,0.7777760759999999,1.0,0.0,194.67899999999997,194.67899999999997,0.2529679,0.08606087
73b5c37dd,1,10.0,0.690558971,1.0,0.0,50.925000000000004,50.925000000000004,0.32837653,0.057220493
73c4d95a2,5,9.4,0.7740141600666666,1.0,0.0,143.69819999999999,155.31,0.49108828400000004,0.269528272
73d65de2d,4,9.5,0.780721658,1.0,0.0,78.6095,53.6755,0.20429324,0.11038519725000001
73dedcf29,2,9.5,0.8068835806666665,1.0,0.0,190.4805,190.4805,0.28876257000000005,0.046592378000000004
73e1b299a,5,9.8,0.7628399562666667,1.0,0.0,126.75699999999999,119.283,0.207954154,0.05851543620000001
73ec4c916,2,9.0,0.76626222,1.0,0.0,52.307500000000005,52.307500000000005,0.31137302,0.15660770499999999
740d9759c,2,7.5,0.7832869971428571,1.0,0.0,152.8395,152.8395,0.265368595,0.095950401
7413a61ae,4,8.0,0.769979389404762,1.0,0.0,123.84975,123.0615,0.266618825,0.09797620375
742462799,20,8.25,0.7606404400388889,1.0,0.0,91.24645,82.77850000000001,0.2745102665,0.08315236685
742cced96,5,9.4,0.8195181274,1.0,0.0,119.87480000000001,120.484,0.29081935000000003,0.0669788422
74363ff2b,1,10.0,0.8746308519999999,1.0,0.0,115.196,115.196,0.31253362,0.021071801
7439df9c4,2,7.5,0.7602766893749999,1.0,0.0,175.794,175.794,0.30821825,0.08464886499999999
743b67b44,21,9.80952380952381,0.7708370556746031,1.0,0.0,157.75890476190474,158.84199999999998,0.20792697885714284,0.11121765889047619
7448f3165,8,9.25,0.7525874769513888,1.0,0.0,87.26,96.096,0.165592773125,0.09060277312500001
745facb3c,4,6.0,0.8091249614285714,1.0,0.0,167.73575,175.498,0.24090046250000002,0.0791005475
745fd19b8,3,8.333333333333334,0.753639787962963,1.0,0.0,108.05466666666666,116.44300000000001,0.22152384333333333,0.10051505399999999
746f52206,4,10.0,0.81541368875,1.0,0.0,92.0385,75.4305,0.197059375,0.102909296
746fb982c,4,9.25,0.7587114382708333,1.0,0.0,128.0275,101.4455,0.19798584,0.044603133749999996
747c82f83,9,9.0,0.7771389949272486,1.0,0.0,91.73655555555554,85.66,0.2706403615555556,0.09534806288888889
749afb385,1,10.0,0.844597622,1.0,0.0,157.648,157.648,0.13097726,0.048614558
74a9b9a9e,1,10.0,0.7885680089999999,1.0,0.0,141.20800000000003,141.20800000000003,0.07868307,0.004942768
74b73209e,4,9.0,0.75013677175,1.0,0.0,96.137,85.58,0.32440787,0.1679800675
74c7373bd,3,9.333333333333334,0.7477019602962963,1.0,0.0,145.007,157.491,0.18576908666666667,0.026106183666666668
74ca92e79,8,9.625,0.7852395786944445,1.0,0.0,68.135625,53.747499999999995,0.35176417875,0.0979550155
74cd0ff66,2,9.0,0.8037957659999999,1.0,0.0,126.9185,126.9185,0.235772475,0.061047518499999995
74d40e344,5,8.0,0.7817000242412698,1.0,0.0,73.23499999999999,83.331,0.254788306,0.07050685300000001
74e316be1,2,9.5,0.7304284893888889,1.0,0.0,103.67349999999999,103.67349999999999,0.2151813,0.093384775
74f15e0fd,1,8.0,0.77943236125,1.0,0.0,53.373,53.373,0.22059824,0.120035164
74fb03e51,4,9.75,0.7389338356388888,1.0,0.0,130.162,123.2285,0.15800811,0.06977559750000001
7509ed502,1,9.0,0.7703036477777778,1.0,0.0,120.96799999999999,120.96799999999999,0.493239,0.42725533
750f8baba,1,8.0,0.71393624625,1.0,0.0,159.88,159.88,0.24149048,0.23717451
751412a89,8,7.375,0.7712183836979167,1.0,0.0,172.709375,177.4915,0.28567060375000003,0.106565342625
752b2d9c5,4,10.0,0.79929726125,1.0,0.0,140.937,158.192,0.25044857,0.08506668149999999
75332917e,1,10.0,0.7630675950000001,1.0,0.0,86.75999999999999,86.75999999999999,0.17046322,0.041626845
7542076e8,4,8.5,0.7422192508055555,1.0,0.0,194.15675,192.7095,0.2272406625,0.19522929249999998
7559336dc,3,7.666666666666667,0.7473116806944445,1.0,0.0,97.82133333333333,118.97399999999999,0.22734340333333333,0.1332293873333333
755abaa79,1,10.0,0.747057402,1.0,0.0,50.461999999999996,50.461999999999996,0.13894285,0.16151203
755f10f8a,5,9.4,0.7368216404611111,1.0,0.0,33.559,22.598,0.158182976,0.0558936518
75642f3e5,7,9.571428571428571,0.7451376124761905,1.0,0.0,153.19285714285712,150.41699999999997,0.25308247142857143,0.11221480957142858
7564c7b62,4,9.5,0.7694648098124999,1.0,0.0,100.291,101.7635,0.2587041825,0.10247052375
756d92515,7,9.142857142857142,0.7365257332499999,0.8571428571428571,0.0,111.97642857142856,119.93,0.3132354628571429,0.09479708685714286
7575371db,4,8.25,0.735148127547619,1.0,0.0,137.58825,153.54999999999998,0.1616043925,0.1266882425
758a6def9,1,7.0,0.8154114471428571,1.0,0.0,247.0,247.0,0.46436876,0.18149497
7595f467b,3,10.0,0.7393682716666667,1.0,0.0,118.33699999999999,118.18299999999999,0.1913428633333333,0.02942536533333333
75a803430,5,9.6,0.7935038294500001,1.0,0.0,114.52000000000001,115.64099999999999,0.391080154,0.18269524939999998
75b726ba0,5,9.8,0.7757000947555556,1.0,0.0,45.16759999999999,49.538999999999994,0.294943994,0.106706988
75bbaa3fa,1,10.0,0.72204923,1.0,0.0,121.325,121.325,0.30736816,0.048316874
75bc667ae,8,9.625,0.7797815194513888,1.0,0.0,117.301375,102.53099999999999,0.25128305,0.099180539125
75bd3a017,2,10.0,0.7516535070000001,1.0,0.0,49.971000000000004,49.971000000000004,0.27601409,0.185846725
75bfbc825,2,10.0,0.771475146,1.0,0.0,137.93599999999998,137.93599999999998,0.18820915,0.039455427
75c84313d,2,10.0,0.7726604,1.0,0.0,178.197,178.197,0.298747795,0.13092020999999998
75e343c91,1,9.0,0.7406298444444445,1.0,0.0,151.097,151.097,0.36194032,0.22312795
75ee37fa5,1,9.0,0.7024829244444444,1.0,0.0,118.737,118.737,0.12145232,0.053141575
75f3c2e36,5,9.4,0.7684368507999999,1.0,0.0,71.618,53.248999999999995,0.25943909400000004,0.0633506648
75f3f26cd,4,9.25,0.7491128257361112,1.0,0.0,77.87125,68.3895,0.25386260125,0.036547298000000006
75f574b0a,8,9.25,0.78577213909375,1.0,0.0,134.91025,176.088,0.24559555375,0.0943244885
75f94bea0,3,9.666666666666666,0.7559413244074072,1.0,0.0,41.744,44.733,0.36916402,0.10961933166666667
75fa09239,2,9.0,0.762500086125,1.0,0.0,88.7675,88.7675,0.1555435,0.089458526
76017363e,1,9.0,0.7381891422222222,1.0,0.0,72.72200000000001,72.72200000000001,0.327611,0.08045315
76024f2ed,5,10.0,0.7789928772,1.0,0.0,162.5374,155.827,0.330997996,0.099947969
76042f693,8,10.0,0.830806367125,1.0,0.0,82.28049999999999,81.3535,0.2696543275,0.07346236237499999
760c7d8ac,3,10.0,0.7846801673333333,1.0,0.0,79.27033333333333,52.330999999999996,0.27079399666666665,0.06339598533333334
7611934a0,1,10.0,0.7890493889999999,1.0,0.0,118.84199999999998,118.84199999999998,0.25406465,0.031566974
761523328,5,9.0,0.7580188871777778,1.0,0.0,133.9654,118.934,0.250148744,0.10331797179999999
76288167b,4,10.0,0.77115102375,1.0,0.0,145.964,154.36699999999996,0.2107439925,0.05015859325
762a1ef1a,1,10.0,0.7723102020000001,1.0,0.0,20.723,20.723,0.13918912,0.0515026
763264fa2,8,8.875,0.79780918703125,1.0,0.0,102.71249999999999,116.935,0.28245970249999997,0.153977820125
76358e754,8,9.625,0.77933212575,0.875,0.0,101.4285,50.4875,0.2563568825,0.14646201925000002
764837930,16,7.6875,0.7490022266046628,0.875,0.0,141.893875,159.238,0.24085400125,0.1584582668125
7648e56db,5,9.4,0.7725571240857143,1.0,0.0,140.7418,147.709,0.29209082,0.0842731222
7650ed0f0,2,8.5,0.7299068152857142,1.0,0.0,25.284999999999997,25.284999999999997,0.6546393500000001,0.06550802
765bd139e,5,9.6,0.7730278661333333,1.0,0.0,46.7634,22.239,0.346357248,0.10116759319999999
766c2cd92,1,9.0,0.759908788888889,1.0,0.0,120.213,120.213,0.32005012,0.10986819
767a3b706,3,7.333333333333333,0.7280874843333334,1.0,0.0,157.85733333333334,160.356,0.27794114,0.141905748
7687b7da2,4,10.0,0.76147308575,0.75,0.0,57.445,48.215999999999994,0.2394711575,0.088509379
769579681,7,9.428571428571429,0.75080931475,1.0,0.0,125.27114285714285,152.44099999999997,0.26387114285714286,0.08924171285714286
76a045292,6,9.0,0.734711048861111,1.0,0.0,126.72766666666666,158.4315,0.3142778516666667,0.23075124733333333
76a063a20,9,9.333333333333334,0.7567081172151675,1.0,0.0,153.74055555555555,155.465,0.1988865377777778,0.10577656211111111
76aa06fb0,1,10.0,0.740813279,1.0,0.0,14.842999999999998,14.842999999999998,0.24857932,0.07983697
76b818bdb,2,10.0,0.8866328854999999,1.0,0.0,117.2585,117.2585,0.200597015,0.023283038
76c073021,5,9.8,0.8037350194888889,1.0,0.0,33.782999999999994,21.467,0.288040968,0.0898283332
76c194060,2,10.0,0.7742583345,1.0,0.0,241.255,241.255,0.4402644,0.22798749000000001
76c276834,2,8.5,0.7780835633571428,1.0,0.0,22.570999999999998,22.570999999999998,0.47320622,0.11355358500000001
76d3ef2a4,6,8.5,0.7385388214583334,0.8333333333333334,0.0,103.3795,100.5515,0.2901374666666667,0.15415077
76d5726c4,4,10.0,0.81478621575,1.0,0.0,61.31925,66.71549999999999,0.17138998,0.04076215725
76de48e98,5,9.8,0.7249312811777777,1.0,0.0,151.2616,188.249,0.24876002800000002,0.1432188712
76f668025,3,9.0,0.7925324621481481,1.0,0.0,158.60333333333332,192.582,0.32661339,0.15845277766666668
77014fe37,14,9.071428571428571,0.7302724774685375,1.0,0.0,95.17957142857142,83.699,0.2078157075,0.07064813214285715
77035285f,4,9.75,0.8008092385,1.0,0.0,71.68149999999999,35.3925,0.2738740175,0.086863464
771156bfd,1,10.0,0.772100051,1.0,0.0,25.999999999999996,25.999999999999996,0.32033598,0.09712105
7727b4dae,2,9.0,0.7659954761250001,1.0,0.0,103.7385,103.7385,0.36696472999999996,0.0901430875
773243cf2,3,9.666666666666666,0.7881361961851852,1.0,0.0,32.532000000000004,27.270999999999997,0.4146608333333333,0.18489345333333332
774289137,1,10.0,0.868266852,1.0,0.0,149.832,149.832,0.3595444,0.16475894
774bd5a80,5,9.4,0.8230559662944443,1.0,0.0,38.821600000000004,21.999999999999996,0.40730965,0.1353412228
774de959c,3,10.0,0.7490914076666666,1.0,0.0,84.58466666666666,79.601,0.20378858999999996,0.09222601866666667
7759517e2,1,10.0,0.809731408,1.0,0.0,226.914,226.914,0.2358138,0.08355184
776354931,2,8.0,0.7566201441666667,1.0,0.0,65.943,65.943,0.17403572,0.0224191865
776f7e340,3,10.0,0.7713712663333334,1.0,0.0,120.301,152.956,0.3397593966666667,0.10478154733333334
777f82721,5,7.8,0.8002078362611111,1.0,0.0,168.2346,186.527,0.472242742,0.1878942318
779bcf3fd,5,10.0,0.7977504626,1.0,0.0,141.23999999999998,155.35799999999998,0.212302332,0.11625043139999999
779d50e4f,1,10.0,0.768519636,1.0,0.0,51.491,51.491,0.19266933,0.09980923
77a6f71e8,3,10.0,0.8776805309999999,1.0,0.0,70.86166666666666,82.53299999999999,0.21018347999999998,0.06156398033333333
77a74852b,4,9.5,0.7507732263333333,1.0,0.0,111.55175,103.7715,0.26849247499999995,0.148131287
77b247a02,2,10.0,0.756583443,1.0,0.0,136.7825,136.7825,0.20208265,0.02251247635
77bb4ce3a,12,9.5,0.7633807800833333,1.0,0.0,92.97958333333332,100.262,0.1859224275,0.085110994775
77bff1468,1,9.0,0.7687256544444445,1.0,0.0,21.419999999999998,21.419999999999998,0.09920046,0.07195341
77c076881,1,7.0,0.8350877957142856,1.0,0.0,160.034,160.034,0.18043067,0.07698865
77c9c2e64,7,10.0,0.7867905378571429,1.0,0.0,106.19685714285713,117.332,0.22317979714285713,0.08624662614285715
77d38bd16,11,9.909090909090908,0.7487304624141413,1.0,0.0,116.04390909090908,85.549,0.2813744654545455,0.126383097
77d395a82,2,8.0,0.7605543673333334,1.0,0.0,16.997999999999998,16.997999999999998,0.5531628,0.22814679
77d4eba90,4,8.75,0.7708334565,1.0,0.0,34.41925,33.709,0.340910035,0.1885608125
77e679018,4,8.75,0.8000156900000001,1.0,0.0,92.66075,84.67349999999999,0.28679207,0.133449994
77f9b1470,5,9.4,0.7810080877428571,1.0,0.0,130.1058,161.55,0.220302228,0.032847727800000004
77fa5cdd7,1,10.0,0.739015819,1.0,0.0,86.12299999999999,86.12299999999999,0.18383816,0.04027811
7803e9e5d,5,8.8,0.77664648095,1.0,0.2,74.2932,80.538,0.24082058599999998,0.0423371138
780dff088,1,8.0,0.7945784412499999,1.0,0.0,156.397,156.397,0.2626791,0.05441119
7810092ba,3,7.333333333333333,0.7145538667142857,0.3333333333333333,0.0,103.13999999999999,55.245,0.21019888333333334,0.14813849633333334
7811bdd84,1,10.0,0.793135681,1.0,0.0,119.69299999999998,119.69299999999998,0.23993978,0.0751821
7821d724c,4,9.5,0.776572806625,1.0,0.0,120.37825,120.292,0.203518475,0.0375184895
7827eee65,2,10.0,0.7574436685,1.0,0.0,155.173,155.173,0.27500486,0.1529223
782eb0d9d,4,9.5,0.76702432625,1.0,0.0,41.95925,48.869,0.331534445,0.09162593725000001
78332e36f,5,8.8,0.75703336245,1.0,0.0,185.998,191.767,0.36437101,0.057031318
783a33f4c,16,8.3125,0.7444143535590277,0.9375,0.0,101.0720625,84.98849999999999,0.188538781375,0.08161354875
784d3319e,3,8.0,0.7659902584761905,1.0,0.0,150.49733333333333,153.48,0.2410330066666667,0.10069527833333335
784e466b1,4,9.75,0.7298700562222222,1.0,0.0,113.0045,106.54649999999998,0.2186906625,0.1348197895
784ec5ba3,1,9.0,0.7807685799999999,1.0,0.0,84.15899999999999,84.15899999999999,0.12051869,0.010145682
785150e60,4,10.0,0.735086358,1.0,0.0,153.787,153.53449999999998,0.2057487675,0.09604678025
785413d29,3,10.0,0.8388470456666667,1.0,0.0,120.55466666666666,120.38600000000001,0.20640417999999996,0.06977685133333333
78599649f,3,8.666666666666666,0.7842455623611112,0.6666666666666666,0.0,190.67633333333333,192.612,0.30769226,0.1391201333333333
785a95244,5,9.4,0.8152781617428572,1.0,0.0,100.61819999999999,99.82399999999998,0.0970673808,0.0460930658
78631549e,5,8.6,0.758968016504762,1.0,0.0,112.7326,117.44000000000001,0.266850322,0.0701246162
787a8c11d,5,8.4,0.7616324964222223,1.0,0.0,203.252,201.156,0.12723631119999998,0.0478786818
787f3055b,1,8.0,0.7380279325000001,1.0,0.0,20.526999999999997,20.526999999999997,0.20263319,0.06971905
788e8757d,3,10.0,0.6856558963333333,1.0,0.0,194.83233333333337,195.37,0.46967301666666667,0.08341649
788ea6e94,4,8.5,0.7898787376388888,0.75,0.0,134.88375000000002,161.42950000000002,0.31028324,0.174843794
789083f3a,3,10.0,0.827014188,1.0,0.0,144.48833333333332,124.229,0.3538353066666667,0.060814642333333335
78a99e7a9,13,9.538461538461538,0.8015099692692308,1.0,0.0,96.1186923076923,115.254,0.23890087961538461,0.09194221830769231
78ad8f1a2,5,9.4,0.7889869475333333,1.0,0.0,46.235,50.483999999999995,0.30103718599999996,0.128616024
78b07d4e0,1,10.0,0.759129906,1.0,0.0,12.173999999999998,12.173999999999998,0.17236191,0.079537004
78c3c7f21,9,8.777777777777779,0.7262221494166667,1.0,0.0,149.03333333333333,188.544,0.2647962933333333,0.12371372344444444
78cb569c6,4,9.75,0.7616436551666667,1.0,0.0,155.17449999999997,153.39749999999998,0.19586913,0.1529100275
78fd8ce0d,2,8.5,0.7397412594285715,1.0,0.0,67.27449999999999,67.27449999999999,0.259203405,0.134598615
79075eca4,2,9.5,0.7790308829444446,1.0,0.0,153.69849999999997,153.69849999999997,0.23229354,0.06395247800000001
790a68c0c,1,10.0,0.744505367,1.0,0.0,81.809,81.809,0.14612474,0.13578366
790e639ed,5,9.6,0.7555012256,1.0,0.0,158.63039999999998,161.671,0.29846103,0.0616892102
791e6dc19,1,10.0,0.801484301,1.0,0.0,155.751,155.751,0.17529209,0.052202567
792e8c192,2,10.0,0.788826532,1.0,0.0,22.141,22.141,0.20672963500000002,0.08450007
7930e4752,5,7.4,0.7600556891547618,1.0,0.0,104.8518,121.957,0.17843053920000002,0.07201735526
79318b69e,6,9.0,0.7938271211719576,1.0,0.0,43.396833333333326,25.081000000000003,0.30955007166666665,0.07943856466666667
793e89809,1,10.0,0.780129664,1.0,0.0,153.066,153.066,0.18526699,0.070151575
79420447a,5,9.8,0.7782984451555556,1.0,0.0,51.650999999999996,48.538,0.355342824,0.0569719038
794806010,4,10.0,0.78238021175,1.0,0.0,92.58324999999999,84.48349999999999,0.2202251225,0.06856639675
794a45833,1,10.0,0.8482714569999998,1.0,0.0,110.712,110.712,0.12774211,0.17805482
794c57f72,1,10.0,0.807464006,1.0,0.0,78.09700000000001,78.09700000000001,0.31212038,0.18174666
79531026f,3,10.0,0.76991197,1.0,0.0,177.76099999999997,187.7,0.23328750666666667,0.13346120266666664
7959e3491,10,8.9,0.7842214347694444,1.0,0.0,99.9965,98.82500000000002,0.289247374,0.0818765179
796382bf4,3,9.0,0.7356517247142857,1.0,0.0,196.80733333333333,199.231,0.23182678333333331,0.10851920366666667
7964fc4ad,5,10.0,0.765806615,1.0,0.0,116.07480000000001,121.468,0.243353068,0.06734304519999999
79669f807,1,10.0,0.840408751,1.0,0.0,197.06400000000002,197.06400000000002,0.13246106,0.026859503
796774834,4,9.75,0.7969001420555555,1.0,0.0,38.2405,35.5195,0.1302088165,0.08412976800000001
796cc971d,3,8.333333333333334,0.7501781337380953,1.0,0.0,76.12366666666668,51.314,0.30504306,0.16737094566666666
7977491da,2,10.0,0.8601893295,1.0,0.0,119.3795,119.3795,0.0875126735,0.028689850500000003
79786edcd,4,9.5,0.7575412483888889,1.0,0.0,92.90799999999999,82.98649999999999,0.190207875,0.116219131
79799da25,2,5.5,0.8186447916666666,1.0,0.0,173.72050000000002,173.72050000000002,0.183427485,0.0260928635
797bcabfd,2,9.5,0.7025118507222222,1.0,0.0,19.763499999999997,19.763499999999997,0.49780418000000004,0.167315875
7983db8d9,4,9.25,0.8010286192569444,1.0,0.0,86.85325,87.975,0.186943105,0.03867977375
7986a1870,4,9.25,0.7681766441071429,1.0,0.0,123.3765,122.614,0.2657054325,0.1406854945
7988bce47,3,9.666666666666666,0.7632970743703703,1.0,0.0,156.05066666666667,155.885,0.25741743666666667,0.07092887666666667
798a0cb05,1,10.0,0.7840232469999999,1.0,0.0,121.798,121.798,0.1257188,0.0054343482
798f4a1e4,3,9.333333333333334,0.7790024002222222,1.0,0.0,145.29433333333333,118.74,0.29561734666666667,0.18114811100000003
798fae45f,4,10.0,0.7676794302500001,1.0,0.0,151.58274999999998,179.04749999999996,0.1842826075,0.09000284175
7993a02ee,3,10.0,0.8375030846666666,1.0,0.0,33.934666666666665,27.848,0.29358756999999996,0.13557899266666668
7993d67e3,10,8.6,0.7808024132329365,0.9,0.0,108.32719999999999,110.81599999999999,0.275995439,0.1189459058
7998c5869,3,9.0,0.7485342228055556,1.0,0.0,129.70366666666666,120.04299999999999,0.15816904666666667,0.022193904333333334
799a41eba,3,7.666666666666667,0.7864830696031747,1.0,0.0,209.67466666666664,229.08799999999997,0.19825104333333332,0.115356195
799aad68b,4,9.25,0.78794147275,1.0,0.0,52.28575,51.5945,0.3554071525,0.11736906
799c6852c,1,10.0,0.749485526,1.0,0.0,49.0,49.0,0.56802917,0.25416234
799cbc9e1,5,9.6,0.7697517396444444,1.0,0.0,140.90640000000002,150.252,0.26754214800000004,0.1752827656
79a352e54,10,6.5,0.7849968909083334,1.0,0.0,137.2326,153.11899999999997,0.207366695,0.1526931272
79a6cc443,3,9.333333333333334,0.7605698814166667,1.0,0.0,76.75733333333334,80.72300000000001,0.16772705666666665,0.12475430666666666
79a9a7b05,5,9.6,0.7653321441333334,1.0,0.0,146.29379999999998,153.539,0.1504822288,0.0662115606
79ac40056,1,10.0,0.7649881460000001,1.0,0.0,60.56699999999999,60.56699999999999,0.13252845,0.08187985
79ad78fc4,5,9.0,0.7635994974444444,1.0,0.0,126.76679999999999,122.145,0.205679802,0.0160166528
79b439763,1,10.0,0.8388181869999999,1.0,0.0,83.342,83.342,0.14735408,0.108169876
79b514f79,1,6.0,0.7052217116666667,1.0,0.0,150.572,150.572,0.5520333,0.24222152
79bf5eb37,6,9.666666666666666,0.7777348960833333,1.0,0.0,125.80483333333332,120.28649999999999,0.21707512083333333,0.121480932
79d1b0215,3,7.0,0.7411563174074075,0.6666666666666666,0.0,96.223,117.93900000000001,0.16617769000000002,0.050454193
79d5a2615,1,10.0,0.9060036109999998,1.0,0.0,86.233,86.233,0.20468087,0.16996184
79e5de9a7,1,8.0,0.6765369075,1.0,0.0,51.407,51.407,0.22920993,0.08167506
79ef1fd27,7,9.142857142857142,0.7769239098367346,1.0,0.0,116.97642857142857,155.34,0.29258515714285716,0.0740980832857143
79f358573,4,8.75,0.781016839923611,1.0,0.0,104.71674999999999,84.6065,0.5761898825,0.1246531385
79f8b048f,2,8.5,0.7600783072142858,1.0,0.0,159.23749999999998,159.23749999999998,0.17591462000000002,0.027374757
7a12a494f,9,9.666666666666666,0.7405928412685185,1.0,0.0,58.07344444444444,48.129,0.3274922144444445,0.09700066022222223
7a1d75edd,1,10.0,0.8394920539999999,1.0,0.0,197.338,197.338,0.33819553,0.050034687
7a1f83080,5,10.0,0.8082063174,1.0,0.0,52.9654,25.877,0.245034214,0.10925723979999999
7a23819c1,3,9.0,0.8178995596296296,1.0,0.0,119.56066666666668,152.689,0.2573204666666667,0.16410038666666668
7a23bdbdc,3,10.0,0.733024733,1.0,0.0,143.5493333333333,154.212,0.21173696,0.08391143633333335
7a2cadc09,3,10.0,0.7967682566666667,1.0,0.0,180.33199999999997,194.10899999999998,0.22867118,0.08518325633333335
7a2ea6461,4,9.5,0.75353424225,1.0,0.0,131.14075,101.8245,0.289826835,0.10473174500000001
7a31d17c7,1,10.0,0.759957117,1.0,0.0,140.584,140.584,0.6371293,0.35423172
7a5091ca2,7,9.428571428571429,0.7682625665714287,1.0,0.0,111.78999999999999,115.587,0.2585060185714286,0.05992528528571429
7a54b760e,3,9.333333333333334,0.7175907233333335,1.0,0.0,57.44466666666667,80.697,0.5170711166666666,0.20398330333333334
7a59ae5ed,1,8.0,0.8366411175,1.0,0.0,80.511,80.511,0.118652925,0.012421956
7a5b854f0,2,10.0,0.7188631285,1.0,0.0,123.579,123.579,0.26828968,0.09570047615
7a6a9aace,4,9.25,0.7800633793055556,1.0,0.0,92.18299999999999,85.99699999999999,0.1996450925,0.130125345
7a6bc9e55,5,10.0,0.7294577412000001,1.0,0.0,155.2138,194.654,0.311664912,0.0766247884
7a7153881,1,10.0,0.765492681,1.0,0.0,115.328,115.328,0.16176432,0.030470386
7a7277559,1,10.0,0.7452697340000001,1.0,0.0,121.028,121.028,0.1888651,0.23109607
7a785a607,1,10.0,0.745514421,1.0,0.0,155.90800000000002,155.90800000000002,0.13686444,0.12521678
7a84326ff,1,8.0,0.7931689012500001,1.0,0.0,240.654,240.654,0.26142973,0.030528251
7a875ef01,3,9.0,0.8065806332380951,1.0,0.0,204.88199999999998,192.756,0.2555615253333334,0.06808360266666667
7a87da606,5,10.0,0.778814209,1.0,0.0,111.6962,88.69999999999999,0.242201718,0.0821193202
7a8fc4913,1,9.0,0.7825249077777777,1.0,0.0,158.69099999999997,158.69099999999997,0.18556915,0.023759972
7a9ca7419,5,9.8,0.7757859517111111,1.0,0.0,84.28099999999999,80.387,0.320684682,0.17291015999999998
7aa682539,14,9.071428571428571,0.787215101438492,1.0,0.0,138.398,153.05649999999997,0.25326503142857143,0.11386158271428572
7aae61018,16,8.25,0.7477732450739087,1.0,0.0,125.3556875,130.80249999999998,0.23660068,0.1327803598125
7abf263f7,1,9.0,0.7156430888888888,1.0,0.0,26.68,26.68,0.33236575,0.094934694
7ac66a1c2,1,10.0,0.828595079,1.0,0.0,194.668,194.668,0.15343732,0.017684108
7adb5f44c,3,8.333333333333334,0.7755332039999999,1.0,0.0,21.042333333333332,22.517,0.49704881333333334,0.15797670900000002
7adf54516,7,8.428571428571429,0.735151184510204,0.8571428571428571,0.0,44.27842857142857,51.832,0.39367059428571427,0.16232365942857144
7ae269152,3,9.0,0.78404920775,1.0,0.0,42.781666666666666,26.113999999999997,0.14659569,0.052042506999999995
7aef49fb2,4,10.0,0.784369973,1.0,0.0,92.457,83.376,0.19303852,0.088476495
7af35cc82,5,9.8,0.7583582590444444,1.0,0.0,143.2686,123.815,0.289203902,0.166497548
7af7d9cb6,4,8.0,0.7380974016428572,1.0,0.0,173.7695,175.6755,0.3605529075,0.1646377485
7b052d37d,19,9.68421052631579,0.7651586229172933,1.0,0.0,120.18331578947367,151.56199999999998,0.31526329157894734,0.15909698326315788
7b0d325d8,11,9.0,0.7928663172503607,1.0,0.0,167.1737272727273,158.586,0.2899180163636364,0.19881446454545457
7b1211e80,2,8.5,0.7157206804166667,1.0,0.0,83.5625,83.5625,0.344565165,0.073837477
7b22d0224,2,10.0,0.8354793779999999,1.0,0.0,137.62649999999996,137.62649999999996,0.25021974,0.161030182
7b25498d6,6,9.833333333333334,0.7439918801851851,1.0,0.0,143.80083333333334,154.85899999999998,0.29659267500000003,0.141572769
7b3332622,5,9.6,0.7572050990222221,1.0,0.0,147.9508,147.78199999999998,0.23059764600000002,0.1282775604
7b36167be,4,10.0,0.85813746575,1.0,0.0,93.783,102.83850000000001,0.24859387500000002,0.1082800785
7b4ff27b3,2,10.0,0.7555008265,1.0,0.0,89.921,89.921,0.19711464,0.0508825305
7b5bee232,5,9.2,0.7899611065000001,1.0,0.0,127.20660000000001,123.497,0.191793682,0.0458229264
7b60f948e,2,10.0,0.735712063,1.0,0.0,194.557,194.557,0.30696181,0.0707604
7b6f894a1,1,10.0,0.804491297,1.0,0.0,53.038999999999994,53.038999999999994,0.3522483,0.115417965
7b6ffc0a1,2,10.0,0.7961279244999999,1.0,0.0,172.3345,172.3345,0.31229037,0.038761706
7b79e52f0,2,8.5,0.7844876537142857,1.0,0.0,212.3795,212.3795,0.30243298,0.126040585
7b81592b9,1,10.0,0.817919596,1.0,0.0,123.392,123.392,0.24908267,0.24731183
7b858c084,3,9.0,0.7698402731851851,1.0,0.0,107.532,86.273,0.28301279333333335,0.05851185566666667
7b8924342,2,8.5,0.7356123298571429,1.0,0.0,146.142,146.142,0.243120015,0.062608394
7b8a09f2d,5,10.0,0.8291253822,1.0,0.0,174.8542,164.452,0.21127653400000002,0.05874089340000001
7b8d76961,1,10.0,0.761042457,1.0,0.0,86.244,86.244,0.35167214,0.24644467
7b9b65bde,8,9.75,0.8054310438611111,1.0,0.0,44.174125,24.3915,0.130382438375,0.08971806475
7b9cc47f0,4,8.5,0.7765965946924602,1.0,0.0,81.12,50.875499999999995,0.3363263875,0.25437053249999997
7b9cd9253,1,7.0,0.7506062342857144,1.0,0.0,103.15,103.15,0.20514305,0.023149906
7ba2a5c50,2,10.0,0.8064947939999998,1.0,0.0,195.34199999999998,195.34199999999998,0.3140198,0.07863822
7ba9cb4a0,4,7.0,0.7986258447916668,1.0,0.0,99.84125,71.478,0.32292258,0.12582090525
7bce76c66,3,10.0,0.8340709786666666,1.0,0.0,129.78833333333333,119.238,0.4105491766666666,0.15762621133333332
7be394a98,2,9.5,0.7885899885000001,1.0,0.0,19.7365,19.7365,0.25485114,0.137140135
7beccedcb,5,9.4,0.7872034310857143,1.0,0.0,74.1242,50.13999999999999,0.162661856,0.119626894
7bfe2d68f,5,9.0,0.8051313694444444,1.0,0.0,98.856,84.917,0.27164626599999997,0.10610475000000001
7bfe95866,4,10.0,0.78467164425,1.0,0.0,110.0585,117.23349999999999,0.2849044125,0.11962365575
7c139389d,1,10.0,0.739698815,1.0,0.0,225.303,225.303,0.22191617,0.09334183
7c17de5f6,3,10.0,0.7837276233333332,1.0,0.0,20.108999999999998,20.185,0.3712519,0.12690801333333332
7c1f20f6e,1,9.0,0.7229343188888888,1.0,0.0,154.696,154.696,0.10745102,0.013354145
7c3423bab,1,10.0,0.7630675950000001,1.0,0.0,86.75999999999999,86.75999999999999,0.17046322,0.041626845
7c37095b6,3,10.0,0.7492252446666665,1.0,0.0,99.70499999999998,80.71699999999998,0.24989226333333334,0.040106706666666665
7c542e43e,2,10.0,0.7324330205,1.0,0.0,89.1095,89.1095,0.150219975,0.100416237
7c559dedd,4,9.0,0.7506176623402778,1.0,0.0,111.25375,117.92099999999998,0.19764898250000001,0.0566783815
7c5a912a5,4,7.25,0.8035043467380952,1.0,0.0,145.8335,132.882,0.33351007,0.08751596725
7c6cc4bba,1,9.0,0.7464063244444444,1.0,0.0,119.50399999999999,119.50399999999999,0.18638611,0.091657996
7c787403c,2,9.5,0.8144407021111111,1.0,0.0,156.843,156.843,0.23084171,0.0586917565
7c82670f8,3,10.0,0.863698387,1.0,0.0,119.20299999999997,80.35099999999998,0.4008083633333333,0.1855995633333333
7c9dc0791,14,8.785714285714286,0.7609604915586735,1.0,0.0,125.65442857142855,116.01899999999999,0.22512197571428572,0.07969748642857143
7c9e28902,4,10.0,0.80114210625,1.0,0.0,121.63225,119.5405,0.3875799425,0.27809573325
7c9fdd0ca,1,10.0,0.794241011,1.0,0.0,158.26199999999997,158.26199999999997,0.21075155,0.19223188
7ca780c35,2,9.5,0.7226136530555556,1.0,0.0,56.0765,56.0765,0.272606775,0.139694718
7ca7983b5,2,7.5,0.7614955846428572,1.0,0.0,85.3035,85.3035,0.29236591,0.056603835
7cbe52a0f,2,10.0,0.7715845640000001,1.0,0.0,161.0515,161.0515,0.277300635,0.041516821499999995
7cbf39f49,1,9.0,0.7293938133333334,1.0,0.0,21.865,21.865,0.19621047,0.051690634
7cc9b21fd,2,10.0,0.7404132125,1.0,0.0,24.1035,24.1035,0.5931725800000001,0.073211076
7cd4ec150,2,10.0,0.725915598,1.0,0.0,71.5605,71.5605,0.397496215,0.086909615
7cd5e5195,3,9.0,0.7635610922685186,1.0,0.0,88.70266666666667,46.919,0.31945178,0.1329246993333333
7cd898f38,9,9.555555555555555,0.7578054238333334,0.8888888888888888,0.0,151.33244444444443,159.816,0.38029824222222225,0.09728622533333334
7cf37c7e2,5,10.0,0.8056106326,1.0,0.0,178.2276,191.281,0.41777544200000005,0.050295042400000003
7cf995ca4,1,10.0,0.8064936890000001,1.0,0.0,154.23999999999998,154.23999999999998,0.28286746,0.07367045
7cfaaa67a,3,9.666666666666666,0.7549272655185185,0.6666666666666666,0.0,169.9226666666667,157.75300000000001,0.34226339,0.12856166566666666
7d028bdea,4,9.5,0.7823693918611111,1.0,0.0,111.29025,119.366,0.201173295,0.034556018
7d0367e19,1,10.0,0.749198195,1.0,0.0,122.39,122.39,0.35340232,0.038931955
7d0aedfb3,1,9.0,0.7355470288888889,1.0,0.0,79.913,79.913,0.3231193,0.10052779
7d0fcdd6d,1,10.0,0.7400346609999999,1.0,0.0,121.837,121.837,0.32607254,0.11177593
7d1030b42,2,10.0,0.756037166,1.0,0.0,173.17799999999997,173.17799999999997,0.262688605,0.069025325
7d1d7a4f6,5,9.2,0.78376650955,1.0,0.0,68.1874,22.337999999999997,0.23653302800000003,0.0352351902
7d25ac957,2,7.0,0.7547869425,0.5,0.0,25.264000000000003,25.264000000000003,0.29523526,0.0956035375
7d2e1dd01,1,10.0,0.7762437039999999,1.0,0.0,83.048,83.048,0.34944978,0.12348248
7d3dd49c5,3,7.666666666666667,0.7611840332142856,1.0,0.0,194.31466666666665,191.94,0.29949624,0.074297189
7d4f585b5,5,8.8,0.7816170493,1.0,0.0,49.263999999999996,21.885999999999996,0.338152486,0.17824787400000003
7d4fceffc,2,10.0,0.8351808865,1.0,0.0,83.97399999999999,83.97399999999999,0.22131411499999998,0.045525495
7d6847fba,1,10.0,0.76702683,1.0,0.0,118.452,118.452,0.18717721,0.23336405
7d6d03de2,2,9.5,0.7403124582777778,1.0,0.0,20.355999999999998,20.355999999999998,0.42106509,0.355282365
7d73574ed,3,8.666666666666666,0.75645766925,1.0,0.0,130.94366666666667,153.683,0.23411173666666665,0.032151299
7d7eef3d3,4,8.5,0.7460141943174603,1.0,0.0,159.0095,167.415,0.14554776,0.0535138245
7d86df9b0,4,9.25,0.7513608554097222,1.0,0.0,104.72999999999999,117.475,0.4199721875,0.117629283
7d8ffca23,5,7.6,0.7368243589404762,1.0,0.0,169.29160000000002,187.95600000000002,0.370948956,0.17818023
7d930d08c,7,10.0,0.7894683614285715,1.0,0.0,161.8712857142857,187.80499999999998,0.22749331,0.17862098114285715
7da9d50b1,2,10.0,0.748570233,1.0,0.0,21.8155,21.8155,0.4321986,0.14063032
7dac377c6,1,10.0,0.826415513,1.0,0.0,89.621,89.621,0.3371136,0.076858364
7db48c47a,3,8.666666666666666,0.7792071842222222,1.0,0.0,20.638,20.261,0.43867248666666664,0.13213691
7dc33902f,1,10.0,0.7313318739999999,1.0,0.0,79.971,79.971,0.24632682,0.055763178
7dcbe3383,10,9.5,0.7449155586333334,1.0,0.0,104.4509,85.81099999999999,0.2649624815,0.1285998384
7dd6704a1,2,10.0,0.7276163844999999,1.0,0.0,173.7465,173.7465,0.27287168500000003,0.07121806
7ddc32b12,1,10.0,0.788784774,1.0,0.0,84.316,84.316,0.115114555,0.15163301
7ddf00d90,2,9.5,0.7844696461666667,1.0,0.0,100.17249999999999,100.17249999999999,0.195835635,0.05447451
7de2f688b,4,9.0,0.7639693744305556,1.0,0.0,70.1875,51.430499999999995,0.22219553,0.04699112925
7df56218d,5,9.8,0.7996981117777778,1.0,0.0,96.3318,111.661,0.260533642,0.08309394880000001
7dfa4e393,2,10.0,0.7929063605000001,1.0,0.0,158.9865,158.9865,0.31624019000000003,0.09429755000000001
7e29d5a9d,1,9.0,0.781633381111111,1.0,0.0,20.157,20.157,0.59989387,0.101654276
7e2ce5b3e,6,8.5,0.7165235672592593,1.0,0.0,155.665,159.593,0.20081021833333335,0.133035608
7e3607e1f,1,10.0,0.8585469339999999,1.0,0.0,247.337,247.337,0.18175495,0.25240636
7e3680561,1,10.0,0.747853385,1.0,0.0,82.773,82.773,0.20592052,0.14408602
7e3c6f81d,1,10.0,0.825538233,1.0,0.0,50.99999999999999,50.99999999999999,0.24117039,0.08604319
7e3d0e3f0,3,6.333333333333333,0.7554698091666666,1.0,0.0,84.216,13.142,0.15122195666666668,0.10435013166666667
7e43a342a,5,9.8,0.7698768141333333,1.0,0.0,44.32379999999999,47.346,0.47664977999999997,0.26062406
7e43ebd6c,3,10.0,0.8018855773333334,1.0,0.0,124.82599999999998,161.271,0.5874437966666667,0.30178778866666667
7e48ad81b,5,10.0,0.7932255306,1.0,0.0,162.203,150.04799999999997,0.3413651,0.125522842
7e4ac998c,2,9.0,0.768397377625,1.0,0.0,91.16549999999998,91.16549999999998,0.32228742499999996,0.1540797525
7e6385ded,2,7.5,0.7800954430555556,1.0,0.0,154.89249999999998,154.89249999999998,0.23092469999999998,0.073488988
7e681c7eb,5,8.6,0.78510380435,1.0,0.0,106.43139999999998,71.60799999999999,0.23173462000000003,0.0609262762
7e6d7cbb3,1,10.0,0.856563822,1.0,0.0,89.786,89.786,0.276769,0.047021333
7e704dadb,5,7.4,0.7877929065,1.0,0.0,105.1134,116.78799999999998,0.234479084,0.153115675
7e8bab7a5,5,9.2,0.8145359868,1.0,0.0,101.8284,53.391,0.24276961479999998,0.1267832854
7e8c5d816,5,10.0,0.7903297346,1.0,0.0,70.50399999999999,53.639,0.27102701799999995,0.16176029600000003
7ea357093,4,10.0,0.776544611,1.0,0.0,71.8785,36.577,0.41971616,0.1988208625
7ebdfc3b7,2,10.0,0.7534811884999999,1.0,0.0,26.239999999999995,26.239999999999995,0.31659859,0.120343165
7ecaa8636,1,10.0,0.8227719259999999,1.0,0.0,51.641,51.641,0.37403324,0.13917793
7ecd54695,5,9.4,0.7676190206777778,1.0,0.0,105.6988,84.586,0.30041473,0.079548492
7ed1216f9,6,9.833333333333334,0.7619636314444445,1.0,0.0,58.847833333333334,53.07149999999999,0.25819381,0.1723371035
7ed14130d,2,6.0,0.7767909991666667,1.0,0.0,107.934,107.934,0.177995755,0.186119643
7ed3e206a,5,9.4,0.7706465407333334,1.0,0.0,112.0812,112.62499999999999,0.2631103,0.0885843124
7ed568ab9,1,10.0,0.807673354,1.0,0.0,47.809999999999995,47.809999999999995,0.41199917,0.20518433
7ef23b94f,1,10.0,0.7936095329999999,1.0,0.0,193.43900000000002,193.43900000000002,0.2759147,0.25629345
7efb36b65,7,9.857142857142858,0.7654054574285715,1.0,0.0,76.067,47.544999999999995,0.21239782714285713,0.08651702057142859
7efce4735,1,7.0,0.78803961,1.0,0.0,86.05399999999999,86.05399999999999,0.3008736,0.024577167
7eff2bd81,4,10.0,0.7517111515,1.0,0.0,54.75225,54.212999999999994,0.2990842925,0.2135153425
7f33563b9,3,10.0,0.7796553146666666,1.0,0.0,53.13433333333334,50.164,0.22231589333333335,0.09530003733333332
7f352f8dc,3,10.0,0.8188753033333334,1.0,0.0,93.41699999999999,86.45,0.3216341233333333,0.08525345533333334
7f3f14a72,1,10.0,0.7231096220000001,1.0,0.0,148.732,148.732,0.454029,0.09638554
7f40cce5f,6,8.0,0.7508310273809523,1.0,0.0,193.9608333333333,198.83749999999998,0.269145215,0.087151401
7f4e5c2a0,6,8.333333333333334,0.7315562337546296,0.8333333333333334,0.0,90.54616666666668,83.5125,0.2635933383333333,0.07104265333333333
7f4fb6f7e,7,8.428571428571429,0.7626044832239229,1.0,0.0,105.94614285714285,118.777,0.2328821142857143,0.13616768214285715
7f51a7e88,6,9.833333333333334,0.7666327280925925,1.0,0.0,53.85533333333333,53.75099999999999,0.17737843966666667,0.04636374083333333
7f5233804,4,7.75,0.7568816461666666,0.75,0.0,89.30474999999998,85.33349999999999,0.260111565,0.1066991375
7f5e7cf4a,3,10.0,0.8036459716666666,1.0,0.0,23.043333333333333,22.983,0.3282257333333333,0.06579823533333333
7f6cdf26b,1,10.0,0.7624247819999999,1.0,0.0,39.373,39.373,0.07934636,0.003995951
7f74af51f,2,10.0,0.8355465155,1.0,0.0,175.712,175.712,0.379428875,0.069372183
7f78266ab,3,9.666666666666666,0.7608148411111112,1.0,0.0,72.976,54.783,0.21151107333333333,0.08029829833333334
7f7e9db52,7,7.285714285714286,0.7820859380323129,1.0,0.0,51.70385714285714,49.396,0.36534782285714285,0.11227203399999999
7f8955f6a,4,10.0,0.79024279575,1.0,0.0,111.22025000000001,108.1055,0.21717170500000002,0.10959637150000001
7f8f45a35,1,10.0,0.729207089,1.0,0.0,200.65399999999997,200.65399999999997,0.27699405,0.30887964
7fa3ab674,4,8.75,0.7609147949305556,1.0,0.0,137.32524999999998,120.4255,0.20922690375,0.0425006135
7fab3c124,1,10.0,0.7724932000000001,1.0,0.0,250.99999999999997,250.99999999999997,0.57215804,0.3288059
7fab9b8f3,1,7.0,0.8217187857142856,1.0,0.0,79.255,79.255,0.11985972,0.008929204
7fb135352,1,9.0,0.758442951111111,1.0,0.0,150.388,150.388,0.33287594,0.25156087
7fb5c3b87,1,10.0,0.851336195,1.0,0.0,120.379,120.379,0.32899788,0.08498092
7fd7b7583,8,8.0,0.7341157752043651,0.875,0.0,137.26075,120.1755,0.19590235875,0.085660616875
7fe0a86f8,5,9.8,0.7535540611777778,1.0,0.0,92.34819999999999,85.06099999999999,0.29239565,0.1068223228
7ff979d3a,3,5.0,0.7728426616666667,0.6666666666666666,0.0,85.07733333333333,82.09299999999999,0.1677998066666667,0.05867143666666667
80034deb8,2,10.0,0.772600819,1.0,0.0,141.696,141.696,0.27405784,0.18743906300000002
8009b7ac8,7,9.714285714285714,0.7537240333571429,1.0,0.0,168.1982857142857,161.60399999999998,0.27151652857142855,0.12058371685714285
800a7c025,1,10.0,0.7736879580000001,1.0,0.0,47.972,47.972,0.2625569,0.1687374
8010a808c,1,7.0,0.8074476642857142,1.0,0.0,79.63,79.63,0.16374561,0.034859523
8019d0c63,3,7.666666666666667,0.7653310106666668,1.0,0.0,95.88,86.10199999999999,0.2740575533333333,0.06604423533333333
80255c391,4,7.0,0.7796901071428571,1.0,0.0,100.3365,100.3365,0.230519255,0.0852534575
802a18435,3,9.333333333333334,0.8583525448333335,1.0,0.0,48.249,47.669000000000004,0.33795718,0.11533178333333334
802b1f331,5,9.6,0.7748867268499999,1.0,0.0,113.391,119.158,0.238748066,0.1081642414
8039a31ae,4,9.0,0.7675204188125,1.0,0.0,171.12374999999997,169.4355,0.3213127225,0.04629185775
803c3b444,1,7.0,0.79017404,1.0,0.0,23.701,23.701,0.48332113,0.038122546
8044a4f7e,3,9.666666666666666,0.7703208908518518,1.0,0.0,233.83799999999997,233.80499999999998,0.4633713033333333,0.054210433
804c6c78d,1,9.0,0.7041430211111112,1.0,0.0,156.635,156.635,0.16851877,0.105802946
804d08f42,5,8.4,0.7812320106277777,1.0,0.0,52.974199999999996,52.256,0.294631222,0.0985814232
804e56f9b,4,10.0,0.8740078695,1.0,0.0,148.54975,154.6795,0.2650096975,0.0834998775
8054aad26,4,7.0,0.6905469186875,1.0,0.0,177.4025,193.832,0.321209105,0.11340409775
805dcae38,2,10.0,0.7440699855000001,1.0,0.0,24.668,24.668,0.655708615,0.40721470000000004
8063090ec,2,10.0,0.7659959965,1.0,0.0,81.1725,81.1725,0.147887735,0.1151938155
8071fcc9c,3,8.333333333333334,0.6627684829999999,0.3333333333333333,0.0,118.44999999999999,116.18599999999999,0.2886495433333333,0.10765633426666667
8079e3a1c,9,9.88888888888889,0.7962478485185185,1.0,0.0,98.99433333333333,93.31499999999998,0.22845070177777782,0.06201131266666667
807ba246d,1,10.0,0.7552227210000001,1.0,0.0,50.202999999999996,50.202999999999996,0.18626232,0.017950052
807e3b981,4,9.5,0.7357497410277778,1.0,0.0,166.125,158.0245,0.2570061975,0.053611689500000004
807ea3b72,2,8.0,0.7577164952380953,1.0,0.0,176.1615,176.1615,0.168022955,0.091111819
809ca8efd,6,9.0,0.7723739892380953,1.0,0.0,143.50883333333334,152.90050000000002,0.306101065,0.08222717933333333
80a2e14af,5,9.6,0.7779443309999999,1.0,0.0,45.714600000000004,47.897000000000006,0.2588584548,0.11087409
80aca536a,2,8.5,0.7781359605555557,1.0,0.0,199.503,199.503,0.26853943999999996,0.145739393
80b137b2a,2,10.0,0.7941445785,1.0,0.0,45.2205,45.2205,0.41438955,0.25523469
80bbb481b,4,10.0,0.75130050575,1.0,0.0,75.991,65.9825,0.2033567225,0.07093305750000001
80bf7a371,2,10.0,0.7336866230000001,1.0,0.0,233.1635,233.1635,0.19644843,0.185316957
80cedf6b9,7,9.571428571428571,0.7800014755510204,1.0,0.0,121.37614285714285,118.35499999999998,0.30134243857142856,0.077700275
80e8288c9,5,10.0,0.8348773678000001,0.8,0.0,134.0982,123.616,0.350143351,0.19643329439999999
80ebea85c,5,10.0,0.7498151064,1.0,0.0,110.43119999999999,84.454,0.25319714600000004,0.0603556744
80f1863b8,3,10.0,0.7482623923333334,1.0,0.0,80.26266666666668,20.886000000000003,0.4235820266666666,0.08745561
80fcac43d,28,9.5,0.7945989034880953,1.0,0.0,61.659,47.9655,0.3726399317857143,0.176255569
80fcb8392,5,10.0,0.764640081,1.0,0.0,97.8256,112.15299999999999,0.364486672,0.16034358399999998
80fd005d2,3,8.666666666666666,0.7420706185555556,1.0,0.0,144.20033333333333,122.89699999999999,0.33140692666666666,0.09133307566666665
8100c2485,3,8.666666666666666,0.7912293503240742,1.0,0.0,121.01933333333334,118.342,0.23091152666666667,0.07839846766666667
81015c1aa,5,9.4,0.7808667677777777,1.0,0.0,98.896,81.577,0.26273933,0.1156954576
8102d6dc7,1,10.0,0.720520229,1.0,0.0,81.658,81.658,0.25849938,0.17681235
8106b5f6f,1,10.0,0.7657390919999999,1.0,0.0,117.72899999999998,117.72899999999998,0.17751984,0.042056885
81075b785,5,10.0,0.762970967,1.0,0.0,136.9236,142.02700000000002,0.248170162,0.0653795918
8111713a2,3,10.0,0.7729354173333335,1.0,0.0,27.004333333333335,26.358999999999998,0.25613258,0.13698156333333333
8111f6d4a,1,10.0,0.746130791,1.0,0.0,84.27600000000001,84.27600000000001,0.16152972,0.06422464
8132fabfd,11,9.909090909090908,0.801542852949495,1.0,0.0,169.81199999999998,153.738,0.23010588454545455,0.12327555700000001
813658b4b,1,10.0,0.823554699,1.0,0.0,230.017,230.017,0.22156791,0.23818626
813db4d5a,5,9.2,0.7257874752055555,1.0,0.0,129.65699999999998,121.31,0.1746556372,0.09492527879999998
8140d2734,1,10.0,0.7596261610000001,1.0,0.0,90.934,90.934,0.31464714,0.14996742
8143d5d0c,2,10.0,0.7429908080000001,1.0,0.0,116.60899999999998,116.60899999999998,0.16678083500000002,0.041623309
814740bc3,1,10.0,0.806256938,1.0,0.0,78.61399999999999,78.61399999999999,0.1975787,0.13040246
815f4cc08,3,9.666666666666666,0.6998888594074074,1.0,0.0,114.95833333333333,75.693,0.23813815333333332,0.13826220233333333
816005a03,1,10.0,0.736681179,1.0,0.0,63.669,63.669,0.1753579,0.064169265
816112569,5,9.6,0.73500761985,1.0,0.0,155.2558,176.716,0.148669128,0.03811037120000001
81614060c,6,9.833333333333334,0.7741895851296295,1.0,0.0,21.601166666666668,22.236999999999995,0.25294042666666666,0.11840912083333333
81670cf7e,3,9.333333333333334,0.7676105395833334,1.0,0.0,58.011,27.526999999999997,0.25252476333333335,0.07251125166666667
8167f58bb,1,7.0,0.7938181542857142,1.0,0.0,198.14499999999998,198.14499999999998,0.22255725,0.13345791
818b12621,9,10.0,0.7786687148888889,1.0,0.0,100.07233333333333,114.031,0.29308709,0.11910773888888888
818cf6f02,3,10.0,0.7545638093333333,1.0,0.0,117.30533333333334,111.264,0.16059505333333332,0.033497083000000004
81a176a02,2,10.0,0.7562410694999999,1.0,0.0,98.67949999999999,98.67949999999999,0.511942585,0.09157127999999999
81c442177,2,7.5,0.7602934355000001,1.0,0.0,112.99099999999999,112.99099999999999,0.24534231,0.043400971
81c4d25d6,5,9.8,0.7711348096444445,1.0,0.0,48.737399999999994,22.925,0.37183263,0.126049256
81d38d5ec,3,9.666666666666666,0.774374509037037,1.0,0.0,110.78833333333331,111.19599999999998,0.32654306666666666,0.13157590666666666
81d404558,2,9.0,0.76543954525,1.0,0.0,138.861,138.861,0.305577665,0.18201526499999998
81d82bda3,5,9.6,0.7563727847000001,1.0,0.0,194.5606,198.43900000000002,0.33910353400000004,0.123012916
81d97fa9f,2,10.0,0.750632194,1.0,0.0,116.4265,116.4265,0.29221649,0.09888870100000001
81da09ea9,5,10.0,0.7568187488,1.0,0.0,107.1132,110.96600000000001,0.26267343,0.14543878100000002
81ea0e01a,7,10.0,0.7602676925714286,1.0,0.0,95.43542857142857,51.596,0.21553614142857144,0.11405220257142856
81efac010,3,9.666666666666666,0.7372932820740741,1.0,0.0,56.059,26.441,0.24765001666666667,0.091133635
81f1d4d5c,2,9.5,0.7263737670555556,1.0,0.0,129.326,129.326,0.203985965,0.0246718525
82137b39f,3,8.666666666666666,0.7392502805449735,0.6666666666666666,0.0,48.62,48.153,0.36841669000000005,0.11412779333333334
822193428,6,10.0,0.7566407173333335,1.0,0.0,147.14983333333333,141.91400000000002,0.20106249666666667,0.09206152283333334
8229b256e,4,9.25,0.7700546368263889,1.0,0.0,124.92775,116.17949999999999,0.18004265,0.05686350925
822b31b85,1,10.0,0.747861295,1.0,0.0,116.34899999999999,116.34899999999999,0.23833013,0.11309334
82563b26e,1,10.0,0.7249586559999999,1.0,0.0,194.76,194.76,0.50537884,0.11699832
827ac9a9f,1,10.0,0.805266871,1.0,0.0,119.811,119.811,0.30479565,0.03503295
828ac8371,2,10.0,0.8284156224999999,1.0,0.0,138.43249999999998,138.43249999999998,0.31000916,0.103042885
828f0e616,11,9.545454545454545,0.7664577443636363,1.0,0.0,55.16863636363637,25.0,0.3450264294545455,0.16801867354545455
828f48390,3,8.666666666666666,0.7376534456931217,1.0,0.0,133.786,151.618,0.17958888666666664,0.08948221733333334
82905a82e,3,9.333333333333334,0.7852253548333333,1.0,0.0,132.423,121.14499999999998,0.17235893333333333,0.06862064866666667
829ba7bfc,6,9.5,0.7500301869444445,1.0,0.0,122.56833333333333,147.653,0.185554484,0.10512776183333333
829ea64cc,4,10.0,0.8131482244999999,1.0,0.0,179.5995,212.772,0.2583688275,0.08487040125
82a97cd8d,1,10.0,0.7118625419999999,1.0,0.0,159.91299999999998,159.91299999999998,0.15537405,0.032175854
82aa52460,1,10.0,0.7849292099999999,1.0,0.0,194.42999999999998,194.42999999999998,0.120288774,0.15197133
82ab0ebbd,2,6.5,0.7145248561904761,1.0,0.0,83.848,83.848,0.22399343,0.090790845
82c51a95a,1,10.0,0.8841034349999999,1.0,0.0,26.282,26.282,0.24421035,0.03997572
82c90e313,5,10.0,0.773236091,1.0,0.0,159.3472,194.725,0.253381662,0.09323621
82db604c8,5,10.0,0.7988777276,1.0,0.0,41.1262,51.738,0.243231778,0.1831455208
82dd5838f,3,9.0,0.7619945760000001,0.6666666666666666,0.0,119.46466666666667,92.15799999999999,0.23697523333333334,0.085983103
82e86dcbb,3,10.0,0.7943020026666666,1.0,0.0,158.36066666666667,188.283,0.26416424666666666,0.09758388466666668
82ea3883e,9,9.333333333333334,0.7946652808024691,1.0,0.0,155.26822222222222,194.57999999999998,0.2269421322222222,0.11207622866666668
82ee2f3e9,3,9.0,0.8077297621428571,1.0,0.0,168.05933333333334,156.054,0.15528085,0.06318036183333332
82f95b703,1,9.0,0.785620698888889,1.0,0.0,84.38099999999999,84.38099999999999,0.1536618,0.02900983
8300e943e,1,10.0,0.750249805,1.0,0.0,154.347,154.347,0.14227903,0.10812755
830b62870,22,9.0,0.7685213162821067,0.9545454545454546,0.0,121.44286363636364,118.4285,0.2075801343181818,0.0913672192590909
8310e47df,3,10.0,0.7684930373333333,1.0,0.0,157.79666666666665,158.84199999999998,0.33379202333333335,0.19986742833333335
8311f29c4,1,9.0,0.6980528755555555,1.0,0.0,18.566,18.566,0.48943383,0.24183832
832110a99,9,8.444444444444445,0.7588805011018519,1.0,0.0,151.25266666666664,154.036,0.3348212333333333,0.11433245688888889
8328ec7f4,1,10.0,0.811619956,1.0,0.0,21.342000000000002,21.342000000000002,0.8341858,0.18322928
8335d65e0,1,10.0,0.8047404229999999,1.0,0.0,91.054,91.054,0.119623385,0.009805718
833c51fd2,4,9.5,0.7815986376249999,1.0,0.0,151.619,138.3795,0.33021145,0.12595399499999999
83502a253,1,10.0,0.868319048,1.0,0.0,200.91199999999998,200.91199999999998,0.2311361,0.031044051
836b6e6f3,2,9.0,0.749206973875,1.0,0.0,99.68350000000001,99.68350000000001,0.33916479,0.317040565
83703d7e0,2,8.0,0.7496052921666667,1.0,0.0,137.665,137.665,0.283599695,0.069261447
8378c8af1,4,9.5,0.7732525228125,1.0,0.0,60.2705,50.754999999999995,0.14591389125,0.103906521
838b5c426,1,8.0,0.7378498925000001,1.0,0.0,149.778,149.778,0.4174994,0.12986495
838c5c399,1,8.0,0.770375975,1.0,0.0,193.017,193.017,0.43243417,0.045525495
8390dbef8,1,8.0,0.76695868375,1.0,0.0,186.79,186.79,0.1165147,0.015983803
839404d8c,4,10.0,0.85984436875,1.0,0.0,156.98,155.4495,0.27991497249999997,0.13452010399999997
83976eb62,7,9.428571428571429,0.7623116946547619,1.0,0.0,97.11014285714286,84.55499999999999,0.25625781142857146,0.11404141428571428
839aa5fd0,6,9.833333333333334,0.7823397373333334,1.0,0.0,106.53283333333333,97.6155,0.2939097133333333,0.068544931
83b2fae5e,4,9.25,0.7771618147291667,1.0,0.0,149.06099999999998,154.744,0.2646278875,0.19514917875
83b705aaa,6,9.833333333333334,0.7700644462777778,0.8333333333333334,0.0,117.59483333333333,119.92500000000001,0.18493604500000002,0.10239623483333332
83d36f269,6,9.833333333333334,0.7435960834444444,1.0,0.0,157.30233333333334,153.7455,0.251077901,0.0985807615
83defd365,5,9.4,0.8245931564111111,1.0,0.0,120.2764,121.41,0.212820192,0.10140822999999999
83dff4077,5,10.0,0.7922986678,1.0,0.0,49.102199999999996,27.176,0.37778573,0.1167186952
84057a73d,2,7.0,0.7916572771428572,1.0,0.0,121.207,121.207,0.21523058,0.1347121095
840fbaeba,3,10.0,0.7796643686666668,1.0,0.0,209.21533333333332,196.96699999999998,0.27446712,0.06691245133333333
841bcd63f,2,10.0,0.770589075,1.0,0.0,154.7405,154.7405,0.29453592,0.10908775400000001
8420d063a,2,10.0,0.786249837,1.0,0.0,160.564,160.564,0.245476935,0.045980222
8421c66e6,3,8.0,0.7673100174761904,1.0,0.0,118.21433333333333,152.34799999999998,0.18112897000000003,0.062137371
842528c2a,6,9.833333333333334,0.7952879047037037,1.0,0.0,159.00216666666665,158.68849999999998,0.3807010083333333,0.20580922166666668
8425c2a48,3,10.0,0.748731873,1.0,0.0,91.84933333333333,82.194,0.25975039333333333,0.056067839333333334
842c9622d,5,9.6,0.7501222472444444,1.0,0.0,142.9082,162.63699999999997,0.28822316200000003,0.153156434
8435e081c,2,10.0,0.752990679,1.0,0.0,79.155,79.155,0.33963662,0.07960458
843738a2a,1,6.0,0.8172092816666666,1.0,0.0,21.010999999999996,21.010999999999996,0.2997503,0.02049485
843910e74,4,9.0,0.7458678489999999,1.0,0.0,58.83849999999999,51.62699999999999,0.30810385500000004,0.135873215
843d24f0a,3,8.666666666666666,0.821869785074074,1.0,0.0,192.15133333333333,192.087,0.21843640666666667,0.054677683899999996
843f45598,9,9.0,0.7913400222469136,1.0,0.0,186.60699999999997,192.009,0.28164028555555554,0.09748718455555555
844dfd2b4,4,9.25,0.7600790831736111,1.0,0.0,96.79675,89.916,0.2548566175,0.130012325
846ca7805,24,8.791666666666666,0.7352007935590278,1.0,0.0,32.561416666666666,20.668999999999997,0.4776549970833333,0.11220833745833332
846e720dc,10,9.8,0.7658285944666667,1.0,0.0,114.98140000000001,118.0035,0.258025322,0.198625426
847a8b31d,1,10.0,0.77137137,1.0,0.0,151.022,151.022,0.26522323,0.01323494
8483b2161,3,10.0,0.7431321883333334,1.0,0.0,142.31733333333332,151.60399999999998,0.37782874333333333,0.18037699566666668
848c1d759,1,10.0,0.8121756149999999,1.0,0.0,184.54399999999998,184.54399999999998,0.61867845,0.14446756
8491fa23b,2,7.0,0.8008230033333333,1.0,0.0,84.1805,84.1805,0.13629534,0.0466141415
84998166f,1,10.0,0.720752816,1.0,0.0,242.854,242.854,0.24282248,0.11458954
84b297843,1,10.0,0.80951287,1.0,0.0,118.24499999999999,118.24499999999999,0.29908445,0.17312735
84c1afe03,2,9.5,0.7436175346111111,1.0,0.0,20.5955,20.5955,0.62307302,0.149453693
84ce5f32b,9,9.88888888888889,0.7649605263827159,1.0,0.0,105.94266666666665,121.02199999999999,0.2686181088888889,0.09130150044444445
84d1eb4ab,5,9.6,0.7685359072666667,1.0,0.0,73.593,50.424,0.286811716,0.092367939
84d7ac922,1,9.0,0.7684596955555556,1.0,0.0,19.087999999999997,19.087999999999997,0.29765472,0.16783847
84e146ba6,2,10.0,0.7842105195000001,1.0,0.0,23.3455,23.3455,0.33845216,0.123872702
84e1e59d5,24,9.541666666666666,0.7706280345324075,1.0,0.0,157.961375,186.54399999999998,0.3351127191666667,0.10625425845833335
84efe95e8,4,7.5,0.7499722378571428,1.0,0.0,136.903,137.3825,0.361579325,0.14843775
84fbd99d9,29,9.517241379310345,0.7740043731091955,1.0,0.0,131.37117241379312,146.936,0.3249023527586207,0.12903524651724138
85078bc71,2,9.0,0.8178554888888889,1.0,0.0,238.59799999999998,238.59799999999998,0.18720877,0.1898211
8507df043,5,9.8,0.7832586364888889,1.0,0.0,113.01399999999998,121.392,0.24935972399999998,0.0505456576
85094deda,3,10.0,0.792385132,1.0,0.0,87.103,86.80399999999999,0.22349353333333333,0.07798514899999999
850a43f90,3,9.666666666666666,0.775335285925926,1.0,0.0,65.60033333333334,21.68,0.26234382,0.11511953166666666
850cb2e50,2,10.0,0.7878555405,1.0,0.0,101.4025,101.4025,0.18312868999999998,0.138893715
851302ab1,3,10.0,0.7552808293333334,1.0,0.0,88.09333333333332,53.91799999999999,0.160485008,0.05061402766666667
85188cb67,1,10.0,0.7050091930000001,1.0,0.0,152.76500000000001,152.76500000000001,0.19397356,0.015610848
8526200d3,3,10.0,0.7109803633333334,1.0,0.0,168.2363333333333,157.27299999999997,0.18696417666666668,0.14281147133333333
8528b3d49,3,8.333333333333334,0.7270669507619049,1.0,0.0,194.19266666666667,193.794,0.37847643666666664,0.088133641
85327438d,24,8.166666666666666,0.7619711382194114,1.0,0.0,110.09116666666667,97.2825,0.246393765,0.151500830625
8538f4aa1,4,7.0,0.7341764721428571,1.0,0.0,138.21225,132.797,0.140051945,0.0235887095
854319675,7,8.571428571428571,0.7916376987380953,1.0,0.0,102.80585714285714,116.67899999999999,0.1932991442857143,0.09546567885714285
854edf08f,6,10.0,0.8101726548333333,1.0,0.0,71.98716666666665,51.851,0.27018322166666664,0.16482334883333333
8563bddec,2,9.0,0.739665002375,1.0,0.0,120.1105,120.1105,0.201073855,0.0757428965
8573077f3,2,10.0,0.774123912,1.0,0.0,192.3315,192.3315,0.49782523,0.13497224800000002
858854bb5,3,8.333333333333334,0.7196792383333334,0.6666666666666666,0.0,76.06599999999999,81.318,0.3269540166666667,0.16224419
859426703,2,10.0,0.8127167259999999,1.0,0.0,35.704,35.704,0.38924760999999997,0.177946285
85952663a,2,10.0,0.760584803,1.0,0.0,155.7025,155.7025,0.276710455,0.249598495
8599dc67a,1,10.0,0.87290899,1.0,0.0,51.897,51.897,0.6515633,0.17925358
859b1b236,8,8.0,0.7687509891388888,1.0,0.0,99.05899999999998,118.25549999999998,0.20098222500000001,0.0705041745875
859b2a95b,3,10.0,0.747506714,1.0,0.0,168.53633333333335,191.245,0.3872765633333333,0.08820658866666665
85a0bad4f,2,10.0,0.8283960035,1.0,0.0,22.927,22.927,0.74346617,0.42475825
85a79f281,1,10.0,0.7723163749999999,1.0,0.0,15.771999999999998,15.771999999999998,0.4803642,0.22760935
85b57bb1e,1,10.0,0.7564602239999999,1.0,0.0,47.178999999999995,47.178999999999995,0.3161359,0.08695344
85c4e7a41,4,9.75,0.7697737445277778,1.0,0.0,128.36825,132.6115,0.2396980525,0.0648196335
85c65d28b,5,10.0,0.861535533,1.0,0.0,163.9922,188.768,0.48585471799999996,0.17566103800000002
85d242c14,5,9.2,0.7034800392888888,1.0,0.0,89.79400000000001,116.658,0.346823094,0.085877492
85ed50b25,1,10.0,0.754330151,1.0,0.0,13.803999999999998,13.803999999999998,0.22749639,0.06997919
85f63b533,3,9.0,0.7717379476666667,1.0,0.0,44.099999999999994,25.381,0.4013961666666666,0.16891765133333334
85fd5df90,2,9.0,0.7405707933333334,1.0,0.0,13.378499999999999,13.378499999999999,0.34867321,0.355055475
85ff0f493,2,9.0,0.7533226391249999,1.0,0.0,120.75299999999999,120.75299999999999,0.26381365,0.159704835
861c903b6,2,9.0,0.74755531175,1.0,0.0,154.8995,154.8995,0.24190602,0.13040912500000001
861d65847,10,10.0,0.7616812228,1.0,0.0,69.7618,25.4165,0.255470339,0.13554457074999998
86228db7e,30,8.966666666666667,0.7573500085943121,0.9666666666666667,0.0,49.16176666666667,22.820500000000003,0.484901411,0.18858189359666666
8623ecf43,5,9.2,0.7665326066349206,1.0,0.0,151.8942,195.697,0.231113556,0.0895247964
863262193,2,8.0,0.7512795146031745,1.0,0.0,81.00200000000001,81.00200000000001,0.34223131500000004,0.208982665
8632f7132,2,8.0,0.7972769526190476,1.0,0.0,108.449,108.449,0.09674145,0.012475775299999999
863738ca1,1,10.0,0.773708293,1.0,0.0,83.536,83.536,0.22034681,0.043184184
86379f12f,1,10.0,0.8483867829999999,1.0,0.0,156.669,156.669,0.23476952,0.05468833
86386b0c0,5,10.0,0.752673487,1.0,0.0,27.5394,22.022,0.6716082999999999,0.20172705
863947277,3,10.0,0.7427562673333333,1.0,0.0,97.28666666666665,120.29499999999999,0.15734824,0.05939993166666666
8648922dd,1,10.0,0.791778815,1.0,0.0,54.565999999999995,54.565999999999995,0.19990881,0.16575721
86547ad6d,5,7.0,0.7149896449222222,0.8,0.0,35.333999999999996,19.256,0.367720892,0.168031408
8655a46ed,3,6.333333333333333,0.8095867465714286,1.0,0.0,127.89333333333333,120.82600000000001,0.24703344666666668,0.10342236199999999
865619d53,1,7.0,0.8013073814285715,1.0,0.0,121.30499999999999,121.30499999999999,0.16990213,0.119536944
865ee6652,6,8.333333333333334,0.7634654370496032,1.0,0.0,140.5315,139.039,0.18713391166666668,0.07297426483333333
8660ad37b,4,7.5,0.7423553906696428,1.0,0.0,149.3835,157.315,0.176353421,0.0449179065
86629a3ee,2,9.0,0.7382151177777778,1.0,0.0,158.34699999999998,158.34699999999998,0.115955286,0.0069372184
867057e77,15,8.733333333333333,0.7764845625775133,1.0,0.0,112.44699999999999,120.49099999999999,0.23690793266666665,0.12936887342666667
8670bd551,5,9.6,0.7533721651999999,1.0,0.0,114.37179999999998,123.42699999999999,0.203519044,0.05408214099999999
867308404,3,9.333333333333334,0.7845488030833333,1.0,0.0,144.26966666666667,155.789,0.10553155733333335,0.06954561166666666
8685546cb,1,8.0,0.7733996025000001,1.0,0.0,119.00099999999999,119.00099999999999,0.21065138,0.063418336
8685a0b1c,1,9.0,0.8022785033333334,1.0,0.0,84.218,84.218,0.5292504,0.10518557
8693c4e7f,2,7.5,0.7669659508035713,1.0,0.0,138.0105,138.0105,0.12262001,0.0418286055
869a1634e,14,9.857142857142858,0.81086672475,1.0,0.0,52.32357142857143,49.695499999999996,0.20119251614285716,0.055376493785714284
86aeb2732,3,9.0,0.7865260802962962,1.0,0.0,132.33033333333333,153.805,0.22524129333333334,0.107209971
86bf33207,2,10.0,0.7443449384999999,1.0,0.0,176.5435,176.5435,0.211928315,0.33433229999999997
86c131c22,4,9.0,0.7711592734761905,1.0,0.0,100.53299999999999,82.708,0.235545815,0.1559067535
86c35033b,6,9.5,0.8428728471435184,1.0,0.0,70.687,65.7775,0.5143697833333333,0.23570508999999998
86c412966,2,8.5,0.7731070332142858,0.5,0.0,184.095,184.095,0.5248877700000001,0.147199095
86ce90970,7,9.571428571428571,0.8034008240198413,1.0,0.0,105.35242857142858,117.92499999999998,0.21630551285714286,0.04936398428571429
86d02f6a8,2,9.5,0.8087571424444444,1.0,0.0,35.672,35.672,0.18080488500000003,0.137096772
86d203b94,3,10.0,0.7932419203333335,1.0,0.0,124.28266666666666,81.61099999999999,0.121510465,0.07230176566666667
86d20d7e4,2,10.0,0.7796743415,1.0,0.0,204.54500000000002,204.54500000000002,0.223569945,0.0278216675
86d87d5f7,2,9.0,0.756287647875,1.0,0.0,49.424499999999995,49.424499999999995,0.47412829,0.115192605
86dec16a3,1,10.0,0.793724327,1.0,0.0,51.08,51.08,0.34997535,0.1064863
86ea9dda0,4,9.25,0.7683038706527778,1.0,0.0,167.09125,192.913,0.2675307925,0.1185982485
86f40e2b4,1,10.0,0.7524519470000001,1.0,0.0,198.474,198.474,0.14397463,0.16387597
86f41cec9,4,9.25,0.7457156682361111,1.0,0.0,161.974,197.9185,0.28436319,0.20656883925
86f4297b4,5,9.4,0.7866818444,1.0,0.0,82.4666,85.05,0.33699692400000003,0.17917888799999998
86f7b4013,5,9.6,0.7974605137,1.0,0.0,137.62199999999999,124.749,0.22642552999999999,0.045182663
86fe4ed68,9,9.666666666666666,0.755814232654321,1.0,0.0,150.4808888888889,153.413,0.33552884888888884,0.267208014
86ff8539d,3,10.0,0.8176937263333333,1.0,0.0,171.11666666666665,191.837,0.2060375133333333,0.028626242
8705145ca,10,9.1,0.7558237808392857,1.0,0.0,127.26230000000001,117.798,0.1948710536,0.1131386325
87074d17f,2,10.0,0.7739569215,1.0,0.0,117.616,117.616,0.332483105,0.107688003
870d3b2aa,1,10.0,0.7430266569999999,1.0,0.0,57.742999999999995,57.742999999999995,0.26145875,0.1338016
870e5566b,7,9.857142857142858,0.7556015064761904,1.0,0.0,202.558,216.959,0.149815108,0.05600564911428572
870e7158b,3,8.0,0.7643047174444444,1.0,0.0,180.26766666666663,200.17299999999997,0.5088277133333333,0.14362563666666667
8717133d3,4,6.75,0.7616972011011905,1.0,0.0,123.39224999999999,122.49349999999998,0.20762012000000002,0.10129489794999999
871a00e21,1,10.0,0.782388362,1.0,0.0,24.744,24.744,0.3197099,0.071046114
871ca78ab,3,10.0,0.7994740340000001,1.0,0.0,158.50566666666666,159.259,0.33834675333333336,0.21814661000000002
872317673,2,7.0,0.8117662242857142,1.0,0.0,177.393,177.393,0.18870812,0.165972955
87520e2c9,3,9.333333333333334,0.7848415160000001,1.0,0.0,138.648,156.457,0.20133306666666664,0.048771067
87554ea1f,2,8.5,0.7761296269444444,1.0,0.0,143.3025,143.3025,0.301193655,0.052983005
87613aee1,4,9.25,0.8132707055357142,1.0,0.0,130.278,138.2705,0.23237331249999998,0.09433855625
87615b2c6,1,10.0,0.7281044799999999,1.0,0.0,54.733,54.733,0.26774403,0.054955233
876453f9d,3,10.0,0.8126881783333334,1.0,0.0,109.41199999999998,119.95099999999998,0.16239950666666667,0.02432986666666667
876dd37df,1,5.0,0.712058858,1.0,0.0,187.28099999999998,187.28099999999998,0.38066643,0.02924958
8773f250c,9,9.777777777777779,0.7992713309166667,1.0,0.0,60.57544444444444,50.239,0.26218374177777776,0.12322716188888888
878214747,2,9.0,0.7270441999999999,1.0,0.0,103.09700000000001,103.09700000000001,0.117485795,0.061914669799999995
878e36da4,3,8.333333333333334,0.7771421665185185,1.0,0.0,73.74433333333333,82.11,0.174291345,0.038183605333333336
879c40dfa,5,8.4,0.7923730246611111,1.0,0.0,12.309000000000001,8.245,0.61128354,0.26971904599999996
87a16f3fb,5,9.6,0.7658064134,1.0,0.0,104.0124,73.00599999999999,0.21041553799999999,0.0750229936
87a37261b,9,10.0,0.7978537327777778,1.0,0.0,34.85955555555555,27.701,0.6264766688888889,0.3126246388888889
87a3ef269,2,10.0,0.818913585,1.0,0.0,53.0845,53.0845,0.16707947,0.057311020000000004
87a679d31,1,10.0,0.742493114,1.0,0.0,114.51199999999999,114.51199999999999,0.21896128,0.069468915
87aff0121,9,9.333333333333334,0.7791067978571429,1.0,0.0,185.66577777777778,192.905,0.2755125422222222,0.12244821177777777
87b60f563,4,9.25,0.7438935233263889,1.0,0.0,176.56225,176.766,0.1446252075,0.110196644
87b715441,1,10.0,0.720804304,1.0,0.0,77.66299999999998,77.66299999999998,0.4167739,0.03748102
87bdcbcdd,4,8.0,0.7183844959970238,1.0,0.0,85.449,51.5745,0.22919444,0.123451611
87c19915b,3,10.0,0.8047885273333333,1.0,0.0,43.358666666666664,25.028,0.44567922666666665,0.18906232999999997
87cf6fd3d,2,10.0,0.768645061,1.0,0.0,25.951,25.951,0.43708109,0.10931690399999999
87e6807c7,3,8.0,0.7930049428611111,1.0,0.0,31.655999999999995,29.195999999999998,0.24868310000000002,0.058888642
87ef4d3ca,1,10.0,0.805301712,1.0,0.0,51.464999999999996,51.464999999999996,0.21269812,0.074228235
87f4ea65f,2,10.0,0.82079634,1.0,0.0,26.676499999999997,26.676499999999997,0.2599021,0.17829456999999999
87fa5c42b,3,9.333333333333334,0.7659258102222223,1.0,0.0,163.79266666666666,151.499,0.18571115333333332,0.07826380233333333
88030e16e,5,10.0,0.7188642086,1.0,0.0,186.438,193.811,0.14668730000000002,0.0660770024
8803fb1c2,8,8.875,0.7578390752142857,1.0,0.0,72.62375,21.473499999999998,0.44423537750000003,0.18613927600000002
880a0ac07,3,9.0,0.7633741714537038,1.0,0.0,88.10366666666665,48.66,0.130046478,0.036622731666666665
8813e5e4d,2,9.0,0.748435525875,1.0,0.0,99.5625,99.5625,0.28262326000000004,0.11671869500000001
881580d4b,1,10.0,0.786276978,1.0,0.0,51.532999999999994,51.532999999999994,0.17751347,0.07813042
881aefbb9,13,9.23076923076923,0.7634105706153846,1.0,0.0,119.19476923076923,117.50099999999998,0.2993606176923077,0.11959900769230769
882021db6,1,9.0,0.7698797811111111,1.0,0.0,161.418,161.418,0.19349441,0.024214817
8837fcacc,3,7.0,0.7995558284021164,1.0,0.0,25.851333333333333,25.652,0.27356659,0.16887756
883e7d058,5,10.0,0.7505103108,1.0,0.0,112.4248,114.091,0.199652594,0.07045080000000001
88448bdc5,1,10.0,0.774263602,1.0,0.0,80.868,80.868,0.20119934,0.078528225
88487194e,1,10.0,0.789723871,1.0,0.0,24.185,24.185,0.27143723,0.1903364
8849d3fe9,5,9.6,0.7942066210000001,1.0,0.0,73.49519999999998,54.82099999999999,0.27771694,0.0981616394
884b9a6ec,2,10.0,0.8256986225,1.0,0.0,81.9135,81.9135,0.30614502499999996,0.120230662
8867faa98,2,10.0,0.808531363,1.0,0.0,200.8765,200.8765,0.279845615,0.1079277565
886d23c56,5,10.0,0.8569200112,1.0,0.0,139.82940000000002,191.64000000000001,0.360046232,0.169119674
886debfe8,5,7.6,0.787545972618254,1.0,0.0,156.762,151.769,0.22188023920000002,0.12048269999999998
887b5144a,4,8.75,0.7176132199166667,1.0,0.0,157.28074999999998,158.3365,0.365403275,0.06981236625
888c22eb5,8,9.875,0.7647122591111111,1.0,0.0,34.092625,25.9025,0.26062780125,0.068170767
889ae00e3,2,10.0,0.7894502985,1.0,0.0,189.8965,189.8965,0.267814885,0.0746696475
88a5b8318,1,9.0,0.7159886700000001,1.0,0.0,21.843,21.843,0.22946557,0.1920251
88ac92eed,4,9.5,0.722867789875,1.0,0.0,134.53525,135.82299999999998,0.201087345,0.0488423505
88b60278f,12,9.083333333333334,0.7813350110833333,1.0,0.0,152.641,158.0215,0.1961028225,0.09057991425
88bc9864c,3,9.333333333333334,0.7872108090833333,1.0,0.0,63.63066666666666,54.701,0.1746701833333333,0.01904067433333333
88bffd281,19,9.894736842105264,0.7668408305263158,1.0,0.0,102.3627894736842,116.38999999999999,0.22745203757894736,0.08030172336842105
88c0e21d1,3,9.666666666666666,0.7676429679629629,1.0,0.0,193.047,190.364,0.4779666166666667,0.39689922333333333
88c193102,5,8.4,0.7651808218968253,1.0,0.0,99.90239999999999,85.822,0.293315302,0.10076018499999999
88cc9be30,1,10.0,0.784359088,1.0,0.0,24.925,24.925,0.21095136,0.05887964
88cdc9a60,23,7.565217391304348,0.7328717594278814,0.9130434782608695,0.0,112.20004347826088,115.11800000000001,0.22113428347826086,0.06402784717391304
88db34068,3,9.666666666666666,0.7462394924444444,1.0,0.0,184.61433333333332,226.152,0.24131722333333336,0.06256991766666667
88dbaffe0,1,7.0,0.8587200528571428,1.0,0.0,95.243,95.243,0.08394887,0.01998441
88e2d97b2,8,9.75,0.8101540369027778,1.0,0.0,136.03549999999998,122.6935,0.28463076,0.107028268125
88edfa259,1,7.0,0.7566043442857142,1.0,0.0,89.906,89.906,0.20123543,0.29751995
88f79f7ee,3,9.333333333333334,0.7513557025000001,1.0,0.0,84.01833333333333,85.41999999999999,0.47521870000000005,0.24202219666666666
88fa13291,4,9.5,0.803309417,1.0,0.0,28.843749999999996,21.97,0.19869713,0.075962538
890127ff5,14,8.5,0.7595166752970522,1.0,0.0,129.73621428571428,118.645,0.22762755857142855,0.11400574878571428
890dc359d,4,10.0,0.74727653575,1.0,0.0,138.0205,137.437,0.16614463000000002,0.0672523025
8910e2c01,8,9.25,0.76158705521875,1.0,0.0,99.27112499999998,102.7575,0.21212266625,0.13280657875000001
8910ea0f4,4,9.75,0.7782850006944445,1.0,0.0,128.52274999999997,116.18799999999999,0.35618579499999997,0.1216397875
8913e5b27,5,9.8,0.7515952497555556,1.0,0.0,112.069,43.942,0.20973158,0.10280216960000002
8940dfe55,12,10.0,0.7648836736666667,1.0,0.0,32.197,29.082,0.36115551250000005,0.10460534649999999
894d76b65,2,10.0,0.834799149,1.0,0.0,14.155999999999999,14.155999999999999,0.50444208,0.17425932
89523a695,2,10.0,0.7530417735,1.0,0.0,51.498,51.498,0.32863853,0.17839861499999998
895d8c870,4,9.0,0.7664233994166667,1.0,0.0,143.3965,120.85499999999999,0.2518043275,0.08915956525
896bb46bd,4,10.0,0.8231339747499999,1.0,0.0,175.08875,175.961,0.3063003725,0.11510029499999999
896e733b5,6,9.833333333333334,0.7707474831666667,1.0,0.0,93.97233333333332,84.109,0.20147337899999998,0.10713689900000001
89788a8fd,4,8.25,0.7893626860357144,1.0,0.0,162.88375,172.0315,0.2248763425,0.1243118275
89792afe0,5,8.4,0.7536454258,1.0,0.0,172.9014,194.21300000000002,0.22776717,0.14294204459999998
897e065bd,4,8.75,0.7508357265892858,1.0,0.0,214.325,231.80949999999999,0.220172915,0.07216516625
897fde926,5,9.6,0.7368143069555556,1.0,0.0,124.681,118.868,0.33585661,0.08485444639999999
8988d22a5,4,8.75,0.7846408828125,1.0,0.0,203.13925,208.8735,0.20619325,0.10939243
899859c9b,7,10.0,0.7328402494285714,1.0,0.0,153.32014285714286,153.549,0.31522731285714284,0.07347257342857143
89a396d79,2,8.5,0.7208236588194444,1.0,0.0,161.8675,161.8675,0.35600996,0.057304007500000004
89a6620e3,3,10.0,0.8217389713333333,1.0,0.0,61.91,52.19199999999999,0.38229784333333333,0.17717598666666667
89ba257e1,3,10.0,0.7663400893333333,1.0,0.0,120.979,119.947,0.17185862666666665,0.05861949333333333
89bac4c29,1,10.0,0.7259169440000001,1.0,0.0,196.261,196.261,0.29594922,0.06867846
89bc4559f,5,10.0,0.7615081946,1.0,0.0,134.055,147.39100000000002,0.1654138392,0.09312086879999999
89bdd90b8,3,9.666666666666666,0.8058085431851851,1.0,0.0,179.79366666666667,192.147,0.25405838,0.028844595
89bec6af3,8,10.0,0.82377989975,1.0,0.0,200.77675,198.1625,0.376818345,0.1719208115
89c28aad0,4,9.25,0.7627044267847223,1.0,0.0,108.70124999999999,96.49249999999999,0.239223655,0.14289139075
89c7be602,2,10.0,0.7160068205000001,1.0,0.0,118.2685,118.2685,0.28079146499999996,0.1000559425
89c980093,1,10.0,0.750484322,1.0,0.0,51.951,51.951,0.2575188,0.05256451
89d4cef63,1,10.0,0.7533576039999998,1.0,0.0,20.668999999999997,20.668999999999997,0.21669024,0.071626775
89d80665a,4,9.25,0.7680463587777777,1.0,0.0,120.95824999999999,122.15199999999999,0.2771336925,0.043639438249999996
89dd8e9e9,6,9.333333333333334,0.7827575889444445,1.0,0.0,133.1928333333333,154.569,0.2684295266666667,0.09510626183333333
89f229ee8,4,7.5,0.7122019857638888,0.75,0.0,39.38,27.058500000000002,0.20864612,0.05552941475
89fd79488,1,10.0,0.80113077,1.0,0.0,53.086999999999996,53.086999999999996,0.667364,0.15989454
8a01ffaa7,1,10.0,0.7046961119999999,1.0,0.0,121.904,121.904,0.320272,0.2187655
8a030b8f0,1,10.0,0.736846156,1.0,0.0,195.93,195.93,0.24912572,0.050187804
8a04b2403,10,9.9,0.7743973281888888,1.0,0.0,105.144,97.92949999999999,0.281718989,0.1410336446
8a0a8eec0,3,6.0,0.8016422094444445,1.0,0.0,95.98,84.413,0.21505603666666664,0.11736389133333332
8a0cfdd56,2,10.0,0.822294942,1.0,0.0,52.324,52.324,0.247741295,0.132804682
8a302ccba,1,10.0,0.7708991519999999,1.0,0.0,149.001,149.001,0.30653596,0.03004748
8a38740d1,3,10.0,0.8405981603333332,1.0,0.0,52.947333333333326,51.409,0.19727871,0.050005779666666667
8a3bb842e,2,9.5,0.765680678388889,1.0,0.0,90.40350000000001,90.40350000000001,0.27925636,0.0681518855
8a3c86cde,2,10.0,0.7765427570000001,1.0,0.0,101.817,101.817,0.35978125,0.06498885
8a420e638,1,7.0,0.78844572,1.0,0.0,194.843,194.843,0.39365745,0.055479985
8a45e8492,4,8.5,0.7784487639791666,1.0,0.0,139.87574999999998,155.9565,0.161123056,0.130694485
8a4e70a21,7,9.714285714285714,0.7695001537936508,1.0,0.0,103.846,56.635000000000005,0.20736506357142856,0.059455881
8a5d7e622,2,8.5,0.7381810528472222,1.0,0.0,68.0855,68.0855,0.16965812000000002,0.11116439250000001
8a615bfca,4,9.5,0.7908375755625,1.0,0.0,19.265249999999998,19.839999999999996,0.3716965925,0.1559231285
8a6701090,4,8.25,0.760389261388889,1.0,0.0,100.8725,103.0265,0.24058701,0.08270438325
8a6d97169,2,10.0,0.785521367,1.0,0.0,158.43599999999998,158.43599999999998,0.169001415,0.0423652425
8a6f301fa,1,9.0,0.7132484711111111,1.0,0.0,29.555,29.555,0.19425926,0.15544146
8a72708bc,5,8.0,0.7782767978833334,1.0,0.0,128.98499999999999,156.84199999999998,0.325083718,0.1268406876
8a7860ee2,1,10.0,0.708319958,1.0,0.0,89.369,89.369,0.39558205,0.45508152
8a7fcc8cd,5,9.6,0.755049431,1.0,0.0,118.0542,115.575,0.2650284768,0.08414483240000001
8a811328d,1,10.0,0.7424486779999999,1.0,0.0,157.42,157.42,0.1715002,0.016389178
8a97062f5,1,10.0,0.802341323,1.0,0.0,21.555,21.555,0.38058043,0.18620634
8a99dadaf,8,9.375,0.7443668333229166,1.0,0.0,120.022625,102.34049999999999,0.19266056625,0.082988125
8a9bdc274,4,8.25,0.7394534144097222,1.0,0.0,60.41674999999999,53.959999999999994,0.1868041625,0.06633101475
8a9d11c50,3,9.0,0.7828254834537036,1.0,0.0,42.404333333333334,24.136000000000003,0.27467754133333333,0.11463753133333332
8aa432e1d,7,10.0,0.8064207982857143,1.0,0.0,96.87757142857141,22.729,0.2845238271428571,0.15866442428571428
8ab1bbd3f,2,10.0,0.7731601690000001,1.0,0.0,48.771,48.771,0.295968075,0.14388871
8ab591301,1,9.0,0.7877849866666667,1.0,0.0,13.712,13.712,0.38499662,0.07157022
8ac1e8eb6,1,10.0,0.762347597,1.0,0.0,120.63699999999999,120.63699999999999,0.22385707,0.07865688
8ac51d5ce,1,6.0,0.7189722916666667,1.0,0.0,83.282,83.282,0.16983813,0.07949309
8ad59da0e,1,8.0,0.71796003625,1.0,0.0,196.157,196.157,0.14360146,0.107687935
8ad937f6c,3,8.333333333333334,0.7999624036666667,1.0,0.0,108.35333333333334,118.892,0.23177092666666668,0.09877629799999998
8ad959e57,2,10.0,0.7683350395,1.0,0.0,53.119,53.119,0.29285914,0.0419907635
8ae60c34e,3,9.0,0.7907642341851852,1.0,0.0,53.105,52.794,0.42373324,0.07920534533333333
8aec4488c,3,10.0,0.8497282726666667,1.0,0.0,120.89499999999998,95.757,0.17560020666666665,0.042779512333333325
8aeda3d62,2,10.0,0.7447504215,1.0,0.0,154.476,154.476,0.17785271,0.045503100500000004
8aeff9ad9,2,10.0,0.8919186795,1.0,0.0,158.6795,158.6795,0.28927374,0.0440513365
8af959627,7,9.571428571428571,0.7452884195714287,1.0,0.0,132.837,123.848,0.17886387714285715,0.07774231314285715
8afcd7b7e,1,10.0,0.807576538,1.0,0.0,81.282,81.282,0.13902585,0.11567812
8b01f5e06,2,7.0,0.7539244265555556,1.0,0.0,156.519,156.519,0.21582613,0.087506075
8b0310013,4,9.75,0.76982432125,1.0,0.0,185.442,193.256,0.25283137,0.04435172425
8b03c494a,5,10.0,0.81464529,1.0,0.0,72.854,80.70299999999999,0.223918018,0.0777315295
8b0fa13e1,4,9.5,0.7617040711111112,1.0,0.0,147.057,155.1635,0.2053707325,0.06475903675
8b12f497f,1,10.0,0.749742184,1.0,0.0,27.441000000000003,27.441000000000003,0.20900275,0.12708117
8b17616d3,3,10.0,0.795983331,1.0,0.0,57.056666666666665,49.19799999999999,0.4163947233333333,0.188209309
8b1abca6a,5,10.0,0.7993932548,1.0,0.0,36.13719999999999,21.572,0.341964098,0.143783536
8b1b5fcfc,3,10.0,0.8350763250000001,1.0,0.0,229.75933333333333,229.80100000000002,0.41920166,0.19125212
8b2be8807,5,9.2,0.8033983396666666,1.0,0.0,26.3476,19.939999999999998,0.326372062,0.163493844
8b56fecb8,2,10.0,0.7866194625,1.0,0.0,176.9715,176.9715,0.21280862,0.087611383
8b5a5458e,2,9.5,0.7118566098333333,1.0,0.0,146.515,146.515,0.16480117,0.10942975499999999
8b636912d,10,7.9,0.7651335954265873,1.0,0.0,53.984500000000004,50.028499999999994,0.2349341655,0.1071824326
8b63e1b21,5,8.0,0.7787016347,1.0,0.0,91.37719999999999,80.338,0.23709318399999998,0.09853966620000001
8b6690d89,3,10.0,0.7747120656666665,1.0,0.0,154.28533333333334,154.201,0.17758741999999997,0.07625159066666666
8b6867433,3,9.0,0.7727645672857143,1.0,0.0,79.07133333333333,21.142,0.27605283666666663,0.170597759
8b693ca84,7,8.714285714285714,0.7533529072380952,1.0,0.0,130.11785714285713,118.84199999999998,0.17938120857142856,0.10339723942857142
8b6f2ff52,9,10.0,0.8111213881111111,1.0,0.0,86.06611111111111,81.07499999999999,0.2913791366666667,0.1081174591111111
8b84922ac,7,9.714285714285714,0.8197567777142857,1.0,0.0,152.65628571428573,160.885,0.3486053171428572,0.11385653842857144
8b8c51377,2,9.0,0.757076511375,1.0,0.0,193.1465,193.1465,0.28829536,0.10028495500000001
8b9739cef,2,10.0,0.7812374784999999,1.0,0.0,81.351,81.351,0.28871132499999996,0.062365387499999994
8b9a9eac7,4,9.25,0.7954763214722222,1.0,0.0,122.23675,103.548,0.27697538,0.12163978724999999
8b9c38ed2,6,9.5,0.7590104654212962,1.0,0.0,160.77599999999998,168.8965,0.26614989833333336,0.10031865416666667
8b9d9a18b,5,9.6,0.7809844409111111,1.0,0.0,109.106,120.80499999999999,0.263644232,0.09965850579999999
8bb34f0bd,7,9.285714285714286,0.7837002646190475,1.0,0.0,75.02742857142857,49.708,0.20759816857142857,0.10476117285714286
8bc07d296,4,9.75,0.7294969502777777,1.0,0.0,82.21775,36.2155,0.1404030325,0.0501420385
8bc346340,3,10.0,0.766693998,1.0,0.0,20.467666666666663,20.081999999999997,0.2924439033333333,0.18752824333333332
8bc5380ca,3,10.0,0.859707846,1.0,0.0,23.813666666666666,23.185,0.4594581533333333,0.103225805
8bcb0a0e6,1,9.0,0.7910668433333333,1.0,0.0,113.44500000000001,113.44500000000001,0.20698912,0.104925424
8bd033254,7,9.714285714285714,0.7783606879285714,1.0,0.0,94.44842857142858,87.295,0.19247649714285714,0.08790446571428571
8bdffc917,3,9.333333333333334,0.7361487777777778,1.0,0.0,61.46233333333333,77.74,0.24057109333333335,0.12137241866666666
8bed563dd,1,10.0,0.772670604,1.0,0.0,117.37299999999999,117.37299999999999,0.15722603,0.04509192
8bf0f354b,5,9.6,0.7648354803111111,1.0,0.0,147.9948,151.738,0.23218982800000001,0.0988573884
8bf2cc0a1,3,9.666666666666666,0.760454648074074,1.0,0.0,189.30499999999998,188.17600000000002,0.21104072,0.054703513
8bf424910,2,10.0,0.7668345705,1.0,0.0,153.39349999999996,153.39349999999996,0.5468193650000001,0.1361862675
8bf9a6b80,1,10.0,0.7155900580000001,1.0,0.0,119.996,119.996,0.16137257,0.16441074
8c10b6035,5,8.6,0.8249692020833332,1.0,0.0,34.362,28.918,0.40863056000000003,0.115154841
8c17f26c4,2,8.0,0.7574074627777778,1.0,0.0,46.623,46.623,0.244424545,0.127558105
8c1c5448c,3,10.0,0.8122950016666667,1.0,0.0,128.60166666666666,153.53400000000002,0.16370622666666668,0.06790660999999999
8c1fd43ef,3,9.666666666666666,0.7677373644814814,1.0,0.0,84.398,80.965,0.13245719133333334,0.021001873666666667
8c28914a9,1,10.0,0.716711457,1.0,0.0,153.527,153.527,0.4076267,0.14330862
8c2e6c331,6,9.5,0.7498758382777778,1.0,0.0,175.509,175.837,0.18416216500000002,0.06683658616666667
8c36b62a9,13,9.0,0.7716258650082418,1.0,0.0,50.55053846153846,24.679999999999996,0.41382528846153843,0.14963713115384614
8c3d81083,2,10.0,0.8028884345,1.0,0.0,25.261499999999998,25.261499999999998,0.25549036999999997,0.0511900835
8c5bf2766,5,8.4,0.6994471223333333,1.0,0.0,135.0164,153.63,0.216593482,0.103633267
8c75e5189,4,10.0,0.89112732725,1.0,0.0,115.48074999999999,101.90699999999998,0.415133895,0.18020663124999997
8c7b2f093,2,10.0,0.7565593319999999,1.0,0.0,35.44,35.44,0.4061074,0.148965075
8c7dbce06,4,8.0,0.7793637945803571,1.0,0.0,16.5535,16.025,0.2979207775,0.13358797375
8c96f8ed3,4,10.0,0.7857020275,1.0,0.0,157.64425,157.6655,0.198900535,0.01941980325
8c9f6c718,3,10.0,0.8107679826666666,1.0,0.0,23.679333333333332,23.945999999999998,0.5399931033333333,0.13847299533333335
8ca443ef0,7,10.0,0.7315541531428572,1.0,0.0,182.68685714285715,194.24599999999998,0.19788188999999998,0.06951727971428572
8ca49ce85,3,9.0,0.7762591404351852,1.0,0.0,137.45266666666666,195.46099999999998,0.26679964333333334,0.13380159533333333
8ca64b428,6,9.5,0.7793305709120371,1.0,0.0,172.19899999999998,165.34,0.3397116783333334,0.230228925
8cae4a15b,2,6.5,0.7721006625,1.0,0.0,84.568,84.568,0.274779275,0.12107731
8cb067b2f,14,9.285714285714286,0.7657847845711451,1.0,0.0,134.10542857142858,136.315,0.3071461421428571,0.11631327953571428
8cb325d19,3,8.333333333333334,0.7543823551851853,1.0,0.0,166.59399999999997,155.70099999999996,0.3142085333333333,0.2238697133333333
8cb5fc48e,5,9.6,0.7556899250666665,1.0,0.0,135.152,156.592,0.200093122,0.0822233778
8cb6dfa5b,2,10.0,0.8107516455000001,1.0,0.0,20.454,20.454,0.34201924,0.10436177499999999
8cc02d983,8,9.75,0.7441268833125,1.0,0.0,122.20612499999999,122.17049999999999,0.17496203625,0.144682345375
8ccaceef5,4,10.0,0.7887100845000001,1.0,0.0,69.26249999999999,34.179,0.173644075,0.13641131
8ccda6476,2,8.5,0.7846441185416667,1.0,0.0,174.56449999999995,174.56449999999995,0.17166169,0.059057830000000006
8cd1d06ab,3,9.666666666666666,0.7558729157037036,1.0,0.0,180.24466666666663,193.985,0.40517523333333333,0.026631256333333336
8ce183889,3,9.0,0.7327363807222222,1.0,0.0,196.12766666666667,195.09699999999998,0.50101404,0.09314916
8ce613036,2,10.0,0.746074451,1.0,0.0,23.158,23.158,0.6452864,0.153711255
8cee52ff2,2,8.0,0.77548402375,1.0,0.0,115.8825,115.8825,0.17936237500000002,0.05378406399999999
8cf927527,1,10.0,0.818176671,1.0,0.0,155.119,155.119,0.47443378,0.066475525
8cf93cab0,2,8.5,0.7778226867142857,0.5,0.0,123.316,123.316,0.286364715,0.07022961
8cfcbd9bb,3,10.0,0.866011787,1.0,0.0,137.09166666666667,193.71099999999998,0.16912786,0.03670536756666667
8d047d078,1,10.0,0.739330153,1.0,0.0,121.717,121.717,0.22716288,0.033125218
8d05a7ab1,5,9.4,0.746235863361111,1.0,0.0,138.3442,193.684,0.41577741599999996,0.0739065032
8d0b0238c,2,10.0,0.7475241115,1.0,0.0,137.4645,137.4645,0.503182825,0.098947107
8d0f353e2,5,10.0,0.766301126,1.0,0.0,133.4818,109.33699999999999,0.343652096,0.11312868499999999
8d1dce21f,3,9.0,0.7909930952380954,1.0,0.0,77.37533333333333,50.327,0.35980870200000004,0.05389884733333333
8d2afd85f,3,10.0,0.7900449836666666,1.0,0.0,128.76366666666664,119.89099999999999,0.16617160333333333,0.11641226533333333
8d301b5e6,9,9.333333333333334,0.7697422470806878,1.0,0.0,61.95033333333333,23.401999999999997,0.4396536411111111,0.1698137888888889
8d39e0fa1,4,9.5,0.7608112178124999,1.0,0.0,110.03625,117.899,0.22346682899999998,0.09965747024999999
8d3b5e6e9,4,10.0,0.75228980325,1.0,0.0,37.8405,37.3975,0.31485897,0.08686697874999999
8d50d37f8,2,9.0,0.7778572721250001,1.0,0.0,117.312,117.312,0.390841155,0.210860707
8d51c3200,2,10.0,0.7581486395,1.0,0.0,115.66449999999999,115.66449999999999,0.206298345,0.099852585
8d5f95d9a,2,10.0,0.824793269,1.0,0.0,124.9455,124.9455,0.314866305,0.26108496000000003
8d650d311,5,10.0,0.7724345321999999,1.0,0.0,150.25719999999998,157.7,0.25645880600000004,0.11705688439999999
8d676283f,2,9.5,0.7641453706666667,1.0,0.0,137.683,137.683,0.17435002500000002,0.07360085450000001
8d6b89eff,7,9.571428571428571,0.7731481577619048,1.0,0.0,99.94328571428571,118.443,0.18441722142857145,0.05194072785714286
8d76a1b7f,6,8.833333333333334,0.7830927874907406,1.0,0.0,25.052333333333333,20.103,0.29334293666666666,0.09499653133333334
8d7a8a5c0,16,8.5625,0.7631018957056052,1.0,0.0,97.956875,98.715,0.190336795625,0.09745707575
8d7c78428,2,10.0,0.7130684035000001,1.0,0.0,109.4785,109.4785,0.1872969475,0.063026355
8d7eff0cc,2,9.5,0.7992221498333333,1.0,0.0,20.185499999999998,20.185499999999998,0.19239040000000002,0.111923598
8d862cd26,2,10.0,0.7997537155000001,1.0,0.0,153.32349999999997,153.32349999999997,0.19155579,0.0621418395
8d8895245,4,10.0,0.729851034,1.0,0.0,128.11425,117.89849999999998,0.26589776,0.0769380865
8d970238d,4,8.25,0.7847672245,1.0,0.0,46.4885,38.269,0.240584575,0.1110331285
8da7afcd4,2,10.0,0.7997565345,1.0,0.0,234.841,234.841,0.198504765,0.09103062749999999
8db729086,8,9.375,0.75832696709375,1.0,0.0,95.82749999999999,86.286,0.24996752625000002,0.059378252374999996
8dbbd91bb,3,8.666666666666666,0.7211217214444444,0.6666666666666666,0.0,159.52766666666665,159.055,0.4067300933333333,0.049708313999999997
8dd28c706,20,9.35,0.7593590529640873,1.0,0.0,48.0969,27.308,0.43317797,0.1712322231
8dd8e4a4f,7,9.0,0.7591689707103174,1.0,0.0,160.00128571428573,159.067,0.23613173571428572,0.16689009028571428
8dd958339,5,10.0,0.8042051532000001,1.0,0.0,104.66019999999999,86.82400000000001,0.286164338,0.144710374
8de170932,1,10.0,0.7443653219999999,1.0,0.0,117.755,117.755,0.33399454,0.050427556
8de1c1ca1,4,5.5,0.7575525598095239,1.0,0.0,190.06724999999997,187.86599999999999,0.2632238025,0.06765955775
8de855263,12,9.75,0.7873001925119048,1.0,0.0,140.24991666666668,123.509,0.2025544155,0.06104029366666667
8dea6d23b,1,8.0,0.7753850025000001,1.0,0.0,76.03399999999999,76.03399999999999,0.08913022,0.03780397
8df053c7e,13,8.76923076923077,0.7875794139728327,1.0,0.0,64.50353846153845,52.043,0.35564147692307696,0.13092991053846154
8df0bb3b3,18,8.944444444444445,0.7521386488346561,1.0,0.0,104.81727777777778,86.759,0.2222507045,0.120881586
8df39788a,6,8.5,0.7371158142189153,1.0,0.0,150.23016666666666,138.41,0.19748960333333332,0.10504395300000001
8dfb61116,2,10.0,0.7966868515000001,1.0,0.0,144.542,144.542,0.30506912,0.14069367735
8dfe4da6a,8,9.625,0.7777771844305555,1.0,0.0,168.79162499999998,193.86649999999997,0.3350034975,0.08815548987499999
8e01a6de2,17,9.294117647058824,0.7974457666176471,1.0,0.0,63.42070588235294,48.377,0.31158189,0.12895639452941177
8e0d65b3e,1,10.0,0.7078166619999999,1.0,0.0,49.949,49.949,0.30742377,0.05489074
8e0d93659,1,10.0,0.7821090850000001,1.0,0.0,52.858000000000004,52.858000000000004,0.15085569,0.018123483
8e1111452,4,10.0,0.8194517649999999,1.0,0.0,156.595,153.35199999999998,0.20820947,0.14011012625
8e2335bf5,5,9.2,0.7645230994000001,1.0,0.0,39.5424,46.071,0.35370277,0.103023983
8e2723a38,1,10.0,0.750876625,1.0,0.0,87.77199999999999,87.77199999999999,0.2762822,0.021329036
8e343f4df,6,7.333333333333333,0.7843870772222222,1.0,0.0,85.58749999999999,85.301,0.24276861833333332,0.09698488883333334
8e372fc09,1,10.0,0.765369537,1.0,0.0,119.12700000000001,119.12700000000001,0.3005413,0.04266389
8e3b1dcd1,2,9.5,0.7124135161111111,1.0,0.0,99.691,99.691,0.13294351999999998,0.0276187995
8e3c58de2,1,10.0,0.790221266,1.0,0.0,51.207,51.207,0.2217857,0.08015664
8e3e0ffde,1,10.0,0.79461557,1.0,0.0,52.914,52.914,0.3127713,0.35241067
8e4f0e111,3,10.0,0.7300726646666668,1.0,0.0,142.28833333333333,154.207,0.3408742,0.050222134333333335
8e5356302,5,7.8,0.8034986356000001,1.0,0.0,81.719,22.897,0.37711862199999996,0.15171483000000002
8e68a9075,8,8.5,0.8091753848333334,1.0,0.0,49.97087499999999,52.25999999999999,0.4047333525,0.1177784165
8e6e57951,5,9.6,0.77053871295,1.0,0.0,40.1476,48.342,0.40512613399999997,0.10617412239999999
8e77d52ad,5,9.8,0.7421457364888889,1.0,0.0,62.7376,48.053999999999995,0.40800336000000004,0.17318353520000002
8e8080bbe,8,8.625,0.7628461868988096,1.0,0.0,96.22274999999999,84.03899999999999,0.30899508875,0.097252671875
8e8779496,3,10.0,0.7664239733333332,1.0,0.0,31.002666666666666,23.682,0.21240963666666668,0.11157643066666667
8e881542f,1,9.0,0.7530594766666666,1.0,0.0,27.935,27.935,0.2033037,0.06520985
8e92ebde6,5,9.4,0.75213699605,1.0,0.0,193.048,229.647,0.23937623600000002,0.12655232219999998
8eab07081,6,9.166666666666666,0.7632059420462962,1.0,0.0,58.146166666666666,16.805,0.28668751833333334,0.3227076933333333
8ec043344,5,9.4,0.7422558886055556,1.0,0.0,98.5402,83.30999999999999,0.24415278599999998,0.0588783206
8ecb9aab0,3,10.0,0.8123820976666667,1.0,0.0,82.74466666666666,83.014,0.2691981233333333,0.06812926400000001
8ece5f3ba,5,8.0,0.7355304983666666,1.0,0.0,164.8244,196.43099999999998,0.17204118880000002,0.0680367684
8ef276c3b,1,10.0,0.7882807719999999,1.0,0.0,158.79699999999997,158.79699999999997,0.40665233,0.040246364
8ef4b6cf3,3,10.0,0.7896262406666668,1.0,0.0,148.31366666666665,157.74499999999998,0.4280946266666667,0.16354615333333333
8ef541435,3,10.0,0.8810402333333333,1.0,0.0,204.59066666666664,190.817,0.3508486833333333,0.12940802466666665
8efcfe9c6,1,8.0,0.7061211249999999,1.0,0.0,48.32,48.32,0.21580619,0.088189386
8f0468771,5,10.0,0.8310660712000001,1.0,0.0,126.42259999999999,119.463,0.16860098799999998,0.0450091888
8f1105e2a,4,9.5,0.7537770841875,1.0,0.0,144.5455,144.84449999999998,0.160104355,0.03772996075
8f128d3ed,3,10.0,0.866412641,1.0,0.0,93.64666666666666,82.555,0.19072975333333334,0.17822869333333333
8f15fc3d8,11,9.909090909090908,0.8148531297070707,1.0,0.0,128.34036363636363,124.15599999999999,0.26967024363636366,0.10038344463636363
8f1b39562,6,8.5,0.7318185154444444,0.6666666666666666,0.0,200.15566666666666,194.2515,0.39862357,0.18909699066666666
8f1bdc253,2,10.0,0.7689669425000001,1.0,0.0,86.96449999999999,86.96449999999999,0.38315043,0.20063637
8f1ccbc6f,2,10.0,0.6871021335,1.0,0.0,158.9065,158.9065,0.214204915,0.095082365
8f1d6224d,7,10.0,0.7451794491428572,1.0,0.0,92.81657142857141,119.75099999999999,0.1921429757142857,0.10140616514285715
8f20e24ef,9,9.555555555555555,0.7894694813333333,1.0,0.0,70.19866666666665,15.555,0.33329594333333334,0.19876298788888888
8f214e361,3,10.0,0.7676521486666666,1.0,0.0,169.93866666666665,154.47199999999998,0.18645436,0.09683869833333332
8f26b1b5c,3,10.0,0.8145253283333332,1.0,0.0,198.02166666666668,198.299,0.42409088,0.049196788666666665
8f2946027,4,9.75,0.7687067382777777,1.0,0.0,85.3265,84.496,0.2137859775,0.02203734225
8f2daa8e3,9,8.88888888888889,0.7577478192619048,1.0,0.0,68.06433333333332,50.49,0.29388510444444443,0.169558951
8f31c806f,5,9.2,0.7635266580222222,1.0,0.0,153.3544,195.62900000000002,0.25645032199999995,0.1007911784
8f3235380,1,8.0,0.8112955312500001,1.0,0.0,83.50399999999999,83.50399999999999,0.30106482,0.04902854
8f32c880e,4,9.25,0.8104265392222222,1.0,0.0,76.82575,85.08099999999999,0.17319064750000002,0.0837616975
8f38dbd18,9,8.88888888888889,0.7624817721909172,1.0,0.0,125.53222222222222,120.89699999999999,0.21849639822222222,0.08901718322222224
8f6a4a76a,2,10.0,0.721757726,1.0,0.0,22.598,22.598,0.39614879000000003,0.0975168225
8f6b92b4d,2,9.0,0.750073124125,1.0,0.0,139.296,139.296,0.2725702,0.27514454499999996
8f860b014,3,9.333333333333334,0.7658817469166667,1.0,0.0,25.0,24.0,0.6835925466666666,0.12081413166666666
8f9010452,1,9.0,0.757114201111111,1.0,0.0,82.805,82.805,0.22690955,0.056388866
8f90bba4c,1,10.0,0.887870979,1.0,0.0,82.639,82.639,0.20710911,0.021224644
8fa1c5c38,2,9.5,0.734807814388889,1.0,0.0,104.26650000000001,104.26650000000001,0.24549214000000003,0.148673261
8fa2d16db,1,10.0,0.7991029789999999,1.0,0.0,84.549,84.549,0.09330534,0.05639044
8facdc86a,5,9.0,0.7897712410285714,1.0,0.0,98.85159999999999,53.147,0.315433336,0.142373985
8fc22fd2c,5,9.2,0.7205295005055555,1.0,0.0,158.2454,156.54399999999998,0.371801756,0.15248142
8fcdf3368,1,10.0,0.7159167470000001,1.0,0.0,81.297,81.297,0.13111591,0.006451613
8fd0bd843,3,10.0,0.7709085973333334,1.0,0.0,83.46233333333333,85.919,0.22687014000000003,0.06808918800000001
8fddd8a5b,1,10.0,0.792210337,1.0,0.0,197.12099999999998,197.12099999999998,0.12649255,0.03184407
8ff2c63c4,2,8.5,0.8000097005,1.0,0.0,95.7715,95.7715,0.398720785,0.0473978585
8ff66c239,12,9.333333333333334,0.7511215182662037,1.0,0.0,138.13325,136.8505,0.21864673675000001,0.073208501
9003318e5,2,10.0,0.7259677425,1.0,0.0,18.9225,18.9225,0.177365565,0.141909465
900b47573,3,9.333333333333334,0.7344162188333333,1.0,0.0,41.95666666666667,50.925000000000004,0.13642729,0.06531325866666667
9012ebabb,2,10.0,0.7571919355000001,1.0,0.0,137.78799999999998,137.78799999999998,0.180053235,0.11468073000000001
90204109f,6,9.5,0.8144495465952382,1.0,0.0,152.51683333333332,156.23999999999998,0.23937136666666667,0.0262169035
902114441,2,7.5,0.8419022034999999,1.0,0.0,120.46849999999999,120.46849999999999,0.149321355,0.064049587
9024c21fc,1,8.0,0.75146434125,1.0,0.0,228.58300000000003,228.58300000000003,0.39931074,0.43832478
902624c4b,5,7.8,0.7477646283928572,1.0,0.0,144.2944,157.68099999999998,0.163508432,0.0710211474
9031a7f4c,1,9.0,0.8017062333333332,1.0,0.0,84.446,84.446,0.28815845,0.12784353
903523a17,2,9.0,0.79814246025,1.0,0.0,139.714,139.714,0.209693035,0.11674116
903a75804,1,10.0,0.776752812,1.0,0.0,14.271999999999998,14.271999999999998,0.33150855,0.19303106
90489eccb,1,9.0,0.7708371133333333,1.0,0.0,117.22399999999999,117.22399999999999,0.19825019,0.17325702
90592e40c,1,8.0,0.7694686399999999,1.0,0.0,154.536,154.536,0.21908459,0.03546777
906083f6c,2,9.0,0.7643538911250001,1.0,0.0,193.96749999999997,193.96749999999997,0.28340191000000003,0.105464597
906308870,1,10.0,0.786117761,1.0,0.0,152.017,152.017,0.17917776,0.018123483
907f77c78,1,10.0,0.7988298030000001,1.0,0.0,228.271,228.271,0.48170388,0.17853682
907fc239e,2,9.5,0.6971507487777777,1.0,0.0,102.8675,102.8675,0.32036834999999997,0.0744425775
90a967a14,5,8.6,0.7590490019428572,1.0,0.0,93.4854,115.252,0.400640616,0.0375031368
90b927fdd,3,9.666666666666666,0.8144835639259259,1.0,0.0,41.127,50.011,0.44315481333333334,0.19786791333333334
90caf70eb,3,10.0,0.756896624,1.0,0.0,63.01566666666667,52.635,0.3011844766666667,0.13437264733333334
90dc0d83f,5,9.8,0.7239515217555555,1.0,0.0,97.26219999999999,84.076,0.230528236,0.1171083476
90dd998e2,2,10.0,0.8139242505000001,1.0,0.0,23.406,23.406,0.398641315,0.16822753499999998
90e582b0c,6,9.5,0.8219318604444444,1.0,0.0,127.47283333333333,119.4595,0.2552660916666667,0.06294080108333333
90f09b568,3,10.0,0.732967375,1.0,0.0,106.03933333333333,117.038,0.20813448999999998,0.08232563133333333
90f1bb168,1,10.0,0.8769025449999999,1.0,0.0,82.112,82.112,0.15262774,0.045354687
9104803d9,1,8.0,0.75582580625,1.0,0.0,50.628,50.628,0.13598834,0.020551343
911464bd8,5,10.0,0.8291911282000001,1.0,0.0,50.7356,51.755,0.5210324639999999,0.11374901420000001
9120f2894,4,10.0,0.81843403425,1.0,0.0,103.06625,99.615,0.20006609250000001,0.11541797000000001
9123c847a,1,10.0,0.759310865,1.0,0.0,21.32,21.32,0.61925817,0.25173432
91306f563,4,9.0,0.7976867846875,1.0,0.0,110.13225,102.8295,0.25927068249999996,0.0334677435
91328d9f8,6,9.5,0.7232202056851852,1.0,0.0,120.74249999999999,122.13899999999998,0.3046069866666667,0.134406885
9141b7803,5,9.6,0.7669309013777779,1.0,0.0,63.8144,52.80199999999999,0.284990898,0.0659209168
91471cf89,1,10.0,0.752858538,1.0,0.0,195.93,195.93,0.16765776,0.051945977
915031b99,3,9.0,0.7514824425238095,1.0,0.0,143.18666666666664,153.451,0.35298644333333334,0.08473614
91568ddf1,1,10.0,0.749954166,1.0,0.0,190.04999999999998,190.04999999999998,0.34021172,0.11221479
9160fdb5f,1,10.0,0.7173860870000001,1.0,0.0,236.97500000000002,236.97500000000002,0.3143415,0.07500867
9162433d5,3,8.666666666666666,0.7886116202314816,1.0,0.0,97.07,90.276,0.35506744333333334,0.11720429666666667
91633ef0b,2,9.5,0.7504760290555554,1.0,0.0,146.373,146.373,0.2767733,0.148846683
91697ee90,3,10.0,0.8033479453333333,1.0,0.0,20.50433333333333,17.332,0.40959574000000004,0.13247196
916c891aa,1,10.0,0.866996084,1.0,0.0,197.47299999999998,197.47299999999998,0.31161693,0.1193478
91736f444,4,10.0,0.783873917,1.0,0.0,146.36274999999998,121.92599999999999,0.35448208999999997,0.118694912
9180e09cb,2,8.0,0.76583604125,1.0,0.0,109.699,109.699,0.24410390999999998,0.16942148499999998
9183ef863,5,8.6,0.7778341797904762,1.0,0.0,122.957,87.583,0.24050832200000002,0.0974601766
918408d22,3,8.0,0.8184990158597882,1.0,0.0,79.16799999999999,79.244,0.23665195333333333,0.10294181866666667
918471707,4,10.0,0.7553801405,1.0,0.0,137.51275,137.609,0.2658268525,0.16259105
918ae2c95,5,8.6,0.7619614197753968,1.0,0.0,71.1772,80.202,0.403874566,0.2447978128
919768bb5,2,9.5,0.7646125346666667,1.0,0.0,118.45049999999999,118.45049999999999,0.25515751,0.0453435275
919820452,3,10.0,0.7115348156666667,1.0,0.0,199.00699999999998,197.809,0.28112938000000004,0.065970951
919a7dd34,1,10.0,0.8096607180000002,1.0,0.0,83.809,83.809,0.37754357,0.07795699
919ebd16f,2,10.0,0.7961838165,1.0,0.0,117.762,117.762,0.25479287500000003,0.11246965
91acbbf47,1,10.0,0.7640813729999999,1.0,0.0,193.832,193.832,0.18400769,0.1427833
91add3784,3,9.333333333333334,0.7507077544814814,1.0,0.0,223.399,230.422,0.22313913666666665,0.06406670366666667
91b580948,1,9.0,0.7986396211111112,1.0,0.0,49.64099999999999,49.64099999999999,0.431741,0.14975719
91bab29e9,4,8.75,0.7409857868333334,1.0,0.0,102.22099999999999,84.41,0.29225045,0.08503041250000001
91c023cb7,7,7.857142857142857,0.7643093619007937,0.8571428571428571,0.0,112.21014285714284,121.04100000000001,0.2528079614285714,0.10795708485714285
91c2159dd,3,9.666666666666666,0.7284257416666667,0.6666666666666666,0.0,113.697,119.321,0.26903573333333336,0.040059565
91c2edae8,21,8.952380952380953,0.7582066013488284,1.0,0.0,130.6997142857143,121.92699999999999,0.1802838692857143,0.09601461147619048
91c4cb54d,5,9.0,0.7436011992,1.0,0.0,169.0292,162.26,0.38415718,0.31381172920000006
91d238a62,1,10.0,0.7666417889999999,1.0,0.0,85.76599999999999,85.76599999999999,0.18167977,0.024769586
91d307ce9,2,10.0,0.7567019509999999,1.0,0.0,20.9735,20.9735,0.501794735,0.0701959775
91d6a2898,2,10.0,0.737195417,1.0,0.0,175.2905,175.2905,0.257539145,0.052419355
91df1b68f,5,8.6,0.7994384752087301,1.0,0.0,109.47099999999998,50.961,0.281590162,0.061671870399999995
91e1bffc5,2,10.0,0.7651450085,1.0,0.0,215.1255,215.1255,0.27452044,0.09627097300000001
91e663cd2,3,8.666666666666666,0.7878386508148149,1.0,0.0,115.31233333333334,112.422,0.34449385666666665,0.09911550866666667
91f52526f,2,8.5,0.775283501736111,1.0,0.0,124.2065,124.2065,0.221360065,0.06828077
91f5bb21f,1,10.0,0.761574507,1.0,0.0,122.27299999999998,122.27299999999998,0.2649851,0.08003815
91f87fa27,5,8.8,0.7676971900666667,0.8,0.2,177.5846,156.73999999999998,0.188667136,0.051306042600000004
91fca388a,2,10.0,0.7645760675,1.0,0.0,177.66199999999998,177.66199999999998,0.20617175,0.14091224
92085e776,1,10.0,0.677660502,1.0,0.0,197.74,197.74,0.19940946,0.095370024
920a30b27,2,9.5,0.7585067152777778,1.0,0.0,23.212,23.212,0.53293375,0.15695203000000002
921817343,7,9.0,0.7786340346150793,1.0,0.0,123.23542857142857,144.70000000000002,0.16143896285714288,0.05506063285714286
92189aa31,1,10.0,0.7981718859999999,1.0,0.0,57.419999999999995,57.419999999999995,0.20755519,0.085691966
9223ae4c4,5,8.6,0.7790882106285715,1.0,0.0,59.51859999999999,22.484,0.432414366,0.1260449092
9223ca4fa,4,9.25,0.7594982582430556,1.0,0.0,88.31875,68.76849999999999,0.1808607625,0.1480662415
923a58e31,8,9.5,0.7297627994444444,1.0,0.0,86.956875,81.19999999999999,0.37438662,0.188812721
923a7163c,3,10.0,0.8138271146666667,1.0,0.0,144.94066666666666,154.60299999999998,0.2301876766666667,0.13521794
923da13c4,3,9.0,0.7946186604285715,1.0,0.0,146.213,193.18,0.25730273666666664,0.059330369
924373704,8,9.5,0.767909369875,1.0,0.0,114.1385,124.69,0.2157855625,0.167249285375
9243b2c43,1,10.0,0.7616465630000001,1.0,0.0,157.20499999999998,157.20499999999998,0.18618852,0.12415846
924cc5438,5,10.0,0.7922932588,1.0,0.0,69.74600000000001,50.184999999999995,0.20588755399999997,0.0602150532
9252b5dc8,4,9.5,0.8118671470625,1.0,0.0,118.74075,118.04400000000001,0.2648055875,0.06514845325
92586e5a3,1,8.0,0.7608151325,1.0,0.0,193.194,193.194,0.25098112,0.1392163
926c92b39,5,8.8,0.7627342007063492,1.0,0.0,41.8058,48.342,0.32787391600000004,0.21787901199999998
9278f7216,2,9.5,0.7538284042222222,1.0,0.0,68.821,68.821,0.20388914,0.047957005
929528b36,3,10.0,0.8450428543333333,1.0,0.0,85.254,86.603,0.2810877233333333,0.09923190999999999
9295d02bd,3,9.333333333333334,0.8281097239166666,1.0,0.0,194.81433333333334,195.495,0.31214021,0.11992715333333333
9296c9064,9,9.666666666666666,0.7294611833425927,1.0,0.0,110.56266666666667,117.532,0.2562075933333333,0.08024751066666666
9296eb09d,2,10.0,0.8222910435,1.0,0.0,84.41099999999999,84.41099999999999,0.285323755,0.23473502499999999
92a173c59,6,10.0,0.768299625,1.0,0.0,109.66466666666668,116.3075,0.22854989666666667,0.0460476695
92b5de07f,1,10.0,0.7858792859999999,1.0,0.0,50.715,50.715,0.1088251,0.015348596
92b6acf73,3,10.0,0.7886889303333334,1.0,0.0,121.16699999999999,124.44,0.31431992999999997,0.074630588
92b89a666,3,9.333333333333334,0.7486416451851851,1.0,0.0,145.05366666666666,155.534,0.29204014666666667,0.13804821333333334
92bf36222,8,9.625,0.7514292187083333,1.0,0.0,127.131125,118.66399999999999,0.3520404775,0.143095334875
92bf4bb1a,1,10.0,0.758609817,1.0,0.0,23.843,23.843,0.23806813,0.1411758
92c2878db,5,8.4,0.7768469724634921,1.0,0.0,58.947799999999994,52.032,0.22972590999999998,0.0634210214
92caf1d01,3,10.0,0.8069821570000001,1.0,0.0,173.88133333333334,163.615,0.40419099,0.22712081666666664
92d0ff357,9,10.0,0.798111,1.0,0.0,123.61433333333333,119.857,0.30591600888888887,0.10488340133333333
92d1612f0,5,9.6,0.7988174235111111,1.0,0.0,63.05839999999999,53.94,0.1939901588,0.094701967
92d4c1513,5,9.4,0.7607968072857142,1.0,0.0,87.94800000000001,86.063,0.27417630800000004,0.12065557060000001
92d5ac408,14,9.571428571428571,0.7463197912857142,1.0,0.0,120.59314285714285,123.92949999999999,0.2968992442857143,0.08063166364285713
92d711b01,2,10.0,0.7897984164999999,1.0,0.0,104.72049999999999,104.72049999999999,0.248268805,0.12738467
92d830572,14,9.642857142857142,0.7590649745487529,1.0,0.0,162.27492857142855,192.0865,0.24095229214285713,0.1418548292857143
92e87765e,5,9.8,0.7515333119777778,1.0,0.0,126.0394,116.60699999999999,0.176107846,0.0692000104
92ee6241d,8,7.625,0.7672831786026786,1.0,0.0,135.868625,156.8095,0.4010249575,0.0654591585
92f84c5b7,15,9.533333333333333,0.7677220963407407,1.0,0.0,41.038466666666665,22.185000000000002,0.498107576,0.14868770760000002
92fa4a896,6,7.666666666666667,0.7589906056322752,1.0,0.0,109.77050000000001,120.49849999999999,0.172834645,0.0867406825
92fae4396,2,10.0,0.7560421435,1.0,0.0,19.3185,19.3185,0.26407177,0.179941462
9316ce78a,5,9.8,0.7782984785555556,1.0,0.0,142.1256,153.78799999999998,0.1540830772,0.080124872
931fd5858,4,9.5,0.75249072975,1.0,0.0,212.88675,241.1075,0.30503581999999996,0.065112283
933b2b3d4,3,10.0,0.7865041813333334,1.0,0.0,120.425,119.581,0.24727297666666667,0.09123844333333335
933da53ee,5,9.4,0.7833713508857143,1.0,0.0,154.9296,156.642,0.253791162,0.0540696014
935098bbf,1,7.0,0.7779855700000001,1.0,0.0,47.278,47.278,0.34378263,0.11463753
9351715a9,13,8.923076923076923,0.763692584498779,1.0,0.0,154.56692307692308,154.91899999999998,0.18192164615384615,0.10098811392307692
9351d5173,2,8.0,0.7740208357142857,1.0,0.0,134.82549999999998,134.82549999999998,0.15232373,0.0196409985
93685a66f,3,10.0,0.8107472503333334,1.0,0.0,17.304333333333332,17.462,0.8236573133333334,0.25054477999999997
93692767b,4,8.25,0.7727389770555555,1.0,0.0,137.5035,120.146,0.1582188125,0.037991590500000005
936fc22ce,2,10.0,0.8408283274999999,1.0,0.0,193.0935,193.0935,0.193638345,0.040843314000000006
937c2e14f,5,8.2,0.7210105607642857,1.0,0.0,91.34880000000001,49.729,0.286473092,0.071830488
937d74077,5,9.8,0.7460438014222222,1.0,0.0,130.7754,150.365,0.226739896,0.1094866452
938bcb826,3,10.0,0.814343742,1.0,0.0,136.807,116.82399999999998,0.43963950333333335,0.06173293133333333
938bcf142,2,10.0,0.7631541615000001,1.0,0.0,151.041,151.041,0.17661002,0.043583019
9397426ea,3,10.0,0.7739603726666667,1.0,0.0,96.52266666666667,84.472,0.3016721,0.09440361333333332
93a9e05b1,3,9.0,0.7671592748055556,1.0,0.0,50.15633333333333,52.527,0.25764592999999997,0.02469135733333333
93ae9be69,1,10.0,0.813998092,1.0,0.0,27.353,27.353,0.3127241,0.17282344
93b1ca32c,4,9.5,0.75377184625,1.0,0.0,137.66449999999998,151.253,0.1576989025,0.045605947
93bffe78b,4,7.5,0.7575991663045635,1.0,0.0,138.3705,135.39249999999998,0.2786171375,0.08821322000000001
93cdb10e6,2,10.0,0.767049296,1.0,0.0,20.804499999999997,20.804499999999997,0.343075685,0.09035726499999999
93d43258b,4,10.0,0.781462764,1.0,0.0,72.78675,77.91299999999998,0.5398174575,0.25851976249999997
93df8b5c7,6,8.5,0.79834851675,1.0,0.0,96.73883333333333,88.43599999999999,0.21845752583333333,0.12317897833333334
93e53882d,1,10.0,0.8249583189999999,1.0,0.0,111.38699999999999,111.38699999999999,0.40509534,0.020985086
93ea39e5f,6,9.166666666666666,0.7786004670555555,1.0,0.0,48.363166666666665,39.164,0.26139195666666665,0.13513422333333333
93eb14f37,11,9.272727272727273,0.7416534368863636,1.0,0.0,122.76227272727273,121.13,0.1622313609090909,0.05720799454545455
93f758039,5,10.0,0.7816371332000001,1.0,0.0,107.8348,81.293,0.250293388,0.0741762048
94019dc75,2,10.0,0.763923294,1.0,0.0,121.13300000000001,121.13300000000001,0.18406987,0.141259105
9414e54b1,1,8.0,0.8218201875,1.0,0.0,48.565999999999995,48.565999999999995,0.14273752,0.06768038
941880ea3,5,8.0,0.7927666962301587,1.0,0.0,104.6344,83.88499999999999,0.300318558,0.0850986204
941eb9304,1,10.0,0.769987606,1.0,0.0,199.646,199.646,0.31599286,0.1559257
942af9028,6,10.0,0.7916178863333333,0.8333333333333334,0.0,144.893,120.21499999999997,0.24303381999999998,0.18881596566666667
9430042a3,2,8.5,0.7360083245138889,1.0,0.0,84.299,84.299,0.21103308999999998,0.08494224
9430d84c5,4,9.75,0.72264248525,1.0,0.0,166.901,194.3155,0.1947588275,0.08831946125
943bcd4db,5,10.0,0.7662932626,1.0,0.0,140.3506,149.992,0.383943062,0.12448444759999999
9449dcc18,2,8.5,0.7129276554285714,1.0,0.0,194.702,194.702,0.42652889,0.12016129
944a5fec2,1,10.0,0.730350788,1.0,0.0,182.671,182.671,0.23319568,0.2357787
944db63df,1,7.0,0.7566639485714287,1.0,0.0,13.983,13.983,0.1883236,0.11012547
945346188,4,8.75,0.8139307458888889,1.0,0.0,111.39599999999999,119.43,0.230057965,0.06606147174999999
945a7a8dd,1,7.0,0.73996398,1.0,0.0,158.245,158.245,0.17302848,0.109496124
94610095f,3,9.333333333333334,0.7970134584999999,1.0,0.0,128.88299999999998,145.345,0.14856329999999998,0.08792596733333334
9467b9867,6,7.666666666666667,0.7200734542215609,0.8333333333333334,0.0,103.80216666666666,84.6405,0.21357484000000002,0.18591001333333335
948a1a82c,3,8.0,0.7769113125132275,1.0,0.0,94.88966666666666,24.836999999999996,0.2716248666666667,0.16406937
948f580dd,14,9.857142857142858,0.7943014110238096,1.0,0.0,100.37757142857143,79.30600000000001,0.2703656835714286,0.1411058167142857
94918fff6,2,9.0,0.7585687788888889,1.0,0.0,45.199999999999996,45.199999999999996,0.2710054,0.043548387
9493ee8ee,2,10.0,0.8036769915000002,1.0,0.0,124.954,124.954,0.308521255,0.2006713
9495fed48,9,9.777777777777779,0.7745133173086419,1.0,0.0,116.90977777777776,118.36,0.23113511555555555,0.08298647211111111
9499f293e,2,9.5,0.7858571050000001,1.0,0.0,128.30449999999996,128.30449999999996,0.198902145,0.022464744000000002
949fbd095,6,7.666666666666667,0.7868599424166667,1.0,0.0,53.505500000000005,37.713499999999996,0.211458425,0.09778653999999999
94aec9453,2,9.0,0.7496040350000001,1.0,0.0,162.253,162.253,0.426732335,0.12467033799999999
94afcd90c,5,10.0,0.8404566374,1.0,0.0,178.0772,160.252,0.19134837519999998,0.0552921404
94bcf0199,3,7.666666666666667,0.7601216757500001,1.0,0.0,39.95066666666666,48.443999999999996,0.23198482333333334,0.06536650333333334
94d930dae,1,9.0,0.7816981055555555,1.0,0.0,83.42399999999999,83.42399999999999,0.23346347,0.022039544
94dac1ddf,3,9.0,0.7394639608095238,1.0,0.0,63.25933333333333,50.608999999999995,0.14532504,0.05847404266666667
94dc20e92,10,9.8,0.7546601397222222,1.0,0.0,114.26769999999999,99.006,0.321207825,0.151636573
94dc821ee,5,9.4,0.7533974425111112,1.0,0.0,73.52619999999999,50.396,0.22656179999999998,0.1356897434
94ec1c180,4,9.0,0.7851618010347222,1.0,0.0,69.40849999999999,52.56999999999999,0.1489367835,0.0895551535
94fa9ff25,1,10.0,0.7193490459999999,1.0,0.0,20.708,20.708,0.4072645,0.18652445
94fc65b67,6,9.666666666666666,0.7822547291666666,1.0,0.0,137.5945,151.0925,0.242727654,0.09153498266666667
950dd345b,6,10.0,0.7568344636666667,1.0,0.0,75.5585,53.921499999999995,0.37507206833333334,0.2255306916666667
951352bea,1,10.0,0.809697831,1.0,0.0,232.718,232.718,0.09000707,0.47510588
951d3ae42,1,10.0,0.725937917,1.0,0.0,88.949,88.949,0.45999926,0.11833519
9521ff66b,4,8.5,0.7836533093541667,1.0,0.0,174.66224999999997,174.08149999999998,0.3071118275,0.09882094225
952501bdb,3,9.0,0.7639458781428571,1.0,0.0,63.04866666666666,50.434,0.34912802,0.11486877000000001
953416879,6,6.166666666666667,0.6829161540833333,0.3333333333333333,0.0,37.521499999999996,27.082,0.30815913666666667,0.140912244
953e3ebd4,3,10.0,0.7840220353333334,1.0,0.0,78.562,64.016,0.28948984666666666,0.08684764366666668
954243934,1,10.0,0.764208475,1.0,0.0,228.79899999999998,228.79899999999998,0.2669763,0.046479363
955e7c5cf,1,10.0,0.7632285079999999,1.0,0.0,50.946,50.946,0.1445242,0.024783636
95636a0d9,11,9.272727272727273,0.765543178590909,1.0,0.0,129.51036363636365,156.728,0.25158533454545456,0.137555971
95696f11b,5,7.8,0.7670176260000001,1.0,0.0,14.9256,14.754999999999999,0.752174736,0.271869578
9579ad7a1,2,7.5,0.7621994521428571,1.0,0.0,46.954499999999996,46.954499999999996,0.43614794,0.15292096
95855babf,2,9.5,0.7728886565555555,1.0,0.0,139.173,139.173,0.40752016,0.23072923499999998
95914d469,7,8.714285714285714,0.7855842333333334,1.0,0.0,95.70942857142857,89.142,0.24759123000000002,0.049687825571428576
9593c0350,3,10.0,0.8555722706666667,1.0,0.0,62.35433333333333,54.589999999999996,0.25692293666666666,0.024240769666666665
95a89f5f2,4,9.75,0.7658521514166667,1.0,0.0,20.64325,21.395,0.5769384275,0.20453954
95af010cb,3,8.666666666666666,0.7532924056018518,1.0,0.0,149.23333333333332,146.129,0.19893545666666668,0.027638391666666668
95b94b4ac,5,7.6,0.7290406801944445,1.0,0.0,38.0552,46.77499999999999,0.211065892,0.10669689999999998
95bc62678,5,10.0,0.7943824855999999,1.0,0.0,113.8336,119.027,0.201263158,0.059266282
95c01e235,3,8.666666666666666,0.7713456654285714,1.0,0.0,171.494,197.684,0.2991938966666667,0.11032369833333333
95e61ce61,2,9.5,0.7857271968888888,1.0,0.0,85.064,85.064,0.26997658,0.2551431
95e92b082,3,10.0,0.798404927,1.0,0.0,169.618,193.158,0.2519211866666667,0.110373865
95e9ad1b2,6,9.166666666666666,0.7699837447738095,1.0,0.0,87.99016666666667,82.941,0.26611215833333335,0.08993573266666667
95eb301ed,13,9.153846153846153,0.7479952810619659,1.0,0.0,88.36384615384615,55.907999999999994,0.35527638538461537,0.13042541707692307
9609a0b86,5,9.6,0.82219462295,1.0,0.0,124.7338,119.902,0.22306729600000003,0.0584460628
960f1a1d8,6,9.833333333333334,0.7733220734814815,1.0,0.0,138.80466666666666,155.94,0.18222728833333335,0.12645970566666667
962c84aa9,6,9.833333333333334,0.7467608864074075,1.0,0.0,83.21483333333333,67.5495,0.240297395,0.1057803915
963520a2c,4,9.25,0.7712369245277778,1.0,0.0,146.6515,154.36,0.13081613250000002,0.035685483999999996
96462a567,3,9.666666666666666,0.7677503851851851,1.0,0.0,59.19133333333334,76.596,0.3437328933333333,0.08739749733333334
96477b249,5,8.8,0.765527457384127,1.0,0.0,139.692,154.469,0.313375374,0.05116198439999999
964b2fec4,3,10.0,0.7612622413333332,1.0,0.0,48.40266666666667,50.983,0.28049999999999997,0.17321652533333332
965adb809,2,10.0,0.7146155325,1.0,0.0,175.171,175.171,0.13999055,0.0417800225
965b31ba7,2,10.0,0.7765309055,1.0,0.0,92.23349999999999,92.23349999999999,0.28066620999999997,0.10245404250000001
9664bcecb,11,9.272727272727273,0.7590095435454546,1.0,0.0,157.29181818181817,180.68099999999998,0.24440179909090912,0.05659838718181818
966598774,3,10.0,0.7390937283333333,1.0,0.0,149.08633333333333,189.74699999999999,0.33865941,0.10738165933333334
9668972cc,3,8.0,0.7459436462499999,1.0,0.0,24.185,24.185,0.3686274600000001,0.11410200600000002
966aaf6e2,5,8.6,0.8036046271904762,1.0,0.0,172.794,160.136,0.290753622,0.0647901166
96703e01d,3,9.0,0.7375047458571428,1.0,0.0,108.68566666666665,85.76499999999999,0.15345481866666666,0.033840387666666666
9679275a3,4,9.0,0.7689032420624999,1.0,0.0,114.46475,120.09100000000001,0.109510005,0.06609794875
967ee6c2e,1,10.0,0.773447514,1.0,0.0,82.108,82.108,0.17966357,0.08112519
967fa3210,3,10.0,0.7455299413333334,1.0,0.0,134.96066666666667,125.24399999999999,0.25028293,0.05774711733333334
9684a1603,4,9.5,0.7562980085625,1.0,0.0,66.85725,66.86699999999999,0.53847302,0.15932257500000002
9697ebf42,1,10.0,0.8351943330000001,1.0,0.0,19.641,19.641,0.5697493,0.3764802
96a1bce27,1,8.0,0.8059022775,1.0,0.0,20.039,20.039,0.22823277,0.15649314
96a35824d,2,10.0,0.7629882454999999,1.0,0.0,193.5065,193.5065,0.23248360499999998,0.0365317845
96ad2141c,1,8.0,0.7893602875000001,1.0,0.0,193.679,193.679,0.25656936,0.049468555
96b39751e,4,10.0,0.80671716525,1.0,0.0,124.2555,118.62799999999999,0.307512705,0.1431885165
96b7978d2,5,9.4,0.780256917142857,1.0,0.0,99.947,116.781,0.208720788,0.06434218280000001
96ba0193d,1,10.0,0.739282769,1.0,0.0,121.62,121.62,0.30192056,0.11827699
96e9f6fd8,5,10.0,0.7713623484,1.0,0.0,50.9436,37.601,0.1293924404,0.0425595401
96eb3ec09,4,10.0,0.77925401825,1.0,0.0,72.93275,36.1205,0.336548905,0.1443591725
9702a20bb,1,8.0,0.63915161625,1.0,0.0,51.309999999999995,51.309999999999995,0.28460672,0.22294664
97094f7ec,1,7.0,0.8319456185714286,1.0,0.0,120.667,120.667,0.28403038,0.02332889
971817521,2,10.0,0.7722006525,1.0,0.0,117.922,117.922,0.181766045,0.119968005
9718baba0,14,8.285714285714286,0.7552606024090355,0.8571428571428571,0.0,104.70849999999999,89.138,0.19193989785714285,0.12249181678571429
971c160c7,2,9.0,0.7341417585000001,1.0,0.0,143.3845,143.3845,0.202864085,0.07417288500000001
9725bf4d2,4,9.75,0.7752613193888889,1.0,0.0,84.65599999999999,67.4105,0.3009439225,0.14897335750000001
9725fc542,3,10.0,0.7987218816666667,1.0,0.0,123.96466666666664,157.66799999999998,0.22104038333333334,0.12322347666666666
973278f56,2,10.0,0.7911047485,1.0,0.0,106.1385,106.1385,0.256646255,0.03421659
9744dcc69,3,8.0,0.8107280392592594,1.0,0.0,119.45433333333334,122.201,0.31350258000000003,0.10135079166666666
9761c645f,3,9.666666666666666,0.7390116061481482,1.0,0.0,91.09999999999998,20.711999999999996,0.27954016666666665,0.10207226833333333
976cd59b0,1,7.0,0.7808645285714285,1.0,0.0,81.418,81.418,0.18681955,0.020832224
978526235,3,9.333333333333334,0.7590303884814814,1.0,0.0,69.47633333333333,85.43299999999999,0.3231664066666667,0.07156896866666666
9786bb3f7,4,9.75,0.8014716004722222,1.0,0.0,67.69024999999999,51.981,0.172488545,0.0957388815
97916de84,5,9.2,0.7638808778555556,1.0,0.0,104.4364,112.92,0.20162592,0.0528433382
9795ce5b0,1,10.0,0.75618238,1.0,0.0,52.912,52.912,0.29935917,0.015641293
979bab13e,3,9.666666666666666,0.7520075155185184,1.0,0.0,118.10266666666666,159.853,0.3126186366666666,0.25644545333333335
979d48d7b,25,8.84,0.775723228094127,1.0,0.0,172.01363999999998,156.7,0.242898912,0.06087595944
979e3f8f7,9,7.333333333333333,0.7455641951181657,1.0,0.0,119.97333333333333,87.732,0.2525323088888889,0.05611492111111111
97a020fe8,7,9.714285714285714,0.7457647163968254,1.0,0.0,130.5635714285714,124.15299999999999,0.23129454,0.09479235814285714
97a10da78,2,10.0,0.7848336465,1.0,0.0,212.9645,212.9645,0.27757900999999996,0.1759018375
97a80f8b3,1,10.0,0.7068552269999999,1.0,0.0,107.608,107.608,0.19722874,0.04009083
97aa9eeac,9,9.444444444444445,0.7617748398981482,1.0,0.0,106.09622222222222,82.133,0.3743208244444445,0.11720044677777779
97b32f734,2,8.5,0.7727999337857143,1.0,0.0,103.2495,103.2495,0.231109325,0.042490462
97b469d4b,4,9.75,0.7465359928333334,1.0,0.0,203.44650000000001,233.823,0.2643076625,0.07450251525
97b9ee40b,3,9.666666666666666,0.7325105194444445,1.0,0.0,159.657,159.17399999999998,0.37398412333333336,0.2585225066666667
97c58d897,2,10.0,0.8553473090000001,1.0,0.0,66.98,66.98,0.26377789,0.037327187
97cdcca1f,2,9.0,0.749079130625,1.0,0.0,141.64499999999998,141.64499999999998,0.37664981,0.28574283
97ce22dae,1,10.0,0.805718265,1.0,0.0,13.227999999999998,13.227999999999998,0.30604348,0.11465657
97d823486,2,9.0,0.7897850649999999,1.0,0.0,101.698,101.698,0.120310267,0.0370075385
97db95d21,5,10.0,0.8080347973999998,1.0,0.0,157.2018,196.507,0.28853492799999997,0.0520522386
97dc40c6f,5,9.4,0.835260019742857,1.0,0.0,138.4942,194.441,0.218756242,0.09651701
97dc6aa32,5,9.6,0.7932636152,1.0,0.0,69.27059999999999,23.929,0.45177157599999995,0.1856052688
97dd55a08,1,10.0,0.773734485,1.0,0.0,83.598,83.598,0.19859797,0.2825062
97e47e7c0,7,9.428571428571429,0.7854293159841269,1.0,0.0,61.94728571428571,26.325000000000003,0.29488858999999995,0.14487372285714287
97f0e7ec2,5,10.0,0.7865815065999999,1.0,0.0,64.0984,51.949999999999996,0.69239834,0.252436456
97f683e04,4,8.5,0.7745886787499999,0.75,0.0,129.25125,118.8255,0.3572845975,0.125476936
9801a0f9c,6,10.0,0.7994021811666666,1.0,0.0,66.00099999999999,51.498999999999995,0.28761981666666664,0.146741146
98128b920,2,9.5,0.799377416888889,1.0,0.0,153.498,153.498,0.15900917,0.110172584
9817c3ef1,4,9.75,0.7627236125833333,1.0,0.0,118.76774999999999,116.9455,0.1568640625,0.038328481
9819716c8,2,10.0,0.7581547684999999,1.0,0.0,50.155,50.155,0.25082055999999997,0.0801502335
98231df17,1,10.0,0.732366818,1.0,0.0,22.484,22.484,0.22038761,0.18834548
982564925,5,9.8,0.8051486907555555,1.0,0.0,31.8376,24.003999999999998,0.400616038,0.1358827574
9827921f8,4,10.0,0.77880937725,1.0,0.0,102.76825,102.4365,0.24205924,0.09291628925
983160271,1,10.0,0.741125772,1.0,0.0,196.881,196.881,0.14818853,0.13194788
9862e5dfe,4,8.75,0.769996053638889,1.0,0.0,84.72225,81.7385,0.33408038749999996,0.1059415465
98673487c,4,9.75,0.8024854240555556,1.0,0.0,92.00675000000001,83.5065,0.29350495,0.07136663225
98686f3bc,3,7.666666666666667,0.7472829665555555,1.0,0.0,87.21466666666667,46.589,0.12556167,0.058611610333333335
9869aad59,2,8.5,0.7709458524999999,1.0,0.0,52.351499999999994,52.351499999999994,0.205189285,0.086776347
98780fbb6,4,9.75,0.7693545790277778,1.0,0.0,148.154,155.813,0.28223038,0.11558358625000001
9883a048e,5,9.4,0.7961495378611112,1.0,0.0,76.35,51.870999999999995,0.170723898,0.051318909
988c18c10,2,9.0,0.77299429675,1.0,0.0,141.3435,141.3435,0.33655106999999995,0.31785465999999996
988f48ca6,4,9.5,0.7693404253125,1.0,0.0,43.998999999999995,19.5655,0.1459280675,0.13607787
98ae607d8,6,7.5,0.7769084809027778,1.0,0.0,159.06783333333334,151.565,0.14570959133333333,0.0437928595
98c17f102,7,9.0,0.745141104244898,1.0,0.0,43.53142857142858,47.8,0.20079397000000002,0.0637531865
98d3a24b8,3,7.666666666666667,0.7796243867857142,1.0,0.0,52.707,21.94,0.19392318666666666,0.07298531800000001
98da79d01,2,10.0,0.8116786155,1.0,0.0,153.987,153.987,0.30412779,0.1145208975
98e1a3f01,1,10.0,0.8086548240000001,1.0,0.0,73.501,73.501,0.14327905,0.041396946
98e211da3,3,7.0,0.7977190414285714,1.0,0.0,143.55766666666668,119.842,0.197501115,0.059125060666666666
9907dde11,2,10.0,0.7712799345000001,1.0,0.0,155.31199999999998,155.31199999999998,0.46694205499999997,0.060483873
991519fdb,1,10.0,0.794310087,1.0,0.0,53.02,53.02,0.15944324,0.088113755
991c722c1,13,9.76923076923077,0.7683007494850428,1.0,0.0,115.11284615384615,111.43299999999999,0.17711111761538462,0.04223915584615385
991eba9f9,5,9.6,0.7497379759111111,1.0,0.0,93.247,53.168,0.21256613600000002,0.1184969848
992170cac,2,10.0,0.7687053079999999,1.0,0.0,70.08949999999999,70.08949999999999,0.31790922,0.15372013
9922b4f91,5,10.0,0.7949203248000001,1.0,0.0,79.35379999999999,50.349,0.200381704,0.1184703448
992d82305,10,9.9,0.756433419,1.0,0.0,87.2213,49.9745,0.386357925,0.135949967
993113176,1,9.0,0.7717770366666666,1.0,0.0,118.349,118.349,0.38772777,0.26292875
9942bce62,6,8.333333333333334,0.7516158705416668,0.8333333333333334,0.0,176.0755,194.0745,0.20005504500000001,0.135315991
994450113,2,10.0,0.7746610485000001,1.0,0.0,150.788,150.788,0.52135138,0.21557828
9945962c3,5,9.2,0.7885512999388888,1.0,0.0,179.4912,192.40799999999996,0.32811642399999996,0.10790955399999999
99459c30d,5,7.6,0.7267506964444445,0.8,0.0,133.4554,120.78899999999999,0.161851878,0.0331372692
9945b5ac5,4,10.0,0.7981826575000001,1.0,0.0,119.98374999999999,119.195,0.19915829499999999,0.04541179575
9951b9762,6,9.0,0.7623454425833334,1.0,0.0,96.3555,83.8305,0.16476158766666668,0.08245805366666666
9951dff79,4,7.75,0.7416843850714285,0.5,0.0,192.3325,192.08100000000002,0.4176899525,0.04485242875
99558286a,2,7.5,0.7225980630000001,1.0,0.0,212.677,212.677,0.38687104,0.051555696
99558ec92,3,10.0,0.7702975016666667,1.0,0.0,134.7843333333333,159.38099999999997,0.31011621,0.179529425
997653f86,4,10.0,0.75559335675,1.0,0.0,147.219,175.712,0.37278268000000003,0.18933843175
9976d9007,9,10.0,0.8014467633333333,1.0,0.0,151.10922222222223,152.23999999999998,0.34096315555555556,0.12407985677777776
997db5df5,4,9.25,0.7444669453928572,1.0,0.0,130.43825,136.5765,0.280259765,0.210850229
9981290b2,3,10.0,0.8968523106666666,1.0,0.0,165.93533333333335,152.989,0.36192284666666663,0.15616826866666667
9981e5f29,2,9.0,0.7589303944444444,1.0,0.0,181.0555,181.0555,0.241618655,0.09509561
998488372,13,9.076923076923077,0.7835284357152015,1.0,0.0,113.64846153846153,123.026,0.2483377746153846,0.06392246392307692
99859bab7,1,8.0,0.789528505,1.0,0.0,50.381,50.381,0.19653933,0.2265869
998de7b77,3,10.0,0.754646401,1.0,0.0,71.17733333333332,74.47299999999998,0.21994028333333335,0.077480055
9999b8c82,5,10.0,0.8038126741999999,0.8,0.0,81.74539999999999,23.712,0.380286416,0.17115000019999999
9999c355f,3,10.0,0.7706217956666667,1.0,0.0,96.16266666666667,116.498,0.21468216333333334,0.10075355066666668
999d24492,2,10.0,0.7630914415000001,1.0,0.0,153.558,153.558,0.251853195,0.1649603885
99a0196aa,10,9.2,0.7750922597638888,1.0,0.0,132.7774,152.171,0.1687817154,0.06763126918
99a994cb1,2,10.0,0.7754529674999999,1.0,0.0,117.0325,117.0325,0.247416925,0.22927739
99a9c9a23,1,10.0,0.763719363,1.0,0.0,47.265,47.265,0.1893382,0.07897701
99ab7c701,1,9.0,0.723585001111111,1.0,0.0,115.84899999999999,115.84899999999999,0.15439813,0.21392646
99b263dea,2,10.0,0.785522794,1.0,0.0,101.627,101.627,0.38824238,0.0644820315
99b55ee76,18,9.277777777777779,0.7582759047484567,1.0,0.0,103.72983333333333,101.431,0.2452482511111111,0.11565705422222222
99ba6513a,8,8.0,0.8118706129107143,1.0,0.0,89.275375,98.84299999999999,0.26836130125,0.090105251
99be827e6,3,10.0,0.7935371186666668,1.0,0.0,82.271,81.347,0.35190230333333333,0.11024395666666666
99c110585,5,9.8,0.7497833212,1.0,0.0,40.8846,47.452,0.364450556,0.13811836500000002
99c7658be,2,8.5,0.7543569889583333,1.0,0.0,116.91799999999998,116.91799999999998,0.23047028,0.131766045
99cbd42dc,5,6.4,0.7888775206904761,1.0,0.2,155.6972,118.382,0.14226864,0.1363875849
99daba941,1,9.0,0.7399906955555555,1.0,0.0,19.070999999999998,19.070999999999998,0.27666032,0.21594118
99dcd9020,5,7.6,0.7965287078412698,1.0,0.0,99.4388,84.744,0.276035446,0.1481442952
99e9a454d,5,9.6,0.7638951505111111,1.0,0.0,82.37440000000001,110.93799999999999,0.314759286,0.1924210832
99ed50a86,2,6.0,0.8255461733333334,1.0,0.0,157.72650000000002,157.72650000000002,0.18031649500000002,0.1115639725
99f5b19b5,1,9.0,0.7261778455555556,1.0,0.0,232.202,232.202,0.20377536,0.0499796
9a0db11a9,2,10.0,0.7410349540000001,1.0,0.0,132.56850000000003,132.56850000000003,0.16899005,0.09204496699999999
9a1a1d801,2,10.0,0.815652976,1.0,0.0,68.653,68.653,0.229664015,0.025405711
9a1be07d5,2,8.0,0.802677760625,1.0,0.0,152.21749999999997,152.21749999999997,0.340242485,0.065339925
9a218ea6c,3,8.666666666666666,0.801338132116402,1.0,0.0,62.58066666666667,53.678,0.2575265133333333,0.069198753
9a2f44ddf,2,10.0,0.7570971845,1.0,0.0,81.99249999999999,81.99249999999999,0.342736945,0.16868836999999998
9a3224461,23,9.608695652173912,0.7590099077470669,1.0,0.0,88.33608695652173,70.40199999999999,0.17965837234782606,0.04022792506521739
9a34ddc8b,2,7.0,0.7941756857142858,1.0,0.0,70.4055,70.4055,0.26051612,0.143253556
9a3c966a9,4,10.0,0.8638093565,1.0,0.0,118.30425,81.42849999999999,0.27920206000000003,0.115401535
9a48cc316,6,8.833333333333334,0.7133178893988096,1.0,0.0,188.36633333333336,196.623,0.32369550500000005,0.10890937066666667
9a5da8156,4,10.0,0.73997880725,1.0,0.0,166.0455,157.26,0.2902638025,0.13223283349999998
9a65d163b,4,9.75,0.7668671430277778,1.0,0.0,59.534,52.0625,0.3327162825,0.16835922
9a6f2f7d3,5,10.0,0.8309826003999999,1.0,0.0,113.5302,123.661,0.20375961999999997,0.0971557432
9a719040f,5,8.6,0.7587303956,1.0,0.0,83.567,51.959999999999994,0.25023435000000005,0.09599375660000001
9a7474fd8,2,10.0,0.7825901245,1.0,0.0,193.12099999999998,193.12099999999998,0.381709835,0.08996704999999999
9a770c49a,1,6.0,0.7777386199999999,1.0,0.0,83.065,83.065,0.0940747,0.031810034
9a7885841,2,8.0,0.8041507735,1.0,0.0,135.5615,135.5615,0.25510325,0.06293455
9a8cbb0c8,3,9.666666666666666,0.7088105935555555,1.0,0.0,132.17933333333335,121.007,0.21235458666666665,0.08342968133333334
9a965c1f0,1,10.0,0.746541522,1.0,0.0,85.637,85.637,0.26400346,0.24065574
9a9707c98,5,9.6,0.7645025894444444,1.0,0.0,36.0828,23.733999999999998,0.275510978,0.10599465699999999
9a9f6c753,4,8.25,0.7928151294642858,1.0,0.0,119.88550000000001,118.36500000000001,0.355670975,0.09341397925
9aa2d99f5,3,10.0,0.8018643476666667,1.0,0.0,68.21733333333334,55.711999999999996,0.39352673666666665,0.11244074766666667
9aa40019a,2,8.0,0.8279924205,1.0,0.0,70.2085,70.2085,0.330071675,0.1948942625
9aa5ab22f,1,10.0,0.815974344,1.0,0.0,51.343999999999994,51.343999999999994,0.20466895,0.041136432
9aa9d63f8,2,8.0,0.7689498531250001,1.0,0.0,137.0525,137.0525,0.177182732,0.052732652
9aac5500a,5,8.0,0.762584185863492,1.0,0.0,122.60499999999999,84.0,0.1608719612,0.05132010099999999
9ab7e48e8,1,10.0,0.828186841,1.0,0.0,188.91799999999998,188.91799999999998,0.32914758,0.1304197
9ab8dddba,3,9.666666666666666,0.7222729621481481,1.0,0.0,145.479,154.961,0.11013139,0.034922989999999994
9abb10f2f,6,10.0,0.825543416,1.0,0.0,131.09733333333332,134.5065,0.17979969833333334,0.0604983255
9ac5a9faf,2,9.0,0.7350173609999999,1.0,0.0,87.96699999999998,87.96699999999998,0.30140507,0.137496998
9acd96273,1,10.0,0.8023722400000001,1.0,0.0,120.723,120.723,0.261337,0.096514046
9ad6f6fae,7,9.285714285714286,0.7910285409523808,1.0,0.0,69.67342857142857,53.05,0.24674243857142855,0.1748674464285714
9adf0f234,3,8.666666666666666,0.7463832802222222,1.0,0.0,142.31666666666663,150.808,0.17054903333333335,0.09319658199999999
9ae0545c1,4,9.75,0.7239381493611111,1.0,0.0,99.3835,88.7175,0.21153064,0.056001758250000006
9aee8fe5a,3,10.0,0.7615287673333332,1.0,0.0,132.36766666666665,124.972,0.26545995333333333,0.16859576866666667
9af15c8f1,3,9.666666666666666,0.7623634676666665,1.0,0.0,79.353,72.426,0.39436882333333334,0.07983697
9af8f154b,3,10.0,0.7453425983333334,1.0,0.0,63.34133333333333,51.605,0.23139362333333333,0.15117355
9afc068ae,2,10.0,0.7479361905,1.0,0.0,158.582,158.582,0.25118253,0.17752047499999998
9b0744be7,3,10.0,0.7749637733333333,1.0,0.0,151.04099999999997,111.327,0.43905098333333337,0.20420391000000002
9b09114c4,3,8.666666666666666,0.7673352953333333,1.0,0.0,24.655999999999995,24.598,0.16818715666666664,0.20389640333333334
9b09190e4,4,8.75,0.7555800461964286,1.0,0.0,159.028,156.49399999999997,0.22059322375,0.09987426399999999
9b11972b0,10,8.4,0.759020418781746,1.0,0.0,153.09879999999998,155.96499999999997,0.225527809,0.0853695039
9b2316d19,2,10.0,0.8058456119999999,1.0,0.0,35.4875,35.4875,0.459441325,0.21717636
9b251f717,3,10.0,0.7629371873333333,1.0,0.0,71.36433333333333,51.68399999999999,0.22901907,0.11911056933333335
9b2aaf395,2,10.0,0.7868990505,1.0,0.0,85.764,85.764,0.18536036,0.09713014
9b344389b,5,8.8,0.7637646691666667,1.0,0.0,118.883,114.066,0.35112168600000004,0.09709776640000001
9b3e95995,11,8.818181818181818,0.7388378306818182,1.0,0.0,113.25663636363635,116.144,0.34671223,0.2242376969090909
9b53610ea,16,7.875,0.7357604502562004,0.875,0.0,125.8673125,117.369,0.2243768153125,0.1003111506875
9b56301b6,1,10.0,0.7301589660000001,1.0,0.0,148.22599999999997,148.22599999999997,0.41286278,0.067916825
9b5df2f3d,2,9.0,0.7525529264999999,1.0,0.0,140.1615,140.1615,0.18699409,0.148685365
9b7179c65,1,10.0,0.862685501,1.0,0.0,117.75699999999999,117.75699999999999,0.21840732,0.05426267
9b71a3c06,6,10.0,0.7462144546666667,1.0,0.0,184.72866666666664,176.83249999999998,0.30536618,0.0978694895
9b8805c58,3,9.666666666666666,0.7588423182962963,1.0,0.0,100.15733333333333,84.555,0.12304155866666666,0.07949066566666667
9b93196dd,2,10.0,0.745497854,1.0,0.0,36.284499999999994,36.284499999999994,0.31077175,0.1086975375
9b95ec85b,2,10.0,0.74776152,1.0,0.0,154.3155,154.3155,0.160257335,0.1256990315
9b980624e,3,9.333333333333334,0.7815328704074074,1.0,0.0,48.494,48.36,0.3588326333333334,0.26103575333333334
9b9873716,3,8.666666666666666,0.7885002490833332,1.0,0.0,136.166,87.42,0.2960522666666667,0.21061583233333334
9b9976e20,3,8.0,0.792477256765873,1.0,0.0,26.22866666666667,26.473,0.36593247333333334,0.10735902666666668
9b9cadd98,5,10.0,0.7847160021999999,1.0,0.0,123.1668,119.743,0.167648608,0.0737580606
9ba11975b,4,10.0,0.76929655625,1.0,0.0,59.77374999999999,49.428,0.3719213025,0.143838883
9ba39bba6,1,10.0,0.756130624,1.0,0.0,152.626,152.626,0.19030195,0.17395075
9ba7b7b9c,2,9.0,0.7629844005555556,1.0,0.0,21.0765,21.0765,0.19356663000000002,0.15587061800000002
9baf0d577,3,8.333333333333334,0.7630226199259259,1.0,0.0,51.522333333333336,19.594,0.34949719000000007,0.15395954233333334
9bcd62ef1,4,7.0,0.6964224401319444,0.25,0.0,157.72899999999998,156.4185,0.2684410925,0.153587327
9bd70dc2b,5,9.2,0.7985601459428571,1.0,0.0,82.4832,52.398,0.234853412,0.09538674899999999
9bfb6a77f,4,9.5,0.7950667329375,1.0,0.0,163.95875,164.8945,0.3050119525,0.09009216875
9c0f6076a,6,10.0,0.7957789431666668,1.0,0.0,108.31299999999999,87.4845,0.25573002,0.14617297166666668
9c17624f8,1,10.0,0.75737854,1.0,0.0,119.038,119.038,0.18915555,0.029006243
9c296a253,1,8.0,0.79341368375,1.0,0.0,83.319,83.319,0.11947897,0.044833373
9c33e8db3,9,9.11111111111111,0.8029055985277778,1.0,0.0,62.19844444444444,29.293,0.2831369288888889,0.06976721677777778
9c3f9ca37,2,8.0,0.7706422725396825,1.0,0.0,105.39699999999999,105.39699999999999,0.17495217000000002,0.047874393
9c43d4567,3,9.333333333333334,0.76535034225,1.0,0.0,78.475,52.0,0.28451875,0.11440850733333334
9c443e54d,5,8.6,0.7618450891253967,1.0,0.0,178.03979999999999,187.169,0.238450768,0.0996269108
9c580ca06,1,7.0,0.7751199185714287,1.0,0.0,161.67999999999998,161.67999999999998,0.3533869,0.25534758
9c5f43178,1,10.0,0.748970681,1.0,0.0,151.523,151.523,0.27481884,0.031651057
9c64232b3,2,9.5,0.7878425036666666,1.0,0.0,86.7885,86.7885,0.20391710000000002,0.0815990285
9c714104f,4,9.75,0.7497504069722223,1.0,0.0,163.95475,170.27949999999998,0.2891002975,0.101294655
9c7476c25,3,10.0,0.7920661536666667,1.0,0.0,155.22166666666666,161.92399999999998,0.2973826866666667,0.04888388666666666
9c777bb01,6,9.833333333333334,0.7821698819629629,1.0,0.0,123.6075,138.0855,0.20471178833333334,0.1115303895
9c788a6bb,3,9.0,0.7624821105092593,1.0,0.0,179.12433333333334,189.887,0.21591037000000002,0.05121942666666667
9c803d826,3,10.0,0.7579444696666666,1.0,0.0,145.10766666666666,147.515,0.3748391233333333,0.13737622833333332
9c8209bae,7,9.0,0.7778985452902495,1.0,0.0,135.43885714285713,155.14100000000002,0.16617768428571428,0.08541887214285715
9c833c8c4,5,9.8,0.7501864053333334,1.0,0.0,132.61219999999997,116.64499999999998,0.215244538,0.0888845706
9c87d70e5,2,10.0,0.7337527505,1.0,0.0,64.1905,64.1905,0.17372828,0.05252928
9c91ae76a,5,9.6,0.7650930428666667,1.0,0.0,111.8498,85.53199999999998,0.25140134999999997,0.0871119808
9c996aee9,1,8.0,0.7194079812499999,1.0,0.0,238.32099999999997,238.32099999999997,0.22226445,0.0944252
9ca5f1891,3,8.0,0.7502836066335979,1.0,0.0,75.74666666666666,48.76599999999999,0.27513565333333334,0.13475884666666668
9cb5c5f68,1,10.0,0.7445920549999999,1.0,0.0,50.946999999999996,50.946999999999996,0.26918373,0.071975805
9cbae8539,1,10.0,0.784529561,1.0,0.0,148.532,148.532,0.45366418,0.05029483
9cc36a057,1,10.0,0.76562632,1.0,0.0,195.537,195.537,0.13630861,0.03234478
9cc8bae3b,1,10.0,0.739068984,1.0,0.0,231.54799999999997,231.54799999999997,0.0794466,0.17416753
9cd7bfaa6,1,9.0,0.7611260933333334,1.0,0.0,157.539,157.539,0.30239487,0.07937071
9cda44cdf,8,9.375,0.7405202744895834,0.75,0.0,148.02237499999998,138.9595,0.25562678625,0.1020373435
9ce27322b,1,9.0,0.73514521,1.0,0.0,195.592,195.592,0.20366926,0.084552065
9cf32e2a6,3,10.0,0.7720748206666667,1.0,0.0,130.364,85.22800000000001,0.26626568,0.08219667333333333
9cf90beff,5,8.4,0.7680006114158731,1.0,0.0,66.87519999999999,51.372,0.11181188499999999,0.0318591754
9cfe96818,3,8.333333333333334,0.7711600535714286,1.0,0.0,34.891333333333336,17.891,0.3057931133333333,0.12117515833333332
9d03cf923,4,10.0,0.79221315975,1.0,0.0,93.52125,86.30199999999999,0.22208767499999998,0.105024569
9d1012529,1,10.0,0.8036953569999999,1.0,0.0,80.732,80.732,0.3058292,0.059172172
9d1b799e7,6,9.833333333333334,0.7699127148148147,1.0,0.0,41.92083333333333,48.857,0.3613853466666666,0.19179132916666666
9d2fb911c,4,9.0,0.7350707116944445,1.0,0.0,113.01249999999999,121.36949999999999,0.2302098075,0.168705515
9d3c3c390,5,9.6,0.79139071295,1.0,0.0,78.725,52.516,0.600186442,0.339334028
9d3d3b938,2,9.0,0.75514277275,1.0,0.0,181.3505,181.3505,0.251395515,0.1400973375
9d4cf29f6,6,8.833333333333334,0.7942460671190475,1.0,0.0,97.97816666666665,84.604,0.22483858833333334,0.16861320999999999
9d4e91ab0,8,10.0,0.802282609875,1.0,0.0,138.006,156.34799999999998,0.25533372875,0.06124061975
9d513f46a,5,9.0,0.7510517214888889,1.0,0.0,137.126,157.195,0.16733062520000003,0.0772523804
9d5f190cf,6,8.5,0.79226529205291,1.0,0.0,86.70283333333333,56.689499999999995,0.31111388,0.05353396283333334
9d64175e7,1,9.0,0.8010106444444445,1.0,0.0,156.65699999999998,156.65699999999998,0.22848843,0.089490116
9d66ac1e7,6,9.0,0.7383653399074074,1.0,0.0,127.16583333333334,154.7365,0.18440645166666667,0.08095765326666667
9d6c6055b,3,8.666666666666666,0.6887936267777777,1.0,0.0,66.34266666666666,48.0,0.32797208333333333,0.12056786966666667
9d70a0499,1,10.0,0.7217050629999999,1.0,0.0,154.54399999999998,154.54399999999998,0.17535535,0.18700552
9d8032dd0,3,9.333333333333334,0.7795912724074073,1.0,0.0,97.61266666666666,117.80499999999999,0.30069932000000005,0.07058619333333334
9d84fc0c5,7,9.0,0.7421615113316327,1.0,0.0,113.35885714285713,117.768,0.18867072,0.06382860125714286
9d87fbd92,11,9.454545454545455,0.7651643538564215,1.0,0.0,173.2700909090909,158.83100000000002,0.25900879963636364,0.06973875081818182
9d8e820b0,1,10.0,0.762433609,1.0,0.0,188.262,188.262,0.23396921,0.09668748
9da5c9d23,1,10.0,0.8202510930000001,1.0,0.0,156.005,156.005,0.19946364,0.1187565
9dae4e297,4,10.0,0.7832412682500001,1.0,0.0,28.746499999999997,21.761499999999998,0.2797983,0.072744344
9dca0bf20,14,9.785714285714286,0.7839429403174603,1.0,0.0,108.76707142857143,119.24600000000001,0.31413363214285717,0.1059072795
9dd3b3bce,1,8.0,0.78700478625,1.0,0.0,240.527,240.527,0.25246418,0.123222336
9dd9f107d,1,10.0,0.7834222000000001,1.0,0.0,154.756,154.756,0.23962156,0.016397849
9de6b8550,2,9.5,0.7566944213333333,1.0,0.0,156.12149999999997,156.12149999999997,0.21971894000000003,0.019243531
9deb1340f,1,9.0,0.7652006877777778,1.0,0.0,20.641,20.641,0.40763834,0.151922
9deed930d,3,9.666666666666666,0.7589621798518519,1.0,0.0,195.52433333333332,232.448,0.28797237000000003,0.046904887
9df9b11b1,1,9.0,0.78323103,1.0,0.0,193.47199999999998,193.47199999999998,0.18308428,0.0460761
9dfcbe364,1,10.0,0.748187318,1.0,0.0,193.744,193.744,0.2644997,0.26911044
9dfee7db3,4,9.0,0.7679408722857143,1.0,0.0,158.24025,157.6075,0.2225506325,0.079470085
9e0b14cf6,14,8.571428571428571,0.7619739136655329,0.8571428571428571,0.0,123.49149999999999,120.19199999999998,0.18695211,0.1061827955
9e2039291,8,9.875,0.7910069431805555,1.0,0.0,75.097125,49.253,0.29043238875,0.1361405745
9e25c09b2,2,9.5,0.7761202818333334,1.0,0.0,106.33949999999999,106.33949999999999,0.28568666,0.0320409505
9e27976e9,1,7.0,0.61199845,1.0,0.0,194.62399999999997,194.62399999999997,0.15427914,0.10672525
9e2a19b16,5,8.0,0.8207747523214286,1.0,0.0,67.17319999999998,51.744,0.23746781600000003,0.139704789
9e2af0f7a,2,9.5,0.7297638813888889,1.0,0.0,135.547,135.547,0.367660135,0.133307422
9e3239219,2,8.5,0.7626850304285715,1.0,0.0,191.10449999999997,191.10449999999997,0.15226678,0.0210788995
9e399c659,12,9.416666666666666,0.7783921177037038,1.0,0.0,131.01516666666666,117.781,0.2598653925,0.05203636141666667
9e3d235d8,4,8.75,0.76264634925,1.0,0.0,185.65925,193.843,0.34453185999999997,0.08725943475
9e4420002,5,9.6,0.74947071085,0.4,0.0,154.08020000000002,155.352,0.276872084,0.15857108599999997
9e5476a10,2,9.5,0.7550213802222222,1.0,0.0,198.124,198.124,0.18950646,0.14421373999999998
9e5672e85,7,7.857142857142857,0.7587286963214286,0.42857142857142855,0.0,105.94671428571428,118.729,0.1783394657142857,0.12460978114285715
9e6570928,4,10.0,0.7779628945000001,1.0,0.0,32.701499999999996,26.935,0.38168534,0.0596647965
9e6d5d0df,3,8.666666666666666,0.677980325,0.6666666666666666,0.0,108.24633333333334,84.0,0.36258524000000003,0.15166905
9e935b385,9,10.0,0.8327783624444445,1.0,0.0,61.15233333333333,44.502,0.3276062388888889,0.07019115744444444
9e9a3285d,2,10.0,0.7170924765,1.0,0.0,105.4875,105.4875,0.44077022,0.0970777
9e9ce66e9,5,8.6,0.7758152695,1.0,0.0,130.3712,153.39700000000002,0.23653027199999999,0.09001572599999999
9ea482068,4,8.5,0.7686144271388888,1.0,0.0,141.71375,161.596,0.365568715,0.17715921
9ea8e240f,5,9.0,0.7777010492642857,0.8,0.0,111.9924,118.13999999999999,0.206761594,0.0570561718
9eb6e75e2,5,9.0,0.7736123718857143,1.0,0.0,130.88060000000002,82.598,0.2222770628,0.128286505
9eb98f34c,9,9.444444444444445,0.7618829058024691,1.0,0.0,153.54233333333332,151.799,0.24003209,0.12348248311111111
9ebe2f16c,2,9.0,0.7868983485000001,1.0,0.0,70.05699999999999,70.05699999999999,0.13822613,0.146028436
9ec161c16,16,8.9375,0.7741027100277778,1.0,0.0,95.9579375,68.4945,0.18151857775,0.1045568849375
9ecb47019,4,9.25,0.7803514888541667,1.0,0.0,155.878,156.36450000000002,0.1712050725,0.08901317924999999
9ed8dd7a7,1,8.0,0.7957419862499999,1.0,0.0,85.61699999999999,85.61699999999999,0.18083476,0.032282043
9edb2d79a,4,9.0,0.7787025640625,1.0,0.0,90.7955,90.145,0.29395102500000003,0.1473291695
9ede28a9d,5,10.0,0.7388112824,1.0,0.0,38.3422,48.16799999999999,0.41691588399999996,0.275633022
9ee7776db,5,9.8,0.7739774903333333,1.0,0.0,171.9254,192.315,0.14482742399999998,0.0856899518
9ef11ed6e,1,10.0,0.790714252,1.0,0.0,117.319,117.319,0.2054043,0.15160233
9ef3d0eec,1,10.0,0.751141575,1.0,0.0,151.979,151.979,0.31950966,0.029147465
9ef475fbe,2,10.0,0.7058407955000001,1.0,0.0,209.56599999999997,209.56599999999997,0.33000895,0.0665539375
9ef928aa7,4,9.25,0.8154883796805555,1.0,0.0,155.6675,156.36399999999998,0.258555135,0.0503815465
9f02a1c14,1,8.0,0.8201927812500001,1.0,0.0,49.071,49.071,0.13852565,0.055345993
9f07e684f,3,9.0,0.7382390133703703,1.0,0.0,33.282666666666664,25.412999999999997,0.27044381333333334,0.08233050666666666
9f12dbf17,14,9.0,0.7647979017117346,1.0,0.0,161.69685714285714,157.774,0.2861829942857143,0.10287016842857143
9f1ba804c,7,10.0,0.7937267148571429,1.0,0.0,103.92557142857143,83.745,0.2112144592857143,0.08399812314285715
9f2251ffe,4,10.0,0.848707744,1.0,0.0,93.195,102.053,0.180126035,0.04366111775
9f2948e8e,1,10.0,0.860885355,1.0,0.0,151.19299999999998,151.19299999999998,0.13704877,0.10128339
9f2dd031a,1,10.0,0.731697505,1.0,0.0,229.46900000000002,229.46900000000002,0.20920004,0.22563957
9f2e4a2e1,5,10.0,0.753736681,1.0,0.0,20.144,20.081999999999997,0.5320632940000001,0.278043696
9f341e7af,3,8.666666666666666,0.7557960667089946,1.0,0.0,142.845,151.49299999999997,0.33852174999999995,0.060683556666666666
9f40dbc58,5,9.0,0.759232865,1.0,0.0,90.1464,88.109,0.17534808799999999,0.022099229199999997
9f4a72311,2,10.0,0.7499990169999999,1.0,0.0,190.4765,190.4765,0.139154255,0.18525007999999998
9f533475e,5,9.2,0.7911474846,1.0,0.0,96.37819999999999,87.256,0.173554546,0.029525279000000005
9f88f23a4,2,9.0,0.77603571825,1.0,0.0,40.8935,40.8935,0.144295065,0.02094111
9f9bfa4d9,5,7.8,0.7691452903428571,1.0,0.0,147.4426,186.009,0.23619830400000003,0.1081923164
9fa760b69,5,8.2,0.7240472184444444,1.0,0.0,158.297,155.512,0.35190803000000004,0.1053220864
9fae764f0,1,10.0,0.823028283,1.0,0.0,149.28199999999998,149.28199999999998,0.22486587,0.0708897
9faeb952b,3,9.0,0.8087980199047619,1.0,0.0,147.02233333333334,136.185,0.2317767066666667,0.11986934999999999
9faef6bb6,1,9.0,0.7494178477777779,1.0,0.0,72.62,72.62,0.1862687,0.022119816
9fb186834,1,10.0,0.8636399840000001,1.0,0.0,76.513,76.513,0.26062626,0.075528964
9fb2a918d,5,5.8,0.7605152688571428,0.8,0.0,17.34,17.94,0.48820053799999996,0.265115204
9fb89d88f,3,7.666666666666667,0.7475280840000001,1.0,0.0,120.72999999999998,153.69099999999997,0.176114672,0.04197771833333333
9fb8e5e73,5,9.6,0.7872518105777778,1.0,0.0,51.437,50.498999999999995,0.363488394,0.12984738199999998
9fce612cf,13,10.0,0.7849099629230769,1.0,0.0,148.89023076923075,123.011,0.2519506330769231,0.07230219746153846
9fd2b640f,2,7.5,0.763373773,0.5,0.0,69.612,69.612,0.247253205,0.071082952
9fe3f6afa,9,8.666666666666666,0.7489729620467371,0.8888888888888888,0.0,109.0791111111111,84.631,0.3253531688888889,0.0804768661111111
9fe6f98a5,1,8.0,0.74962073875,1.0,0.0,180.625,180.625,0.116523854,0.025494277
a009a2f0f,2,10.0,0.7824016645,1.0,0.0,118.21549999999999,118.21549999999999,0.148952895,0.1696827115
a00eaa0fb,4,7.5,0.7908527513492063,1.0,0.0,28.951999999999998,24.154999999999998,0.3311745125,0.24843060749999998
a015cce59,1,10.0,0.763870459,1.0,0.0,115.109,115.109,0.22592022,0.021180918
a02551367,1,9.0,0.8124915566666666,1.0,0.0,82.72099999999999,82.72099999999999,0.21287805,0.07459678
a031e3771,2,10.0,0.8045917335,1.0,0.0,52.463499999999996,52.463499999999996,0.28384803000000003,0.07882264
a0322013c,1,10.0,0.7685137,1.0,0.0,26.211,26.211,0.28844556,0.08351315
a0401d349,2,9.5,0.7735795571666666,1.0,0.0,133.9295,133.9295,0.208758805,0.070391704
a04a67a2e,5,10.0,0.7605334128,1.0,0.0,71.143,40.581,0.167579452,0.0987700428
a04c35bc6,2,10.0,0.7990056274999999,1.0,0.0,99.494,99.494,0.23453425,0.11459417499999999
a05674125,4,8.0,0.7305101914027778,0.75,0.0,122.25274999999999,138.0325,0.27918951249999996,0.2577889075
a05c489dc,6,8.666666666666666,0.77906808575,1.0,0.0,105.79183333333333,81.4015,0.21308889666666667,0.10269448483333332
a06a2ee4e,10,7.6,0.745289621277381,1.0,0.0,136.0093,118.57,0.2276889475,0.0428160007
a07440416,5,7.8,0.747764630015873,1.0,0.0,144.2944,157.68099999999998,0.16350843199999998,0.07102114740000001
a07a65495,1,10.0,0.7189889370000001,1.0,0.0,79.25299999999999,79.25299999999999,0.20906782,0.009483723
a08030c6f,2,8.0,0.7395072478333333,1.0,0.0,30.662499999999998,30.662499999999998,0.50710685,0.188605625
a0825ad18,1,6.0,0.7961295116666668,1.0,0.0,155.607,155.607,0.1053631,0.01543531
a09008d49,5,7.4,0.7584181070095238,1.0,0.0,175.56739999999996,184.96999999999997,0.204704926,0.13390577399999998
a0909c2bb,2,10.0,0.742464587,1.0,0.0,120.96449999999999,120.96449999999999,0.282851635,0.113631945
a091487fb,5,9.8,0.8148653378666667,1.0,0.0,107.96799999999999,120.299,0.40124273400000005,0.232740408
a09a76aba,3,9.666666666666666,0.7769690598888889,1.0,0.0,86.372,88.64299999999999,0.34299835333333334,0.09584902500000002
a0b82db0e,3,10.0,0.736261228,1.0,0.0,84.10833333333333,86.49499999999999,0.37095392,0.10486761666666666
a0c15424b,6,10.0,0.7881303406666667,1.0,0.0,101.44683333333332,85.3185,0.181899715,0.11882976899999999
a0c584c54,2,6.5,0.62662773,1.0,0.0,34.086999999999996,34.086999999999996,0.411143885,0.123612558
a0c9daa0a,1,10.0,0.842684913,1.0,0.0,121.721,121.721,0.2717994,0.10388484
a0da2621e,6,9.0,0.7850609464166666,1.0,0.0,71.49966666666667,55.56699999999999,0.21577693666666664,0.09101541133333334
a0dd85af0,8,10.0,0.770387420125,1.0,0.0,100.95537499999999,83.91099999999999,0.28810425125,0.09290009025
a0e71d03a,4,9.25,0.7427909756428572,1.0,0.0,104.63,84.975,0.2068758125,0.04796352425
a0f2d927e,5,9.0,0.7659760165071429,1.0,0.0,213.25459999999998,224.017,0.336447732,0.25024280600000004
a0f76e19b,3,10.0,0.7293621463333334,1.0,0.0,77.70533333333331,48.65299999999999,0.13498036666666666,0.07639814766666667
a0fb13b2e,1,10.0,0.808744347,1.0,0.0,194.146,194.146,0.38824382,0.12387976
a0fb6cd44,3,9.666666666666666,0.759331559111111,1.0,0.0,29.213666666666665,19.256,0.30385612666666667,0.13531869833333335
a0fd5da22,1,10.0,0.763890054,1.0,0.0,237.925,237.925,0.11444178,0.29904875
a1019e087,2,10.0,0.733750218,1.0,0.0,88.206,88.206,0.34034145,0.20355199000000002
a111adc75,5,8.6,0.765943552138889,1.0,0.0,177.553,186.04199999999997,0.148617046,0.021029481200000002
a1188fdb7,1,10.0,0.846563157,1.0,0.0,7.624,7.624,0.5709323,0.15215081
a118d66aa,2,8.5,0.7716689697916665,1.0,0.0,83.809,83.809,0.5206103,0.329090565
a119ce67e,4,9.5,0.819242739,1.0,0.0,68.196,67.938,0.305951015,0.21741675
a120cae65,1,10.0,0.7713123780000001,1.0,0.0,123.056,123.056,0.2157079,0.086099416
a124a31ee,2,10.0,0.7793682100000001,1.0,0.0,50.9075,50.9075,0.26472654,0.11030177
a12589a09,1,10.0,0.792872662,1.0,0.0,54.523,54.523,0.15802991,0.10163025
a12bb119e,4,9.75,0.7743662229444445,1.0,0.0,84.51424999999999,83.916,0.24420704999999998,0.1607698165
a1390d450,2,10.0,0.745417767,1.0,0.0,84.01999999999998,84.01999999999998,0.11305093499999999,0.038371485
a13ed5e9d,1,10.0,0.76737808,1.0,0.0,53.72299999999999,53.72299999999999,0.21010347,0.07295317
a144cca8c,7,6.714285714285714,0.707008501798186,0.7142857142857143,0.0,179.40385714285713,192.17399999999998,0.30414597142857147,0.127649772
a14caa3ea,5,10.0,0.7628530125999999,1.0,0.0,79.03819999999999,84.62799999999999,0.188994576,0.0622503906
a1543decd,5,10.0,0.76494432,1.0,0.0,235.62819999999996,236.18499999999997,0.265406326,0.10015254879999999
a15d8c8a8,1,10.0,0.7602995829999999,1.0,0.0,86.75099999999999,86.75099999999999,0.22979434,0.20565516
a16c6d55d,2,10.0,0.7443092385,1.0,0.0,24.961,24.961,0.21794450999999998,0.0315643425
a16f85c6f,3,7.666666666666667,0.779892348888889,1.0,0.0,55.233,50.815,0.21307401333333334,0.08897849586666666
a17411df1,24,9.291666666666666,0.7568427480128967,1.0,0.0,124.51670833333333,120.618,0.20888527416666666,0.104596628875
a19305a1a,4,10.0,0.87166022925,1.0,0.0,76.512,83.7635,0.26863524,0.1144207425
a1a9e48a6,4,9.0,0.7842356214999999,1.0,0.0,70.3725,68.225,0.42237008249999997,0.1361291305
a1b34954b,5,10.0,0.7646232812,1.0,0.0,119.88,119.56599999999999,0.30142301800000004,0.115240643
a1b3dafc9,1,9.0,0.7696916100000001,1.0,0.0,15.761,15.761,0.16950469,0.21935827
a1ba2f016,3,10.0,0.8025478546666666,1.0,0.0,166.17033333333333,153.23999999999998,0.3614040633333333,0.09827003333333333
a1be4d855,4,9.25,0.778570145888889,1.0,0.0,84.66024999999999,66.57849999999999,0.18067951,0.08199566825
a1cb8764d,1,10.0,0.7587564920000001,1.0,0.0,157.01,157.01,0.53502506,0.16406937
a1d05e431,5,6.8,0.7790193573492064,1.0,0.0,94.90599999999999,54.542,0.325937162,0.1364324874
a1d8d917c,1,5.0,0.6901425399999999,1.0,0.0,55.260999999999996,55.260999999999996,0.10118987,0.019339887
a1eb5f685,1,10.0,0.736682576,1.0,0.0,83.319,83.319,0.57212317,0.14854318
a1fb1b5bb,3,9.333333333333334,0.78118903375,1.0,0.0,116.80133333333333,116.03199999999998,0.2590837266666667,0.06934327666666668
a2037a7b0,1,10.0,0.750537598,1.0,0.0,118.96399999999998,118.96399999999998,0.2598809,0.043270897
a20880c1d,1,9.0,0.7581636366666666,1.0,0.0,196.45,196.45,0.37810835,0.10778825
a20d1e637,5,8.4,0.7823852138634921,0.8,0.0,120.25159999999998,118.34199999999998,0.196630196,0.1089141664
a2124f529,8,9.5,0.7597885998035714,1.0,0.0,89.95587499999999,82.8935,0.344355105,0.1027033475
a21b2a42c,3,9.333333333333334,0.750059605,1.0,0.0,91.62399999999998,51.306999999999995,0.3418151166666667,0.19626926199999997
a21b6c40a,19,9.842105263157896,0.7545745466725147,1.0,0.0,107.97252631578948,113.575,0.22358569631578948,0.07964565321052632
a21f20530,2,9.0,0.780446792625,1.0,0.0,157.5185,157.5185,0.24467767,0.17646172
a21f5e84b,6,9.833333333333334,0.766585422537037,1.0,0.0,120.57783333333333,138.336,0.33423332166666664,0.13072355
a22499988,5,10.0,0.7592312956,1.0,0.0,39.068999999999996,47.428,0.26988513599999997,0.1645357688
a22c43e29,3,9.333333333333334,0.7574928945185185,1.0,0.0,85.63400000000001,117.027,0.18555739999999998,0.06825905766666666
a22cc0413,1,10.0,0.820858469,1.0,0.0,229.45199999999997,229.45199999999997,0.15937999,0.17945737
a22daaa5f,3,9.666666666666666,0.7783931202592592,1.0,0.0,148.02466666666666,154.732,0.28260647333333333,0.1133368
a22ddc666,2,10.0,0.7731184664999999,1.0,0.0,103.5165,103.5165,0.11652608,0.11147241999999999
a234c6496,5,9.8,0.7860284838888889,1.0,0.0,158.25519999999997,160.97299999999998,0.28134686200000003,0.1297110428
a243c61c6,24,8.625,0.7274939427146164,0.9583333333333334,0.0,128.73345833333335,153.79649999999998,0.37208098833333336,0.13992733279166666
a24a102b1,8,9.375,0.7828284730625,1.0,0.0,39.044999999999995,22.7065,0.475263675,0.19872955725000002
a24bb77d1,5,8.4,0.74018447795,1.0,0.0,143.6734,156.719,0.418795292,0.218348944
a25c1fe02,4,8.5,0.8140017616875,1.0,0.0,50.18875,53.170500000000004,0.23328468,0.1454011905
a2656874e,3,7.333333333333333,0.8026482419642859,1.0,0.0,78.00766666666667,51.321,0.13057054999999998,0.044551531666666665
a2665a33f,5,8.2,0.7647986143428571,1.0,0.0,188.49599999999998,186.779,0.28837966600000003,0.186171491
a27a03914,4,9.75,0.7624891244722223,1.0,0.0,76.588,72.7775,0.23343018999999998,0.1446492875
a29c12bef,3,10.0,0.7969504063333334,1.0,0.0,20.968,22.346999999999998,0.2489514833333333,0.03394429633333334
a2a899dab,6,10.0,0.8647316689999999,1.0,0.0,68.14399999999999,52.814,0.25707560833333337,0.12524096483333333
a2ac8316b,11,8.636363636363637,0.773436881510101,1.0,0.0,69.1820909090909,51.99999999999999,0.22007385772727275,0.15392886336363637
a2ae5fa7d,7,9.142857142857142,0.7734452142380953,1.0,0.0,144.79257142857142,157.435,0.28553697,0.11241483285714285
a2b226c6c,1,9.0,0.7665616744444443,1.0,0.0,20.526999999999997,20.526999999999997,0.35344777,0.10631287
a2b2abe02,5,9.6,0.796993918711111,1.0,0.0,119.5196,119.07,0.229371731,0.0469076876
a2b2f53be,5,9.8,0.7821993192666666,1.0,0.0,159.89759999999998,157.20299999999997,0.187676242,0.08546788720000001
a2b34e983,5,8.6,0.7786780914190476,1.0,0.0,119.08099999999999,155.779,0.375867466,0.15195977
a2b42f2e5,2,10.0,0.857821418,1.0,0.0,24.653,24.653,0.6276523700000001,0.310557015
a2c44393c,6,8.333333333333334,0.7850064095039683,1.0,0.0,153.085,138.2395,0.19667282166666666,0.09317916816666666
a2c44e0b3,1,10.0,0.766389694,1.0,0.0,185.724,185.724,0.15216064,0.014741588
a2c98c186,3,9.666666666666666,0.7479040555555555,1.0,0.0,174.013,153.31099999999998,0.16546618666666668,0.13258131666666667
a2cd0e1e4,2,10.0,0.744905363,1.0,0.0,176.348,176.348,0.25923688,0.0538663955
a2cd25e49,3,10.0,0.770772208,1.0,0.0,131.21699999999998,153.09699999999998,0.2671258166666667,0.16869776266666667
a2cd5b78a,2,7.0,0.7271458764285714,1.0,0.0,88.7825,88.7825,0.18303677499999998,0.21498136499999998
a2cf852c0,4,10.0,0.784909473,1.0,0.0,171.151,170.237,0.2067261035,0.02738033255
a2dc697f6,12,9.5,0.8073609982546296,1.0,0.0,182.99833333333333,194.6875,0.3070615783333333,0.11652121166666667
a2dccbe51,3,9.333333333333334,0.77739202675,1.0,0.0,147.45000000000002,157.082,0.31171555,0.23647242333333332
a2e529567,4,9.75,0.7936498629444444,1.0,0.0,171.5135,172.8485,0.2185494425,0.0393103155
a2ee6f2da,3,10.0,0.7759663723333333,1.0,0.0,56.94,26.174,0.38764630333333333,0.06815816766666667
a30803552,1,10.0,0.789169753,1.0,0.0,118.609,118.609,0.2046299,0.13752122
a30e92cfd,4,9.5,0.784361671125,1.0,0.0,186.25124999999997,195.45349999999996,0.3556776125,0.0592980975
a30ec0916,1,10.0,0.785547227,1.0,0.0,20.369999999999997,20.369999999999997,0.2044189,0.20930232
a31b05e99,3,9.333333333333334,0.7520408844166667,1.0,0.0,23.269666666666666,22.755,0.70443449,0.14940306333333334
a32e58f2f,4,9.75,0.7330686755555555,1.0,0.0,20.965999999999998,23.625,0.5298024275,0.3366582075
a3449e0d0,3,10.0,0.8191542586666666,1.0,0.0,17.55966666666667,16.864,0.6625125333333334,0.2323389966666667
a345b4406,2,10.0,0.809430071,1.0,0.0,69.46799999999999,69.46799999999999,0.28125522000000003,0.15858772
a34cf041b,1,10.0,0.754391105,1.0,0.0,21.266999999999996,21.266999999999996,0.11876339,0.18899584
a355a6873,5,9.4,0.7539378842388889,1.0,0.0,168.696,188.21699999999998,0.24380011399999998,0.150607287
a362ad62e,2,9.0,0.8080875401250001,1.0,0.0,238.6615,238.6615,0.41592865999999995,0.12449034149999999
a366ce2a5,5,9.8,0.7514868178666667,1.0,0.0,94.5286,84.27799999999999,0.2133399008,0.0509956795
a36b60379,2,10.0,0.8177125494999999,1.0,0.0,69.5925,69.5925,0.314723255,0.060599078
a36e3c034,4,9.75,0.7782972448333333,1.0,0.0,138.022,155.511,0.3307706275,0.12947389650000002
a371e0164,1,10.0,0.7760756790000001,1.0,0.0,22.282,22.282,0.3775743,0.34077498
a3740bea8,6,9.666666666666666,0.8000131229583333,1.0,0.0,128.66783333333333,136.3615,0.171651495,0.039148636333333334
a37a24a58,5,10.0,0.7705233692,1.0,0.0,189.71679999999998,194.20799999999997,0.26952526800000004,0.0643869452
a37c82165,1,8.0,0.7438873537499999,1.0,0.0,84.142,84.142,0.19945225,0.078217134
a37e46e35,5,10.0,0.7765977924,1.0,0.0,130.27519999999998,123.21199999999999,0.22958377400000002,0.0860225362
a381e49c9,2,9.0,0.8007013300000001,1.0,0.0,218.555,218.555,0.17195428000000001,0.0390553
a385cb92a,2,9.0,0.778475715875,1.0,0.0,50.747499999999995,50.747499999999995,0.271254525,0.15320066999999998
a39034cfc,2,10.0,0.7904592205000001,1.0,0.0,121.672,121.672,0.1612995,0.0647329185
a399a151d,3,10.0,0.731508661,1.0,0.0,168.265,157.10999999999999,0.26893664,0.19998683000000003
a39ad6dc7,10,9.8,0.7654128168666667,1.0,0.0,134.3327,155.46699999999998,0.271079546,0.12397676049999999
a3a0fa212,3,9.0,0.790786235,1.0,0.0,110.52333333333333,119.089,0.19765291333333335,0.12631518466666666
a3cc5de2b,6,10.0,0.8010426983333333,1.0,0.0,91.29633333333332,99.5745,0.2664542066666667,0.16425309333333335
a3d4585c2,2,7.0,0.7148157449999999,1.0,0.0,85.86200000000001,85.86200000000001,0.444278785,0.18494131100000002
a3d8c3aaa,6,9.833333333333334,0.7708628400555555,1.0,0.0,42.20766666666666,36.742999999999995,0.2983594133333333,0.11996628583333334
a3d9bc3aa,4,9.25,0.7476603815,1.0,0.0,86.07124999999999,67.59799999999998,0.180350385,0.07049947849999999
a3dfe1991,1,10.0,0.800762982,1.0,0.0,51.12499999999999,51.12499999999999,0.4300901,0.24500227
a3e73475f,1,10.0,0.7336685510000001,1.0,0.0,119.717,119.717,0.54044074,0.033687435
a3eb4fe4d,2,8.0,0.7410455125,1.0,0.0,24.354,24.354,0.629541,0.21166394
a40a8c0ce,5,9.8,0.7671388665111112,1.0,0.0,53.3788,23.082,0.406081922,0.250815266
a41b62aa8,5,9.0,0.7452179672857143,1.0,0.0,138.6002,153.90300000000002,0.20671260399999997,0.0725115231
a4221001f,8,10.0,0.78462001225,1.0,0.0,102.21249999999999,88.2585,0.21452655625,0.053631855000000006
a427984f4,2,8.5,0.728525361357143,0.5,0.0,127.01149999999998,127.01149999999998,0.12202919500000001,0.10871895000000001
a428c4daf,7,6.571428571428571,0.7572609365306123,1.0,0.0,120.33957142857142,117.706,0.27042476857142855,0.135718887
a4385e043,1,10.0,0.7367059220000001,1.0,0.0,201.358,201.358,0.33029816,0.078558296
a43d578dd,3,9.0,0.7431501881759259,1.0,0.0,133.1353333333333,123.195,0.27220197,0.14162077166666667
a44b2389a,2,10.0,0.7671205855,1.0,0.0,132.5185,132.5185,0.43083815999999997,0.254619325
a44d42407,3,10.0,0.7815340123333333,1.0,0.0,49.481,47.775,0.2960943933333333,0.12152504999999998
a45142177,3,7.666666666666667,0.7587054747619048,1.0,0.0,60.64066666666667,52.559,0.27856205,0.07023933333333333
a4530b1d0,1,10.0,0.8159809109999999,1.0,0.0,121.37,121.37,0.2579757,0.07009926
a460a6274,4,9.75,0.7600645454166667,1.0,0.0,128.50675,121.201,0.22861294999999998,0.06429860949999999
a462b563c,2,9.5,0.7562074207777777,1.0,0.0,185.75900000000001,185.75900000000001,0.22297001,0.0328895275
a47931d69,2,10.0,0.8689887235,1.0,0.0,139.878,139.878,0.31539233499999997,0.12703501
a479a1a6a,1,10.0,0.7425823199999999,1.0,0.0,226.097,226.097,0.40066695,0.036362182
a486e2ab6,1,5.0,0.6143101679999999,1.0,0.0,118.52699999999999,118.52699999999999,0.20604248,0.1701086
a4b85d322,2,10.0,0.7793506305,1.0,0.0,174.72249999999997,174.72249999999997,0.33237393,0.1883021115
a4b96c3f3,2,9.0,0.7299743194444445,1.0,0.0,139.15499999999997,139.15499999999997,0.27812806,0.09830448
a4c903a3d,1,7.0,0.8359294899999999,1.0,0.0,192.43599999999998,192.43599999999998,0.242059,0.038949896
a4cec9f83,1,10.0,0.909711482,1.0,0.0,159.547,159.547,0.32392964,0.10332594
a4de6ea51,7,10.0,0.7514645915714286,1.0,0.0,196.69342857142857,199.77599999999998,0.3343148071428571,0.0772488817142857
a4e09a814,8,9.375,0.7623445017083333,1.0,0.0,62.09374999999999,54.56249999999999,0.28589946125,0.16875867125
a4e4b1640,2,9.5,0.8041560170555555,1.0,0.0,136.3745,136.3745,0.15963170999999998,0.054890061000000004
a4e56218b,6,9.166666666666666,0.7536896458988096,1.0,0.0,69.52499999999999,69.063,0.313017515,0.10998210383333333
a5205f8ab,4,9.0,0.7600609911597223,1.0,0.0,80.5635,71.82849999999999,0.159885985,0.08945217525
a52461bfd,6,9.666666666666666,0.7842390500370371,1.0,0.0,110.53233333333333,154.49599999999998,0.33967619,0.1931359775
a528683b3,10,9.2,0.7612298673686508,1.0,0.0,81.45559999999999,67.1605,0.262875614,0.1516532304
a53cb0980,2,7.5,0.6944657630555555,1.0,0.0,217.13150000000002,217.13150000000002,0.19647615499999999,0.0444447355
a54202bba,3,9.333333333333334,0.7777952457037037,1.0,0.0,181.95100000000002,158.049,0.17456871333333335,0.046125151333333336
a54497b9a,1,4.0,0.671511775,0.0,0.0,13.413,13.413,0.36125225,0.45828998
a554dbeca,2,10.0,0.8458242695,1.0,0.0,122.012,122.012,0.36171247,0.14152815
a5595a935,1,10.0,0.7817050830000001,1.0,0.0,21.152999999999995,21.152999999999995,0.32169217,0.099115506
a55f8d58a,1,9.0,0.7666908299999999,1.0,0.0,160.95799999999997,160.95799999999997,0.34464094,0.2885883
a56bbc295,10,8.1,0.7434232778956349,1.0,0.0,28.6493,24.022,0.22434905600000002,0.1466235135
a56c46193,3,9.666666666666666,0.7360050314444444,1.0,0.0,80.19133333333333,53.335,0.25106676333333333,0.20976413666666668
a578345c4,4,9.25,0.7849445294999999,1.0,0.0,127.42299999999999,101.49799999999999,0.1631265325,0.102987143
a58d8080b,1,10.0,0.7583383429999999,1.0,0.0,50.168000000000006,50.168000000000006,0.24670304,0.09259259
a58fef87c,1,10.0,0.777508292,1.0,0.0,29.093,29.093,0.21793552,0.116581775
a59aa3f80,2,9.5,0.7659706602777778,1.0,0.0,168.5805,168.5805,0.194558925,0.052180887499999995
a5a240214,1,6.0,0.754446375,1.0,0.0,233.41899999999998,233.41899999999998,0.26853073,0.2978573
a5acfe9ed,1,10.0,0.745803092,1.0,0.0,29.806999999999995,29.806999999999995,0.15492722,0.057925772
a5b4b663d,1,9.0,0.7672973744444443,1.0,0.0,52.855999999999995,52.855999999999995,0.2524083,0.021238185
a5b9343c3,1,10.0,0.719978005,1.0,0.0,188.321,188.321,0.11195415,0.006503642
a5bed2b62,2,10.0,0.7787885575,1.0,0.0,172.1395,172.1395,0.279281725,0.12447055
a5c5278b8,3,9.333333333333334,0.7199222750833334,1.0,0.0,154.22033333333331,155.05899999999997,0.22980071333333332,0.18910998999999998
a5d1a1271,2,3.5,0.5963631725,0.0,0.0,103.64150000000001,103.64150000000001,0.14454498,0.10806348499999999
a5f027ab8,2,10.0,0.8167254435,1.0,0.0,101.89150000000001,101.89150000000001,0.205631295,0.077559341
a5f08e991,1,10.0,0.7555162030000001,1.0,0.0,14.771999999999998,14.771999999999998,0.71817404,0.33992368
a5f576bb1,4,9.0,0.8167334059166667,1.0,0.0,117.47524999999999,120.216,0.2282318575,0.11073605
a5f6e77bf,1,10.0,0.735261215,1.0,0.0,121.75599999999999,121.75599999999999,0.21321961,0.09300491
a5f82d04e,2,8.5,0.7666574027857143,1.0,0.0,73.46000000000001,73.46000000000001,0.13794471,0.04678391
a61776aba,14,9.428571428571429,0.7487393803404194,1.0,0.0,30.054071428571426,23.0925,0.38899228214285714,0.22882260464285714
a61da96ad,1,10.0,0.763430272,1.0,0.0,228.11399999999998,228.11399999999998,0.23445639,0.19235994
a6239b2f3,1,8.0,0.738886165,1.0,0.0,118.255,118.255,0.32445154,0.08879639
a62fcea51,5,9.8,0.7706101517777777,1.0,0.0,113.26759999999999,122.00299999999999,0.1419649428,0.0418291872
a630f3a73,2,10.0,0.7848305870000001,1.0,0.0,151.51099999999997,151.51099999999997,0.49528226,0.257847725
a631eba2c,4,9.75,0.7425649035,1.0,0.0,137.933,139.0765,0.1806263575,0.12556940975
a63364c39,6,9.0,0.7676550241342593,1.0,0.0,137.813,154.851,0.176687831,0.04038973033333333
a6396a580,2,10.0,0.827697769,1.0,0.0,67.0245,67.0245,0.21209484499999998,0.0784827005
a63a0ac25,12,8.916666666666666,0.8010207019282407,1.0,0.0,78.57058333333333,82.6385,0.25052054416666664,0.05557026166666667
a63c59c80,3,9.333333333333334,0.7688038462592592,1.0,0.0,192.03166666666667,197.056,0.2945085533333333,0.077812464
a63f6c6a1,10,8.1,0.7626638594119048,0.8,0.0,131.36579999999998,136.54749999999999,0.32176547850000004,0.20392878479999998
a645311ed,11,7.818181818181818,0.7731930310180375,1.0,0.0,83.18145454545454,83.637,0.20413899363636362,0.13782339781818181
a64ca36ca,2,10.0,0.9334035570000001,1.0,0.0,41.134,41.134,0.18902561,0.123440957
a655655d4,1,10.0,0.786826721,1.0,0.0,153.629,153.629,0.23795535,0.05546232
a65ec6d03,3,10.0,0.8719441613333334,1.0,0.0,122.802,88.901,0.22343953333333333,0.06161811733333333
a6610ebd3,1,10.0,0.8605612480000001,1.0,0.0,158.92399999999998,158.92399999999998,0.1819704,0.018689604
a662626a6,3,10.0,0.8598481590000001,1.0,0.0,168.10766666666666,190.69899999999998,0.31697327000000003,0.12606092666666666
a662f1d7e,1,8.0,0.77866461125,1.0,0.0,120.153,120.153,0.32090247,0.25923046
a672ea96d,1,10.0,0.8846343729999999,1.0,0.0,194.343,194.343,0.17387864,0.02186164
a678a4342,8,9.0,0.7498713199454365,1.0,0.0,143.05724999999998,150.72050000000002,0.178360935,0.04674273425
a67c850b3,1,10.0,0.7507500149999999,1.0,0.0,87.278,87.278,0.30042106,0.058011755
a6830bac1,2,9.0,0.7560840544444444,1.0,0.0,23.027499999999996,23.027499999999996,0.30817535500000004,0.22692400499999998
a6a0b1762,5,7.2,0.8064857455000001,1.0,0.0,158.41320000000002,164.28300000000002,0.128057705,0.026130286599999997
a6ac8884b,1,8.0,0.7577049325,1.0,0.0,50.282000000000004,50.282000000000004,0.21485479,0.035253458
a6adb9a9f,3,10.0,0.7937458039999999,1.0,0.0,118.98700000000001,116.81,0.2210040666666667,0.12621456666666667
a6af385f0,5,9.6,0.7537320628999999,1.0,0.0,116.5338,112.50999999999999,0.413945776,0.080497993
a6b5ed0f7,1,9.0,0.6859112188888888,1.0,0.0,109.757,109.757,0.2151034,0.1093479
a6b908d22,2,10.0,0.79575508,1.0,0.0,83.21549999999999,83.21549999999999,0.23017695,0.180902235
a6c7f3a13,6,9.0,0.7884475805046297,1.0,0.0,160.19083333333333,174.3875,0.22955125,0.06973680833333333
a6c836abe,4,9.0,0.774544005625,1.0,0.0,94.46825,84.10249999999999,0.3066202525,0.08261431325
a6cbd39c2,21,9.571428571428571,0.7908779369179894,1.0,0.0,104.40361904761906,118.05000000000001,0.1858731738095238,0.0818584222904762
a6da4c5df,3,10.0,0.8264722403333332,1.0,0.0,50.817,50.936,0.20039776,0.063575192
a6deb30e1,2,7.5,0.736282886111111,1.0,0.0,193.14049999999997,193.14049999999997,0.29220395,0.083517603
a6e25e889,5,9.2,0.8044970724888889,0.8,0.0,57.50940000000001,52.292,0.18924106599999999,0.0611059898
a6e37f91b,10,7.7,0.7923146080710317,1.0,0.0,138.4463,135.6105,0.1648295436,0.0954139134
a6e7b6870,1,9.0,0.7785124533333333,1.0,0.0,52.312999999999995,52.312999999999995,0.11616242,0.012660423
a6e902691,3,8.333333333333334,0.76325267,0.6666666666666666,0.0,121.27199999999999,155.66799999999998,0.53975118,0.13461093333333332
a6eb71dc0,6,9.833333333333334,0.7979183357777777,1.0,0.0,44.327333333333335,38.39150000000001,0.251162831,0.128172454
a6f768f75,1,10.0,0.739892067,1.0,0.0,80.379,80.379,0.1766235,0.054813508
a6fbe0f38,3,10.0,0.780097197,1.0,0.0,231.14666666666665,233.295,0.21780942666666667,0.06657076666666667
a6fd3df67,3,8.666666666666666,0.7722623134074075,1.0,0.0,67.18233333333332,20.74,0.19829276666666665,0.18443047999999998
a6fea1d1a,1,10.0,0.770196493,1.0,0.0,195.32699999999997,195.32699999999997,0.13159794,0.045265347
a700a780b,1,10.0,0.7720404769999999,1.0,0.0,53.082,53.082,0.28418052,0.11576483
a710da2ab,1,9.0,0.7903498533333334,1.0,0.0,237.837,237.837,0.15211186,0.06581686
a71f9ca6b,2,9.5,0.7574795709444445,1.0,0.0,69.691,69.691,0.20380679499999999,0.073100045
a73b9eafd,3,9.666666666666666,0.7282999847037037,1.0,0.0,180.98199999999997,189.10299999999998,0.2803110966666667,0.046346678333333335
a7402f657,4,9.75,0.7890159233333334,1.0,0.0,103.30125,103.5335,0.20339371750000002,0.01955645125
a7560614d,2,10.0,0.7742895300000001,1.0,0.0,66.03049999999999,66.03049999999999,0.2738546,0.09868192749999999
a75703051,3,10.0,0.7619400230000001,1.0,0.0,204.17033333333333,225.761,0.42322935999999994,0.081599028
a75bbea18,30,9.8,0.7946615356527779,1.0,0.0,90.79646666666666,57.9525,0.3185251706666667,0.14053647813333334
a768123bd,3,9.0,0.75010249975,1.0,0.0,137.07633333333334,193.843,0.19363397333333332,0.13415048333333332
a76983523,4,9.25,0.7883733171875,1.0,0.0,114.3695,96.5405,0.2065257525,0.073916179875
a76fa694e,2,10.0,0.80242912,1.0,0.0,19.256,19.256,0.4351038,0.2494668
a77b63ee1,8,10.0,0.783124556875,1.0,0.0,122.72274999999999,119.5275,0.29832203875,0.08584880674999999
a78dcb663,1,9.0,0.7143107144444445,1.0,0.0,155.10399999999998,155.10399999999998,0.2586693,0.05977783
a79983c71,19,8.842105263157896,0.7367664472479114,1.0,0.0,103.63147368421053,110.17899999999999,0.24529149947368423,0.07280427896842105
a79fe858d,4,9.5,0.7726310736944445,1.0,0.0,18.90475,18.2705,0.5576353625,0.17817377
a7a28b4f4,2,10.0,0.7710842019999999,1.0,0.0,87.4765,87.4765,0.254595935,0.2298387
a7a44933c,2,10.0,0.859098668,1.0,0.0,103.23599999999999,103.23599999999999,0.28035993000000003,0.04950447
a7b53e5ca,2,10.0,0.7771943994999999,1.0,0.0,197.458,197.458,0.3280095,0.041637458
a7b91a377,2,9.0,0.7222913585,1.0,0.0,102.1445,102.1445,0.26510828,0.20031216999999998
a7baf1366,2,10.0,0.7819812045,1.0,0.0,97.18849999999999,97.18849999999999,0.312603445,0.17016145500000002
a7c004380,2,10.0,0.7655004410000001,1.0,0.0,138.1055,138.1055,0.207728,0.07608087499999999
a7d44898b,7,9.142857142857142,0.7385585224920634,1.0,0.0,175.6827142857143,228.91400000000002,0.2963585157142857,0.11279276028571429
a7d65135d,1,10.0,0.730639891,1.0,0.0,192.12,192.12,0.17828457,0.13841973
a7d9451a5,9,10.0,0.770152076,1.0,0.0,148.5198888888889,122.344,0.3646454766666667,0.07084634088888889
a7e623e5a,3,10.0,0.8453995846666666,1.0,0.0,182.5143333333333,158.88199999999998,0.23198410666666666,0.08485884066666667
a7eb03730,4,8.5,0.7675750773888889,1.0,0.0,131.05125,120.4745,0.19616464249999999,0.089619663
a7fd7a703,8,7.75,0.7459348326805555,1.0,0.0,145.263625,156.75549999999998,0.2673179325,0.049496638625
a804fded8,2,9.0,0.744429324,1.0,0.0,214.7525,214.7525,0.25234127,0.078856775
a8055a2ba,2,10.0,0.7704109575,1.0,0.0,84.88,84.88,0.22570526999999999,0.117228145
a8057f0a8,1,8.0,0.7651667125,1.0,0.0,18.712,18.712,0.2724384,0.24040976
a809464ca,11,8.909090909090908,0.763717128080808,0.9090909090909091,0.0,122.24336363636363,119.583,0.20878130181818183,0.060118692272727266
a81084ff0,5,9.4,0.7456231420722222,1.0,0.0,166.1438,192.93999999999997,0.341364986,0.1855532448
a823f714b,2,8.5,0.8449422087142856,1.0,0.0,111.768,111.768,0.18909697,0.10843471500000001
a8267c4eb,2,8.5,0.7348538733571428,1.0,0.0,19.6265,19.6265,0.4080418,0.21739408
a83683f66,4,9.75,0.7603592410833333,1.0,0.0,129.83025,120.38399999999999,0.285682045,0.06928991500000001
a839e26eb,1,10.0,0.714079814,1.0,0.0,241.224,241.224,0.28094617,0.04619196
a83d95ead,1,10.0,0.8053431060000001,1.0,0.0,77.27799999999999,77.27799999999999,0.24016298,0.011578153
a845ba4d6,4,9.0,0.7640463429861111,1.0,0.0,152.50225,152.997,0.547656665,0.18649193249999999
a8518bd6b,3,10.0,0.7937043423333333,1.0,0.0,48.236,27.223999999999997,0.29934521666666664,0.061162546000000005
a854aca45,2,10.0,0.822406365,1.0,0.0,155.34249999999997,155.34249999999997,0.28012912,0.0286593825
a85630773,5,9.2,0.7702302296999999,1.0,0.0,98.3078,114.90199999999999,0.28963173200000003,0.1077696848
a868df43f,3,7.333333333333333,0.7941178855714286,1.0,0.0,109.06133333333332,123.16699999999999,0.18333822666666666,0.05167958733333333
a86bbc71f,2,9.5,0.75730152,1.0,0.0,157.52949999999998,157.52949999999998,0.16822707,0.0752817085
a86ec27e9,1,10.0,0.721089874,1.0,0.0,190.398,190.398,0.13066272,0.063018434
a86f09670,5,9.6,0.7507207505,1.0,0.0,157.38979999999998,123.03699999999998,0.2516212,0.1522779502
a87f5839e,4,9.25,0.7421627394722222,1.0,0.0,159.121,174.2525,0.2409833475,0.10483475225
a88733fd1,1,4.0,0.8614897275,1.0,0.0,158.446,158.446,0.1839156,0.0040352554
a88845c74,3,9.666666666666666,0.7643710921851851,1.0,0.0,132.77033333333333,84.73399999999998,0.39934728,0.07820134866666667
a88d34ee3,2,8.5,0.8036678866428572,1.0,0.0,142.685,142.685,0.2552728,0.0264915005
a892f5fd3,8,9.25,0.7726925828784722,1.0,0.0,120.40812499999998,106.97099999999999,0.2765932125,0.078306179
a89af346d,5,9.6,0.74999355185,1.0,0.0,150.983,194.088,0.29249221200000003,0.087158444
a8a8f95f6,4,8.25,0.7860639303521826,1.0,0.0,135.7535,153.5,0.23896867,0.125146014
a8b358af2,1,10.0,0.758142456,1.0,0.0,198.10099999999997,198.10099999999997,0.18327627,0.039990023
a8b9d57b4,3,8.666666666666666,0.7414941004444445,1.0,0.0,107.52633333333334,148.053,0.20279832666666667,0.17546687000000002
a8ba4dfa1,2,10.0,0.7673501014999999,1.0,0.0,67.975,67.975,0.415958015,0.19138226
a8c19a325,9,9.666666666666666,0.7859678314999999,1.0,0.0,130.8598888888889,121.55999999999999,0.23009977444444443,0.085414498
a8cdba660,11,9.090909090909092,0.7718991623419914,1.0,0.0,108.52772727272726,114.053,0.24308309636363637,0.09715692154545455
a8ce7d647,1,10.0,0.777705153,1.0,0.0,84.755,84.755,0.38759038,0.27235022
a8cfbf446,2,10.0,0.754723214,1.0,0.0,193.5325,193.5325,0.19131101,0.0317270035
a8d44452c,5,8.6,0.7869958716500001,1.0,0.0,70.6498,52.02199999999999,0.25025881400000005,0.0772585092
a8da358d1,10,10.0,0.7831505833000001,1.0,0.0,135.4094,146.563,0.278594936,0.10020811650000001
a8de0737e,1,10.0,0.804771839,1.0,0.0,158.009,158.009,0.22782746,0.008844953
a8df693c0,5,10.0,0.777389297,1.0,0.0,33.312,25.06,0.308597634,0.116359447
a8e5ae23a,14,8.928571428571429,0.7802552031848072,1.0,0.0,111.08285714285714,113.463,0.14832679192857143,0.07927632221428571
a8e6ad61c,2,10.0,0.7567524315,1.0,0.0,52.8335,52.8335,0.236818075,0.060978907
a8eed143b,5,9.0,0.8153567686380953,1.0,0.0,100.745,117.815,0.194146011,0.10306569400000001
a8f17e0de,2,7.5,0.7518803185,1.0,0.0,135.3225,135.3225,0.402630705,0.224166865
a8f43bea5,3,10.0,0.8340881186666667,1.0,0.0,87.149,119.215,0.34660606000000005,0.17620534333333335
a90161422,2,9.5,0.7379169541666667,1.0,0.0,114.999,114.999,0.22951997,0.08415713
a906ff5f5,6,8.166666666666666,0.7478539150925926,1.0,0.0,134.86766666666665,155.265,0.24799221166666666,0.10214898916666666
a9085cdde,1,7.0,0.7519289285714287,1.0,0.0,117.34899999999999,117.34899999999999,0.123365544,0.11252598
a90d6fbee,3,6.0,0.6787258371587302,0.6666666666666666,0.0,130.60066666666668,121.691,0.24020147666666666,0.08724365499999999
a90da3a12,1,6.0,0.79012693,1.0,0.0,53.908,53.908,0.24506767,0.18988758
a91761e54,3,9.333333333333334,0.7680380956666667,1.0,0.0,133.64366666666666,124.041,0.21441942,0.10359891966666666
a9199119d,3,7.0,0.7639226590476191,1.0,0.0,79.868,24.679999999999996,0.18184915333333332,0.14808070333333334
a9294a9ea,3,9.0,0.8107605304285714,1.0,0.0,50.897,45.615,0.37947430666666665,0.14044610999999999
a929a9f48,3,10.0,0.7561144653333334,1.0,0.0,83.528,82.626,0.40202248,0.11032028999999999
a92b06d0f,9,9.444444444444445,0.7962294782777778,1.0,0.0,137.8781111111111,118.181,0.18859509622222223,0.12312730688888888
a92c2f233,2,10.0,0.766622098,1.0,0.0,118.16650000000001,118.16650000000001,0.13488940500000002,0.092304
a9391d398,4,6.5,0.7652644924553571,1.0,0.0,132.06225,139.9355,0.27516573,0.106941555
a93eb0d6f,3,10.0,0.795752747,1.0,0.0,124.145,161.685,0.33226394333333337,0.20251984499999998
a94208b35,7,9.0,0.7643425714631519,1.0,0.0,146.03057142857142,162.984,0.18205024428571429,0.10978862328571427
a9495309b,11,9.272727272727273,0.7288699447550505,1.0,0.0,223.23672727272725,227.327,0.4361339863636364,0.4477683990909091
a952a211e,1,10.0,0.8593371659999999,1.0,0.0,102.75899999999999,102.75899999999999,0.0676449,0.016582808
a9551ed6d,2,8.5,0.7397203843055555,1.0,0.0,173.32849999999996,173.32849999999996,0.262530815,0.14811494
a963a6979,5,9.0,0.7599517818055556,1.0,0.0,171.93699999999998,194.33,0.315920466,0.0844241966
a970b89c7,4,10.0,0.798121263,1.0,0.0,34.424249999999994,37.736,0.2783439175,0.11332875249999999
a97467fb6,5,9.8,0.7606271666666666,1.0,0.0,94.8542,65.457,0.093442252,0.06843565572
a97a679b0,4,9.75,0.7222054601111112,1.0,0.0,152.8195,153.878,0.4135457425,0.2661035075
a983562e5,1,7.0,0.6971122314285714,1.0,0.0,113.613,113.613,0.11162624,0.072422214
a98716d75,5,10.0,0.8148700732,1.0,0.0,44.895799999999994,24.526999999999997,0.444289076,0.158409898
a993cd91a,7,10.0,0.7503420541428572,1.0,0.0,155.89885714285714,189.385,0.27958831,0.17321985614285715
a996f1370,3,10.0,0.7314549156666666,1.0,0.0,123.59933333333333,123.84799999999998,0.31519413,0.14569978
a99968c35,1,6.0,0.7450361550000001,1.0,0.0,117.121,117.121,0.33300996,0.24924077
a99a82e6d,8,9.125,0.7131483474186509,1.0,0.0,122.75187499999998,116.0615,0.1653034875,0.068518277
a99b34f95,3,8.333333333333334,0.7357051134642857,1.0,0.0,117.098,67.82600000000001,0.3086137766666667,0.11621148266666666
a99e4b365,10,10.0,0.7462324426,1.0,0.0,161.4692,188.70999999999998,0.301323993,0.1392473105
a9b7b72b4,1,10.0,0.774738099,1.0,0.0,20.31,20.31,0.46034858,0.13146327
a9bc357f0,1,10.0,0.820689568,1.0,0.0,188.451,188.451,0.17010887,0.03731747
a9c968c38,1,10.0,0.7309799349999999,1.0,0.0,86.603,86.603,0.2105044,0.04376475
a9e4d6df7,4,9.25,0.7711580939027778,1.0,0.0,148.00900000000001,156.5675,0.16983206,0.05963839775
a9e753cc1,5,9.2,0.746300181536508,1.0,0.0,80.3058,85.929,0.44178583200000004,0.1378566304
a9f6ed0cb,4,5.75,0.783043855,1.0,0.0,103.79299999999999,102.52749999999999,0.234341365,0.1262598455
a9fb31e59,4,9.75,0.7801743435277778,1.0,0.0,94.642,101.9845,0.3687488,0.10897936075
a9fdc3e4a,5,7.2,0.7837134385595238,1.0,0.0,25.0512,18.125,0.18816829799999998,0.1315893984
aa03b987e,8,9.875,0.7686583599861111,1.0,0.0,49.5655,33.400999999999996,0.320206345,0.09939008425
aa07ee8b8,2,10.0,0.7451839615,1.0,0.0,177.8605,177.8605,0.106992745,0.16299491
aa0901313,4,10.0,0.8466184957499998,1.0,0.0,26.122,26.929,0.5326534700000001,0.3930391925
aa11bee11,9,9.88888888888889,0.7815804331604939,1.0,0.0,150.46733333333333,154.23699999999997,0.23303772666666667,0.14147947188888887
aa189a931,2,8.0,0.7933077136507936,1.0,0.0,73.53,73.53,0.2052365,0.23599894999999999
aa2a3d9c7,1,10.0,0.775875028,1.0,0.0,236.852,236.852,0.21086694,0.027651243
aa328a5ba,4,10.0,0.814901633,1.0,0.0,111.32975,103.88900000000001,0.2776263425,0.09237313075
aa32ec730,5,8.8,0.7932158971698413,1.0,0.0,107.503,118.52099999999999,0.26244131,0.10210091970000001
aa3c0fe1e,3,8.333333333333334,0.7166009262499999,1.0,0.0,73.68766666666666,10.440999999999999,0.5289585533333333,0.17500485
aa40c19c2,3,6.666666666666667,0.7871796621111112,1.0,0.0,143.59033333333332,120.18599999999999,0.2691761733333333,0.058648399
aa68a3672,3,10.0,0.7400930726666667,1.0,0.0,50.93233333333333,51.039,0.39659392,0.29711527666666665
aa7395687,2,10.0,0.8155705999999998,1.0,0.0,84.9085,84.9085,0.282155585,0.045352831499999996
aa7548beb,5,8.8,0.7755458550666667,1.0,0.0,166.7282,159.874,0.380962686,0.25741161
aa795e561,3,10.0,0.7561261576666666,1.0,0.0,139.97,196.149,0.22697048666666667,0.03801017366666667
aa91c3400,3,10.0,0.8051899599999999,1.0,0.0,167.59833333333333,159.636,0.3695538233333333,0.12360624466666666
aa943b9a0,4,9.5,0.795735522,1.0,0.0,46.84625,48.861000000000004,0.3567018725,0.12482438100000001
aac9127c5,1,10.0,0.8337561169999999,1.0,0.0,15.147,15.147,0.2610176,0.08081859
aaca75307,3,9.333333333333334,0.8086129334166667,1.0,0.0,157.24099999999999,156.979,0.40484437666666667,0.09481367533333333
aaeb4781c,2,10.0,0.7891217890000001,1.0,0.0,101.5315,101.5315,0.24084400500000003,0.068882092
aaedd873d,1,9.0,0.8025634844444445,1.0,0.0,52.262,52.262,0.09853995,0.010492543
aaf465c30,7,7.857142857142857,0.7774712115816327,1.0,0.0,154.695,194.10299999999998,0.2564868857142857,0.14675932814285714
aaf4a1439,1,10.0,0.75273196,1.0,0.0,119.087,119.087,0.10386504,0.03270681
aafb75ee8,2,10.0,0.8332418604999999,1.0,0.0,216.71249999999998,216.71249999999998,0.33984891,0.09105099
ab0609017,3,10.0,0.7856777636666665,1.0,0.0,97.53066666666666,88.66799999999999,0.2727358,0.053858692333333326
ab09748d1,3,9.0,0.7696687510740742,1.0,0.0,143.34166666666667,118.74399999999999,0.19964949,0.097536204
ab0bb2f5a,1,9.0,0.7457650611111111,1.0,0.0,157.863,157.863,0.17180958,0.036544852
ab13611c9,2,10.0,0.7238110375,1.0,0.0,156.5125,156.5125,0.40083483,0.170342025
ab1777794,4,10.0,0.75647765525,1.0,0.0,132.04125,120.1,0.2562053125,0.08139534825
ab293b191,11,9.636363636363637,0.7792859927222223,1.0,0.0,101.45100000000001,85.429,0.3040791109090909,0.10087743218181817
ab2bb4a0c,3,10.0,0.7530498416666666,1.0,0.0,32.897,28.875999999999998,0.37275574000000006,0.199477155
ab2c124e7,3,8.0,0.7453620646666668,1.0,0.0,85.134,50.744,0.24469708,0.05310278066666666
ab2e61df2,6,9.833333333333334,0.7628695832777779,1.0,0.0,40.352666666666664,25.758499999999998,0.297647215,0.09418718783333334
ab309dd09,2,10.0,0.7414778240000001,1.0,0.0,70.30449999999999,70.30449999999999,0.5635464,0.295656628
ab385bfae,8,9.625,0.7508220447847223,1.0,0.0,180.244375,194.348,0.26154652500000003,0.076549479375
ab48d21e0,9,9.222222222222221,0.7467272236865079,1.0,0.0,119.85344444444445,124.02,0.31028778888888886,0.10648222333333333
ab4ab38d7,5,9.8,0.7388961234,1.0,0.0,102.3814,112.717,0.266416842,0.1199618472
ab4ef2577,5,10.0,0.7717613988,1.0,0.0,169.10139999999998,157.36499999999998,0.17783928,0.028479261999999998
ab4f161ae,4,10.0,0.7878048507500001,1.0,0.0,111.01675,82.13499999999999,0.2657073925,0.08296564425
ab519bf92,2,9.5,0.7678627883333333,1.0,0.0,136.1365,136.1365,0.214279465,0.065018463
ab5964338,4,10.0,0.803750845,1.0,0.0,61.364999999999995,54.1005,0.188502365,0.09460877325
ab599a6ac,7,9.571428571428571,0.777011042031746,1.0,0.0,175.50071428571428,169.232,0.18366025857142856,0.03817494557142857
ab67afee5,1,10.0,0.752326407,1.0,0.0,83.732,83.732,0.42191237,0.11225806
ab6c8aca6,1,8.0,0.80878815875,1.0,0.0,122.59400000000001,122.59400000000001,0.284884,0.061567813
ab7ccc7df,11,10.0,0.8121051949090908,1.0,0.0,181.398,193.33800000000002,0.2978020363636364,0.10271024327272728
ab87287a4,3,9.333333333333334,0.7949007037407408,1.0,0.0,157.201,152.47400000000002,0.11415488,0.07061509866666667
ab8dfa983,1,7.0,0.84144852,1.0,0.0,50.602,50.602,0.20667669,0.11437739
ab94dbe57,3,10.0,0.7775293146666667,1.0,0.0,128.87066666666666,117.92499999999998,0.19419096333333333,0.05476598833333333
ab9dd85b2,7,9.142857142857142,0.7244752973452382,1.0,0.0,48.79642857142857,22.843,0.30338303571428576,0.21277438785714287
aba00e1f9,1,10.0,0.78113808,1.0,0.0,52.288000000000004,52.288000000000004,0.122524604,0.009510109
aba03a4c5,3,10.0,0.8429400876666667,1.0,0.0,95.31066666666665,85.16,0.20708948666666668,0.08024048433333333
aba512b8f,1,10.0,0.8071722979999999,1.0,0.0,51.495000000000005,51.495000000000005,0.22736405,0.13809638
aba758b7f,2,10.0,0.821973356,1.0,0.0,112.7875,112.7875,0.24861826,0.085473093
abadb839a,1,10.0,0.751705673,1.0,0.0,226.663,226.663,0.21449792,0.0604531
abaf6c9ee,6,8.333333333333334,0.7387575362605819,1.0,0.0,172.38966666666667,177.58249999999998,0.30299665000000003,0.0850574685
abb847f55,2,10.0,0.7521197095000001,1.0,0.0,93.48649999999999,93.48649999999999,0.298223315,0.024830426000000003
abbe2568f,1,10.0,0.781048244,1.0,0.0,198.446,198.446,0.33680996,0.02749141
abc69ab7f,2,10.0,0.8063260015,1.0,0.0,23.1355,23.1355,0.21215414999999999,0.116816245
abd7a3201,1,7.0,0.8435709099999998,1.0,0.0,82.662,82.662,0.11015564,0.021734854
abd80f666,3,10.0,0.765115135,1.0,0.0,107.55233333333335,84.77099999999999,0.21563268666666668,0.05246497833333333
abdeff83f,2,9.5,0.6944309407777778,1.0,0.0,50.998,50.998,0.32104883,0.21257891499999998
abea0e83e,5,9.4,0.7600736666571428,1.0,0.0,164.65019999999998,193.381,0.26570246399999997,0.0537201308
abf0f2579,1,10.0,0.728098086,1.0,0.0,199.68699999999998,199.68699999999998,0.20441566,0.041839227
abf1716a9,3,8.666666666666666,0.7741644268253968,1.0,0.0,168.792,187.772,0.26358333,0.09988018766666666
abfad94f2,1,10.0,0.7976608949999999,1.0,0.0,121.349,121.349,0.2581408,0.17898023
abfcb22bc,3,9.666666666666666,0.7593978436666666,1.0,0.0,77.34633333333333,22.968,0.24066501333333332,0.05837789666666667
ac1eab621,1,10.0,0.8599127440000001,1.0,0.0,146.42,146.42,0.118665755,0.008790857
ac2f56dbf,1,8.0,0.74828605,1.0,0.0,117.31599999999999,117.31599999999999,0.092065826,0.09202509
ac31057e6,3,10.0,0.719272986,1.0,0.0,134.03566666666669,122.11,0.22859675000000002,0.08795446033333333
ac34b6e29,8,9.25,0.7256294517738096,1.0,0.0,198.099,228.04049999999995,0.24284558875,0.11013686975
ac384792b,6,10.0,0.7882140468333333,1.0,0.0,42.3435,49.6905,0.3077615716666667,0.254801785
ac3a5c473,5,10.0,0.8228763917999998,1.0,0.0,111.0316,86.25,0.24757473600000002,0.0508498098
ac3d34246,11,7.0,0.7532664046594516,0.9090909090909091,0.0,134.77736363636362,155.532,0.15937068863636364,0.05528344181818182
ac45f71e3,3,10.0,0.8267708340000001,1.0,0.0,132.19666666666666,123.49799999999999,0.24445797333333333,0.06364897633333333
ac495f25b,1,9.0,0.7836835277777777,1.0,0.0,82.53099999999999,82.53099999999999,0.17168032,0.033707865
ac4c28677,5,8.8,0.7639795521777778,1.0,0.0,139.4008,151.936,0.181387146,0.142091574
ac52ba660,7,8.857142857142858,0.7564274358707482,1.0,0.0,145.67842857142858,161.815,0.23999411285714284,0.06159412242857143
ac59f3533,1,10.0,0.8341785610000001,1.0,0.0,18.043,18.043,0.69303954,0.22777955
ac6adc2e4,3,9.0,0.7522768253240741,1.0,0.0,97.568,113.988,0.32330005666666667,0.06082949366666667
ac6d69d99,5,7.0,0.8385782252738097,1.0,0.0,187.9984,192.02300000000002,0.193054462,0.14028324
ac7edef88,3,9.333333333333334,0.7780219337500002,1.0,0.0,155.522,194.41499999999996,0.2280491,0.028903275333333336
ac813296c,8,9.75,0.7347055285694444,1.0,0.0,180.232,159.449,0.19734488,0.0782263455
ac8229264,3,9.0,0.7994205965238095,1.0,0.0,180.82566666666665,193.048,0.25677465666666666,0.07110648566666666
ac8fa1b6c,1,10.0,0.837947897,1.0,0.0,158.141,158.141,0.27910444,0.07447651
ac9feb346,1,10.0,0.8093774229999999,1.0,0.0,118.38399999999999,118.38399999999999,0.16172338,0.106609985
aca9ddee7,3,10.0,0.796197183,1.0,0.0,96.11599999999999,87.229,0.14502741333333333,0.026043473
acada131d,5,9.6,0.7985266623111111,1.0,0.0,79.8154,56.558,0.199854704,0.06754737559999999
acb614bba,30,9.866666666666667,0.7829236240796296,1.0,0.0,106.61073333333334,116.10249999999999,0.24416225933333333,0.08120013936666666
acc741f2d,4,8.25,0.7372422067857143,1.0,0.0,86.22425,101.01350000000001,0.178621125,0.0739501685
acc76c678,2,9.5,0.7959787803333334,1.0,0.0,98.5035,98.5035,0.25822748,0.0970990135
acc81bdf5,2,10.0,0.7747378275000001,1.0,0.0,107.231,107.231,0.182946805,0.17396314000000002
acca0b2ed,1,6.0,0.7802005900000001,1.0,0.0,148.19199999999998,148.19199999999998,0.18779445,0.02583777
accca912b,3,7.666666666666667,0.8129387204232804,1.0,0.0,82.33166666666666,77.875,0.14970354666666666,0.04019681566666667
acd81a109,13,9.846153846153847,0.8033089792692307,1.0,0.0,97.67330769230769,82.235,0.2827972623076923,0.1599162228076923
acdf99f98,1,6.0,0.7908673333333334,1.0,0.0,54.132000000000005,54.132000000000005,0.1484033,0.20828998
ace26786b,3,7.333333333333333,0.7707659290277777,1.0,0.0,170.8123333333333,191.523,0.18399555,0.11333680333333333
acf573d1c,1,10.0,0.8306537439999999,1.0,0.0,22.972,22.972,0.4569865,0.07830385
acf9a72ca,1,10.0,0.778101764,1.0,0.0,197.694,197.694,0.24761263,0.053503294
acfbc9b71,2,9.0,0.7976698561111111,1.0,0.0,123.0775,123.0775,0.15688837,0.018540717999999998
ad111a12a,4,9.25,0.7824225181428571,1.0,0.0,113.42049999999999,121.883,0.2067261025,0.103424168
ad2423b1f,1,10.0,0.764860572,1.0,0.0,27.298999999999996,27.298999999999996,0.3126671,0.063615814
ad4456e88,2,10.0,0.72506943,1.0,0.0,22.784999999999997,22.784999999999997,0.401938115,0.2066782
ad491b969,1,10.0,0.785306842,1.0,0.0,235.41299999999998,235.41299999999998,0.33550775,0.13648976
ad4a30fcb,1,9.0,0.7229240844444444,1.0,0.0,197.396,197.396,0.18396075,0.036601935
ad5250ecf,1,10.0,0.785302536,1.0,0.0,122.624,122.624,0.27944028,0.10605273
ad5692ee7,6,9.5,0.7737061317962963,1.0,0.0,119.82350000000001,99.47,0.253703995,0.10966603333333332
ad66b0f44,1,8.0,0.81765093,1.0,0.0,53.29,53.29,0.13662124,0.09757852
ad6992c20,5,9.4,0.7523253722055555,1.0,0.0,89.6242,81.944,0.247718768,0.1008324676
ad6cfec5c,5,9.0,0.8221933484571429,1.0,0.0,75.547,84.204,0.25312134799999997,0.1199444996
ad6e56af2,3,9.666666666666666,0.7923669837777778,1.0,0.0,129.36066666666667,118.941,0.40227678333333333,0.11891548233333334
ad70b1120,5,10.0,0.7999321603999999,1.0,0.0,102.88899999999998,80.521,0.283475278,0.13197405
ad8569001,5,10.0,0.7637334198,1.0,0.0,125.60459999999998,120.28399999999999,0.334387482,0.1130199788
ad8b02fcc,3,9.0,0.7661813283333333,1.0,0.0,59.839999999999996,51.213,0.36459004666666667,0.11076425
ad937498b,5,10.0,0.7844681755999999,1.0,0.0,85.04220000000001,82.11,0.322357908,0.1033992392
ad9d334b5,1,10.0,0.8335182919999999,1.0,0.0,160.192,160.192,0.1650497,0.007911772
ada44e887,4,8.0,0.803851487375,1.0,0.0,79.101,50.281,0.197671535,0.069564674
ada57411b,3,10.0,0.7876864516666667,1.0,0.0,117.57799999999999,118.706,0.1806505833333333,0.056058309
ada6358f5,7,9.714285714285714,0.7484940126666667,1.0,0.0,158.45142857142855,156.78300000000002,0.2500017171428571,0.10355272914285715
ada93cece,2,10.0,0.7578551735000001,1.0,0.0,71.4935,71.4935,0.22895310000000002,0.040705730999999995
adbce8472,2,10.0,0.7663960245,1.0,0.0,85.09,85.09,0.37605879,0.219288805
adc03f8b6,2,8.0,0.763455486875,1.0,0.0,69.6155,69.6155,0.180411065,0.0626141205
adc3a477a,1,10.0,0.794940948,1.0,0.0,112.92099999999999,112.92099999999999,0.198562,0.041509435
adc51c1a7,8,9.5,0.7989911412638889,1.0,0.0,21.05175,21.993,0.3857356575,0.26626920125
adc5ada07,2,10.0,0.8187427985,1.0,0.0,23.753500000000003,23.753500000000003,0.386151105,0.082943115
add3c45c6,3,10.0,0.816884507,1.0,0.0,23.102999999999998,22.402,0.5031311733333333,0.17899242333333332
aded1fafc,5,10.0,0.7899437214,1.0,0.0,118.2648,122.793,0.301676248,0.0849397588
adfa73768,2,8.5,0.7853031245714286,1.0,0.0,138.9955,138.9955,0.19446464000000002,0.211180375
adff46aad,2,10.0,0.759756046,1.0,0.0,158.678,158.678,0.147172035,0.03474505
ae0076e01,4,8.75,0.7900832416607143,1.0,0.0,109.77275,101.60549999999999,0.164023769,0.024191442
ae00eded4,10,7.7,0.7760303690773809,1.0,0.0,86.4382,51.137499999999996,0.29737434500000004,0.127023192
ae03f99f2,5,8.6,0.76001244095,1.0,0.0,112.1596,52.684,0.43897779000000003,0.283969894
ae089cd20,2,8.5,0.7569826798571428,1.0,0.0,138.87,138.87,0.19772545500000002,0.1199705175
ae0bc846b,10,7.7,0.7707604813630953,1.0,0.0,90.45349999999999,100.8615,0.206694942,0.1122268477
ae0c5671e,4,10.0,0.8278664339999999,1.0,0.0,86.32124999999999,81.39500000000001,0.349237245,0.17854772875000002
ae14a91dc,14,9.785714285714286,0.7787351832040816,1.0,0.0,123.77292857142857,137.81799999999998,0.23840432214285714,0.08759146778571428
ae17429ae,3,8.666666666666666,0.7144107515277778,1.0,0.0,181.70333333333335,231.26,0.2235404666666667,0.06890605333333333
ae219ff80,2,9.5,0.8134211725555556,1.0,0.0,137.1195,137.1195,0.1990227,0.104925428
ae3ef6983,2,10.0,0.714704318,1.0,0.0,188.78300000000002,188.78300000000002,0.440413125,0.170543095
ae4ab31ec,11,9.0,0.755064510011544,1.0,0.0,69.05454545454546,49.864999999999995,0.22280363363636366,0.06167029345454545
ae4ebeb3e,30,9.266666666666667,0.7797242569462963,1.0,0.0,160.60583333333335,156.0285,0.40217518733333335,0.0818142901
ae5059b40,12,9.0,0.7547300153356481,1.0,0.0,156.68358333333333,155.47199999999998,0.2495809125,0.14489417975
ae518aff9,2,8.5,0.7604891742361111,1.0,0.0,84.0195,84.0195,0.20986981999999998,0.048338515
ae524a36a,2,10.0,0.7537106555,1.0,0.0,82.75949999999999,82.75949999999999,0.20434340499999998,0.054053828000000005
ae52ea5c4,1,10.0,0.7684101849999999,1.0,0.0,22.060000000000002,22.060000000000002,0.108638056,0.080611646
ae5f13659,1,10.0,0.7189059250000001,1.0,0.0,86.64599999999999,86.64599999999999,0.18110839,0.06471282
ae64cc2e7,1,10.0,0.708226254,1.0,0.0,84.364,84.364,0.13950187,0.016042352
ae6a2116c,1,8.0,0.71900733,1.0,0.0,83.567,83.567,0.2119357,0.0026833632
ae84e47c8,4,9.75,0.7523334442222223,1.0,0.0,75.78725,82.606,0.1867315775,0.1079892765
ae886e80d,2,9.5,0.7570389111111111,1.0,0.0,134.6365,134.6365,0.28297461,0.0369406865
ae9a09ad6,2,10.0,0.7704482610000001,1.0,0.0,157.212,157.212,0.22307353,0.10301769499999999
aebf47483,2,10.0,0.8352291359999999,1.0,0.0,67.9965,67.9965,0.3288179,0.093652445
aece30836,3,10.0,0.772100025,1.0,0.0,212.688,198.037,0.24324195,0.09615833
aece6e7bf,2,9.5,0.7595329078333333,1.0,0.0,82.9075,82.9075,0.39270651500000003,0.2277588775
aee1ad5e4,3,9.333333333333334,0.7825204259166667,1.0,0.0,159.08366666666666,162.98999999999998,0.23373285333333335,0.11975372666666667
aee44eb09,2,10.0,0.7156199265,1.0,0.0,49.813500000000005,49.813500000000005,0.4210657,0.23404377999999998
aef2fa931,8,9.375,0.7658138777633928,0.875,0.0,97.57312499999999,116.172,0.27550552875,0.10212622625000001
aef6836e4,1,10.0,0.7221392999999999,1.0,0.0,160.58599999999998,160.58599999999998,0.27221254,0.105760366
aefafcc66,5,9.0,0.73049255935,1.0,0.0,207.042,223.75899999999996,0.289164866,0.0860398188
aefff4a06,4,9.75,0.7654925484999999,1.0,0.0,122.644,137.521,0.321206765,0.0632587575
af005c575,3,10.0,0.8486722160000001,1.0,0.0,143.40733333333333,118.065,0.42364276333333334,0.09012602666666668
af0494f60,6,8.0,0.7056766232222222,0.8333333333333334,0.0,119.98066666666665,118.8685,0.26381779666666666,0.20492253266666668
af1035c81,3,10.0,0.803884296,1.0,0.0,123.19599999999998,83.689,0.26224174,0.08230748466666667
af1125994,5,10.0,0.7646075877999999,1.0,0.0,155.46179999999998,153.071,0.19951347000000003,0.05648968480000001
af2ec000a,1,10.0,0.8424333110000001,1.0,0.0,191.89399999999998,191.89399999999998,0.104051225,0.014516708
af2f3a166,3,10.0,0.76718926,1.0,0.0,195.07866666666666,194.92499999999998,0.30242275333333335,0.100701583
af32c8be0,3,9.333333333333334,0.753505577,1.0,0.0,106.49966666666666,117.77099999999999,0.19883218,0.040147463333333334
af3d7c201,2,9.5,0.7543178201111111,1.0,0.0,85.338,85.338,0.1125421,0.0642631965
af4941f15,4,10.0,0.75954667525,1.0,0.0,87.33125,66.94800000000001,0.27541005500000004,0.07069459
af514b027,3,9.666666666666666,0.7702649508888889,1.0,0.0,155.58366666666666,155.194,0.16857339999999998,0.11533125200000001
af56651cb,5,10.0,0.7475228383999999,1.0,0.0,145.0488,160.20299999999997,0.327583972,0.16083940359999999
af6364af9,7,9.142857142857142,0.7684799812738096,1.0,0.0,131.85357142857143,120.865,0.29439789285714285,0.044571308857142854
af7125abe,1,10.0,0.8608531309999998,1.0,0.0,17.06,17.06,0.3670583,0.10070598
af75249aa,3,10.0,0.7701067123333333,1.0,0.0,87.78266666666666,86.631,0.24512409999999998,0.16286149333333333
af76ac5bf,1,10.0,0.7978610830000001,1.0,0.0,188.13,188.13,0.2047806,0.06402439
af843bbce,13,8.846153846153847,0.7546268113153236,1.0,0.0,56.62746153846153,49.495999999999995,0.30731016692307694,0.11301075184615385
af86d93ba,2,9.0,0.753133121625,1.0,0.0,137.0675,137.0675,0.22377455000000002,0.1778962765
af8cd40e0,2,10.0,0.7296747509999999,1.0,0.0,157.08999999999997,157.08999999999997,0.1791833,0.013854439999999999
af9325798,4,10.0,0.82710970025,1.0,0.0,75.612,85.42949999999999,0.19265899,0.0356708805
af9d89c50,2,10.0,0.774469799,1.0,0.0,140.0625,140.0625,0.123632065,0.035430367
afa1e2afb,10,9.4,0.7617136667750001,1.0,0.0,96.4694,83.53049999999999,0.299930086,0.12088320050000001
afa46c13d,1,10.0,0.7107762939999999,1.0,0.0,111.797,111.797,0.11334811,0.06651058
afa694eb4,1,10.0,0.7340088779999998,1.0,0.0,196.92999999999998,196.92999999999998,0.35764754,0.06390912
afaadb62f,5,10.0,0.763853806,1.0,0.0,69.5418,50.739999999999995,0.3370498312,0.12766215679999998
afab70239,14,9.214285714285714,0.7369483822437642,1.0,0.0,63.27178571428571,49.343,0.34972472071428573,0.158651705
afb230f5a,10,8.6,0.7861277508416668,1.0,0.0,91.53399999999999,48.793499999999995,0.32118206699999996,0.1428247294
afc71f432,4,10.0,0.82834629875,1.0,0.0,211.5215,211.315,0.3059241225,0.07261438875
afdc5f01d,1,10.0,0.7664434869999999,1.0,0.0,84.863,84.863,0.14041035,0.02115143
afe19c37c,2,10.0,0.781543015,1.0,0.0,121.47650000000002,121.47650000000002,0.34463947500000003,0.1529656625
afe326f34,2,10.0,0.788795672,1.0,0.0,21.8215,21.8215,0.39548084,0.152965665
afe9d7dca,9,9.666666666666666,0.7736224741481482,1.0,0.0,127.36944444444443,123.15799999999999,0.14436526166666666,0.050153987222222224
afec4c35e,2,9.5,0.7418391503888888,1.0,0.0,40.802499999999995,40.802499999999995,0.333105265,0.131209695
afefc6424,4,7.5,0.7828162477023809,1.0,0.0,108.0675,102.8665,0.2682906225,0.056862233
affeb8b58,2,8.5,0.7921057748611111,1.0,0.0,84.9575,84.9575,0.20577030799999999,0.077361755
b00ce0fd0,2,10.0,0.7955015455,1.0,0.0,47.922,47.922,0.402410895,0.308920315
b00d0fe1c,3,7.666666666666667,0.7644988310714286,1.0,0.0,77.46533333333333,23.206999999999997,0.21659485666666667,0.17907066000000002
b0278d962,3,10.0,0.7360116776666666,1.0,0.0,95.29966666666667,82.615,0.31108726999999997,0.06519615833333334
b02c50d9d,1,10.0,0.729256107,1.0,0.0,158.528,158.528,0.24274029,0.086070485
b02f2fafa,2,10.0,0.7787504005000001,1.0,0.0,158.2855,158.2855,0.13463560000000002,0.080558447
b02fcb74b,12,9.75,0.7682379834189815,1.0,0.0,183.60616666666667,216.82399999999998,0.30712921,0.07022488116666667
b03983a09,5,9.8,0.7449441728,1.0,0.0,102.03139999999999,85.26,0.161720036,0.0977497364
b03b1a110,4,10.0,0.77523850425,1.0,0.0,158.0205,176.4865,0.29427238,0.11414687
b03c17502,1,5.0,0.778203938,1.0,0.0,48.211000000000006,48.211000000000006,0.20634203,0.08922117
b041aab9f,2,10.0,0.7804789065,1.0,0.0,24.056999999999995,24.056999999999995,0.6255886749999999,0.185581035
b04a0dd9e,3,9.0,0.7780374719523809,1.0,0.0,144.184,153.581,0.33711849666666666,0.11765835666666664
b054e635f,1,10.0,0.823045406,1.0,0.0,186.88199999999998,186.88199999999998,0.22105663,0.28040573
b05d0484f,11,9.636363636363637,0.79640238410101,1.0,0.0,139.94545454545454,125.605,0.25660172318181823,0.09958849654545454
b06d39b09,3,8.333333333333334,0.7551892086666667,0.6666666666666666,0.0,110.48966666666666,121.512,0.34675977,0.04205688533333333
b07678538,4,9.5,0.7676016171875,1.0,0.0,10.43625,9.9895,0.2681739225,0.2595169975
b077aa9ee,1,5.0,0.622159464,0.0,0.0,81.314,81.314,0.487425,0.05098833
b08012e7f,1,9.0,0.7311016055555555,1.0,0.0,25.064999999999998,25.064999999999998,0.37349436,0.20586777
b09ecfb53,1,10.0,0.818266905,1.0,0.0,151.52799999999996,151.52799999999996,0.09883176,0.02675059
b09fa9385,2,9.5,0.7348928304444445,1.0,0.0,157.1745,157.1745,0.270690365,0.0760640005
b0a24f910,12,8.583333333333334,0.7803115027566138,1.0,0.0,196.74958333333333,202.676,0.3418774916666667,0.2325476980833333
b0a8a88a0,1,8.0,0.7215014212499999,1.0,0.0,49.010999999999996,49.010999999999996,0.13368598,0.087349154
b0ad07cfc,9,7.777777777777778,0.7501788598928572,0.8888888888888888,0.0,57.833333333333336,50.401999999999994,0.18064580500000002,0.08380824277777778
b0b33bec3,6,10.0,0.7865846228333333,1.0,0.0,49.92766666666666,49.3895,0.47645521333333335,0.19730535333333332
b0b9f2902,1,10.0,0.73497917,1.0,0.0,155.944,155.944,0.19079751,0.046305932
b0c159af4,5,10.0,0.7794240188,1.0,0.0,134.0784,122.37,0.27501105400000003,0.0815735348
b0c2a069c,2,10.0,0.8473750355,1.0,0.0,105.5465,105.5465,0.42563728,0.169702005
b0cc3078c,3,10.0,0.7699311376666667,1.0,0.0,40.35366666666667,45.886,0.3048504566666667,0.18606197133333335
b0d4b988a,1,7.0,0.7863167400000001,1.0,0.0,85.387,85.387,0.17952667,0.039320156
b0d54f76e,5,9.8,0.7818646238888889,1.0,0.0,108.4288,85.27799999999999,0.310533926,0.072536555
b0d8b0778,2,8.0,0.7907784053333333,1.0,0.0,70.232,70.232,0.239036965,0.10688736
b0dc1d4f0,8,9.125,0.7872781436909723,1.0,0.0,118.896,120.81800000000001,0.24152069312500002,0.136345116875
b0dec8779,21,9.523809523809524,0.7629829871243385,1.0,0.0,90.26985714285713,51.755,0.29482889685714286,0.1485404721190476
b0e26c028,7,10.0,0.7659128487142858,1.0,0.0,150.36442857142856,156.185,0.2549284842857143,0.07360367328571428
b0eeaf438,6,8.333333333333334,0.7680027875694444,1.0,0.0,134.72033333333334,139.7625,0.23043635166666668,0.1262238335
b1021dc35,2,8.5,0.7637244209999998,1.0,0.0,50.22,50.22,0.384571345,0.1604527225
b1170cc46,1,8.0,0.8053260975000001,1.0,0.0,123.03899999999999,123.03899999999999,0.20920885,0.058363147
b119aa181,1,10.0,0.8225642519999999,1.0,0.0,47.562999999999995,47.562999999999995,0.34701085,0.18876338
b11ae7451,3,8.666666666666666,0.7539652518148148,1.0,0.0,125.44299999999998,82.36099999999999,0.3290787433333333,0.13444377
b121d3be8,4,10.0,0.8694672615000001,1.0,0.0,71.42975,54.509,0.25161095,0.188860569
b129e668c,6,7.833333333333333,0.7544035565919313,1.0,0.0,110.4175,134.64249999999998,0.18239759,0.07405906633333333
b12b6dc93,1,10.0,0.8474815939999999,1.0,0.0,156.553,156.553,0.46214792,0.11782061
b12e22341,5,7.8,0.7703646846333333,0.8,0.0,95.3836,53.762,0.273764124,0.131784356
b12fb6709,3,8.333333333333334,0.8175282043333333,1.0,0.0,106.26299999999999,53.919999999999995,0.15383582666666665,0.12653506666666667
b1307cb03,1,9.0,0.7759669944444444,1.0,0.0,199.40599999999998,199.40599999999998,0.17446923,0.064093344
b138f5cc9,14,8.642857142857142,0.7773091831692176,0.9285714285714286,0.0,70.64357142857143,49.634,0.4979866628571429,0.24424024007142858
b13e4afff,5,9.6,0.7664910944,1.0,0.0,181.073,197.24599999999998,0.313389076,0.1152197144
b147d1870,4,9.75,0.7476490504722222,1.0,0.0,100.55125,98.255,0.28999867,0.0620687155
b15d56540,4,9.75,0.8168334343888889,1.0,0.0,179.5035,186.19650000000001,0.275628175,0.07607356
b165fe8b1,3,9.666666666666666,0.8043045714074074,1.0,0.0,144.38699999999997,157.56099999999998,0.33303063,0.11934905833333333
b16852e32,1,10.0,0.760532658,1.0,0.0,155.956,155.956,0.7726769,0.3180374
b16b24c21,1,8.0,0.75436357125,1.0,0.0,153.031,153.031,0.21350864,0.110285304
b16c55a91,1,9.0,0.8044339733333334,1.0,0.0,247.47799999999998,247.47799999999998,0.22764997,0.16494454
b16cb3f1e,4,9.0,0.7810286927152778,1.0,0.0,128.76049999999998,139.18099999999998,0.197419765,0.029410369999999998
b17f7a1fc,5,8.8,0.8011050324444444,1.0,0.0,125.6484,123.195,0.188376512,0.07756164680000001
b181fa99a,5,9.8,0.7607523291333333,1.0,0.0,45.0346,46.87,0.223577096,0.12790844899999998
b188b50cd,6,10.0,0.7493243559999999,1.0,0.0,131.5995,135.96349999999998,0.36758896333333335,0.13904787016666667
b18e25ae6,8,9.0,0.7763971401820436,1.0,0.0,92.527875,100.192,0.21027610375,0.057218871625
b1988cdd5,4,9.75,0.7498659337222222,1.0,0.0,141.48425,157.208,0.2145845125,0.0721249905
b1ae07ad5,5,10.0,0.724759956,1.0,0.0,50.651799999999994,46.827999999999996,0.284575488,0.11822754179999999
b1b2aae50,9,9.0,0.7687523778747796,0.8888888888888888,0.0,133.8681111111111,119.113,0.23632044333333335,0.11513918122222222
b1c66fa13,2,9.5,0.7735945356666667,1.0,0.0,102.0745,102.0745,0.15134178,0.080553
b1c7e0838,4,10.0,0.81008471325,1.0,0.0,165.51549999999997,159.793,0.261127665,0.0810445065
b1d1e399c,3,9.666666666666666,0.7259570127777778,1.0,0.0,20.53033333333333,19.63,0.2658420266666666,0.12853299333333335
b1e590596,2,9.0,0.777487361625,1.0,0.0,37.5625,37.5625,0.34922691,0.28425253
b1ed265ef,13,8.692307692307692,0.7544590339349817,1.0,0.0,67.133,47.842999999999996,0.27604496384615385,0.11308165976923078
b1f1a42bf,3,7.666666666666667,0.7523830672698413,1.0,0.0,156.50199999999998,159.69999999999996,0.29115401999999996,0.13384947
b2048c71d,2,9.5,0.7368613411111111,1.0,0.0,152.924,152.924,0.21989202,0.0337755815
b2056e185,4,8.75,0.7847487675347222,1.0,0.0,33.19325,26.432499999999997,0.25251196249999996,0.19309313749999998
b210e38f0,3,9.0,0.7744337662857143,1.0,0.0,68.84066666666666,79.761,0.525323,0.17295118333333334
b233246be,1,9.0,0.7514241422222222,1.0,0.0,83.15599999999999,83.15599999999999,0.11182241,0.06739837
b2385d700,23,8.782608695652174,0.7831293191637336,1.0,0.0,132.13630434782607,122.77499999999999,0.3267419143478261,0.1386165815652174
b2406f38d,3,9.0,0.7530705499814815,1.0,0.0,65.57366666666667,49.29899999999999,0.3765808533333333,0.16104899
b243b8e93,5,7.2,0.7537354294666667,0.8,0.0,208.0758,221.04299999999998,0.176049556,0.08123048940000001
b2566d195,5,8.4,0.7845663191968254,1.0,0.0,92.332,87.957,0.269061382,0.226353208
b256f479c,10,9.3,0.7642168921222222,1.0,0.0,89.1608,100.3355,0.260010796,0.0647299749
b25ad3ff0,1,9.0,0.7572505277777778,1.0,0.0,52.330999999999996,52.330999999999996,0.19252215,0.09382588
b25c2d2d1,4,8.75,0.7555882794196429,1.0,0.0,21.4635,22.5355,0.403647505,0.11369687
b2676e6b1,5,8.2,0.7613402674174603,1.0,0.0,113.655,119.022,0.15719668999999997,0.0849911682
b26f1c630,4,9.0,0.8044395190625,1.0,0.0,164.00175,169.325,0.2640123675,0.15797346575
b271a8246,2,10.0,0.7962759875000001,1.0,0.0,161.904,161.904,0.299127365,0.055946241499999994
b27f46ae3,2,10.0,0.7562446679999999,1.0,0.0,101.549,101.549,0.148613655,0.08838016700000001
b2876d101,2,7.5,0.7621302744642857,1.0,0.0,132.4495,132.4495,0.187239655,0.19638175
b28951b61,5,8.0,0.7730229154428572,1.0,0.0,152.5612,158.734,0.364397262,0.1229448488
b28acaaeb,1,10.0,0.8839055090000002,1.0,0.0,86.59799999999998,86.59799999999998,0.40825626,0.106770836
b28bc9e65,3,7.666666666666667,0.7784949404444444,1.0,0.0,104.55966666666666,109.87799999999999,0.32781213,0.087088827
b2937acb6,1,8.0,0.849143255,1.0,0.0,196.472,196.472,0.14622629,0.07073643
b2a23ac85,6,9.666666666666666,0.796312646625,1.0,0.0,132.2885,125.57,0.22637971666666667,0.07016702666666667
b2b3baca1,2,10.0,0.7846313739999999,1.0,0.0,54.875,54.875,0.52327872,0.1306241475
b2b52ccf2,2,10.0,0.836384042,1.0,0.0,21.7545,21.7545,0.23345934,0.15597154000000002
b2b9c5176,3,10.0,0.7717133256666666,1.0,0.0,135.55733333333333,88.233,0.2701705033333333,0.06941867266666667
b2c120250,4,9.75,0.7604706185833334,1.0,0.0,92.70875,86.1275,0.27603457,0.08310265
b2d7d59c9,1,10.0,0.7542571920000001,1.0,0.0,157.444,157.444,0.17251259,0.072927505
b2dbd92b1,5,10.0,0.8260882974000001,1.0,0.0,107.3732,82.35,0.215189162,0.10677236400000001
b2e3cf5a0,1,10.0,0.794111827,1.0,0.0,114.32,114.32,0.22993675,0.031304196
b2e46582a,5,10.0,0.8174104832,1.0,0.0,74.0062,54.43899999999999,0.2490159252,0.085880969
b2f2134bd,4,9.5,0.7686664461875,1.0,0.0,164.62175,156.059,0.18949257525000002,0.01919401135
b30bcaab6,8,9.875,0.7453472585972223,1.0,0.0,124.39025,117.9395,0.20312530499999998,0.052423328000000005
b31045c50,4,8.5,0.7693032627400793,1.0,0.0,99.394,98.9075,0.2430946425,0.1260372395
b310f969f,5,9.4,0.7338565200444445,1.0,0.0,150.8764,154.747,0.16567287,0.0701526178
b3185d954,5,9.8,0.7792818159333332,1.0,0.0,124.75919999999999,88.226,0.151039562,0.09862501879999999
b32339429,5,9.6,0.7379063450500001,1.0,0.0,92.47279999999999,51.783,0.18572173,0.0858133908
b3408d846,4,9.75,0.7229697865833333,1.0,0.0,122.99225,99.905,0.2878122925,0.11736905624999999
b34a4f038,1,10.0,0.7438539630000001,1.0,0.0,52.592,52.592,0.3457148,0.076882094
b34a57b41,5,9.6,0.7733930551555556,1.0,0.0,113.0088,121.897,0.514949756,0.1915640346
b3543dda3,4,9.75,0.8172611792222222,1.0,0.0,106.1755,105.506,0.2852599825,0.12218175625
b356b0f05,5,10.0,0.8202593585999999,1.0,0.0,133.8664,120.19199999999998,0.29037800599999997,0.06082206019999999
b35c61109,3,7.333333333333333,0.7685803057777778,1.0,0.0,121.69733333333333,151.02899999999997,0.16066516,0.10559024066666667
b35e6306c,1,10.0,0.710379099,1.0,0.0,55.312,55.312,0.17312835,0.036593825
b37d04bd6,1,10.0,0.7471890400000001,1.0,0.0,24.651999999999997,24.651999999999997,0.42152405,0.08930657
b386bb45c,4,8.25,0.7561984520952381,1.0,0.0,138.386,139.015,0.164622025,0.2041384625
b386d20ba,9,9.777777777777779,0.7606841019506173,1.0,0.0,200.72222222222223,197.184,0.43644205333333336,0.12398374055555555
b38e94f39,7,9.0,0.7290090423492064,0.8571428571428571,0.0,92.44457142857142,119.0,0.24878860857142857,0.1767504057142857
b3995ad50,2,7.0,0.7721897115,0.5,0.0,119.0245,119.0245,0.18687653,0.0132662035
b39ead375,1,7.0,0.6549942771428573,0.0,0.0,53.422,53.422,0.231118,0.10731648
b39f3f7ad,2,8.5,0.7743916481249999,1.0,0.0,138.1165,138.1165,0.39420548499999997,0.254050915
b3a19b9dd,2,8.0,0.78951007,1.0,0.0,116.3495,116.3495,0.143012435,0.066688575
b3a42fc4a,6,9.833333333333334,0.7645500452037037,1.0,0.0,57.00333333333333,18.633499999999998,0.4107744483333333,0.265490285
b3a6f353d,7,9.285714285714286,0.7866474143174603,1.0,0.0,22.38214285714286,18.282,0.6425355214285714,0.2014642534285714
b3b26191c,2,10.0,0.762923225,1.0,0.0,111.20200000000001,111.20200000000001,0.297647875,0.1381646825
b3b6d78f5,2,9.0,0.775784971125,1.0,0.0,50.7005,50.7005,0.3344568,0.15559818
b3db0fa59,7,9.857142857142858,0.7696446366031745,1.0,0.0,55.09371428571428,25.967999999999996,0.28156160142857145,0.07168146442857141
b3e897856,3,8.0,0.7576018560119048,1.0,0.0,86.40633333333334,119.565,0.26678322,0.26303718
b3f69b209,1,10.0,0.684940463,1.0,0.0,17.532999999999998,17.532999999999998,0.16837992,0.2783505
b3f83cef6,5,9.8,0.7998629345555555,1.0,0.0,92.5216,51.62,0.330495404,0.1816820256
b3faddf18,3,7.0,0.7960330323809522,1.0,0.0,113.605,112.904,0.35003466333333333,0.2818255333333333
b3ff03304,3,9.666666666666666,0.7747581857777778,1.0,0.0,80.65866666666666,22.598,0.42154345666666665,0.13991087933333332
b4060a70e,5,8.2,0.7806561163357143,1.0,0.0,124.83939999999998,144.75599999999997,0.3027317852,0.154415408
b40818da6,1,10.0,0.786900656,1.0,0.0,53.88,53.88,0.1639599,0.017343046
b412a3f6a,8,9.25,0.735457758063492,1.0,0.0,185.20675,196.23499999999999,0.21601039125,0.0646028435
b414c5dd9,3,9.666666666666666,0.8065493746666667,1.0,0.0,33.782666666666664,26.315999999999995,0.29665579999999997,0.10800315666666667
b41fd3816,2,10.0,0.8469752650000002,1.0,0.0,76.33500000000001,76.33500000000001,0.33330308,0.104611208
b421d0d48,7,10.0,0.7997530724285714,1.0,0.0,202.18514285714284,197.10999999999999,0.38401216714285713,0.1771437985714286
b42873eb7,1,10.0,0.789217887,1.0,0.0,156.22199999999998,156.22199999999998,0.18528648,0.11364484
b43155295,1,8.0,0.76198034125,1.0,0.0,83.86999999999999,83.86999999999999,0.17356113,0.015423959
b440a9cf1,5,8.2,0.7575744895071429,1.0,0.0,119.71219999999998,119.478,0.177232052,0.0635942248
b4475834d,3,10.0,0.7703709289999999,1.0,0.0,80.51666666666667,84.25599999999999,0.4105488366666667,0.2289282
b47109e90,5,9.8,0.7294870613111112,1.0,0.0,89.735,52.684,0.1436557172,0.0443745084
b477ad589,1,7.0,0.8060781285714285,1.0,0.0,27.381,27.381,0.4380369,0.23818298
b47b947be,4,9.0,0.7782821396666667,1.0,0.0,112.32849999999999,116.66099999999999,0.2347931,0.0811300848
b48460ef7,5,9.8,0.7944245342888889,1.0,0.0,137.797,153.727,0.162894051,0.086978356
b488dc067,8,9.0,0.7436720571284722,1.0,0.0,176.15175,192.6035,0.25813510375,0.111489478
b48aa9d4a,3,8.333333333333334,0.7533651675119047,1.0,0.0,53.32633333333333,23.961,0.19869194666666667,0.09827113100000001
b48b65ef2,1,10.0,0.7864438770000001,1.0,0.0,114.45699999999998,114.45699999999998,0.40393963,0.039108567
b48d47214,2,7.5,0.675470381,0.5,0.0,95.011,95.011,0.28686245,0.0598982725
b49012dd4,5,9.4,0.7901548948888889,1.0,0.0,44.776599999999995,49.288,0.306761776,0.094680334
b497fb8eb,8,9.75,0.77647388384375,1.0,0.0,99.199625,101.59599999999998,0.2939925975,0.1163657545
b49c33f08,1,7.0,0.8431507057142857,1.0,0.0,228.611,228.611,0.15370958,0.11096644
b4aa0c3ce,1,10.0,0.7957317749999999,1.0,0.0,58.071,58.071,0.34779158,0.05184332
b4b4969b2,4,10.0,0.788243812,1.0,0.0,142.323,152.372,0.4126035875,0.1887083225
b4ba15dbc,7,10.0,0.7690121325714285,1.0,0.0,22.14685714285714,21.772,0.5066489342857142,0.10514780285714286
b4bf9e247,2,10.0,0.846735848,1.0,0.0,21.377499999999998,21.377499999999998,0.77799072,0.219863935
b4d341b10,2,7.5,0.7719063545535715,1.0,0.0,157.139,157.139,0.12442056500000001,0.0191674625
b4d54e67c,1,10.0,0.7781567340000001,1.0,0.0,50.678,50.678,0.43784276,0.1467274
b4d7cbe8b,1,9.0,0.7515416188888888,1.0,0.0,125.88699999999999,125.88699999999999,0.29602006,0.33347863
b4eb7f4df,1,10.0,0.807045729,1.0,0.0,51.38699999999999,51.38699999999999,0.12587646,0.08447215
b4f69489c,3,9.333333333333334,0.7804252863333333,1.0,0.0,52.64066666666667,53.37,0.39631995000000003,0.17277265866666666
b5010c15b,5,10.0,0.8518697866,1.0,0.0,26.880199999999995,21.814999999999998,0.5206162219999999,0.17539396000000002
b517c8c90,1,9.0,0.8126456855555556,1.0,0.0,85.216,85.216,0.1437863,0.05109489
b525ee190,2,9.5,0.7517922296111111,1.0,0.0,137.79399999999998,137.79399999999998,0.33423177,0.295982665
b52b8d946,1,7.0,0.7650789900000001,1.0,0.0,233.718,233.718,0.20591056,0.19031382
b532e9588,1,9.0,0.7305638733333333,1.0,0.0,82.329,82.329,0.29156688,0.05849203
b533529a6,6,9.833333333333334,0.7872630181851852,1.0,0.0,128.61216666666667,137.111,0.17099426166666665,0.06715321283333334
b53990a1d,1,8.0,0.75013524875,1.0,0.0,188.444,188.444,0.254502,0.03217135
b543331f4,3,7.0,0.7999317145833335,1.0,0.0,62.578,50.661,0.30242313,0.146036745
b5475edf9,2,9.5,0.7109552916666666,1.0,0.0,104.673,104.673,0.152692625,0.0378142675
b5486d844,1,10.0,0.854935652,1.0,0.0,51.417,51.417,0.20879744,0.18123482
b551658f4,3,9.666666666666666,0.7732501341481481,1.0,0.0,171.95133333333334,196.718,0.2683472333333333,0.17175396333333334
b5521c7e1,3,9.666666666666666,0.7899751231111112,1.0,0.0,97.64533333333333,52.211000000000006,0.21456953333333337,0.07256076733333335
b567ca662,6,9.333333333333334,0.7731893491249999,1.0,0.0,151.62766666666667,173.38549999999998,0.23860085166666667,0.07223899416666667
b56b73e4c,3,9.333333333333334,0.7858971903333334,1.0,0.0,185.92433333333335,191.3,0.30801806,0.104321759
b586e1ea4,3,10.0,0.7281017496666666,1.0,0.0,198.17066666666665,200.618,0.22289989333333335,0.041210475333333337
b5931099f,3,9.333333333333334,0.8008373025555556,1.0,0.0,84.195,89.59899999999999,0.31380176,0.10426763666666666
b593502c5,1,6.0,0.79989802,1.0,0.0,110.64299999999999,110.64299999999999,0.12848409,0.009972251
b5974bdd0,8,9.375,0.7673479079285714,1.0,0.0,98.37424999999999,56.8785,0.37031550874999997,0.197290434125
b59e875ed,5,10.0,0.8038708985999999,1.0,0.0,44.8664,23.782999999999998,0.281295378,0.168357642
b5b6b9398,1,10.0,0.740892406,1.0,0.0,123.01599999999999,123.01599999999999,0.20493162,0.060440514
b5b84493d,3,10.0,0.8430104736666667,1.0,0.0,117.63133333333333,113.073,0.17092469666666665,0.10759910823333334
b5b9c3c05,2,9.0,0.832004933875,1.0,0.0,63.3445,63.3445,0.31559091,0.18452097
b5b9f6e99,5,10.0,0.7920824324,1.0,0.0,126.4288,116.511,0.24137668799999998,0.094328825
b5c41169c,4,9.25,0.7714576043214286,1.0,0.0,133.11525,130.4395,0.308568035,0.0806885195
b5c553616,2,7.5,0.6871630858035714,1.0,0.0,18.9565,18.9565,0.6676259,0.44350503
b5cb75a44,5,10.0,0.7847475641999999,1.0,0.0,155.55059999999997,159.04399999999998,0.34948829400000003,0.09056538119999999
b5ce44276,3,9.0,0.742469710962963,1.0,0.0,76.653,88.984,0.28507993,0.19920068999999999
b5df81f99,1,6.0,0.7533628683333333,1.0,0.0,160.75099999999998,160.75099999999998,0.1650247,0.15860215
b5e7e4539,5,9.4,0.7673035181714285,1.0,0.0,101.17479999999999,81.928,0.263466058,0.0637486968
b5fcc079e,5,9.2,0.7803145047904761,1.0,0.0,113.6972,122.205,0.21347529199999998,0.0789108586
b5fd8a091,3,9.666666666666666,0.7438566633703704,1.0,0.0,94.11999999999999,114.50099999999999,0.2748361866666667,0.15719302999999998
b5ff2b987,4,7.75,0.7941875113194444,1.0,0.0,182.68775,188.38299999999998,0.44082212,0.294547095
b612d6ba3,2,9.0,0.78211334,1.0,0.0,35.881,35.881,0.17285156000000002,0.087648292
b617ce1ce,3,9.333333333333334,0.7814428901666667,1.0,0.0,51.507,51.422,0.31962412333333334,0.15448419333333333
b623d9449,2,10.0,0.7494404135,1.0,0.0,87.12599999999999,87.12599999999999,0.22216713999999999,0.082379465
b6256e92e,1,10.0,0.807958019,1.0,0.0,157.016,157.016,0.30167237,0.07963989
b630ac493,2,8.5,0.7759611875694444,1.0,0.0,110.72049999999999,110.72049999999999,0.28435669,0.133107875
b63d76ef4,7,9.857142857142858,0.7440376699682539,1.0,0.0,196.94942857142857,194.326,0.3564997457142857,0.16986511457142855
b641cecaf,2,10.0,0.8360305724999999,1.0,0.0,194.81099999999998,194.81099999999998,0.29831455,0.32531359
b6450abed,4,8.75,0.7563295123174603,1.0,0.0,75.09075,83.0705,0.3321611625,0.07726360875
b6492d3b1,2,9.5,0.7463086439444444,1.0,0.0,100.587,100.587,0.30025291,0.11232318
b64e30a78,1,10.0,0.7238849439999999,1.0,0.0,156.153,156.153,0.15929109,0.036816027
b65dc15af,1,6.0,0.8009645416666666,1.0,0.0,117.60900000000001,117.60900000000001,0.49642044,0.18003488
b65fd06e2,6,9.333333333333334,0.7632529329583333,1.0,0.0,156.12266666666667,171.87650000000002,0.281812625,0.12132953416666666
b660cb310,3,8.666666666666666,0.7235645549074073,0.6666666666666666,0.0,232.12733333333333,247.871,0.24432439000000003,0.032109705333333335
b66569990,7,9.0,0.7610430104325397,1.0,0.0,161.956,187.917,0.25479694428571426,0.09148456528571428
b6661be84,3,8.333333333333334,0.8029614755185186,1.0,0.0,157.68433333333334,156.25,0.20048153666666665,0.04555262499999999
b66715e26,2,10.0,0.8467827305,1.0,0.0,21.932499999999997,21.932499999999997,0.223131895,0.186552665
b6684c4b7,7,9.0,0.7454325497414966,1.0,0.0,123.47885714285714,116.47999999999999,0.18673651857142856,0.14264347742857145
b66a5bd9d,2,9.0,0.802537228625,1.0,0.0,70.60249999999999,70.60249999999999,0.39406761,0.14524894
b66a74309,1,10.0,0.704872966,1.0,0.0,188.2,188.2,0.18345131,0.14920482
b67778d17,3,9.0,0.7720584683333334,1.0,0.0,171.90233333333333,229.722,0.22939769333333335,0.068833882
b677eae2a,8,9.875,0.7900359187777778,1.0,0.0,164.5135,178.12699999999998,0.30275795,0.17888342924999998
b67a29908,4,10.0,0.821721932,1.0,0.0,195.65175,196.1045,0.195278675,0.072804284
b686d33cd,3,10.0,0.7815392006666667,1.0,0.0,127.43033333333331,155.035,0.20317154999999998,0.15557009616666664
b690774cb,4,9.25,0.7415167108611112,1.0,0.0,103.80324999999999,103.4845,0.18974028999999998,0.11775752975
b69d479cf,2,9.5,0.720447534611111,1.0,0.0,139.62749999999997,139.62749999999997,0.190953815,0.07062719149999999
b6a16ab86,5,8.4,0.7796362608,1.0,0.0,121.88319999999999,87.315,0.31154342599999996,0.1512313534
b6c338f94,4,10.0,0.76949634625,1.0,0.0,121.29925,120.79,0.2077846225,0.08790857525
b6c93a605,3,8.333333333333334,0.7993482700462963,1.0,0.0,100.95899999999999,89.18299999999999,0.21152464333333332,0.06517881433333333
b6f77d754,8,9.75,0.7808649238333333,1.0,0.0,69.16175,48.1095,0.22683592375,0.177488804625
b7006ed96,14,9.714285714285714,0.7926598936020408,1.0,0.0,66.96014285714286,37.19800000000001,0.2573628892857143,0.17795822735714287
b70ec3788,1,10.0,0.759337586,1.0,0.0,245.142,245.142,0.20223574,0.27127773
b714e611f,4,8.75,0.7904201665416667,1.0,0.0,118.6995,119.5135,0.2332693375,0.12553610725
b71eb2942,3,10.0,0.7914546319999999,1.0,0.0,131.33966666666666,123.31899999999997,0.3999351666666667,0.1692681216666667
b72a62a33,5,8.6,0.7697735319380953,1.0,0.0,111.1454,83.33,0.20134750400000004,0.0678497046
b72bbd6db,5,10.0,0.8658349888,1.0,0.0,147.0392,158.457,0.305414766,0.080506416
b7351540f,5,10.0,0.800406149,1.0,0.0,38.774800000000006,18.11,0.23670371399999998,0.11161251459999999
b73a7ca90,3,9.666666666666666,0.8021445668888889,1.0,0.0,180.649,231.73299999999998,0.23872773333333333,0.09650466866666667
b73c5a1b7,2,9.0,0.7359436396250001,1.0,0.0,155.442,155.442,0.393425585,0.072920715
b73cc0f45,5,9.6,0.7765601608500001,1.0,0.0,127.84200000000001,121.35799999999999,0.28012200800000003,0.1168896898
b73cf161f,1,10.0,0.713737388,1.0,0.0,193.233,193.233,0.1545711,0.046351794
b75594e30,5,9.2,0.7770474982277777,1.0,0.0,59.099000000000004,52.928999999999995,0.297671038,0.11198668819999999
b7656e70f,2,10.0,0.8046066955,1.0,0.0,119.651,119.651,0.320822485,0.09345814
b76e8c452,9,9.555555555555555,0.8066433673333333,0.7777777777777778,0.0,103.14299999999999,55.732,0.37192765666666666,0.13112062188888887
b77b75f2d,1,10.0,0.875220251,1.0,0.0,84.31499999999998,84.31499999999998,0.25345546,0.15643427
b780980c1,13,7.6923076923076925,0.762837460334249,0.5384615384615384,0.0,145.6983846153846,157.659,0.3045120353846154,0.11485098469230769
b7856db41,2,10.0,0.794074612,1.0,0.0,102.47899999999998,102.47899999999998,0.232679095,0.15120967999999999
b78b30c18,4,8.25,0.7659966423611111,1.0,0.0,141.68975,149.39999999999998,0.1502283775,0.07946856825
b7910b841,3,10.0,0.7495838246666667,1.0,0.0,142.674,154.10899999999998,0.26270662,0.15509203533333335
b7a55f716,1,10.0,0.75252626,1.0,0.0,234.20599999999996,234.20599999999996,0.10861949,0.10763672
b7c0b9180,1,7.0,0.8313542300000002,1.0,0.0,194.26,194.26,0.4399628,0.2527749
b7cb6e33e,2,10.0,0.793334931,1.0,0.0,36.554,36.554,0.19137479,0.08675799099999999
b7d23de06,7,9.714285714285714,0.7762760082142857,1.0,0.0,129.246,120.299,0.2750359628571429,0.06196327257142858
b7d2d752f,3,9.666666666666666,0.7524070877407407,1.0,0.0,34.06766666666667,26.968,0.4488290033333333,0.20950644666666665
b7d753c5a,2,9.5,0.7598042050555556,1.0,0.0,66.399,66.399,0.233054765,0.059964961500000004
b7da4e981,5,9.8,0.7597295761333334,1.0,0.0,26.170799999999996,26.836999999999996,0.361218542,0.1222164452
b7ea489ae,5,8.2,0.7939276057801588,1.0,0.0,79.989,51.586,0.197319344,0.11451612739999999
b7f7e01c6,3,10.0,0.7661152716666666,1.0,0.0,119.93466666666666,115.02699999999999,0.29135656666666665,0.08012487
b7fa5b815,1,10.0,0.7767026620000002,1.0,0.0,118.072,118.072,0.17272718,0.11615052
b7fcfa1e6,5,9.2,0.7856860603746031,1.0,0.0,39.5986,50.114,0.34062114600000004,0.193288728
b8084fe32,1,10.0,0.773304774,1.0,0.0,190.315,190.315,0.2256272,0.023499826
b8088575c,3,8.666666666666666,0.76991547584127,1.0,0.0,82.92399999999999,100.419,0.08678934466666666,0.031407336566666666
b80a19455,5,9.8,0.7837071313777778,1.0,0.0,121.27559999999998,119.30599999999998,0.25110470399999996,0.0662356552
b822d0566,5,9.4,0.7676407828,1.0,0.0,155.2154,157.11399999999998,0.32794680400000004,0.1139383778
b833f9624,6,10.0,0.7617387130000001,1.0,0.0,77.51533333333333,83.148,0.268339875,0.023103548499999998
b84ad40b4,7,10.0,0.7818373872857143,1.0,0.0,137.55071428571426,148.67999999999998,0.29149789,0.10944459314285715
b84dad49f,3,9.0,0.768539200047619,1.0,0.0,51.54433333333333,49.781,0.26222326,0.025273441666666664
b854220cb,7,7.571428571428571,0.711862985701814,1.0,0.0,237.88014285714283,235.78299999999996,0.29533188571428576,0.08798617785714284
b857d5ac6,6,8.666666666666666,0.7806627142738095,1.0,0.0,102.81133333333332,96.406,0.24598378499999998,0.06979095333333334
b86b0db65,6,9.5,0.7724154153095238,1.0,0.0,145.2603333333333,156.09249999999997,0.26644794833333335,0.1175336875
b8715f663,1,7.0,0.83946266,1.0,0.0,155.748,155.748,0.19200897,0.10034491
b888f72cc,5,8.2,0.7923540295833333,0.6,0.0,48.389399999999995,21.766,0.207405354,0.1328866031
b88fa24c2,4,8.25,0.7523599038452382,1.0,0.0,146.0445,138.225,0.2128484,0.12120158125
b88fdc7ba,4,9.0,0.77737391425,1.0,0.0,50.09925,50.367000000000004,0.2435329325,0.114526921
b8976d821,2,9.0,0.7566965394444445,1.0,0.0,72.9545,72.9545,0.18785725,0.0330363065
b89a89c58,1,10.0,0.76763228,1.0,0.0,24.121,24.121,0.1610786,0.0515026
b89c365c3,2,10.0,0.7009977145,1.0,0.0,177.87,177.87,0.39913969,0.350961035
b8bc0c25c,2,10.0,0.784748825,1.0,0.0,121.322,121.322,0.27441285,0.1832802785
b8bf2c090,21,8.714285714285714,0.766300620537226,0.9523809523809523,0.0,112.18433333333334,113.57199999999999,0.22376772095238096,0.09699883954761905
b8c54bc91,1,10.0,0.792196554,1.0,0.0,157.39000000000001,157.39000000000001,0.25081876,0.07978272
b8ccf4b62,3,9.333333333333334,0.7896198394814814,1.0,0.0,96.37966666666667,116.699,0.36092295999999996,0.12593941833333333
b8d244dd5,2,10.0,0.8546824239999999,1.0,0.0,110.01399999999998,110.01399999999998,0.25559025,0.0370274015
b8d35b6c3,4,9.5,0.820258228875,1.0,0.0,93.36274999999999,85.97899999999998,0.28945914500000003,0.0653905955
b8d96cdd0,4,9.5,0.7975332711944445,1.0,0.0,214.14999999999998,214.8715,0.437217465,0.065580724
b8daff578,5,9.0,0.7442314752857143,1.0,0.0,133.348,154.695,0.28350371,0.0642242764
b8dd18a5a,3,10.0,0.8131669583333333,1.0,0.0,193.6743333333333,194.97,0.29791663,0.06411405366666666
b8f60eb7e,1,8.0,0.83952828875,1.0,0.0,116.43,116.43,0.4293527,0.17615208
b9005c792,1,10.0,0.733998055,1.0,0.0,158.626,158.626,0.19146986,0.2960102
b9086e44f,3,9.0,0.7988710014814814,1.0,0.0,58.01666666666667,82.5,0.13625056833333335,0.124623061
b90e6ec69,6,9.0,0.703123433375,0.3333333333333333,0.0,186.226,191.36399999999998,0.31219107500000004,0.048958594333333334
b912b1114,5,8.8,0.7760644214738095,1.0,0.0,168.04979999999998,191.64,0.40966018000000004,0.20959104799999997
b92781dca,1,10.0,0.788534877,1.0,0.0,125.455,125.455,0.26026323,0.01907735
b93203aa7,5,10.0,0.7960858732,1.0,0.0,143.72639999999998,149.958,0.359085298,0.162795883
b93a2c373,4,8.5,0.7647158659375,1.0,0.0,60.56375,49.96249999999999,0.1591779625,0.10670166475000001
b940cf8b8,7,8.714285714285714,0.763067983350907,1.0,0.0,76.47699999999999,84.22699999999999,0.24314529285714287,0.057701269142857135
b94b99757,2,9.5,0.7775469038888889,1.0,0.0,86.67899999999999,86.67899999999999,0.23258754,0.07487281500000001
b94ddd6a9,3,9.0,0.7941762216190477,1.0,0.0,95.86166666666666,85.902,0.3443745466666667,0.10884417533333333
b9568ee6f,1,10.0,0.7057424080000001,1.0,0.0,120.54899999999999,120.54899999999999,0.17285271,0.12890218
b968b85c1,2,7.5,0.7818923661111111,1.0,0.0,23.9345,23.9345,0.232042485,0.132559015
b97569bc9,5,8.2,0.7640099503888889,1.0,0.0,34.6952,23.897,0.374003452,0.07177419360000001
b98316a91,11,9.181818181818182,0.755532600469697,0.9090909090909091,0.0,109.43990909090908,121.92699999999999,0.41106741727272733,0.18178845918181818
b98512188,6,7.666666666666667,0.7123923447837303,0.8333333333333334,0.0,117.29799999999999,104.12299999999999,0.3272049266666667,0.23532766933333335
b985b4ff9,3,10.0,0.76370621,1.0,0.0,219.556,227.504,0.25864966,0.17098349000000002
b99644a34,2,10.0,0.7497632475,1.0,0.0,157.5655,157.5655,0.41937289,0.069607607
b9aead110,3,10.0,0.7593069673333334,1.0,0.0,94.755,115.738,0.14620000200000002,0.064631751
b9c0de515,1,10.0,0.7745791719999999,1.0,0.0,81.68799999999999,81.68799999999999,0.40440297,0.12247606
b9cb2f0fd,3,9.0,0.7428124180277779,1.0,0.0,181.332,192.62,0.26541174166666665,0.07222911333333333
b9d28a286,1,6.0,0.7529542566666666,1.0,0.0,228.113,228.113,0.14107762,0.017078875
b9d49b198,3,9.333333333333334,0.80910506875,1.0,0.0,123.702,120.09599999999999,0.23710399333333335,0.06558561666666667
b9d6b1488,2,10.0,0.766110847,1.0,0.0,98.9675,98.9675,0.15524949,0.0920948645
b9e604ca1,4,8.75,0.7366353414652778,1.0,0.0,89.04925,90.1835,0.307981195,0.1447292625
b9f58834b,1,10.0,0.7579379919999999,1.0,0.0,48.064,48.064,0.08577853,0.0058890693
b9f90bdfe,6,8.666666666666666,0.7572170583148149,1.0,0.0,117.24033333333334,103.56849999999999,0.23066596333333333,0.04663833858333333
ba030cdba,1,10.0,0.7168300189999999,1.0,0.0,120.74799999999999,120.74799999999999,0.10776815,0.047401432
ba04f3e21,5,9.4,0.7850405458111112,1.0,0.0,151.26299999999998,120.029,0.20078204399999997,0.098924732
ba13c272f,1,8.0,0.81114971375,1.0,0.0,119.125,119.125,0.16156797,0.059458163
ba16e7f4b,5,9.4,0.7602885708285714,1.0,0.0,124.6584,119.896,0.283251028,0.07822999859999999
ba20d5a08,1,7.0,0.7650343642857143,1.0,0.0,154.72799999999998,154.72799999999998,0.08528491,0.03718898
ba2d4e877,2,10.0,0.7941075339999999,1.0,0.0,87.84999999999998,87.84999999999998,0.337235245,0.21900504999999998
ba311fc1a,4,9.75,0.7760976292222223,1.0,0.0,116.93124999999999,117.326,0.1769783275,0.046487078
ba392c802,4,5.75,0.7929388274642857,1.0,0.0,95.53324999999998,66.3565,0.0980493725,0.026091766750000002
ba4811f35,1,10.0,0.8022364700000001,1.0,0.0,229.587,229.587,0.37730378,0.13155521
ba54e88a9,3,8.666666666666666,0.6998176251111111,1.0,0.0,95.92766666666667,115.848,0.3443765733333333,0.09274089133333334
ba6ea2d18,2,8.5,0.7962351532638888,1.0,0.0,68.799,68.799,0.24689129999999998,0.11095373
ba72b4212,3,10.0,0.7787835260000001,1.0,0.0,119.08033333333333,117.977,0.13809010333333335,0.09230112333333333
ba79cfddf,5,9.8,0.7971226304666666,1.0,0.0,92.8308,112.203,0.15812301099999998,0.054562212
ba7d1a755,11,9.272727272727273,0.7315311232564935,1.0,0.0,80.46127272727273,46.684,0.2578193909090909,0.09033915927272727
ba804d3fa,3,8.0,0.7616194737619048,1.0,0.0,131.643,122.77199999999999,0.28420078,0.14319010333333335
bac34e381,4,8.75,0.7797407015555555,1.0,0.0,138.3765,139.677,0.23221157,0.1280345325
bac8c1a73,14,10.0,0.7798859435000001,1.0,0.0,172.10999999999999,195.04399999999998,0.20482146428571427,0.09218610042857144
bad270818,1,10.0,0.7796551569999999,1.0,0.0,23.278,23.278,0.37885916,0.08835683
bad338993,2,10.0,0.764871915,1.0,0.0,99.107,99.107,0.24675972999999998,0.32921435
bad8f7276,3,10.0,0.7839511513333334,1.0,0.0,134.12033333333332,123.25399999999999,0.2545014,0.018778802233333336
baefc2985,1,10.0,0.807802308,1.0,0.0,25.554999999999996,25.554999999999996,0.23315538,0.05228928
baf49463a,6,10.0,0.7244704396666667,1.0,0.0,126.91699999999999,137.2185,0.16374181916666666,0.03790709
baf60f1bb,1,9.0,0.7050944233333334,1.0,0.0,40.961,40.961,0.6073277,0.3926845
bafa8c847,5,8.8,0.7661305234666667,1.0,0.0,97.525,60.474999999999994,0.283855068,0.1384980372
bb051be7c,11,8.181818181818182,0.7697270329372294,1.0,0.0,80.74318181818181,84.273,0.19587525454545454,0.10988832154545455
bb0dddcf2,3,9.666666666666666,0.7534700120740742,1.0,0.0,35.370666666666665,27.918,0.21415817666666667,0.03651569733333333
bb15b64ea,9,8.222222222222221,0.747761968382275,1.0,0.0,151.24355555555556,194.896,0.2647357838888889,0.11281650922222222
bb16182f7,3,8.666666666666666,0.7413066586574074,1.0,0.0,47.982,47.658,0.32748410666666666,0.11323788066666667
bb170fd98,2,10.0,0.713779705,1.0,0.0,92.73649999999999,92.73649999999999,0.41331601,0.09408602299999999
bb1775dbe,1,10.0,0.7640764630000001,1.0,0.0,195.871,195.871,0.22424051,0.2385519
bb19c3013,1,8.0,0.85259028875,1.0,0.0,54.065,54.065,0.14912695,0.022806104
bb2a61d2b,2,8.0,0.7528953993333334,1.0,0.0,157.26299999999998,157.26299999999998,0.2997105,0.13055126575
bb2c896c5,5,10.0,0.8054212548,1.0,0.0,140.7616,128.697,0.19451000499999999,0.1581391624
bb2cbdb23,7,8.428571428571429,0.7568009942777777,1.0,0.0,59.41957142857143,48.039,0.3422742614285714,0.17173935185714287
bb2e480f4,2,10.0,0.7844109450000001,1.0,0.0,74.5335,74.5335,0.20936523,0.083539718
bb32a589b,1,8.0,0.79085581,1.0,0.0,48.68,48.68,0.5238585,0.1788935
bb48e2353,1,10.0,0.79779819,1.0,0.0,84.261,84.261,0.4199905,0.17793965
bb4c6519d,1,10.0,0.73973211,1.0,0.0,79.901,79.901,0.15477358,0.05606881
bb4e0ddb3,3,10.0,0.7769501983333332,1.0,0.0,13.134333333333332,15.865,0.5756855200000001,0.29251197
bb5162df6,2,10.0,0.768143873,1.0,0.0,102.22899999999998,102.22899999999998,0.26884810000000003,0.0864545465
bb5917ca8,2,10.0,0.7484190424999999,1.0,0.0,139.343,139.343,0.181361585,0.07815652549999999
bb5f471dd,1,10.0,0.803254508,1.0,0.0,21.195999999999998,21.195999999999998,0.28456676,0.050427556
bb6276b35,1,10.0,0.691415865,1.0,0.0,196.132,196.132,0.31681955,0.03875969
bb675d874,5,9.2,0.7543917890666667,1.0,0.0,45.9894,25.157,0.336927124,0.1376712752
bb714a80a,2,10.0,0.8196350665,1.0,0.0,68.7865,68.7865,0.259773135,0.07699992
bb74a9d58,1,7.0,0.8102893971428571,1.0,0.0,146.72899999999998,146.72899999999998,0.36385632,0.34332293
bb817b755,2,9.0,0.7946316760000001,1.0,0.0,83.316,83.316,0.22270575,0.036445536
bb8795c8d,3,10.0,0.7582161263333335,1.0,0.0,135.44766666666666,160.90800000000002,0.26768149333333335,0.24306278
bb90447e5,5,9.4,0.7891228267388889,1.0,0.0,113.4856,119.067,0.45353475000000004,0.10514180579999999
bb928145e,3,10.0,0.8078508320000001,1.0,0.0,97.37666666666667,83.5,0.18830298,0.07208890666666667
bb9a64e6f,2,9.5,0.8105130954444444,1.0,0.0,52.2775,52.2775,0.31043135,0.09604547299999999
bb9e47b4a,16,8.6875,0.7654472542574404,0.875,0.0,119.68599999999999,117.9845,0.20466433375,0.081696583625
bba3070ad,5,7.6,0.7533177067333334,1.0,0.0,107.5056,154.479,0.23438499679999997,0.0789413366
bba70dd12,1,10.0,0.761959346,1.0,0.0,83.239,83.239,0.3190914,0.074228235
bbaa4a431,1,10.0,0.772737113,1.0,0.0,51.142999999999994,51.142999999999994,0.19467978,0.0787955
bbab88df0,1,10.0,0.78705054,1.0,0.0,69.57,69.57,0.5625001,0.19280693
bbb0a9ac2,5,8.8,0.7617397349666667,1.0,0.0,171.4528,162.012,0.225524674,0.11064863040000002
bbd0c8f36,1,9.0,0.7970599177777778,1.0,0.0,150.45600000000002,150.45600000000002,0.56444544,0.4190294
bbd704c14,5,9.0,0.8170686332000001,0.8,0.0,133.701,158.012,0.192845158,0.0682552936
bbd8a4220,5,10.0,0.7808772834000001,1.0,0.0,87.542,59.17699999999999,0.24072345200000003,0.0961990192
bbdcd94a9,1,10.0,0.677406245,1.0,0.0,152.79399999999998,152.79399999999998,0.21245448,0.36658987
bbe1d6739,1,9.0,0.7742771233333333,1.0,0.0,156.778,156.778,0.15539268,0.04812695
bbe6ff890,9,8.444444444444445,0.7955193457870371,1.0,0.0,132.55677777777777,129.992,0.30164749333333335,0.15346011033333334
bbf6ed419,2,10.0,0.7699199415,1.0,0.0,55.57899999999999,55.57899999999999,0.1992507,0.07881294999999999
bbfc5274f,11,8.181818181818182,0.8070865164253246,0.9090909090909091,0.0,83.01981818181818,80.243,0.2616968472727273,0.13291557236363635
bbff353ce,1,9.0,0.7570542077777779,1.0,0.0,242.19599999999997,242.19599999999997,0.16562134,0.36375347
bc0a5524c,4,7.5,0.7687764516517857,1.0,0.0,155.51399999999998,176.3535,0.3142997925,0.06374393075
bc0b9984a,4,9.5,0.7916025006875,1.0,0.0,112.0075,102.12349999999999,0.2727888,0.0803837515
bc1319810,2,10.0,0.815501263,1.0,0.0,150.90699999999998,150.90699999999998,0.176690075,0.071080598
bc14cca27,1,10.0,0.706646332,1.0,0.0,153.151,153.151,0.2822484,0.04675138
bc14f3a48,5,8.8,0.7809585584222222,1.0,0.0,70.33539999999999,23.854,0.441203428,0.189331563
bc22c806a,4,10.0,0.756291709,1.0,0.0,131.6905,120.873,0.3020695475,0.0471297255
bc4b95345,6,7.833333333333333,0.7680877811924604,1.0,0.0,126.16699999999999,119.42,0.28655258499999997,0.10226320283333334
bc4ba2449,2,10.0,0.76783685,1.0,0.0,154.75900000000001,154.75900000000001,0.185623755,0.08757681
bc4bbcef1,1,10.0,0.842857085,1.0,0.0,199.69699999999997,199.69699999999997,0.17028543,0.44849116
bc4f18ced,1,10.0,0.796016517,1.0,0.0,119.902,119.902,0.2798797,0.27243453
bc5ae0001,1,10.0,0.746461999,1.0,0.0,21.299,21.299,0.15132807,0.26130491
bc5dade47,2,10.0,0.7725142114999999,1.0,0.0,107.14949999999999,107.14949999999999,0.26201351500000003,0.16837928
bc681e945,8,9.25,0.7656598483229167,1.0,0.0,62.612249999999996,25.1875,0.2201927175,0.083203260625
bc6abd32e,3,9.333333333333334,0.7144632286666667,1.0,0.0,126.70433333333334,116.027,0.22890245666666664,0.09667584833333333
bc6d86a40,5,9.8,0.7400355329777778,1.0,0.0,49.142399999999995,48.257999999999996,0.322693296,0.068196037
bc7956085,3,9.666666666666666,0.7896955521481481,1.0,0.0,94.19033333333333,83.847,0.19453924,0.12098646666666668
bc7b17cd5,6,8.333333333333334,0.720627222462963,0.6666666666666666,0.0,170.39133333333334,174.224,0.21820393233333335,0.1121542105
bc8aedde4,3,9.333333333333334,0.7434698539629631,1.0,0.0,172.00166666666664,154.69,0.14251200666666666,0.08033138899999999
bc9036716,4,8.5,0.7573781610198412,1.0,0.0,22.77225,22.575499999999998,0.3056697225,0.1600979925
bca099371,3,9.666666666666666,0.7663968627037038,1.0,0.0,159.93366666666665,193.766,0.27325540666666664,0.04780899533333333
bca8b44ae,3,10.0,0.7754600886666667,1.0,0.0,96.32033333333332,82.99399999999999,0.2824658,0.07853509133333333
bcd6d7e62,5,9.8,0.7576842206444445,1.0,0.0,163.6188,157.766,0.164004294,0.054407275399999996
bcda757a8,1,5.0,0.88343814,1.0,0.0,123.63699999999999,123.63699999999999,0.1387067,0.20794928
bce2ed853,3,9.333333333333334,0.78070996425,1.0,0.0,126.75566666666667,154.461,0.20027375000000003,0.10480632366666666
bcf13ec9d,20,10.0,0.8441713276,1.0,0.0,69.62585,49.917500000000004,0.450379224,0.10472164275
bcf546cb8,3,9.333333333333334,0.7669458130833333,1.0,0.0,117.88966666666666,85.56599999999999,0.23013962666666665,0.12807838933333335
bcf657071,3,10.0,0.760608423,1.0,0.0,114.38133333333333,113.52599999999998,0.21732526666666666,0.047406276666666664
bcfea60f5,3,9.666666666666666,0.7802584010740742,1.0,0.0,85.34333333333332,117.03099999999999,0.13181086333333333,0.06577159966666667
bd05c2f75,3,8.333333333333334,0.7807765256190476,1.0,0.0,65.89066666666666,84.568,0.21947899666666668,0.10782667
bd0a144b0,1,10.0,0.7916619039999999,1.0,0.0,117.333,117.333,0.26794198,0.21383975
bd0c6dcb3,10,8.9,0.7681140418269841,1.0,0.0,153.5076,141.791,0.22868686600000002,0.11171522729999998
bd16029b7,20,8.55,0.737989604175,1.0,0.0,44.7704,24.2745,0.3536315208,0.1768089499
bd2084cc9,1,10.0,0.718512856,1.0,0.0,91.885,91.885,0.20841925,0.2814673
bd263a880,7,10.0,0.7603192691428572,1.0,0.0,75.82428571428571,47.114,0.24766222857142856,0.04322134657142857
bd2dc39e7,2,6.0,0.7346317865,0.0,0.0,117.314,117.314,0.39620604,0.228135495
bd2f5699b,1,8.0,0.79989838125,1.0,0.0,191.77899999999997,191.77899999999997,0.3138411,0.09793778
bd30ea4fa,1,9.0,0.7359034000000001,1.0,0.0,80.07600000000001,80.07600000000001,0.36222014,0.14371766
bd331b74e,8,9.0,0.7687229882232143,1.0,0.0,54.570375,23.7935,0.37225865125,0.136096839125
bd37ccdd5,3,9.0,0.758957566537037,1.0,0.0,166.1723333333333,188.089,0.40383021999999996,0.062463869000000005
bd4059588,1,10.0,0.7934601020000001,1.0,0.0,84.95599999999999,84.95599999999999,0.2020815,0.15026017
bd4404a60,2,7.5,0.7982197741666667,1.0,0.0,101.56649999999999,101.56649999999999,0.22984978,0.074027098
bd54c995a,11,9.272727272727273,0.7539078598614719,1.0,0.0,101.6599090909091,152.387,0.25983642272727275,0.16963863418181818
bd54dcfd0,5,9.4,0.7548410083222222,1.0,0.0,135.34,84.928,0.269446268,0.092623148
bd56db16a,5,9.2,0.7236681757238095,1.0,0.0,85.3808,81.91199999999999,0.29973067800000003,0.12544132
bd59fdd99,2,9.5,0.7390526000555555,1.0,0.0,153.119,153.119,0.16248108,0.042972348
bd5ac00df,2,10.0,0.8308555895,1.0,0.0,37.230999999999995,37.230999999999995,0.218018725,0.13107775
bd6528981,1,8.0,0.69304474375,1.0,0.0,229.502,229.502,0.30258396,0.04032258
bd70d885d,4,9.75,0.7270418228333333,1.0,0.0,92.09649999999999,86.0935,0.46874052499999996,0.056578772
bd74f5ce8,1,7.0,0.7500808814285714,1.0,0.0,17.988999999999997,17.988999999999997,0.1604509,0.022023182
bd763ab11,2,9.0,0.7578251013749999,1.0,0.0,156.97299999999998,156.97299999999998,0.29823699,0.153900841
bd7b805ba,1,10.0,0.825494664,1.0,0.0,47.486,47.486,0.12247627,0.083333336
bd7bae691,2,10.0,0.8538874044999999,1.0,0.0,97.96,97.96,0.271071225,0.07720679750000001
bd7f07424,2,10.0,0.7892309520000002,1.0,0.0,18.735999999999997,18.735999999999997,0.5171473950000001,0.23215501
bd8224d08,1,10.0,0.76525904,1.0,0.0,50.620000000000005,50.620000000000005,0.32686016,0.12669095
bd881326e,25,8.96,0.7471966785196825,1.0,0.0,86.31252,53.63699999999999,0.4201886408,0.19550961796799998
bd9d521c5,9,8.88888888888889,0.7925138223615521,1.0,0.0,72.39144444444443,44.858,0.3098353972222222,0.08671724494444445
bd9e9d9e2,1,10.0,0.7354842859999999,1.0,0.0,111.71,111.71,0.21772915,0.047695853
bda2d149e,9,8.666666666666666,0.788358277739418,1.0,0.0,113.36844444444444,95.24,0.2575317744444445,0.10346009022222222
bda912e4e,1,10.0,0.82818027,1.0,0.0,47.071000000000005,47.071000000000005,0.277296,0.22077698
bdb0f50e0,2,9.5,0.7627601733888889,1.0,0.0,116.43349999999998,116.43349999999998,0.254181065,0.1249326
bdb5b7ecb,3,8.666666666666666,0.8058382754166667,1.0,0.0,134.76133333333334,157.461,0.31776487000000003,0.10120340333333333
bdbe9a6e3,5,9.6,0.7731019614,1.0,0.0,47.6982,25.196,0.290584674,0.24083692599999998
bdc5ffaba,1,10.0,0.752033567,1.0,0.0,194.67000000000002,194.67000000000002,0.64115584,0.19558881
bdc7db9b6,3,10.0,0.881420345,1.0,0.0,94.35266666666666,83.802,0.23835123333333333,0.030423054666666668
bdcd82280,3,9.0,0.7400121422685185,1.0,0.0,197.11800000000002,195.984,0.26256035,0.054399354000000004
bddc0b2c7,4,9.5,0.7430786958888889,1.0,0.0,125.7575,118.16649999999998,0.320900805,0.1718661585
bdde3b5ca,5,8.6,0.7572727706285715,1.0,0.0,141.00079999999997,153.91299999999998,0.15677079119999998,0.0297334602
bde1336b6,1,9.0,0.7214980822222222,1.0,0.0,86.61699999999999,86.61699999999999,0.13854505,0.025366627
bde40e198,2,7.0,0.8000099833333333,1.0,0.0,100.48249999999999,100.48249999999999,0.19974423,0.131919425
bde802b84,4,9.5,0.7583939501111111,1.0,0.0,141.405,159.79,0.3014918525,0.02904174475
bded2690b,4,9.75,0.7755927901944445,1.0,0.0,148.502,155.47,0.2711414575,0.08855792575
bdeeb6fe2,2,10.0,0.7496143879999999,1.0,0.0,125.14099999999999,125.14099999999999,0.34014882,0.09067663000000001
bdf00be34,10,10.0,0.7648992039,1.0,0.0,110.7816,98.981,0.231279024,0.1617238988
bdfe6125d,1,7.0,0.740638202857143,1.0,0.0,153.822,153.822,0.2827566,0.15067399
bdff3528c,3,10.0,0.7421363293333334,1.0,0.0,116.98566666666666,120.18299999999999,0.3073986533333333,0.19154864666666668
be0635ef2,3,8.333333333333334,0.7594531136507937,1.0,0.0,46.68366666666666,26.37,0.38433801333333334,0.08037634333333334
be07596c5,4,7.75,0.7612547393928571,1.0,0.0,135.96175,139.36899999999997,0.3741127025,0.10225725475
be0e2dfbc,4,10.0,0.790769312,1.0,0.0,119.63225,119.3485,0.34884691,0.12292627
be16b20d6,4,9.0,0.7425774464652778,1.0,0.0,147.9295,119.4785,0.40522923,0.18708748000000003
be23e42d0,3,10.0,0.747629942,1.0,0.0,99.42066666666666,87.897,0.17100251,0.149046447
be3247b2c,3,10.0,0.7576644140000001,1.0,0.0,44.28466666666666,52.06,0.31039927666666667,0.10673638166666666
be340bbe7,11,9.0,0.7630910826587303,1.0,0.0,100.69745454545455,85.47399999999999,0.24097317454545453,0.10593815739090907
be3508ce5,3,9.0,0.7693666067592592,1.0,0.0,96.61766666666665,104.876,0.29151712333333335,0.09382836
be36182ea,2,10.0,0.7624696455,1.0,0.0,104.661,104.661,0.228052875,0.057290007000000004
be376ea01,1,10.0,0.7261107769999999,1.0,0.0,155.13,155.13,0.3415698,0.17309909
be38039cc,13,8.307692307692308,0.7654281434615384,1.0,0.0,170.8149230769231,186.968,0.27329703846153847,0.17489166846153845
be467e42b,3,9.0,0.7379639287619048,1.0,0.0,165.659,159.256,0.18933788,0.08975026000000001
be4acc363,7,10.0,0.766937412,1.0,0.0,99.53785714285713,51.259,0.20856911428571429,0.08905141528571428
be4c2e0d5,1,6.0,0.8234208466666667,1.0,0.0,119.19399999999999,119.19399999999999,0.100134775,0.037871446
be5595abb,4,9.5,0.7628835533888889,1.0,0.0,165.80775,174.155,0.2650251175,0.09594830775
be55e5ef8,2,6.0,0.842096175,1.0,0.0,76.336,76.336,0.22745746,0.073794657
be579e6ed,26,8.923076923076923,0.7712062011266789,1.0,0.0,103.98073076923076,113.73649999999999,0.28817547576923075,0.15600433340384615
be59708a0,4,9.5,0.752689964375,1.0,0.0,96.26424999999999,102.77699999999999,0.2337688,0.06558491975
be5f7a129,2,10.0,0.7351321765,1.0,0.0,118.45049999999999,118.45049999999999,0.197402775,0.14632601499999998
be7b65c23,9,9.555555555555555,0.7496098219444445,1.0,0.0,166.48966666666666,162.078,0.19792195444444444,0.0920407611111111
be7fbd988,1,10.0,0.7497825180000001,1.0,0.0,157.68599999999998,157.68599999999998,0.23597981,0.23076923
be7ff8075,1,10.0,0.727620178,1.0,0.0,234.387,234.387,0.20682047,0.044745058
be917151a,2,10.0,0.8168279395,1.0,0.0,158.4105,158.4105,0.056810922,0.020550284
be9474b85,1,10.0,0.7110852870000001,1.0,0.0,21.897,21.897,0.24020274,0.18892352
bea0802eb,2,9.0,0.7264461925,1.0,0.0,131.3725,131.3725,0.304579585,0.1232656975
bea6f651c,3,9.666666666666666,0.761608705888889,1.0,0.0,134.12666666666667,122.511,0.3589135666666667,0.06516583533333332
bea72e6c5,24,9.166666666666666,0.7525506978220898,1.0,0.0,128.10495833333331,119.8025,0.22788367208333335,0.062497026429166665
bea8484a3,1,10.0,0.735089027,1.0,0.0,195.855,195.855,0.1842647,0.12653586
beb0f98f7,1,10.0,0.782298967,1.0,0.0,130.304,130.304,0.11690143,0.029743323
bec2fe7ad,5,8.6,0.7857224548,1.0,0.0,122.55159999999998,155.195,0.2073565152,0.06689400679999999
bec49d8b7,1,10.0,0.809108886,1.0,0.0,122.48,122.48,0.24007978,0.14654349
bec55c577,2,9.5,0.8058471330555556,1.0,0.0,177.625,177.625,0.36892442,0.12796525
bec6cc26b,6,8.833333333333334,0.7703719706395503,1.0,0.0,130.45766666666665,160.6095,0.3431449,0.08479303716666665
becd6c70d,5,8.2,0.7341188654087303,1.0,0.0,131.09359999999998,85.07,0.283762732,0.1116546196
bed5b657b,2,6.5,0.7162552628571429,1.0,0.0,118.905,118.905,0.22789650500000003,0.049784184999999995
bed78eb25,6,9.833333333333334,0.764208912074074,1.0,0.0,164.69966666666667,174.337,0.24728707333333333,0.11193511249999999
bedd7f1e7,5,9.8,0.7929767622,1.0,0.0,73.3702,85.316,0.267107584,0.09773942399999999
bee25f46d,9,8.88888888888889,0.797169056611993,1.0,0.0,148.03,155.07799999999997,0.28027106444444444,0.07854472533333333
bee984e11,1,10.0,0.729300406,1.0,0.0,49.548,49.548,0.14771914,0.01359447
beea1e1dd,2,8.5,0.7767082722916666,1.0,0.0,133.89100000000002,133.89100000000002,0.18377526,0.1086099425
bef49a74b,3,9.333333333333334,0.785684548037037,1.0,0.0,194.58433333333332,192.414,0.25723220333333335,0.031130767
bef897b2b,2,8.5,0.7647325037857142,1.0,0.0,138.0085,138.0085,0.10681496,0.0522459235
befafd8d3,1,10.0,0.7690043430000001,1.0,0.0,82.276,82.276,0.2376577,0.052984897
bf0dd40e3,4,9.75,0.7628741455,1.0,0.0,92.05649999999999,102.051,0.24833336749999999,0.087213841
bf1762a3a,3,9.0,0.759556749047619,1.0,0.0,156.02966666666666,155.511,0.23402854333333334,0.097123539
bf190a061,4,10.0,0.7709260305000001,1.0,0.0,142.85675,149.50799999999998,0.2954823775,0.0484836685
bf1b733a7,1,9.0,0.7705675900000001,1.0,0.0,157.897,157.897,0.15957806,0.17698579
bf2f22377,5,8.0,0.7849761404222222,1.0,0.0,146.8728,157.255,0.187910632,0.0682808226
bf2f87f17,5,9.2,0.7852541619388889,1.0,0.0,120.3924,118.62599999999999,0.25632878200000003,0.103178884
bf37d753e,6,9.333333333333334,0.7696372977195768,1.0,0.0,136.2805,90.049,0.19214661333333335,0.09374047466666667
bf456451e,7,9.285714285714286,0.7559570410702948,1.0,0.0,60.695428571428565,48.492999999999995,0.2735030042857143,0.105433328
bf458a7d4,5,9.2,0.805954931231746,1.0,0.0,107.24380000000001,152.92499999999998,0.164157531,0.10805584319999999
bf50b399e,1,10.0,0.88524986,1.0,0.0,56.212,56.212,0.1464699,0.0039889
bf537cdb3,1,10.0,0.7142929419999999,1.0,0.0,154.91299999999998,154.91299999999998,0.28515884,0.030574301
bf5c5cded,5,8.6,0.7644272786071429,1.0,0.0,42.9184,46.37199999999999,0.123504426,0.057928876799999994
bf5d1a04c,2,10.0,0.8808853809999999,1.0,0.0,109.4135,109.4135,0.29023127000000004,0.130809918
bf6dedb55,9,10.0,0.77963215,1.0,0.0,126.75111111111111,151.525,0.3425783183333333,0.09945474922222222
bf74b13ab,3,9.666666666666666,0.7417074992962963,1.0,0.0,105.35066666666667,113.22399999999999,0.30855938666666666,0.19610074
bf7c0f270,3,10.0,0.8148120483333333,1.0,0.0,168.77633333333333,161.016,0.15389865666666666,0.055777032000000004
bf7ee1354,7,9.714285714285714,0.7590381986666667,1.0,0.0,56.40157142857142,50.266999999999996,0.3344497928571429,0.23317837142857142
bf87b176d,4,6.75,0.7563533033333333,1.0,0.0,127.46424999999999,119.07849999999999,0.1501808725,0.048387097
bf8aa8f96,1,8.0,0.7792643237500001,1.0,0.0,23.581,23.581,0.19932048,0.11369001
bf90589d1,1,10.0,0.7623476809999999,1.0,0.0,21.615000000000002,21.615000000000002,0.25313818,0.0667941
bf9fe33d0,2,7.5,0.7139153691666666,1.0,0.0,142.47199999999998,142.47199999999998,0.28681056,0.347638465
bfa54aa27,1,9.0,0.7723780166666666,1.0,0.0,158.646,158.646,0.16582374,0.05074056
bfab5f493,5,9.6,0.7342912819555556,1.0,0.0,73.49159999999999,77.573,0.2163970688,0.14056370376
bfaca902b,8,9.125,0.7411820065486111,0.875,0.0,139.022375,156.779,0.22200364375,0.243626429375
bfb19deda,2,8.5,0.7699932832638889,1.0,0.0,137.1895,137.1895,0.27521296,0.336250325
bfb33b149,3,7.666666666666667,0.7947832711904761,1.0,0.0,40.504333333333335,48.822,0.27922671,0.13609800333333333
bfc46890f,9,9.222222222222221,0.7362944457407408,1.0,0.0,143.84855555555555,157.67499999999998,0.20434329444444443,0.151339428
bfdab2894,1,10.0,0.725080194,1.0,0.0,117.89600000000002,117.89600000000002,0.14186555,0.055150885
bfdc4cd9d,1,9.0,0.7377616377777777,1.0,0.0,128.66299999999998,128.66299999999998,0.19421405,0.37202382
bfdd20655,2,10.0,0.717147034,1.0,0.0,177.87599999999998,177.87599999999998,0.24878751500000001,0.093630547
bfdde77ff,1,10.0,0.7477734949999999,1.0,0.0,83.14299999999999,83.14299999999999,0.19012891,0.055008944
bfdff0622,3,7.333333333333333,0.7391913514880951,1.0,0.0,49.16933333333333,49.150999999999996,0.15542085,0.052373595
bfed6fcaa,3,10.0,0.8149799890000001,1.0,0.0,138.43499999999997,194.277,0.2989570333333333,0.17689437333333333
bff5e06f5,8,7.875,0.8108433825877976,1.0,0.0,147.823875,158.783,0.22395545625,0.146185345375
c001473a1,5,9.0,0.7478182356,1.0,0.0,140.1536,157.392,0.288751278,0.2745659748
c0096c460,2,7.0,0.8420211314285715,1.0,0.0,47.017,47.017,0.28290935,0.0393590665
c014197ab,3,9.0,0.7481908848796296,1.0,0.0,76.17166666666667,57.658,0.18828904999999999,0.06646386533333333
c026becc2,1,10.0,0.771517823,1.0,0.0,187.409,187.409,0.34554225,0.0793518
c02be41e6,2,9.5,0.7644253142222224,1.0,0.0,101.904,101.904,0.427329665,0.066316235
c02ce1bc0,6,9.833333333333334,0.8010466929814815,1.0,0.0,57.73883333333333,52.150000000000006,0.25525911,0.07415420933333333
c039154f9,2,10.0,0.8035532534999998,1.0,0.0,74.634,74.634,0.420837835,0.26140306
c03b8b2db,3,10.0,0.7793090533333333,1.0,0.0,98.28566666666666,86.1,0.18562574333333334,0.027578987
c042fa2d5,7,9.857142857142858,0.8060009271746031,1.0,0.0,62.37385714285715,47.925,0.46753041714285715,0.2025048322857143
c0503dd75,3,10.0,0.7837911856666667,1.0,0.0,39.79933333333333,47.903,0.4142353033333333,0.16600185
c0545b660,1,9.0,0.7228461711111112,1.0,0.0,105.92399999999999,105.92399999999999,0.24469005,0.055875577
c0574c31a,2,10.0,0.7525100554999999,1.0,0.0,92.94549999999998,92.94549999999998,0.29626824,0.103372493
c05a9c0c8,1,10.0,0.786767997,1.0,0.0,25.545,25.545,0.0999704,0.030957336
c05adb8fe,3,9.666666666666666,0.7945261277407406,1.0,0.0,118.23933333333332,117.951,0.26963308999999996,0.04600548733333334
c05b74b05,2,6.5,0.7890311407142858,1.0,0.0,48.227,48.227,0.356472775,0.15521221
c06b6d8bf,1,8.0,0.7858225324999999,1.0,0.0,193.78199999999998,193.78199999999998,0.31038925,0.12694146
c0771fde0,2,10.0,0.8215228350000001,1.0,0.0,215.916,215.916,0.28592525,0.08202765249999999
c0898504e,5,10.0,0.7508936254,1.0,0.0,128.9158,155.168,0.25383763200000004,0.1084807506
c0a4d02cc,4,9.75,0.7843583953333334,1.0,0.0,85.00099999999999,84.34249999999999,0.24948740000000003,0.09228668125
c0b1f82b1,5,6.6,0.7112137537666667,0.6,0.0,48.956599999999995,25.886,0.348312888,0.1271678676
c0b3f2081,2,10.0,0.7610265854999999,1.0,0.0,177.6615,177.6615,0.375378225,0.27152067
c0b5e6036,9,9.222222222222221,0.7862917904938271,1.0,0.0,145.04866666666666,157.401,0.2836780888888889,0.08531348822222223
c0b704c99,4,9.5,0.7900642896250001,1.0,0.0,97.53399999999999,84.42049999999999,0.170062625,0.1436195525
c0bc43dd6,1,9.0,0.7493702166666666,1.0,0.0,121.067,121.067,0.2755658,0.10481045
c0ca6dd73,1,10.0,0.787283712,1.0,0.0,189.35799999999998,189.35799999999998,0.31791052,0.041536596
c0d50b9f1,3,10.0,0.747896778,1.0,0.0,126.43399999999998,93.452,0.31377512333333335,0.35934208333333334
c0de58288,3,9.333333333333334,0.7265073821666667,1.0,0.0,128.92333333333332,80.65599999999999,0.19166596333333333,0.257785236
c0edff1e1,5,10.0,0.7595202382,0.8,0.0,123.7542,85.108,0.16668010519999998,0.078148949
c0f651276,2,9.0,0.7510526473750001,1.0,0.0,112.70049999999999,112.70049999999999,0.15793869500000002,0.189261945
c11ca8051,1,10.0,0.792012183,1.0,0.0,233.68,233.68,0.1472502,0.07472229
c120a6f75,3,10.0,0.7551117560000001,1.0,0.0,103.96633333333334,107.57099999999998,0.23847576333333334,0.05338806666666667
c12883eaa,1,10.0,0.7707136699999999,1.0,0.0,81.261,81.261,0.16250767,0.024848677
c12ae3214,5,9.6,0.75273458655,1.0,0.0,119.34859999999999,121.29999999999998,0.170502574,0.0600176822
c135e081f,3,9.0,0.7649455805714286,1.0,0.0,42.76833333333334,51.832,0.21881351333333332,0.10879870366666666
c13da6b92,6,9.666666666666666,0.7563851790833334,1.0,0.0,48.55266666666666,22.79,0.3411840433333333,0.241435035
c14530f38,2,10.0,0.8981622310000001,1.0,0.0,86.40549999999999,86.40549999999999,0.17413203500000002,0.0179647085
c148399c0,4,10.0,0.74454919175,1.0,0.0,61.37025,53.8155,0.3332300375,0.1501261325
c14ddf8a0,1,10.0,0.759987316,1.0,0.0,50.99999999999999,50.99999999999999,0.37411973,0.21269143
c1548b685,3,10.0,0.7730074556666667,1.0,0.0,53.519,47.964,0.25294584000000003,0.07384015266666667
c1577c976,7,8.428571428571429,0.7874634811819728,1.0,0.0,102.90257142857142,119.47200000000001,0.20597033999999997,0.07969103742857143
c15d26817,3,9.333333333333334,0.7365081435555556,1.0,0.0,97.24366666666667,117.17199999999998,0.18372533,0.05478321566666667
c160e581a,4,10.0,0.769301418,1.0,0.0,97.271,84.5615,0.24704053,0.1590196015
c1653516e,3,8.333333333333334,0.7954087105820107,1.0,0.0,131.96866666666665,153.304,0.1447756503333333,0.06301843333333333
c1680e63c,1,10.0,0.771632434,1.0,0.0,157.35399999999998,157.35399999999998,0.4573989,0.115956075
c16df543f,4,8.75,0.7619192915892856,1.0,0.0,18.74525,18.6615,0.424446405,0.09748959274999999
c17b66965,1,10.0,0.733608707,1.0,0.0,190.511,190.511,0.2529712,0.06902411
c18106b39,5,9.8,0.7623591602,1.0,0.0,72.1514,52.576,0.1688255142,0.1102213698
c1816081f,1,10.0,0.7468479840000001,1.0,0.0,26.836999999999996,26.836999999999996,0.5135458,0.16023336
c18984292,5,8.8,0.7346672944531746,1.0,0.0,79.4614,19.65,0.12069042320000001,0.0676733004
c1917c88e,5,10.0,0.8326691564,1.0,0.0,97.1972,121.92099999999999,0.2634554,0.0776556336
c1aa4142d,2,10.0,0.7414870410000001,1.0,0.0,209.39499999999998,209.39499999999998,0.367974475,0.07417436699999999
c1ba2169b,8,8.75,0.7833962110848214,1.0,0.0,171.20412499999998,190.68149999999997,0.43580256625,0.10514221375
c1c16ac86,4,9.25,0.7348898745972222,1.0,0.0,107.107,104.0695,0.2828414735,0.10920333625
c1da8c2de,2,10.0,0.7897925560000001,1.0,0.0,190.84449999999998,190.84449999999998,0.13122635500000002,0.0272848805
c1db71d88,7,9.285714285714286,0.7812534389024943,1.0,0.0,161.583,158.652,0.2650045214285714,0.11139190257142857
c1e816568,11,9.363636363636363,0.7561913694963924,1.0,0.0,107.25927272727273,84.11,0.2503645559090909,0.10616228411818182
c1ecd33ac,1,10.0,0.748825077,1.0,0.0,44.699,44.699,0.21837687,0.10761359
c1ed602f2,3,10.0,0.8304338606666667,1.0,0.0,136.68166666666664,123.28899999999999,0.30152064333333334,0.14969938333333332
c1ed7562f,2,10.0,0.8017247114999999,1.0,0.0,158.348,158.348,0.15045804000000002,0.030784731000000003
c1f4af354,1,10.0,0.8232958550000001,1.0,0.0,188.97799999999998,188.97799999999998,0.5592837,0.24690603
c20aa0352,5,10.0,0.7754255389999999,1.0,0.0,218.0538,230.043,0.524604572,0.07743827
c2109fcac,4,9.25,0.7592521326666666,1.0,0.0,101.3,101.85,0.3185036625,0.07183816374999999
c213bcac3,4,9.25,0.77993048,1.0,0.0,93.263,82.608,0.3773835425,0.170950645
c219bf074,1,10.0,0.8094776039999999,1.0,0.0,196.16899999999998,196.16899999999998,0.13562852,0.019857787
c22078c20,7,9.0,0.7651306456428572,1.0,0.0,87.73114285714284,85.85799999999999,0.2533785771428571,0.11292800457142857
c220b4764,1,10.0,0.81760824,1.0,0.0,115.954,115.954,0.14786816,0.022285813
c222a4955,5,10.0,0.7624373825999999,1.0,0.0,100.5008,84.011,0.21776312999999997,0.0651375176
c226ecabd,1,5.0,0.7867935,1.0,0.0,193.197,193.197,0.16958693,0.030847918
c234e165f,6,10.0,0.7752357055000001,1.0,0.0,63.99983333333333,36.239999999999995,0.4585640816666667,0.23099586166666666
c2386bba2,7,9.428571428571429,0.7485341999999999,1.0,0.0,181.61057142857143,191.717,0.1410106467142857,0.04965372357142857
c239d1834,4,7.5,0.767475960986111,0.75,0.0,90.25174999999999,94.7765,0.2488243675,0.06032832925
c23b2926e,3,10.0,0.7696525106666666,1.0,0.0,130.75033333333334,118.59700000000001,0.2335781766666667,0.08912668566666666
c23b6bbf6,2,9.0,0.7460551049999999,1.0,0.0,27.9105,27.9105,0.2558487,0.027215725
c240d153f,5,8.8,0.7397257850714285,1.0,0.0,162.904,155.74499999999998,0.39020391600000004,0.13736324
c2490d2cf,2,10.0,0.7567793635000001,1.0,0.0,217.00650000000002,217.00650000000002,0.413723975,0.1149539225
c260c7b3b,4,9.75,0.7936158117222223,1.0,0.0,139.33925,158.2265,0.342416845,0.1724982675
c272d9284,4,10.0,0.80879236575,1.0,0.0,139.212,156.5805,0.258829725,0.1579379725
c278935de,4,10.0,0.7716347265,1.0,0.0,15.2925,15.301,0.4890246075,0.27638006125000003
c29a364bc,11,6.636363636363637,0.7343710514029581,0.6363636363636364,0.0,111.5969090909091,114.039,0.28335058454545453,0.08963899781818183
c2aeb6a1f,20,8.85,0.7818416722325396,1.0,0.0,90.52245,88.12700000000001,0.3479930875,0.13235972764999998
c2b92d7a0,1,9.0,0.7449956933333333,1.0,0.0,199.99599999999998,199.99599999999998,0.43518126,0.11128809
c2cad7ef6,2,9.0,0.7616667902500001,1.0,0.0,86.8685,86.8685,0.39141064999999997,0.266909465
c2deaf1e4,3,10.0,0.7612663486666666,1.0,0.0,130.26833333333335,119.871,0.30702277666666666,0.10045662333333334
c2e22f843,4,7.75,0.7484024516319444,1.0,0.0,131.07025,139.1875,0.2031118325,0.07268799549999999
c2e4ec0c2,5,8.8,0.7890702777999999,1.0,0.0,21.241799999999998,21.266999999999996,0.33166674399999996,0.20378961599999998
c2eec623c,1,10.0,0.7739716700000001,1.0,0.0,15.838,15.838,0.2268935,0.18687132
c2fc23444,6,10.0,0.771366034,1.0,0.0,58.65716666666666,26.796,0.28526542416666667,0.102825503
c2fe3684a,2,10.0,0.8189147395,1.0,0.0,120.72099999999999,120.72099999999999,0.18079267999999998,0.0656278635
c301eddcb,1,10.0,0.7961593770000001,1.0,0.0,52.364,52.364,0.5421275,0.13709678
c30dd6e9a,2,10.0,0.8888660165,1.0,0.0,83.045,83.045,0.20595792000000002,0.0559331795
c30f7cde0,1,10.0,0.751017735,1.0,0.0,121.483,121.483,0.31472385,0.12132616
c31714ab2,1,10.0,0.7825904749999999,1.0,0.0,231.113,231.113,0.23978,0.11892732
c318c6ccf,3,9.0,0.7674984262314815,1.0,0.0,159.65,161.896,0.12361503866666668,0.015127833833333333
c31f3d3f3,4,10.0,0.82900545425,1.0,0.0,76.40299999999999,69.41499999999999,0.247010525,0.13018433075
c3208c19d,2,8.0,0.7775361752380953,1.0,0.0,20.442999999999998,20.442999999999998,0.264058595,0.11153959000000001
c320a6005,10,8.5,0.8098046884579364,1.0,0.0,111.57719999999999,117.44049999999999,0.18266286950000002,0.1127428171
c3270683d,1,10.0,0.7766573130000001,1.0,0.0,115.16799999999999,115.16799999999999,0.23968315,0.059879765
c32940f0f,7,10.0,0.8071735911428571,1.0,0.0,190.95185714285714,225.551,0.20227671142857145,0.10236583099999999
c32eb7405,7,10.0,0.7887302270000001,1.0,0.0,103.66442857142856,104.69899999999998,0.22104408428571426,0.16626468057142857
c32ecd5bf,4,9.75,0.8030270494444444,1.0,0.0,110.88425000000001,87.0495,0.29244538,0.07720893225
c33220375,1,9.0,0.7694820844444444,1.0,0.0,47.760999999999996,47.760999999999996,0.21538655,0.034447003
c335ad2df,5,8.2,0.7158214608666666,0.8,0.0,115.098,154.588,0.364493224,0.0581488342
c33c82dd5,4,9.25,0.7804450063928572,1.0,0.0,157.58275,155.851,0.23352338,0.078715748
c34b20922,1,10.0,0.753843246,1.0,0.0,158.36999999999998,158.36999999999998,0.33059677,0.10978148
c35cc3520,1,10.0,0.759886936,1.0,0.0,82.271,82.271,0.3391202,0.047764156
c36943627,5,8.4,0.7552662084698413,1.0,0.0,146.411,192.255,0.24632084199999998,0.0489041664
c36ffffdc,6,8.5,0.7662830663439154,0.8333333333333334,0.0,93.35950000000001,82.59700000000001,0.1869756775,0.08584807483333334
c3750cec1,5,8.4,0.7791596829619047,1.0,0.0,46.364599999999996,20.278,0.335796786,0.17656855600000002
c3768e2be,2,10.0,0.840700354,1.0,0.0,36.5725,36.5725,0.373177,0.0938188075
c37bb10fd,1,10.0,0.9189408749999999,1.0,0.0,160.73499999999999,160.73499999999999,0.33918285,0.21045786
c37cd2095,2,10.0,0.7578522520000001,1.0,0.0,140.1205,140.1205,0.259633175,0.104451742
c382bae22,2,7.5,0.8071236248214286,1.0,0.0,240.88949999999997,240.88949999999997,0.19847641500000002,0.0580995765
c38afccab,1,10.0,0.766892902,1.0,0.0,19.641,19.641,0.48541164,0.4590704
c38d0b5ea,2,10.0,0.8004560765,1.0,0.0,98.58999999999999,98.58999999999999,0.169052745,0.1577204885
c3a2d4d83,5,10.0,0.8243288998,1.0,0.0,122.8694,119.38199999999999,0.258302152,0.332639602
c3a52fbbe,11,9.181818181818182,0.7547730942279943,1.0,0.0,51.70109090909091,23.326999999999998,0.42008553090909095,0.11582597745454545
c3b05e0f0,5,9.4,0.7367216146444444,1.0,0.0,141.5772,118.777,0.209125014,0.114170998
c3b94defa,2,8.5,0.7871573128571429,1.0,0.0,85.6855,85.6855,0.17754923,0.082418343
c3c27d97c,3,10.0,0.783240846,1.0,0.0,128.73866666666666,118.945,0.27533544666666665,0.102189558
c3cafb38c,1,9.0,0.7451639188888889,1.0,0.0,152.387,152.387,0.27955,0.2659556
c3cef1c4b,6,10.0,0.7885930783333334,1.0,0.0,22.110833333333332,23.5875,0.32555796833333334,0.29793907000000003
c3e1f5f86,10,9.8,0.7565068096777778,1.0,0.0,111.39209999999999,107.41749999999999,0.3143928386,0.0737859867
c3eefdcd8,1,3.0,0.82680565,1.0,0.0,78.692,78.692,0.19317205,0.03878736
c3f2f166d,1,10.0,0.7891559799999999,1.0,0.0,196.931,196.931,0.24197933,0.037096772
c40052aba,2,9.5,0.7961713179444445,1.0,0.0,35.207,35.207,0.193680385,0.09599375500000001
c40b30ff3,1,8.0,0.7284263275,1.0,0.0,83.19399999999999,83.19399999999999,0.15864623,0.13562688
c421064dd,1,10.0,0.7172569109999999,1.0,0.0,151.96099999999998,151.96099999999998,0.15564092,0.19840445
c42153e51,1,10.0,0.827181003,1.0,0.0,83.601,83.601,0.17018609,0.03323361
c4277da90,11,8.727272727272727,0.7830953528261183,1.0,0.0,98.94527272727272,68.731,0.29786151727272725,0.09225616818181819
c42e5a129,2,10.0,0.770693084,1.0,0.0,62.962999999999994,62.962999999999994,0.356657915,0.11777607000000001
c432261a7,4,7.75,0.8122059385912699,1.0,0.0,53.12625,52.0845,0.313308875,0.0695456125
c43be9e6c,3,8.0,0.7837768037619047,1.0,0.0,110.504,84.05199999999999,0.18292508,0.08076078133333334
c44215cc8,5,9.4,0.7065181161944445,1.0,0.0,191.0786,194.28400000000002,0.14389733200000002,0.0843127169
c457ca802,1,10.0,0.771530953,1.0,0.0,84.74,84.74,0.17612429,0.023043431
c45a57747,1,7.0,0.70042505,1.0,0.0,224.14,224.14,0.16577919,0.1258458
c45e47c4c,3,10.0,0.7520872406666667,1.0,0.0,122.32600000000001,119.545,0.23151565333333335,0.06185686066666667
c467f8702,8,9.625,0.7852307661388889,1.0,0.0,109.82825,102.6,0.34610327,0.17465530825
c46e29741,4,9.5,0.7655749627499999,1.0,0.0,103.11699999999999,102.45399999999998,0.2143521275,0.1847878185
c484dec95,2,10.0,0.7628381795000001,1.0,0.0,121.24700000000001,121.24700000000001,0.13834662,0.0745317375
c491ec026,1,8.0,0.7589623649999999,1.0,0.0,120.37499999999999,120.37499999999999,0.23750702,0.043184184
c49480455,2,10.0,0.7945799895,1.0,0.0,119.2555,119.2555,0.25979922499999997,0.0399246475
c49629a90,5,9.2,0.7468545561944444,1.0,0.0,141.1882,151.7,0.28493228,0.184634064
c4a2fd15a,2,8.0,0.796643995625,1.0,0.0,65.14750000000001,65.14750000000001,0.230719265,0.08123999
c4a3c0456,1,10.0,0.75778257,1.0,0.0,118.353,118.353,0.18587248,0.038334925
c4ab38782,1,10.0,0.799290303,1.0,0.0,108.235,108.235,0.15774648,0.0054630595
c4b37d5ed,1,10.0,0.7557991379999999,1.0,0.0,119.89099999999999,119.89099999999999,0.100614965,0.02835588
c4bc89962,6,10.0,0.7792017461666667,1.0,0.0,113.88633333333333,86.65599999999999,0.19676633833333335,0.10297015866666666
c4bcfbb1c,7,9.0,0.7892721338809523,1.0,0.0,119.43471428571426,122.78199999999998,0.19716294714285712,0.08265199785714286
c4be004d4,1,10.0,0.7746500470000001,1.0,0.0,24.153,24.153,0.30852148,0.06401343
c4c4a926f,3,10.0,0.7850156743333333,1.0,0.0,15.856666666666664,14.0,0.59550421,0.27637959333333334
c4dc1e8fe,5,8.4,0.7388895674722222,1.0,0.0,150.7818,187.684,0.33680641,0.1348074902
c4e0d125b,1,10.0,0.708641226,1.0,0.0,17.854,17.854,0.16497445,0.12382934
c4ea89ddb,1,10.0,0.790158256,1.0,0.0,116.03099999999999,116.03099999999999,0.18107022,0.17513369
c4f6cca8a,1,10.0,0.751304457,1.0,0.0,118.495,118.495,0.35145733,0.1188455
c4fcf4990,1,10.0,0.746571329,1.0,0.0,83.043,83.043,0.20381328,0.050089605
c4ff3b712,1,10.0,0.742144118,1.0,0.0,198.55100000000002,198.55100000000002,0.19436143,0.064599484
c504cbfd4,2,10.0,0.7739098805,1.0,0.0,40.1305,40.1305,0.412567385,0.14504915499999999
c50926700,3,8.333333333333334,0.7508236531111111,1.0,0.0,95.05133333333333,85.379,0.32949746,0.04823998533333334
c517992c8,2,10.0,0.7835461570000001,1.0,0.0,138.50549999999998,138.50549999999998,0.33384161,0.23630004
c52908c2d,1,7.0,0.7476114300000001,1.0,0.0,144.87099999999998,144.87099999999998,0.5072565,0.07795699
c53fb8a18,7,9.714285714285714,0.7536116221111111,1.0,0.0,99.23928571428571,115.45,0.24994752571428572,0.16799084214285714
c5422c04b,1,9.0,0.74344704,1.0,0.0,51.527,51.527,0.16258107,0.15024374
c54b26d73,2,10.0,0.775709358,1.0,0.0,39.919,39.919,0.14304297500000002,0.1256693025
c554f052c,1,10.0,0.841059132,1.0,0.0,46.501000000000005,46.501000000000005,0.25626162,0.2027402
c5574bf3d,7,10.0,0.7870344915714286,1.0,0.0,149.278,155.68499999999997,0.35345258142857144,0.13172042857142857
c55e9baaf,5,8.2,0.73906033575,1.0,0.0,109.6596,103.451,0.157088952,0.0997473759
c55f2f503,5,10.0,0.7221480244,1.0,0.0,81.72659999999999,48.925,0.123913498,0.0608776446
c565589a8,4,9.75,0.7916640967777777,1.0,0.0,98.72274999999999,100.1755,0.2804893725,0.065319001
c57a0afef,3,10.0,0.7503263083333334,1.0,0.0,59.23466666666667,50.039,0.18633343666666669,0.1662162
c58018973,2,8.0,0.795069081875,1.0,0.0,84.356,84.356,0.262801825,0.154878925
c58ad77c4,2,7.5,0.8012596833035714,1.0,0.0,190.391,190.391,0.15673191,0.040830414
c59c51828,5,9.6,0.77191063445,1.0,0.0,77.5882,83.689,0.24346679999999998,0.07753272380000001
c59d7c9f3,5,10.0,0.7373020684,1.0,0.0,78.81299999999999,78.835,0.23311005599999998,0.155931062
c59fe4bcd,16,9.3125,0.7770500431857639,1.0,0.0,99.63856249999999,86.42099999999999,0.186924021625,0.0836363350625
c5a7f7d69,3,10.0,0.7500190353333333,1.0,0.0,113.24866666666667,95.03499999999998,0.21128796666666663,0.09648378533333335
c5aeec694,2,10.0,0.7604612755,1.0,0.0,113.812,113.812,0.30891954,0.14420742
c5af48975,7,9.857142857142858,0.760624810857143,1.0,0.0,156.24742857142857,156.614,0.23086967142857143,0.09219903171428571
c5b5d2650,2,8.0,0.7912897302380952,1.0,0.0,38.820499999999996,38.820499999999996,0.22616920499999998,0.065651725
c5b943ccc,6,9.5,0.7463540275555555,0.8333333333333334,0.0,102.21316666666667,84.3885,0.21966256233333334,0.11367999283333334
c5baf5497,1,10.0,0.750042002,1.0,0.0,121.24499999999999,121.24499999999999,0.2628057,0.084937565
c5c51218f,2,10.0,0.8495761359999999,1.0,0.0,195.615,195.615,0.206135715,0.07180234199999999
c5d0fdfac,4,8.0,0.7790535676269842,1.0,0.0,204.8875,211.69899999999998,0.2840084125,0.052363769
c5d1b9bf9,1,10.0,0.743585953,1.0,0.0,19.581,19.581,0.2604061,0.13375592
c5db00aa6,7,9.857142857142858,0.755494042984127,1.0,0.0,102.56957142857142,115.874,0.19161251714285715,0.053478519
c5ee96818,2,8.5,0.7590561535714286,1.0,0.0,74.935,74.935,0.15743021499999998,0.029493089
c60a12958,4,9.0,0.8046431485952381,1.0,0.0,80.63999999999999,77.7965,0.34022477500000003,0.1205558435
c60e6aff7,3,10.0,0.8354746503333333,1.0,0.0,100.98833333333334,113.226,0.13237521533333332,0.03752995726666667
c61869b9b,1,7.0,0.7822921000000002,1.0,0.0,81.66699999999999,81.66699999999999,0.11723341,0.07848837
c6189ea84,2,10.0,0.8814604584999999,1.0,0.0,67.0575,67.0575,0.29597852,0.075601374
c61f6507e,3,9.666666666666666,0.7513893581481482,1.0,0.0,149.21233333333333,196.00199999999998,0.22674647333333334,0.050768049
c626f2f93,5,8.2,0.7751586528071428,1.0,0.0,22.2134,21.783,0.39087751800000003,0.183034042
c62a2a817,3,8.666666666666666,0.7539394833650794,1.0,0.0,84.92166666666667,82.259,0.13966339666666666,0.056769569
c634af483,5,9.6,0.7344462408,1.0,0.0,149.3878,158.92999999999998,0.33777681,0.11541002780000001
c63dc4adb,1,10.0,0.716448493,1.0,0.0,17.070999999999998,17.070999999999998,0.11992231,0.2869407
c64c9e2d4,1,9.0,0.7560916222222223,1.0,0.0,20.278,20.278,0.23970126,0.148086
c6556750a,3,10.0,0.758814854,1.0,0.0,98.19999999999999,119.01899999999999,0.15443808,0.05531541166666667
c659e8a32,6,9.833333333333334,0.7673951602962963,1.0,0.0,169.96516666666665,157.849,0.25689738,0.07742224483333333
c662b7876,6,9.5,0.7750358471428571,1.0,0.0,111.08966666666667,71.241,0.23192154333333334,0.04666363083333333
c66def50c,2,10.0,0.7130283340000001,1.0,0.0,35.272,35.272,0.43895163000000004,0.315150415
c66f97de2,4,10.0,0.76512270075,1.0,0.0,64.121,23.5925,0.4492340725,0.24757197
c67d871e3,5,9.4,0.7455081204571429,1.0,0.0,153.2156,119.338,0.27331870999999996,0.082431496
c68815d52,2,10.0,0.8246899584999999,1.0,0.0,193.77,193.77,0.295818605,0.15101693
c68936b74,4,8.25,0.7967524921785715,1.0,0.0,218.063,219.55849999999998,0.25893808,0.12055584275
c68bc0253,2,10.0,0.7374829789999999,1.0,0.0,174.079,174.079,0.38374505999999997,0.09351490000000001
c68f66799,5,9.4,0.7981260427333333,1.0,0.0,120.89320000000001,118.308,0.175463392,0.12519944519999998
c69bdf768,4,9.25,0.7734852482857143,1.0,0.0,36.89124999999999,28.220499999999998,0.346925415,0.09650537725
c6a2b6ae1,2,4.0,0.6549435216666667,1.0,0.0,85.631,85.631,0.177148973,0.101146858
c6c6adc4a,1,9.0,0.7712857533333333,1.0,0.0,160.159,160.159,0.1934449,0.0838573
c6d378000,11,9.090909090909092,0.8083993007777778,0.9090909090909091,0.0,129.52845454545454,149.358,0.2210538940909091,0.0903834060909091
c6d7271e8,1,10.0,0.7712305,1.0,0.0,26.364,26.364,0.27700663,0.03842851
c6d91de2b,5,10.0,0.7758442966000001,1.0,0.0,156.7724,153.59699999999998,0.22409999200000003,0.148336719
c6de9b701,6,10.0,0.7860876188333333,1.0,0.0,109.49483333333335,102.819,0.23435505166666667,0.10517111733333333
c6e25d716,6,7.0,0.6971186647070106,0.5,0.0,99.33383333333332,100.6575,0.20977301666666667,0.10505823066666668
c6e763332,1,8.0,0.8006888,1.0,0.0,154.81599999999997,154.81599999999997,0.14047642,0.012211957
c6f39e0e4,3,10.0,0.7744735239999999,1.0,0.0,76.53566666666667,54.82599999999999,0.3030368366666667,0.083506766
c70867d90,3,8.0,0.7922330087499999,1.0,0.0,34.15333333333333,27.049999999999997,0.18698779666666668,0.11461377
c70a3fcc5,1,10.0,0.848493961,1.0,0.0,156.92499999999998,156.92499999999998,0.30635905,0.027402012
c70dc1bd1,1,10.0,0.8308745940000002,1.0,0.0,122.69599999999998,122.69599999999998,0.21942842,0.23479262
c712cfd20,2,10.0,0.772956716,1.0,0.0,100.95249999999999,100.95249999999999,0.159211545,0.0438345465
c71d537da,4,10.0,0.78483189875,1.0,0.0,92.69075,100.45849999999999,0.420219915,0.1961560025
c71d630d8,5,10.0,0.7350876056,1.0,0.0,132.754,115.63099999999999,0.278210312,0.045976412
c723171ff,5,9.0,0.8210372351015872,1.0,0.0,114.247,120.928,0.24757891999999998,0.0657830306
c7338db23,10,9.2,0.7999902638416667,1.0,0.0,79.1978,72.8785,0.31621773599999997,0.08085328010000001
c737c30d7,1,10.0,0.723456756,1.0,0.0,54.25,54.25,0.6930531,0.21654315
c7402d13c,1,9.0,0.7909399388888889,1.0,0.0,21.798000000000002,21.798000000000002,0.30249128,0.15313908
c749028bb,1,10.0,0.8408354279999999,1.0,0.0,153.575,153.575,0.14821622,0.11111899
c74d9c9f3,5,9.2,0.7924279722500001,1.0,0.0,179.795,161.163,0.186743312,0.0960573874
c7561189e,4,9.5,0.8025963675833334,1.0,0.0,87.47999999999999,81.94550000000001,0.36313155,0.10295056725
c7575df7b,4,9.25,0.7799506968611111,1.0,0.0,46.9425,38.376000000000005,0.2255381375,0.12974765575
c76384236,1,10.0,0.757430128,1.0,0.0,23.989,23.989,0.2782557,0.0512487
c763886a6,7,9.714285714285714,0.7594254896785715,1.0,0.0,141.32699999999997,116.35499999999999,0.15717275857142857,0.118192854
c76e9857b,4,7.75,0.8143899311428571,1.0,0.0,46.15025,24.554,0.28251199625,0.1659295875
c7726d2a4,2,9.5,0.6976491080555556,1.0,0.0,22.3185,22.3185,0.351944625,0.257292415
c77a68714,5,10.0,0.7463134276,1.0,0.0,149.46439999999998,122.94500000000001,0.26814121,0.112438741
c787ee619,3,10.0,0.753233453,1.0,0.0,144.09533333333334,153.792,0.31264349333333336,0.12241306166666666
c78fa1a45,5,10.0,0.7671846186,1.0,0.0,106.0298,56.342,0.37688415399999997,0.101444326
c790696c7,1,10.0,0.7965463779999999,1.0,0.0,17.37,17.37,0.104025,0.20282906
c7969bc23,2,10.0,0.779510484,1.0,0.0,123.29599999999999,123.29599999999999,0.268615785,0.15120968
c79c98af1,3,8.333333333333334,0.738670485154762,1.0,0.0,179.29833333333332,153.99599999999998,0.3434367866666667,0.23868510499999998
c7a324d3d,2,9.5,0.8148264057777778,1.0,0.0,21.546999999999997,21.546999999999997,0.289539455,0.2431495
c7b3c09d4,5,8.6,0.7863117155555555,1.0,0.0,149.4466,158.358,0.19924422,0.0877565404
c7b468b32,1,10.0,0.8047733989999999,1.0,0.0,21.746,21.746,0.10915839,0.049708303
c7bb75711,1,10.0,0.77773026,1.0,0.0,83.74600000000001,83.74600000000001,0.19344905,0.04563254
c7c443855,4,9.25,0.7836035386428571,1.0,0.0,138.12,120.121,0.23624818,0.1157607485
c7cb34ee2,4,8.75,0.8376014258125,1.0,0.0,155.66449999999998,171.311,0.2337279475,0.030505999
c7cfbc8e9,4,7.75,0.7937510199255952,1.0,0.0,178.266,181.78199999999998,0.37851203499999997,0.166346905
c7d02bfca,3,7.0,0.7542720574603176,1.0,0.0,167.10299999999998,187.884,0.36490519,0.023048314
c7e61f3c2,4,10.0,0.8988643717499999,1.0,0.0,141.5935,137.57,0.29357047999999997,0.09054166
c7e8a87dc,10,8.6,0.7370756020027777,0.4,0.0,116.2527,88.538,0.308740752,0.1999682449
c7f20f68c,4,9.75,0.7207706691111111,1.0,0.0,107.66225,117.514,0.18748734,0.06885026550000001
c7f9361f9,1,10.0,0.739117713,1.0,0.0,201.48499999999999,201.48499999999999,0.18481544,0.17997263
c8049d235,1,9.0,0.7713434877777778,1.0,0.0,235.078,235.078,0.28229284,0.19153225
c81372ddd,4,8.75,0.7630124005238096,1.0,0.0,109.46775,100.27199999999999,0.238429415,0.0850202065
c8172e598,1,9.0,0.71044797,1.0,0.0,79.309,79.309,0.19597337,0.018061697
c81a8045f,6,8.833333333333334,0.7457241053055556,1.0,0.0,41.343333333333334,13.9185,0.24200298666666664,0.17181544766666668
c8208c3c9,4,9.5,0.7541797192222222,1.0,0.0,109.91574999999999,90.668,0.3086308175,0.16612772375
c82705cf4,4,10.0,0.8010651360000001,1.0,0.0,116.49699999999999,104.07449999999999,0.2856733275,0.09157738275
c82b8b2c4,2,8.0,0.7562929625,1.0,0.0,121.45400000000001,121.45400000000001,0.36774826,0.3002548625
c82f54ef6,3,9.333333333333334,0.7912800701851852,1.0,0.0,81.74866666666667,111.606,0.39651048666666666,0.14105677133333333
c83fe0079,8,8.75,0.76771366459375,1.0,0.0,44.675625,50.559,0.280376325,0.137538831
c842fa148,4,10.0,0.77512522875,1.0,0.0,137.68775,135.1405,0.2059863725,0.2618632875
c84e9ae78,1,10.0,0.841758392,1.0,0.0,51.547999999999995,51.547999999999995,0.36399585,0.1286854
c85f29411,2,10.0,0.732516621,1.0,0.0,83.21499999999999,83.21499999999999,0.19080341,0.12305542
c874c7c7c,5,9.0,0.7521165152,0.8,0.0,111.68499999999999,119.522,0.154211316,0.0441033644
c87651546,5,6.2,0.73233091695,0.8,0.0,79.3142,50.958000000000006,0.22636947799999999,0.1726327278
c8779a4a1,3,10.0,0.7580459733333335,1.0,0.0,75.835,48.733,0.26821032333333333,0.1665956266666667
c88eebfdd,11,7.363636363636363,0.7412845329794372,0.8181818181818182,0.0,181.33554545454547,196.082,0.20163134045454545,0.0600236214
c89e5d2b1,7,8.714285714285714,0.7779273800617913,1.0,0.0,133.57357142857143,149.111,0.16874995714285715,0.07359154300000001
c8b79357a,3,10.0,0.7425870823333334,1.0,0.0,82.99666666666667,84.586,0.16112962666666666,0.07227067466666666
c8be7beff,4,9.25,0.7591677389236111,1.0,0.0,73.7805,38.0165,0.4025031675,0.170390165
c8c3eb092,2,10.0,0.7840952609999999,1.0,0.0,179.47699999999998,179.47699999999998,0.193113355,0.10585850499999999
c8c7ef646,8,8.125,0.7363434065,1.0,0.0,136.19537499999998,139.677,0.195996085,0.12025032649999999
c8e2a9092,2,10.0,0.8463139955,1.0,0.0,101.78899999999999,101.78899999999999,0.269156445,0.058179494
c8e941dbd,1,10.0,0.8172569079999998,1.0,0.0,191.83599999999996,191.83599999999996,0.37173265,0.07496404
c8f4a2877,7,9.571428571428571,0.7711384018849207,1.0,0.0,100.28371428571428,50.373,0.22341378571428572,0.11322509514285714
c8f5f9120,1,10.0,0.868882387,1.0,0.0,119.575,119.575,0.17536435,0.033125218
c8fc0d746,1,10.0,0.770826353,1.0,0.0,54.07599999999999,54.07599999999999,0.36353424,0.080710195
c90558513,2,9.0,0.7605873122222222,1.0,0.0,139.0245,139.0245,0.122975645,0.0551130935
c90570913,5,8.6,0.780533301968254,1.0,0.0,71.15079999999999,51.961999999999996,0.30306173000000003,0.1726847008
c919eb44b,5,9.4,0.7669526005142857,1.0,0.0,114.3012,85.387,0.263643506,0.0647520328
c92256e41,2,10.0,0.7928582544999999,1.0,0.0,194.745,194.745,0.16128584,0.035678791
c924a03e8,11,7.909090909090909,0.7670760596580087,1.0,0.0,96.11481818181818,113.919,0.2813188863636364,0.1540575619090909
c92b59557,2,10.0,0.780668525,1.0,0.0,37.9165,37.9165,0.32366347500000003,0.124691935
c93191313,5,9.0,0.758656197615873,1.0,0.0,147.9186,152.826,0.270295756,0.1238299088
c93c0faa3,4,10.0,0.77295604525,1.0,0.0,130.62925,121.527,0.239848475,0.11522285625
c93e37265,1,9.0,0.7540712677777778,1.0,0.0,229.46299999999997,229.46299999999997,0.4027476,0.04750729
c93e63352,3,8.0,0.7556302973214285,1.0,0.0,80.318,79.61200000000001,0.2615627566666667,0.03951006266666667
c9439e71b,3,10.0,0.7597978386666666,1.0,0.0,143.828,122.58599999999998,0.26509794999999997,0.161052919
c947d8169,2,10.0,0.76149841,1.0,0.0,115.59250000000002,115.59250000000002,0.27817645,0.155067227
c96423707,5,10.0,0.7786861718,1.0,0.0,48.0226,25.962,0.168363084,0.120117934
c98188040,1,5.0,0.788248536,1.0,0.0,118.15299999999999,118.15299999999999,0.15577632,0.05645161
c9928594c,6,7.833333333333333,0.7949079691964286,1.0,0.0,97.28833333333334,82.61100000000002,0.22809527833333332,0.135179737
c99e3a906,3,10.0,0.787195439,1.0,0.0,168.18733333333333,188.97199999999998,0.4034539666666667,0.11082462
c9a00b80f,2,10.0,0.8749842695,1.0,0.0,87.44900000000001,87.44900000000001,0.39719412,0.073284209
c9c023b3e,2,9.5,0.7317840911111111,1.0,0.0,116.809,116.809,0.28184875,0.106137835
c9c5b665b,3,10.0,0.7756455459999999,1.0,0.0,130.61033333333333,121.15599999999999,0.137585795,0.012849102666666667
c9d24314b,12,9.333333333333334,0.7213684230185186,1.0,0.0,94.37691666666666,84.148,0.2699278575,0.10036565029166666
c9d333b09,5,9.8,0.7739944243777778,1.0,0.0,20.892,22.093,0.434006906,0.10924403840000001
c9d8b22d0,1,10.0,0.8133570859999999,1.0,0.0,52.689,52.689,0.11292747,0.004359889
c9d955ac9,1,10.0,0.7632948230000001,1.0,0.0,113.378,113.378,0.17524238,0.07624274
c9e2b26c4,3,10.0,0.73464222,1.0,0.0,111.23966666666666,83.446,0.15021313,0.077607011
c9feb3eb3,1,10.0,0.70939113,1.0,0.0,83.777,83.777,0.28831112,0.14084393
ca113d98b,4,7.5,0.7766430627182539,1.0,0.0,121.61775,124.2055,0.276865715,0.1472478775
ca11826f9,1,10.0,0.714507464,1.0,0.0,85.007,85.007,0.2703186,0.13471128
ca121ab91,1,9.0,0.7510359488888889,1.0,0.0,50.407,50.407,0.08590696,0.06750493
ca144ac2a,11,9.454545454545455,0.7847431604696969,1.0,0.0,90.93963636363637,49.815,0.27016532509090907,0.142402169
ca1df3f71,4,9.75,0.7471916839166667,1.0,0.0,103.06575,83.04449999999999,0.2292583375,0.1074725325
ca28c5e51,5,8.0,0.7442886856500001,1.0,0.0,149.2694,155.98399999999998,0.28483137599999997,0.1115288028
ca3312b77,1,10.0,0.8251469029999999,1.0,0.0,50.734,50.734,0.24118021,0.09614001
ca39efaf2,2,8.5,0.7532035239999999,1.0,0.0,197.25,197.25,0.2741707,0.0538889365
ca39f5e93,1,8.0,0.82977603,1.0,0.0,85.902,85.902,0.183457,0.07535553
ca3dbbaa3,1,10.0,0.8024777609999999,1.0,0.0,249.47299999999998,249.47299999999998,0.21300285,0.07606589
ca40312db,3,8.666666666666666,0.7406500246666666,1.0,0.0,72.07633333333332,49.207,0.35103308666666666,0.13602728833333333
ca4224e0b,3,10.0,0.7692751323333332,1.0,0.0,62.404999999999994,46.07899999999999,0.22480809999999998,0.21916098866666664
ca46b14de,1,10.0,0.7429320020000001,1.0,0.0,22.837,22.837,0.28625864,0.09510317
ca659fd81,2,9.5,0.8018642185555556,1.0,0.0,23.979499999999998,23.979499999999998,0.51019043,0.20512365999999999
ca7075738,2,9.5,0.7827237906111111,1.0,0.0,136.886,136.886,0.112233205,0.07247447
ca75db93c,7,9.428571428571429,0.7285567491071429,1.0,0.0,102.01928571428572,117.99799999999999,0.17708130428571428,0.1207358007142857
ca76729c9,6,8.666666666666666,0.7631665363769842,1.0,0.0,148.04916666666665,158.801,0.25401094333333335,0.040915134
ca7a148c0,1,10.0,0.728155868,1.0,0.0,239.512,239.512,0.43032244,0.07891086
ca7c6095a,3,10.0,0.8597009146666666,1.0,0.0,171.429,163.28699999999998,0.25103031,0.14489892333333335
ca81b2566,4,9.25,0.7865995883611112,1.0,0.0,128.21175,137.272,0.13877954625,0.0439429405
ca8aec089,2,9.0,0.7434744308750001,1.0,0.0,196.4665,196.4665,0.229147345,0.125069925
ca9841ab1,1,10.0,0.728770976,1.0,0.0,84.15799999999999,84.15799999999999,0.39318436,0.088622965
caa16cc3c,3,8.666666666666666,0.8046819094920634,1.0,0.0,198.617,194.87800000000001,0.45663985333333335,0.17839510333333333
caa5d1e6b,2,10.0,0.8133440295000001,1.0,0.0,210.606,210.606,0.235694005,0.14929071
caa616482,3,9.333333333333334,0.8111230209166665,1.0,0.0,98.169,118.39,0.3177860833333333,0.14486885333333333
caaf719c3,1,7.0,0.7566050914285712,1.0,0.0,86.592,86.592,0.30992,0.10011802
cab545282,1,10.0,0.714586829,1.0,0.0,194.333,194.333,0.23979883,0.15790842
cabb4127e,4,8.75,0.7588138013611111,1.0,0.0,67.37875,66.42599999999999,0.2903340975,0.148490685
cac68ead1,5,8.8,0.7611796951500001,1.0,0.0,144.28119999999998,155.90099999999998,0.27131401,0.20163233319999999
cace2b412,4,9.75,0.7811134834444444,1.0,0.0,32.366499999999995,18.6515,0.453188595,0.2019814425
cad137e83,3,9.333333333333334,0.7638299930833333,1.0,0.0,117.00966666666666,117.89600000000002,0.24904331666666668,0.035367039333333336
cad1405fc,2,10.0,0.7716381880000001,1.0,0.0,100.8475,100.8475,0.262180595,0.09354986
cad1a9f54,1,9.0,0.8013558633333333,1.0,0.0,240.41899999999998,240.41899999999998,0.36555248,0.13891779
cad25c91b,30,8.433333333333334,0.7650284840402116,1.0,0.0,137.64383333333333,149.062,0.2120827442,0.0532183983
cad8537e1,1,10.0,0.782207333,1.0,0.0,115.96,115.96,0.1721608,0.018946756
cae004390,5,10.0,0.7779957056,1.0,0.0,137.3996,118.79999999999998,0.22370744199999998,0.045216964479999996
cae5c7ef1,1,10.0,0.833013708,1.0,0.0,54.864999999999995,54.864999999999995,0.46592394,0.35023043
caf3220f8,1,7.0,0.7352770971428572,1.0,0.0,81.97699999999999,81.97699999999999,0.3287172,0.10138249
cb0c04621,2,10.0,0.776210532,1.0,0.0,35.3595,35.3595,0.274703765,0.13237079699999998
cb0e74ef1,2,9.5,0.7301808351111111,1.0,0.0,168.375,168.375,0.515652735,0.31191467
cb11e3261,3,8.0,0.8212300237407407,1.0,0.0,108.83133333333332,111.65699999999998,0.24618364666666667,0.08045733000000001
cb295209a,1,10.0,0.7598158610000001,1.0,0.0,108.13799999999999,108.13799999999999,0.25201437,0.011789013
cb41cd1c5,2,10.0,0.7983324495000002,1.0,0.0,23.272,23.272,0.34476081999999997,0.150927855
cb423070b,4,8.25,0.7947132190833334,1.0,0.0,60.71424999999999,54.482,0.34701839,0.1404136335
cb474120b,4,9.25,0.7181695580277778,1.0,0.0,76.81575,84.789,0.3117533975,0.1551118625
cb5597fb1,2,10.0,0.712649672,1.0,0.0,36.7445,36.7445,0.261476275,0.17214168000000002
cb5e73024,1,9.0,0.7577809411111112,1.0,0.0,79.76499999999999,79.76499999999999,0.27928975,0.07171349
cb5ecf136,4,9.0,0.7930613316875,1.0,0.0,42.657,47.0505,0.2560033265,0.11287110625
cb7bfedd5,2,10.0,0.7793416774999999,1.0,0.0,153.15800000000002,153.15800000000002,0.41719113,0.105272285
cb8193d43,4,9.75,0.8063510461666666,1.0,0.0,165.26299999999998,191.97249999999997,0.3173100625,0.08613879375
cb860243c,5,9.0,0.7474603298,1.0,0.0,95.1292,54.218,0.2265742,0.150563414
cb867cac6,8,8.875,0.7298921736448413,0.875,0.0,195.84699999999998,194.22449999999998,0.22053869125,0.129094450625
cb9527612,3,10.0,0.7615130233333334,1.0,0.0,120.61599999999999,82.55499999999999,0.29653738999999996,0.09506849266666667
cb9cffdff,8,9.5,0.7453717816875001,1.0,0.0,90.25475,69.41,0.25824206375000003,0.05873392325
cb9eb954c,2,9.0,0.8175769067499999,1.0,0.0,140.327,140.327,0.30271768,0.09592539800000001
cba8264f9,2,10.0,0.798031014,1.0,0.0,119.61149999999998,119.61149999999998,0.184431165,0.063216049
cbb64ed77,5,9.8,0.7472889560444445,1.0,0.0,136.6884,154.857,0.315020806,0.139177942
cbc7dc778,8,10.0,0.762851679875,1.0,0.0,174.24775,191.4685,0.3762308775,0.22988206487500001
cbd0bf6b1,1,9.0,0.7130084588888889,1.0,0.0,202.41299999999998,202.41299999999998,0.3372204,0.11421371
cbd289193,4,10.0,0.7919021709999999,1.0,0.0,195.63375,213.459,0.3520427225,0.1333442125
cbd6b3064,1,10.0,0.8362627290000001,1.0,0.0,149.75599999999997,149.75599999999997,0.45981082,0.1029872
cbd703fb6,1,10.0,0.701444772,1.0,0.0,82.054,82.054,0.20331936,0.137579
cbdeed3f9,1,9.0,0.7939840233333333,1.0,0.0,52.766,52.766,0.12271108,0.035494745
cbe4be41b,3,10.0,0.8108849873333334,1.0,0.0,97.359,54.701,0.38459457333333336,0.18638563333333336
cbef1e6db,5,9.0,0.7645225904571429,1.0,0.0,122.75399999999999,119.20100000000001,0.19766572,0.0878078394
cbef8d00b,3,9.666666666666666,0.7639505094074074,1.0,0.0,132.29600000000002,156.11,0.17716838666666668,0.07885132933333333
cbefe3979,21,9.285714285714286,0.7495658753076342,1.0,0.0,125.08680952380952,158.886,0.3295561161904762,0.12941783342857144
cbf20c4b0,2,9.0,0.7885701008750001,1.0,0.0,51.592,51.592,0.3405189,0.0304294245
cbf3467d9,5,9.8,0.7807312492666666,1.0,0.0,148.8838,155.646,0.317903934,0.1694068686
cbf6b6e42,3,9.0,0.7714700292380953,1.0,0.0,133.87433333333334,149.855,0.1838951086666667,0.156318654
cbfaa79cb,6,10.0,0.7712586216666667,1.0,0.0,99.03483333333332,80.077,0.27411107166666665,0.10323447666666667
cc081896e,9,9.222222222222221,0.7676889095008819,1.0,0.0,91.37733333333333,50.144999999999996,0.21349769555555553,0.08923461622222223
cc08b4198,4,9.5,0.7955216799375,1.0,0.0,41.439499999999995,34.32749999999999,0.27611765,0.23168522625000001
cc0a49f6f,1,10.0,0.734740349,1.0,0.0,79.499,79.499,0.11733214,0.023586541
cc0d4cec3,2,10.0,0.753210991,1.0,0.0,138.4305,138.4305,0.26189619,0.138744365
cc195b43d,2,10.0,0.7765545519999999,0.5,0.0,38.352999999999994,38.352999999999994,0.150830295,0.08866092
cc22a5abf,4,10.0,0.78652192275,1.0,0.0,53.006249999999994,37.886,0.20437929249999998,0.11737895500000001
cc261e309,2,10.0,0.8151525325,1.0,0.0,87.587,87.587,0.13665228499999998,0.038111343
cc3fe68d2,1,9.0,0.7446955777777778,1.0,0.0,161.618,161.618,0.51286376,0.059792627
cc463360a,4,8.5,0.7460125921954366,1.0,0.0,63.60375,39.3365,0.3614233725,0.06922179375
cc492b6b5,5,9.4,0.7801840651777777,1.0,0.0,120.6194,116.91699999999999,0.234912038,0.05680995832
cc515ec8c,3,10.0,0.8366923156666668,1.0,0.0,66.28533333333333,49.501,0.3368057933333333,0.12484102199999998
cc607ef5c,8,9.5,0.7745153094409722,1.0,0.0,110.448,115.4065,0.19813355124999998,0.05256026775
cc60d07c7,3,8.666666666666666,0.7612913760833333,1.0,0.0,132.92466666666667,155.457,0.14963610866666668,0.06982136433333334
cc628c147,8,9.125,0.7509285147916667,1.0,0.0,126.28699999999999,117.722,0.298576615,0.131547706875
cc7d90ef4,3,8.333333333333334,0.786270624,1.0,0.0,121.20866666666666,116.83999999999999,0.22248044333333336,0.036331798
cc8401c02,3,8.333333333333334,0.7385681073611111,1.0,0.0,120.01866666666668,120.545,0.251851,0.15619694833333334
cc8459867,1,8.0,0.8127376362500001,1.0,0.0,18.843,18.843,0.14777964,0.10437424
cc8bf5e79,5,9.6,0.7590358858,1.0,0.0,55.895999999999994,79.594,0.43708130599999995,0.162096776
cc9f9c4c1,7,10.0,0.778809942,1.0,0.0,126.14928571428571,120.429,0.25748367714285714,0.08634929857142858
cca4ba626,2,10.0,0.7565867705,1.0,0.0,125.10099999999998,125.10099999999998,0.2828511,0.19609463
cca88204d,7,9.428571428571429,0.7421322082063492,1.0,0.0,147.2227142857143,146.00599999999997,0.19446963571428572,0.09262425071428572
ccb658698,3,8.333333333333334,0.7339190166309524,1.0,0.0,180.48433333333332,190.1,0.19243304000000003,0.054184492333333334
ccb7df174,7,8.0,0.7370712774965986,1.0,0.0,61.605,48.68299999999999,0.159935797,0.110005704
ccbd1f9fc,1,10.0,0.722189434,1.0,0.0,154.283,154.283,0.1680193,0.0065531847
ccc88931c,11,9.909090909090908,0.790548427939394,1.0,0.0,48.31690909090909,23.299,0.41775960636363635,0.14505175454545455
cccbf8c47,2,10.0,0.7373749235,1.0,0.0,135.258,135.258,0.175773515,0.15120275
cccd87749,1,10.0,0.763892125,1.0,0.0,21.121,21.121,0.12511583,0.13001792
ccd14639f,2,10.0,0.779644872,1.0,0.0,171.91899999999998,171.91899999999998,0.2516175275,0.032663964000000004
ccd20906b,2,10.0,0.7673446724999999,1.0,0.0,156.337,156.337,0.20801133,0.0315918
ccd36a0f2,1,10.0,0.779266887,1.0,0.0,158.2,158.2,0.39739466,0.10124183
ccdc0f862,4,10.0,0.8064321489999999,1.0,0.0,142.13424999999998,139.906,0.278505545,0.0291474655
ccf24ab8f,3,10.0,0.7401942400000001,1.0,0.0,85.51433333333334,18.299,0.3296090466666666,0.11030177000000001
ccf8c71f6,11,9.272727272727273,0.732234834060606,0.9090909090909091,0.0,123.20963636363636,119.238,0.3830120809090909,0.18577554727272727
cd1947175,3,8.0,0.7765853243716933,1.0,0.0,157.7853333333333,156.355,0.24919148333333332,0.16248149666666667
cd2b84b66,5,8.4,0.7735378051777777,0.8,0.0,71.0478,23.701,0.48909667599999995,0.0970863704
cd2fd9be8,1,7.0,0.81042403,1.0,0.0,83.94699999999999,83.94699999999999,0.23774691,0.2117248
cd3cd5fcc,24,9.833333333333334,0.7845652476678241,0.9583333333333334,0.0,89.19075,83.69,0.31014843416666665,0.13292743237500002
cd4624a1a,3,8.666666666666666,0.7326666343333333,1.0,0.0,28.649666666666665,19.114,0.29241258666666664,0.1669917466666667
cd469a42f,3,9.0,0.7608423684444444,1.0,0.0,80.68933333333334,75.824,0.2996034533333333,0.13944080666666667
cd5a7effb,2,8.0,0.7637538336507936,1.0,0.0,213.087,213.087,0.18076843,0.054724339
cd668b430,1,10.0,0.7686887980000001,1.0,0.0,83.913,83.913,0.34079742,0.07977801
cd7bea671,3,10.0,0.711926634,1.0,0.0,146.79766666666666,124.996,0.30648933666666667,0.07048636833333333
cd89328a8,1,10.0,0.754138929,1.0,0.0,160.016,160.016,0.24910177,0.06249667
cd8e8d7a1,2,9.5,0.7367834706111112,1.0,0.0,51.995,51.995,0.2608958,0.074693504
cd9c84ec2,10,8.7,0.7756512605376984,1.0,0.0,214.9025,228.838,0.308445247,0.1166701224
cd9de4e83,2,10.0,0.7783781685,1.0,0.0,188.69799999999998,188.69799999999998,0.28049126,0.10127515000000001
cda31e59d,3,8.666666666666666,0.7808469090277778,1.0,0.0,100.16399999999999,86.90299999999999,0.30296243,0.15106955333333336
cda71c00a,7,9.0,0.7595831776122449,1.0,0.0,221.833,243.688,0.2702327414285714,0.05029624742857143
cdb4a7a7d,1,10.0,0.7598405519999999,1.0,0.0,26.451999999999998,26.451999999999998,0.20642419,0.031130766
cdb855a69,5,9.8,0.7790308795333333,1.0,0.0,127.03719999999998,81.332,0.239887256,0.15583622
cdcaefa4b,1,10.0,0.738288556,1.0,0.0,117.90299999999999,117.90299999999999,0.13972259,0.033245426
cdd50f583,3,10.0,0.784813229,1.0,0.0,160.56133333333332,154.435,0.25371595,0.16308364333333333
cdd7aee45,6,7.5,0.7622237024702381,1.0,0.0,169.4573333333333,157.284,0.21075210999999996,0.0493279555
cdd815db9,5,7.8,0.7444403813388888,0.8,0.0,155.9188,159.16400000000002,0.20900159999999998,0.0455824962
cde0d8e8e,3,9.333333333333334,0.72742169675,1.0,0.0,168.539,155.06099999999998,0.27813818,0.061207906666666666
cde10c57e,2,6.0,0.7918607048571429,1.0,0.0,85.48149999999998,85.48149999999998,0.24231249,0.053286506
cdf4d775f,2,7.5,0.769343186,1.0,0.0,119.8115,119.8115,0.116145635,0.020698474
cdf5760e8,3,9.333333333333334,0.7950061803703704,1.0,0.0,99.40233333333333,25.598,0.38387097666666664,0.19652328333333333
ce0294cec,4,10.0,0.8239974780000001,1.0,0.0,195.56,195.90449999999998,0.1251359625,0.0417166155
ce0412bad,1,10.0,0.8689754970000001,1.0,0.0,83.712,83.712,0.09396787,0.09772806
ce0e8f18f,5,10.0,0.7905078383999999,1.0,0.0,136.12959999999998,119.5,0.29293616,0.0583091194
ce18c7a4b,5,10.0,0.7675430144,1.0,0.0,133.1378,118.67799999999998,0.272847252,0.1083919292
ce19e69ff,2,10.0,0.8793961175,1.0,0.0,83.8125,83.8125,0.35024911000000003,0.07808706200000001
ce26d6864,4,9.25,0.7880310488214285,1.0,0.0,184.18474999999998,193.47299999999998,0.16674783999999998,0.1070826675
ce344f70e,2,10.0,0.7178326184999999,1.0,0.0,137.6475,137.6475,0.21595586500000002,0.101134817
ce50f376f,3,10.0,0.7736782603333334,1.0,0.0,161.32166666666666,196.66299999999998,0.14550962333333334,0.06670573666666667
ce5bb821a,1,10.0,0.7770565689999999,1.0,0.0,159.05599999999998,159.05599999999998,0.20964926,0.028050827
ce6afb606,1,10.0,0.87504975,1.0,0.0,24.403999999999996,24.403999999999996,0.16158433,0.036818378
ce768b010,3,10.0,0.7462498913333334,1.0,0.0,141.22333333333333,152.874,0.28768125666666666,0.05412412933333333
ce971a506,3,10.0,0.869623411,1.0,0.0,94.14166666666667,80.988,0.22582214666666667,0.11293213333333334
cea2544a7,12,7.416666666666667,0.788632083468254,0.8333333333333334,0.08333333333333333,86.54124999999999,79.90549999999999,0.168842826,0.10400049916666666
cea6df421,4,9.75,0.7927429796944445,1.0,0.0,86.12624999999998,69.52399999999999,0.3925783725,0.11684831125
cea713af9,4,10.0,0.8023763527500001,1.0,0.0,176.2515,175.2045,0.292146165,0.023890045375
cec359a78,3,9.666666666666666,0.7639585414074074,1.0,0.0,83.072,82.79899999999999,0.2225797833333333,0.04957757233333334
cecb3b8ef,1,10.0,0.776762385,1.0,0.0,24.299,24.299,0.27941278,0.16635945
ced0659f2,2,7.5,0.815895142,1.0,0.0,83.758,83.758,0.16793146,0.038940091499999996
cedeef1a7,3,10.0,0.7841062256666667,1.0,0.0,120.23333333333333,119.505,0.15122374333333333,0.05015030533333333
ceec02726,3,8.333333333333334,0.726156004,1.0,0.0,99.823,87.927,0.1121409,0.023267899999999998
ceed27182,3,10.0,0.8134009746666666,1.0,0.0,102.35633333333332,84.72299999999998,0.39085881333333333,0.10788779533333333
cef342d22,4,10.0,0.75609623075,1.0,0.0,129.91925,122.478,0.36343729,0.119231321
cefba5d32,3,8.0,0.7468976665343915,1.0,0.0,85.91566666666665,82.72099999999999,0.27588202,0.13258758
cf020a716,8,9.875,0.7521453707777778,1.0,0.0,96.905875,86.535,0.31095190624999997,0.10509505175
cf162bb42,2,10.0,0.823860815,1.0,0.0,154.77450000000002,154.77450000000002,0.1678867,0.047606658499999996
cf1b1b824,2,6.5,0.7441486548333334,0.0,0.0,138.5355,138.5355,0.24541420000000003,0.10900499
cf2e67122,3,10.0,0.7717645036666667,1.0,0.0,139.67066666666668,105.696,0.19978526866666665,0.09560741433333335
cf357f057,7,9.0,0.7654674504682539,1.0,0.0,129.04257142857142,124.366,0.22156588428571428,0.06906619542857143
cf51903db,3,9.0,0.7384476280462963,1.0,0.0,131.559,122.594,0.24294662666666667,0.12404021766666667
cf66d011e,3,9.666666666666666,0.8012536334074074,1.0,0.0,121.38733333333334,123.75900000000001,0.31081258333333334,0.09486308133333334
cf6995fef,1,9.0,0.78867817,1.0,0.0,52.074999999999996,52.074999999999996,0.36587733,0.10828877
cf74322de,2,10.0,0.7240687775,1.0,0.0,190.79249999999996,190.79249999999996,0.620281475,0.094110975
cf76c794a,1,10.0,0.775240202,1.0,0.0,82.944,82.944,0.21904784,0.03980229
cf78e66fd,1,10.0,0.791076585,1.0,0.0,155.076,155.076,0.11558265,0.059508324
cf795bb00,5,9.0,0.7977522390857142,1.0,0.0,114.6286,121.49999999999999,0.24248958199999998,0.06667260039999999
cf8539482,3,10.0,0.8245779350000001,1.0,0.0,138.78466666666665,161.207,0.2818781166666667,0.05332986466666667
cf85bd080,5,9.0,0.8153518604944445,1.0,0.0,118.40599999999999,118.913,0.25164569400000003,0.0769431698
cf86cc5ea,2,10.0,0.8345025450000001,1.0,0.0,23.055,23.055,0.243598265,0.14869994
cf8e988f5,3,9.0,0.8173605424285714,1.0,0.0,71.913,50.473000000000006,0.2735008566666667,0.1736347433333333
cf98480e0,5,10.0,0.8755916534000001,1.0,0.0,104.0374,84.57199999999999,0.263103154,0.10821524060000001
cf9bc2dc8,3,9.0,0.7639183755555555,1.0,0.0,109.009,87.831,0.2770029766666667,0.040905503
cfa67dca2,8,7.25,0.7149848085044643,1.0,0.0,158.0835,186.6815,0.156834815,0.0722949495
cfae2101c,4,8.75,0.7832644538611111,1.0,0.0,56.090999999999994,51.22749999999999,0.15480120749999998,0.04490657425
cfb8b6b93,3,10.0,0.7761286869999999,1.0,0.0,171.67,154.917,0.18750856000000002,0.06155331033333333
cfbbeec5a,2,10.0,0.8174136084999999,1.0,0.0,22.211999999999996,22.211999999999996,0.3763437,0.289670615
cfd0757cf,1,10.0,0.7964923319999999,1.0,0.0,81.087,81.087,0.23833843,0.100576036
cfd4c95d9,2,9.0,0.753364080875,0.5,0.0,123.30949999999999,123.30949999999999,0.21874009,0.098947853
cfd819dd9,4,10.0,0.7454979585,1.0,0.0,145.26775,135.7475,0.2419896875,0.10710069175
cfd87918e,2,10.0,0.7761782939999999,1.0,0.0,52.652,52.652,0.3893647,0.113510235
cfddf0c47,2,10.0,0.7782260355,1.0,0.0,24.6715,24.6715,0.47372675,0.130501025
cfe285c5f,5,10.0,0.7799118328,1.0,0.0,107.89699999999998,86.39,0.182073104,0.0679630586
cfebb0955,2,10.0,0.8032462475,1.0,0.0,156.897,156.897,0.31215901,0.077439463
cff0d8c7b,1,8.0,0.77892309375,1.0,0.0,83.267,83.267,0.19479747,0.103084415
cff311279,1,10.0,0.840201768,1.0,0.0,21.316,21.316,0.20451626,0.21167351
cff9a1fec,4,9.5,0.7380082558611112,1.0,0.0,166.7265,173.25799999999998,0.2633719375,0.075885365
d005caf41,1,10.0,0.744339834,1.0,0.0,104.036,104.036,0.30463654,0.24222152
d01112d4a,2,8.0,0.7435493261666666,1.0,0.0,99.65,99.65,0.171265065,0.053496446
d01e08ee2,1,10.0,0.8176675720000001,1.0,0.0,69.527,69.527,0.32811123,0.08813946
d02baef01,4,10.0,0.75527386375,1.0,0.0,194.07524999999998,194.666,0.3557853875,0.125997226
d02feb234,1,10.0,0.811820765,1.0,0.0,156.052,156.052,0.13119729,0.06585152
d042e55ce,5,8.8,0.7615497270999999,1.0,0.0,156.42299999999997,152.664,0.172735654,0.031020455000000002
d04fbf327,2,8.0,0.812569690625,1.0,0.0,52.0715,52.0715,0.08667786,0.157146325
d0566e4db,2,8.5,0.7479118831944445,1.0,0.0,174.58100000000002,174.58100000000002,0.177396365,0.08418641700000001
d05933e84,6,10.0,0.7732221405,1.0,0.0,73.50783333333332,68.02699999999999,0.18353287233333335,0.06343138316666667
d061bc124,2,10.0,0.743974225,1.0,0.0,187.716,187.716,0.1248397,0.0150946065
d080818c3,3,9.333333333333334,0.7608535722499999,1.0,0.0,58.62866666666667,52.456999999999994,0.3543650966666667,0.06910443333333334
d083a22c5,3,9.0,0.7569708047142858,1.0,0.0,168.458,159.173,0.24674641,0.05117243266666666
d08b5b163,14,9.285714285714286,0.8127721151712018,1.0,0.0,127.10671428571428,119.71000000000001,0.3039566982142857,0.12306373392857142
d08d2829f,5,9.6,0.7517607853499999,0.8,0.0,164.88799999999998,192.05399999999997,0.265335086,0.114421382
d08efa704,1,10.0,0.863806436,1.0,0.0,116.512,116.512,0.40622813,0.06425598
d0956e39e,7,9.0,0.8054529672964853,1.0,0.0,87.25800000000001,85.47099999999999,0.29394055571428573,0.08571469585714286
d09a7dda3,6,7.833333333333333,0.7764960434351852,1.0,0.0,45.6735,47.84,0.3118999825,0.130799495
d0a66003d,1,8.0,0.7275524625,1.0,0.0,82.13,82.13,0.2999428,0.111635946
d0aa84916,1,10.0,0.770309514,1.0,0.0,50.381,50.381,0.27158388,0.12617065
d0b337200,3,10.0,0.772544146,1.0,0.0,125.19333333333333,153.55599999999998,0.42006652,0.06617118166666668
d0b5fece1,7,10.0,0.7767191569999999,1.0,0.0,162.00414285714285,188.113,0.2161701442857143,0.06098873685714286
d0b61aedc,3,7.666666666666667,0.7350806253571428,1.0,0.0,51.77266666666666,51.647999999999996,0.18832966666666665,0.13108452
d0b98e001,2,10.0,0.7782089995000001,1.0,0.0,98.9035,98.9035,0.25345199500000004,0.09668747999999999
d0bf2b3bf,2,10.0,0.8134784485,1.0,0.0,157.474,157.474,0.18202986,0.049012069
d0d2a12a2,2,7.5,0.7901528903571429,1.0,0.0,137.4205,137.4205,0.24061723000000002,0.00873239625
d0e2d8d15,1,10.0,0.7990044470000001,1.0,0.0,119.811,119.811,0.28547415,0.033558793
d0eb1073d,1,10.0,0.8120894350000001,1.0,0.0,55.239,55.239,0.18913305,0.08087589
d0ef38cff,2,7.0,0.676246738888889,0.5,0.0,153.16500000000002,153.16500000000002,0.195432995,0.141259105
d0f4115e6,4,8.0,0.7472203036339286,1.0,0.0,88.707,88.13399999999999,0.234321785,0.14996714
d1052eb2d,7,9.285714285714286,0.7490553992857143,1.0,0.0,198.78799999999998,196.42899999999997,0.22962847428571428,0.056934741857142854
d111847a0,9,8.88888888888889,0.7404301208941799,1.0,0.0,163.66733333333332,161.16799999999998,0.2156776877777778,0.15010208377777778
d1265050f,7,9.0,0.703020877968254,1.0,0.0,107.19814285714286,114.43599999999999,0.23049688714285715,0.11313240328571429
d13d93f69,4,8.5,0.7277369022817459,1.0,0.0,191.874,197.3715,0.3487984025,0.062125576
d147c39fb,1,10.0,0.8700663829999999,1.0,0.0,22.494999999999997,22.494999999999997,0.28193635,0.045276497
d14a86fd4,1,8.0,0.74186092375,1.0,0.0,26.121,26.121,0.22321284,0.041322313
d14d62508,2,10.0,0.8047799525,1.0,0.0,138.69199999999998,138.69199999999998,0.16286792500000002,0.059897708
d1632981e,3,9.666666666666666,0.743567728962963,1.0,0.0,120.24033333333334,118.03299999999999,0.20689084333333332,0.038443752
d168549f2,5,10.0,0.7809253214,1.0,0.0,96.4872,81.756,0.17873632,0.1244175652
d16c37008,1,10.0,0.7822852699999999,1.0,0.0,164.64100000000002,164.64100000000002,0.2200485,0.2082755
d16f1d371,1,10.0,0.8656271390000001,1.0,0.0,155.34199999999998,155.34199999999998,0.2601862,0.13997696
d17343468,11,9.909090909090908,0.7618905469595959,1.0,0.0,137.76645454545454,151.98499999999999,0.21890396,0.05150096221818182
d18218a56,2,10.0,0.7471516635,1.0,0.0,36.7495,36.7495,0.322485315,0.14439964
d1878035a,3,7.333333333333333,0.7579286475,1.0,0.0,144.38333333333335,116.52600000000001,0.123891735,0.056538327666666666
d18d572dd,8,9.125,0.7646291470833333,1.0,0.0,154.191125,121.65299999999999,0.26827608125,0.071365706625
d1962ab4f,1,10.0,0.8076208169999999,1.0,0.0,54.403999999999996,54.403999999999996,0.1791432,0.088445924
d19f035bc,2,10.0,0.7571969395,1.0,0.0,177.262,177.262,0.18924561,0.059193721000000005
d1a11cf42,4,9.5,0.7755221046875,1.0,0.0,28.46275,22.4165,0.28386974,0.11724121875
d1a577692,4,9.25,0.7564679654642857,1.0,0.0,45.463499999999996,36.828,0.36208275,0.10604838750000001
d1a67cee6,8,9.0,0.7430426986731151,1.0,0.0,115.4435,119.7655,0.1240819405,0.061885326875
d1a9104a1,3,10.0,0.7523529383333333,1.0,0.0,101.96166666666666,84.362,0.2722034466666667,0.050400916
d1b183683,2,8.5,0.7421884027777779,1.0,0.0,186.5755,186.5755,0.30389002,0.14915019000000002
d1be4f433,4,9.75,0.7456573331388889,1.0,0.0,109.90824999999998,118.26549999999999,0.245446835,0.1121522215
d1bfba974,2,9.0,0.709522708375,1.0,0.0,82.3215,82.3215,0.225243435,0.14824461
d1da78c20,3,8.666666666666666,0.78526509825,1.0,0.0,123.36666666666667,120.865,0.21131102999999998,0.07000768133333334
d1db8712e,2,10.0,0.7849494020000001,1.0,0.0,116.21449999999999,116.21449999999999,0.12657398,0.0706465275
d1de97c49,5,9.8,0.7704047733555556,1.0,0.0,29.9598,16.299,0.47390621800000005,0.18235494000000002
d1f01fc04,1,10.0,0.822386779,1.0,0.0,122.235,122.235,0.2590994,0.116678655
d1f80f7d1,1,8.0,0.75906237625,1.0,0.0,117.22399999999999,117.22399999999999,0.18485898,0.05977783
d1fa13f8d,2,7.0,0.7235360564285713,0.5,0.0,174.3035,174.3035,0.34072544000000005,0.10686256
d202e4c9c,3,9.666666666666666,0.7330549162592592,1.0,0.0,117.99133333333333,149.426,0.16375569333333334,0.1103446085
d2161e0a2,1,6.0,0.8212945266666667,1.0,0.0,49.526999999999994,49.526999999999994,0.16791333,0.019020218
d21ed8b84,1,10.0,0.732372539,1.0,0.0,114.92899999999999,114.92899999999999,0.23354545,0.036192212
d22eb6266,4,10.0,0.8182013509999999,0.0,0.0,110.69575,119.0185,0.24702714250000002,0.08221339999999999
d243fce57,5,8.8,0.7331254620857143,1.0,0.0,121.9016,120.203,0.18467798600000002,0.10871892999999999
d246be504,1,10.0,0.7391097529999999,1.0,0.0,157.79999999999998,157.79999999999998,0.18576454,0.15244538
d2490c888,3,6.666666666666667,0.778566145,0.6666666666666666,0.0,67.937,25.206999999999997,0.21149345,0.17609439999999998
d2512e37a,1,10.0,0.7846343769999999,1.0,0.0,191.402,191.402,0.23116602,0.0250607
d25a850ae,5,10.0,0.748689203,1.0,0.0,140.5254,154.16799999999998,0.277583412,0.1552211002
d25ad4b76,2,8.0,0.7677716694444445,1.0,0.0,108.17499999999998,108.17499999999998,0.202680725,0.141692675
d29627289,4,10.0,0.7755212905,1.0,0.0,156.78125,155.8545,0.19682384749999998,0.087726945
d2b59ecaa,2,8.0,0.7947136346666666,1.0,0.0,86.295,86.295,0.31107921,0.167096525
d2cd71ec2,1,8.0,0.76012242625,1.0,0.0,82.074,82.074,0.19178765,0.06854839
d2d48985e,3,10.0,0.7459573970000001,1.0,0.0,197.548,198.95499999999998,0.32936739666666665,0.18179168333333331
d2d9924f0,3,9.333333333333334,0.7512298706666667,1.0,0.0,49.440666666666665,49.289,0.33895079999999994,0.099121418
d2dd62cf2,2,10.0,0.872934823,1.0,0.0,224.882,224.882,0.19289696499999998,0.14273836
d2dd7e8c2,1,10.0,0.763186987,1.0,0.0,52.131,52.131,0.25923002,0.16649546
d2f04a19a,2,10.0,0.7482908605,1.0,0.0,66.13499999999999,66.13499999999999,0.275575935,0.287780865
d2f333b86,11,9.272727272727273,0.7768553490075757,1.0,0.0,56.190636363636365,48.886,0.30848190545454546,0.1516649299090909
d2f3db726,2,10.0,0.8310869720000001,1.0,0.0,138.932,138.932,0.200262905,0.0818201115
d2fa0b0df,1,9.0,0.7408274766666667,1.0,0.0,158.515,158.515,0.12101381,0.07320387
d2fae31e8,5,10.0,0.7805966724,1.0,0.0,136.0624,156.281,0.277166528,0.0368907292
d30068375,5,10.0,0.840491832,1.0,0.0,87.841,54.424,0.32544888,0.157509539
d302ad015,3,8.666666666666666,0.7720067060648148,1.0,0.0,157.92933333333332,194.712,0.2559377466666667,0.08891201233333335
d3077e6b1,14,9.142857142857142,0.7757456898015873,1.0,0.0,137.37921428571428,120.79400000000001,0.26647008,0.12157165999999998
d30b90a39,1,10.0,0.795678313,1.0,0.0,158.96699999999998,158.96699999999998,0.26661733,0.09772806
d30c88c64,4,10.0,0.76325072075,1.0,0.0,113.38725,105.3235,0.303955385,0.1800424865
d30dcea91,3,10.0,0.8048907276666667,1.0,0.0,121.17900000000002,87.687,0.18403132,0.10024423666666667
d320b7121,6,7.666666666666667,0.7667129244603176,1.0,0.0,156.63616666666667,156.293,0.18571364999999998,0.11433442566666667
d336e6953,15,9.466666666666667,0.7671934083962964,1.0,0.0,83.96253333333333,83.54700000000001,0.21666307799999998,0.07463868566666668
d33840dfa,2,10.0,0.7492413714999999,1.0,0.0,72.036,72.036,0.46215163,0.104676345
d3411347b,13,9.846153846153847,0.7784850722051282,1.0,0.0,67.80415384615384,26.673,0.30280329384615384,0.09752409353846153
d3486b178,1,10.0,0.8048487920000001,1.0,0.0,19.775999999999996,19.775999999999996,0.33686882,0.11437739
d37de633e,1,9.0,0.7712364211111112,1.0,0.0,119.456,119.456,0.20683184,0.037547693
d38bcdf49,1,9.0,0.7548014244444444,1.0,0.0,84.555,84.555,0.23163654,0.029102284
d38fca349,5,9.6,0.8051158885499999,1.0,0.0,112.05080000000001,119.569,0.214253674,0.1324488382
d3975e1bd,2,8.5,0.7595819985416666,1.0,0.0,67.305,67.305,0.22734733000000001,0.0543901915
d3a4afef1,1,10.0,0.738021477,1.0,0.0,48.983,48.983,0.463574,0.12235276
d3a92c453,3,9.333333333333334,0.7804188958518518,1.0,0.0,158.595,122.315,0.27093095333333334,0.11247420333333334
d3ac21f5d,3,7.666666666666667,0.743581922797619,1.0,0.0,106.36,115.57,0.14009924666666665,0.12278473000000001
d3b4b6a8a,5,9.4,0.7691394221111111,1.0,0.0,86.455,80.368,0.318513322,0.14010780360000002
d3b4f29f8,11,9.363636363636363,0.7657729524549062,1.0,0.0,23.025636363636362,17.418,0.41387070909090906,0.18137672363636365
d3bafdff5,13,9.153846153846153,0.7785057513547009,1.0,0.0,119.54815384615384,117.79299999999999,0.29715117461538465,0.1114824328076923
d3c79cf76,1,4.0,0.63812976,1.0,0.0,159.365,159.365,0.11499493,0.05211585
d3e488484,2,9.5,0.7592076225555556,1.0,0.0,98.725,98.725,0.189595945,0.046591545
d3ebee32b,3,10.0,0.80698158,1.0,0.0,132.66099999999997,153.08499999999998,0.27180019666666666,0.12841076333333332
d3ef2ebef,11,10.0,0.7711084013636363,1.0,0.0,123.04972727272728,119.619,0.30389452363636366,0.13318473454545454
d3f157880,1,10.0,0.8509817529999999,1.0,0.0,216.08499999999998,216.08499999999998,0.37875643,0.041994493
d3ffc5c1b,2,9.5,0.724790422611111,1.0,0.0,155.71749999999997,155.71749999999997,0.344051215,0.0818158165
d404012af,3,9.666666666666666,0.7813767885555555,1.0,0.0,94.38866666666667,87.31599999999999,0.3100896766666667,0.06826232333333333
d4066ef07,4,9.5,0.7316722179444445,1.0,0.0,127.97274999999999,119.471,0.1913889225,0.031060848000000002
d412201f6,7,10.0,0.8753371881428571,1.0,0.0,58.02128571428572,48.979,0.3597095185714286,0.13805064257142857
d41aa1c62,11,8.272727272727273,0.7561114352276335,1.0,0.0,140.44445454545453,117.563,0.276143445,0.1495917348181818
d4223dd4c,6,8.833333333333334,0.7564396152969577,1.0,0.0,132.88866666666664,124.10249999999999,0.23951692833333335,0.07048502566666666
d42b92c05,2,10.0,0.7795131100000001,1.0,0.0,22.783499999999997,22.783499999999997,0.214190365,0.079691295
d433a5827,1,10.0,0.814095713,1.0,0.0,29.038999999999998,29.038999999999998,0.15516013,0.045980673
d43834f69,4,9.5,0.7679778194166667,1.0,0.0,156.29,150.057,0.2133657475,0.1211338715
d440e9ebf,5,10.0,0.7697639046,0.8,0.0,122.4048,117.94,0.27628947,0.12051682159999999
d4427513d,1,10.0,0.7476737090000001,1.0,0.0,198.906,198.906,0.20482188,0.06529657
d45562a98,3,7.666666666666667,0.76449889625,1.0,0.0,77.46533333333333,23.206999999999997,0.21659485666666667,0.17907066000000002
d45e400b8,4,10.0,0.77098539375,1.0,0.0,151.62175,154.06349999999998,0.19772793249999998,0.05365823975
d46a58371,2,9.0,0.7311734844444444,1.0,0.0,138.9555,138.9555,0.17635185,0.047870214999999994
d476272d7,2,10.0,0.7622931100000001,1.0,0.0,120.35449999999999,120.35449999999999,0.222125055,0.100532158
d48e16ef4,3,10.0,0.8360197473333333,1.0,0.0,44.007000000000005,25.185,0.19852451666666668,0.17502022666666664
d49ea4e84,4,9.75,0.7627394922777777,1.0,0.0,158.3785,157.3285,0.24575129,0.0458940165
d4aa3713a,6,10.0,0.7625349398333333,1.0,0.0,57.16283333333333,52.7175,0.393783845,0.16210502733333335
d4b028ea8,7,9.142857142857142,0.7714237507857142,1.0,0.0,119.43257142857144,84.79699999999998,0.3358479628571428,0.13258881674285714
d4b2dcfb6,2,10.0,0.793635799,1.0,0.0,85.49699999999999,85.49699999999999,0.28960316,0.160824575
d4b5c41ac,1,10.0,0.767242421,1.0,0.0,192.327,192.327,0.43238628,0.10151853
d4bb8cf0a,4,10.0,0.80578513875,1.0,0.0,51.61775,51.534499999999994,0.2736628625,0.069588969
d4beefae9,4,9.0,0.7639825563015873,1.0,0.0,184.1565,179.2225,0.3976612525,0.13209703175
d4c153877,3,10.0,0.8408578063333333,1.0,0.0,142.95866666666666,115.743,0.3826625733333333,0.10818082333333333
d4c3abf4c,1,10.0,0.7850550329999999,1.0,0.0,114.48299999999999,114.48299999999999,0.21958162,0.28382114
d4c6c89ab,1,9.0,0.7513073188888888,1.0,0.0,241.72299999999998,241.72299999999998,0.5435238,0.21609434
d4c9eaede,1,10.0,0.708100591,1.0,0.0,85.0,85.0,0.20488536,0.03650711
d4d6997e3,2,10.0,0.8187195425000001,1.0,0.0,197.3345,197.3345,0.280757315,0.1185397115
d4d84523a,1,10.0,0.7865277729999999,1.0,0.0,193.097,193.097,0.43074843,0.10541705
d4dd82200,3,8.666666666666666,0.7831502653333334,1.0,0.0,121.27966666666664,85.71199999999999,0.20960311333333334,0.11733163633333334
d4e6a9aab,2,10.0,0.801707084,1.0,0.0,136.877,136.877,0.32073786,0.0382821615
d4e83ee5b,8,8.875,0.7423771157579365,1.0,0.0,87.850875,87.0495,0.2070426625,0.089473963
d4e96e3ce,2,9.0,0.6894653111111111,1.0,0.0,22.619500000000002,22.619500000000002,0.289515735,0.07648046
d4f813a7e,5,9.2,0.7750473381388889,1.0,0.0,99.4056,88.44099999999999,0.1306989588,0.0576670076
d5052e2a9,1,7.0,0.7704707557142856,1.0,0.0,158.615,158.615,0.18416771,0.1000896
d5053eb47,4,9.75,0.8180397898611111,1.0,0.0,80.2535,75.752,0.1977396225,0.11702219825
d50a1665e,3,9.333333333333334,0.7682577984166666,1.0,0.0,72.77333333333333,77.299,0.38076355666666667,0.08897849099999999
d50b449f0,1,10.0,0.7884639689999999,1.0,0.0,159.97899999999998,159.97899999999998,0.32970122,0.30211586
d50e11ec5,2,8.5,0.7377070605714285,1.0,0.0,141.9235,141.9235,0.21293597,0.047390715
d51b2e785,5,9.2,0.8179509306031745,1.0,0.0,179.32479999999998,193.44299999999998,0.2617695612,0.09412070759999999
d52f229d1,2,9.0,0.7869313227777777,1.0,0.0,21.348,21.348,0.28334855000000003,0.09670915699999999
d538c491f,4,7.5,0.7604500491944445,1.0,0.0,107.95999999999998,105.5555,0.2314216725,0.190642045
d54d84b63,5,10.0,0.7542854264,1.0,0.0,49.9678,50.24999999999999,0.33756829,0.07522565519999999
d55faa0ff,4,8.5,0.7488445612202381,1.0,0.0,102.11925,85.0285,0.292321685,0.170568853
d560b8003,1,10.0,0.7189734560000001,1.0,0.0,153.263,153.263,0.20569248,0.027315296
d56fbda82,1,10.0,0.872177883,1.0,0.0,47.25999999999999,47.25999999999999,0.41316938,0.21117511
d574448ee,3,7.0,0.7796164521111111,0.3333333333333333,0.0,85.324,85.121,0.2723197133333333,0.17950052000000002
d583d44d2,4,10.0,0.7702665424999999,1.0,0.0,167.97725,161.195,0.2255446725,0.07132611850000001
d58c146d6,1,10.0,0.7697139060000001,1.0,0.0,184.183,184.183,0.36329713,0.1259409
d596234fc,4,10.0,0.76361515075,1.0,0.0,103.4065,101.19899999999998,0.29593936,0.09817208875
d59f3a6cc,3,9.666666666666666,0.8112484223333333,1.0,0.0,70.94366666666666,74.261,0.4570834666666667,0.27613018333333333
d5abad72c,3,9.0,0.7786456690833333,1.0,0.0,20.755666666666666,20.668999999999997,0.3574735,0.14620611333333333
d5b6f17f5,1,7.0,0.8483391871428572,1.0,0.0,83.988,83.988,0.09269484,0.022937242
d5b9e0322,8,9.625,0.7617188279464285,0.875,0.0,70.65062499999999,50.567499999999995,0.30417272625,0.11899815849999999
d5bf5adaa,5,8.4,0.7319458122357143,1.0,0.0,89.1458,51.224,0.258714478,0.11273035359999999
d5c4ef4c0,9,7.111111111111111,0.7542133777892416,1.0,0.0,47.025777777777776,24.483999999999998,0.23787364333333333,0.09641769688888889
d5cbed556,1,7.0,0.7957697114285713,1.0,0.0,155.70999999999998,155.70999999999998,0.21285385,0.13692792
d5e351a09,4,10.0,0.74634840475,1.0,0.0,16.94625,15.445,0.34723227,0.13731356375
d5ee02201,1,9.0,0.7606079966666666,1.0,0.0,46.527,46.527,0.19938159,0.1411828
d5f441f79,1,8.0,0.71843025125,1.0,0.0,190.02100000000002,190.02100000000002,0.45948234,0.2622916
d5f80598c,2,10.0,0.8520438290000001,1.0,0.0,71.5055,71.5055,0.167018005,0.167143602
d605cb217,1,10.0,0.74278605,1.0,0.0,74.70299999999999,74.70299999999999,0.3494478,0.18490475
d605fa35d,2,10.0,0.7520683834999999,1.0,0.0,133.3695,133.3695,0.19064254,0.142689905
d60dbdd7a,17,7.764705882352941,0.7685708469236695,1.0,0.0,159.02488235294118,156.72899999999998,0.17918989852941175,0.10047390164705883
d6209194b,3,10.0,0.7687636436666666,1.0,0.0,122.37366666666667,150.45,0.164430742,0.08339889833333332
d6243bdf8,3,9.666666666666666,0.7536094057037038,1.0,0.0,145.27233333333334,158.098,0.13653052,0.04841600066666666
d6259561f,1,10.0,0.757213243,1.0,0.0,191.422,191.422,0.23947988,0.16296223
d62c55d90,4,10.0,0.7851771569999999,1.0,0.0,43.1045,37.3775,0.41004803500000003,0.1950544175
d6691251b,3,9.666666666666666,0.7803387931481481,1.0,0.0,81.10133333333333,74.613,0.3753937,0.12888772466666668
d66a55b13,8,9.75,0.7656591110277778,1.0,0.0,58.701875,35.294,0.41196478124999997,0.12168140287500001
d6715d925,2,9.5,0.7520043077777778,1.0,0.0,193.695,193.695,0.46805199,0.0686784585
d672df50c,5,8.2,0.7817654175111111,0.8,0.0,60.0524,50.327,0.366773484,0.152774887
d67619580,1,10.0,0.75786612,1.0,0.0,117.643,117.643,0.121985786,0.017516475
d67c5c6cf,1,9.0,0.7137421022222222,1.0,0.0,47.228,47.228,0.10140263,0.075067915
d680ddf5d,11,9.454545454545455,0.7692911738181819,1.0,0.0,169.49727272727273,200.32,0.45407445454545453,0.12583224681818184
d6aa53be7,2,9.5,0.7261030496111112,1.0,0.0,134.22549999999998,134.22549999999998,0.15036934000000002,0.0083268375
d6ad64584,4,10.0,0.84501204725,1.0,0.0,65.91149999999999,51.4505,0.19592122,0.0843739145
d6b0d8aa9,3,9.333333333333334,0.7956624388333333,1.0,0.0,24.938333333333333,23.886,0.5159247533333334,0.08564573833333333
d6b7b63de,5,10.0,0.8161170474,1.0,0.0,207.1694,228.446,0.29435297,0.050698036999999994
d6b97e7ca,1,10.0,0.744540184,1.0,0.0,156.60899999999998,156.60899999999998,0.21695516,0.057925772
d6be47a3c,2,10.0,0.7790710129999999,1.0,0.0,124.05,124.05,0.25781166,0.249262925
d6cfa5d4b,2,9.5,0.7582789962777778,1.0,0.0,82.191,82.191,0.388761965,0.11947485499999999
d6d6d4aca,4,9.75,0.7686545913611111,1.0,0.0,46.6675,40.5025,0.363758565,0.15961982375
d6d9a938f,1,8.0,0.73621473375,1.0,0.0,160.658,160.658,0.27902877,0.17595838
d6e342121,11,9.363636363636363,0.7746603841313131,1.0,0.0,171.63854545454544,187.136,0.21540562545454547,0.0787111450909091
d6e372a1d,1,5.0,0.7616686240000001,1.0,0.0,199.90299999999996,199.90299999999996,0.22238678,0.27992967
d6e6e7d6c,3,9.333333333333334,0.78673500325,1.0,0.0,135.08266666666665,115.03199999999998,0.31951239000000003,0.05599509933333333
d6fd7962e,4,7.75,0.770638016375,1.0,0.0,115.7635,120.431,0.240049075,0.083620369
d6ff1af86,1,9.0,0.7423503044444444,1.0,0.0,240.50099999999998,240.50099999999998,0.19505025,0.059260603
d7185ffc1,3,9.333333333333334,0.7354185105000001,1.0,0.0,182.795,196.087,0.2722231766666667,0.057620073333333334
d721ed589,5,7.8,0.7490655343428572,1.0,0.0,77.2414,27.227999999999998,0.2573764492,0.1381209822
d7282183b,1,10.0,0.728888378,1.0,0.0,194.196,194.196,0.57010424,0.270175
d72bc7206,1,10.0,0.766710884,1.0,0.0,49.114000000000004,49.114000000000004,0.36088082,0.14746103
d73b2a4c6,22,9.318181818181818,0.7856398382613636,1.0,0.0,211.11322727272727,251.014,0.46014197813636365,0.3994013604090909
d73e917de,2,8.5,0.7721516407857143,1.0,0.0,130.62699999999998,130.62699999999998,0.2486233,0.149304445
d7454afee,1,10.0,0.7493525990000001,1.0,0.0,26.857999999999997,26.857999999999997,0.639674,0.17250879
d755e40d7,1,10.0,0.8236140329999999,1.0,0.0,221.15099999999998,221.15099999999998,0.21575691,0.28928572
d76134f00,2,8.5,0.7650849987857142,1.0,0.0,67.24449999999999,67.24449999999999,0.28050971999999996,0.093419958
d765ae877,2,10.0,0.790291868,1.0,0.0,113.1065,113.1065,0.286827,0.221548615
d76c4ec1e,3,10.0,0.778970957,1.0,0.0,106.16000000000001,81.62599999999999,0.24165110999999997,0.03640553133333333
d76e9dedd,13,9.923076923076923,0.7686015368632477,1.0,0.0,107.02776923076922,108.964,0.2298221823076923,0.08815741676923078
d77a66a2f,4,10.0,0.7631413337500002,1.0,0.0,128.826,117.99549999999999,0.3130875775,0.1386327255
d78d1dec0,5,7.6,0.7664440222539682,1.0,0.0,113.45219999999999,154.474,0.257586808,0.116358988
d79342c8d,6,8.166666666666666,0.7474061604166667,1.0,0.0,62.27233333333333,34.9165,0.2653960616666667,0.135305645
d7976886b,3,10.0,0.7789257473333334,1.0,0.0,130.80566666666667,118.947,0.139699818,0.07532438666666667
d7a002088,5,9.6,0.75831784165,1.0,0.0,134.95639999999997,153.744,0.243518028,0.11779396319999999
d7a772967,9,9.88888888888889,0.7654776365432099,1.0,0.0,53.57866666666666,27.701,0.2185475577777778,0.09609504144444445
d7c0647d0,1,10.0,0.7792643289999999,1.0,0.0,55.805,55.805,0.5627023,0.17997283
d7c6e0401,2,7.5,0.847685014,1.0,0.0,60.01749999999999,60.01749999999999,0.38536267,0.19479069
d7cc44152,1,10.0,0.8164798099999999,1.0,0.0,84.456,84.456,0.32343635,0.16159809
d7d1cf92c,3,10.0,0.8219420620000001,1.0,0.0,154.10766666666666,153.44099999999997,0.2173931166666667,0.21103595666666666
d7dc2efde,4,9.75,0.8003901613611111,1.0,0.0,223.302,243.913,0.260567485,0.2145334675
d7dd71467,8,9.375,0.7748561275277778,1.0,0.0,84.93562499999999,86.0355,0.2439522175,0.07403312375
d7f938acd,4,9.25,0.7420802036785714,1.0,0.0,136.783,138.153,0.2258720125,0.112325125
d7fac1aa9,1,10.0,0.781723244,1.0,0.0,155.63699999999997,155.63699999999997,0.22558297,0.21288589
d8128cefd,2,10.0,0.7794429905,1.0,0.0,103.31750000000001,103.31750000000001,0.26861203,0.075789106
d8179f4d9,2,10.0,0.7553339885,1.0,0.0,120.54899999999999,120.54899999999999,0.164633945,0.0579946635
d81afce4f,3,9.0,0.8012262751481481,1.0,0.0,53.788000000000004,53.723,0.32307995333333334,0.09153147333333334
d83749129,1,9.0,0.7723033322222222,1.0,0.0,162.57299999999998,162.57299999999998,0.38084155,0.13102672
d83aa1f02,6,9.166666666666666,0.7896780132440476,1.0,0.0,87.15983333333332,67.71099999999998,0.16057374166666666,0.05889874583333333
d83dd7fc2,3,9.666666666666666,0.7528240271111111,1.0,0.0,195.9463333333333,195.115,0.41052648666666663,0.08025110733333334
d8519e771,2,8.0,0.769571815625,1.0,0.0,158.44549999999998,158.44549999999998,0.21561329499999998,0.0688952485
d8603dd80,2,9.5,0.7285201427777778,1.0,0.0,171.8875,171.8875,0.19387734499999998,0.016622712249999998
d867c4016,1,10.0,0.824269968,1.0,0.0,20.011,20.011,0.70991164,0.2124523
d8697f0fd,1,10.0,0.75659673,1.0,0.0,188.795,188.795,0.2740111,0.07624071
d86d7a70e,4,10.0,0.77423678975,1.0,0.0,140.17875,139.888,0.3697795625,0.2636518225
d86f635fb,6,8.5,0.7761929267797619,1.0,0.0,101.42299999999999,69.2435,0.24941745666666668,0.054508303
d870d5767,6,9.5,0.7594592768518518,1.0,0.0,94.74166666666667,88.323,0.22244018666666668,0.12218027983333334
d8727d356,2,9.5,0.7411587915,1.0,0.0,21.025999999999996,21.025999999999996,0.371320165,0.072218875
d87ff9c80,4,9.5,0.739194334125,1.0,0.0,20.96125,19.950499999999998,0.37525494,0.142942795
d8876247a,3,9.333333333333334,0.7615959856666666,0.6666666666666666,0.0,110.69666666666666,85.809,0.3269347166666667,0.168924615
d899c9ef7,4,9.0,0.7483438730198413,1.0,0.0,68.8275,55.83,0.2441519625,0.07026732064999999
d8a48180b,3,9.666666666666666,0.7736989599999999,1.0,0.0,63.528999999999996,48.538,0.3454332566666667,0.09201097533333334
d8b05d43d,3,7.333333333333333,0.7408209997222222,1.0,0.0,151.47666666666666,153.313,0.21623346,0.07854839666666667
d8be7f8b0,1,9.0,0.8199659922222221,1.0,0.0,50.697,50.697,0.1649098,0.12531301
d8c1859cb,5,10.0,0.7779345392,1.0,0.0,144.3704,117.146,0.247580994,0.1286680542
d8dd968c6,1,10.0,0.7896606169999999,1.0,0.0,124.92800000000001,124.92800000000001,0.25864658,0.01760319
d8df310c9,1,10.0,0.760959151,1.0,0.0,191.31199999999998,191.31199999999998,0.20754817,0.055537857
d8e376a50,7,9.571428571428571,0.7763012001984126,1.0,0.0,104.20399999999998,113.87899999999999,0.17972823071428573,0.06983594271428571
d8f9d07f2,5,9.6,0.8107045228222223,1.0,0.0,95.4964,123.768,0.192812936,0.1045299612
d9175b948,3,10.0,0.7715069809999999,1.0,0.0,109.91666666666667,148.489,0.26443219,0.09553127499999998
d919bd302,2,8.0,0.7469496031666667,1.0,0.0,38.7155,38.7155,0.43933496,0.18826772
d92c326f8,1,10.0,0.767494045,1.0,0.0,51.004999999999995,51.004999999999995,0.25384313,0.08057544
d9303d3bc,4,9.75,0.8208821594444444,0.75,0.0,78.06375,48.6975,0.31386419249999997,0.1091908275
d93b38122,1,10.0,0.767581512,1.0,0.0,48.544000000000004,48.544000000000004,0.37363148,0.14776275
d94f98004,2,10.0,0.826596957,1.0,0.0,156.976,156.976,0.273752425,0.08207464049999999
d95eabfe9,2,8.0,0.74242385,1.0,0.0,197.531,197.531,0.255315655,0.108503388
d965d6f3a,2,8.0,0.7481491216666667,1.0,0.0,25.374000000000002,25.374000000000002,0.51661035,0.08166537
d96987111,4,9.25,0.7980127716785714,1.0,0.0,146.2495,137.3365,0.31914714250000004,0.09572108174999999
d99c980a9,2,10.0,0.7753012939999999,1.0,0.0,39.655,39.655,0.29529341,0.0823526605
d99ea593a,2,10.0,0.7223945605,1.0,0.0,147.582,147.582,0.253784805,0.1315506925
d9b4b1930,3,9.333333333333334,0.7527418013333333,1.0,0.0,158.91566666666665,159.72199999999998,0.22512561,0.10888484
d9b9b0174,4,7.75,0.742326894013889,1.0,0.0,103.53575000000001,103.23150000000001,0.375577235,0.16448732675
d9c151e72,2,9.0,0.7382523936250001,1.0,0.0,154.309,154.309,0.241887385,0.04999749
d9c6517ae,3,9.0,0.7862291506666667,1.0,0.0,112.41533333333332,122.071,0.2639555666666667,0.13889047866666668
d9cf525bb,6,7.5,0.7912225465608466,1.0,0.0,169.93766666666667,175.05700000000002,0.16597857566666666,0.03135165166666667
d9fca8be8,3,10.0,0.730089154,1.0,0.0,131.37300000000002,130.468,0.29551061333333334,0.12162058666666666
da1e7c53d,1,10.0,0.795642063,1.0,0.0,13.696999999999997,13.696999999999997,0.44471705,0.04576829
da2cdb505,1,8.0,0.806367885,1.0,0.0,193.77200000000002,193.77200000000002,0.6068264,0.21486175
da327c74b,5,9.2,0.7745233648500001,1.0,0.0,90.3948,80.72300000000001,0.188484392,0.051863651600000005
da4a5403d,2,10.0,0.788671815,1.0,0.0,87.041,87.041,0.23637403,0.105974225
da4da9308,3,9.333333333333334,0.7989908934166667,1.0,0.0,119.73899999999999,153.267,0.27502718666666665,0.12148604
da5295aaf,2,10.0,0.8134631925,1.0,0.0,118.435,118.435,0.378576295,0.034556018
da5d1c5ba,3,9.333333333333334,0.7661899865,1.0,0.0,136.28666666666666,118.25599999999999,0.22778721333333332,0.16695572333333333
da697d5ba,5,9.2,0.7389220190833333,0.8,0.0,102.97059999999999,52.351,0.20507711999999997,0.049627478200000005
da6bb3100,13,9.461538461538462,0.7572115556495727,1.0,0.0,136.19861538461538,147.973,0.20716139615384616,0.07729284307692308
da7680082,4,10.0,0.77671756925,1.0,0.0,109.243,116.5755,0.17977731,0.04255759825
da7fe1120,5,9.2,0.7645134142666666,1.0,0.0,58.73100000000001,20.819999999999997,0.297668754,0.15487892720000002
da840f8d4,4,10.0,0.7816790395000001,1.0,0.0,109.27275,107.9605,0.270259525,0.1058792925
da84db2f7,1,10.0,0.857024468,1.0,0.0,158.26500000000001,158.26500000000001,0.07763737,0.012189073
da8859f46,1,7.0,0.745235712857143,1.0,0.0,198.478,198.478,0.20450416,0.5811556
da8a47785,3,8.0,0.7838311244246032,1.0,0.0,192.80166666666665,192.483,0.24223919000000002,0.03625562733333333
da8cfd914,2,8.5,0.7554931689583333,1.0,0.0,37.5305,37.5305,0.283044265,0.087669095
da8d4a273,5,9.4,0.7844756385428571,1.0,0.0,112.31739999999999,120.43299999999999,0.303216918,0.10667093220000001
da8d56dff,2,9.0,0.7007016158749999,0.5,0.0,210.9305,210.9305,0.33230473000000005,0.06340698735
da9b9db54,3,8.333333333333334,0.7685979007261904,1.0,0.0,130.797,152.743,0.13079576866666667,0.0784280185
da9d78f91,1,8.0,0.75039263125,1.0,0.0,120.70599999999999,120.70599999999999,0.20888795,0.082010925
daa73505c,3,10.0,0.8133267923333333,1.0,0.0,68.49733333333333,79.063,0.23655342,0.03469180633333333
daabe5f9d,1,9.0,0.7917018766666667,1.0,0.0,50.729,50.729,0.28542945,0.09631894
daad5c208,1,10.0,0.846332512,1.0,0.0,120.397,120.397,0.28062057,0.15552996
dabcf0e55,7,9.571428571428571,0.784049406510204,1.0,0.0,44.775,22.935999999999996,0.24592968714285712,0.09301718514285715
dac37d01d,4,10.0,0.76049387725,1.0,0.0,147.27374999999998,136.85399999999998,0.16964904249999999,0.0379177989
dac60bd9c,1,10.0,0.7463102279999999,1.0,0.0,191.831,191.831,0.36910978,0.13753696
dad58d0a7,2,10.0,0.7996334279999999,0.5,0.0,100.3025,100.3025,0.34244253,0.077913631
dae92dd61,3,10.0,0.8072051669999999,1.0,0.0,86.968,48.882000000000005,0.2496978333333333,0.18470603833333332
daeac2b84,8,9.875,0.8513252462638888,1.0,0.0,198.877375,215.405,0.26370415,0.11594077325
daed4ac40,3,8.333333333333334,0.7576690354166667,1.0,0.0,143.71066666666664,154.082,0.14984323333333333,0.14116485666666667
daf1a8d08,2,10.0,0.746296667,1.0,0.0,23.772,23.772,0.5714503550000001,0.126675455
db0213107,3,8.666666666666666,0.7608816336574074,1.0,0.0,84.455,85.90799999999999,0.31256129666666665,0.09369177499999999
db044e38b,7,9.285714285714286,0.7782207685578231,1.0,0.0,100.02857142857144,81.84100000000001,0.14430393857142856,0.0927025722857143
db05d2fb1,1,10.0,0.7724591820000002,1.0,0.0,189.357,189.357,0.26034048,0.080731876
db095d92a,3,10.0,0.7654857116666666,1.0,0.0,33.38733333333333,31.395999999999997,0.4855043266666667,0.14496964533333334
db0b0bea6,4,8.0,0.7641914617857143,1.0,0.0,26.710499999999996,20.682,0.4108263875,0.1417360375
db27a0a42,1,10.0,0.746709807,1.0,0.0,50.99999999999999,50.99999999999999,0.12224626,0.040842872
db2d1ccaf,11,8.090909090909092,0.7724903272222222,1.0,0.0,98.60827272727273,84.11399999999999,0.21950221636363637,0.059623561
db33da35e,5,9.8,0.8044502486666666,1.0,0.0,78.21119999999999,52.854,0.325209852,0.087465992
db3fce97e,5,9.8,0.8069455592444446,1.0,0.0,122.4798,112.92399999999999,0.293963286,0.115001735
db4165316,3,9.666666666666666,0.7469185532222223,1.0,0.0,153.827,119.779,0.31610273333333333,0.16085463666666666
db4a0242a,3,9.666666666666666,0.760779386962963,1.0,0.0,108.38733333333333,119.42899999999999,0.40240936666666666,0.09451285466666666
db5a260fa,5,9.8,0.7633691750222222,1.0,0.0,99.4502,83.755,0.12104487700000002,0.0476358574
db5d27601,2,10.0,0.7403683529999999,1.0,0.0,37.986,37.986,0.29972014999999996,0.1740589775
db6082ae6,2,6.0,0.7574095700000001,1.0,0.0,115.13999999999999,115.13999999999999,0.16354681,0.01217420025
db61b1f31,4,9.0,0.819801669875,1.0,0.0,115.55375,103.5565,0.2760750325,0.08790756125
db635ae93,2,10.0,0.7527510880000001,1.0,0.0,17.038,17.038,0.5903649,0.14157276000000002
db71b8b85,3,10.0,0.7642138123333334,1.0,0.0,60.48633333333333,83.338,0.29954185333333333,0.12478321333333332
db745332f,2,7.0,0.8381222400000001,1.0,0.0,69.981,69.981,0.4553202,0.250132735
db77fdb46,2,9.0,0.7447442138888889,1.0,0.0,176.4055,176.4055,0.28375509,0.04240374499999999
db8a8df8a,1,9.0,0.7613368722222221,1.0,0.0,231.97199999999998,231.97199999999998,0.46705037,0.08207464
db9af2894,12,9.416666666666666,0.7660939648124999,1.0,0.0,92.23083333333334,99.88399999999999,0.3005556008333333,0.09654295275000001
dba5f0e5c,2,10.0,0.694930922,1.0,0.0,159.828,159.828,0.177457835,0.11377769
dbaa03313,4,10.0,0.76707799775,1.0,0.0,204.14499999999998,195.4075,0.33742563,0.1283028115
dbabe4e51,1,9.0,0.7318994155555556,1.0,0.0,84.598,84.598,0.1369266,0.03002332
dbba10f87,4,9.0,0.7313608638134921,1.0,0.0,188.56349999999998,196.6585,0.2922964525,0.03684168425
dbc39e84b,1,10.0,0.7199513599999999,1.0,0.0,118.88399999999999,118.88399999999999,0.35050312,0.10293584
dbd4f79ef,4,9.75,0.8088379360555555,1.0,0.0,67.97149999999999,26.980999999999998,0.40195677500000004,0.2082564775
dbe634a4c,2,9.5,0.7512641375555555,1.0,0.0,84.65199999999999,84.65199999999999,0.281110735,0.0948664585
dbea554c3,7,8.285714285714286,0.7748751288253969,1.0,0.0,129.28528571428572,158.36499999999998,0.24957087428571428,0.06472449585714286
dbf8ba091,1,10.0,0.794541489,1.0,0.0,118.91699999999999,118.91699999999999,0.22650675,0.028439475
dbfb1869f,3,9.0,0.7648712678055555,1.0,0.0,121.24266666666665,120.98999999999998,0.15050316666666666,0.11470956666666667
dbfc5a778,5,8.6,0.7843723854333333,1.0,0.0,110.2492,154.13,0.299776386,0.14052611499999998
dc0ee2c73,3,8.666666666666666,0.7968458192222222,1.0,0.0,125.80466666666666,113.902,0.41429367666666667,0.14842192166666668
dc1b809db,2,9.0,0.79154359925,1.0,0.0,38.15299999999999,38.15299999999999,0.23554614,0.09514484000000001
dc20a0cea,1,9.0,0.8054326566666667,1.0,0.0,72.342,72.342,0.4094978,0.15080224
dc2354851,1,10.0,0.8156440789999999,1.0,0.0,49.538,49.538,0.2770304,0.09662129
dc23feccc,2,10.0,0.8268921345,1.0,0.0,178.43099999999998,178.43099999999998,0.38096738500000005,0.10544571750000001
dc3066d92,9,7.111111111111111,0.7263551764021163,1.0,0.0,81.587,81.278,0.18369506888888887,0.07521602077777777
dc371c173,29,9.448275862068966,0.7829024724808429,1.0,0.0,100.51544827586207,113.62899999999999,0.31608462413793104,0.09264475610344827
dc40c2612,2,10.0,0.7755416209999999,1.0,0.0,117.94550000000001,117.94550000000001,0.234619675,0.084597571
dc4747d5c,3,9.666666666666666,0.7499271882592593,1.0,0.0,178.3083333333333,190.01600000000002,0.15886093,0.020031217333333334
dc4e92b83,2,9.0,0.7359127778750001,1.0,0.0,116.7545,116.7545,0.245057795,0.0278917375
dc549e010,1,10.0,0.8160491139999999,1.0,0.0,18.586999999999996,18.586999999999996,0.5062682,0.2363857
dc56ff89a,2,10.0,0.7525888909999999,1.0,0.0,87.89,87.89,0.164299615,0.201829695
dc589864d,5,9.0,0.76385883,1.0,0.0,210.4314,234.452,0.268253334,0.081675058
dc76d9fa5,3,6.666666666666667,0.7687983131944445,0.6666666666666666,0.0,180.552,190.831,0.13612767866666667,0.12095715666666666
dc7dad1da,3,10.0,0.7697901663333333,1.0,0.0,22.462666666666664,23.74,0.15728351,0.09417273999999999
dc8359e75,1,7.0,0.7873955471428571,1.0,0.0,23.168,23.168,0.22403952,0.13462083
dc88ebe46,1,10.0,0.795627247,1.0,0.0,189.711,189.711,0.23236868,0.05688519
dc9557824,1,10.0,0.7156016040000001,1.0,0.0,18.049999999999997,18.049999999999997,0.7521963,0.2560606
dc996a1a4,4,10.0,0.8035633947499999,1.0,0.0,125.40449999999998,125.08249999999998,0.2439157275,0.19896809250000003
dcaae830b,2,10.0,0.7456745624999999,1.0,0.0,70.3435,70.3435,0.25984913,0.040299458
dcb42ee1e,1,10.0,0.7331753599999999,1.0,0.0,155.227,155.227,0.2301802,0.24895942
dcba09ff1,5,9.8,0.7703779779111111,1.0,0.0,99.4618,84.624,0.357059052,0.0862557372
dcc0d8482,3,9.666666666666666,0.7702302618518518,1.0,0.0,76.551,84.729,0.3313954766666667,0.14149034466666666
dcd0002db,2,10.0,0.8796821049999999,1.0,0.0,104.3245,104.3245,0.4328615,0.27471383
dcd7102d9,5,10.0,0.7827812148000001,1.0,0.0,23.690999999999995,19.363999999999997,0.539892276,0.16156781520000002
dcd8e75d3,5,8.2,0.7707901863412698,1.0,0.0,117.03800000000001,117.438,0.29669737,0.21742976
dcd93c794,1,10.0,0.752993525,1.0,0.0,84.609,84.609,0.29591185,0.025283348
dcdb6907c,3,9.333333333333334,0.8171714452500001,1.0,0.0,107.53366666666666,111.04499999999999,0.2835914,0.095271129
dcdefed1a,1,9.0,0.7883462544444444,1.0,0.0,186.523,186.523,0.13759638,0.11776574
dcdf98438,6,9.166666666666666,0.7597645171249999,1.0,0.0,117.40033333333332,116.739,0.22895658333333335,0.03402522983333333
dce0ccf91,1,10.0,0.828422475,1.0,0.0,53.387,53.387,0.60845536,0.26257977
dce7af31c,2,8.5,0.789463487,1.0,0.0,86.09049999999999,86.09049999999999,0.571068645,0.18984109
dcecf2ba5,1,8.0,0.77209711375,1.0,0.0,182.39499999999998,182.39499999999998,0.41113457,0.16534804
dcefbb974,2,10.0,0.8585802490000001,1.0,0.0,70.1995,70.1995,0.2192443,0.15587947300000002
dcf2641f2,18,9.055555555555555,0.7780049216386684,1.0,0.0,97.41016666666667,68.226,0.16673005355555556,0.08421524333333334
dcf366e02,1,10.0,0.895541812,1.0,0.0,119.297,119.297,0.26555791,0.061827958
dd074b8ba,4,10.0,0.817934897,1.0,0.0,166.8665,175.6755,0.2678634625,0.19230956175
dd0b58409,1,9.0,0.8094960077777777,1.0,0.0,84.72299999999998,84.72299999999998,0.28001428,0.0663529
dd0d78496,3,9.0,0.7690629774761905,1.0,0.0,118.038,116.487,0.27322325666666664,0.050930743
dd13b36c6,2,10.0,0.80363736,1.0,0.0,154.5245,154.5245,0.283273715,0.090266125
dd201c041,6,9.5,0.7738093137916667,1.0,0.0,117.47866666666665,116.86799999999998,0.23982300666666667,0.07564458283333333
dd2452dfa,3,7.0,0.70565808325,1.0,0.0,169.74233333333333,191.42399999999998,0.37933850333333335,0.16553937
dd2ec7bf4,2,10.0,0.752540886,1.0,0.0,52.09049999999999,52.09049999999999,0.504456655,0.120187305
dd3c902ae,3,8.666666666666666,0.7436082960833333,1.0,0.0,97.40633333333334,115.60999999999999,0.20036687333333333,0.17869841900000002
dd4b67059,2,0.5,0.51992553,0.0,0.0,42.5365,42.5365,0.24592924,0.14438086
dd4f3b8a8,2,9.0,0.773718247875,1.0,0.0,90.64649999999999,90.64649999999999,0.350781075,0.078780782
dd579722a,4,9.5,0.7270984325625001,0.75,0.0,169.6135,196.02349999999998,0.214736755,0.089878106
dd5797b7f,1,10.0,0.8301811499999999,1.0,0.0,189.141,189.141,0.087275945,0.02341311
dd5f93066,5,8.0,0.7993578492,0.6,0.0,130.9822,151.784,0.22492637599999998,0.1374546294
dd62a2e7f,2,9.5,0.7467659502222221,1.0,0.0,81.0235,81.0235,0.212804335,0.07531217500000001
dd654a9e7,2,8.0,0.8024557308730159,1.0,0.0,156.13349999999997,156.13349999999997,0.19356524,0.0243669795
dd7732e86,3,10.0,0.7904437833333334,1.0,0.0,138.45866666666666,155.91299999999998,0.24435619,0.07703202466666667
dd79180bc,3,10.0,0.7919647166666667,1.0,0.0,109.68433333333333,52.587999999999994,0.32236923333333334,0.05294388766666667
dd9ee4a38,3,8.666666666666666,0.7440092261666665,1.0,0.0,207.37800000000001,197.32599999999996,0.32880546000000005,0.04159875233333333
ddae7aede,4,9.25,0.7356741749285715,1.0,0.0,67.05274999999999,51.8755,0.18029401,0.08235434900000001
ddb881657,5,9.2,0.8248826842349206,1.0,0.0,123.9786,121.596,0.18236204,0.0176506304
ddb95945a,1,10.0,0.878849621,1.0,0.0,120.739,120.739,0.14460757,0.086455084
ddbb99929,4,10.0,0.79240662325,0.25,0.0,20.55725,21.237000000000002,0.4454845925,0.21589791
ddc2e31c0,3,10.0,0.757619036,1.0,0.0,119.78766666666665,119.28399999999999,0.2905336566666667,0.14582068666666667
ddc3af1ee,5,10.0,0.8103084488000001,1.0,0.0,44.265,50.239,0.237498262,0.1043440878
ddc628647,1,10.0,0.826427971,1.0,0.0,153.41199999999998,153.41199999999998,0.28990114,0.20378806
ddd7cc601,2,10.0,0.8492593374999999,1.0,0.0,175.086,175.086,0.31850524,0.07967092
ddeeba131,3,10.0,0.7967686086666667,1.0,0.0,159.6713333333333,159.659,0.45229180999999996,0.18265674333333334
ddf06fabf,2,10.0,0.7530055155,1.0,0.0,139.7715,139.7715,0.23088529,0.118669785
ddfea1140,4,9.5,0.8025827220625,1.0,0.0,195.04449999999997,196.344,0.229792363,0.03939683525
de01d00eb,2,8.5,0.7177853132638888,1.0,0.0,175.05450000000002,175.05450000000002,0.267930515,0.0368810725
de0a86ccf,6,9.5,0.7643633669351851,1.0,0.0,203.95216666666667,233.9895,0.5853441433333334,0.28164457833333334
de0f0272c,2,10.0,0.7515529985,1.0,0.0,140.212,140.212,0.27062400000000003,0.065383281
de19fca23,3,10.0,0.8196113443333332,1.0,0.0,133.2793333333333,116.85899999999998,0.21904235000000002,0.09726558
de1f49c9d,10,8.7,0.7280577035480158,1.0,0.0,142.9322,152.4845,0.286789755,0.0685483868
de2d4f372,1,10.0,0.7123331169999999,1.0,0.0,153.695,153.695,0.2858575,0.039108567
de34278bc,2,9.5,0.7889106410555555,1.0,0.0,89.43799999999999,89.43799999999999,0.237579085,0.1534968525
de41ebc79,3,9.666666666666666,0.7686214455555556,1.0,0.0,94.27266666666667,82.865,0.28668525,0.047282267666666676
de43c6ce5,5,10.0,0.7600531392000001,1.0,0.0,68.51520000000001,77.66999999999999,0.1754539172,0.0682275408
de445d837,1,10.0,0.841055985,1.0,0.0,120.89699999999999,120.89699999999999,0.3171801,0.08363359
de489fcd8,2,8.0,0.7999253933333333,1.0,0.0,21.467999999999996,21.467999999999996,0.740609135,0.27389005
de4de2e7c,2,10.0,0.788219978,1.0,0.0,85.9285,85.9285,0.24042933,0.116995287
de591574b,10,8.2,0.7813721063051587,0.9,0.0,132.4083,138.353,0.221548986,0.15468025189999998
de59f42db,2,9.0,0.788922920125,1.0,0.0,114.11949999999999,114.11949999999999,0.3196927,0.172909025
de61ca522,4,8.0,0.7221062096279762,1.0,0.0,115.281,116.088,0.421273815,0.2668510625
de6c0126b,8,9.625,0.8253937032321429,1.0,0.0,99.843875,100.36499999999998,0.2745930425,0.07809790075
de7114b0e,1,8.0,0.69556388125,1.0,0.0,47.972,47.972,0.3156011,0.0726346
de7905c9c,2,8.5,0.7688916199305555,1.0,0.0,161.36849999999998,161.36849999999998,0.21721520500000002,0.1250395
de813940a,5,8.8,0.8021853346000001,1.0,0.0,58.38519999999998,52.44499999999999,0.18554537799999998,0.0744938046
de8b7400d,4,9.5,0.7173146666111111,1.0,0.0,106.246,120.33399999999999,0.2056765475,0.12067625574999999
de97498e6,13,9.692307692307692,0.7840330024059828,1.0,0.0,115.03115384615384,86.386,0.2686430830769231,0.07868406230769232
de993d8ad,3,10.0,0.7925886186666666,1.0,0.0,93.52733333333333,31.147,0.37676423333333336,0.17715920666666665
de9e02d44,2,10.0,0.850190118,1.0,0.0,50.885999999999996,50.885999999999996,0.31910673,0.10344150499999999
dea0253b6,8,10.0,0.755106479375,1.0,0.0,28.678125,22.749499999999998,0.5072213575,0.16692628125
deb0ad8cd,3,7.0,0.7538374523809525,1.0,0.0,127.377,118.58699999999999,0.23359401333333332,0.12018184
deb43659b,4,9.25,0.7356623919285714,1.0,0.0,117.86175,118.38799999999999,0.24852661499999998,0.09844470125
debec416c,3,8.666666666666666,0.7563542707619048,1.0,0.0,113.99099999999999,114.39099999999999,0.2613579133333333,0.04609345100000001
ded3b183c,2,9.0,0.7883461477777778,1.0,0.0,86.9545,86.9545,0.16817866,0.101900925
ded648294,1,10.0,0.705101518,1.0,0.0,195.44099999999997,195.44099999999997,0.439675,0.14006583
ded8d95c0,1,10.0,0.70667022,1.0,0.0,8.349,8.349,0.25521773,0.11882765
deda21b9a,5,10.0,0.7696833992000001,1.0,0.0,99.97139999999999,150.945,0.17420505400000003,0.0562614872
dee525fcd,8,9.125,0.7690536570069444,1.0,0.0,94.1305,91.19649999999999,0.27043322875,0.148572038825
deeea2b65,1,9.0,0.7569252111111111,1.0,0.0,117.863,117.863,0.19080786,0.07356147
defc7be05,2,9.5,0.7509075449444444,1.0,0.0,70.115,70.115,0.24126463999999997,0.0690146
defebd6b4,4,10.0,0.7756363334999999,1.0,0.0,71.80699999999999,85.50799999999998,0.31737326,0.094562955
deff069a2,4,9.5,0.7327663647222222,1.0,0.0,92.95524999999999,80.975,0.3213526475,0.17555498
df03e957d,1,10.0,0.7465472710000001,1.0,0.0,19.153,19.153,0.144565,0.075115204
df091dc6b,1,10.0,0.818967634,1.0,0.0,156.947,156.947,0.09837535,0.08723552
df0933e46,6,8.666666666666666,0.7660220515952382,1.0,0.0,56.8085,61.647999999999996,0.2170858516666667,0.04929199733333334
df0a5e6c5,9,9.333333333333334,0.7696298064916225,1.0,0.0,128.7051111111111,156.124,0.32092731333333335,0.09770664588888889
df0b49ce7,3,10.0,0.7712359636666667,1.0,0.0,121.54899999999999,120.583,0.19668864333333333,0.046607621666666675
df1507e61,7,10.0,0.7870866835714285,1.0,0.0,76.823,52.196,0.34578719714285716,0.1594921342857143
df17a57ae,6,9.5,0.7859033609444445,1.0,0.0,161.19216666666665,178.03799999999995,0.26923737433333333,0.1363637
df1d3b1ec,1,8.0,0.77676324625,1.0,0.0,99.414,99.414,0.101890095,0.005534611
df26f1098,19,8.736842105263158,0.7753859735998329,1.0,0.0,115.38994736842106,117.689,0.28657216736842106,0.11910797136842105
df2d9957f,2,10.0,0.7920658425,1.0,0.0,120.89999999999999,120.89999999999999,0.20189457500000002,0.145477811
df4354823,1,10.0,0.8046056509999999,1.0,0.0,112.072,112.072,0.23550947,0.29170507
df59dd59f,4,10.0,0.7279726125,1.0,0.0,164.39774999999997,159.4525,0.25367560499999997,0.0640756625
df6048227,1,10.0,0.703709098,1.0,0.0,116.884,116.884,0.27232328,0.27220115
df6205194,5,8.2,0.7776329670357143,1.0,0.0,124.15719999999999,117.616,0.33698649999999997,0.0743894922
df706fd55,4,10.0,0.7827969985000001,1.0,0.0,167.91375,197.22050000000002,0.2902429525,0.088971687
df7aa79a4,4,10.0,0.7722590647500001,1.0,0.0,100.148,101.8125,0.1465430165,0.043552721249999996
df8425410,1,10.0,0.7613148250000001,1.0,0.0,154.267,154.267,0.30849308,0.27330843
df880995b,1,10.0,0.814255001,1.0,0.0,167.755,167.755,0.14818291,0.28289264
df89a82ab,5,9.2,0.7541412136277778,1.0,0.0,56.64359999999999,50.071,0.23640379400000003,0.21989952200000001
df9a4b31f,11,9.0,0.7612098172929294,1.0,0.0,87.31818181818181,83.295,0.16366600545454546,0.06430822863636364
df9cc49a1,7,10.0,0.7140711058571428,1.0,0.0,126.29742857142857,120.369,0.32774814,0.07237860928571428
dfa39b9f1,2,7.0,0.7331664264285713,1.0,0.0,136.40249999999997,136.40249999999997,0.108548716,0.10366805
dfb0b0928,8,10.0,0.771200217,1.0,0.0,143.431375,155.0685,0.17276646425,0.080254941875
dfb7301a8,2,9.5,0.7529192835555556,1.0,0.0,103.0825,103.0825,0.27416807,0.055861903
dfcbce94d,1,10.0,0.795856055,1.0,0.0,114.55499999999998,114.55499999999998,0.30319518,0.06788321
dfcd19237,2,10.0,0.884083267,1.0,0.0,152.57600000000002,152.57600000000002,0.1462698775,0.078390568
dfd0fbde8,4,9.75,0.7192424294722223,1.0,0.0,102.24725,79.08850000000001,0.2658508975,0.089330775
dfdbfce71,2,9.0,0.7735207983333334,1.0,0.0,152.617,152.617,0.23834642,0.037027402
dfe361097,9,8.0,0.7800149870299824,1.0,0.0,68.05322222222222,50.19,0.3669978711111111,0.11258949266666668
dfe7a59b4,2,10.0,0.794301669,1.0,0.0,115.72099999999999,115.72099999999999,0.1490751,0.045438778
dfe83669d,1,10.0,0.8069987559999999,1.0,0.0,153.30399999999997,153.30399999999997,0.2279758,0.061020035
dff412d60,3,8.666666666666666,0.7264151487195768,1.0,0.0,74.70599999999999,79.851,0.37293953333333335,0.13050888666666668
dffa25e61,1,10.0,0.818457117,1.0,0.0,223.66400000000002,223.66400000000002,0.14356054,0.09460705
dffc5cef6,15,8.266666666666667,0.7640873566439154,1.0,0.0,159.29,158.444,0.19961490266666668,0.07652633946666666
dffd9f2ff,4,7.75,0.7863998031666667,1.0,0.0,79.00999999999999,51.0595,0.2184288225,0.090413521
dfff88c90,1,10.0,0.758107105,1.0,0.0,89.389,89.389,0.46930924,0.05931543
e01638894,1,10.0,0.7836518229999999,1.0,0.0,192.44199999999998,192.44199999999998,0.18629254,0.058333334
e01f077a7,10,8.4,0.7481660878190477,0.9,0.0,143.86759999999998,138.6805,0.289117761,0.1404070545
e039f2392,1,10.0,0.7573036670000001,1.0,0.0,192.369,192.369,0.17800148,0.0341658
e03ec2a98,2,10.0,0.7230715985,1.0,0.0,211.974,211.974,0.22337936,0.0348837215
e04d44883,1,9.0,0.7809217455555556,1.0,0.0,51.67999999999999,51.67999999999999,0.2356039,0.10860705
e04df6caf,10,8.9,0.7575666186186508,0.9,0.0,99.0869,99.5855,0.298014583,0.1343940045
e052a2a39,1,10.0,0.8337644790000001,1.0,0.0,52.815999999999995,52.815999999999995,0.36420363,0.060661893
e064d3504,5,9.8,0.8123622685777777,1.0,0.0,142.23539999999997,158.20999999999998,0.29677019800000004,0.16463841939999999
e0667be3b,6,10.0,0.8191801153333333,1.0,0.0,104.094,122.75199999999998,0.2942223583333334,0.09836888516666668
e0764fb9a,3,10.0,0.831295072,1.0,0.0,180.5443333333333,227.97899999999998,0.20206938666666666,0.03790724333333333
e0781fb0a,1,7.0,0.7966780828571427,1.0,0.0,151.957,151.957,0.26604033,0.088384494
e08649ba2,2,9.5,0.7256879412222222,1.0,0.0,26.5355,26.5355,0.500077385,0.15508308999999998
e08c4940e,5,9.4,0.7534258740333334,1.0,0.0,128.93699999999998,123.05999999999999,0.27294804,0.1487071048
e093c4886,1,10.0,0.7814841109999999,1.0,0.0,221.71799999999996,221.71799999999996,0.29804605,0.03269164
e09807e6e,1,10.0,0.819863067,1.0,0.0,112.82400000000001,112.82400000000001,0.33125344,0.038978055
e0a797901,2,10.0,0.7530718875,1.0,0.0,84.3165,84.3165,0.20450848500000002,0.056148111
e0be7da0d,5,9.4,0.7154938588722223,1.0,0.0,34.7468,25.096999999999998,0.17138882,0.0813965404
e0bf99ea2,1,10.0,0.7482394099999999,1.0,0.0,164.461,164.461,0.4881871,0.07622269
e0d18f038,4,10.0,0.76693009425,1.0,0.0,85.6505,85.30799999999999,0.2582105475,0.14647179
e0dbd7901,6,10.0,0.7745228123333333,1.0,0.0,53.59083333333333,28.7765,0.41899496166666667,0.16252895666666667
e0e241d57,11,8.363636363636363,0.7832528080097402,1.0,0.0,131.52327272727274,118.717,0.2723724563636364,0.10511089972727274
e0e8d63df,2,9.0,0.72934160375,1.0,0.0,155.8535,155.8535,0.21686218499999999,0.039918485
e0ee00f9a,2,7.5,0.7836945225,1.0,0.0,140.855,140.855,0.33478883000000004,0.12569372299999998
e0efe2c72,4,8.75,0.7959836471874999,1.0,0.0,84.30749999999999,83.624,0.2003188235,0.059489101749999995
e0f46aa3e,4,7.0,0.7987753348958333,1.0,0.0,43.489,35.372,0.355079765,0.16976585249999998
e10252ca3,2,10.0,0.713642269,1.0,0.0,66.971,66.971,0.31916615000000004,0.090578677
e1052f933,10,9.7,0.7835706524,1.0,0.0,23.4019,17.659999999999997,0.34801894899999997,0.13256443499999998
e11e6cf89,2,8.5,0.7887614772142857,1.0,0.0,25.8335,25.8335,0.516248715,0.061524451499999994
e12797ab1,3,10.0,0.7326589269999998,1.0,0.0,15.306,16.19,0.38753818666666673,0.31552781
e128e9022,1,10.0,0.778166128,1.0,0.0,21.979,21.979,0.3574022,0.09920222
e133ab2f1,4,10.0,0.7488793542500001,1.0,0.0,166.43625,175.30700000000002,0.2773412325,0.0636580735
e13488562,3,8.0,0.7667509736375662,1.0,0.0,158.314,156.625,0.13239410666666668,0.012914008
e152df77a,11,9.454545454545455,0.7713737767164502,1.0,0.0,95.88581818181818,85.27,0.19065281818181817,0.05535584758181818
e15353d1b,5,9.8,0.7635516626444445,1.0,0.0,19.5182,19.865,0.23870016,0.1348997052
e156e8aa0,1,10.0,0.840334352,1.0,0.0,154.115,154.115,0.2913408,0.1742976
e15b26ed8,5,8.2,0.7566419050666667,1.0,0.0,41.7512,14.733999999999998,0.535106314,0.37116728600000004
e16882f44,6,9.5,0.807073441952381,1.0,0.0,21.12433333333333,21.1635,0.5947389433333333,0.32742224999999997
e19ee42ce,4,10.0,0.7515977735,1.0,0.0,103.49625,85.531,0.451132525,0.1332340775
e1a2d9477,11,9.090909090909092,0.7604829234696969,1.0,0.0,164.887,159.558,0.31328900545454547,0.1518537050909091
e1c40a1eb,3,10.0,0.7775906876666666,1.0,0.0,41.656,43.499,0.25894508666666666,0.07781246333333333
e1cd176b5,5,9.8,0.7458995925111112,1.0,0.0,149.524,152.185,0.343524926,0.1893828784
e1cd37f6c,4,8.75,0.7591518037013889,1.0,0.0,79.82124999999999,71.408,0.2381040875,0.11824306500000001
e1d1b893a,4,9.75,0.7448278710833333,1.0,0.0,71.74325,16.44,0.36528942999999997,0.36223119000000004
e1d40ecc1,1,7.0,0.7588694742857143,1.0,0.0,239.385,239.385,0.15794694,0.21826223
e1d86f0b6,4,9.0,0.7504270495833334,1.0,0.0,102.35624999999999,105.16449999999999,0.230754625,0.21379616825
e1e2b0af4,11,8.454545454545455,0.7505852063434343,1.0,0.0,117.96963636363635,116.288,0.2834307109090909,0.11446785136363635
e1f08c5b2,2,9.5,0.7841274752222221,1.0,0.0,133.66950000000003,133.66950000000003,0.22437126500000001,0.09677935
e1f0c1add,5,8.8,0.7358865605777778,1.0,0.0,103.55739999999999,116.33999999999999,0.225118966,0.06727962299999998
e218c632b,6,9.333333333333334,0.7434645861798942,1.0,0.0,122.17216666666667,120.63,0.177319315,0.05914544916666667
e2198e9c3,1,9.0,0.7670391966666668,1.0,0.0,82.54299999999999,82.54299999999999,0.15032107,0.037161354
e21d09b79,2,9.5,0.703331267888889,1.0,0.0,192.54649999999998,192.54649999999998,0.246731645,0.09981989
e21ecf520,5,9.6,0.793806861,1.0,0.0,114.61860000000001,81.385,0.23004855800000001,0.16437738159999998
e2205b952,7,10.0,0.7570333787142857,1.0,0.0,135.5617142857143,154.386,0.21598868714285713,0.06274466199999999
e22b9edd0,3,10.0,0.788351154,1.0,0.0,99.74533333333333,82.267,0.22904794666666664,0.04783790066666666
e239373ff,2,9.5,0.7574954531666667,1.0,0.0,118.01749999999998,118.01749999999998,0.16038741,0.020498681499999998
e246ecfdc,2,10.0,0.7651049605,1.0,0.0,179.834,179.834,0.42945265,0.07457509600000001
e24a04c10,7,9.142857142857142,0.7773294821944444,1.0,0.0,108.56914285714285,111.844,0.1312148237142857,0.07920404707142857
e24a30aaa,1,10.0,0.7639567439999999,1.0,0.0,140.851,140.851,0.11279572,0.27354318
e24b153bb,5,8.8,0.7645904063714285,0.8,0.0,155.84980000000002,155.53799999999998,0.223619956,0.043139552000000005
e25112cac,3,8.0,0.7546605034722221,1.0,0.0,72.73233333333333,79.763,0.2766227433333333,0.09504701933333333
e25d4dcb1,1,10.0,0.8040958970000001,1.0,0.0,159.973,159.973,0.55924827,0.110405475
e267af6d8,1,8.0,0.7663668625,1.0,0.0,246.071,246.071,0.25206292,0.10830732
e276617a4,3,9.333333333333334,0.7549273031666667,1.0,0.0,131.18366666666665,125.63900000000001,0.41439455,0.18863049666666665
e27ac6865,13,9.923076923076923,0.7913713472051283,1.0,0.0,165.3110769230769,159.934,0.40403930384615383,0.13153953484615385
e282d2bdf,3,10.0,0.7446898439999999,1.0,0.0,119.62466666666666,120.18099999999998,0.23245974333333333,0.12793386399999998
e28bad751,6,8.666666666666666,0.7554074737268518,1.0,0.0,147.66416666666666,122.59549999999999,0.20989987333333335,0.13524751666666668
e298c61fc,2,8.0,0.778670303809524,1.0,0.0,144.3495,144.3495,0.170533985,0.061933573500000005
e29fd3f0a,4,10.0,0.74610107175,1.0,0.0,175.88325,173.751,0.2572071775,0.05504249025
e2a9dd71a,1,9.0,0.7499196744444443,1.0,0.0,157.22799999999998,157.22799999999998,0.35820645,0.21682027
e2aa20dbd,1,9.0,0.6713926377777778,1.0,0.0,89.716,89.716,0.45477852,0.29157397
e2b5913e7,3,9.666666666666666,0.761193573,1.0,0.0,46.60066666666666,49.358,0.41868958666666667,0.15646554
e2b705117,2,8.5,0.8093542437142858,1.0,0.0,191.7955,191.7955,0.32526868,0.17367527
e2bb56954,1,10.0,0.7190918839999999,1.0,0.0,159.36999999999998,159.36999999999998,0.3398551,0.21914446
e2bcb9213,14,8.785714285714286,0.7507881773962585,1.0,0.0,129.33664285714286,138.1205,0.28182943964285717,0.09729993885714286
e2c1b469e,5,8.2,0.7733480626285715,1.0,0.0,96.4356,80.638,0.284968338,0.15580991900000002
e2c365994,5,10.0,0.8201674982,1.0,0.0,99.0996,78.895,0.334757988,0.1386923354
e2cf62da9,5,9.2,0.7599255076825397,1.0,0.0,164.7806,161.84799999999998,0.36710407,0.26337148800000004
e2db9e1eb,3,7.666666666666667,0.7651710697685186,1.0,0.0,120.48066666666666,149.64999999999998,0.2268424533333333,0.110718308
e2e5b8ae2,2,10.0,0.7393358595,1.0,0.0,216.088,216.088,0.46363376500000003,0.189646205
e2e7a93fe,1,6.0,0.8031383533333333,1.0,0.0,198.13699999999997,198.13699999999997,0.2297459,0.056493577
e2f1f5377,2,9.0,0.782819605,1.0,0.0,84.3755,84.3755,0.36678433,0.14455429
e2f5253f7,1,10.0,0.7017122650000001,1.0,0.0,25.076,25.076,0.22068512,0.13061354
e2f718e94,1,10.0,0.730096459,1.0,0.0,191.99899999999997,191.99899999999997,0.17455994,0.015732408
e2fbb0332,3,10.0,0.8450453393333333,1.0,0.0,171.244,196.75,0.2881732833333333,0.13570410866666668
e303359a7,4,8.0,0.8078833909444445,1.0,0.0,199.96574999999999,219.4545,0.114192185,0.0883194595
e315452b5,2,10.0,0.7524880235,1.0,0.0,155.039,155.039,0.291081645,0.0869895315
e317b2a73,5,9.8,0.8249767615111111,1.0,0.0,83.3562,80.112,0.291617642,0.1567464438
e31df86bc,2,9.5,0.7296756291111111,1.0,0.0,85.42199999999998,85.42199999999998,0.15195235499999998,0.050334500000000004
e31e27ce7,2,8.5,0.7925057190972222,1.0,0.0,135.147,135.147,0.22340770999999998,0.05068505
e32467940,1,10.0,0.8686481950000001,1.0,0.0,204.707,204.707,0.12273378,0.0065406975
e32c29f03,5,7.8,0.7018215250277777,1.0,0.0,115.9982,119.577,0.253585354,0.089473234
e32f5a36f,2,7.0,0.6952335085714286,1.0,0.0,115.66149999999999,115.66149999999999,0.388476325,0.279019585
e333feca8,11,9.272727272727273,0.7574406679440837,1.0,0.0,151.46645454545452,190.011,0.4171901081818181,0.15642259227272726
e375cb119,1,10.0,0.87733545,1.0,0.0,155.354,155.354,0.31166244,0.092348546
e37f4aa07,1,10.0,0.7693181809999999,1.0,0.0,161.29399999999998,161.29399999999998,0.28728372,0.060613945
e3883d4f0,2,10.0,0.753973929,1.0,0.0,102.6215,102.6215,0.26317813,0.084207835
e3935c62d,15,9.2,0.78520272525,1.0,0.0,72.12773333333332,25.761,0.37214163533333333,0.1120222826
e3a29829f,2,9.0,0.7541725183333334,1.0,0.0,125.27899999999998,125.27899999999998,0.25033636,0.11729661499999999
e3a5332ce,3,9.0,0.7419198874074073,1.0,0.0,50.26733333333333,23.939999999999998,0.27236049,0.17205001666666667
e3acd4da3,6,8.5,0.7645386402222222,1.0,0.0,160.254,155.25849999999997,0.17421762733333335,0.07434023133333333
e3ae90795,7,9.285714285714286,0.7817919029365079,1.0,0.0,26.818571428571428,23.338,0.24548686285714286,0.11789626042857142
e3b6b7d2e,14,8.714285714285714,0.7863676547956349,1.0,0.0,102.8387857142857,114.03699999999999,0.25017406285714283,0.07968112414285713
e3d10f7cc,1,10.0,0.80594963,1.0,0.0,190.983,190.983,0.10179125,0.035691284
e3d9dc96d,1,9.0,0.7493225433333335,1.0,0.0,83.49099999999999,83.49099999999999,0.21187024,0.03090156
e3e339d6f,1,10.0,0.782024311,1.0,0.0,118.27600000000001,118.27600000000001,0.2639682,0.094961375
e3e66cb5a,4,10.0,0.79718580275,1.0,0.0,136.8945,137.8485,0.26109366,0.08447109575
e3f28534a,5,7.4,0.7737985959492064,1.0,0.0,127.81599999999999,118.875,0.18738608,0.0511681046
e3f51f5e0,3,10.0,0.7608107436666667,1.0,0.0,142.63366666666667,151.39000000000001,0.2713017066666667,0.14088334333333333
e3f841674,1,9.0,0.7587252811111111,1.0,0.0,19.647,19.647,0.15028486,0.22574142
e3fa09b97,5,10.0,0.7633854516,1.0,0.0,99.29719999999999,87.398,0.261125142,0.1283538232
e3fa5b2be,1,9.0,0.8076913066666667,1.0,0.0,115.70299999999999,115.70299999999999,0.101820976,0.0125969
e3fb26abc,1,10.0,0.7756671099999999,1.0,0.0,54.662,54.662,0.21443552,0.11949358
e40073625,4,9.25,0.7656518001458334,1.0,0.0,103.59275,86.2885,0.18508615,0.04662776925
e40290fa0,1,10.0,0.769301663,1.0,0.0,51.471999999999994,51.471999999999994,0.6648005,0.3530177
e402f3b2f,3,8.333333333333334,0.7862423873809523,1.0,0.0,142.86233333333334,122.37,0.19614720833333332,0.03938333966666666
e40368c38,4,9.75,0.7263428375000001,1.0,0.0,186.05599999999998,194.367,0.2544658575,0.07847728100000001
e40a90daa,4,7.75,0.746875215279762,1.0,0.0,113.40775,103.309,0.212606345,0.09264098225
e42a8863f,1,7.0,0.7925432071428571,1.0,0.0,190.47899999999998,190.47899999999998,0.45790222,0.33216524
e42dc215d,1,10.0,0.83752563,1.0,0.0,159.28,159.28,0.11425165,0.021837622
e42fd0fed,9,9.555555555555555,0.7587272829911816,1.0,0.0,111.51655555555554,154.52599999999998,0.29857636,0.08815084633333332
e4406b18a,1,10.0,0.699408804,1.0,0.0,162.511,162.511,0.19064908,0.0842324
e4424b719,1,10.0,0.7917513389999999,1.0,0.0,194.054,194.054,0.17024888,0.09567803
e442c149f,4,10.0,0.7909576687500001,1.0,0.0,93.68549999999999,94.493,0.165785585,0.07954320275
e4460cb03,5,9.0,0.7778588886222222,1.0,0.0,178.9638,194.45999999999998,0.268817702,0.09251256320000001
e454518b8,5,9.6,0.7758625020222223,1.0,0.0,115.8538,118.743,0.248118712,0.0928953914
e456bf863,3,10.0,0.787587229,1.0,0.0,106.569,116.201,0.22929130666666667,0.21574748666666665
e46373e2e,2,9.0,0.7023096796249999,1.0,0.0,133.28699999999998,133.28699999999998,0.27997435,0.090462077
e464e666d,1,10.0,0.744393629,1.0,0.0,88.32699999999998,88.32699999999998,0.27845228,0.058430232
e464fcd4b,4,8.0,0.8418162876190477,1.0,0.0,72.33349999999999,40.649499999999996,0.1979203685,0.12918400875000002
e468bfbca,1,8.0,0.81692225,1.0,0.0,194.766,194.766,0.120264694,0.058272634
e470b6bd3,24,10.0,0.8096085180416667,1.0,0.0,97.309625,83.4965,0.48133459708333337,0.155343224375
e472219f1,2,7.5,0.7651540530000001,1.0,0.0,169.97699999999998,169.97699999999998,0.26576334999999995,0.03707859625
e481cf862,2,9.0,0.79528769575,1.0,0.0,22.03,22.03,0.42045490500000005,0.13609846
e48598033,2,7.0,0.7695876242857143,1.0,0.0,103.5375,103.5375,0.30780928,0.21563837000000002
e493537b3,3,9.666666666666666,0.7760160672962962,1.0,0.0,55.335,54.074,0.2640722166666667,0.05223243933333333
e4941c40c,5,9.6,0.7931222897111112,1.0,0.0,113.97439999999999,150.039,0.219241684,0.128224925
e4a48ef49,12,8.416666666666666,0.8086699750370371,0.9166666666666666,0.0,108.99316666666665,104.0095,0.2779795033333333,0.05731566808333333
e4abb93bf,2,10.0,0.7794408709999999,1.0,0.0,196.19899999999998,196.19899999999998,0.39956249999999993,0.1144641
e4afff6dd,19,9.157894736842104,0.7853905744411027,1.0,0.0,105.31963157894737,119.70599999999999,0.4134291763157895,0.14400315415789475
e4b1b7afe,1,10.0,0.764022877,1.0,0.0,54.434999999999995,54.434999999999995,0.31681883,0.12348248
e4b550d46,10,9.1,0.7724973222416667,1.0,0.0,104.821,69.34,0.362694961,0.1237850341
e4b90955c,4,9.5,0.78433491025,1.0,0.0,146.3105,138.2545,0.337276095,0.1158794875
e4c9325d9,4,8.5,0.7615208220833334,1.0,0.0,109.63425000000001,99.81750000000001,0.195444245,0.15262556725
e4dd90768,8,9.375,0.7832111845277778,1.0,0.0,116.821375,114.55350000000001,0.23900253625,0.120637525375
e4deffd71,13,10.0,0.7981947045384616,1.0,0.0,175.65492307692304,185.99399999999997,0.30513827615384614,0.04960120553846154
e4e5ea1d2,5,8.2,0.765804295904762,1.0,0.0,76.01219999999999,86.41499999999999,0.195171444,0.053936869799999995
e4eccb132,6,8.5,0.769711967888889,0.8333333333333334,0.0,118.16366666666666,97.494,0.25132506833333335,0.08356457316666667
e4ece4eca,2,8.5,0.7904783931249999,1.0,0.0,110.177,110.177,0.232747865,0.173847125
e4efae0f1,3,10.0,0.7373227343333334,1.0,0.0,53.148666666666664,52.712,0.3140368433333333,0.1316077853333333
e4f117930,3,9.666666666666666,0.7448689734444445,1.0,0.0,82.91633333333333,47.98299999999999,0.6080352433333333,0.3562812633333334
e4fb514b2,4,10.0,0.88176332925,1.0,0.0,147.024,136.66500000000002,0.31653609250000003,0.0855257155
e50174698,5,8.6,0.7986059402571428,1.0,0.0,140.9554,154.506,0.173855975,0.0805808902
e50570999,14,8.785714285714286,0.7913677306617827,0.9285714285714286,0.0,86.94564285714286,84.2775,0.2354315607142857,0.07274371478571429
e5155cda1,3,9.333333333333334,0.7471260726296296,1.0,0.0,54.705000000000005,23.256,0.3901309933333333,0.08609831066666666
e5164d828,2,10.0,0.7845853840000001,1.0,0.0,120.281,120.281,0.22289198500000001,0.1096514055
e5317b212,9,9.666666666666666,0.7843544711419752,1.0,0.0,106.59611111111111,86.16799999999999,0.22789917999999998,0.08865627633333334
e53933782,8,9.625,0.7841151362500001,1.0,0.0,145.14225,160.89299999999997,0.23663192824999998,0.107234219625
e54866fe5,1,10.0,0.716784461,1.0,0.0,79.497,79.497,0.17675063,0.03954528
e554a9066,2,8.0,0.7495629583333333,1.0,0.0,99.398,99.398,0.37482649,0.15003136
e570d64ac,4,9.5,0.7597526646388889,1.0,0.0,94.951,119.29650000000001,0.24147665999999998,0.083182375
e58225b2e,2,9.5,0.7461827411111112,1.0,0.0,236.9465,236.9465,0.17136806799999998,0.088669232
e585b064b,2,10.0,0.8354016475000001,1.0,0.0,140.6395,140.6395,0.39342396,0.117233025
e58a12b66,1,9.0,0.7676583133333333,1.0,0.0,23.609,23.609,0.26447725,0.123655915
e58bebf13,7,10.0,0.7846465177142857,1.0,0.0,42.076428571428565,48.586999999999996,0.38880164,0.21027648000000002
e58dd05c8,1,9.0,0.7564346355555556,1.0,0.0,120.41399999999999,120.41399999999999,0.26308393,0.07965767
e58eb3249,3,10.0,0.776329162,1.0,0.0,106.10933333333332,118.011,0.2203829833333333,0.11824998800000001
e5962e049,1,10.0,0.7505190560000001,1.0,0.0,78.20299999999999,78.20299999999999,0.26300502,0.01154594
e59c8fc76,13,9.23076923076923,0.7648320501047009,1.0,0.0,117.88453846153847,118.83099999999999,0.2686593684615385,0.17079519199999998
e5a2e7156,4,10.0,0.7525996355,1.0,0.0,117.7905,116.356,0.2559137775,0.0698074015
e5bb33a17,8,8.875,0.7555339667728175,1.0,0.0,52.30987499999999,55.022999999999996,0.2721072275,0.089440916125
e5cecf5df,4,10.0,0.8745891667500001,1.0,0.0,128.98775,121.40549999999999,0.4181581025,0.127501286
e5cf352b2,3,10.0,0.7800345736666667,1.0,0.0,117.06299999999999,123.22999999999999,0.35814864333333335,0.17413299666666668
e5e06c8dd,3,9.666666666666666,0.799530583925926,1.0,0.0,110.45833333333333,84.119,0.39679514,0.16036535999999998
e5e083218,2,10.0,0.7505809665000001,1.0,0.0,234.89049999999997,234.89049999999997,0.189575095,0.0845520645
e5ea737ec,2,9.5,0.6927919718888889,1.0,0.0,59.355999999999995,59.355999999999995,0.35415911,0.124921855
e5ffc0a9d,5,10.0,0.8314748394,1.0,0.0,126.8922,154.554,0.2152353588,0.0650537654
e6151d695,1,10.0,0.7533002849999999,1.0,0.0,194.081,194.081,0.23803528,0.039281998
e61aceb9e,3,8.333333333333334,0.7389862400595238,1.0,0.0,95.09933333333333,109.585,0.2638644353333333,0.13037108
e61d62489,5,9.8,0.7795127209777778,1.0,0.0,164.32659999999998,144.504,0.22117738199999998,0.0574054822
e62224eeb,4,9.25,0.7650977319444445,1.0,0.0,81.57125,37.9415,0.3199284325,0.13809371
e625fc4f4,1,10.0,0.766159968,1.0,0.0,23.267000000000003,23.267000000000003,0.38655105,0.11992716
e6292a7b6,5,9.6,0.7703402335555556,1.0,0.0,77.45840000000001,83.762,0.408876712,0.172358508
e62c62127,3,10.0,0.7366042536666667,1.0,0.0,21.820999999999998,21.999999999999996,0.4063628566666666,0.15243073333333335
e62e5aa26,9,9.11111111111111,0.7654739070119048,1.0,0.0,163.5041111111111,193.212,0.23587803999999998,0.102571913
e633386b0,1,10.0,0.806418585,1.0,0.0,119.173,119.173,0.112055026,0.08855027
e6335223e,1,10.0,0.7386217509999999,1.0,0.0,160.34099999999998,160.34099999999998,0.44610408,0.13891779
e6335f2ee,10,9.7,0.7777016588333334,1.0,0.0,99.5658,89.4925,0.26697482699999997,0.127843387
e633a6647,1,10.0,0.772030119,1.0,0.0,123.977,123.977,0.1810809,0.05428373
e63a7dd84,1,7.0,0.7709269042857142,1.0,0.0,195.171,195.171,0.19927731,0.12119857
e63eea2f7,2,9.0,0.7473505031250001,1.0,0.0,169.361,169.361,0.332784655,0.162200835
e65375c05,5,8.4,0.7510924833873016,1.0,0.0,120.4088,118.10999999999999,0.1956160912,0.1041692466
e653e3c51,4,9.5,0.727806553375,1.0,0.0,122.10224999999998,124.5505,0.19138815,0.029786108250000002
e66a993a5,16,9.875,0.7785321758472222,1.0,0.0,103.24381249999999,97.42049999999999,0.178012625,0.059914503375
e66ee4be8,2,10.0,0.812442053,1.0,0.0,19.516,19.516,0.65468218,0.2006845
e678bcc42,1,10.0,0.770483705,1.0,0.0,155.44,155.44,0.21207424,0.053792316
e67b88329,3,10.0,0.7752510373333333,1.0,0.0,157.96666666666667,157.31699999999998,0.2845755266666667,0.11353914
e681e0cbf,4,10.0,0.7817672042500001,0.75,0.0,35.43875,34.671,0.4580846725,0.2904050125
e69dd7d09,3,8.333333333333334,0.7064890446666666,0.6666666666666666,0.0,88.71166666666666,47.527,0.19398474000000002,0.08782865633333332
e69df38b4,4,10.0,0.858187461,1.0,0.0,74.97425,82.7635,0.38890062000000003,0.10004769375
e6b28fc29,2,10.0,0.761974412,1.0,0.0,228.79899999999998,228.79899999999998,0.35445588,0.056905960000000005
e6b64b212,4,7.75,0.790993060797619,1.0,0.0,101.75,117.547,0.23251035250000002,0.1635015615
e6c3faeed,1,10.0,0.8047048350000001,1.0,0.0,240.854,240.854,0.43384573,0.17826001
e6d358f70,2,10.0,0.7143493795,1.0,0.0,193.87399999999997,193.87399999999997,0.24954885999999998,0.029136316500000002
e6d59d514,1,10.0,0.765796653,1.0,0.0,118.756,118.756,0.21469153,0.080601096
e6d60a265,1,10.0,0.7472016850000001,1.0,0.0,53.248,53.248,0.14916879,0.106771804
e6e4a6f37,2,10.0,0.7458581935,1.0,0.0,183.05499999999998,183.05499999999998,0.181548625,0.059752516500000005
e6f4d14a0,4,8.0,0.7732829150833334,1.0,0.0,146.7105,135.737,0.15244352249999998,0.05844734965
e6ff21b7e,1,8.0,0.76723868625,1.0,0.0,80.119,80.119,0.069180794,0.015264126
e6ff63097,4,10.0,0.8181420425000001,1.0,0.0,158.17974999999998,156.83249999999998,0.5330020675,0.14710158375
e7020fa9a,4,10.0,0.81257694075,1.0,0.0,60.12299999999999,51.233999999999995,0.2251687925,0.1150109025
e7176bba4,1,8.0,0.7841143049999999,1.0,0.0,23.637,23.637,0.42995912,0.16486625
e72120027,5,9.8,0.7659029248444444,1.0,0.0,64.54220000000001,59.259,0.314755338,0.062121694400000003
e73545fe5,2,9.0,0.7813614733333334,1.0,0.0,100.05799999999999,100.05799999999999,0.3537304,0.039399535
e73b8f98b,5,9.2,0.80413550125,1.0,0.0,69.7582,83.675,0.33642463,0.08544918500000001
e742a643d,9,9.555555555555555,0.7559510503703702,1.0,0.0,55.92255555555555,49.284,0.4167150244444444,0.18968104444444445
e748f52b7,1,10.0,0.756481588,1.0,0.0,249.957,249.957,0.3284381,0.046248175
e74dd0579,5,8.8,0.7633113673206349,0.6,0.0,75.43839999999999,48.141999999999996,0.332354628,0.196521523
e754315db,1,8.0,0.77669672625,1.0,0.0,23.68,23.68,0.23780741,0.13050428
e758e4c0c,9,9.11111111111111,0.7495918442685184,1.0,0.0,106.49433333333333,113.70699999999998,0.1976005772222222,0.06138118622222222
e76929e2b,2,10.0,0.8282059260000001,1.0,0.0,127.3785,127.3785,0.29608723000000003,0.222869913
e76b8eeb2,3,9.333333333333334,0.8126262492962962,1.0,0.0,75.08733333333333,53.762,0.23847554999999998,0.096571858
e772235aa,1,10.0,0.82488642,1.0,0.0,116.782,116.782,0.22130537,0.11095997
e778cd78b,1,7.0,0.7996439028571428,1.0,0.0,185.183,185.183,0.12754788,0.07486922
e77941c00,3,8.666666666666666,0.7935350099999999,0.6666666666666666,0.0,122.91633333333334,77.24799999999999,0.20994646333333333,0.08214791933333333
e77b5a78f,1,10.0,0.8052503249999999,1.0,0.0,23.413,23.413,0.669365,0.20810911
e78e9736a,5,8.6,0.7299069682,1.0,0.0,176.3926,158.80499999999998,0.250871334,0.11253902280000001
e7a74fca8,4,8.25,0.7563529671607143,1.0,0.0,91.29175000000001,71.21,0.222745265,0.06922790575
e7a8fea6b,3,9.666666666666666,0.7667680572962962,1.0,0.0,161.46699999999998,120.321,0.3259586133333333,0.120194996
e7b201da2,3,7.333333333333333,0.7856116895833334,1.0,0.0,98.88866666666668,120.468,0.18504061666666669,0.062052676333333334
e7b44276b,1,7.0,0.7806489114285714,1.0,0.0,154.583,154.583,0.13245325,0.10264977
e7b5ed1a2,5,8.8,0.7898573815,1.0,0.0,92.95359999999998,85.45499999999998,0.100952292,0.0497185724
e7c1eb9ec,2,9.5,0.7344680247777778,1.0,0.0,155.23699999999997,155.23699999999997,0.20184575999999999,0.1731175765
e7cecd5d2,3,8.333333333333334,0.7739989293055555,1.0,0.0,85.05533333333334,84.444,0.11335726533333333,0.073250628
e7d595174,2,9.5,0.7894741568888889,1.0,0.0,138.495,138.495,0.18165601,0.0296999655
e7d9a3d7e,2,10.0,0.763592211,1.0,0.0,158.76299999999998,158.76299999999998,0.321504605,0.13335225
e7da5a824,2,9.5,0.7741040362222222,1.0,0.0,90.976,90.976,0.349348905,0.10937666
e7e1904f4,3,8.0,0.7450228922949735,0.6666666666666666,0.0,74.54166666666666,83.03899999999999,0.19649740999999998,0.072774298
e7e23bfbf,3,9.666666666666666,0.7714936669629631,1.0,0.0,69.356,25.331,0.4243874633333333,0.18967510666666665
e7fae9937,2,7.5,0.7839593019642856,1.0,0.0,73.662,73.662,0.23388392,0.045679724
e7fdf6d1c,6,9.666666666666666,0.7695729442916667,1.0,0.0,139.09216666666666,154.7335,0.19893258333333333,0.05804139116666666
e80066a19,1,10.0,0.75105297,1.0,0.0,203.136,203.136,0.48985752,0.24084103
e808828dc,2,10.0,0.8557557014999999,1.0,0.0,191.572,191.572,0.254158565,0.11739791
e808d9fee,2,9.5,0.7832171737222222,1.0,0.0,17.8345,17.8345,0.1884221,0.215935435
e809de3b9,8,9.125,0.77215953921875,1.0,0.0,114.57575,101.35799999999999,0.20244185875,0.077062344875
e809f1cb5,17,8.529411764705882,0.7582345454246032,1.0,0.0,79.32982352941177,49.995999999999995,0.25061764941176473,0.10197200717647059
e81c6347b,1,5.0,0.842516466,1.0,0.0,194.028,194.028,0.2965469,0.06241925
e825b8b9f,2,10.0,0.722709601,1.0,0.0,197.853,197.853,0.38096603500000004,0.263376085
e827bee5e,1,10.0,0.718518052,1.0,0.0,190.849,190.849,0.4983034,0.10284426
e83f846eb,6,8.5,0.7271262123148148,1.0,0.0,149.115,196.0365,0.18630561833333334,0.06429934050000001
e849142b2,1,10.0,0.7837702639999999,1.0,0.0,121.837,121.837,0.32874796,0.1338883
e86af84c5,3,10.0,0.8118338703333333,1.0,0.0,54.55366666666666,25.782999999999998,0.36017704333333334,0.14003259999999998
e89692f96,5,9.0,0.7547671361777778,1.0,0.0,134.8062,123.999,0.204450838,0.0821019774
e899d33d5,2,10.0,0.8147946804999999,1.0,0.0,194.9495,194.9495,0.28166054,0.16342166000000002
e8a1f3d1b,1,10.0,0.795975888,1.0,0.0,91.55999999999999,91.55999999999999,0.32204548,0.20438778
e8be13bdf,6,8.166666666666666,0.7683591190119047,1.0,0.0,72.73083333333334,60.94899999999999,0.19716697500000002,0.08722616724999999
e8c9545c7,1,9.0,0.7531147266666667,1.0,0.0,155.956,155.956,0.32434484,0.053201657
e8d0907ae,5,10.0,0.8048892952,1.0,0.0,171.59599999999998,158.319,0.22588904799999998,0.0764308032
e8d0eedf7,1,10.0,0.719169779,1.0,0.0,158.137,158.137,0.19986026,0.052868254
e8dc8fa13,6,9.166666666666666,0.7981672482083333,1.0,0.0,69.58316666666666,24.478499999999997,0.39709194500000006,0.2297635716666667
e8ee48e12,3,9.666666666666666,0.7415323705185185,1.0,0.0,117.43833333333332,145.53799999999998,0.21870792666666664,0.08390838610000001
e8f6ede8c,3,7.666666666666667,0.7144916926785715,1.0,0.0,68.42266666666667,24.978999999999996,0.19025176,0.32259784166666666
e8f7d9542,2,10.0,0.7675561735,1.0,0.0,123.74,123.74,0.42092710499999997,0.14428248
e8fdeb33e,3,8.666666666666666,0.775609470462963,1.0,0.0,166.37933333333334,192.159,0.28039540333333335,0.13709248799999998
e90451ea4,5,5.2,0.7366268133904762,0.8,0.0,153.8776,120.42499999999998,0.294715434,0.10027748439999999
e90930a27,3,9.0,0.77086451125,1.0,0.0,64.25266666666666,56.58899999999999,0.29447087666666666,0.09447447999999999
e909c484a,5,9.4,0.7852548461666666,1.0,0.0,125.9956,120.886,0.17484944819999998,0.08399237179999999
e910d17de,4,9.25,0.7424483988402778,1.0,0.0,174.0805,191.3025,0.2217224725,0.071084805
e911008b8,8,8.625,0.7529480424285715,1.0,0.0,115.96024999999999,122.97299999999998,0.241294418,0.105535700125
e92713811,1,10.0,0.6930136570000001,1.0,0.0,80.92299999999999,80.92299999999999,0.14546591,0.012313562
e92d3d4cf,4,8.25,0.7460360928571428,1.0,0.0,131.39849999999998,136.838,0.17542458500000002,0.08478581125
e92ed29c2,3,10.0,0.8274932706666666,1.0,0.0,201.45766666666665,223.103,0.3385296846666666,0.14624100533333334
e932a94c6,3,8.333333333333334,0.7991955315595239,1.0,0.0,183.14733333333334,194.902,0.17925957333333334,0.05301153433333333
e94581522,1,3.0,0.5816974266666667,1.0,0.0,192.65699999999998,192.65699999999998,0.09983831,0.008758238
e945a1e04,3,9.333333333333334,0.8148676975,1.0,0.0,182.70966666666664,194.289,0.26298518333333337,0.095553401
e94f842c0,2,9.0,0.775153544875,1.0,0.0,138.8105,138.8105,0.269876925,0.106264618
e95bb9197,2,7.0,0.736081268125,1.0,0.0,171.85649999999998,171.85649999999998,0.285432995,0.059672170000000004
e95d902dc,8,9.0,0.7517593445843254,1.0,0.0,51.15787499999999,25.241999999999997,0.3117769925,0.146027095875
e96c2483c,10,9.9,0.7869354100888889,1.0,0.0,61.639199999999995,53.29899999999999,0.349482552,0.12536420320000002
e97446c37,4,9.25,0.8125637348541666,1.0,0.0,43.984249999999996,43.97449999999999,0.24480036,0.05325528325
e976f3d3a,1,10.0,0.687081121,1.0,0.0,72.853,72.853,0.21323402,0.092863426
e97e1afc1,1,9.0,0.7778929577777778,1.0,0.0,151.406,151.406,0.2748117,0.06477627
e98593be6,5,8.2,0.7778111989333334,1.0,0.0,126.65259999999998,192.821,0.310381884,0.15031217579999998
e985acab0,5,9.0,0.7612879300698413,1.0,0.0,92.3588,82.658,0.243338836,0.0731217138
e98e609ac,7,9.571428571428571,0.776080426952381,1.0,0.0,79.52585714285715,52.370000000000005,0.2715055742857143,0.130122395
e995db95f,3,9.0,0.7463899703611111,1.0,0.0,164.9573333333333,187.99499999999998,0.27374788666666666,0.030851202000000005
e99c4a55d,1,10.0,0.827419057,1.0,0.0,77.06700000000001,77.06700000000001,0.20556879,0.027395962
e99eda1f6,3,10.0,0.7986881549999999,1.0,0.0,142.35266666666666,150.03199999999998,0.19043235333333333,0.018022748666666668
e9a854207,2,10.0,0.761039685,1.0,0.0,106.6685,106.6685,0.27829692500000003,0.042815937
e9ac456b3,1,10.0,0.8125005240000001,1.0,0.0,157.46699999999998,157.46699999999998,0.17602915,0.08099202
e9b641d69,14,8.214285714285714,0.8108674153744332,1.0,0.0,68.08685714285714,62.167,0.17159806135714284,0.05152533542857143
e9c78e9fb,1,10.0,0.771986087,1.0,0.0,118.939,118.939,0.3460187,0.069372185
e9cf01a21,2,10.0,0.7259396924999999,1.0,0.0,141.486,141.486,0.29745785,0.102173735
e9dec895b,1,9.0,0.7438322977777777,1.0,0.0,115.685,115.685,0.32531327,0.10097877
e9e263ee2,4,9.25,0.7716638467857143,1.0,0.0,115.2575,104.5525,0.23783954,0.07371689925
e9e4424a6,2,8.0,0.7707158166666667,1.0,0.0,36.2655,36.2655,0.40457388,0.059852313000000004
e9e82ad8f,2,10.0,0.844003066,1.0,0.0,68.14349999999999,68.14349999999999,0.201845815,0.0264481445
e9e9c9efe,3,10.0,0.7123014740000001,1.0,0.0,107.91899999999998,84.303,0.15211812866666666,0.033272064
e9ec4d543,14,9.714285714285714,0.8022588516814059,1.0,0.0,160.18599999999998,175.637,0.28786292757142856,0.07177334271428572
e9eeadf82,2,9.5,0.7723121628888889,1.0,0.0,86.6765,86.6765,0.31683813,0.170872958
e9fa49f8a,1,10.0,0.767456672,1.0,0.0,85.57199999999999,85.57199999999999,0.18040577,0.13090385
e9feaab54,5,9.2,0.7969726456388889,1.0,0.0,48.492999999999995,22.598,0.259613352,0.0831945892
ea03ccbba,4,10.0,0.8011421012500001,1.0,0.0,121.63225,119.5405,0.3875799425,0.27809573325000003
ea062393d,2,9.5,0.7648980438333334,1.0,0.0,135.32350000000002,135.32350000000002,0.21173467,0.179293535
ea087d248,1,10.0,0.7854360519999999,1.0,0.0,122.132,122.132,0.2639101,0.14134581
ea11b6f12,3,10.0,0.7520186883333334,1.0,0.0,112.27300000000001,84.17,0.25361756333333335,0.09117113933333333
ea1318971,4,9.75,0.760659444,1.0,0.0,173.35899999999998,187.8005,0.333553,0.052445457
ea159d8da,3,7.666666666666667,0.7789303758928572,1.0,0.0,74.88266666666667,53.432,0.36732539999999997,0.06740117466666666
ea1736eec,5,9.0,0.7628976018825397,1.0,0.0,152.459,155.007,0.37511964,0.21913793999999998
ea2542b58,2,10.0,0.7492628695000001,1.0,0.0,227.9125,227.9125,0.24062689,0.038371488999999995
ea303d329,5,8.6,0.7780203984,1.0,0.0,56.8886,52.071,0.182476102,0.0514735894
ea319fdec,5,10.0,0.7607175734,1.0,0.0,156.9766,189.84399999999997,0.337380382,0.09688300899999999
ea383096f,4,9.5,0.7984834147777777,1.0,0.0,53.982499999999995,40.797,0.2635210625,0.21660001
ea39ef3ae,3,9.666666666666666,0.7561396927037037,1.0,0.0,131.19433333333333,159.902,0.12891792666666665,0.02774887333333333
ea3de2587,3,10.0,0.765276922,1.0,0.0,121.13,154.703,0.11364025466666666,0.04093372533333333
ea3fe3286,1,10.0,0.73421844,1.0,0.0,188.0,188.0,0.1655605,0.22752512
ea433c341,2,8.0,0.7362071935,1.0,0.0,99.0025,99.0025,0.149312,0.07850515
ea4c18b67,3,10.0,0.8021656623333332,1.0,0.0,185.62833333333333,190.864,0.3638650766666667,0.19206329333333336
ea4cea375,3,9.333333333333334,0.7485448377407408,1.0,0.0,73.211,60.208,0.23457135666666665,0.16678820866666666
ea6129e3d,1,10.0,0.722740419,1.0,0.0,244.527,244.527,0.3270104,0.21730083
ea678fb08,2,6.5,0.82552589225,1.0,0.0,141.37149999999997,141.37149999999997,0.16563402,0.060559748
ea7ec0562,4,9.5,0.7253521866111112,1.0,0.0,130.0735,136.509,0.261947285,0.064370385
ea7fc7f4f,1,10.0,0.7447852589999999,1.0,0.0,152.756,152.756,0.29662767,0.13293444
ea9ad03dc,2,10.0,0.7921443795,1.0,0.0,19.8065,19.8065,0.398558455,0.111906
ea9d28227,3,9.666666666666666,0.7591553128148149,1.0,0.0,90.98700000000001,68.636,0.23082645333333332,0.074910812
ead547f1b,3,10.0,0.7744654006666667,1.0,0.0,20.054666666666666,20.782999999999998,0.5203381166666666,0.1907156866666667
ead9fb6b7,1,10.0,0.786398801,1.0,0.0,195.076,195.076,0.28849006,0.18730488
eada14618,1,10.0,0.8071531650000001,1.0,0.0,85.757,85.757,0.20685358,0.04946524
eadb7f25e,3,7.666666666666667,0.7475780193015873,1.0,0.0,84.887,82.865,0.30404536,0.11368044933333334
eaf13651e,1,10.0,0.805006064,1.0,0.0,51.593999999999994,51.593999999999994,0.15579997,0.042515785
eaf610cd0,5,8.0,0.7752403558214286,1.0,0.0,26.607399999999995,20.412999999999997,0.623925772,0.142475084
eb102e06d,3,8.333333333333334,0.7765833057777778,1.0,0.0,168.64700000000002,194.102,0.15751227,0.031318824333333335
eb1f799df,3,8.333333333333334,0.7700072357261906,1.0,0.0,110.85033333333335,85.956,0.2910910233333333,0.09214938066666667
eb21c0250,1,10.0,0.765389562,1.0,0.0,82.506,82.506,0.18362698,0.04032258
eb307c1f0,1,8.0,0.787135975,1.0,0.0,53.436,53.436,0.2099555,0.11369812
eb30d51aa,1,10.0,0.786418711,1.0,0.0,21.157,21.157,0.31733322,0.23785987
eb3101bcd,1,7.0,0.7479577528571429,1.0,0.0,117.59400000000001,117.59400000000001,0.13654992,0.12858526
eb350f2bc,1,10.0,0.8570176510000002,1.0,0.0,23.175,23.175,0.19061743,0.04039402
eb3b2ad1f,4,8.75,0.7596891861875,1.0,0.0,143.65825,150.3355,0.1608262725,0.04736075275
eb42f77fd,3,7.666666666666667,0.7567351647619048,1.0,0.0,157.33366666666666,156.658,0.22785563666666667,0.031993393
eb4c66e7a,5,9.6,0.7438651262,1.0,0.0,94.43839999999999,88.78299999999999,0.1146849118,0.029500520920000002
eb4eef57a,3,9.0,0.7655222196190477,1.0,0.0,169.57999999999998,155.736,0.16391503799999999,0.07316555466666667
eb4f09e0e,10,9.9,0.7753862363888888,0.9,0.0,150.8706,160.445,0.252895769,0.1287721115
eb652ec07,1,9.0,0.7175103288888889,1.0,0.0,56.491,56.491,0.25168923,0.04589147
eb6bb82fd,11,8.454545454545455,0.7253763126414141,0.9090909090909091,0.0,151.6381818181818,232.798,0.23317709454545454,0.07962822790909091
eb6c579d5,2,8.5,0.7511691086111112,1.0,0.0,175.2955,175.2955,0.20062154999999998,0.08436680499999999
eb6c692dc,6,7.666666666666667,0.7677944034761904,1.0,0.0,129.6648333333333,145.83249999999998,0.174094055,0.0758705151
eb6c84ec0,5,9.8,0.7615130620444445,1.0,0.0,117.12639999999999,88.113,0.315961916,0.15368478400000002
eb77432cd,4,10.0,0.76556336,1.0,0.0,123.23499999999999,123.82549999999999,0.24129449,0.1605702825
eb77ec282,5,8.0,0.7512731972103175,1.0,0.0,120.45519999999999,106.62,0.138243292,0.029483032399999998
eb79f1cfa,4,9.75,0.7735702717499999,1.0,0.0,117.9935,118.43249999999999,0.2309404175,0.07700961575
eb81b0503,4,9.5,0.7734505259375,1.0,0.0,130.453,138.56,0.17770342249999999,0.1043952635
eb8adeef1,1,10.0,0.7825708459999999,1.0,0.0,50.401999999999994,50.401999999999994,0.1567709,0.026132822
eb8aeff64,2,8.5,0.7951786335714286,1.0,0.0,53.94,53.94,0.53016326,0.19961846
eb90062ec,1,10.0,0.8490763210000001,1.0,0.0,155.75599999999997,155.75599999999997,0.44407058,0.15342014
eb900ff8a,11,9.454545454545455,0.7579597268535353,0.9090909090909091,0.0,133.1290909090909,119.44099999999999,0.23037431636363637,0.12160679927272727
eb9b9400e,2,7.5,0.79128203,1.0,0.0,20.0445,20.0445,0.18336559,0.16025852499999999
eba773cbe,5,9.0,0.7829108771333333,1.0,0.0,36.7276,16.407,0.159530166,0.047086369
ebae250e9,2,9.5,0.7594733655555557,1.0,0.0,117.96799999999999,117.96799999999999,0.25444598500000004,0.043010752
ebb74d225,10,8.7,0.7813321373888888,1.0,0.0,158.653,166.4015,0.30288341,0.1390668196
ebba4f83b,1,10.0,0.7992805080000001,1.0,0.0,195.58599999999998,195.58599999999998,0.18631086,0.031487253
ebbf04d10,2,10.0,0.765741984,1.0,0.0,52.486000000000004,52.486000000000004,0.432215865,0.107315388
ebcdfedd2,3,9.666666666666666,0.710906607925926,1.0,0.0,59.284333333333336,52.385,0.27400381333333335,0.07181259333333333
ebd78e1d4,3,9.666666666666666,0.7450954720740741,1.0,0.0,106.61000000000001,116.197,0.1463158,0.07269626800000001
ebdf19959,4,7.75,0.7890872842053572,1.0,0.0,145.79325,155.20600000000002,0.17443855,0.042458784
ebeebeee4,7,9.142857142857142,0.7392403037511338,1.0,0.0,150.51914285714287,155.93099999999998,0.31085639000000004,0.22866844571428574
ec040a1ef,9,9.222222222222221,0.7675436076790123,1.0,0.0,73.76388888888889,50.885999999999996,0.21977009111111112,0.09641761755555556
ec0ef9572,5,9.6,0.7379475169555556,1.0,0.0,102.9364,17.869,0.524694848,0.0949358308
ec0fd1a7e,2,10.0,0.8131980860000001,1.0,0.0,120.803,120.803,0.21407526999999998,0.046603864
ec13e5f25,6,9.0,0.7374657880978837,1.0,0.0,139.98616666666666,156.05599999999998,0.3935316766666666,0.13926915066666667
ec14446ba,9,9.777777777777779,0.7865158116388888,1.0,0.0,144.0907777777778,156.101,0.23399493555555553,0.16023642000000002
ec15875ea,5,10.0,0.8297290066,1.0,0.0,116.258,155.04999999999998,0.308460992,0.21373569720000002
ec182ebc4,3,8.0,0.7755892990555555,1.0,0.0,28.94966666666667,28.245,0.44947971000000003,0.15904935466666667
ec2bb7160,4,9.5,0.74041715575,1.0,0.0,135.605,132.94599999999997,0.36778875499999997,0.10695755
ec4089e58,2,8.5,0.7678170995,0.5,0.0,54.5,54.5,0.246999085,0.10474115750000002
ec40d007f,8,10.0,0.7496427958749999,1.0,0.0,149.942375,158.272,0.2090937725,0.09076639087499999
ec4849051,1,4.0,0.6685166475,0.0,0.0,114.91,114.91,0.23975554,0.09703434
ec496eb44,5,8.8,0.7563856794706348,1.0,0.0,49.4868,19.559,0.46936446600000004,0.19044519799999998
ec4ed9fe6,1,10.0,0.8042436399999999,1.0,0.0,50.108,50.108,0.15979512,0.10725284
ec53a8725,3,10.0,0.7722372986666667,1.0,0.0,43.41866666666667,23.843,0.5444161633333333,0.17814945333333335
ec5670386,2,8.5,0.7341653619285715,1.0,0.0,155.484,155.484,0.11852277850000001,0.0540225415
ec59f8c50,1,10.0,0.7924865170000001,1.0,0.0,192.398,192.398,0.29433587,0.07891086
ec7383d83,5,10.0,0.7655253642,1.0,0.0,122.31779999999999,114.908,0.291835006,0.05052370900000001
ec780b913,6,9.166666666666666,0.7946859037037037,1.0,0.0,15.3125,14.9865,0.33367923166666663,0.23752354833333333
ec7952240,1,10.0,0.8114657270000001,1.0,0.0,193.082,193.082,0.35142228,0.14920482
ec83e77f0,1,10.0,0.770856558,1.0,0.0,157.57199999999997,157.57199999999997,0.36958718,0.26257372
ec9da833d,1,10.0,0.7792425169999999,1.0,0.0,117.491,117.491,0.19354656,0.061654527
ecad4a875,14,9.071428571428571,0.7794992407108844,1.0,0.0,57.37149999999999,24.899,0.3448837735714286,0.13501827435714286
ecad98f44,1,10.0,0.7563350879999999,1.0,0.0,50.147,50.147,0.26873782,0.15176217
ecaf2b938,5,9.0,0.7915115315428571,1.0,0.0,164.54919999999998,156.82199999999997,0.230905898,0.16239162840000002
ecafbb542,6,9.666666666666666,0.8012437008703704,1.0,0.0,58.25966666666667,32.7655,0.5467908416666667,0.23126951666666665
ecb3e47a6,4,9.75,0.7506911340277778,1.0,0.0,190.0245,194.92149999999998,0.3186933925,0.1586893775
ecba82fc3,10,10.0,0.7784391354,1.0,0.0,125.66599999999998,156.375,0.2954681,0.1125196694
ecba83b43,2,10.0,0.7765700604999999,1.0,0.0,69.588,69.588,0.273972465,0.067160943
ecc64a258,1,10.0,0.821288744,1.0,0.0,116.43,116.43,0.20208275,0.15756157
ecd574ddb,7,9.571428571428571,0.7945252701428572,1.0,0.0,78.12271428571428,27.494999999999997,0.40995926857142856,0.1577024257142857
ecd83e25d,1,10.0,0.7853768870000001,1.0,0.0,76.16300000000001,76.16300000000001,0.28066254,0.1674037
ece3629b4,7,10.0,0.7933672048571428,1.0,0.0,182.99614285714284,190.64899999999997,0.35193750571428567,0.04372925057142857
ece82128e,4,9.0,0.7489508092896825,1.0,0.0,94.39525,77.686,0.18044132499999999,0.0693772825
eceb03b88,4,9.75,0.761966679638889,1.0,0.0,125.26924999999999,124.2475,0.2304313375,0.04785745075
ecf521843,4,8.75,0.7883182125833333,1.0,0.0,11.9565,12.6495,0.5612545875,0.3514516125
ecfcb4430,5,9.4,0.7659313040285715,1.0,0.0,61.08399999999999,82.53299999999999,0.34064225600000003,0.14205068499999998
ed0185e39,2,6.5,0.7246129529761905,1.0,0.0,154.6155,154.6155,0.1101401125,0.06794138
ed08c717d,1,10.0,0.805878806,1.0,0.0,27.298999999999996,27.298999999999996,0.27102318,0.07284079
ed10d7ee5,1,9.0,0.7709854844444445,1.0,0.0,158.446,158.446,0.31119582,0.04131703
ed1f38a40,1,10.0,0.75246556,1.0,0.0,191.947,191.947,0.33412045,0.035245504
ed29f6592,1,10.0,0.772556945,1.0,0.0,195.751,195.751,0.28388205,0.107440166
ed30f663e,2,10.0,0.7393127735,1.0,0.0,154.30249999999998,154.30249999999998,0.21679128,0.046198158
ed390241b,5,9.8,0.7617450488888889,1.0,0.0,108.144,82.103,0.272683928,0.0880159536
ed5631a9c,2,10.0,0.769647912,1.0,0.0,68.77449999999999,68.77449999999999,0.565318365,0.20759625
ed5b8276f,4,9.25,0.7993248039652778,1.0,0.0,107.37774999999999,116.74849999999999,0.2244939225,0.07784897375
ed5c2d9dd,1,10.0,0.816989978,1.0,0.0,115.91299999999998,115.91299999999998,0.26200542,0.04383455
ed6684f3a,6,9.5,0.7762482248148149,1.0,0.0,71.854,51.5305,0.25700096333333333,0.11723052566666668
ed74a9822,12,9.583333333333334,0.7933765254907407,1.0,0.08333333333333333,109.76791666666668,100.5555,0.25834720166666664,0.13158863058333334
ed7c0ebb1,1,10.0,0.8666478679999999,1.0,0.0,192.637,192.637,0.13335991,0.034006994
ed7cde89e,1,10.0,0.8206311270000001,1.0,0.0,115.09700000000001,115.09700000000001,0.1880729,0.18435657
ed81d1da8,2,9.5,0.7647179273888889,1.0,0.0,124.175,124.175,0.182658925,0.053234840000000005
ed97f6919,3,6.0,0.7560188661428572,1.0,0.0,120.02533333333332,122.78099999999999,0.21928376000000002,0.08535134866666666
ed9885dcd,2,7.0,0.7588511287499999,1.0,0.0,74.5255,74.5255,0.13142559,0.036810615000000005
ed9936705,7,9.428571428571429,0.7630467735034013,1.0,0.0,122.91957142857143,103.66300000000001,0.1827702378571429,0.04984966157142857
ed9d88a61,2,9.0,0.8020076,1.0,0.0,17.888499999999997,17.888499999999997,0.5108658150000001,0.15917447499999998
ed9daa1ae,2,7.0,0.7800585878571429,1.0,0.0,100.708,100.708,0.19556558000000002,0.09877726749999999
eda2151fa,4,9.25,0.744899702107143,1.0,0.0,178.12675,193.68349999999998,0.249130085,0.14498786575
eda415d15,3,10.0,0.8082370473333333,1.0,0.0,31.751,23.239,0.52143832,0.18594635
eda8eecc6,20,8.6,0.7634531146448413,1.0,0.0,138.1202,154.66750000000002,0.15991830575,0.06532258134999999
eda903960,6,8.0,0.7340806583703704,0.8333333333333334,0.0,77.7965,52.6795,0.3071007783333333,0.0817761605
edac63019,1,10.0,0.8658474120000001,1.0,0.0,158.224,158.224,0.4326677,0.31451613
edb154f1c,11,8.818181818181818,0.7755876962727272,0.9090909090909091,0.0,106.17518181818181,84.69999999999999,0.22259669036363636,0.0883155170909091
edba94b45,2,9.5,0.7582547683333334,1.0,0.0,156.1195,156.1195,0.25084955,0.218032075
edbffc8cf,1,10.0,0.7333491569999999,1.0,0.0,120.055,120.055,0.098430395,0.069179945
edc5c168a,2,7.5,0.7914279508035713,1.0,0.0,118.94149999999998,118.94149999999998,0.23511885999999999,0.18181818
edcc13ccb,5,9.6,0.7781070792,1.0,0.0,134.80239999999998,119.67399999999999,0.274094266,0.0547693392
edd25890d,2,10.0,0.772108987,1.0,0.0,138.543,138.543,0.21273909,0.117061018
edd2ebd5e,2,10.0,0.7825198345000001,1.0,0.0,152.872,152.872,0.51799138,0.321425725
eddac3328,6,8.333333333333334,0.7752989367797619,1.0,0.0,71.10683333333333,53.855999999999995,0.23486701833333334,0.10353798383333335
eddc2e2ae,1,10.0,0.755049049,1.0,0.0,118.874,118.874,0.51503587,0.12029576
eddd81378,4,9.75,0.7756750739722222,1.0,0.0,244.86925,245.30949999999999,0.3510255875,0.2271722175
eded59b25,3,10.0,0.7640529370000001,1.0,0.0,131.41,120.398,0.12598141333333335,0.05283847866666667
edef78673,1,10.0,0.8062235340000001,1.0,0.0,48.996,48.996,0.17055103,0.11355359
edf3478dc,1,10.0,0.769203707,1.0,0.0,18.74,18.74,0.17663547,0.058425132
edf74226c,4,10.0,0.805133326,1.0,0.0,55.523250000000004,22.804499999999997,0.3812727575,0.20077119625
edf80e3cc,1,7.0,0.8132033757142858,1.0,0.0,150.79299999999998,150.79299999999998,0.16594148,0.005033726
ee0e059cb,5,10.0,0.8188001416,1.0,0.0,105.80940000000001,84.822,0.295383046,0.0697363852
ee15edbb0,1,10.0,0.7913651700000001,1.0,0.0,25.982999999999997,25.982999999999997,0.30153188,0.2720265
ee2c40165,2,5.5,0.7963775753571428,1.0,0.0,175.223,175.223,0.36005170499999994,0.109217375
ee2e82f01,5,10.0,0.7304331114,1.0,0.0,161.0358,197.66899999999998,0.308043808,0.11492378
ee34f3079,4,9.0,0.7330903835396826,1.0,0.0,176.30925,176.12849999999997,0.441677695,0.13086042
ee36e2198,5,7.8,0.7575256200714285,1.0,0.0,157.8918,190.70199999999997,0.192022222,0.1343243008
ee3b21a9a,3,10.0,0.8120185416666666,0.6666666666666666,0.0,31.537999999999997,25.409999999999997,0.2775393333333333,0.05719385166666666
ee421d21a,5,9.2,0.7457966454,1.0,0.0,130.51600000000002,119.46000000000001,0.18282077600000002,0.0807451956
ee459f62d,2,8.0,0.756140968,1.0,0.0,122.7045,122.7045,0.277985945,0.02298387
ee4acef8d,19,9.421052631578947,0.7687702789312866,1.0,0.0,97.32315789473684,87.672,0.23788020789473682,0.1203717285263158
ee4cb45ea,5,10.0,0.8195161825999999,1.0,0.0,124.3416,116.3,0.351524038,0.07656954540000001
ee5ceb065,3,8.0,0.8169600710476189,1.0,0.0,104.161,127.022,0.48687233333333335,0.10345621933333334
ee65ac339,3,10.0,0.7993157826666666,1.0,0.0,179.0823333333333,156.28199999999998,0.24032367666666668,0.17831540666666668
ee6601d0b,5,8.4,0.7337594840603174,0.8,0.0,98.8072,114.942,0.21199863400000002,0.0758411364
ee7c25387,3,10.0,0.7926467760000001,1.0,0.0,31.23433333333333,22.886,0.3994013166666666,0.27664968
ee83e7a09,9,9.0,0.7643572313531747,1.0,0.0,114.21944444444443,85.71199999999999,0.3296769177777778,0.11619241288888887
ee8518e4c,8,7.75,0.7518765942207342,1.0,0.0,94.64737500000001,101.2355,0.2014160075,0.094057515825
ee8bf2efb,1,10.0,0.861690701,1.0,0.0,151.947,151.947,0.48099744,0.37832654
ee8ddae7b,1,8.0,0.73153806625,1.0,0.0,83.01799999999999,83.01799999999999,0.2830444,0.13794202
ee93b2d47,8,8.625,0.7357893175,1.0,0.0,179.059,198.88049999999998,0.22468436625,0.1148154505
ee9ba4990,3,10.0,0.7692013326666668,1.0,0.0,157.611,158.642,0.22429241666666666,0.04817944633333333
ee9e87618,2,6.0,0.6962581649999999,1.0,0.0,131.05349999999999,131.05349999999999,0.10936707500000001,0.018424126
eea15297e,1,10.0,0.814545191,1.0,0.0,53.516,53.516,0.15346621,0.0079778
eeb377c0b,2,7.0,0.7563349492857143,1.0,0.0,199.8185,199.8185,0.19882833500000002,0.107267783
eeb60466e,5,9.2,0.78748031935,1.0,0.0,143.164,122.66499999999999,0.329384278,0.15820651800000002
eec3cbd6e,2,6.5,0.8290368677380953,1.0,0.0,85.31649999999999,85.31649999999999,0.262206015,0.18179045500000002
eed29a312,1,10.0,0.799667334,1.0,0.0,183.632,183.632,0.2888894,0.2375929
eed4b685b,5,9.6,0.7705387164999999,1.0,0.0,40.1476,48.342,0.40512613399999997,0.10617412239999999
eee3ab446,5,9.2,0.8256691229833333,1.0,0.0,40.3548,28.45,0.38709704599999994,0.06090211796
eee978cc3,5,10.0,0.7668166206,1.0,0.0,227.97959999999998,234.87099999999998,0.28594728599999997,0.16903690200000002
ef0822572,3,10.0,0.8731889066666666,1.0,0.0,155.80533333333332,153.521,0.17407863999999998,0.07955863733333333
ef0b07c6b,5,9.4,0.7928537754,1.0,0.0,143.005,159.41199999999998,0.307457034,0.152964543
ef14861df,3,10.0,0.7879507960000001,1.0,0.0,108.69599999999998,116.945,0.25312223,0.03298346766666666
ef14eb18e,2,9.0,0.82403613925,1.0,0.0,34.687999999999995,34.687999999999995,0.327730225,0.1327401675
ef15e6473,3,7.0,0.8021791806746031,1.0,0.0,97.47499999999998,48.822,0.2355260366666667,0.23260752333333334
ef1d7c2a1,2,8.5,0.7519413850694444,1.0,0.0,23.457,23.457,0.49971585,0.152434265
ef2ee6e9b,2,8.0,0.80292366,1.0,0.0,51.60249999999999,51.60249999999999,0.24126510499999998,0.05655162500000001
ef30ade75,2,10.0,0.7504591555,1.0,0.0,67.67349999999999,67.67349999999999,0.224157805,0.07002254499999999
ef4059fae,2,10.0,0.8069904159999999,1.0,0.0,55.008,55.008,0.21108717500000002,0.16960152
ef4dce041,5,9.4,0.7617341607,1.0,0.0,182.8476,192.11499999999998,0.35754452999999997,0.107180019
ef5a07ae2,4,8.5,0.7670030087857143,1.0,0.0,134.97275,132.498,0.223621985,0.08660683400000001
ef5fcd597,1,10.0,0.750256942,1.0,0.0,85.235,85.235,0.13360566,0.09747205
ef690f7c1,1,10.0,0.8296877830000001,1.0,0.0,52.521,52.521,0.20898332,0.009026229
ef7555da8,1,7.0,0.7844460842857143,1.0,0.0,192.41899999999998,192.41899999999998,0.118991025,0.016649324
ef7bdaf3a,3,10.0,0.7515482326666666,1.0,0.0,97.82766666666664,121.038,0.21832534333333334,0.15711277
ef7c5813c,6,8.833333333333334,0.7763492874636243,1.0,0.0,140.392,158.926,0.175269176,0.099123577
ef80d0222,4,9.0,0.7393828662261905,1.0,0.0,140.14675,138.1105,0.30686069,0.13892191925
ef86c51b2,1,10.0,0.7339941660000001,1.0,0.0,192.605,192.605,0.26444915,0.09617124
ef896feeb,3,8.666666666666666,0.7531003118333333,1.0,0.0,218.88166666666666,225.29999999999995,0.43395788333333335,0.14158243566666667
ef8d291b0,1,10.0,0.7033354470000001,1.0,0.0,202.778,202.778,0.3075741,0.41620713
ef8ddd70b,1,10.0,0.8118404499999998,1.0,0.0,159.816,159.816,0.60306096,0.06876518
ef9196721,11,9.181818181818182,0.7747426688686868,1.0,0.0,29.59718181818182,18.494999999999997,0.4884174781818182,0.29367293536363637
ef9b5808b,2,10.0,0.8290253025000001,1.0,0.0,214.9775,214.9775,0.31037931,0.11526622
efa71e34a,3,9.0,0.797950878287037,1.0,0.0,34.18366666666666,25.326999999999998,0.14648837333333334,0.08031803833333333
efb36dced,1,10.0,0.7976496639999999,1.0,0.0,24.875,24.875,0.13534272,0.11160667
efb7343fa,5,9.0,0.7844669280222222,1.0,0.0,147.1342,148.257,0.17767195600000002,0.0737570222
efc478e64,13,9.461538461538462,0.8081057347307693,1.0,0.0,58.271307692307694,24.384,0.2675052303076923,0.10167693923076924
efd269df8,1,7.0,0.7651020814285714,1.0,0.0,53.318999999999996,53.318999999999996,0.103987165,0.046904024
efda64fa5,3,7.666666666666667,0.7603007119047619,1.0,0.0,159.423,159.066,0.20089549000000004,0.08972002466666668
efeabd288,5,9.4,0.7861921180611111,1.0,0.0,137.8628,125.20100000000001,0.169615882,0.07421937940000001
eff316e87,1,7.0,0.7351826142857142,1.0,0.0,147.159,147.159,0.19389255,0.06313434
eff4a47b5,5,9.4,0.7638601151888889,1.0,0.0,24.7546,18.244999999999997,0.337071462,0.171783912
f0057428e,2,9.5,0.7990680167777777,1.0,0.0,197.695,197.695,0.36022275,0.05006793
f0137d4e3,5,9.8,0.7525168075777777,1.0,0.0,123.83739999999997,122.02699999999999,0.30586222,0.194143793
f017041ca,1,10.0,0.9103588250000001,1.0,0.0,91.80199999999999,91.80199999999999,0.2701241,0.2352337
f024e91b9,2,10.0,0.7966481169999999,1.0,0.0,160.0785,160.0785,0.274578255,0.10688031
f026fa4b5,2,10.0,0.786033985,1.0,0.0,34.8445,34.8445,0.214758015,0.068808536
f02ef09d7,11,6.909090909090909,0.7578627146006494,1.0,0.0,102.76945454545454,91.411,0.147658496,0.06095155198181818
f031aaaef,6,8.5,0.7325298659603175,0.6666666666666666,0.0,150.98299999999998,155.68849999999998,0.26883920499999997,0.12424846716666667
f03af5072,8,10.0,0.729179958,1.0,0.0,125.014625,117.53949999999999,0.36226576,0.157291734125
f03b04b1e,1,9.0,0.6782830299999999,1.0,0.0,192.626,192.626,0.21657409,0.57318765
f03ea3fd5,5,9.4,0.7933178035944445,1.0,0.0,123.54220000000001,115.70799999999998,0.286039602,0.087191266
f04c098ed,5,8.4,0.7335509885285714,1.0,0.0,55.37059999999999,25.637,0.37269101400000004,0.1328228216
f05665d6d,2,10.0,0.8044240134999998,1.0,0.0,194.278,194.278,0.21438415,0.036160249
f056ab9fc,1,7.0,0.6801064514285714,1.0,0.0,119.77199999999999,119.77199999999999,0.32911223,0.09447005
f05838eb7,3,9.666666666666666,0.7599307081481482,1.0,0.0,196.76766666666663,189.373,0.3287427,0.09506879233333333
f068b8fdd,2,7.5,0.7841079774999999,1.0,0.0,143.8915,143.8915,0.27810048,0.0890011635
f06cf606d,2,7.0,0.8170662750000001,1.0,0.0,145.32600000000002,145.32600000000002,0.265918305,0.10539449599999999
f06da7096,3,10.0,0.7332222796666666,1.0,0.0,133.73466666666664,155.545,0.12873462666666666,0.10975252333333334
f071f1cb7,1,10.0,0.851622471,1.0,0.0,23.924999999999997,23.924999999999997,0.3310591,0.15418923
f073c005e,9,10.0,0.8008722054444445,1.0,0.0,136.5,154.119,0.3368663828888889,0.16226312044444444
f08275fdc,3,9.666666666666666,0.7543392266296296,1.0,0.0,113.29599999999999,85.743,0.18861073333333334,0.11917562799999999
f08503742,3,9.666666666666666,0.7795525762222222,0.6666666666666666,0.3333333333333333,122.04466666666667,75.65899999999999,0.18863724,0.12778308666666668
f08b9d3c3,4,9.5,0.7402783584375,1.0,0.0,93.0765,99.226,0.2092189725,0.1207325075
f095385ff,5,9.6,0.7932262855000001,1.0,0.0,68.0722,73.317,0.40677556600000003,0.202341308
f096fcbc6,2,10.0,0.765571246,1.0,0.0,116.8895,116.8895,0.192958185,0.073491155
f0a2122d4,4,9.5,0.7599525968125,1.0,0.0,128.84275,138.726,0.197600085,0.0306430835
f0a4b28f6,2,9.0,0.7293593941250001,1.0,0.0,50.104,50.104,0.344781325,0.061059787000000004
f0a7a4dfb,1,10.0,0.762209095,1.0,0.0,116.409,116.409,0.2651112,0.17022297
f0b2787f5,2,7.5,0.78597138,1.0,0.0,87.29849999999999,87.29849999999999,0.29147444499999997,0.053755449500000003
f0ba86cc6,5,10.0,0.8004380056,1.0,0.0,125.47179999999999,115.47099999999999,0.221331498,0.046417657200000004
f0bfe80e3,5,9.8,0.7615032225777777,1.0,0.0,96.3366,81.188,0.323911352,0.09221907300000001
f0c26af32,3,10.0,0.7855597063333333,0.6666666666666666,0.0,143.214,107.339,0.23962118333333335,0.05524218066666667
f0e24b0aa,1,7.0,0.7350040557142857,1.0,0.0,21.429999999999996,21.429999999999996,0.35738996,0.34419277
f0ebfa37d,3,9.666666666666666,0.8296004821481482,1.0,0.0,95.697,115.216,0.20567794833333333,0.07079932333333333
f0ee32b27,2,10.0,0.803126165,1.0,0.0,67.9555,67.9555,0.24059038,0.031087668500000002
f0ef9c777,2,7.0,0.7581136178571428,1.0,0.0,102.24249999999999,102.24249999999999,0.166980335,0.0358433295
f0f9efd52,8,9.625,0.76255964596875,1.0,0.0,100.53887499999999,98.10749999999999,0.144025071875,0.058533736
f1164babb,1,10.0,0.784009603,1.0,0.0,158.86399999999998,158.86399999999998,0.28647175,0.29389617
f11772123,5,10.0,0.7926180446,1.0,0.0,112.4386,118.987,0.1621444912,0.12528201879999998
f124ecf25,1,6.0,0.7850051833333332,1.0,0.0,125.104,125.104,0.18094666,0.009712106
f135e422d,3,9.666666666666666,0.7821105305925927,1.0,0.0,123.54666666666667,153.498,0.28290908333333337,0.18077234
f13821512,4,10.0,0.8102148457499999,1.0,0.0,100.2245,111.239,0.2149366875,0.144727714
f152b2fd4,3,7.666666666666667,0.7920377377314815,1.0,0.0,135.52366666666668,189.956,0.11284031833333334,0.092308358
f160ae385,3,10.0,0.7709985986666666,1.0,0.0,142.03266666666664,150.99499999999998,0.13139654666666667,0.05398039033333333
f1775b51b,3,10.0,0.8148430883333333,1.0,0.0,64.13766666666666,54.903999999999996,0.23539886666666665,0.15243969833333335
f18d332de,2,10.0,0.770018433,1.0,0.0,158.615,158.615,0.238893105,0.054580387499999994
f19397eed,1,9.0,0.7572131000000001,1.0,0.0,20.814999999999998,20.814999999999998,0.61309093,0.1298127
f19658d12,6,9.5,0.7648851359285714,1.0,0.0,114.091,106.119,0.15946611833333332,0.05865231183333333
f1afd4033,1,10.0,0.735489799,1.0,0.0,73.11500000000001,73.11500000000001,0.12393534,0.016862463
f1b4a123f,3,10.0,0.7769877216666666,1.0,0.0,66.351,27.083999999999996,0.17952324666666666,0.11870977599999999
f1b5c8b92,5,9.6,0.7693409930499999,1.0,0.0,106.16279999999999,116.42899999999999,0.242510134,0.0443003548
f1c03b3d0,2,7.5,0.7507299788888888,1.0,0.0,96.3775,96.3775,0.30837610000000004,0.057353404999999996
f1cc9dd25,4,6.75,0.7739815322440475,1.0,0.0,143.01,158.878,0.1965161875,0.06523537174999999
f1ceeda99,2,9.5,0.7417554038888888,1.0,0.0,197.1255,197.1255,0.221952355,0.0501928765
f1d86e6ea,2,10.0,0.7817222910000001,1.0,0.0,157.5405,157.5405,0.41288246500000003,0.09066077
f1db33c30,2,7.0,0.7595062057142856,1.0,0.0,147.19099999999997,147.19099999999997,0.162594095,0.035163430499999995
f1dc8864e,4,10.0,0.788828629,1.0,0.0,91.0,73.133,0.2365107225,0.18364055575
f1e99433d,3,7.0,0.7927453337896825,1.0,0.0,108.72833333333334,60.583999999999996,0.18836348333333333,0.12403168166666667
f1fb9506a,3,9.666666666666666,0.7499272445185184,1.0,0.0,178.3083333333333,190.01600000000002,0.15886093,0.020031217333333334
f20390dba,2,10.0,0.767904643,1.0,0.0,156.1605,156.1605,0.244898905,0.07158342
f205876aa,5,10.0,0.802763462,1.0,0.0,39.6596,47.137,0.430421604,0.24547346600000003
f20fa5c38,9,8.666666666666666,0.7639101479153438,1.0,0.0,124.56355555555554,155.95,0.21650169444444445,0.059507286333333326
f212d0cdc,3,10.0,0.8254875923333334,1.0,0.0,98.20233333333333,86.011,0.3549431033333333,0.17236096666666667
f21d7ec45,10,9.5,0.7802282426916667,1.0,0.0,92.65899999999999,99.3005,0.2074880405,0.0834202289
f21f48009,9,10.0,0.8123398345555556,1.0,0.0,75.33111111111111,77.62899999999999,0.20709062488888888,0.05733803522222222
f220ae6cd,5,9.4,0.7663750659833333,1.0,0.0,65.0952,49.05,0.22466155,0.13645508280000002
f22aae8af,1,10.0,0.7063437290000001,1.0,0.0,24.441000000000003,24.441000000000003,0.18465401,0.16622712
f231e1f78,4,10.0,0.75355455225,1.0,0.0,74.3035,24.082,0.42622304,0.05950460825
f245f7d4f,1,8.0,0.77045529125,1.0,0.0,154.822,154.822,0.14027815,0.09937565
f246cb734,1,10.0,0.758735876,1.0,0.0,87.336,87.336,0.273168,0.07440166
f246dec63,3,9.666666666666666,0.7617533872962964,1.0,0.0,119.93366666666667,120.51199999999999,0.22731944333333332,0.12197942133333334
f2472c8dd,2,10.0,0.8025690670000001,1.0,0.0,81.36349999999999,81.36349999999999,0.23258185999999997,0.060137458000000005
f247a5242,4,9.0,0.7473274332579365,1.0,0.0,120.97774999999999,117.61099999999999,0.367884385,0.1520117935
f252006a7,4,10.0,0.7954824055,1.0,0.0,80.769,74.9025,0.2558878225,0.0607595905
f261c9968,4,9.5,0.7816291724375,1.0,0.0,192.0315,192.753,0.3618732175,0.05749719625
f262fd637,3,9.333333333333334,0.7811586577499999,1.0,0.0,141.23833333333334,152.494,0.21646500333333332,0.056769567666666666
f2697fe84,2,8.0,0.7805812918749999,1.0,0.0,141.8585,141.8585,0.202788905,0.154916755
f26f1acb2,2,10.0,0.7971445865,1.0,0.0,154.9255,154.9255,0.15658887,0.069128105
f2716e1e5,2,9.5,0.8348312698333333,1.0,0.0,214.706,214.706,0.291646615,0.103516508
f2755d8bf,1,10.0,0.7272760899999999,1.0,0.0,230.338,230.338,0.15095839,0.11979541
f27915d51,2,10.0,0.768864641,1.0,0.0,177.74949999999998,177.74949999999998,0.20959622,0.0672043
f27a94272,2,8.0,0.7639306474603176,1.0,0.0,108.04150000000001,108.04150000000001,0.2798132,0.027771117999999997
f28036d8a,4,8.25,0.7728442147500001,1.0,0.0,88.26,87.68549999999999,0.1315990265,0.07478386050000001
f2816bd92,18,8.88888888888889,0.7785409894592151,1.0,0.0,78.30638888888889,50.623,0.222379215,0.09448012652222222
f288b4919,3,9.666666666666666,0.7669666548148149,1.0,0.0,166.79233333333332,191.67,0.24663816000000002,0.069555059
f28c8090d,2,10.0,0.779942747,1.0,0.0,139.67849999999999,139.67849999999999,0.19091977999999998,0.032706807500000004
f291e702a,7,8.428571428571429,0.7356047306729024,1.0,0.0,100.27499999999999,100.323,0.19934365514285712,0.022047886
f293ae915,7,10.0,0.7796771091428571,1.0,0.0,91.39157142857142,116.999,0.4083596957142857,0.19992815514285714
f29afd123,1,9.0,0.7379080822222223,1.0,0.0,82.207,82.207,0.15541579,0.02157972
f29cacb97,1,6.0,0.7233464116666668,1.0,0.0,46.717,46.717,0.20241559,0.06553185
f29dc8be2,1,10.0,0.724275188,1.0,0.0,155.24499999999998,155.24499999999998,0.17599523,0.30979583
f2aac285e,1,10.0,0.753734263,1.0,0.0,153.727,153.727,0.28530762,0.1671436
f2ac99dfe,2,10.0,0.7342176625000001,1.0,0.0,18.857499999999998,18.857499999999998,0.13442674500000001,0.1065296575
f2b8dbfde,4,10.0,0.7922316527500001,1.0,0.0,145.8015,146.8295,0.162004595,0.08073808125
f2bb56f7a,5,8.2,0.7801211059555555,0.8,0.0,143.6556,153.54399999999998,0.25418004400000005,0.098352409
f2be40d43,2,10.0,0.7583585450000001,1.0,0.0,196.23699999999997,196.23699999999997,0.34337035,0.047150961
f2eb9530d,7,9.714285714285714,0.7667136406031746,1.0,0.0,135.53285714285713,122.06599999999999,0.27362523857142856,0.10028043928571428
f2f8667a2,7,9.142857142857142,0.8203138138888889,1.0,0.0,88.65485714285715,54.598,0.22949620571428572,0.09451168642857143
f2f8980cd,1,7.0,0.7461997800000001,1.0,0.0,177.653,177.653,0.09029998,0.007154006
f2fba72d2,1,10.0,0.746288506,1.0,0.0,152.934,152.934,0.22141519,0.033557683
f2ff942f1,5,9.8,0.8076628265111111,1.0,0.0,113.35159999999999,89.20899999999999,0.24833522600000002,0.1897502654
f304e7fb3,1,10.0,0.711453558,1.0,0.0,121.607,121.607,0.09360606,0.06254995
f3082fa97,14,8.5,0.7667131180949546,1.0,0.0,62.79814285714286,53.836,0.28327116571428573,0.08642875750000001
f31cebfd0,3,7.333333333333333,0.6813539386666667,1.0,0.0,151.71433333333331,151.25099999999998,0.33885976,0.22135507166666665
f33406495,3,10.0,0.8305841723333334,1.0,0.0,149.5273333333333,159.58599999999996,0.24176623666666666,0.25149894700000003
f3367a65d,5,9.6,0.7520887584888889,1.0,0.0,169.64479999999998,195.648,0.364759456,0.1736537144
f33f3512e,2,10.0,0.7711616175,1.0,0.0,126.5055,126.5055,0.301097155,0.1291623325
f344595d7,5,9.0,0.7731138998777778,1.0,0.0,96.08899999999998,87.532,0.248604734,0.1002052138
f36876126,2,9.5,0.7178181881111112,1.0,0.0,103.9015,103.9015,0.146640975,0.12768532500000002
f376f922e,3,10.0,0.7824604743333333,1.0,0.0,83.07266666666666,83.245,0.21855564333333335,0.073652442
f3778f601,3,9.666666666666666,0.7628657237777778,1.0,0.0,132.708,115.66799999999999,0.28997862,0.03500359566666667
f38727a35,5,9.8,0.8114083169111111,1.0,0.0,73.1416,46.83,0.34778212,0.1284291204
f393a9d26,5,8.4,0.7778702945293651,1.0,0.0,132.374,154.131,0.32682542400000003,0.18504570626
f394d4aad,20,8.15,0.776350913297619,1.0,0.0,98.0924,101.78549999999998,0.18933673950000002,0.06974650506499999
f3a5451b9,1,10.0,0.804497421,1.0,0.0,82.566,82.566,0.10106055,0.010512902
f3abe5d8c,5,9.4,0.7690286149666667,1.0,0.0,102.6162,85.91899999999998,0.149607555,0.0700505552
f3b29563b,3,8.666666666666666,0.763151625,1.0,0.0,85.90499999999999,82.08599999999998,0.19070686,0.03691178233333333
f3b4e3f5c,6,9.333333333333334,0.7805577744814816,1.0,0.0,87.11766666666666,86.72550000000001,0.21914149666666669,0.08237790016666667
f3b52a69c,4,9.5,0.7902424807499999,1.0,0.0,95.006,117.924,0.2315122725,0.1604240975
f3c42e04b,3,8.333333333333334,0.8075984159880952,1.0,0.0,108.80999999999999,120.515,0.22969315999999998,0.10047404100000001
f3c7e1bf4,1,10.0,0.778598198,1.0,0.0,87.05399999999999,87.05399999999999,0.16983066,0.027571326
f3c8fda0f,1,10.0,0.7843069119999999,1.0,0.0,24.384999999999998,24.384999999999998,0.07904403,0.057882413
f3db279d0,1,10.0,0.840201768,1.0,0.0,21.316,21.316,0.20451626,0.21167351
f40b68c08,2,10.0,0.754851598,1.0,0.0,158.969,158.969,0.3718242,0.09190442
f410b0841,4,8.25,0.7682782057499999,1.0,0.0,69.086,51.9675,0.27602454,0.070326048
f41112ee1,2,10.0,0.816016613,1.0,0.0,113.6445,113.6445,0.27688989,0.099679356
f41a7de83,2,9.0,0.74705736125,1.0,0.0,123.54249999999999,123.54249999999999,0.44388366999999995,0.204187635
f4316f2bc,6,8.5,0.7536074434384922,1.0,0.0,81.48433333333332,55.211,0.21055510833333335,0.14608806666666665
f4415e636,2,10.0,0.810052797,1.0,0.0,100.035,100.035,0.389764055,0.18599341000000003
f447d931c,6,9.166666666666666,0.7962710683379629,1.0,0.0,79.2455,85.3855,0.27681613666666666,0.07578910666666666
f44a6cdaf,4,8.75,0.7668211610515873,1.0,0.0,91.40824999999998,55.610499999999995,0.31948246,0.1640352135
f45171393,4,9.25,0.7599676791875,1.0,0.0,77.18974999999999,83.30599999999998,0.1607323775,0.063820752675
f45457bdc,1,6.0,0.7484729250000001,1.0,0.0,231.70799999999997,231.70799999999997,0.5471985,0.26213437
f45b98b4f,6,10.0,0.7985462748333333,1.0,0.0,105.9215,113.896,0.3771929033333333,0.21647518300000002
f45beac10,1,10.0,0.7919971969999999,1.0,0.0,23.712,23.712,0.34521413,0.15380184
f4614847a,3,10.0,0.7768625833333332,1.0,0.0,24.414666666666665,26.281999999999996,0.41663597,0.138309491
f477f306f,6,9.833333333333334,0.7729933135000001,1.0,0.0,178.072,195.081,0.43023970333333333,0.23032719416666667
f47fc05a6,1,10.0,0.80247864,1.0,0.0,161.42999999999998,161.42999999999998,0.24254322,0.15253653
f48338adb,5,9.8,0.7602267785555556,1.0,0.0,111.18119999999999,117.864,0.446704442,0.1244470074
f48b3cebb,3,9.0,0.7437874787685185,1.0,0.0,143.392,154.528,0.22770864666666668,0.067568299
f49099d52,3,10.0,0.816668103,1.0,0.0,167.72766666666666,155.67199999999997,0.22477055999999998,0.045981722
f4948a23d,4,9.5,0.7786297374166666,1.0,0.0,70.0725,49.0995,0.2567895625,0.16926812
f4a508263,3,9.666666666666666,0.7475735206296297,1.0,0.0,52.79866666666666,21.287999999999997,0.18239497999999998,0.15650081666666668
f4a6e9cec,1,10.0,0.719867889,1.0,0.0,149.88,149.88,0.5595595,0.15637773
f4bc92fc6,30,8.333333333333334,0.750145171656746,0.8333333333333334,0.0,99.72229999999999,93.6405,0.18898370446666665,0.12028497252333333
f4c27e753,1,10.0,0.7773120280000001,1.0,0.0,24.712,24.712,0.49109498,0.11151578
f4c32b8a5,3,8.666666666666666,0.7945660138888889,1.0,0.0,79.68666666666665,22.945999999999998,0.49607165333333336,0.20982194333333334
f4c9a0b24,1,10.0,0.733246459,1.0,0.0,227.73,227.73,0.2442125,0.120262094
f4cf82def,5,10.0,0.8217060808,1.0,0.0,174.523,193.243,0.493472928,0.15636489680000001
f4cff3785,1,10.0,0.7544763889999999,1.0,0.0,119.05099999999999,119.05099999999999,0.14617786,0.032046672
f4d945501,5,8.4,0.8163690925999999,0.8,0.0,124.78399999999999,116.29899999999999,0.148586462,0.051780051199999996
f4df06287,1,10.0,0.8025162439999999,1.0,0.0,81.202,81.202,0.17256431,0.1979399
f4e2b49f5,6,9.5,0.6803287483333333,1.0,0.0,25.173333333333332,25.0465,0.4259181033333333,0.07299976899999999
f4f5588c6,4,8.75,0.7979372293055556,1.0,0.0,28.185000000000002,23.0,0.330580075,0.3182794375
f4fb11803,1,10.0,0.8434682870000001,1.0,0.0,117.798,117.798,0.21206884,0.03728755
f500d6361,2,10.0,0.7480467055,1.0,0.0,117.306,117.306,0.292642565,0.109482853
f50d4f5bc,1,9.0,0.78654106,1.0,0.0,77.115,77.115,0.15262303,0.05142213
f51667d46,4,7.5,0.7917725870882937,1.0,0.0,174.81725,173.976,0.14545377375,0.05215765
f5170bc70,2,7.5,0.7624647827678572,1.0,0.0,67.504,67.504,0.128917438,0.07712184999999999
f522ad8d4,15,9.266666666666667,0.7388443115296296,1.0,0.0,112.31660000000001,116.357,0.3068495173333333,0.12328193059999999
f52510492,1,10.0,0.727276071,1.0,0.0,230.338,230.338,0.15095839,0.11979541
f527634f7,5,10.0,0.773932007,1.0,0.0,84.3708,52.032999999999994,0.27264063,0.1050468266
f53b95c90,2,9.0,0.739450867875,1.0,0.0,130.626,130.626,0.264186575,0.024615313
f53be74bd,8,9.875,0.7461886030555556,1.0,0.0,118.096875,115.86399999999998,0.25738031375,0.078845818375
f53c216e2,9,9.555555555555555,0.7484046643518518,1.0,0.0,145.8832222222222,152.831,0.1786771122222222,0.036576875777777774
f53e55959,9,9.333333333333334,0.7681601269506173,1.0,0.0,44.151777777777774,25.657999999999998,0.39189388000000003,0.17819979
f54d6a569,5,9.2,0.7321791361999999,1.0,0.0,184.2018,190.142,0.360029048,0.103548858
f555570eb,1,7.0,0.8016646314285714,1.0,0.0,49.74,49.74,0.25344896,0.08849699
f557e9262,4,9.25,0.7585648982847222,1.0,0.0,163.10099999999997,171.80399999999997,0.2393453625,0.07903780125
f569b3a29,4,10.0,0.75839282,1.0,0.0,131.1915,141.37949999999998,0.3476075825,0.11627906925
f56c9eb67,5,9.2,0.7681959520999999,1.0,0.0,193.6032,186.29899999999998,0.23999524600000002,0.0935801956
f5768c4e2,3,10.0,0.877715818,1.0,0.0,209.47933333333333,199.605,0.30045199333333333,0.132146551
f57efd0b9,1,10.0,0.853057074,1.0,0.0,84.36999999999999,84.36999999999999,0.1457584,0.15008391
f580ba98c,4,8.0,0.7552341109861112,1.0,0.0,107.29499999999999,87.9025,0.370714865,0.14073881724999998
f5819a31d,1,10.0,0.8105756740000001,1.0,0.0,78.264,78.264,0.13765296,0.07145335
f58424835,6,7.166666666666667,0.7579035756064815,1.0,0.0,152.87216666666666,139.807,0.3270719166666667,0.11242192633333332
f584e226b,2,10.0,0.8393152414999999,1.0,0.0,137.0405,137.0405,0.205255285,0.12010617000000001
f5a34370d,3,10.0,0.734496021,1.0,0.0,131.8153333333333,120.36999999999999,0.23966222666666667,0.035061857333333335
f5bbf322d,2,8.5,0.769992915,1.0,0.0,68.13550000000001,68.13550000000001,0.328595625,0.106529657
f5c803412,7,8.142857142857142,0.7649912789512472,1.0,0.0,106.63642857142857,89.76,0.24176749428571429,0.11807136542857143
f5d514b10,4,9.5,0.7430340257222222,1.0,0.0,23.110749999999996,23.3375,0.36102633,0.08727887675
f5d60ca48,1,10.0,0.7367039670000001,1.0,0.0,78.669,78.669,0.403817,0.15089731
f5d7daf1a,7,9.714285714285714,0.7681880926428571,1.0,0.0,131.94585714285714,120.523,0.3662145114285714,0.10786135157142858
f5dc6f316,2,10.0,0.792318717,1.0,0.0,67.5505,67.5505,0.17319394500000002,0.09164913350000001
f5dc70d35,1,10.0,0.7073948299999999,1.0,0.0,229.25600000000003,229.25600000000003,0.22135359,0.0538388
f5de721c8,2,10.0,0.8171269409999999,1.0,0.0,213.37,213.37,0.20002787,0.0332119335
f5e329595,3,10.0,0.7855401713333334,1.0,0.0,190.61833333333334,190.719,0.18793344666666667,0.11725030666666668
f5e35ea02,1,10.0,0.7521587439999999,1.0,0.0,23.299,23.299,0.6472052,0.23548387
f5e496f46,5,10.0,0.8528615110000001,1.0,0.0,152.6338,234.619,0.1312001,0.026019771199999996
f5e706014,1,10.0,0.8666413799999999,1.0,0.0,79.50099999999999,79.50099999999999,0.32854548,0.06094536
f5e793c38,1,9.0,0.7050890833333333,1.0,0.0,153.95,153.95,0.29250872,0.22327189
f5e9075c9,3,9.0,0.812376024047619,1.0,0.0,93.78433333333332,106.93799999999999,0.23621921333333332,0.05898261366666666
f5ebfd099,2,8.5,0.7941444541428573,1.0,0.0,171.329,171.329,0.592863365,0.23884325
f5f1ea56c,2,9.5,0.7005394523333334,1.0,0.0,50.839999999999996,50.839999999999996,0.41763859999999997,0.23595212
f5fc7d4a5,1,10.0,0.728050255,1.0,0.0,56.20499999999999,56.20499999999999,0.15528406,0.18322928
f5fd255aa,5,9.4,0.7723000678,1.0,0.0,79.6978,113.609,0.35017389800000004,0.16516404040000002
f600368fb,3,9.666666666666666,0.7760214174074074,1.0,0.0,20.820999999999998,21.299,0.5014164799999999,0.12132310666666668
f6003c18b,2,10.0,0.8019806195,1.0,0.0,194.3485,194.3485,0.23707791,0.06265484
f60779a3b,5,6.8,0.6979060865634921,0.6,0.0,125.378,124.56200000000001,0.13573643159999998,0.03776541854
f60ee7233,1,10.0,0.820618087,1.0,0.0,191.86899999999997,191.86899999999997,0.29087952,0.12906577
f612d5506,4,8.25,0.7422192225277778,1.0,0.0,60.07824999999999,33.941,0.401674895,0.15232166375
f618c35b8,1,10.0,0.817764921,1.0,0.0,161.131,161.131,0.3170307,0.34148458
f61c4cead,1,10.0,0.717176912,1.0,0.0,191.745,191.745,0.20727716,0.06814494
f61cec80a,6,8.0,0.7608535499391534,1.0,0.0,99.63383333333333,119.7365,0.46189694333333337,0.169569388
f61e89a28,1,9.0,0.7072942077777777,1.0,0.0,152.516,152.516,0.17483278,0.16039427
f642366b6,1,10.0,0.883919083,1.0,0.0,48.119,48.119,0.24203406,0.14603786
f64813f9e,7,7.142857142857143,0.8131784734438776,1.0,0.0,129.04557142857144,158.98499999999999,0.21600071857142858,0.14071404
f64fd2354,1,7.0,0.7904169042857142,1.0,0.0,188.185,188.185,0.36926585,0.080705106
f6510f0c2,5,9.8,0.7929448861333334,1.0,0.0,93.821,53.168,0.16961398600000002,0.138690976
f653550ac,1,10.0,0.812089454,1.0,0.0,55.239,55.239,0.18913305,0.08087589
f6549ffdd,1,10.0,0.739636054,1.0,0.0,161.224,161.224,0.2301087,0.03180692
f6575f08d,2,8.5,0.7685717696428571,1.0,0.0,138.602,138.602,0.434285875,0.2197797355
f65fe3e26,2,8.0,0.73392740375,1.0,0.0,39.155,39.155,0.15666446,0.11813297
f66357936,1,10.0,0.7479225599999999,1.0,0.0,49.465,49.465,0.34850055,0.065374054
f663a91e8,10,9.8,0.7707429180250001,1.0,0.0,142.7288,154.6875,0.1530943256,0.0501062261
f665c5189,5,10.0,0.8016284898,1.0,0.0,162.4108,156.831,0.13010322,0.0704097504
f677061e8,10,9.9,0.8000165344333334,1.0,0.0,111.29099999999998,99.14349999999999,0.2265764575,0.0610475204
f67dcb4b3,6,9.666666666666666,0.7459956479444444,1.0,0.0,40.976166666666664,49.831,0.3181600533333333,0.09146464583333334
f680cd37a,4,10.0,0.7545760895,1.0,0.0,112.36449999999999,103.31299999999999,0.24870067750000002,0.103448519
f68a56b90,3,8.0,0.7672431236507936,1.0,0.0,66.28266666666667,85.071,0.17247181666666667,0.05697190333333333
f68bec222,3,6.666666666666667,0.7532560922222222,1.0,0.0,167.191,154.219,0.17681314,0.04423963
f68c70fe1,2,10.0,0.789895096,1.0,0.0,47.204499999999996,47.204499999999996,0.186486075,0.092687018
f69176873,2,9.5,0.7575891566666667,1.0,0.0,135.8285,135.8285,0.258606225,0.124392995
f69a878a6,4,10.0,0.7701032624999999,1.0,0.0,108.205,113.4615,0.21668325249999998,0.11001994400000001
f69bd4b27,6,8.833333333333334,0.7432865295952381,1.0,0.0,156.502,172.162,0.21994473333333334,0.08711628449999999
f6ad159f1,2,9.0,0.8026069381250001,1.0,0.0,83.70549999999999,83.70549999999999,0.128759485,0.0687406995
f6ae0d580,1,10.0,0.87374887,1.0,0.0,51.443999999999996,51.443999999999996,0.20189556,0.064082555
f6beefaeb,5,10.0,0.7980112236,1.0,0.0,20.3858,20.113999999999997,0.666502268,0.367876344
f6c14900d,3,9.666666666666666,0.7793959076666667,1.0,0.0,128.42866666666666,150.177,0.26491596,0.08634398666666666
f6c91bc20,2,9.0,0.753828035625,0.5,0.0,51.164,51.164,0.30491077499999997,0.11147242000000002
f6e07783c,3,9.333333333333334,0.736988436,1.0,0.0,180.52733333333333,191.95199999999997,0.23227031,0.05989750766666666
f6e45accc,10,9.4,0.7768063133539682,1.0,0.0,175.1418,199.065,0.2993924415,0.0578303848
f6e56c908,3,10.0,0.8071867186666667,1.0,0.0,28.61833333333333,19.147,0.27045830666666665,0.1676783443333333
f6ec35f31,1,10.0,0.736537644,1.0,0.0,158.179,158.179,0.21141194,0.017501798
f6fac7b56,5,9.0,0.7239580372,0.8,0.0,107.23859999999999,121.24000000000001,0.293160622,0.128702739
f70251906,5,8.2,0.7327701649690476,1.0,0.0,121.2578,118.95,0.21986241099999998,0.021914316
f70571a3a,5,10.0,0.7814090774,1.0,0.0,38.8782,48.032,0.284414892,0.14510102200000002
f70a1bf5d,3,10.0,0.8250727096666667,1.0,0.0,139.05666666666664,110.803,0.09868972999999999,0.0482366
f726dd490,2,9.0,0.73965236,1.0,0.0,135.911,135.911,0.310909435,0.177939645
f72d7a939,4,9.5,0.7779878150624999,1.0,0.0,69.1875,51.638999999999996,0.2249930675,0.09653572525
f72db59b3,9,8.666666666666666,0.7531660688888889,1.0,0.0,124.78377777777776,153.201,0.29495246555555554,0.05704898388888889
f743a63aa,5,8.8,0.8160560030999999,1.0,0.0,92.4868,82.011,0.413511824,0.145473502
f7473aaec,5,9.0,0.7891367769333333,1.0,0.0,138.04180000000002,142.374,0.11352137799999999,0.042880784
f749cd744,2,9.0,0.799300963125,1.0,0.0,48.811,48.811,0.207655375,0.112480427
f7550219b,5,10.0,0.7840942234,1.0,0.0,103.42960000000001,82.771,0.217828154,0.06954561420000001
f75724b44,3,7.0,0.7759765805555555,1.0,0.0,133.5583333333333,118.881,0.18540336999999998,0.052856589333333336
f759dc332,5,10.0,0.8048541936,1.0,0.0,82.43879999999999,79.61499999999998,0.37824916399999997,0.1854318432
f7675eb96,2,10.0,0.7758158860000001,1.0,0.0,198.92449999999997,198.92449999999997,0.325897765,0.10342464500000001
f77452d59,3,9.666666666666666,0.7492630808518519,1.0,0.0,65.02,56.184999999999995,0.23070675666666665,0.07361202166666667
f77a10b5f,7,8.571428571428571,0.7651510506264172,0.8571428571428571,0.0,157.7202857142857,142.90899999999996,0.19069162714285715,0.0738722005
f77a6e11c,2,9.0,0.7411713257500001,1.0,0.0,89.194,89.194,0.38705373,0.187613845
f780d04ae,5,8.8,0.7391426577777777,1.0,0.0,114.4124,154.22400000000002,0.147075768,0.0990273846
f785304ad,1,9.0,0.7590304133333333,1.0,0.0,22.641000000000002,22.641000000000002,0.21296233,0.066331014
f78698cc4,6,9.833333333333334,0.7594078201666666,1.0,0.0,137.36983333333333,142.85049999999998,0.2467791566666667,0.0855124565
f796b0a30,1,10.0,0.761025116,1.0,0.0,20.68,20.68,0.26927158,0.13070127
f7af4ce3d,1,10.0,0.790627984,1.0,0.0,25.744,25.744,0.38969526,0.029765854
f7b533990,26,9.0,0.7802886112177961,1.0,0.0,139.32649999999998,153.66549999999998,0.21573458865384615,0.08784336573076924
f7b67fd7f,1,10.0,0.7684177489999999,1.0,0.0,50.663,50.663,0.20706765,0.1429934
f7b84bc3b,2,8.0,0.7785437036666665,1.0,0.0,139.9925,139.9925,0.20255073499999998,0.06843318
f7c487e58,5,8.6,0.8029172324571429,1.0,0.0,157.4904,188.436,0.33761356600000003,0.0755116192
f7eb5dd36,1,10.0,0.789938981,1.0,0.0,120.298,120.298,0.18232933,0.11776859
f7fc28014,2,10.0,0.772662658,1.0,0.0,116.8595,116.8595,0.1141297225,0.058287859
f80bf9a51,1,10.0,0.751333085,1.0,0.0,193.55499999999998,193.55499999999998,0.13490263,0.11540806
f819c7b65,1,10.0,0.811077572,1.0,0.0,24.729,24.729,0.21243225,0.1412591
f824e33a8,4,8.5,0.7920508507499999,1.0,0.0,150.44799999999998,139.51999999999998,0.3116858,0.1321587175
f82aa539c,3,9.666666666666666,0.7139188089629629,1.0,0.0,98.157,86.499,0.29023289,0.06620339000000001
f83096577,3,10.0,0.7866100116666667,1.0,0.0,117.76499999999999,117.80299999999998,0.2509732966666667,0.1797812466666667
f836696de,1,10.0,0.73585747,1.0,0.0,81.87400000000001,81.87400000000001,0.22417699,0.08357226
f83695eb0,8,10.0,0.8193002137500001,1.0,0.0,117.571125,118.5285,0.2597246525,0.081555669875
f83c963d2,4,10.0,0.80159328675,1.0,0.0,185.33925,177.028,0.4138709375,0.1440539075
f849d1829,1,10.0,0.7619956350000001,1.0,0.0,113.863,113.863,0.20171896,0.06252168
f84b22dae,2,10.0,0.7409868675,1.0,0.0,123.844,123.844,0.31921884,0.056900825
f8530e295,2,7.5,0.7487131714285715,1.0,0.0,66.77349999999998,66.77349999999998,0.14673198999999998,0.043049711250000004
f85ae1408,2,10.0,0.8211687019999999,1.0,0.0,92.23949999999999,92.23949999999999,0.261740785,0.06651058
f8619af42,1,10.0,0.759477417,1.0,0.0,115.637,115.637,0.17251648,0.15176217
f861fe441,4,10.0,0.7454177115,1.0,0.0,98.90324999999999,53.955999999999996,0.18373768000000001,0.047638046249999996
f867cc417,6,10.0,0.7840892071666666,1.0,0.0,64.2275,26.128,0.32282766,0.13516440016666667
f86b59db0,8,8.875,0.7479632709374999,0.875,0.0,67.89325,53.949,0.32894604875,0.118599331375
f86c83084,2,10.0,0.77068145,1.0,0.0,84.66900000000001,84.66900000000001,0.12207504,0.08645694200000001
f86f15c15,1,10.0,0.761472404,1.0,0.0,244.537,244.537,0.121157385,0.106127724
f8710e158,21,9.142857142857142,0.7716988564365079,1.0,0.0,79.17185714285714,47.701,0.19804654976190475,0.11970681466666667
f87489d3e,4,9.0,0.8251464929642858,1.0,0.0,89.37275,84.8775,0.15759837375,0.08781581499999999
f88144b9f,3,8.0,0.749285514047619,1.0,0.0,115.231,52.028000000000006,0.2030172166666667,0.2051200186666667
f892df3a1,1,7.0,0.7880012185714287,1.0,0.0,154.726,154.726,0.3918588,0.12625737
f895c20f3,2,7.5,0.8019828370535714,1.0,0.0,99.684,99.684,0.20752289499999999,0.0880503175
f89c6f6a6,1,10.0,0.8120464070000001,1.0,0.0,153.941,153.941,0.15210427,0.06094536
f89f0e01d,3,9.0,0.7634144300092592,1.0,0.0,119.98433333333334,121.126,0.16373330333333333,0.12527418866666665
f8b827be1,3,10.0,0.8241968613333334,1.0,0.0,154.85466666666665,157.95,0.2234811366666667,0.10157766366666666
f8b975c1f,5,9.4,0.7678722570777777,1.0,0.0,119.556,85.54299999999999,0.19932820280000002,0.050282588
f8bf52aea,2,9.0,0.7754234658750001,1.0,0.0,158.3025,158.3025,0.2191828,0.058928572
f8d16f3ef,1,10.0,0.7601814069999999,1.0,0.0,15.418,15.418,0.2714705,0.046305932
f8d3b2e51,2,8.5,0.7914725595000001,1.0,0.0,36.1765,36.1765,0.214571095,0.082984906
f8d98877d,6,9.5,0.7488768642857143,1.0,0.0,112.86500000000001,118.9555,0.18860622666666668,0.04058664283333333
f8e0a06ca,4,9.5,0.7675740149375,1.0,0.0,140.74149999999997,139.5895,0.27750406250000004,0.025557456
f8e3f9ddf,1,8.0,0.7647907775,1.0,0.0,190.87099999999998,190.87099999999998,0.37960067,0.11132718
f8e3fabe6,13,9.384615384615385,0.7496794998763736,1.0,0.0,184.98415384615384,192.998,0.32018715384615387,0.1257370772307692
f8fb0aa55,2,9.0,0.792053270625,1.0,0.0,34.0355,34.0355,0.324895315,0.23866978
f904be121,3,10.0,0.7862694123333333,1.0,0.0,70.93733333333334,79.146,0.27778273000000003,0.035004047133333334
f90762cef,1,10.0,0.863377664,1.0,0.0,128.759,128.759,0.37158272,0.20758386
f91147e5f,3,10.0,0.7662224146666666,1.0,0.0,62.12633333333333,52.314,0.2841197,0.058239208666666674
f91cc9f0d,9,9.444444444444445,0.7705413835956789,1.0,0.0,83.21755555555555,23.256,0.19958603111111112,0.10096877944444443
f91ffd577,1,9.0,0.7040690711111111,1.0,0.0,26.227999999999998,26.227999999999998,0.466129,0.12179334
f922bd640,2,10.0,0.792135107,1.0,0.0,101.20349999999999,101.20349999999999,0.27842105,0.04799009
f928a7e7f,1,10.0,0.7379613199999999,1.0,0.0,117.276,117.276,0.20499592,0.031007752
f9317ae6d,3,10.0,0.8484703076666666,1.0,0.0,61.685333333333325,53.79,0.27150625,0.06610590933333334
f93283e0c,4,9.75,0.74654819075,1.0,0.0,92.17525,83.7345,0.2069685925,0.11008498250000001
f94991b4c,2,9.5,0.7845092071111112,1.0,0.0,25.855499999999996,25.855499999999996,0.18370071,0.0637027185
f94c2a347,2,9.5,0.7444668322222222,1.0,0.0,90.17399999999999,90.17399999999999,0.34868880999999996,0.21970277525
f94ea9d92,2,10.0,0.768709836,1.0,0.0,24.128,24.128,0.41566435,0.18492022
f95680d84,8,9.75,0.7440314313333334,1.0,0.0,107.91,85.57199999999999,0.2030008375,0.10827071025
f95b27325,2,10.0,0.786875169,1.0,0.0,120.7705,120.7705,0.278848965,0.13762344999999998
f95b39c6f,3,10.0,0.8005544166666668,1.0,0.0,137.97333333333333,113.22299999999998,0.24995645,0.104067114
f972a14d5,1,10.0,0.751183594,1.0,0.0,195.853,195.853,0.37348625,0.1684955
f97c8edc4,3,10.0,0.7632416616666666,1.0,0.0,131.99033333333333,120.314,0.2694648766666667,0.14115986166666666
f97d14e01,3,10.0,0.8687456796666667,1.0,0.0,86.789,85.39,0.41674571333333327,0.120646872
f980544af,3,9.666666666666666,0.7991311301111111,1.0,0.0,121.00466666666667,88.667,0.33994306333333335,0.15313909333333334
f981112a8,8,9.625,0.7727484696979167,1.0,0.0,144.965625,150.9155,0.2225866875,0.025902699625
f982548b8,3,10.0,0.780912292,1.0,0.0,153.293,156.229,0.25422494,0.031087669166666665
f98750599,1,10.0,0.784566533,1.0,0.0,83.70199999999998,83.70199999999998,0.3793038,0.1317412
f98e4f7b6,3,8.666666666666666,0.7991209131666667,1.0,0.0,58.10166666666667,27.494999999999997,0.2201753333333333,0.06882368133333333
f99149151,13,9.76923076923077,0.7483244247094019,1.0,0.0,152.25153846153847,160.167,0.3059798815384615,0.07073070053846155
f9934b985,3,10.0,0.7542380919999999,1.0,0.0,187.36033333333333,161.60799999999998,0.2778340866666667,0.13704300933333333
f995bc16c,3,10.0,0.8165951509999999,1.0,0.0,134.52366666666666,122.02799999999999,0.26075946333333333,0.20190265866666665
f99a5e817,1,10.0,0.735889687,1.0,0.0,154.794,154.794,0.21911511,0.1259105
f99af9837,3,10.0,0.7829047196666666,1.0,0.0,104.67399999999999,115.726,0.29690284333333333,0.16179958333333333
f9a3f579a,4,9.0,0.73359749125,1.0,0.0,51.38125,51.8775,0.27552487,0.0799760025
f9a962ccc,4,10.0,0.772409721,1.0,0.0,128.36999999999998,153.21849999999998,0.241654025,0.107597715
f9d07d5fa,2,8.5,0.7515766504166667,1.0,0.0,85.11649999999999,85.11649999999999,0.12120965,0.046224734
f9d566df8,2,10.0,0.767519791,1.0,0.0,100.821,100.821,0.18567769499999998,0.054442959
f9d621157,6,9.333333333333334,0.7178456250978836,1.0,0.0,206.17999999999998,230.5605,0.251778325,0.138551123
f9d9f8fd6,1,10.0,0.7798368370000001,1.0,0.0,17.413,17.413,0.4083691,0.17750607
f9db446f8,2,10.0,0.737197456,1.0,0.0,36.29,36.29,0.1244227,0.101264518
f9e4762d2,11,9.363636363636363,0.7460127194170275,1.0,0.0,149.7750909090909,153.446,0.22041312272727273,0.07634483
fa1608a29,3,9.333333333333334,0.7487168276666667,1.0,0.0,101.25166666666667,108.30199999999999,0.29936656,0.059804469
fa18941f4,4,10.0,0.798820512,1.0,0.0,51.745749999999994,51.413,0.31698681,0.115352934
fa1a30192,2,10.0,0.7238625679999999,1.0,0.0,48.3525,48.3525,0.16649185,0.10982483800000001
fa1d3af33,2,8.5,0.7602522214583334,1.0,0.0,83.324,83.324,0.16446191,0.08038617
fa253c6e7,5,9.6,0.7843540119,1.0,0.0,122.123,116.235,0.38028560600000005,0.1671869548
fa27f275a,4,9.75,0.7571994589444444,1.0,0.0,155.15974999999997,154.25949999999997,0.3416505435,0.1229621925
fa3b3b348,10,10.0,0.7936643429,1.0,0.0,103.7406,116.7905,0.308302815,0.200711067
fa3df8921,13,9.384615384615385,0.7720072756666667,0.9230769230769231,0.0,126.63238461538461,118.583,0.20474121923076924,0.1091075636923077
fa41fb473,5,9.4,0.7623634749388889,1.0,0.0,195.2386,233.039,0.28135558200000005,0.09053069620000001
fa73b1181,4,8.5,0.7649772255555556,1.0,0.0,120.32674999999999,120.93599999999999,0.22474185,0.04633259625
fa7c7d1be,4,8.75,0.7054430534107143,1.0,0.0,102.11075,102.27900000000001,0.1570235275,0.11069539875000001
fa87afa7d,2,10.0,0.7509551109999999,1.0,0.0,176.668,176.668,0.27835505,0.0523196665
fa89bfa82,5,9.2,0.7879994645047619,1.0,0.0,170.2322,200.16000000000003,0.282705245,0.0990489892
fa94cdf93,4,10.0,0.7812566355,1.0,0.0,159.64075,159.819,0.1718277125,0.06404353125
faa139539,4,9.5,0.7526062126666666,1.0,0.0,130.39024999999998,136.673,0.19562350750000002,0.096604753
faa62a75b,2,9.0,0.7553083311111111,1.0,0.0,157.9125,157.9125,0.132580505,0.050901840000000004
fab1170a2,5,10.0,0.7892906998,1.0,0.0,24.2806,24.299,0.37265405,0.290114472
fabc9bfec,3,10.0,0.789520671,1.0,0.0,135.38899999999998,143.67499999999998,0.3536154733333334,0.07184528083333334
fac19639c,1,10.0,0.8194045859999999,1.0,0.0,53.089999999999996,53.089999999999996,0.2191601,0.068071455
faca11616,8,9.25,0.76147943259375,1.0,0.0,148.44787499999998,158.055,0.2730436725,0.10777478425
fad223ef5,3,9.0,0.7917405814074074,1.0,0.0,96.78366666666666,85.482,0.21547414333333337,0.03539697766666667
fad4fb461,3,9.666666666666666,0.7962053830370369,1.0,0.0,104.67733333333332,116.493,0.2850453766666667,0.091076326
fad982f0a,5,9.8,0.7597700291111111,1.0,0.0,146.7566,153.973,0.291762134,0.08651017600000001
fadae6510,4,8.75,0.7513456747916667,1.0,0.0,101.8585,102.96000000000001,0.1718759775,0.07420655649999999
fae1e95de,1,9.0,0.7554241966666667,1.0,0.0,23.418,23.418,0.28876594,0.20473465
faec94482,8,8.625,0.7623357571865079,1.0,0.0,144.263375,131.6225,0.2568216275,0.055444596375
faf13c5cd,9,9.222222222222221,0.7920135700793651,1.0,0.0,98.16288888888887,115.78399999999999,0.26507499166666665,0.12990690500000002
faf4322a0,3,9.0,0.7597083211904762,1.0,0.0,94.399,84.13199999999999,0.14230221166666668,0.017240882
faf4fd269,1,10.0,0.7620516789999999,1.0,0.0,116.544,116.544,0.18413648,0.027467262
faf64d6a6,1,9.0,0.7539523744444444,1.0,0.0,161.489,161.489,0.14767447,0.34477973
faf6a8cd0,6,8.833333333333334,0.7569971592089947,1.0,0.0,147.11916666666667,191.8155,0.30725685166666666,0.054473886
fb00c8969,1,10.0,0.8018398849999999,1.0,0.0,85.49900000000001,85.49900000000001,0.14983906,0.02868217
fb0180584,2,8.5,0.778675456,1.0,0.0,82.019,82.019,0.295509085,0.10584061
fb1a745e6,2,10.0,0.798876911,1.0,0.0,67.9125,67.9125,0.23128078000000002,0.0574202837
fb1adae2d,4,9.0,0.7480189981875,1.0,0.0,17.43425,17.3115,0.31371267,0.22765727749999998
fb278c21e,2,9.0,0.78522470825,1.0,0.0,137.9975,137.9975,0.123501522,0.0301927615
fb2dc3fb7,5,9.6,0.7359978055,1.0,0.0,86.25719999999998,86.57699999999998,0.43097065,0.069909814
fb3bd80d1,9,8.333333333333334,0.8004275921234568,1.0,0.0,87.80888888888889,47.891999999999996,0.30045910666666664,0.112106095
fb442ee5e,1,10.0,0.763192443,1.0,0.0,117.47399999999999,117.47399999999999,0.3805329,0.1264281
fb507a1cb,3,10.0,0.8008799243333332,1.0,0.0,90.49733333333334,108.488,0.12940180333333332,0.07507698966666666
fb53fe33d,6,9.5,0.7296440324444444,1.0,0.0,88.83616666666667,84.054,0.31349938666666666,0.12357698033333332
fb570c67a,2,7.5,0.7798430860000001,1.0,0.0,91.226,91.226,0.22393317000000001,0.0683568775
fb89569d8,9,9.0,0.7918286852526455,1.0,0.0,103.93033333333332,83.707,0.17342691177777778,0.10000192544444444
fb8efea32,2,10.0,0.7678785705,1.0,0.0,112.925,112.925,0.39369543500000004,0.23113944250000001
fb9833d4b,5,10.0,0.8004800108000001,0.0,0.0,148.05499999999998,154.224,0.338508686,0.1127197852
fbae7b0d5,5,9.6,0.7994264767,1.0,0.0,59.459799999999994,51.69,0.160282996,0.127094171
fbaec0999,3,8.333333333333334,0.8062836593333333,0.6666666666666666,0.0,99.08366666666666,117.581,0.3614984766666667,0.21685868
fbb112b7e,4,9.5,0.7755987354375,1.0,0.0,158.41899999999998,158.20549999999997,0.26168456,0.10960805
fbb3db415,5,9.6,0.7658205793,1.0,0.0,99.48740000000001,101.078,0.14210662999999998,0.062243740400000004
fbba51f97,1,9.0,0.8057158166666667,1.0,0.0,83.84299999999999,83.84299999999999,0.180059,0.02917396
fbc0c9535,5,10.0,0.7865580798,1.0,0.0,46.6188,53.006,0.422651584,0.0794261142
fbc6507e7,4,10.0,0.7535401814999999,1.0,0.0,59.976749999999996,54.1815,0.4063552375,0.139713697
fbcea110f,1,10.0,0.785137368,1.0,0.0,118.00899999999999,118.00899999999999,0.19387992,0.04571246
fc02869d9,5,9.4,0.7806654703944444,1.0,0.0,102.25219999999999,125.181,0.34407259,0.0923343728
fc0952bea,1,10.0,0.776815118,1.0,0.0,160.452,160.452,0.3277553,0.25757304
fc0b0843c,3,8.333333333333334,0.7708764031018518,1.0,0.0,132.37133333333333,156.902,0.19083596666666666,0.07523091666666666
fc19f9c36,3,8.666666666666666,0.7862937654867724,1.0,0.0,95.54133333333333,111.063,0.44972233,0.2529498533333333
fc2012c7e,5,10.0,0.8744381508,1.0,0.0,77.7142,84.113,0.301376266,0.079153659
fc2925be3,6,9.666666666666666,0.7625806498333333,1.0,0.0,123.62249999999999,119.532,0.21066021833333334,0.047115572
fc2ac0b04,1,10.0,0.7695751639999999,1.0,0.0,89.624,89.624,0.1857351,0.18817033
fc43d7ddb,1,10.0,0.6640430220000001,1.0,0.0,195.219,195.219,0.46771327,0.34160584
fc46e61c5,4,9.75,0.7741132361666667,1.0,0.0,121.2825,117.82049999999998,0.3042827225,0.061936588
fc48054c2,4,10.0,0.8164807145,1.0,0.0,96.5285,108.73349999999999,0.32446628,0.16918140599999998
fc4b199fa,1,10.0,0.794639529,1.0,0.0,158.27,158.27,0.113681704,0.027761253
fc4d1c61e,1,10.0,0.771571535,1.0,0.0,231.61599999999999,231.61599999999999,0.17205295,0.04463616
fc52c0c82,5,8.6,0.7558835464222222,1.0,0.0,53.37519999999999,47.488,0.261493332,0.055478300800000005
fc537bc7f,1,10.0,0.79424425,0.0,0.0,167.95,167.95,0.4095723,0.3024201
fc601e041,1,10.0,0.7299619709999999,1.0,0.0,22.772,22.772,0.15866227,0.099659696
fc63194d1,6,8.166666666666666,0.7771324269642857,1.0,0.0,89.18766666666666,98.267,0.17817346,0.043512154733333336
fc6976a96,5,9.6,0.7748094553777778,1.0,0.0,161.94559999999998,196.099,0.33898533,0.0869017886
fc710f1e8,1,10.0,0.8319817070000001,1.0,0.0,120.032,120.032,0.24316345,0.103624694
fc7b01af6,3,9.333333333333334,0.7677996581481481,1.0,0.0,21.615666666666666,24.962,0.41745471666666667,0.24145414
fc7f7797c,1,10.0,0.7992053809999999,1.0,0.0,228.82500000000002,228.82500000000002,0.16840187,0.1451235
fc7f99ad7,1,10.0,0.789733681,1.0,0.0,118.82,118.82,0.06308675,0.019899305
fc8220250,1,9.0,0.7528302488888889,1.0,0.0,151.773,151.773,0.1188225,0.32390314
fc8388b28,1,10.0,0.795674432,1.0,0.0,82.684,82.684,0.21817513,0.027055152
fc93d7cc9,2,6.0,0.774776203,1.0,0.0,88.03649999999999,88.03649999999999,0.12083159,0.030632154999999998
fc93e5aa5,10,9.2,0.7814059770138889,1.0,0.0,136.0108,134.356,0.325727618,0.07957856420000001
fc96276a7,1,10.0,0.830322021,1.0,0.0,20.526999999999997,20.526999999999997,0.7708955,0.21782865
fc9773fa5,4,9.0,0.7702947738333333,1.0,0.0,175.54825,193.17899999999997,0.3204114175,0.121856576
fc9b4b692,2,9.5,0.7518196661111112,1.0,0.0,104.4745,104.4745,0.31556788,0.075942225
fc9cf8b8d,1,8.0,0.7091694024999999,1.0,0.0,48.391,48.391,0.18117839,0.065625995
fca85f778,2,10.0,0.780908158,1.0,0.0,110.37349999999999,110.37349999999999,0.189627645,0.1185966555
fcae5bea5,2,9.0,0.723718692,1.0,0.0,119.45649999999999,119.45649999999999,0.26016529499999996,0.027491408999999998
fcb565f06,4,10.0,0.810944422,1.0,0.0,105.17224999999999,85.99149999999999,0.2291891875,0.19904176
fcc138c39,11,8.909090909090908,0.7239943504191919,1.0,0.0,190.86163636363636,197.41299999999998,0.29330995545454547,0.05277413859090909
fcc2ea490,6,8.5,0.7125241174345239,1.0,0.0,150.68183333333332,156.08049999999997,0.163540875,0.022318392583333332
fcdf10cb0,1,10.0,0.776256287,1.0,0.0,16.968,16.968,0.17990972,0.09142492
fce6f8dff,1,10.0,0.788968943,1.0,0.0,88.112,88.112,0.16342026,0.046999652
fce854722,2,10.0,0.834691192,1.0,0.0,157.1565,157.1565,0.26498694,0.21761186
fce9a96ce,2,10.0,0.7657378269999999,1.0,0.0,175.312,175.312,0.169780595,0.012261220500000001
fcf377cce,12,9.083333333333334,0.7451598520291004,1.0,0.0,106.44858333333333,116.893,0.2368414525,0.048107634749999996
fcf5f5a0d,3,9.666666666666666,0.7470644651481481,1.0,0.0,168.42033333333333,189.34300000000002,0.15442354666666666,0.030759971466666664
fcfae453e,2,8.5,0.7600564313194444,1.0,0.0,100.137,100.137,0.34868805999999997,0.0848132165
fd015c129,3,10.0,0.7922418846666668,1.0,0.0,143.98833333333332,120.57499999999999,0.32462887999999995,0.089836972
fd123a15d,2,10.0,0.7731269335,1.0,0.0,83.90299999999999,83.90299999999999,0.18299365,0.124783215
fd139f4e4,2,10.0,0.8191608505,1.0,0.0,153.30700000000002,153.30700000000002,0.29897722,0.2121488
fd1bf9554,3,9.0,0.7758595959907408,1.0,0.0,129.34533333333331,121.29799999999999,0.2253567,0.109178186
fd279ad95,3,8.0,0.818748852771164,1.0,0.0,161.11866666666666,154.9,0.14566540666666666,0.02517731133333333
fd2cc8576,1,10.0,0.793380877,1.0,0.0,239.575,239.575,0.36243662,0.09014754
fd2d48292,2,8.5,0.7552101884285713,1.0,0.0,80.7855,80.7855,0.32643208,0.10383426500000001
fd3172797,11,8.454545454545455,0.7446920046803751,1.0,0.0,146.36545454545455,155.70099999999996,0.1900569952727273,0.07425614027272727
fd32ce3ef,1,10.0,0.6929551540000001,1.0,0.0,48.886,48.886,0.18716274,0.12107408
fd33218b8,2,8.0,0.740406868095238,1.0,0.0,103.032,103.032,0.37075091,0.099423965
fd3804c20,4,9.5,0.7735979419375,1.0,0.0,70.51799999999999,51.8245,0.249654265,0.10037029774999999
fd39fef15,9,9.555555555555555,0.7808776972645503,1.0,0.0,69.65977777777778,52.751,0.19897891666666667,0.11284541422222222
fd3c1a3bb,3,10.0,0.7697815643333334,1.0,0.0,21.557666666666666,22.125,0.3778416066666666,0.09647320333333333
fd48a560c,3,9.333333333333334,0.7390201090833334,1.0,0.0,49.01566666666667,49.744,0.149255635,0.101138862
fd6dd3835,5,8.6,0.7420200100333333,1.0,0.0,122.75839999999998,156.396,0.341101364,0.09873395840000002
fd717a456,1,7.0,0.7534386957142857,1.0,0.0,198.326,198.326,0.41000664,0.09105099
fd71f9fb4,7,9.571428571428571,0.7845242934087302,1.0,0.0,156.4247142857143,157.84199999999998,0.21447354714285716,0.060044101
fd740c8dc,4,9.75,0.7406402536388889,1.0,0.0,106.47449999999999,107.6395,0.31754422,0.07120519474999999
fd7811109,1,8.0,0.80167996,1.0,0.0,22.403,22.403,0.23912667,0.059660077
fd7f76b49,1,10.0,0.8291828429999999,1.0,0.0,238.87099999999998,238.87099999999998,0.34898403,0.113919765
fd8c80281,5,8.4,0.7782329847238095,1.0,0.0,58.2812,83.249,0.351957912,0.1546757088
fd9a060d7,3,10.0,0.7704073643333333,1.0,0.0,117.73500000000001,120.73400000000001,0.16712708333333334,0.056341406000000004
fda10b9ed,3,10.0,0.897342634,1.0,0.0,92.09466666666667,113.01,0.21822141666666664,0.06922765666666666
fda733a81,5,7.6,0.8346786691809525,1.0,0.0,129.6966,84.25,0.317884422,0.099716108
fdb03c163,2,10.0,0.750708433,1.0,0.0,22.519999999999996,22.519999999999996,0.28686393,0.09291918
fdb71d0c8,1,9.0,0.7346472977777778,1.0,0.0,52.121,52.121,0.19429122,0.13822407
fdbc1c567,1,7.0,0.80824917,1.0,0.0,28.120999999999995,28.120999999999995,0.1415696,0.032951787
fdd191ba0,8,7.875,0.7273754805873016,1.0,0.0,147.04912499999998,118.06649999999999,0.19602930875,0.088709675625
fdd77ab31,3,10.0,0.8555036013333334,1.0,0.0,150.893,192.89600000000002,0.22259767,0.11871199333333333
fde52ef8f,3,8.0,0.6833774554166666,0.3333333333333333,0.0,143.83433333333332,191.873,0.36417939000000005,0.04877703333333333
fded1ee28,8,8.125,0.7624244466577381,1.0,0.0,177.28625,171.0695,0.20136713375,0.08771814850000001
fe15cb88c,1,10.0,0.7720743090000001,1.0,0.0,196.214,196.214,0.094745874,0.018061697
fe2209833,2,10.0,0.8129615255,1.0,0.0,155.89299999999997,155.89299999999997,0.19049401500000002,0.06906867750000001
fe22cc3da,1,10.0,0.8463933149999999,1.0,0.0,117.74199999999999,117.74199999999999,0.13974431,0.017627694
fe250bce9,5,9.2,0.7339004438,1.0,0.0,106.91199999999999,116.378,0.27232464,0.0471383992
fe2757847,1,10.0,0.7362412660000001,1.0,0.0,245.701,245.701,0.35053685,0.23616864
fe2cc3feb,3,9.666666666666666,0.7810836482592592,1.0,0.0,105.95566666666666,117.874,0.20602738333333334,0.049138628
fe3a83fe5,4,9.75,0.7847339579444444,1.0,0.0,138.7285,138.048,0.15726062,0.11437738
fe481f81c,1,10.0,0.7498817910000001,1.0,0.0,159.18099999999998,159.18099999999998,0.29077035,0.28266603
fe4b30cfb,3,10.0,0.7616885313333333,1.0,0.0,119.74633333333334,119.132,0.22826389666666666,0.23866920666666666
fe4bb01a6,4,10.0,0.8052724532500001,1.0,0.0,173.30124999999998,173.79749999999999,0.2361963925,0.055282505999999995
fe5d572be,3,9.666666666666666,0.7859390361481481,1.0,0.0,52.650666666666666,22.195999999999998,0.16937163333333335,0.11694993666666666
fe5dc391c,2,9.0,0.763296530375,1.0,0.0,87.7715,87.7715,0.44084585,0.118796452
fe74d6173,1,5.0,0.75878538,0.0,0.0,201.04999999999998,201.04999999999998,0.22927034,0.30680093
fe790ba60,1,10.0,0.753682447,1.0,0.0,50.153,50.153,0.27940124,0.117499135
fe7bad7d4,3,10.0,0.8055290316666667,1.0,0.0,71.907,49.609,0.15934622666666667,0.019568736166666666
fe7e662c5,2,10.0,0.789598494,1.0,0.0,124.5025,124.5025,0.38403073,0.0763094
fe83618e5,3,10.0,0.6994956403333333,1.0,0.0,146.94866666666667,126.81099999999998,0.21303133666666665,0.22089258333333336
fe854f6a1,3,8.666666666666666,0.7814544423333333,1.0,0.0,20.808666666666667,21.028000000000002,0.45464499666666663,0.163772945
fe879c04e,3,9.333333333333334,0.76285673425,1.0,0.0,145.87166666666664,154.47199999999998,0.14940903,0.071343332
fe9307848,3,10.0,0.7479023363333334,1.0,0.0,133.40733333333333,119.12299999999999,0.19192685666666667,0.10663082333333333
fea9183f6,1,7.0,0.7826522871428571,1.0,0.0,80.90100000000001,80.90100000000001,0.30052868,0.17260031
fed21411c,3,9.0,0.8234078938571429,1.0,0.0,97.49133333333333,80.017,0.15937632666666665,0.036019273
fed43b600,4,9.75,0.7415826864722221,0.75,0.0,69.636,36.3505,0.462859115,0.27897372249999997
fed799a78,5,9.4,0.7655239099777778,1.0,0.0,22.0152,22.136,0.48063304,0.102757134
fee0b4da6,3,10.0,0.7615252643333333,1.0,0.0,169.2976666666667,191.153,0.26695816,0.08073187833333333
fee5e43b2,3,10.0,0.8272099593333334,1.0,0.0,77.87,16.689999999999998,0.3765748,0.14742636
fef340804,4,10.0,0.76008645425,1.0,0.0,17.956249999999997,18.074499999999997,0.3014076875,0.08458149775
ff05d4438,3,9.666666666666666,0.7671782261481481,1.0,0.0,170.18266666666668,158.554,0.28299757,0.063478547
ff0b61121,3,8.0,0.7810829699166667,1.0,0.0,161.186,156.896,0.14127061666666665,0.0263826695
ff10041de,10,9.9,0.7653922988444444,0.8,0.0,136.4001,121.9645,0.23466095400000003,0.1634442736
ff125cf8d,1,10.0,0.7950834770000001,1.0,0.0,22.972,22.972,0.22907753,0.16636798
ff127e4d3,1,10.0,0.838591995,1.0,0.0,47.995,47.995,0.3161472,0.18548387
ff16e6dad,2,10.0,0.765531604,1.0,0.0,21.084,21.084,0.35793777,0.152098495
ff2224b9d,1,10.0,0.8160810510000001,1.0,0.0,25.153,25.153,0.18782216,0.03419348
ff2cf88a0,2,9.5,0.7645549623333334,1.0,0.0,118.08449999999999,118.08449999999999,0.16015825,0.062781822
ff361d3b6,3,10.0,0.7286754449999999,1.0,0.0,61.30233333333334,48.308,0.3151882833333333,0.17608971866666667
ff47b9a27,9,10.0,0.8259764383333335,1.0,0.0,29.55944444444445,24.185,0.4890370133333334,0.2191775511111111
ff498c903,5,9.0,0.74028114655,1.0,0.0,40.6444,49.364,0.27347216799999996,0.083143258
ff5158511,5,9.8,0.7767318835555556,1.0,0.0,124.55019999999999,118.36799999999998,0.20614578199999997,0.0670817244
ff5ea4f84,2,9.5,0.7630766645555556,1.0,0.0,190.302,190.302,0.26020254,0.037157474
ff601e5ec,2,10.0,0.8148973960000001,1.0,0.0,121.792,121.792,0.23826064,0.3325868625
ff618d36f,1,10.0,0.7646803249999999,1.0,0.0,193.699,193.699,0.20771186,0.11164389
ff6ff53c4,5,10.0,0.7252628938,1.0,0.0,148.75920000000002,186.363,0.220213214,0.115643428
ff706f8cc,1,10.0,0.792902238,1.0,0.0,55.158,55.158,0.25720283,0.10740829
ff7d25ffb,9,9.444444444444445,0.8143585333302469,1.0,0.0,58.79133333333333,21.325999999999997,0.38490693666666664,0.12768074511111113
ff7ff0f3c,1,10.0,0.7637759350000001,1.0,0.0,77.488,77.488,0.14909685,0.029053481
ff832cb7e,5,8.6,0.7309509889333332,1.0,0.0,34.5706,25.054,0.26313548600000003,0.1147087612
ff85f13d7,2,7.5,0.8115499847222223,1.0,0.0,185.37599999999998,185.37599999999998,0.27006566,0.21645183
ff891d6b6,1,9.0,0.8182658422222223,1.0,0.0,116.367,116.367,0.23465574,0.018817205
ff8e4c708,9,9.666666666666666,0.7781136363492063,1.0,0.0,91.76222222222222,50.897,0.32458900333333335,0.19003803522222223
ff8e7c016,3,9.0,0.7607980422129629,1.0,0.0,96.22933333333333,115.307,0.18306920666666668,0.10515303
ff9ce365b,1,10.0,0.794528357,1.0,0.0,154.36399999999998,154.36399999999998,0.16102293,0.13092063
ffab93d18,4,8.5,0.7825358662549603,1.0,0.0,47.737,17.302,0.2420544275,0.274096324
ffb33c204,3,10.0,0.7649623160000001,1.0,0.0,76.693,90.589,0.24651088333333335,0.07708983666666668
ffb3a78e1,1,10.0,0.737517849,1.0,0.0,155.52100000000002,155.52100000000002,0.17594737,0.13449532
ffb6a7f5d,5,8.8,0.8092370345380953,1.0,0.0,98.6842,84.54400000000001,0.40125203000000004,0.069632328
ffd2e82a9,3,8.0,0.7503590237222221,1.0,0.0,92.82166666666667,52.544,0.23490867666666668,0.15056342
ffdad97e5,2,10.0,0.7870176595,1.0,0.0,37.226,37.226,0.25766929,0.081994725
ffe5a0271,4,9.0,0.7394166635,0.75,0.0,91.23124999999999,66.2305,0.1681342425,0.1107399
ffebad2e7,2,10.0,0.7372643965,1.0,0.0,90.14399999999999,90.14399999999999,0.39759811,0.07600589499999999
fff24fcb5,2,10.0,0.731373724,1.0,0.0,155.3365,155.3365,0.31690593,0.19700682000000003
fff4a6420,4,9.0,0.7623863262420635,1.0,0.0,117.53725,133.487,0.2385626525,0.10206410125
fff6f2f61,1,10.0,0.731250664,1.0,0.0,25.897,25.897,0.18769498,0.13465996
fffd9b5a8,1,10.0,0.887727851,1.0,0.0,117.364,117.364,0.26332593,0.4019251
