PetID,conjunto_petfinder
3422e4906,train
5842f1ff5,train
850a43f90,test
97aa9eeac,valid
8b693ca84,train
aaedd873d,train
c02be41e6,test
1fd342e17,train
f9d07d5fa,train
1c92ce464,train
6436c1a59,train
234a5a54c,train
1bf24d8be,valid
7843a9dca,train
1a76190c5,test
543130f60,valid
deff069a2,train
4e3640544,test
671ffc570,valid
aece6e7bf,train
c1e816568,train
ea159d8da,train
af1035c81,train
6fecc5cf7,train
015c75c9e,train
9609a0b86,train
c740abfe1,test
d765ae877,train
8ce183889,train
f0ef9c777,train
3181e5424,valid
9883a048e,train
b0dec8779,test
e8d0907ae,test
ef14861df,train
a9bc357f0,train
aaf4a1439,test
1e62e6022,train
4e797dcdd,test
45d2ddcb8,train
259b10a3e,train
d2490c888,train
2c93c0c11,valid
35593da00,valid
4cc70e613,train
ff125cf8d,valid
c30dd6e9a,test
be9474b85,train
815f4cc08,valid
867308404,train
258667857,test
fd3172797,train
8df0bb3b3,test
3d0752cd9,valid
573b3ec3d,valid
6a763a055,train
a44d42407,train
cc8401c02,train
43ddb2eb4,train
dae92dd61,valid
a6ac8884b,train
d50e11ec5,train
27b6e5aca,train
80ebea85c,test
b84dad49f,train
f0a2122d4,train
46d88ca3e,test
c61f6507e,train
e464fcd4b,train
86379f12f,train
392d3346e,valid
35c0c3aca,train
d080818c3,train
6f0cb510a,train
61ac3c78c,train
368b2adc1,train
4c594983d,test
05f99fc56,train
6d9b202c9,valid
54791dc58,train
48b418070,valid
8e0d65b3e,train
9a34ddc8b,train
474bccd75,train
e4abb93bf,valid
a8cdba660,train
9bcd62ef1,train
c3f2f166d,train
687e9c33c,valid
bb5f471dd,train
dcba09ff1,train
d7f938acd,test
ea11b6f12,train
3332eb59c,train
594e3dc3f,valid
fbb112b7e,test
d14d62508,test
747c82f83,test
c737c30d7,train
03b0568b3,test
5c28a8cec,valid
2c8ae4c7e,train
cd7bea671,test
aa189a931,train
eab8c8c03,train
3b4a987ba,train
1bbb46822,test
702bee848,test
66757255c,train
0b0f596b5,train
938bcf142,train
bea72e6c5,train
52e555a3a,train
3998bcfec,train
e62e5aa26,train
1eb8a0278,train
207d61997,train
65d10be4d,test
c7b468b32,train
249112486,train
b243b8e93,valid
89523a695,valid
b5fcc079e,train
d4e83ee5b,test
74e316be1,test
039509c40,valid
eeb60466e,train
82137b39f,train
f70251906,valid
e83f846eb,train
60b9421cc,train
0bd4aed6b,valid
ae03f99f2,test
6a5c652b5,test
706a9cd5c,train
62550cf78,test
701c5afba,train
7bce76c66,train
3b0b88ac2,valid
a88d34ee3,train
061378b30,train
d5b9e0322,train
a2dc697f6,test
be7b65c23,train
e37f4aa07,test
7de2f688b,train
e7020fa9a,train
be23e42d0,train
1c59cecac,train
e7e1904f4,train
d78d1dec0,train
0443d6f82,train
fa1a30192,train
d4d6997e3,train
d13d93f69,test
3bef75882,train
60bf93971,train
e9eeadf82,train
a4530b1d0,train
da6bb3100,train
79669f807,train
3af2b1473,valid
b8976d821,train
9eb98f34c,train
e317b2a73,train
ebd78e1d4,train
0822c54d5,train
4036e0e12,train
0fb490c9b,valid
284be445a,valid
145883970,train
e3d9dc96d,valid
6e643eba1,train
a1b3dafc9,train
bda2d149e,test
6cb5381cb,test
366a03818,valid
a8a8f95f6,train
5eeb10b7a,train
f03b04b1e,train
a672ea96d,train
aafb75ee8,train
e9cf01a21,valid
1c74d62ed,test
2148c2ef6,train
479500716,valid
1afdf61ec,valid
110d4487e,train
27cede3cf,valid
99dcd9020,train
a13ed5e9d,train
82aa52460,train
4c9f111f1,valid
eb6c692dc,test
109c4f5a8,valid
eb652ec07,test
026ebf139,test
1a9733afb,train
1a54d4e92,train
8526200d3,train
8df39788a,valid
045543730,train
bf50b399e,train
dee525fcd,test
ceed27182,train
9c87d70e5,train
4574e3de4,train
794a45833,train
800a7c025,train
6c75b9082,train
3f9f466d1,train
8bf9a6b80,train
3a3ae56f1,train
9718baba0,train
cdd7aee45,train
ba311fc1a,test
bb05c1ce8,test
4060caeb1,valid
5a2c8a05f,train
75bbaa3fa,train
b4eb7f4df,train
fd32ce3ef,test
a15d8c8a8,train
ab599a6ac,train
81da09ea9,test
0f122f712,train
58a10d0cd,train
3b1976326,train
bfb33b149,train
375905770,train
9ec161c16,test
19f38a3f0,train
e2f1f5377,valid
b912b1114,train
bd9e9d9e2,train
084874570,train
3cc84c2f8,train
9a770c49a,test
997db5df5,train
8705145ca,test
81d97fa9f,test
78b07d4e0,train
fb3bd80d1,train
1a1283447,train
90592e40c,valid
e4e5ea1d2,train
e7a74fca8,test
a5595a935,train
c7575df7b,valid
e81c6347b,train
76d5726c4,train
1a9e7158e,train
d38bcdf49,train
85a79f281,valid
91c2159dd,valid
91d6a2898,valid
cfddf0c47,train
072ae6d9e,train
b5df81f99,test
2c24655fe,train
c8208c3c9,test
9a9f6c753,train
92b89a666,train
6819ce556,test
17bdf954a,train
53cd96ef8,valid
da327c74b,train
878e36da4,valid
1ffe668f9,test
9a2f44ddf,train
432904c5d,train
d30b90a39,test
20559d623,test
3b0b2a86a,test
64c1c412b,train
0e6dd5e23,train
184ea777b,train
86547ad6d,train
ead547f1b,train
703f38466,test
60b188249,train
3c5e8cc5d,train
9f533475e,train
0636650db,train
d8128cefd,test
dd2ec7bf4,train
fcf377cce,train
d4b028ea8,train
7f8f45a35,test
c92256e41,train
6c3a05812,train
5d1fa8ddf,train
68cdd6d6b,test
1171c9a41,valid
3db150833,train
3b8b38508,valid
2e1d4e279,valid
c3cafb38c,test
a6e902691,train
e3f841674,train
2cea63a41,train
1751240fe,valid
9a3c966a9,train
27104e464,train
da8a47785,train
1ba11aaaa,train
e5164d828,valid
a0dd85af0,train
0392c0c81,train
fff24fcb5,valid
1195168b6,train
accca912b,valid
27c4981c9,test
12d514ef2,train
17e6747da,test
0052dcf47,train
cdb855a69,valid
6f93a41c5,valid
dc56ff89a,train
23379775f,train
fca85f778,train
87f4ea65f,train
97dc6aa32,train
bb4c6519d,train
d95eabfe9,train
146d950bc,train
0b8614414,train
20d4ea30e,train
f98750599,test
fc9b4b692,train
487abc5e1,train
5c66641a1,valid
518f86025,train
8dfe4da6a,valid
94bcf0199,train
e758e4c0c,train
f2b656028,test
782eb0d9d,train
7fd7b7583,test
655cfc630,train
7687b7da2,train
203e2bd3c,train
6b0103c04,train
f99a5e817,test
157e3e074,train
68731378e,test
eb8aeff64,train
79f8b048f,train
846e720dc,train
13d0266c5,train
9744dcc69,train
a2ae5fa7d,train
b9d6b1488,train
1ffb40e20,test
1ee56e81a,train
f4415e636,test
f91147e5f,train
2418f7929,train
0e4049f6d,test
daf1a8d08,valid
1ba69dec6,test
cfe285c5f,train
92caf1d01,train
37bf6da18,train
24d9b76ae,test
c0ca6dd73,train
6f72c46b5,train
c8fc0d746,train
7b8924342,test
b8bf2c090,train
44bba906d,train
7d1d7a4f6,test
fbaec0999,train
43b277272,train
36cc00cf3,train
4bff9728d,train
77fa5cdd7,train
a76983523,test
c60e6aff7,valid
3304185a1,test
d7dc2efde,train
59b224cc9,test
32ef0472e,valid
4f7aa1d3c,train
8b63e1b21,train
7395053bc,train
88030e16e,train
694caa813,test
4eb61ccb3,valid
99558286a,valid
7f8955f6a,train
9397426ea,train
cb9cffdff,valid
11960b9ed,valid
9dd9f107d,train
58fe1756c,train
ebbf04d10,valid
30dbb2e50,train
3536e1efd,train
de993d8ad,train
d8c1859cb,test
9ef475fbe,train
7ca780c35,train
c039154f9,valid
4be73c550,train
4683d863b,train
ff05d4438,train
79b514f79,train
4e7a22c99,train
8c36b62a9,train
6d59be88d,valid
181fb7dae,test
1aef9fc86,train
b386bb45c,test
b7fa5b815,train
070faf086,train
36a216956,test
ae524a36a,train
a0ece637e,train
154d24447,train
9e0b14cf6,valid
80fcac43d,train
a2b42f2e5,train
0baab7556,train
e825b8b9f,valid
14357e2ed,train
056437112,test
abc69ab7f,train
dd5797b7f,train
59d4947b6,test
28c005011,train
dc0ee2c73,valid
124f45c2b,test
bcf13ec9d,test
2d33077f2,train
842528c2a,valid
96a1bce27,test
d2dd62cf2,train
53549acd2,valid
f981112a8,train
d83aa1f02,valid
9e27976e9,train
3a67f200f,train
c93c0faa3,train
c9439e71b,train
9725bf4d2,train
a58d8080b,train
796774834,train
db635ae93,train
137916924,test
30e66b835,train
1bd200942,test
ff7ff0f3c,train
64568c4a6,test
caf3220f8,train
2d837689d,valid
cc8bf5e79,train
4a8caef08,train
642a88a93,train
5f2edae7c,train
a22c43e29,test
92c2878db,train
d0b61aedc,test
bd5ac00df,test
2db6c996b,train
f7af4ce3d,test
102482c40,train
7d028bdea,train
c6556750a,train
defc7be05,valid
209e4f717,valid
303ecdb58,train
4c1a9d86f,valid
8c17f26c4,test
7ddc32b12,valid
3e4f81782,valid
f2755d8bf,train
cad137e83,train
0e8c2a1aa,train
b8d244dd5,train
4e00cd0ac,test
8563bddec,test
f3b4e3f5c,valid
ca144ac2a,train
b612d6ba3,train
c517992c8,valid
661bcb904,test
d6e342121,valid
e4253889f,test
4e01721aa,test
b90e6ec69,test
bbff353ce,train
4a0cda147,train
7a54b760e,train
4c5dd1f7c,train
7be394a98,test
87074d17f,train
a578345c4,train
052b0ada8,train
529025eb8,train
3d3aef491,train
c37cd2095,valid
a79fe858d,train
fd279ad95,valid
c1ba2169b,train
d01e08ee2,valid
fc4b199fa,valid
ed6684f3a,test
27bf3ae34,train
cec359a78,train
ebcdfedd2,train
7f4fb6f7e,valid
6c5f1f0a3,valid
d4c9eaede,test
bd30ea4fa,test
6dac572be,train
fb0180584,train
281e2d7e8,test
bf74b13ab,train
02d6020a9,valid
12f9b8e6c,valid
468cec390,valid
b2a23ac85,train
a92b06d0f,train
7af7d9cb6,valid
99558ec92,train
4d20f6163,test
d6cfa5d4b,train
5e390710c,valid
056cc22d2,train
204a3b926,train
640e18ef0,train
b63d76ef4,train
8435e081c,valid
9c580ca06,test
706c85343,test
73501589f,train
94fa9ff25,train
06bf9e676,train
e25d4dcb1,train
5c810c552,train
54c2d49bb,train
30dd541af,train
3209cdc3c,train
9b980624e,train
6f3e5cbd8,test
4669945ed,train
1b932e373,train
a0f88616c,train
59e24567e,test
50361acf5,train
50e35cd70,train
76288167b,train
f93283e0c,train
6be0a8fcd,test
151d50f53,test
a81084ff0,valid
c712cfd20,train
467614705,train
88ac92eed,train
9fa760b69,train
04e7d89c0,train
93f758039,test
85b57bb1e,test
0bc3f09be,train
0f311b358,train
32148e0fc,train
da8d4a273,valid
deeea2b65,valid
12380b365,train
cc60d07c7,test
3a4178fe9,valid
355743336,train
97db95d21,train
e42dc215d,train
2b5a3c81d,train
6029bf590,valid
78ad8f1a2,train
3089a5bd8,valid
cb5597fb1,train
1a3a45096,train
382e4bddd,valid
944db63df,valid
1d03b6d7c,train
e3a5332ce,train
e5e083218,valid
b75594e30,valid
0bd2d5882,valid
ea319fdec,test
300337abe,train
90a967a14,train
76358e754,test
8dd958339,train
796382bf4,valid
81a176a02,train
67e7da152,valid
d721ed589,train
1a018ef15,train
1bb0600a7,test
e04df6caf,test
62d6817ab,train
faf6a8cd0,train
86d203b94,valid
2e6fc0342,valid
f849d1829,valid
32918fcdf,train
abdeff83f,test
8311f29c4,valid
69c8c9463,train
aefafcc66,train
228d72748,train
e21d09b79,test
833c51fd2,train
38e12233c,train
4d6a996c1,valid
52238d3bf,train
e99c4a55d,train
727a1c793,train
24afd5f54,train
d2d9924f0,train
5419155f2,train
48f5de7e9,train
cad1a9f54,train
952501bdb,valid
798f4a1e4,train
98c17f102,train
4a67bf90d,train
e152df77a,train
26627b528,train
2c15f3086,train
6b820b13d,train
ced0659f2,train
bea0802eb,train
066521b34,train
bd37ccdd5,train
35f8b4bff,train
5b56430cd,test
36ab1bdc9,test
d6ad64584,train
492fe3371,train
4e4ba4429,train
d111847a0,train
ab2bb4a0c,test
9e25c09b2,train
eabef1496,train
ff832cb7e,valid
3de6bc035,train
854319675,test
51df78553,train
fb8efea32,test
40b53f6c2,train
9951b9762,train
19d7de899,train
eb42f77fd,train
ab09748d1,train
98e211da3,train
d4aa3713a,train
c0771fde0,train
009239f92,train
b2056e185,test
4f678d1cf,train
b7d753c5a,test
2e85b81d7,test
400e57095,test
848c1d759,train
6d4bdde4c,train
ebba4f83b,valid
4c1981df1,train
378406cf4,train
c9a00b80f,train
2398599fc,train
27e458086,test
7439df9c4,train
1d777bbcd,valid
6679c179c,train
15a491e20,train
fe3a83fe5,valid
e0dbd7901,train
c93e37265,train
577de26db,train
1076dcc35,train
29bf0cb2c,train
6984c8d7e,train
5980b0699,test
d73b2a4c6,train
dc20a0cea,train
14c6c68e2,train
6593bd2a2,valid
afaadb62f,train
ca39f5e93,train
1ec7dc903,test
a2037a7b0,train
227580301,train
f95b39c6f,valid
ff10041de,train
a7eb03730,train
f1cc9dd25,train
385028a00,valid
8bcb0a0e6,train
bc14f3a48,train
e92ed29c2,train
a655655d4,test
8140d2734,train
0fe58286d,train
c2f9689c2,valid
f47fc05a6,test
62e2e9071,train
1f2c63312,test
00648f96f,train
f70a1bf5d,train
6eb8a8e8e,valid
da5295aaf,train
afec4c35e,train
73066f6ff,test
6af981c61,train
5685ae208,train
f60ee7233,train
f67dcb4b3,train
140ef35de,train
7f7e9db52,train
28ec2de89,train
d50b449f0,train
5d2f7761c,train
cf795bb00,train
896bb46bd,train
f6c91bc20,train
c0bc43dd6,train
85094deda,train
edef78673,train
95a89f5f2,train
61dc8345a,train
bde802b84,valid
125522846,test
4a1702099,test
29aa0b74b,train
eea15297e,train
b421d0d48,train
e1f08c5b2,train
611970ebc,train
e25112cac,train
29466dcf4,test
5bc5b43ae,train
6348b55cb,train
71f245b82,train
245434d5d,train
c70a3fcc5,valid
dbc39e84b,test
f0057428e,train
3afe6f1fc,test
70be9c861,train
2931d3eac,test
f77452d59,train
2f72b9f33,test
a662626a6,train
e21ecf520,valid
077001793,train
689e4e3bf,train
310ea711c,train
1f949d065,valid
1dcb1fe2f,train
9b251f717,train
c49629a90,valid
bda912e4e,train
ee5ceb065,train
2430b50b4,test
b03c17502,train
a710da2ab,train
a1d8d917c,valid
55e32b4b7,train
27a8bdbf8,train
f0ee32b27,train
591f1d67c,train
b1e590596,valid
66f6cd1cb,train
c54b26d73,test
7ed1216f9,train
ea303d329,train
0c2e0fc7d,train
a8b9d57b4,valid
4ea7c5d48,train
70aa95825,valid
f024e91b9,train
c842fa148,train
25f6db0fd,train
c23b2926e,train
76a063a20,train
6a8d98847,train
a5bed2b62,test
8167f58bb,valid
04e829d49,train
86f7b4013,train
2de32b48a,train
cd5a7effb,train
a2a899dab,train
2fcdfb0e1,valid
ea433c341,valid
5a7207717,train
fc8220250,train
1ca9db40b,train
7f51a7e88,valid
b593502c5,train
9f02a1c14,train
c4e0d125b,train
ea7ec0562,train
eb900ff8a,test
cf51903db,train
37438ea50,test
21b90ff68,train
b7d23de06,train
2ee5073bc,train
86f40e2b4,valid
924cc5438,train
6f3e4618d,train
467aed7e3,valid
733f9942b,train
0a9f9f178,train
283424d80,train
8fa2d16db,train
6ea58b8ac,test
bedd7f1e7,test
b551658f4,test
b2c120250,valid
451bf38f1,test
e61aceb9e,valid
12d48709c,train
f680cd37a,train
f4f5588c6,valid
9af15c8f1,train
b7da4e981,train
19caeb6b5,train
c919eb44b,train
60f317698,train
04a6267e4,train
060b52c3b,train
d919bd302,test
96ba0193d,train
e2b5913e7,train
e19ee42ce,train
86c412966,train
a4385e043,train
e58eb3249,train
dfff88c90,test
3625dd7cf,train
dcf2641f2,train
e910d17de,test
e1c40a1eb,train
c8779a4a1,test
c90558513,valid
6da65afb8,valid
b4475834d,train
204ca9f14,train
6bf7eec1e,train
54224dada,train
818cf6f02,train
35b51bb28,train
72acdecb7,train
c05a9c0c8,train
0ce80622f,train
9668972cc,train
8e372fc09,train
8ff66c239,train
19bdaed52,train
3e373923e,train
f376f922e,train
b8dd18a5a,train
da8859f46,train
5f2623cb9,valid
92bf4bb1a,train
f77a10b5f,train
8a99dadaf,train
bee25f46d,train
30ca259ed,test
dcefbb974,test
51d3a70bf,test
5e08b9ce5,train
c924a03e8,train
3595648ea,train
1667eb8a4,test
dcdefed1a,train
760c7d8ac,train
48333a921,test
f068b8fdd,test
24993107f,test
7e29d5a9d,valid
12e747332,train
ea1736eec,valid
1555b08c9,test
7e681c7eb,test
deda21b9a,train
81d38d5ec,train
f6ae0d580,valid
1bd13d3e5,test
44817c8f4,test
41bc94422,test
af86d93ba,test
24ee3b57d,train
d1a67cee6,train
943bcd4db,test
352522dbd,train
2e4eb9198,valid
0e4ef28c9,test
c06b6d8bf,test
d3411347b,test
cfd819dd9,train
1a2f33fec,train
44c8447f9,train
1a3da2ae5,test
1c2f669f2,train
52e6abd35,test
cc463360a,train
2469e58fd,valid
42444811d,train
fc9773fa5,train
89fd79488,train
988f48ca6,train
bcd6d7e62,train
b12b6dc93,train
ba6ea2d18,test
31da37bc0,train
9fce612cf,train
2b31f1be3,train
49c8a0216,train
662af5b80,train
a3d4585c2,train
7ba2a5c50,test
26fdc2915,train
ae0076e01,train
919768bb5,train
6b685abae,train
49360414f,train
ca3312b77,train
859426703,test
a428c4daf,train
5c4742e35,test
e064d3504,test
99eb49749,test
50e061767,train
797bcabfd,test
f653550ac,train
241b90aaa,test
b0b33bec3,test
c68f66799,train
00c71a320,train
1238ed024,valid
ee7c25387,train
8c5bf2766,test
11b9089f7,train
4cfee2fbe,train
9b95ec85b,valid
9ef11ed6e,train
5fcb3804f,train
d67c5c6cf,train
68f3cfdcb,valid
02cd64831,valid
37ed9080d,train
7a9ca7419,train
022b37ea0,train
edf80e3cc,train
9012ebabb,train
45c2eb379,train
b94ddd6a9,train
69e10dd04,train
123f15578,train
1a952e440,train
fd2cc8576,train
92189aa31,train
b3185d954,valid
ae0bc846b,train
3d7275647,train
3cfec8730,train
9c3f9ca37,train
143760a33,train
e42fd0fed,train
7c37095b6,train
66b978701,train
6627a8ab8,train
62887c0ea,train
e3d10f7cc,train
074042a24,valid
5bc5e3faa,train
89a396d79,train
91f5bb21f,train
6c3222742,train
199f37bc2,valid
adff46aad,train
6ea2ddaf2,train
b53990a1d,train
31893804f,train
c36943627,train
df7aa79a4,valid
c226ecabd,train
37bbc6060,valid
144ad89a5,train
9c91ae76a,train
a427984f4,train
48f20f515,valid
a7fd7a703,valid
d2b59ecaa,valid
c8f5f9120,train
515d9508a,train
a7a28b4f4,train
9aa2d99f5,train
86bf33207,test
5902c3051,train
3a7d3c17e,train
a8da358d1,valid
829ea64cc,train
54b0c0564,train
6f28d2ab3,test
29e6c171d,train
2db964259,train
c98188040,valid
bca8b44ae,train
e76b8eeb2,train
183c947eb,train
7f5e7cf4a,test
0e0d0a9af,train
6cb63297c,train
229beedff,train
70335663e,valid
b617ce1ce,test
4d75e5771,test
36b57b1ee,train
ef86c51b2,train
5b539effd,train
b3f69b209,train
a1fb1b5bb,valid
90caf70eb,train
c219bf074,train
5dace0494,train
58ef3eec9,test
919a7dd34,train
80034deb8,test
6dac8ec35,test
69f9ebfbc,train
41b98eea2,test
91e1bffc5,train
bb1775dbe,train
858854bb5,valid
cf6995fef,train
0d440b00e,valid
d1878035a,train
b86b0db65,test
7448f3165,train
948f580dd,train
05bde54cc,train
7e48ad81b,valid
a79983c71,train
4a9d058f6,test
de41ebc79,train
a8e5ae23a,valid
ada44e887,train
8378c8af1,train
71e5aca0a,train
a124a31ee,train
1e115d8ff,train
5f235ec16,train
554965e66,train
f33f3512e,train
2b38b60d2,train
fff4a6420,valid
f5170bc70,valid
c32eb7405,test
ce50f376f,train
09e9110e2,test
42fc9a244,valid
21ae91701,train
fbb3db415,train
d6e372a1d,train
cbdeed3f9,train
df8425410,train
ec53a8725,train
24d3b54ec,test
dd2452dfa,test
9223ae4c4,train
b5ff2b987,train
bdbe9a6e3,train
4f6c8d13e,train
c135e081f,train
1dff1959b,train
d1da78c20,train
35fdb89c9,train
7d6847fba,train
5a5ec1a49,train
483f1aae8,valid
2ff9e9534,test
896e733b5,train
28d20bc71,train
784d3319e,test
89dd8e9e9,train
2b980afbc,valid
f1b5c8b92,test
ab385bfae,test
04f7eafde,train
8fc22fd2c,test
fe83618e5,train
27e6b452b,valid
53ac79c6c,test
11b20ee8f,train
8a7fcc8cd,train
6868acfce,train
339a623c4,test
0073c33d0,train
3f222f11f,test
34fcc459a,valid
9d3d3b938,valid
e4deffd71,train
59d95faef,train
4b2150d3a,train
20ba919c6,test
79075eca4,train
3101ea018,train
412b8d565,train
db33da35e,train
b25ad3ff0,train
63dad490d,test
f44a6cdaf,train
5601bd45c,valid
7964fc4ad,valid
6c196faec,valid
8054aad26,train
a111adc75,train
6831a72fd,train
67d853896,train
b3b6d78f5,test
1bf044649,train
35cc85250,test
2959602fc,train
f0b2787f5,train
bec49d8b7,test
fd9a060d7,test
96703e01d,train
1123cd69d,train
bf5c5cded,test
ecad98f44,valid
6c551fd9b,test
5bee46079,train
2dd31e8ff,train
5b72e14bf,test
869a1634e,valid
f61c4cead,train
fe5dc391c,valid
c1816081f,train
7d73574ed,train
7c787403c,train
484af2d62,train
a2b2f53be,train
a6e37f91b,train
b02fcb74b,train
b84ad40b4,train
c4ea89ddb,train
11a3055b7,train
50eddd1bb,test
5be134946,test
11c222a3c,valid
b630ac493,train
8693c4e7f,train
828ac8371,train
8d862cd26,test
de9e02d44,train
7169c3e3a,train
069fc79d6,train
7ca7983b5,valid
064217ca4,test
1ae9a98d3,train
27226ea0c,train
bc4bbcef1,train
1bbf00182,train
15937e540,train
965adb809,train
e1cd37f6c,train
9ecb47019,train
2e55bed12,valid
23941ded4,train
217fcf5f1,test
79d5a2615,test
79bf5eb37,valid
53895ad35,train
abf0f2579,test
5e0519e3d,train
3d63dfd14,train
a63a0ac25,train
7ecd54695,train
b2b52ccf2,valid
520dc7925,valid
266aee5b3,train
e95bb9197,train
ff7d25ffb,valid
8aeda3d62,test
c7e61f3c2,test
172c8129a,test
68b7c23f3,train
34fe22f69,test
a362ad62e,train
ca46b14de,train
14a9958e0,train
ec4089e58,test
9e2039291,train
ec182ebc4,train
605ca1a51,valid
c3eefdcd8,train
83defd365,test
6561001c8,train
dd79180bc,train
7aa682539,train
f45beac10,train
1c28dc555,train
f49099d52,train
14831f659,train
2edeb7931,train
69a1c3147,train
3560a3e97,train
4eba3b5c0,train
ef7555da8,train
8063090ec,test
2ac1366f4,valid
32eb3673a,train
292447561,train
b28951b61,test
d50a1665e,test
a43d578dd,train
6d815d3ef,train
fc48054c2,train
533916bd6,test
5d168f0e6,train
0bc671d5e,train
27e16a68d,train
b119aa181,train
32f97388e,test
04b5f77c0,valid
c68936b74,test
a7e623e5a,train
d3b4f29f8,test
f94c2a347,train
0c862b8a3,valid
0a0ec4977,train
0cdb80095,test
dcd7102d9,train
d302ad015,train
1b3492bde,test
e481cf862,test
7fab3c124,train
fe854f6a1,valid
82dd5838f,train
8102d6dc7,train
46f656f13,valid
daeac2b84,test
e0781fb0a,train
d2cd71ec2,train
5b0355a1b,train
c77a68714,test
1d72ec242,test
119903786,train
f5d514b10,train
659dc9159,train
fc8388b28,train
988c18c10,train
4d82fddba,train
d25a850ae,train
172d395a5,valid
dfcbce94d,test
460edc419,valid
d79342c8d,train
d5e351a09,train
a2ac8316b,train
c53fb8a18,train
7a84326ff,test
b12fb6709,test
619f26bfc,valid
f06cf606d,train
a92c2f233,test
a29c12bef,valid
cae004390,valid
26901ccb0,train
4715f897c,train
282678629,valid
2683c99f1,train
f94ea9d92,train
a58fef87c,test
50723f2c3,test
1fbf04fab,train
ef1d7c2a1,train
df1507e61,train
58396d68b,train
c69bdf768,test
902114441,train
ab8dfa983,valid
d7185ffc1,train
4b949e5c7,train
041dd606f,train
933b2b3d4,train
4f4028c04,train
733ccdc63,valid
5a567392e,train
5347d6835,valid
0cb52145c,train
3d1d0f102,test
e6d59d514,train
2d9bdbca9,train
2ad939a78,train
7e3680561,train
6003cc8cf,train
e92713811,train
079565e72,train
4745e5286,train
80f1863b8,train
59b66be84,valid
bb675d874,train
4f402845d,test
89788a8fd,train
0058586f1,train
f53c216e2,valid
4175a27e1,train
fa41fb473,train
ca7a148c0,train
a14caa3ea,train
966598774,valid
3e5627478,train
afb230f5a,test
8660ad37b,valid
9a32cab94,train
fded1ee28,test
a0fb6cd44,test
9c64232b3,train
f68a56b90,train
08f54d056,train
17a5487d2,train
19745f3dc,train
afdc5f01d,train
64f41ee68,test
403aa5c4b,train
ef4dce041,train
5cbe99be7,train
6f07e7abf,test
be16b20d6,valid
9b56301b6,train
ec13e5f25,train
f6beefaeb,test
bd59fdd99,train
17ac391be,train
ae4ebeb3e,train
c3208c19d,train
1758efd47,train
8f26b1b5c,train
982564925,train
45c718348,train
8d51c3200,train
86386b0c0,train
b9568ee6f,train
94918fff6,train
a55f8d58a,train
816005a03,train
ab22c3350,train
cac68ead1,train
9d72113d5,test
7cf995ca4,train
ce344f70e,train
4525391a7,test
bcf546cb8,train
b5c553616,train
6c3d7237b,train
196f95fdb,valid
a528683b3,test
664d0bed8,train
e315452b5,train
83dff4077,train
6d6bb4a66,valid
805dcae38,test
5264f98c4,train
c76384236,test
b9aead110,test
b147d1870,train
2a19120e7,test
951352bea,test
93685a66f,valid
a1188fdb7,train
8d7c78428,train
4194f0f66,valid
94d930dae,train
85fd5df90,train
4c9e42452,valid
53abbdf1d,train
d37de633e,train
a5f08e991,train
92f84c5b7,train
48bfc494a,test
5b64325b9,train
87c19915b,train
f21d7ec45,test
92fae4396,train
0e6c32c9f,train
948a1a82c,valid
db044e38b,train
df0b49ce7,train
683f1dfd8,test
6ab29b3d4,train
67ab87b4a,test
c37bb10fd,test
8d876343e,train
1b154dffa,test
91add3784,test
0940ecf2b,train
f8e3fabe6,test
48769873a,train
acb614bba,valid
c6e763332,train
031a01c36,train
eb3b2ad1f,valid
0f4291ce6,test
fff6f2f61,test
e98593be6,train
0e4cf50f4,test
0ac6fe826,valid
576dcc546,train
b2385d700,train
a47931d69,valid
ebeebeee4,test
e472219f1,train
b00d0fe1c,train
4e9a13862,train
1a0ee9580,train
277014d80,train
65daac431,train
b6256e92e,test
10ae2697f,train
d49ea4e84,train
fe5d572be,train
15bcbb6e2,test
fcf5f5a0d,train
baefc2985,valid
ea383096f,test
0f9d7b0f9,train
95696f11b,valid
05febeea3,valid
34482d66a,train
fadae6510,train
724736153,train
6dc2f0739,valid
b4d6d190d,train
47453584e,test
756d92515,valid
112ae92e0,test
52a88696e,valid
fed43b600,train
411792ceb,train
0164a9cfb,train
245bfe92f,train
76f668025,train
448770499,train
c5d1b9bf9,valid
d30dcea91,train
6984b9727,train
682ed2e7b,train
a952a211e,valid
0d85af6c4,train
1a8503d2f,train
6344c2cde,train
440676acb,train
5ea10e37f,train
02468e968,train
f3367a65d,train
8cf927527,train
94ec1c180,test
505c5d7c6,train
5dd3f3eb0,train
68d430cbd,train
cfd87918e,train
4f18ce587,train
9003318e5,valid
c8049d235,train
01231c438,train
bc7956085,train
7575371db,valid
84fbd99d9,train
acf9a72ca,train
cef342d22,test
488cefe35,train
d3c79cf76,train
a5f6e77bf,test
b0d4b988a,valid
f27915d51,test
69daafdd4,test
50fe7d515,train
ac52ba660,train
71f895aa2,valid
be07596c5,train
4f8a564a2,train
77f9b1470,train
685010499,train
8813e5e4d,test
790a68c0c,test
cad8537e1,train
a06a2ee4e,train
3525855b3,train
6a8f9aa52,train
00709d75b,train
d62c55d90,valid
95c01e235,train
015770429,train
13296aae7,train
2a92877f7,train
7ac66a1c2,train
25fc96414,train
09b5921e9,train
58e24d608,train
3c0450f2f,train
80fd005d2,train
ecb3e47a6,train
3c97d1670,valid
89bac4c29,valid
7c9fdd0ca,train
c31f3d3f3,train
19272319c,train
2560aee80,test
18ee92cdf,train
ed9d88a61,train
b5521c7e1,valid
4ff447944,train
7ea357093,test
2b34c70e7,test
41e792442,test
e22b9edd0,test
6f2b619bb,test
8bf0f354b,train
5188ce75b,train
12ba67e43,test
5457a593a,valid
9f9bfa4d9,test
f780d04ae,valid
18c3b1a1a,test
ada93cece,train
e6b64b212,train
fae1e95de,train
979e3f8f7,train
16ac32123,train
254c3305f,valid
83d36f269,train
a71f9ca6b,valid
f2fba72d2,train
26cb1c2c0,train
ae9a09ad6,train
fb53fe33d,test
6ac7e0c51,train
3bb1086d6,train
9fb89d88f,train
e4941c40c,train
21178f3b0,train
a234c6496,train
71419d422,train
44cd12263,train
19fd91f5b,train
c0096c460,test
de445d837,train
8b1abca6a,train
626b056b5,test
69d413ff2,train
4084b0a93,valid
8df053c7e,train
22145fe75,test
b35e6306c,test
564356241,valid
05d8b5a9d,train
8f2946027,train
6326958d4,test
7a8fc4913,train
c3a2d4d83,valid
f02ef09d7,train
d5f80598c,train
03e5bf50b,valid
50abab539,train
3cdaf32d2,train
1b5dbc3cf,train
662011890,train
195c119c9,train
32d8fa52b,valid
12a280806,test
639fed947,train
b2937acb6,train
27dd38817,train
168f1c6e9,valid
718c4b524,valid
4887999cc,test
e772235aa,train
fbc0c9535,train
e0e8d63df,train
16eefbec7,train
be84c367d,train
e5cf352b2,train
07dd9a0a5,valid
32efae9d5,train
ea6129e3d,test
1499fbe78,train
a75bbea18,train
53c344d06,train
c3cef1c4b,train
9a218ea6c,valid
9de6b8550,train
de813940a,train
22992ecd0,train
c874c7c7c,test
b67778d17,train
2ba708d92,test
cab92d5a3,valid
9fe3f6afa,train
c30f7cde0,train
2318247fb,train
c22078c20,train
c3270683d,train
55b797c90,valid
a17411df1,valid
9b11972b0,test
71aed274c,train
de489fcd8,train
a37e46e35,train
dcd0002db,test
dd62a2e7f,train
104c799db,train
99459c30d,train
889ae00e3,train
d1a11cf42,train
78c3c7f21,train
64904cb52,test
50f87522f,valid
b4b4969b2,train
d1be4f433,test
4eb9c5991,test
731a2ef80,train
7d930d08c,train
b1a6fb38c,train
207298884,train
d81afce4f,train
216840542,test
f220ae6cd,train
19b7a9e47,train
4dd8dd451,test
0acd95320,valid
f13821512,valid
c2e4ec0c2,train
f726dd490,valid
695925a2a,train
8ad59da0e,train
dfd0fbde8,valid
c2fe3684a,test
ddf06fabf,valid
c1d58a395,train
3c1cc2c24,train
5b22f97b3,train
1fc6f94cc,train
282f456cb,test
baf49463a,train
db4a0242a,train
3760c73b1,test
53037f091,valid
6316b9647,test
80e8288c9,train
46b2782d5,train
2f3ff5116,test
5e7b512bb,test
11948e0ef,train
fd7811109,train
bfdde77ff,train
944a5fec2,train
0c3cb3d44,valid
7b1211e80,test
6ae5689d3,test
4b69bf0e7,valid
62613fb88,test
ad160afc4,train
435bb3995,train
f7c487e58,train
037b1c131,train
776f7e340,test
81d404558,valid
de61ca522,train
68a4cd579,train
ff47b9a27,train
e985acab0,test
25fce0465,train
585a705fc,train
76c073021,train
09898b12e,test
39afc4a19,train
bfa54aa27,train
3bc84c4a9,valid
d7d1cf92c,train
220e9aa26,train
269caf235,train
0a30968a3,train
e625fc4f4,valid
099115d38,test
fe7e662c5,train
bd4059588,train
f41a7de83,train
7ed3e206a,train
aac9127c5,train
271bb0de8,train
14580436c,test
f08275fdc,train
5242038c7,test
1f64d3191,train
843910e74,test
f18d332de,train
35d860fe5,train
c42153e51,valid
d6b97e7ca,train
5bd725e47,valid
22de1a590,train
194acc3f9,train
ba804d3fa,train
d899c9ef7,train
67f174628,train
ecba82fc3,train
7e2ce5b3e,train
29d752f7f,train
d0566e4db,train
dc589864d,train
49f3710f9,train
4d4c7be64,train
ada57411b,valid
e90451ea4,valid
1e72112bc,train
9bfb6a77f,test
7013035d9,train
6c4d7b09f,valid
be3247b2c,train
0ff7245bd,train
40309f25c,train
a44b2389a,train
d4bb8cf0a,train
92586e5a3,train
46bb277b5,train
3d9a62b53,train
51226d067,train
24dfcc985,train
807ea3b72,train
e932a94c6,train
11d50c573,test
a2c44393c,valid
f86f15c15,valid
eddd81378,valid
30917edfa,train
ec40d007f,train
ba8ead296,valid
ed7c0ebb1,test
bd6528981,train
6bf08dced,train
63adeea51,train
ce5bb821a,train
d0b98e001,train
3e158c21e,valid
1cccac540,test
7131cab79,train
a9f6ed0cb,valid
f80bf9a51,train
dc88ebe46,train
65e75b92e,train
5bd0c6dc7,train
b4d54e67c,train
1b91e1082,train
b4d341b10,valid
c36ffffdc,train
6697a7f62,train
cc3fe68d2,test
dbaa03313,train
4bce78644,train
9296c9064,train
c66f97de2,train
1db76bd72,train
cb7bfedd5,train
4103336dd,test
3ba7056bb,train
ad8b02fcc,test
4891fdacd,train
0d551fb5b,train
99c7658be,train
0243911ea,test
865ee6652,train
c3e1f5f86,test
39c02e302,train
12c4ed873,test
ab0609017,valid
f922bd640,train
0a266921d,valid
351f3746c,test
6185f59bf,train
a30e92cfd,test
9f2251ffe,train
7390b70c5,train
4370b5ff7,train
c7969bc23,train
04d25d8a7,train
f4c27e753,train
d1db8712e,train
ee65ac339,train
ed10d7ee5,test
f867cc417,train
dd0d78496,train
18f9fe19c,train
93b91a46a,train
380eaa884,train
be4acc363,train
cb41cd1c5,train
1fdf2880b,train
bb8795c8d,valid
d59f3a6cc,train
58132cc85,train
aba00e1f9,train
74f4cfdf6,valid
9ede28a9d,test
38436063c,train
15df9cd46,train
a8a1d4151,train
a700a780b,train
1d9c36e47,train
069762ec2,train
6f7d23e2d,train
5b2e5e410,train
44175f75c,train
17066185d,train
e402f3b2f,test
586585da9,train
9d84fc0c5,test
418a25e6b,train
417c109aa,train
3d51f4560,train
c4a3c0456,test
b1ed265ef,train
91d0ba5c0,test
530c897a2,test
1fecd2bab,valid
f2eb9530d,train
3fed382c0,test
a5acfe9ed,test
3b178aa59,train
ae5059b40,train
b11ae7451,train
bd54c995a,train
e27ac6865,test
f83695eb0,train
fa7c7d1be,train
8a38740d1,train
7611934a0,train
3de1de812,train
0a4203544,test
ed0185e39,train
a73b9eafd,train
ed5631a9c,train
0adca3f66,train
b25c2d2d1,train
06daf9c05,valid
cf66d011e,train
70337537c,train
72c626d6c,test
7b052d37d,train
231fe619a,train
6704c5fd7,train
8867faa98,train
10516f3c6,train
5a828ec3e,valid
3e65ffa3c,test
eddac3328,valid
9b344389b,train
97f0e7ec2,train
0d47275d4,train
f4614847a,valid
1a676ca88,train
db05d2fb1,test
7ef23b94f,train
46b9595d0,valid
b3db0fa59,train
80de23d7a,test
2405c5660,train
3df923a0e,train
8f1bdc253,train
dbabe4e51,valid
4866e37fe,test
21d8f0d2f,test
12890e9dc,test
43ad546c7,train
d5ee02201,test
9d513f46a,valid
de34278bc,train
5ca64db1a,test
ffebad2e7,train
5634cfd98,valid
503a567ed,train
7eb0b42b1,train
186920165,test
2cb3529bc,train
eaf610cd0,valid
9c5f43178,train
6f863a03a,train
52f3d0bf9,train
359dd0b52,train
d93b38122,train
bdb0f50e0,train
44c117982,train
62da2d031,train
2d88536fc,test
56ddc4f47,test
119f813b2,train
2831adaff,train
60f513e5a,train
95eb301ed,valid
c763886a6,test
1d20ba693,train
58d1adc55,test
628f11673,valid
158a55025,train
eb1f799df,train
50262523c,train
4da0a8ee1,train
b1d1e399c,valid
52a539ef3,valid
adc3a477a,train
130797334,train
e8f6ede8c,train
63697128e,test
c148399c0,train
514e33268,train
54bbc1b84,valid
cbf20c4b0,train
4d09e065d,train
2ad6c7675,valid
0fe8ffc8e,train
9ba11975b,train
7a23bdbdc,valid
72c9986ac,train
4a78b3e0b,train
3219ad064,train
6709f43e8,train
56d7f894f,train
dc2354851,train
37a11cc19,train
22bc76cf6,test
a6830bac1,train
afa694eb4,train
b52b8d946,train
86ea9dda0,train
e48598033,train
46152db3e,valid
e748f52b7,train
f836696de,train
8aeff9ad9,train
eb102e06d,train
703c9a23b,train
14e52bdaf,test
083687ba1,test
022606901,train
271ca0b0e,train
cfa67dca2,train
5b9bed882,valid
4c26cf05d,valid
4a8dc3644,train
16002dd9b,test
17cbebba6,train
bf7ee1354,test
a119ce67e,train
99f5b19b5,train
09dd22091,train
bc681e945,train
80bbb481b,valid
f7b67fd7f,train
559e15485,train
cf1b1b824,train
de19fca23,train
0cba1503b,train
6c4520bd5,train
d404012af,train
bbf6ed419,valid
07eb56db1,train
c42e5a129,train
9922b4f91,train
7ecaa8636,valid
89bec6af3,train
0fa25b7e5,test
8a6701090,valid
ca9841ab1,valid
34b96cf6a,valid
4b7262ad7,train
ac59f3533,train
18734d13e,train
99ab7c701,train
3a050484c,train
ab48d21e0,train
882021db6,valid
3af1dedf7,train
9ae0545c1,train
56a0c2ccd,train
793e89809,train
161de24f6,valid
f1fb9506a,train
b16852e32,train
72a2dc93b,valid
ab4f161ae,train
8910ea0f4,train
52363327c,train
c58ad77c4,valid
19470706b,train
cb423070b,train
f9db446f8,train
b129e668c,train
f205876aa,train
0b6064845,train
06abc52ac,train
2b47d7f0d,train
078bf7e5a,test
aaf465c30,train
d2fae31e8,train
e909c484a,train
0690278af,train
f5bbf322d,train
b054e635f,test
27ab49f1a,train
00156db4a,train
f52510492,valid
70f92bae8,test
41c61ed91,train
68e6d1bd7,train
6083e589b,train
487531377,test
550405709,train
7c6cc4bba,train
f246cb734,train
f8e0a06ca,valid
5ead05034,train
87a37261b,train
f0f9efd52,train
a04a67a2e,train
e72120027,valid
3b2f6d5b2,test
ca3dbbaa3,train
a243c61c6,train
598f1fdae,valid
50d1c2157,test
5fe2e44a2,train
547c7bf41,test
56b5845d7,train
e42a8863f,test
9ad6f6fae,test
6bf6880bd,train
8b636912d,test
e2cf62da9,valid
a76fa694e,train
faf13c5cd,valid
9d4e91ab0,train
c026becc2,test
f2ff942f1,valid
d21ed8b84,train
02a13b2cb,train
f57efd0b9,test
e7b44276b,test
7adb5f44c,test
146005aa0,train
5a3599411,train
1caf9686d,train
80fcb8392,valid
be0e2dfbc,train
9baf0d577,train
070014779,train
af2ec000a,train
37e15671b,train
0ecc1200a,train
2b4c0f3b6,train
ae6a2116c,test
d2161e0a2,train
fad982f0a,train
8a45e8492,train
9976d9007,train
b1b2aae50,valid
a25c1fe02,test
a4221001f,train
3ee76f8a2,test
a9fdc3e4a,test
b39ead375,train
4d3526802,test
064425a21,valid
48f8d1d90,train
04372b78d,train
356d41ee2,valid
dba5f0e5c,valid
1e140177f,train
1c2d419ac,test
933da53ee,train
0ab8ae91b,test
414d8422f,train
adbce8472,test
f95680d84,train
2868f9f3f,train
e3f51f5e0,train
db3fce97e,test
007ffeccd,valid
a85630773,train
2def0a43e,test
8b8c51377,train
243f7f43e,train
e59c8fc76,train
435f419f9,test
be7ff8075,train
48553ec94,train
0f3fd67e2,train
96eb3ec09,test
fc9cf8b8d,train
039fea576,valid
4e12936b0,train
788e8757d,train
2533f425e,train
11aa441fe,train
68936da8c,train
5c7d61133,train
2962fc103,train
81075b785,train
4f9b31590,train
907fc239e,train
405b63ca5,train
2ce1c6a93,train
998de7b77,train
9b09114c4,train
bd0c6dcb3,train
e5bb33a17,test
4d6350e54,train
1e750bb89,valid
e58dd05c8,valid
8b6f2ff52,test
3c9dbc88e,test
9664bcecb,train
1c7a27088,train
eb4eef57a,train
b2f2134bd,train
85ed50b25,train
f28036d8a,train
7993a02ee,train
bea6f651c,train
8e1111452,test
96b7978d2,test
92d711b01,train
43c43bfed,train
870d3b2aa,valid
218f8bb3a,train
b3faddf18,valid
b16c55a91,train
3a3dc1dab,train
3ea00c9fd,train
ff78347b7,train
3d7204289,test
e995db95f,train
75c84313d,test
ef5a07ae2,valid
6d6390b1f,train
c382bae22,train
1154c26ac,test
4892ceb8d,test
4c31c7db9,train
2dea0707b,train
16673c028,valid
b0278d962,train
3d7d23a52,train
ae00eded4,train
921817343,valid
55f8f6120,test
1bb6183eb,valid
95bc62678,valid
ae0c5671e,train
d83dd7fc2,train
876453f9d,train
179462b6d,train
4450385b4,train
ca76729c9,train
56bf5e254,train
2a3796cbd,test
0c228bdd5,valid
10711bb95,train
ec040a1ef,valid
1cce33a82,train
1c967561d,test
10836809d,train
4872c28b4,test
42448336b,train
900b47573,train
d46a58371,test
faf4322a0,test
627726d36,test
3ce528284,train
c12883eaa,train
a7c004380,train
72c38b9ab,train
db0b0bea6,valid
b0eeaf438,train
6ad1d75b2,train
0fc2dc3cb,test
1dc8f0fd4,train
34d387261,train
e1cd176b5,train
6d43edbe9,train
fdb03c163,train
de01d00eb,test
6146d435c,train
413489a34,train
d005caf41,train
9b8805c58,train
b6684c4b7,train
3828225de,train
2b1638a20,train
65051faf7,valid
cf98480e0,train
1fd464902,test
f9a3f579a,train
f68c70fe1,train
3f5ec6144,test
181c10e45,train
20cb13be9,train
f0c26af32,train
b6492d3b1,train
3cc6c4102,train
0f366f264,train
d243fce57,train
7a12a494f,train
9f12dbf17,train
23b3f793e,test
c2aeb6a1f,train
03c323fcf,train
5474cd2c2,train
86d87d5f7,test
ee421d21a,train
c43be9e6c,train
39fcd2ca4,train
8071fcc9c,train
a5d1a1271,test
2cb1d59ad,test
558c419c0,train
bfdc4cd9d,train
7023f6b45,test
5d8c4f66b,valid
9cc8bae3b,valid
1cbaa3e59,train
b27f46ae3,valid
89c28aad0,train
bf456451e,test
3fa0de4e4,valid
aa03b987e,train
3c155d21c,valid
a6fd3df67,train
6178884d1,train
70a90deaf,train
cbe4be41b,train
3b7aad341,test
8dea6d23b,test
cccd87749,valid
427343625,train
58b4ba48f,train
cb9527612,train
c93191313,train
7c559dedd,valid
4ae940ec2,valid
694cc5569,valid
cc8459867,train
ef15e6473,train
f99af9837,valid
897fde926,test
fad4fb461,train
dfe7a59b4,train
870e5566b,train
9945b5ac5,train
b26f1c630,train
cde10c57e,train
233ddf40c,valid
15be0f894,train
6ce40c2bf,valid
918408d22,train
021c24928,test
f9317ae6d,valid
dc40c2612,test
276f26435,train
eda415d15,test
364e3ac89,test
841bcd63f,valid
ee15edbb0,train
7c9e28902,train
acca0b2ed,train
cc195b43d,test
efda64fa5,valid
7564c7b62,test
e4f117930,test
46c44f7bc,train
41487b069,test
ae64cc2e7,train
4aa9a342e,train
eed29a312,valid
30319970f,train
08267e916,train
087ee8e83,train
3e6d8a2c9,train
efc478e64,test
3cc9490b8,train
0617d9287,train
fc4d1c61e,train
5360d72a3,train
a4e09a814,train
518e71b74,valid
99ed50a86,valid
19fe29040,train
e8c9545c7,test
6c9696bc5,train
c23b6bbf6,train
5ab1e209b,train
b13e4afff,valid
ed1f38a40,train
8803fb1c2,train
4f7bfcb68,test
b822d0566,train
f5e9075c9,train
f88144b9f,test
176516c7a,test
21e4ca7d1,valid
9ea8e240f,test
3bcc3be83,train
9deed930d,valid
c5db00aa6,train
00b23513e,train
232aee73d,train
e4afff6dd,train
f6ec35f31,test
db0213107,train
bb15b64ea,test
ad66b0f44,train
fdd191ba0,train
2c3f23fce,valid
3583095d0,test
49c216bf8,train
fd33218b8,valid
0143edd0a,train
7983db8d9,train
ea062393d,valid
ddae7aede,train
9ef3d0eec,train
f4948a23d,train
f580ba98c,train
57e37b00b,train
a970b89c7,train
4a6e23ad7,valid
7a59ae5ed,train
e94581522,train
f7675eb96,train
1cea0ad08,train
98686f3bc,valid
582c02d86,train
8010a808c,test
392cb224a,train
ca7c6095a,train
bba3070ad,valid
0e49eebb3,train
e0a797901,test
5f6d23ada,train
b15d56540,test
937c2e14f,train
a05c489dc,train
6202e7d4d,valid
42eac4984,train
326355730,train
e61d62489,train
d476272d7,train
d25ad4b76,train
8d7eff0cc,train
dc371c173,train
400eaa6d5,train
2ea25b63b,train
c02ce1bc0,train
dac60bd9c,train
5ddd7f219,train
9869aad59,train
b7ea489ae,train
1dc90fbb8,train
434691342,train
83b2fae5e,train
030f32f08,train
0338fcdaf,train
728a08a8b,test
5b4caee59,train
63f7cacce,train
45f9a9f66,valid
1fd2f589f,train
0ed8d0f9c,test
e4fb514b2,train
13c67e713,train
ca81b2566,train
7ebdfc3b7,train
cf78e66fd,train
256f40704,valid
f677061e8,train
9c43d4567,valid
a9551ed6d,valid
c723171ff,train
bf87b176d,train
3f2a40f0a,train
cf76c794a,train
acc76c678,train
dfcd19237,train
c96423707,train
5382ef1e5,test
5971694db,test
c3a52fbbe,train
29778124f,train
2f7da7f8f,train
aa795e561,train
428877021,train
8b6867433,train
eaf13651e,test
f82aa539c,train
df6205194,train
ca7075738,valid
0b6457bf5,valid
fe15cb88c,train
c0898504e,test
1ed0c2a41,train
386990598,train
5ea1f2c39,train
88c0e21d1,train
226e8fe7c,train
f288b4919,train
f83096577,test
a34cf041b,test
1020c8f00,train
6dbed5324,train
066498aa1,train
758a6def9,test
7821d724c,test
5e74dfc90,train
faf4fd269,train
85188cb67,test
d19f035bc,train
b3b26191c,train
84e1e59d5,train
2b5249852,train
bb0dddcf2,train
a6e33dddf,train
dcd93c794,valid
9dfcbe364,valid
84c1afe03,train
861d65847,valid
1bbadc050,train
90b927fdd,train
a0da2621e,train
7ddf00d90,test
a20880c1d,train
c33c82dd5,test
ba54e88a9,train
a6c7f3a13,train
447233a49,train
b2b3baca1,test
262d7f006,train
175f4a910,valid
b8ccf4b62,train
7d1030b42,train
94019dc75,train
1035db262,test
59e59bd5a,train
554c80a2a,train
8d8895245,train
a120cae65,train
7cf37c7e2,test
374b76068,train
9f2dd031a,train
79a9a7b05,train
bf90589d1,train
e375cb119,train
1e87e4110,train
6aee1d8da,train
679e98b95,train
484915b4f,train
417c09a08,train
f6fac7b56,train
8655a46ed,train
1f9b856e0,valid
e9ec4d543,valid
ea39ef3ae,test
9bd70dc2b,test
be3508ce5,valid
ef896feeb,test
c45e47c4c,test
c5af48975,train
c8c7ef646,test
387a8e71a,test
3b4b4cb9c,train
2bf2c6260,train
745fd19b8,train
9a3224461,test
f861fe441,test
c32940f0f,test
77bb4ce3a,test
9fb2a918d,train
abaf6c9ee,train
799cbc9e1,test
097dd9931,valid
c0545b660,valid
b477ad589,test
0af142ee3,train
bd56db16a,train
615afad71,test
1528d2a61,train
1e7a3b766,train
6ce342cfe,test
5f20dde82,train
d168549f2,train
b9e604ca1,train
1b1cf81d4,train
ca4224e0b,test
38f6f3011,train
a56bbc295,train
e63eea2f7,test
191fb0046,train
4ce620a7a,valid
bbd0c8f36,train
a9e4d6df7,test
cb9eb954c,train
8ce613036,train
a6610ebd3,valid
d7a002088,train
189a8292b,valid
a53cb0980,train
ba2d4e877,train
3285d041f,train
be36182ea,train
9fb8e5e73,train
fcc138c39,train
f980544af,valid
01c202740,train
96e9f6fd8,test
163adc370,valid
d8b05d43d,train
fd71f9fb4,train
9d1b799e7,valid
dd13b36c6,train
08a9b6f29,train
02f7300db,test
16dc1188b,train
cdf4d775f,train
534104c8e,valid
08d198666,train
a015cce59,valid
14410015e,train
a56c46193,train
6521d5af1,test
261c4115b,test
2d0315769,train
ce19e69ff,test
2fc753430,train
80aca536a,train
daabe5f9d,test
883e7d058,valid
e246ecfdc,test
437b06047,test
1d30559d8,train
902624c4b,train
e94f842c0,train
0985e2dad,train
33eaf34b3,train
f056ab9fc,train
df59dd59f,train
68d7d01d0,train
0be7a4adf,train
8b2be8807,test
9c33e8db3,valid
6adc3bf2f,train
66a1d5bc4,train
2c137b9a4,valid
76c276834,train
8e77d52ad,train
a00eaa0fb,train
3ec367f79,train
19db3e21f,train
d86d7a70e,valid
976cd59b0,train
004a26127,train
b6c338f94,train
8670bd551,train
fd3c1a3bb,train
2b0b80ef6,train
b80a19455,test
d8be7f8b0,test
0e80de8ac,train
4a4fb4974,train
5b59ef7ee,train
1d7e844a7,train
41e069381,train
d1962ab4f,train
0d6b8efdc,valid
503a096e7,valid
206db8d8d,train
599d24d23,test
1a0395c7f,train
4f1d86875,test
62b9cb163,test
4a93b3e4e,train
991eba9f9,test
8e2723a38,train
8f128d3ed,train
497ef36aa,train
af514b027,train
5cba5c76a,train
a2cf852c0,train
a16c6d55d,test
7727b4dae,valid
1a91262f6,train
3f834da3b,train
f72d7a939,train
779d50e4f,test
ee93b2d47,train
8849d3fe9,train
143d10038,train
a1390d450,test
7df56218d,train
0ede86b28,train
392caeaed,train
f904be121,train
1ba488d80,test
79ad78fc4,valid
a6239b2f3,test
6da53f587,test
c240d153f,test
29b60faaa,train
000a290e4,valid
f6575f08d,train
67a68df4a,test
2e1de0bba,train
0038c9343,valid
68046ca33,train
18cd75354,train
19f0ef706,train
07877aea7,train
322b32801,train
97a10da78,train
f2f8667a2,test
9ba39bba6,train
97b9ee40b,train
4fcd7cfe0,train
8528b3d49,train
8ac1e8eb6,train
56e91b142,train
8a04b2403,train
ccdc0f862,valid
0cc3e27b5,valid
169184766,valid
a0825ad18,train
8ac51d5ce,train
f8bf52aea,train
02d9e61ca,train
1e7159da4,train
434a2904c,train
7cd5e5195,train
2fb24b53d,valid
1940b59e7,valid
f69bd4b27,train
ff5ea4f84,test
660cd67ed,valid
cf162bb42,train
386e1a0fd,test
155e1f0ca,train
7a31d17c7,train
5bd3c6eee,valid
861c903b6,train
83b2d9103,train
7b6f894a1,train
728ed1c0e,test
3f38aabf4,valid
fc93e5aa5,train
289d0bc8a,train
8335d65e0,train
8d1dce21f,train
628a224b2,valid
1303e86df,train
752b2d9c5,train
eb6bb82fd,train
d9c151e72,test
cc08b4198,valid
7ebe13a93,valid
0691034ac,train
8483b2161,valid
90f1bb168,train
0e6492f0d,test
c5ee96818,train
f86b59db0,valid
813db4d5a,train
6ff9b83f0,valid
3b901ae31,train
a83683f66,train
e0ee00f9a,valid
c9c023b3e,valid
e9e263ee2,valid
13a563b84,train
42103b22e,test
0ef640aaf,train
79ef1fd27,test
9a7474fd8,test
b78b30c18,test
e470b6bd3,train
111be067f,test
5bfbb098d,train
07bd5a7a9,valid
375794bcb,train
3013d9169,train
3feae3fb7,train
01e4020da,train
7930e4752,valid
531e56f63,train
21415ffb9,train
07914c759,train
77c9c2e64,train
212157776,train
5264d253b,train
06ed12b93,valid
e8a1f3d1b,train
155126a9f,train
8106b5f6f,train
39818f12c,train
121c5faca,train
ccd36a0f2,train
c2fc23444,train
531452675,valid
49c5dbda7,valid
830b62870,valid
26161bad4,train
49f06aa59,train
21a56b530,test
c50926700,valid
1dcd8bc8a,train
2cd806c03,train
794c57f72,valid
47fc12331,valid
1d1c1d51d,train
fed21411c,train
2b6fe231b,test
0cda0894a,valid
cc261e309,train
a39034cfc,train
637e741e8,valid
10fa4505d,test
b3995ad50,train
c0574c31a,train
b181fa99a,train
24890da9b,train
91328d9f8,train
577c72b39,test
d6e6e7d6c,valid
f618c35b8,test
f5fc7d4a5,train
9b9873716,train
52ed9719f,train
e7c1eb9ec,train
331476348,train
abadb839a,test
e899d33d5,train
cccbf8c47,test
31081d71d,valid
c5aeec694,valid
f231e1f78,valid
1ce065496,train
8a3bb842e,train
a64d70c84,train
8009b7ac8,test
fe2209833,train
a6fe8b174,valid
4f412d0fc,train
67ef0c9a6,test
6e642352c,valid
732a2ed35,valid
dd9ee4a38,train
1539be087,train
b12e22341,valid
69b79d62d,test
b59e875ed,train
a45142177,train
f45171393,train
0e83fbe2a,train
ae14a91dc,valid
80bf7a371,train
ef8ddd70b,train
859b2a95b,valid
97dc40c6f,train
553164b93,train
39ec77c60,train
7988bce47,test
cb295209a,train
4a311c6dc,train
f03ea3fd5,train
36ea16468,valid
eb77ec282,train
e11e6cf89,valid
b48d47214,test
1f983f20b,train
b3ff03304,train
3f7ef9681,test
466862270,train
e01638894,train
de0f0272c,test
d3a4afef1,train
1f2573b47,test
5971c2462,train
6120ace5c,test
40fbb932c,train
f22aae8af,train
f08503742,valid
09ca98f7b,train
acb248693,test
65a98c48f,train
93a9e05b1,train
d4c153877,train
0c1e8a6f2,test
99daba941,test
7cd898f38,train
3f4fff7b2,train
ef0fde5be,train
01e5d357f,valid
77a74852b,valid
0b051c8b3,train
3b2b69d20,valid
ac3a5c473,test
8cb325d19,train
bfab5f493,train
f78698cc4,train
d5053eb47,train
9b0744be7,train
412d6c47d,train
ec4849051,train
485772d7e,train
6b24d9186,train
37e47eeab,train
98ae607d8,test
221cc9a2b,train
329814145,train
799aad68b,train
f796b0a30,valid
ec15875ea,test
610246129,valid
bfdff0622,test
5e8f72190,valid
b1ae07ad5,valid
dfb0b0928,valid
d3e488484,train
a6fbe0f38,valid
c9d24314b,valid
1fd056050,train
38d23c02f,train
abd7a3201,test
5944cef68,valid
b233246be,train
44db1cade,test
f90762cef,train
6aa6cfaaa,train
4f9379256,train
b43155295,valid
c9d955ac9,train
dc4e92b83,train
8e5356302,train
ae3ef6983,test
143a52d8b,train
eda2151fa,train
9d3c3c390,test
8a97062f5,train
5a3e60ced,train
679d0c196,valid
8632f7132,train
c7338db23,test
1a849a445,test
cbb64ed77,test
356d9395d,valid
9fae764f0,train
c1f4af354,test
8cf93cab0,train
a63f6c6a1,train
a04c35bc6,train
0b3b23c20,train
f2bb56f7a,train
d6259561f,train
7cbe52a0f,train
f073c005e,train
0a0e8c15b,train
2edd45e56,valid
2d8db1c19,train
24c1d5a33,valid
6c62c854f,train
079f5f1e4,train
78332e36f,test
a3eb4fe4d,valid
87615b2c6,test
8ef4b6cf3,test
78cb569c6,valid
5cd76da7d,train
ad6cfec5c,valid
db6082ae6,valid
94610095f,train
a2c44e0b3,test
e32f5a36f,test
2e74deb7b,valid
bc0a5524c,train
5163abb6e,valid
164462023,train
e2a9dd71a,train
f252006a7,train
59a3ee7ff,train
77d4eba90,train
e6b28fc29,train
117fb58c9,train
f2708d814,train
b271a8246,train
efb7343fa,train
fce9a96ce,train
3f53ec8cd,train
2c7a8ea18,train
9801a0f9c,train
8a420e638,train
48d1e6446,valid
6735cc397,test
56b63bfb3,train
dcd70e1e3,valid
a75703051,train
7b81592b9,test
6784b2fcd,test
18da94e9d,train
8fcdf3368,train
6d1d7bcd8,train
edba94b45,test
f6e56c908,test
167233db2,test
622f08247,valid
90204109f,train
3e463e29e,train
b1f1a42bf,train
f69176873,train
82e86dcbb,train
0dbb0a012,train
f2aac285e,train
af76ac5bf,train
8b1b5fcfc,test
843f45598,train
3890935ed,train
e2ce25661,train
7d7da3838,train
99e9a454d,valid
9d1012529,train
725ee6572,valid
3d0a4c45a,train
8f6a4a76a,train
b3543dda3,valid
7c17de5f6,train
92ee6241d,train
70aeba909,train
822193428,test
e052a2a39,test
77d395a82,train
68a603bc3,train
67532bb27,train
bdf00be34,train
79799da25,train
7d7eef3d3,test
649930cc8,train
fcfae453e,train
05e3bc1ae,train
b64e30a78,train
01f4746ef,train
254dd6ba7,test
f9a962ccc,test
fd6dd3835,train
f522ad8d4,valid
804e56f9b,test
72b0d2b06,train
b48460ef7,train
bfed6fcaa,train
04e966b1c,train
da7680082,train
24488c53a,test
6a34d34ab,train
b5b84493d,test
9296eb09d,valid
5e6de643b,train
1acab1703,train
e0efe2c72,train
e13488562,train
fb278c21e,train
b7809d0dd,train
962c84aa9,train
18a87116d,train
f38727a35,train
26fb642bb,train
8a01ffaa7,test
9493ee8ee,train
2099c09a0,valid
7d3dd49c5,train
85ff0f493,train
7a7153881,train
e65375c05,train
cfd4c95d9,train
c8c3eb092,train
1d6149d17,train
07ae95ddc,train
382d948b1,train
326b17344,train
067f49481,train
6c803e00e,valid
1eb9e42bd,train
af843bbce,valid
cff9a1fec,train
259dc7e9a,valid
eda8eecc6,valid
f84b22dae,train
bbfc5274f,train
cb474120b,test
d2d48985e,valid
22987c7fb,train
18810b958,train
3daede547,valid
b210e38f0,test
fd123a15d,train
f3c42e04b,train
4f7fc967a,valid
69a1bfaa9,train
5cc846427,train
6a7027972,test
a381e49c9,train
6c8487ccb,train
ef9196721,train
d0d2a12a2,valid
44930f85a,train
d30068375,test
c7b3c09d4,train
de6c0126b,train
2b6e5343e,train
eb8adeef1,train
bb170fd98,train
4d1a986bb,train
38fd4509d,train
2f3677597,valid
3b939b40c,train
0a140a67e,train
dc8359e75,test
844dfd2b4,train
4f279d30c,train
9467b9867,test
ae219ff80,train
75e343c91,train
bc5dade47,train
fbba51f97,valid
0a84451ae,train
9981e5f29,test
7a2cadc09,valid
3813bc7c5,train
992d82305,test
4f23f9105,train
c89e5d2b1,train
a97467fb6,train
61b6e170c,train
37865f566,test
5fc91ab6b,train
3681bfdb9,train
8dd28c706,train
1be1868fd,train
ecd83e25d,valid
dd201c041,train
0157cf3a4,train
132346d7e,valid
afe326f34,train
201aad926,valid
33a6694b0,valid
7196383a7,valid
094c2c3bf,train
6ad5153bb,train
e0f46aa3e,train
9d03cf923,test
de0a86ccf,test
9a8cbb0c8,train
a91761e54,test
4082acebb,train
4d1d8655a,test
82c51a95a,test
ed30f663e,train
28cf4a84d,train
27ec72a29,train
5f1a700fd,train
99be827e6,train
4e37bb1e2,train
6c121d784,train
4f7932c0d,train
eee3ab446,test
35a62a8b1,train
a9fb31e59,test
c4f6cca8a,train
b8f60eb7e,valid
c749028bb,train
d67619580,train
cda31e59d,train
46fdbf640,valid
c565589a8,train
ab2e61df2,train
61fa7980d,train
e633386b0,train
2aaa0c8b6,train
020cd1d50,train
1b871dbaa,test
88dbaffe0,train
1a2c91362,valid
ecfcb4430,valid
ffb6a7f5d,valid
fe9307848,train
7342eafeb,valid
6ca8be82b,test
c82705cf4,train
639a4bcfd,train
d3077e6b1,valid
4effbea00,train
2cf927db8,train
fda10b9ed,train
4d7111b92,train
2dfaf69b5,train
89d4cef63,train
f6549ffdd,train
a2ee6f2da,valid
f5e793c38,train
d440e9ebf,train
d0b337200,train
02af3813e,train
0322aa5b0,train
bad270818,test
98c36e1bc,test
cda71c00a,train
355e8bc38,train
b888f72cc,test
faca11616,train
816112569,train
33a373ca9,valid
aa3c0fe1e,train
43021e4ed,train
2d79572ae,test
73a2be705,test
37fadf608,train
d72bc7206,test
ce0294cec,train
3a94fdf2d,train
a804fded8,test
7f5233804,test
11a3fb06e,test
393b4d104,train
23baf0395,train
8d0b0238c,valid
305524cba,test
fc19f9c36,train
6b574c312,train
656c5e0ff,train
0d4750032,test
47aacf137,train
2857efde3,train
a6af385f0,test
983160271,valid
b7006ed96,valid
74d40e344,train
871a00e21,train
0ac2e7d16,train
24737dbd5,train
21a1b528f,valid
0f258665b,train
3d011c364,train
5e27bdcde,train
591fa7c31,valid
f0ebfa37d,train
ab519bf92,train
9d6c6055b,train
8f860b014,train
e15b26ed8,valid
a93eb0d6f,valid
47ad7a82a,test
ab293b191,train
3712c63fd,train
3e6fa700b,train
078fb1715,train
baf60f1bb,valid
b1c66fa13,train
9162433d5,train
caaf719c3,test
9697ebf42,valid
e08649ba2,train
5de1d0c34,train
e9feaab54,train
5e951b28f,train
4bcc7910d,train
270bd311c,train
ad491b969,train
ad2423b1f,train
3085ca2c6,train
f6ad159f1,train
5b73a7ea8,train
c3b05e0f0,test
d9303d3bc,valid
624fadbd4,valid
16349e686,train
a94208b35,valid
c66def50c,valid
3bfb759ce,train
88c193102,valid
d3486b178,train
ddc628647,train
9278f7216,train
b8bc0c25c,train
5a2a433c2,valid
11ac3640c,test
e77941c00,train
166650836,train
3e26edfa8,train
c8e941dbd,train
7beccedcb,train
99ba6513a,train
4fc9dee58,test
1fba9cbc9,train
d5bf5adaa,train
71b0f7f97,train
2302acf06,valid
81d82bda3,train
21f945788,train
b66569990,valid
bc8aedde4,test
a5f82d04e,train
86fe4ed68,train
e128e9022,train
596d784b2,valid
bde1336b6,test
faa62a75b,train
711bebb99,train
21847129b,train
09f31b13e,train
3ded98af9,train
1ce681aa7,train
ca8aec089,valid
9aac5500a,valid
714e287c7,valid
672bc370b,test
2ebb5aa64,train
debec416c,train
9d66ac1e7,train
5fed61438,test
906083f6c,train
b16cb3f1e,test
a460a6274,train
65180c32a,train
708ce5f42,valid
2d79d25fa,train
0a0862717,train
476dc0901,train
018188075,test
bb48e2353,train
7ae269152,train
6ed73fc84,train
5943167f1,test
a662f1d7e,valid
a1d05e431,test
97916de84,train
14e788800,train
7028931ed,valid
acd81a109,valid
cc607ef5c,train
f53b95c90,train
f29cacb97,train
e5cecf5df,train
d56fbda82,train
80b137b2a,train
b6450abed,valid
172555cfd,train
978526235,test
bbe1d6739,train
29d36f5b3,train
5118055f4,test
9cfe96818,train
4cc8c07d5,test
bb19c3013,train
2f43fb067,test
8100c2485,train
cfebb0955,train
f95b27325,train
3b95539f0,test
1fb9fdf7f,test
5152dbfe1,train
1bec8eb5e,train
1772727a1,test
ffb3a78e1,train
458adc77a,test
b525ee190,train
578880eb3,train
8a72708bc,train
894d76b65,valid
49006b8c3,train
1a7ec71e7,train
f7473aaec,valid
cbd0bf6b1,train
55553842f,test
c222a4955,train
51020fbd4,train
5a3c85e3c,train
d5c4ef4c0,train
e3a29829f,train
1833aa7d6,train
5bf02a5f8,valid
31049dc2e,train
0118db3a8,train
b8d35b6c3,train
c58018973,valid
e7d9a3d7e,train
ca39efaf2,train
75f3c2e36,train
95e9ad1b2,train
33bfeb403,valid
4a0adfdd0,train
6740be5a3,train
3c6329c92,test
9430d84c5,train
c4c4a926f,train
ee3b21a9a,valid
1c4f5efa8,train
7b858c084,train
a2e529567,train
c68815d52,train
2c8e65887,train
0bcb2c2b5,train
953416879,train
3b4bb9973,train
0e6f26f19,train
11ce5617d,train
5dd7c4c06,train
b7856db41,train
5f4f3347f,train
a67c850b3,train
7b6ffc0a1,test
89d80665a,train
878214747,test
6c3b8c99c,train
f7fc28014,train
61bedc57d,valid
b4ba15dbc,test
4c6dc89df,test
fe7bad7d4,train
277e3979a,test
ed9948860,test
27e318160,train
3af14a63c,train
60fa6acbe,train
e89692f96,test
727d25d09,test
eb9b9400e,valid
1e1e7c4ec,train
2bbca459e,train
a9e753cc1,train
6309f250d,train
6f1580039,train
5ecdd04af,train
8d50d37f8,test
c20aa0352,test
2b82af067,train
16ff0c687,test
3c2a1ed3b,test
be5595abb,valid
ae4ab31ec,train
052160ae6,train
40b31be60,train
230d5d85c,test
f4fb11803,test
920a30b27,valid
783a33f4c,train
e827bee5e,valid
a22daaa5f,test
7adf54516,valid
c301eddcb,train
20bf4bf39,train
2ecaaae2d,valid
eceb03b88,train
b92781dca,train
f5e329595,train
82db604c8,test
e778cd78b,valid
2f8471836,train
ee8ddae7b,valid
08d17d82a,train
cb0e74ef1,test
e3935c62d,train
3e0d923df,train
6cfbd44df,train
ec0ef9572,train
1a2816f0f,valid
b32339429,valid
c40b30ff3,train
5de76fac6,test
bad338993,test
4212729be,train
0529ad4d9,test
bb9a64e6f,train
5edf4d9bb,train
615213076,train
be38039cc,train
16a71f0de,train
a8e6ad61c,train
daa73505c,train
1eb6e3ae1,train
a4b96c3f3,train
0038234c6,train
4efe77aa0,train
76de48e98,train
d7454afee,train
a6eb71dc0,train
681be6214,train
26a4d7052,test
779bcf3fd,train
f19397eed,test
988308307,train
bea8484a3,train
4ed2fba3e,train
2160f2109,train
409ccc60e,test
3e82bfd8d,train
a52461bfd,train
8538f4aa1,train
532396459,train
8c9f6c718,train
e6335f2ee,train
5f2c67ae2,train
4792b6d06,train
c7cb34ee2,train
8e881542f,train
ed81d1da8,train
3c2100f6e,valid
6c594bfb0,test
df17a57ae,test
9c833c8c4,test
15e5b0e7d,train
87cf6fd3d,test
5e2bbb163,test
68071559c,train
1253241be,train
a1cb8764d,train
fe481f81c,train
dc76d9fa5,train
8328ec7f4,train
d4dd82200,valid
25d4c7493,train
f5fd255aa,valid
f6e45accc,train
c4b37d5ed,train
b2566d195,train
3a36bdba5,train
e28bad751,valid
a20d1e637,train
0497f7012,train
bbe6ff890,train
8eab07081,train
d605cb217,train
0935ab38b,valid
796cc971d,train
c662b7876,test
2f95b343a,valid
e754315db,train
14f9ffbbc,train
be55e5ef8,train
bfdab2894,train
3a5fb3c1f,test
2196b0156,valid
611045510,train
b660cb310,train
3be154287,test
e76929e2b,train
5bc18f57d,valid
a31b05e99,train
c4bcfbb1c,train
80255c391,train
e742a643d,train
664a120bf,train
390c45d0c,train
aa943b9a0,test
8910e2c01,train
18aa41749,train
4a6fea502,valid
8491fa23b,train
8cb5fc48e,valid
e24a04c10,train
d538c491f,valid
355e3bdc5,valid
07558410c,train
63df28877,train
aee44eb09,train
7218c8328,valid
de7114b0e,train
ddb881657,test
8507df043,valid
a30803552,train
476d40031,test
6a4a4b403,train
f6e07783c,valid
41bbdb352,test
b8daff578,train
a19305a1a,train
133c0e6b9,train
d1265050f,train
1436092b4,valid
682cbe0f9,train
52c49d6b6,train
e12797ab1,train
a99e4b365,train
e6e0ad572,train
c239d1834,valid
ad6e56af2,test
9c788a6bb,train
c7402d13c,train
bee984e11,train
158bc6f24,train
e849142b2,valid
7b0d325d8,valid
f612d5506,valid
d5abad72c,train
71f93d157,train
3e82e76cb,test
1633b105b,train
df2d9957f,train
d76c4ec1e,train
20e46cb8d,train
a08030c6f,train
791e6dc19,valid
213cf987d,train
66ac9f1b7,train
dd0b58409,train
7fab9b8f3,train
a0e71d03a,test
bc4ba2449,valid
704502836,train
de59f42db,valid
f4df06287,train
6134ae21d,train
7b9cc47f0,train
69df3f618,valid
72896003b,test
9aa40019a,valid
e5962e049,train
9aa5ab22f,train
6db8c5110,test
4f1bf01b6,train
67e41958c,train
48aa8ee7c,test
fc52c0c82,train
28bafb2ee,valid
f393a9d26,valid
f61cec80a,train
92a173c59,test
0a5be413e,test
ca113d98b,train
57a93e9a6,valid
6366dd2f9,test
edf3478dc,train
2bea067f2,train
b98512188,train
cf4bbdbfa,train
1d5be4060,test
6668704bf,test
af9d89c50,train
290c3cd9e,train
495ce6c73,valid
bd7bae691,valid
2852d3c30,test
67115d437,test
ac7edef88,test
a6e25e889,valid
90dd998e2,test
0f9f0dd0e,test
d1f01fc04,train
fa3b3b348,train
9faeb952b,test
a996f1370,train
799c6852c,train
1246bed4f,train
c2109fcac,train
4529e91da,train
966aaf6e2,test
0e28a90f6,train
f785304ad,train
69ba8d92e,train
6fcee4bee,train
63a542d16,train
ed74a9822,train
a90d6fbee,train
b73cc0f45,test
9ea482068,valid
d0eb1073d,train
bd8224d08,train
a8ea0c6a7,train
40c0fdccb,test
951d3ae42,train
9a965c1f0,train
dd3c902ae,test
abbe2568f,test
89a6620e3,train
8b12f497f,train
6b5f208fc,train
da840f8d4,valid
08438c720,train
9fd2b640f,valid
9e9ce66e9,train
3759a1d40,train
74363ff2b,train
91633ef0b,valid
4fbe0c2e5,valid
a768123bd,train
3e13d34d6,train
95b94b4ac,test
dc549e010,train
442f853b2,train
7b8d76961,train
c85f29411,train
0eba510fc,test
5314d64ac,test
eb4c66e7a,test
0850d4334,valid
f9d566df8,train
1ef0bf320,train
2618aa6a2,test
92d5ac408,test
319f3e6e7,train
fa94cdf93,train
a12bb119e,train
915031b99,valid
21c8d5f0e,train
6d3930bb1,train
9ce27322b,valid
0d6cb5b69,train
72f6dbb1d,train
0a555d688,train
215903d75,valid
311ee8343,train
2cfbdd28a,train
4168bfd52,train
3006cd3eb,valid
7d4fceffc,train
200a0df49,train
6219a1e79,train
53e7035cf,train
8ca443ef0,test
694a730b4,train
e4b550d46,train
3c25f4969,test
4cfd0fac0,train
5dbd7f61b,train
72e093c41,test
cbd289193,valid
396910627,test
0c752844d,test
37ae0cd69,test
3cd5d9102,train
8fb06a963,train
1042ee67b,test
f3a5451b9,test
7e8c5d816,train
0a40d8c85,train
6d98621a6,test
86ce90970,train
dcc0d8482,train
d4427513d,test
48c5a3c40,test
e8f7d9542,test
6d18cc71d,train
564ad520f,train
b0e26c028,train
611c6421b,train
bec55c577,train
cf8e988f5,train
12537b530,valid
5f0efae69,train
9b71a3c06,train
5f7343089,train
785a95244,train
fdd77ab31,train
e58a12b66,test
a21b2a42c,train
f65fe3e26,test
f41112ee1,test
7e4ac998c,train
2eb4fa594,train
d30c88c64,train
dffd9f2ff,train
161718095,valid
20fc75f2c,valid
81015c1aa,train
945346188,train
427acc248,train
64f563069,test
2de05ee7d,train
1082982dc,train
2c23cf72e,train
790e639ed,train
2e3c988cd,train
6a864757b,train
0b24f7e7f,test
f527634f7,train
5ef0ffe23,test
eb21c0250,train
938bcb826,test
f642366b6,test
fa18941f4,train
742cced96,train
ab9dd85b2,train
6d1596957,test
62bf4037c,test
b73cf161f,valid
1baea0d16,train
89f229ee8,train
1925aff9d,train
106de20f0,test
109823680,test
955e7c5cf,valid
6e14e0fa4,train
f031aaaef,train
1e8d8e53e,train
15f00daac,valid
4595acb4d,valid
4e9f82a98,train
a09008d49,test
8bc07d296,train
7dac377c6,test
46c834c70,train
d0956e39e,train
991519fdb,train
8aa432e1d,train
21d79f603,test
b386d20ba,test
19abfb0c6,train
f017041ca,train
907f77c78,train
d4d84523a,train
222afe2dd,train
6c17339fe,test
ae518aff9,train
d41aa1c62,train
ff601e5ec,train
4446dde7e,valid
a2cd0e1e4,train
4d7573c5e,train
a36b60379,test
6648175ff,valid
5e696928a,train
8a9d11c50,train
7a6a9aace,train
502a2a9db,train
729f4d5fa,train
6eef41768,train
175926b9c,train
1a56bb056,train
ac3d34246,valid
04c4a7493,train
f2816bd92,train
ce18c7a4b,valid
8a6d97169,valid
2de2cbdcf,train
158b502d3,test
629df03ce,train
2a89fe4a5,train
132cc7d6c,valid
c9928594c,valid
03a694927,train
f91ffd577,train
9223ca4fa,train
ac495f25b,test
ead9fb6b7,test
512bf1e8a,test
e96c2483c,train
98e1a3f01,train
164857bd8,train
d7a772967,train
57d556084,test
02a2a622c,train
3b1391dda,train
88cc9be30,valid
3bf6cdab0,test
db095d92a,train
51714821c,test
220d4394a,train
402e83205,valid
c14530f38,train
ecaf2b938,train
d2512e37a,train
2e1448ee0,train
c78fa1a45,train
dbfb1869f,valid
1c7619fdc,train
eb307c1f0,train
02a084920,valid
d42b92c05,valid
3161fe0f4,test
f97c8edc4,train
c31714ab2,train
6a9d18d89,valid
fb00c8969,test
f66357936,test
8ab591301,valid
aefff4a06,train
7dfa4e393,train
09c7b610e,train
245b99f60,valid
2d304409b,train
af56651cb,train
50cbc6c8f,train
2a36bc3b5,train
e976f3d3a,test
e2e7a93fe,valid
0ea2638e9,train
75bd3a017,train
6c61c33ee,train
e40290fa0,train
17b2d4cd6,train
4679d01e2,train
da8cfd914,train
f7eb5dd36,test
945a7a8dd,train
3e50a5575,train
5bb7dbfc2,train
5f0bfe5a9,train
0c2549da5,train
6d18707ee,train
9c803d826,train
3c5a98448,valid
0149d04e7,test
6ad5aa95c,test
1ef3f5030,train
a63c59c80,train
6c2fa49e8,test
f1c03b3d0,train
400a15912,train
040736f83,train
d4c6c89ab,valid
09807c555,test
28484f496,train
60aca92c5,train
0b3deeb66,train
8f2daa8e3,train
debf8e7e9,valid
a972fe14a,valid
50418fb29,valid
27b2c806b,test
393e0c8a5,train
007bc1db4,train
13469fc6a,train
e1052f933,test
eb6c579d5,test
2f4b73413,train
94dc20e92,train
7f6cdf26b,train
207c24fd3,train
52d65015d,train
f20fa5c38,test
839404d8c,train
5ff1a0cae,train
6b5c799b5,valid
c260c7b3b,valid
b5b9f6e99,train
fce6f8dff,train
640683dd9,train
f892df3a1,valid
db77fdb46,valid
b48aa9d4a,valid
9c0f6076a,train
89c7be602,train
43100edd5,test
14398288b,train
5bd405bac,test
3de1d3794,train
08f038689,train
172b6f611,train
228117dca,test
c35cc3520,test
cb867cac6,train
1945c0690,train
c220b4764,valid
081199ea2,train
cd9c84ec2,test
b56b73e4c,train
73e1b299a,train
180b3f500,train
3ba83a496,train
0e52438a0,train
9dd3b3bce,test
1b5af7749,train
f05838eb7,train
872317673,train
cd9de4e83,valid
f1afd4033,train
f1164babb,valid
25765058c,train
3fa341801,train
c3c27d97c,train
5ed94ddc8,train
9ebe2f16c,test
e2205b952,test
f36876126,train
99b55ee76,train
41ae99ff2,train
d042e55ce,test
1e83794bd,test
36ddc4f2d,valid
4dc936ac7,train
3b3ce72d1,train
5e4c387b2,test
4e290a43a,train
c67d871e3,train
ff6ff53c4,test
ca11826f9,test
75ee37fa5,test
9579ad7a1,train
52abcc0fe,train
1fce53107,valid
0b90767fa,test
bd881326e,valid
015c353ce,train
8143d5d0c,train
eba773cbe,train
d7c6e0401,train
a7d44898b,train
f972a14d5,train
7977491da,train
7f78266ab,train
ec780b913,test
51c04983b,train
14a16b96e,train
69b2e9f3f,train
176ef71db,train
b88fa24c2,train
cf020a716,train
3d277ebe6,train
02adb269f,train
57b57989d,train
d083a22c5,train
c234e165f,test
9dfee7db3,train
412b93160,train
88bc9864c,train
7b3332622,train
590a78f0d,train
a24bb77d1,train
79d1b0215,valid
746fb982c,train
675bb16b8,test
79420447a,train
aa328a5ba,test
79318b69e,valid
7b5bee232,test
b5c41169c,train
8079e3a1c,train
ff5158511,valid
f4cff3785,test
0e23c4abd,train
c4a2fd15a,train
0abff77fe,train
f096fcbc6,test
18b2da498,train
e15353d1b,train
78fd8ce0d,train
cc7d90ef4,test
f584e226b,train
9f2948e8e,valid
623138a05,train
b077aa9ee,train
f2472c8dd,train
2a64c0560,train
9c996aee9,train
ff498c903,train
9942bce62,train
cab545282,test
620796ee7,train
81c442177,train
776354931,train
4068b452d,test
fe4bb01a6,valid
97f683e04,test
36b7411f9,train
6b7be833c,valid
d5052e2a9,valid
e69df38b4,valid
3d97fa45c,train
47a5a9516,train
2ba019cb8,train
2ba9dfe93,train
afa46c13d,test
4ea111bbe,train
bad8f7276,train
11a337bfa,test
2aac4b61a,train
e9dec895b,train
4d8b93dd1,train
dea0253b6,train
e73545fe5,train
15dbf64f0,train
519bc8382,train
0d55c2e2b,train
09db544ea,train
2d584af81,test
6a54a03db,train
2630db5dc,valid
794806010,test
bd9d521c5,train
aa7395687,valid
12ffabf23,valid
881580d4b,test
546a913cc,valid
648727065,train
184a51562,valid
61f95d269,valid
1652a3e1e,train
b77b75f2d,valid
607744326,test
113204c87,train
42ea2e045,test
e585b064b,train
f4a6e9cec,train
e1262c956,valid
4bb0c8226,valid
da84db2f7,valid
13b807376,train
fc710f1e8,test
a64ca36ca,train
24e2e049e,test
5daea1779,train
7b9b65bde,train
29c50ee9a,valid
9183ef863,valid
574919b00,train
ffd2e82a9,test
8ff2c63c4,test
2d8b42d21,train
6c5079e85,valid
9f56880b6,train
fb1adae2d,valid
7cfaaa67a,train
2c281057a,train
083787e4a,train
1f6fe20fc,test
1819e298c,valid
21b5e3d22,train
e3fa09b97,train
6f512ee65,train
b38e94f39,test
6f5eab89b,train
838c5c399,train
23ce26e85,train
5b4a22c83,train
c61869b9b,train
6afc6acee,test
687c0c2cd,train
474ee7e00,train
f3b52a69c,valid
15dc4c629,test
298feb02b,train
8fa1c5c38,train
9b93196dd,train
be7fbd988,train
a7a44933c,train
bf458a7d4,train
b121d3be8,train
f261c9968,valid
7bfe2d68f,valid
8c3d81083,valid
d58c146d6,train
3ca057824,train
1cf66aed4,train
2f8890a94,test
d17343468,train
4b628f538,train
739cd2d34,train
0d635d0b4,train
a4c903a3d,valid
7542076e8,valid
899859c9b,train
7b4ff27b3,valid
3a6197f6d,train
999d24492,train
8bb34f0bd,valid
d6aa53be7,train
08b454900,train
f70571a3a,train
0d20efa95,train
349fe9b9b,test
74b73209e,train
106128c56,test
20e75472d,train
a21b6c40a,train
5fcd44bf9,valid
b714e611f,valid
e16882f44,test
887b5144a,train
923a7163c,train
52d336af0,train
5cfd4e3bb,train
840fbaeba,train
5c89ffa58,train
6231ed9b3,test
0adebbf21,train
00bfa5da9,train
4cfd979dc,train
9951dff79,train
0e61fe015,test
3ed60e624,train
f04c098ed,test
04a555b91,train
71e96f977,valid
5cc86be4e,test
8ccaceef5,train
3083ab744,test
1c9a2baf6,test
903a75804,train
b42873eb7,train
e3acd4da3,train
12b1bce04,test
410707dda,train
c5c51218f,train
4cc05c35d,train
3bf71f7b1,test
427755203,train
93692767b,train
29edf6e20,train
971c160c7,train
c160e581a,test
828f48390,train
f0a7a4dfb,train
476b3dbe5,valid
e6151d695,train
97c58d897,test
4140b3b5a,test
6ada9811e,valid
ea1318971,test
acdf99f98,train
dc1b809db,train
a8cfbf446,train
6ebcc7756,test
2455effb8,train
5e54f4e06,test
c634af483,train
a631eba2c,train
91697ee90,valid
182faa94d,train
7a5091ca2,valid
fe790ba60,train
bd7f07424,train
8cb067b2f,train
81f1d4d5c,train
aa2a3d9c7,train
c14ddf8a0,train
b6a16ab86,train
15a828f9d,train
acada131d,test
9351d5173,train
01bcfcde8,train
fbcea110f,train
1f7c7c248,train
6c692e208,train
88fa13291,train
fc7b01af6,train
cd89328a8,train
d583d44d2,train
2566ab3a5,train
1c59513dd,train
3099254c2,train
100aed9a3,train
24be8e826,valid
8af959627,train
5bf976dd7,test
cd8e8d7a1,train
ab6c8aca6,test
4c3a2c536,train
a2cd5b78a,train
9dca0bf20,test
a8df693c0,train
6fdb43f0b,train
0ac279a25,train
8ef276c3b,train
21cc6a743,train
0c9133a83,valid
af005c575,train
85a0bad4f,test
8d76a1b7f,train
2a9a33d29,valid
0327b8e94,test
90dc0d83f,train
6d994c50c,train
c6d7271e8,valid
99a994cb1,test
2a06a5244,train
8773f250c,train
82ea3883e,train
04a5f717a,valid
884b9a6ec,valid
115a4b208,train
7e8bab7a5,train
302eb3771,train
0bcae32b7,test
07102e682,valid
516fcfdf9,train
0d4b69793,test
a77b63ee1,train
9449dcc18,test
1eeb50e8f,train
80cedf6b9,train
be376ea01,test
fc43d7ddb,test
05312ba72,train
48c838ef7,train
411bba4e8,train
bdb5b7ecb,valid
e7fae9937,valid
f8fb0aa55,train
bc6d86a40,train
672e9e752,train
e6ff21b7e,train
548351895,train
fcae5bea5,train
72d68bbd0,train
c74d9c9f3,train
a486e2ab6,train
f304e7fb3,valid
1f25222ce,train
9aa9d63f8,train
37a8dcdce,train
2b6b2524b,valid
b93203aa7,train
493d9cc81,train
2fa5bde3c,test
8f32c880e,train
ff2224b9d,train
473caf456,train
63c794465,train
b857d5ac6,valid
d66a55b13,valid
b16b24c21,valid
eadb7f25e,valid
44c308937,train
8ec043344,test
6cf058ab3,train
84e146ba6,train
57b9d7903,train
c213bcac3,train
5dff24075,valid
f06da7096,train
31e266863,train
0f1a3ce5a,train
a5b9343c3,train
56b0b72b1,train
c79c98af1,valid
9243b2c43,train
29af2b6ec,train
640e0b69b,valid
a5b4b663d,train
23ed3e349,test
31c2215c1,train
725a5345e,train
2fe763187,test
5a60fde1f,train
ca28c5e51,test
41fa17c7c,train
8bd033254,train
be59708a0,valid
331a745e8,train
c1ed7562f,train
23eddf1d8,train
ef9b5808b,test
7650ed0f0,train
9d2fb911c,train
15592a54c,train
5997cc138,train
53bb1d133,test
b9c0de515,train
f212d0cdc,train
4a9fa9d9e,train
6c5fb38d4,valid
72626612c,test
74fb03e51,train
4247730f1,test
39bf24ec8,test
dc996a1a4,train
d433a5827,train
5ced5d057,train
a22499988,train
edc5c168a,train
20845a37b,valid
8573077f3,valid
5ca7a1543,valid
63cc8aa47,test
36681d1d5,valid
a983562e5,train
c32ecd5bf,train
890dc359d,valid
35bd82365,valid
1f4a53e6c,valid
e24a30aaa,train
adc03f8b6,test
474f23a3a,train
b1170cc46,train
43cd2eb4e,train
ee8518e4c,valid
6608d48b2,train
5330c4588,train
134e12e92,train
1a8215249,train
6381b1706,train
1a4d9f6e1,train
fc2012c7e,train
8e2335bf5,train
043d8c534,train
ab0bb2f5a,valid
4106b7290,train
b08012e7f,test
f0137d4e3,train
79531026f,train
4195e3052,test
9499f293e,test
6cfd5f1b5,train
65470d9c0,train
f8619af42,train
4d73d97fd,train
6cafa50dd,train
22c2f101e,valid
37d88b689,train
9d8032dd0,train
918ae2c95,test
86d02f6a8,train
b03b1a110,train
91df1b68f,test
bdde3b5ca,train
f2f8980cd,valid
6f46311db,test
ea3de2587,train
e7fdf6d1c,train
2f50d46b2,valid
b09fa9385,train
57bf84005,train
f77a6e11c,train
51a0d55ba,test
87520e2c9,test
dc7dad1da,valid
07638746f,train
237343008,train
59a08eeec,valid
1936c68a5,test
559afad4f,train
0b501f1d8,train
7ba9cb4a0,valid
9a9707c98,test
87a679d31,test
05f84991b,train
5407c6e1a,train
df6048227,train
707b0c535,train
5dff15fc4,train
a36e3c034,valid
2fa8b64b1,train
132a28bc9,train
93cdb10e6,train
1696809dd,train
9981290b2,train
43fe381b3,train
b66a74309,test
deb43659b,train
d33840dfa,test
b0dc1d4f0,train
8e8779496,train
013527aeb,train
05f00d521,test
46539f4bf,valid
8229b256e,train
ff0b61121,train
118c1147c,train
047514286,train
49d4a0adf,train
e99eda1f6,test
249540f2d,train
74cd0ff66,train
0d7247d3e,train
e133ab2f1,train
01f976ec9,train
2a5e70892,test
60a36cab1,train
23bf0ed46,train
321d04634,train
40501d365,valid
15f89f939,train
2c4089e4f,train
0f78e05ef,train
79ec57bd7,train
67be298a7,train
4d98e5623,train
6c324e80a,test
b69d479cf,train
5ee5f72b8,valid
3f42bd15e,test
beb0f98f7,valid
cbd703fb6,train
5550a68dc,train
91bab29e9,train
755abaa79,test
28a0ae4fe,test
9ab7e48e8,train
c6f39e0e4,train
973278f56,test
50d2b5839,train
c12ae3214,train
cb0c04621,train
47163bb58,train
53fba6573,train
a993cd91a,train
c1db71d88,valid
d51b2e785,train
87613aee1,valid
9862e5dfe,train
ed9936705,train
8dfb61116,train
d92c326f8,train
4a108fa61,train
dc7a53ba0,train
b98316a91,train
5ab429fcb,train
ff2cf88a0,train
fce854722,train
88e2d97b2,train
8a5d7e622,train
87bdcbcdd,train
87a16f3fb,valid
4133efff0,valid
a0909c2bb,train
ef2ee6e9b,test
60d72fc85,train
f56c9eb67,train
8de51ad1e,train
cca4ba626,train
91d307ce9,train
5ee1c77a0,train
f995bc16c,train
afe19c37c,train
ea7fc7f4f,train
b02d9e413,train
937d74077,train
3a88e6c8f,train
3edf44325,valid
087fbda7e,valid
4b261a0ee,test
d45562a98,test
658e4415a,train
3d9346cfb,test
be4c2e0d5,valid
a6b908d22,valid
d87ff9c80,train
373880ef5,train
1d48855c5,test
5b346ef59,train
3948f67d7,train
1f6dc1747,train
63cd0b2b3,train
1b1a68a60,train
6d5afdb0f,train
4128e8e80,train
10e27da02,train
789083f3a,valid
0b3763054,valid
8dbbd91bb,train
9031a7f4c,train
a854aca45,train
182aec7a4,train
bd16029b7,valid
ad4456e88,train
7e43ebd6c,test
c52908c2d,train
3ee05e0d5,train
6bacb98ab,valid
dcf366e02,test
d1b183683,test
aba758b7f,valid
234b2a6b6,test
f095385ff,train
24361123a,train
609e37f6a,train
233aeb07c,train
ec7952240,train
809ca8efd,train
1c6e35149,valid
f4a508263,valid
06adfc154,train
640a267a9,train
761523328,test
e6f4d14a0,train
3b41cf42a,train
c5a7f7d69,valid
bff5e06f5,test
e69dd7d09,test
1b47183f1,train
5649192e9,train
af2f3a166,train
ea05e0a19,valid
3dab3050c,train
880a0ac07,train
9faef6bb6,train
2edce7d92,valid
19cb228a0,train
e8be13bdf,test
9c7476c25,train
b4aa0c3ce,test
49a832741,train
923a58e31,train
f477f306f,train
36ad55549,valid
851302ab1,train
3c30c4a49,valid
743b67b44,train
3f4cf8745,train
9786bb3f7,test
732fa3cb9,train
bc0b9984a,valid
2836c44dc,test
7c1f20f6e,train
0d460fe7a,train
0eab258a9,train
49f6a8909,train
a2dccbe51,valid
6114449db,train
ad70b1120,test
43bae1c6d,test
3ef5f0537,test
17880e117,train
5376c81df,valid
e58225b2e,test
3ae51e685,train
b6c93a605,train
88f3a5fd6,train
f45457bdc,train
5b3559bf2,valid
bb051be7c,train
568a5ab51,train
b31045c50,test
86dec16a3,train
1cc20af0a,train
9999c355f,train
89bc4559f,train
8afcd7b7e,train
a9199119d,test
4ea31a03a,train
1ccd49ce2,test
360dcecb1,train
0c64a0f1b,valid
95855babf,test
441594b56,train
9819716c8,valid
63e212498,train
bf7c0f270,test
20c3c2ba7,train
5b945da83,test
3c7dd9982,train
faec94482,test
9cbae8539,train
54314d17b,train
4b45ae85f,train
8c1c5448c,test
76aa06fb0,train
2bbe22924,test
85c4e7a41,train
fd8c80281,test
ad9d334b5,train
134b82d89,valid
06db81e31,train
d3ffc5c1b,valid
688b3183d,test
412d7406c,train
e67b88329,train
0c4e78176,test
9e6570928,test
660dd8ded,valid
950dd345b,valid
215345b52,train
ab94dbe57,train
b72a62a33,train
897e065bd,train
b2dbd92b1,train
c05b74b05,test
876dd37df,train
fd139f4e4,train
1d669183f,test
7fa3ab674,train
e4ece4eca,valid
5b1e90385,train
f60779a3b,valid
5943080b2,train
3c2e29219,train
ef14eb18e,train
7efb36b65,train
cf8539482,train
2ac979cf7,train
7374edef0,valid
3aa4a07dc,train
2ce86e3a2,train
df0933e46,train
3af847ce9,train
09e39377f,train
4236c9245,test
2e3c8edaf,train
2d63b7c4f,train
48dd04601,train
2da9b0c2c,train
44d1246e0,train
a1019e087,train
598f49a8f,train
6bc347d2d,test
705a6dffe,train
c947d8169,valid
492e0cc50,train
e10252ca3,test
1d2a7f0dd,valid
d8519e771,valid
4518f180e,valid
3185aa328,train
9ba7b7b9c,train
692bde33a,valid
cd469a42f,test
537b5f09b,test
9d64175e7,test
1adb292f6,valid
1c4afcc03,train
054f35a8c,test
d7282183b,train
895d8c870,train
e66ee4be8,train
81efac010,train
4f7a70728,train
a21f20530,train
a091487fb,train
dcecf2ba5,train
4bef58278,train
caa616482,train
31e9530cf,train
cbf3467d9,train
358270782,valid
0c6c71a55,test
1c901d8d7,train
4079020a6,valid
0a38a1059,train
807e3b981,valid
fc93d7cc9,valid
1cc66d907,train
518384a79,train
8b0fa13e1,test
373b98352,train
5eb152e2a,train
3e2347b40,train
afe9d7dca,valid
ec83e77f0,train
3947180ba,train
f83c963d2,test
15b5da7f8,test
b5ce44276,train
992170cac,train
95e61ce61,train
f40b68c08,train
9907dde11,train
33ed78569,train
8d650d311,train
58e2cf3d9,train
d6d6d4aca,train
288445cbd,train
1b0d28fab,train
7fb135352,train
43c8e589d,valid
d7cc44152,train
a90da3a12,valid
67967b0b0,train
d22eb6266,valid
9e399c659,train
9a5da8156,test
365f29337,train
b9086e44f,train
1b5fd0e44,test
be340bbe7,train
370d17232,train
a88845c74,valid
387147d00,valid
c320a6005,train
6f0d943dc,train
f48338adb,test
742462799,train
c1917c88e,train
63057be1d,train
91f52526f,train
a6da4c5df,train
ecad4a875,valid
71eda06c6,test
d54d84b63,train
8e92ebde6,train
ff85f13d7,train
4cef5b961,train
efb36dced,test
03926867a,valid
62ad62e0a,train
ef0822572,train
23987e634,valid
1cd970978,test
4ac47ceae,valid
926c92b39,train
f348564a5,valid
ab5964338,test
b72bbd6db,train
d6243bdf8,train
69ae5dba1,train
e74dd0579,test
28c34e5dc,test
2cdaa8a5d,train
defebd6b4,train
f99149151,valid
a345b4406,train
91d238a62,train
b985b4ff9,train
0b74e375f,test
122683077,train
d246be504,test
f500d6361,train
c05adb8fe,train
a2124f529,test
052c95a93,train
343c1f526,valid
35bb8ee8f,valid
e454518b8,test
83703d7e0,train
29193bf76,train
197c5ed9d,train
87b60f563,train
4cbc3433e,train
644d07ccb,train
27ce98a2e,train
175af62c1,test
97a80f8b3,train
26662f4f9,test
fb507a1cb,test
1ef4df30d,valid
b7f7e01c6,train
bafa8c847,train
7eff2bd81,train
acc741f2d,train
4552e7972,train
63a3f229c,valid
81ea0e01a,train
4f5205d2b,train
a8f43bea5,train
be0635ef2,train
da9b9db54,train
9521ff66b,train
a07440416,valid
4fe9ef7ce,valid
5bd541f6f,train
3cf8487d4,train
aa11bee11,train
ae17429ae,train
0a3fc490f,valid
23c4874d8,train
394217006,test
b2406f38d,train
f91cc9f0d,train
053d121b8,valid
2259cf6f8,test
a6fea1d1a,train
a8055a2ba,train
9fe6f98a5,test
b73a7ca90,train
aa40c19c2,train
f94991b4c,valid
aebf47483,train
ace26786b,train
9ef928aa7,train
c40052aba,train
ac8229264,train
e0d18f038,valid
a88733fd1,train
88cdc9a60,valid
2625dcb50,train
00c19f4fa,train
bf190a061,test
1cac8717d,train
19f5a15ab,train
484346fbc,train
dd5f93066,train
e3e339d6f,test
e04d44883,test
8623ecf43,train
cf85bd080,train
1d6a1b32c,train
7000a4f76,train
5955c1678,train
f245f7d4f,test
6b2fc7a10,train
c83fe0079,train
923da13c4,train
26a7ffaa7,train
c3b94defa,valid
714b4fa64,train
0f1424059,valid
66fcb54d7,test
9684a1603,test
6c9e1c82f,train
5b4745340,train
39944ac3f,train
b02c50d9d,train
b34a4f038,train
372433bc5,train
07cc0ce27,train
eff4a47b5,train
73dedcf29,train
ff16e6dad,test
5ff246254,train
f33406495,test
1045bb4c4,test
500728fdd,test
94fc65b67,train
91c023cb7,train
138035c7a,test
10949ac80,train
e46373e2e,train
798fae45f,train
b18e25ae6,test
77b247a02,train
2bec9dd86,train
7e43a342a,valid
1cbe873e7,valid
e1f0c1add,train
9e2a19b16,train
7e6385ded,test
8d301b5e6,train
66d4911f9,train
4325e9930,test
b9f58834b,test
b356b0f05,train
10eaafcd9,train
a54497b9a,train
b0c159af4,valid
87fa5c42b,train
f5d7daf1a,train
b6661be84,train
28af3f2c9,train
fd717a456,train
429df135c,valid
bc14cca27,train
8bf2cc0a1,train
8d0f353e2,valid
7d0367e19,test
3b923cef0,train
35b728d0d,train
5fc06cf73,valid
a0f2d927e,train
59f4e3255,train
029b05087,valid
6568f907c,train
b0d8b0778,train
5493d0771,valid
59c9f850a,train
8b17616d3,train
cd668b430,test
03ae93b48,valid
a2cd25e49,test
3e411bd12,test
036c684d3,train
110682438,test
9e4420002,train
2bc51f69b,train
eac772633,train
573f51aca,train
39a66e7cb,train
b9d49b198,train
7c139389d,train
e3fb26abc,test
8e4f0e111,train
9c443e54d,train
29a9fdad5,train
2ca3f6d92,test
649589d9f,train
121ee5fa0,train
7a6bc9e55,train
032aefa61,test
88f79f7ee,train
1ef5b1310,valid
5e9737811,valid
46ef61c91,valid
d8697f0fd,train
bdff3528c,valid
98d3a24b8,train
2cc0c6dee,train
c0503dd75,train
26bba34a6,train
c92b59557,train
034259113,train
5287fead8,train
ba4811f35,train
1349f68db,valid
48432dfa0,test
03188ecad,test
91c2edae8,valid
d680ddf5d,valid
6ab0ddda3,train
f9e4762d2,test
fba2f803d,train
3757e3734,test
36d764abf,test
dce7af31c,valid
4733d5e7a,test
0fd9076d7,train
6fea8ac52,valid
6e50b52c9,train
6914ade58,train
560d2b399,test
9b09190e4,train
af4941f15,test
7e3c6f81d,train
e2bb56954,train
3dd6ea6bb,train
2f3d368d3,train
072bb91b4,train
b7351540f,valid
8e0d93659,train
fa89bfa82,test
5ac95823c,valid
2cf6b6627,train
ad5250ecf,test
e156e8aa0,train
4b3efcfe0,train
f555570eb,valid
f8530e295,train
5c7136c2e,train
bb90447e5,train
e218c632b,train
f394d4aad,valid
92b5de07f,train
3befd2af6,valid
dfe83669d,valid
179c21d17,test
595b8d58f,valid
cf9bc2dc8,train
323f562e0,test
e2f5253f7,test
93df8b5c7,train
51e25fe8b,train
f72db59b3,train
48c9474d9,test
9e2af0f7a,train
d7dd71467,train
43d31be6c,valid
4a4d8cadb,train
5e203eeaf,train
eee978cc3,train
cfbbeec5a,train
0e9c1385c,train
8da7afcd4,train
2cb770ad7,test
79e510cb9,train
fa1d3af33,train
420193f17,train
82ab0ebbd,train
bf37d753e,train
0de6709ab,valid
703f1a4c4,valid
a8518bd6b,train
6c5a7a1ef,valid
05fadeacd,train
cedeef1a7,test
e633a6647,valid
2fdc23bcb,test
43c623f94,valid
d6209194b,test
4edc9ecc5,train
087804d85,valid
bb928145e,train
27bbc8c4f,train
99c110585,train
cabb4127e,train
a2665a33f,train
de8b7400d,train
8e3e0ffde,train
e7a8fea6b,train
5b7007847,train
8bdffc917,train
63e2cb92e,train
a5f027ab8,train
6e9e0ce30,train
fd39fef15,train
c120a6f75,test
22abde55b,train
6e31c7d5c,test
a6adb9a9f,test
7efce4735,train
4dbcd1d36,train
7125e101b,train
bded2690b,train
9ac5a9faf,test
83502a253,valid
5d3c9feba,train
97dd55a08,train
8e3c58de2,train
65c2785b3,train
52dae90aa,valid
01b167b92,test
8d6b89eff,train
402799b02,train
abfad94f2,train
c57a0afef,train
de97498e6,train
70edbb1e3,train
e5ffc0a9d,train
3086dc257,train
b5fd8a091,train
546cf9e37,train
8bc5380ca,train
f27a94272,train
0819ac2f6,train
d48e16ef4,train
49f12d27b,train
2374a1c12,train
640dbb3b6,train
deb0ad8cd,test
78631549e,train
8b03c494a,train
e493537b3,train
63562f208,train
1c8ab73ca,test
23e36bfd9,train
189eaf5c4,train
0b110b315,train
267841852,train
4ae292968,train
10124968c,train
dc3066d92,valid
88db34068,train
e7e23bfbf,train
ea678fb08,test
ba16e7f4b,train
b4060a70e,train
5fc55b842,train
e4c9325d9,train
1fba191e3,train
e2b705117,train
79b439763,test
8a6f301fa,train
dfb7301a8,test
f160ae385,train
a05674125,train
d9175b948,train
1faffda03,train
5606b4630,train
ec9da833d,valid
785150e60,valid
3e25d4fb8,valid
20f870155,valid
f29afd123,train
6d55edd17,test
cdd50f583,valid
ea03ccbba,train
9abb10f2f,valid
5eee1e783,train
41ce762ce,test
22e4974f2,train
5c109cb7c,train
82c90e313,test
7dd6704a1,train
0af365e26,train
5c4c1d10c,train
a868df43f,test
277210bb9,train
d0f4115e6,valid
a90c3dbd7,train
7aef49fb2,train
75f3f26cd,train
2b8008b16,train
38fc09756,test
c504cbfd4,valid
bd2f5699b,train
89ba257e1,train
f89c6f6a6,train
f6c14900d,valid
2716a01b4,valid
d9b4b1930,train
5b7fd5349,train
0594ed847,valid
5aefb7197,train
1bc97732e,train
9e5476a10,train
8de855263,test
500327aed,valid
34452eefb,test
0063bd7e0,train
25c681109,valid
b28acaaeb,train
16ce3524b,test
5b8610245,train
083f50328,valid
62d09ac7c,test
67e77a11c,train
28e14ee81,train
755f10f8a,valid
2db012118,train
1043aca38,test
8ccda6476,train
e0a1e1ecd,train
53964c5d0,train
4427541c0,train
fd1bf9554,valid
8c2e6c331,test
be917151a,test
59c474c59,valid
b41fd3816,train
c59fe4bcd,test
db5a260fa,test
ded3b183c,test
842c9622d,train
9c296a253,valid
3e0ce6020,train
faa139539,train
c4dc1e8fe,test
97cdcca1f,train
c5d0fdfac,train
28e86bb13,train
5d517a321,train
62eac41fa,train
09c00211e,test
2262be7e9,train
7a7277559,train
bb74a9d58,train
91acbbf47,train
df26f1098,test
b88fdc7ba,test
5017052e7,train
d43834f69,train
01d646ea8,test
803c3b444,train
617ee6976,valid
fd3804c20,train
5181f9924,train
bd2084cc9,train
6c55e596d,test
4363acad4,train
da8d56dff,test
903523a17,train
cd1947175,train
0e56a693b,train
642b0dbac,train
55b9c70eb,train
7509ed502,test
f2be40d43,train
add3c45c6,train
cbf6b6e42,valid
2eaab0cb1,train
fffd9b5a8,train
92d830572,train
5a089c77f,train
4b9f45715,valid
f8e3f9ddf,train
21fc38738,test
1c3793826,train
e31e27ce7,train
cc0a49f6f,train
7559336dc,test
32168f6f5,test
bcfea60f5,valid
e5317b212,test
b49c33f08,valid
ad4a30fcb,train
931fd5858,train
9afc068ae,train
bba70dd12,train
230009c15,test
c4fcf4990,train
17d9c9586,test
c2cad7ef6,test
68ac3848d,train
6dc40f9b5,train
3d3006ccc,train
7314ad440,train
c1ecd33ac,train
2d06250ab,train
8ab1bbd3f,test
59a23bac0,valid
ac1eab621,train
90e582b0c,train
b30bcaab6,train
f4c32b8a5,train
edcc13ccb,test
610c05772,valid
ece3629b4,valid
bb714a80a,test
73a25206b,valid
26ceb4ba8,train
ba20d5a08,train
f3082fa97,valid
a6deb30e1,train
93eb14f37,test
681a6f552,test
27058d03f,train
c71d537da,train
437b01de4,test
3b9f04df5,train
bb16182f7,train
7e704dadb,train
505034c5a,train
88edfa259,train
54e0ac09d,train
69275e62d,train
4359d65e7,train
6a00de73d,valid
aa0901313,train
541400630,train
dd7732e86,train
b2b9c5176,valid
704737525,valid
708189e17,train
139f58538,train
5e2e48bb2,train
b9005c792,train
716167b76,train
f447d931c,train
2177b28d2,train
d320b7121,test
93e53882d,valid
2ef182fc5,test
5918330ac,train
b1c7e0838,train
f2697fe84,train
645914c88,train
1b9b55f0b,valid
a41b62aa8,valid
5c9d75ab9,train
17ba1d7ce,valid
e95d902dc,test
f071f1cb7,test
9a7885841,test
eb3101bcd,test
4badb22cb,valid
5b3c81931,valid
b3a19b9dd,test
d870d5767,train
fb570c67a,test
c9c5b665b,train
7bfe95866,train
07cfb3380,train
2cf6ead97,test
f5f1ea56c,train
1aaa74b35,test
06c5ddbd6,test
f97d14e01,train
ddeeba131,train
ca121ab91,train
d755e40d7,valid
48cd2ebaa,train
d202e4c9c,valid
c6a2b6ae1,train
84998166f,test
79a352e54,train
fb1a745e6,train
1d5870131,train
879c40dfa,valid
0d873789a,valid
619d6fdf8,train
fe879c04e,valid
c90570913,valid
b690774cb,train
78599649f,train
059cfed40,test
65829d12f,valid
c1577c976,train
1c8a8385e,train
3d9ee26e3,train
c7a324d3d,train
678d21531,train
107d56dc4,train
646fe5d09,train
e2e5b8ae2,train
5b26ccfdf,train
d16f1d371,valid
7b22d0224,valid
cea713af9,train
24af5742e,train
ae84e47c8,train
64dbb2214,train
549c35706,valid
832110a99,train
ccf8c71f6,train
eff316e87,train
ee34f3079,train
021b0b7bd,train
49b868ae2,train
529c2e04b,train
1d911bffb,test
b968b85c1,test
6cbbe5cd9,test
d29627289,train
c2b92d7a0,train
48cb3c66a,train
1cfc647dc,train
61338b2e9,test
429017e9a,train
bc4f18ced,test
a1a9e48a6,train
7133c0c97,train
86629a3ee,train
b9f90bdfe,train
7595f467b,train
192303603,train
45f8df95e,test
ed9885dcd,train
c5b5d2650,valid
12653b9bc,train
bcf657071,train
314e041cc,train
0fae8116c,train
ea4c18b67,train
ba04f3e21,train
a0fd5da22,train
3821d75e9,train
20f05426f,valid
bac34e381,train
c4ff3b712,train
063521459,train
0e1a54250,train
ce768b010,train
619dcb4e6,train
e4dd90768,train
10e1cbfdd,train
49d1423d5,train
01e6a888d,test
b414c5dd9,train
79f358573,valid
9c714104f,test
ba030cdba,train
c457ca802,valid
8a9bdc274,test
f8710e158,train
eddc2e2ae,valid
d5cbed556,valid
0e8887c13,valid
5c1fa6bd2,test
b2676e6b1,train
1bde9cc3f,valid
8f90bba4c,train
0cf709a59,train
573f877f8,train
02f89bdcb,train
0c281122e,train
511b4a044,valid
9b7179c65,valid
61e477c0a,test
6d67ee4d1,test
c659e8a32,test
2401dd6df,train
becd6c70d,train
4b2aa880a,train
f51667d46,test
68838474a,train
3745aa22f,test
548df7912,test
f246dec63,train
6a546bfb7,train
99859bab7,valid
5d02f91fc,train
c87651546,test
75bc667ae,train
b1021dc35,test
c042fa2d5,train
f45b98b4f,train
4c04c9cba,train
e3f28534a,valid
f0ba86cc6,train
c7c443855,valid
257a99aa2,train
94afcd90c,train
26edfaa28,train
c1da8c2de,train
3a4ce4c6e,test
62d822791,valid
a9294a9ea,test
a97a679b0,train
fb9833d4b,train
c29a364bc,test
6cc070892,train
6e61a7b46,train
fc0952bea,train
dbfc5a778,test
06666dc09,train
31353ed83,valid
d605fa35d,train
e5155cda1,valid
cde0d8e8e,train
6b7f2c603,train
095314294,train
49a867af7,test
1712ba40e,train
610ece7bd,train
9da5c9d23,test
30aa1059a,train
ef7bdaf3a,train
f1775b51b,train
2a2b95086,test
67db5accd,train
c001473a1,test
4910ac042,test
92b6acf73,test
7e3607e1f,train
5893f7a9e,train
3dc98128b,train
8a302ccba,test
a0f76e19b,valid
edb154f1c,train
0dff88b6f,train
6f18704f7,train
093cce3a1,train
aa91c3400,train
e86af84c5,train
77a6f71e8,train
2885ade43,train
5d3289417,train
75b726ba0,train
39ba962ef,train
31eb7b312,train
171113c99,train
acfbc9b71,train
fa3df8921,valid
c491ec026,test
f5819a31d,train
2abfa66d6,valid
c99e3a906,train
44d722701,train
3ae326dba,train
8f1ccbc6f,valid
03aae5768,train
ceec02726,train
b2876d101,valid
44f048354,train
dce0ccf91,valid
ab2c124e7,valid
8de170932,train
44965fd2c,test
dd074b8ba,train
5e10e3f87,train
3cbe65e9a,train
e6ff63097,test
060d1de98,test
33a9dff78,train
da9d78f91,valid
ce0412bad,train
a7560614d,train
2ddad75c0,valid
7d25ac957,valid
7413a61ae,train
e7da5a824,valid
8421c66e6,train
074d26284,test
23b64fe21,valid
0aa2ce4a9,test
9725fc542,train
656246ceb,valid
7f352f8dc,test
dcd8e75d3,valid
a2656874e,train
fef340804,train
afa1e2afb,valid
d574448ee,train
0306e85dd,train
3ff737b0e,train
fc2925be3,test
ecf521843,train
736b228b9,train
375a0eb3c,test
ca659fd81,train
ac8fa1b6c,test
82f95b703,train
780dff088,valid
352ba3335,train
e3e66cb5a,valid
40156a896,valid
76a045292,train
0c5d5968b,test
8d970238d,train
41e4cc1de,test
7811bdd84,train
cdf5760e8,train
57dcbe4c9,train
7c82670f8,valid
9702a20bb,valid
e67f7787d,valid
8b5a5458e,test
152880177,train
fabc9bfec,train
379d5e10d,train
ed08c717d,test
4df0d1886,train
9a719040f,test
881aefbb9,train
126cfd595,train
c6e25d716,train
991c722c1,train
ddc2e31c0,valid
d9c6517ae,train
3b2a0338e,train
84efe95e8,test
435f8cb3d,test
8d047d078,valid
2f0abd493,train
3eaa698d3,valid
9cf90beff,train
4eae8cc31,train
9c777bb01,train
66a287bdf,train
5510ac89a,train
fc0b0843c,train
e1d86f0b6,test
41ee5af3c,train
062f73a4b,valid
0ea0beb3c,train
106f7b51d,test
87a3ef269,train
bd4404a60,train
c7cfbc8e9,valid
31653bea0,train
14cbb81c8,train
843d24f0a,train
53b996932,train
979d48d7b,train
40c204453,train
1eb7eb47a,test
4c5db9ed6,valid
822b31b85,train
84b297843,valid
26e7f93e8,test
a366ce2a5,train
92d0ff357,test
dff412d60,train
323803a9b,train
404eb3b06,train
d1052eb2d,train
bbab88df0,train
b39f3f7ad,train
694653d6a,train
cc22a5abf,test
8c10b6035,train
db8a8df8a,train
4dc593f4e,test
420bdee9f,test
95636a0d9,valid
a8ba4dfa1,train
f29dc8be2,train
470fba174,test
56f62a309,train
9ca5f1891,train
adc5ada07,test
769579681,train
77c076881,train
7da9d50b1,train
00af25fc0,train
804c6c78d,valid
a8b358af2,train
8e68a9075,train
79a6cc443,test
99a9c9a23,train
c7bb75711,train
f67786a70,train
51d637766,train
efd269df8,train
73b5c37dd,train
8f214e361,train
244144067,train
0493336f7,train
d1fa13f8d,test
486f89692,valid
c18106b39,train
afc71f432,test
59e7b5f52,train
5182392d9,train
72418da1c,train
6fe7448a5,train
762a1ef1a,train
e3fa5b2be,train
6dd12152a,test
8940dfe55,train
82905a82e,train
1716cd645,train
58d54417f,test
387701d9d,train
97094f7ec,test
1a6729b6f,train
4fd97d6fe,train
015fdb354,valid
07b2a1416,train
51398fac1,train
fe250bce9,train
e62c62127,valid
d33f898e4,test
d8727d356,train
d99c980a9,train
8aec4488c,train
c6d378000,test
345b95213,train
814740bc3,valid
6bbcc7ea5,train
a399a151d,train
23367e78c,valid
1b8ef81e3,train
7a1d75edd,train
0659c05d5,train
4c674cc1f,train
5353b2283,train
da5d1c5ba,train
7a2ea6461,train
2023404f9,train
e29fd3f0a,test
ff361d3b6,train
d09a7dda3,test
14a1d0eb4,train
1027c621c,test
513062327,test
91306f563,train
b3f83cef6,train
db5d27601,train
11c88e3be,train
bdcd82280,train
45904d2be,train
f247a5242,train
a86f09670,train
c82b8b2c4,train
7803e9e5d,test
63afbf2f2,train
89c980093,train
699365a99,train
48d1bb550,train
3c9dc7370,valid
701c7e67e,train
303696f08,test
2ef8bed36,test
daed4ac40,train
d6b7b63de,train
5c9de0c0a,train
964b2fec4,train
8fd0bd843,test
9e3239219,test
d3ebee32b,train
33dda6165,train
d3bafdff5,train
c11ca8051,train
b412a3f6a,valid
c790696c7,test
34edfc9d5,valid
6f41847b5,valid
98da79d01,valid
4a78a1859,valid
d806d8c60,valid
2fdd78c55,train
1f3e595eb,train
92fa4a896,train
4b8b0a817,train
bb32a589b,test
036e015d2,test
9b5df2f3d,train
73d65de2d,train
2b666036a,train
db745332f,train
1e4b7018a,train
246c3850a,valid
eada14618,train
49310cec4,train
2dd6e4186,train
de591574b,train
c54ab239f,test
10c24c385,train
bfdd20655,train
31a77d7ba,train
df9a4b31f,train
a7baf1366,valid
d8e376a50,test
181d40c5e,test
33f056cc7,valid
d36f47834,valid
886debfe8,valid
6029e0ed0,train
4dfd61242,train
2599e55c5,valid
ca40312db,train
f8d16f3ef,train
963520a2c,train
2c5b817a7,train
26d17afbd,test
86ff8539d,train
45c871da9,train
0ed23a049,train
02126e289,test
012a1a396,train
af7125abe,train
a09a76aba,train
aee1ad5e4,train
a6c836abe,train
be467e42b,train
4a2544358,valid
a5f576bb1,valid
1aa39ed52,train
74a9b9a9e,train
ddbb99929,test
c1548b685,valid
092b32197,train
167a6dcf3,train
1e1727250,train
51196cf13,test
bfc46890f,train
6cd340cfd,train
c16df543f,train
a4cec9f83,train
a823f714b,valid
28060651e,train
570fdcc4d,test
b4f69489c,train
8837fcacc,train
bbd704c14,test
521320b95,test
87ef4d3ca,train
10f4c8d8c,valid
94aec9453,test
6975353f1,test
fcc2ea490,train
5925cf3fa,train
8d3b5e6e9,train
3b0238af8,train
e9e9c9efe,valid
919ebd16f,train
a031e3771,test
2bf4445c7,train
6f1e6e8ed,train
35c9855f5,train
1e34e1ebe,train
a630f3a73,train
cfd0757cf,train
a54202bba,train
e9fa49f8a,train
967ee6c2e,train
b532e9588,test
29eda0717,test
f75724b44,train
2b3387bd7,train
1f9a15807,valid
584ba2890,train
d83749129,valid
f293ae915,train
8ae60c34e,train
4f75e3aa2,test
01d981c81,train
d6fd7962e,test
e554a9066,valid
1ddc14ad6,valid
01c6d3224,train
8cae4a15b,train
e7d595174,train
9f07e684f,train
1736706f9,train
298ae7ea4,train
be5f7a129,train
f3778f601,test
d0e2d8d15,test
555e742f9,train
eb81b0503,test
ab4ab38d7,train
bef49a74b,test
d08d2829f,train
39366118c,valid
c272d9284,train
5792107ef,train
719917454,valid
dac37d01d,train
9e6d5d0df,train
df0a5e6c5,train
abea0e83e,train
d3975e1bd,train
4a66f74ff,train
9945962c3,train
355048bb7,train
7fb5c3b87,test
ce26d6864,train
7a875ef01,valid
3d8a35224,test
f124ecf25,train
9120f2894,train
af3d7c201,train
9b2316d19,valid
ce6afb606,train
2b7222d13,train
44594e996,train
764837930,train
8a811328d,valid
fb2dc3fb7,valid
062e2772c,train
eb350f2bc,train
929528b36,train
44da8c2a0,train
28ef05fe6,train
785413d29,train
bdc7db9b6,test
bddc0b2c7,train
387a2639c,train
65266fe36,train
e4b90955c,test
150bf58e2,train
6464f2352,train
fab1170a2,train
172433b2f,valid
4daad230c,train
d2f04a19a,test
69a1b02f6,valid
c62a2a817,train
b854220cb,train
e282d2bdf,train
ec496eb44,valid
9fb186834,train
7e6d7cbb3,test
29fd25bc8,valid
351d29156,train
b9d28a286,train
c1c16ac86,valid
cdd815db9,valid
9b3e95995,valid
1635eac9a,test
14bf62107,valid
802a18435,train
047c20d1a,test
9761c645f,train
7a87da606,train
c1aa4142d,train
df89a82ab,train
f7b533990,test
2204729ca,train
af6364af9,valid
e8dc8fa13,train
e333feca8,train
e653e3c51,train
fdbc1c567,train
3d751fe45,valid
351d1e748,train
8f1b39562,test
e4460cb03,train
c8f4a2877,train
0753ad1cd,valid
eb6c84ec0,train
75a803430,test
33826a08a,train
ec0fd1a7e,train
330943a7e,train
c1ed602f2,train
fc6976a96,valid
c467f8702,test
ee0e059cb,train
44bc5f67c,train
0256cac2b,test
239326fd2,test
6276a846c,train
870e7158b,train
7f3f14a72,test
3983e7c06,test
f1e99433d,test
01c3c09df,train
102c931d8,train
6b446b436,train
e32c29f03,train
4eb9088a2,train
74ca92e79,valid
8f1d6224d,test
08f40f232,valid
1f33216f7,train
ef4059fae,train
ef7c5813c,train
fd48a560c,test
210b8d077,train
6ba094bf4,train
96462a567,train
146aa46b3,train
5f5d44f43,train
1930bcf64,test
b586e1ea4,train
428fd4ef7,train
ef8d291b0,valid
5597af31b,test
52ec30101,test
9ee7776db,test
14dcf6ec8,train
8db729086,train
58bfbd845,train
109d21b69,valid
b28bc9e65,train
863947277,valid
2ac3ca459,train
a3740bea8,valid
cc628c147,test
0c47e700c,train
76017363e,train
8de1c1ca1,train
c432261a7,train
df9cc49a1,train
07e6b5eae,valid
0ff50cbd5,train
8310e47df,valid
dd4f3b8a8,valid
39816161d,test
9d70a0499,train
4a2270c3e,train
d76e9dedd,train
d1f80f7d1,train
1d4adbcc2,test
7986a1870,test
15538a661,train
6bb85e53d,train
7a1f83080,test
bbaa4a431,test
10bbe5ea4,test
ffb33c204,train
54ec12bf6,train
ded8d95c0,test
dc8caa6d2,train
f8b975c1f,train
311157c79,valid
ad6992c20,train
4c0de1708,train
f5de721c8,valid
fe2cc3feb,test
24e800fa6,train
02cf14499,train
521e214ec,valid
edd25890d,train
3d9b4bdc1,train
a1eb5f685,train
89792afe0,train
c7f20f68c,train
e2c1b469e,train
784ec5ba3,valid
d2c9dd7d1,train
65de38d1d,train
117059fe3,train
ac813296c,test
e456bf863,train
6b10d4880,train
67839e63d,train
77014fe37,train
8f1105e2a,train
55247ed35,test
6220663ba,train
b5486d844,train
48a2123f4,train
d6ff1af86,train
d76134f00,train
48594b089,train
53f434ae8,train
e1a2d9477,train
558ca2c00,train
9deb1340f,train
3dae967f1,valid
76dae2b3e,valid
a90161422,test
67af2d880,train
1e45f7387,test
662564431,train
73ec4c916,train
419d296e7,valid
4dff83c9f,test
07b2296d7,test
8cee52ff2,train
0cbe33a44,train
91c4cb54d,test
2a6bb49f5,train
d08efa704,test
c70867d90,test
f11772123,train
eec3cbd6e,train
ee8bf2efb,train
44a541574,test
8bf424910,train
f135e422d,test
09ef02857,train
847a8b31d,valid
6c44c99ef,train
9160fdb5f,test
8132fabfd,train
0244298a9,test
787a8c11d,train
35d9045fb,valid
8cc02d983,test
01928bd13,train
618bb4def,valid
3a8f24615,valid
bbdcd94a9,train
e239373ff,valid
3517189ab,train
b73c5a1b7,train
7193a5332,train
81670cf7e,test
055825f1c,test
a37a24a58,train
a12589a09,train
8e343f4df,train
3c43b7541,train
3e9a56447,train
dc9557824,train
4ad9ea6f0,train
1d5a59ca9,test
113bc00e8,train
0c200f7a6,train
967fa3210,valid
525947b88,train
62817491e,test
a6396a580,train
a40a8c0ce,valid
40ea976de,train
f4c9a0b24,train
a6a0b1762,train
a7d65135d,valid
adfa73768,train
93bffe78b,test
5accbdfad,test
6c7db281b,train
ac6adc2e4,train
59903171d,train
3bedb1ef9,train
53db5839b,test
a839e26eb,train
bf1762a3a,test
ccf24ab8f,test
094ba0325,train
bce2ed853,valid
4cc67e8b3,train
38470b3c1,valid
bc22c806a,train
096c37d99,train
51cdc726a,train
e9ac456b3,valid
d55faa0ff,valid
329058ec1,train
bb2c896c5,train
03c1e47b4,train
354e9fc50,test
4b7f7fcca,train
4c4ba8c4e,train
011350faf,train
c554f052c,valid
a30ec0916,test
1f7363767,train
2aac3e0ac,train
7998c5869,test
1a61a5963,train
7b6629627,valid
cba8264f9,test
ecd574ddb,train
e58bebf13,train
a1543decd,train
0f27a7baa,valid
15600cfea,valid
6a393b32a,train
36f07fbe0,test
836b6e6f3,test
3863ab300,test
50682d0f1,valid
b0ad07cfc,test
af9325798,test
c7726d2a4,test
a7d9451a5,valid
cff311279,train
51b7034e6,test
fa87afa7d,valid
792e8c192,test
a3d8c3aaa,train
e3ae90795,train
7117c4553,valid
86aeb2732,train
799a41eba,train
f21f48009,train
777f82721,valid
7115607a0,valid
fde52ef8f,test
0c28877b7,train
b67a29908,train
97b469d4b,test
527071e27,train
a1686cafa,valid
fcb565f06,train
c59d7c9f3,valid
f98e4f7b6,train
b4bf9e247,valid
eda903960,train
115d6458f,train
ec4ed9fe6,valid
28af5e0d3,test
6ca8ebdbd,train
201ea7802,valid
e73b8f98b,train
207c30391,train
843738a2a,test
a9495309b,train
ae5f13659,test
1bf4a2ca7,valid
11f773e2f,train
fd740c8dc,train
72bfc767c,train
bde40e198,train
954243934,train
9b2aaf395,train
527b6112b,train
e276617a4,test
bfaca902b,train
a9c968c38,train
9430042a3,test
ab67afee5,train
90489eccb,train
8facdc86a,test
3d6f14681,train
cb8193d43,train
bd2dc39e7,train
447be811f,train
88df1460d,train
5eb355cea,valid
ed7cde89e,valid
1c723cf91,test
73c4d95a2,valid
8685a0b1c,train
a7402f657,train
5a17ff971,test
17be61e34,train
a4e56218b,test
ece82128e,valid
3859838cf,test
b04a0dd9e,test
410490c8d,train
081f88f27,train
1e5aeb31d,test
295b1eef3,train
94dac1ddf,valid
252b8d395,test
85078bc71,test
0d25fb291,train
34090e9d6,test
b833f9624,train
e6292a7b6,test
cbc7dc778,test
6a6756c71,train
91b580948,train
c0de58288,train
c88eebfdd,valid
b89a89c58,train
6ec9364a7,train
e63a7dd84,valid
33a8b9601,train
092c46fdd,train
dcdb6907c,test
279ca5034,valid
14bbc5876,valid
96b39751e,train
bd05c2f75,train
b677eae2a,test
e5e06c8dd,train
0bf9dfa21,train
e44bb666d,train
d7976886b,train
2f4eb5847,valid
7e3d0e3f0,train
a963a6979,valid
97a020fe8,valid
081c2daa0,train
b34a57b41,test
d560b8003,train
8b6690d89,train
863738ca1,valid
b7910b841,train
e9e82ad8f,train
39b3fe88f,valid
d672df50c,test
77e679018,train
b7656e70f,test
b66715e26,test
502d58dea,test
a0c15424b,train
1f72d4b56,train
d965d6f3a,valid
d8a48180b,test
489466e53,train
cbefe3979,train
7b36167be,train
a2b2abe02,train
919820452,valid
d7fac1aa9,train
ddc3af1ee,train
bf9fe33d0,train
f64813f9e,train
e6c3faeed,test
8d05a7ab1,valid
e2f718e94,train
b93a2c373,train
30bfebc76,test
ea2542b58,train
4d8bf7feb,train
10554e146,train
f5ebfd099,train
f5e496f46,train
c4ab38782,test
d4e96e3ce,valid
f20390dba,train
f61e89a28,valid
487f74408,train
49fac4dc6,train
98673487c,train
6326e5387,train
19cd32fd6,valid
d4c3abf4c,train
1368f0b22,test
ff8e7c016,train
4a7fe0b83,train
839aa5fd0,valid
63647ce22,train
8b0310013,train
43ff07bab,train
abd366564,train
095cba2c7,train
f895c20f3,train
5ab714faa,train
0b4a33baa,valid
f4cf82def,test
3711579ed,train
ae886e80d,train
c0b3f2081,valid
ab13611c9,train
5afa2e561,train
5e5038eb5,train
7b79e52f0,train
a0fb13b2e,train
0e922caab,test
c59c51828,train
db27a0a42,train
0e8a11aaa,test
fc537bc7f,test
a3d9bc3aa,train
b0c2a069c,train
d7c0647d0,valid
ccb658698,train
cea6df421,valid
d18d572dd,train
12c65f314,train
22230a3ea,train
11bb6fca2,train
6da091c79,train
e9c78e9fb,train
2bfc5658b,train
763264fa2,valid
df1d3b1ec,valid
a65ec6d03,train
971817521,test
8a0a8eec0,test
9e5672e85,train
fc2ac0b04,train
8b01f5e06,train
0627105f6,train
c5574bf3d,test
3735485c1,train
f48b3cebb,valid
9ed8dd7a7,train
ab4ef2577,valid
d6d9a938f,train
804d08f42,train
1398adca0,train
26cd1c2ee,valid
02d66a1be,train
33f89cb83,train
4470adc62,train
f824e33a8,train
f54d6a569,train
f89f0e01d,test
401fcc4c5,valid
773243cf2,train
8ecb9aab0,train
0e6b24bc4,train
93ae9be69,train
df706fd55,train
351586450,train
828f0e616,train
d8603dd80,train
5b7ead040,train
890127ff5,train
71edb3344,valid
308034707,train
7abf263f7,test
69c1801cb,valid
a462b563c,valid
1dbcdd322,train
ed14eb16e,test
87e6807c7,train
0459c7bb7,valid
3330252db,valid
c2e22f843,train
0db65104a,train
49e140a8e,train
7b8a09f2d,test
9295d02bd,train
9c8209bae,valid
474294e01,test
44fff524f,train
ab87287a4,test
62c16fa1a,train
676b51817,train
e911008b8,train
a16f85c6f,test
1da3eb996,train
2a154e41c,test
006610fe3,train
05fb5b403,test
729d8ba72,train
3f3e1f288,train
c0b1f82b1,train
ba7d1a755,train
e9e4424a6,train
d1a9104a1,train
d6715d925,test
0e1a2937a,train
475564ad6,valid
597ff6946,train
3d9784a88,valid
290cdc8ee,test
44a0c16bc,test
bb2a61d2b,train
3050bd8df,train
c6de9b701,train
cfae2101c,train
de1f49c9d,valid
e093c4886,test
cf2e67122,train
b5931099f,train
0a4b42306,train
1e7e220d7,train
f0e24b0aa,train
a4b85d322,train
0eaa0e3c6,test
dbea554c3,train
ecc64a258,train
fcdf10cb0,test
95af010cb,train
d86f635fb,valid
7fe0a86f8,test
1e753137d,test
3485ea1db,train
191043d9c,train
83976eb62,train
d3b4b6a8a,train
e7176bba4,train
710126170,test
75f94bea0,valid
ba72b4212,train
1adb69797,train
9351715a9,test
08bfdc66f,train
27e8956dc,test
cb11e3261,train
33752346b,train
133af5fc3,train
5043a32cb,train
bbb0a9ac2,train
ab1777794,train
65ba8b6a0,train
19a36eaab,valid
c6d91de2b,test
998488372,train
a678a4342,train
7f4e5c2a0,test
8cfcbd9bb,test
56f7b3216,train
637186543,train
187b92014,train
7ed568ab9,train
e468bfbca,train
a37c82165,train
de0202010,valid
c7e8a87dc,train
269a6756f,valid
cad25c91b,test
84057a73d,train
97b32f734,test
f8d3b2e51,test
6df28d790,test
282c90ff4,train
b71eb2942,train
1ff9cda01,train
30764a1fa,test
189bb90dc,train
a929a9f48,train
391da7c7d,train
8ad937f6c,test
f26f1acb2,test
953e3ebd4,valid
283d93104,train
44ddc2e22,train
0146f6d2c,train
469bd2504,train
3021613fd,valid
01958f464,train
0090eb457,train
566dcbd9f,valid
eeb377c0b,train
936fc22ce,train
4436738dd,train
ef690f7c1,test
d4f813a7e,test
c38d0b5ea,valid
ef30ade75,train
bdeeb6fe2,train
a99a82e6d,valid
172305d1b,train
c18984292,train
fd2d48292,train
34d903f17,test
245d6e033,valid
935098bbf,train
7993d67e3,test
1ca147dd8,train
63051e3ca,train
bc7b17cd5,valid
e53933782,test
746f52206,valid
6b29b45d9,train
563854d72,train
fa73b1181,train
ab309dd09,train
05ab54e3c,test
8e8080bbe,train
41a6a7467,train
4f3b3314c,test
1099a5406,train
14155e8c0,test
ed29f6592,train
86c35033b,test
191660250,test
76c194060,train
d147c39fb,train
1e8b70d35,test
fda733a81,train
9af8f154b,train
fbc6507e7,train
383e5b82e,train
c1680e63c,train
b0a8a88a0,test
e50570999,valid
f663a91e8,train
ccb7df174,valid
0fd1d2d85,train
a5205f8ab,train
942af9028,train
063495ecd,train
798a0cb05,train
bec6cc26b,train
ad111a12a,valid
7959e3491,valid
1882ebd32,train
e1671ccb9,train
8f0468771,test
a8f17e0de,train
b3408d846,train
4e47644c8,train
227bfa6b8,valid
7ff979d3a,train
4cdf29720,test
88448bdc5,test
818b12621,test
4874347b0,train
596c81470,train
4348b169a,train
c64c9e2d4,train
9b53610ea,valid
215f9a760,train
b02f2fafa,train
03edf613f,train
31d921827,valid
f4e2b49f5,train
2d813cd28,test
b49012dd4,test
f982548b8,valid
a59aa3f80,test
7810092ba,valid
ea3fe3286,test
a63364c39,train
31b919935,valid
cc492b6b5,train
a3a0fa212,train
bf2f87f17,test
10e723583,test
e0bf99ea2,train
871ca78ab,train
41e824cbe,test
9495fed48,train
ad8569001,train
787f3055b,train
c68bc0253,test
4f45bb293,valid
87554ea1f,train
eb4dde79e,train
326a3c785,valid
fbae7b0d5,train
0f012474b,test
5dddf96e8,train
8b56fecb8,train
aded1fafc,test
7ed14130d,test
e92d3d4cf,train
32bc0b4fa,train
1326c53f9,test
8cd1d06ab,train
081301773,train
38e87cee8,train
155d18f5f,train
17c4b0394,valid
0b8e1dd80,train
e2c365994,valid
1e85c2b18,train
c3750cec1,valid
751412a89,train
084b7e7eb,test
bb2e480f4,train
2e3bec724,test
0ab4214b4,train
bed78eb25,train
235a61374,train
b0cc3078c,test
e2bcb9213,test
0286dd665,valid
01c7411ef,test
1d9604897,train
b440a9cf1,train
e40368c38,test
15b27df66,test
b686d33cd,train
1e8187711,test
b47b947be,train
dbf8ba091,train
829ba7bfc,train
e54866fe5,train
3639e2409,train
30f92e1ab,train
5d53d4bfb,train
a5a240214,train
8d676283f,test
3eaae43f3,train
0806f9e3f,train
310045474,test
48615e613,train
8a3c86cde,valid
78a99e7a9,train
af1125994,train
08aad5787,train
1a47d1c94,train
4f34d790b,train
8420d063a,valid
91f87fa27,valid
5c1890dc7,train
e442c149f,train
d02baef01,test
8a030b8f0,valid
56c329fdf,train
cdb4a7a7d,train
4f66fa0c3,valid
cc515ec8c,train
d38fca349,train
9f341e7af,train
a99968c35,valid
85d242c14,train
647284f19,train
ddfea1140,valid
1eeb4ea81,train
fad223ef5,valid
f5c803412,train
771156bfd,train
82563b26e,train
0e7ca23c9,train
ba392c802,train
631a6a27e,train
9252b5dc8,train
b5475edf9,train
da1e7c53d,test
4f10d4a75,train
d96987111,train
a4de6ea51,train
c33220375,train
a02551367,valid
de43c6ce5,train
adc51c1a7,train
5ffd4e822,train
d73e917de,train
acf573d1c,valid
5adb4e661,train
39adf62b4,train
aca9ddee7,valid
08710204e,train
f557e9262,test
169fc07e1,train
25e0e0edf,train
ed5c2d9dd,train
1c3f75c04,test
8bc346340,train
e808828dc,train
ed5b8276f,train
dcb42ee1e,train
82a97cd8d,valid
cd2fd9be8,test
81c4d25d6,train
c13da6b92,train
db61b1f31,train
3c778df64,train
530b7bcec,test
3f0c30d12,train
865619d53,train
7c542e43e,test
c55e9baaf,train
22d381889,valid
c8be7beff,valid
27830acaa,train
3fbc3fa12,valid
e08c4940e,train
b543331f4,train
1250404cf,train
ea9d28227,test
07227963b,test
dd056b65a,test
035992662,train
5ac0ddea0,train
86f4297b4,test
35bbdb5fd,train
76042f693,valid
807ba246d,train
b7c0b9180,valid
765bd139e,valid
bb817b755,test
7117385a0,train
fee5e43b2,train
2bd8e5830,train
22a0baf52,train
98231df17,train
2bf49ebb9,train
58ee93558,train
f28c8090d,train
133234595,train
2485efd0a,train
a21f5e84b,train
4fdebca57,test
46e25aa2b,test
58a414b45,train
75642f3e5,train
86d20d7e4,test
39444f259,train
2fbf2cb7c,test
bd0a144b0,valid
a009a2f0f,test
76b818bdb,train
2463e0981,test
863262193,train
f665c5189,test
b03983a09,test
0434520ef,test
a22cc0413,train
24bbd04ce,test
4d76c16ab,train
08dfce1e7,train
11db3b853,train
267162afd,train
88487194e,valid
e0d71d1af,test
f026fa4b5,train
43c661026,train
a1b34954b,test
e7b201da2,train
e6335223e,train
8e3b1dcd1,train
1ef39cee1,train
96ad2141c,train
a61da96ad,train
77035285f,train
5074cf806,train
88b60278f,train
c4277da90,valid
8c7b2f093,valid
f819c7b65,train
6e5f03ddf,train
d52f229d1,train
7f40cce5f,train
b99644a34,train
6c4af5f08,train
2352b7f0e,train
bf8aa8f96,train
11e6c4d80,train
f2ac99dfe,train
fb442ee5e,train
618f4931a,valid
da7fe1120,test
d4b5c41ac,train
88a5b8318,test
3ebe9f7af,valid
21bebd773,valid
bc9036716,train
363e8df66,test
cb5ecf136,train
353187b3d,train
fa1608a29,test
d18218a56,test
f3b29563b,train
a62fcea51,train
1b3dcf712,test
fe22cc3da,train
d0aa84916,train
cefba5d32,test
64f06dc3b,test
774de959c,test
a479a1a6a,train
1f470d9f4,train
3c155e05c,valid
ad937498b,valid
b89c365c3,valid
8044a4f7e,valid
5d822305a,valid
451d17b57,test
b5b6b9398,train
1afdc26fa,train
fe4b30cfb,train
4199f1957,train
c81a8045f,test
9cda44cdf,test
30506e8c1,train
6b6d2c65f,train
bd8f94a94,train
cc0d4cec3,train
3c29e8689,train
bd7b805ba,train
8b9c38ed2,valid
aaca75307,test
bd70d885d,train
a76510109,test
c38afccab,valid
f5e706014,train
276ce7f3a,train
ac384792b,valid
be579e6ed,train
d0bf2b3bf,test
d867c4016,train
e9a854207,test
774289137,train
42b4b0024,test
5b1528841,test
a144cca8c,train
ecafbb542,train
4033fee1a,train
5f1896e5d,train
ee6601d0b,train
156da1714,train
924373704,train
4263cc9ed,test
0910c13a3,train
5d3ee6378,test
42a28c241,test
a86bbc71f,train
5962cfdd9,test
f4d945501,train
bdfe6125d,train
4e8ae40c0,train
ddb95945a,train
453125325,train
5c92de3f6,train
41175dcb5,train
e24b153bb,train
edf74226c,train
99b263dea,train
454607f26,valid
30669fef4,test
3cf06742b,test
059baa037,train
888c22eb5,test
d3a92c453,train
f0a4b28f6,test
bc4b95345,train
5776e3791,valid
553752e54,valid
08767d88e,train
076ec7e18,train
fed799a78,train
426bb5e4c,train
f08b9d3c3,test
71deb8267,train
d412201f6,train
2898238f2,test
f6510f0c2,train
766c2cd92,test
2d725d001,train
6ee8964b0,train
563eaa005,test
91e663cd2,train
33f28ad35,test
80a2e14af,test
0e736f310,train
f5768c4e2,train
2f3bed708,valid
1d4940497,train
2288c4fc6,train
3a8f89229,train
3f03da51e,test
e77b5a78f,train
a6f768f75,train
92d4c1513,train
27b708edc,train
a3e73475f,train
13426c720,train
8a0cfdd56,train
686b90dfc,test
b188b50cd,train
960f1a1d8,train
31144a6be,train
8c28914a9,test
a3449e0d0,valid
1f0bb9d58,test
b1988cdd5,train
309f63a00,test
beea1e1dd,train
01dc16c21,train
aba03a4c5,train
111748c15,train
e78e9736a,train
827ac9a9f,test
8390dbef8,valid
2bcab4c4e,valid
a2b34e983,test
9df9b11b1,train
567c1ab71,test
d0b5fece1,train
bf2f22377,train
f7b84bc3b,train
e570d64ac,train
8111f6d4a,train
45d1d74ca,train
60e5899e2,train
949fbd095,test
d94f98004,train
9d8e820b0,train
9316ce78a,train
d4066ef07,valid
916c891aa,test
bb4e0ddb3,train
6e21edd32,test
de7905c9c,train
5d622bf92,train
e6d60a265,train
b5cb75a44,test
0e5d845dc,test
aece30836,test
fc7f99ad7,train
c1653516e,valid
74c7373bd,train
94dc821ee,train
e32467940,valid
cb860243c,test
fe74d6173,test
5220e701f,train
85c65d28b,test
4d3e3a146,train
0a949618f,test
4813a0d67,test
c5422c04b,test
acc81bdf5,train
bb6276b35,valid
7b9cd9253,train
dad58d0a7,train
3fbc4677d,train
c93e63352,train
f69a878a6,train
91471cf89,train
8b84922ac,train
e97446c37,train
5390fc59f,valid
655eaa578,valid
aef2fa931,test
332ae5ab2,train
1bc9bf272,train
4b4bb2b0a,valid
b7a55f716,valid
3166b0f31,test
afab70239,train
fc96276a7,train
616e51d8c,train
9104803d9,train
20e4dbf48,train
66bf65c82,train
813658b4b,test
965b31ba7,test
b8084fe32,train
27867018b,test
52820e80e,test
b65fd06e2,train
c0b5e6036,train
300c91d3a,valid
b94b99757,test
71ec53012,test
3f169c299,train
36e1415c8,valid
dfe361097,test
3f3962d65,train
4747bead4,train
4cc49be2a,train
91736f444,train
64ea72fca,test
029641a1a,train
fd7f76b49,train
453750088,train
aa32ec730,valid
75fa09239,train
cecb3b8ef,train
4bdbeb107,test
9141b7803,valid
7f33563b9,train
04260adf8,test
470e49e41,train
61da44459,test
c787ee619,train
ee4cb45ea,train
35dcf4794,train
ea9ad03dc,train
cc081896e,train
346c5abcd,train
9a1be07d5,test
2ccf25b91,train
8648922dd,train
7dc33902f,train
1c16e813b,valid
423c5b45f,train
40f17b3a1,train
081c0a12d,valid
eb30d51aa,train
f31cebfd0,train
a5767a3da,train
ed390241b,train
40d7cb083,train
4a762f7ab,train
ff9ce365b,valid
1ba29c00b,train
05d10428c,test
86c131c22,train
a118d66aa,test
997653f86,valid
ac31057e6,train
aaeb4781c,train
14084c784,valid
3fcf1b40a,train
4eb30abb2,valid
6806f15f3,test
c15d26817,train
a1ba2f016,valid
3fa277b19,test
6c71db5b5,train
a8057f0a8,test
95e92b082,test
f3c8fda0f,train
dd4b67059,train
a7b53e5ca,test
55cdf4eda,train
25f055b91,test
5c1f1a317,train
6e441b406,train
0fe9d0022,train
5d7c27d43,test
19af88854,train
b623d9449,valid
d99ea593a,valid
4db543276,valid
bf537cdb3,train
e2aa20dbd,train
bb9e47b4a,train
b17f7a1fc,train
107c30c6d,train
0833744e6,test
55ccb364d,train
92d1612f0,test
4d8bc908b,test
41c83dda8,train
7a5b854f0,test
d4b2dcfb6,train
8d39e0fa1,test
56856fe73,valid
749afb385,valid
9acd96273,train
ebb74d225,valid
daad5c208,test
b2e46582a,train
65650b974,train
b4d7cbe8b,train
13d30c173,train
77d38bd16,train
36d7fc2c5,train
39fb68722,train
b497fb8eb,train
faf64d6a6,test
75f574b0a,valid
a2ec6f8a8,train
1c07c6ee5,train
21f4a6abf,train
72f891e55,train
854edf08f,test
29ca8f313,test
c9d333b09,train
f5e35ea02,test
b0d54f76e,test
97ce22dae,train
8039a31ae,valid
5208915a3,train
abfcb22bc,test
bed5b657b,train
399856928,train
8ad959e57,train
2c46efe8f,train
f600368fb,train
a6cbd39c2,test
f3c7e1bf4,valid
a906ff5f5,train
bdc5ffaba,train
4a27c67eb,test
1ad691ca4,train
7827eee65,test
da4da9308,test
f4bc92fc6,train
485bebd4f,train
1fe400328,test
5335bfb38,test
c8b79357a,train
ec5670386,test
13fb61859,valid
461b33f39,train
7c9dc0791,valid
f53be74bd,train
9414e54b1,train
8685546cb,train
f8b827be1,test
ee9e87618,train
72e76bc9b,train
c2490d2cf,valid
34d0c00d6,valid
9d5f190cf,train
8c1fd43ef,train
bb5162df6,test
f152b2fd4,test
eed4b685b,train
52ffdc6c2,train
2ba8bb04a,train
214dbc1f4,train
38f6d8ab9,valid
da4a5403d,train
22cf2902d,test
c6c6adc4a,train
21c3157e8,train
fa27f275a,train
198a73c5e,train
377d9bef6,train
c8172e598,train
576f4893f,valid
b0a24f910,train
3584bf68a,train
3c008b0b7,train
d3ac21f5d,train
615f5dc85,train
2db00a064,train
a2b226c6c,train
9827921f8,train
d1bfba974,train
61ac348d1,test
60bc5ce92,train
9024c21fc,valid
994450113,train
6bed4e9d5,valid
b780980c1,test
10b669bea,valid
5b214efd1,valid
5d00ca4d0,train
261a88440,train
e0e241d57,valid
3005b75eb,valid
8c75e5189,train
0e88c1c1c,train
c17b66965,train
35ce89b5c,test
01e410583,train
4bbc7992a,train
eb77432cd,train
9a0db11a9,test
65a7711bd,train
8ece5f3ba,train
3497c1ad0,train
7b25498d6,test
eb79f1cfa,train
76024f2ed,train
6edcc1f1b,train
aba512b8f,train
dcdf98438,train
47d68f63c,train
9679275a3,train
8717133d3,test
c02a9554d,valid
ef80d0222,train
fb89569d8,valid
b256f479c,test
f3db279d0,train
35fc0fd89,train
8300e943e,train
c2386bba2,valid
2c401c793,train
c55f2f503,train
e03ec2a98,test
8c7dbce06,valid
d9cf525bb,test
f85ae1408,test
0e1f78a77,valid
d0a66003d,train
d3f157880,train
de2d4f372,train
bb2cbdb23,valid
e97e1afc1,train
867057e77,train
d2f333b86,train
248eca1fa,train
d6b0d8aa9,train
24e2a6ff5,train
8ef541435,valid
2bf818d30,test
24379b58d,valid
7cd4ec150,train
0a796c967,train
38ea54f1f,train
f50d4f5bc,test
d8df310c9,valid
bd263a880,train
9e3d235d8,train
7cbf39f49,train
1f82b8bf0,test
9a48cc316,train
076a67405,test
e5ea737ec,test
8b9a9eac7,train
9817c3ef1,train
506bacb46,valid
ee83e7a09,test
3bf7bccc9,train
d8179f4d9,train
70a7a71fe,train
67e6db7dc,train
abf1716a9,train
846ca7805,test
df091dc6b,train
caa16cc3c,train
ae089cd20,test
b5e7e4539,train
838b5c426,valid
67888f9fc,valid
121abd2ba,valid
b48b65ef2,train
ef0b07c6b,train
219bf9c22,train
38a780df6,train
79786edcd,train
f05665d6d,test
7d86df9b0,valid
d8f9d07f2,test
146f076cf,train
a8de0737e,valid
b041aab9f,train
e303359a7,train
26988350b,train
a371e0164,train
9f88f23a4,train
279a5187c,train
a8267c4eb,test
b7d2d752f,train
141b5d279,train
cf357f057,train
b1307cb03,train
02c7d1b74,train
9f40dbc58,train
6ea65996b,train
46687a6d1,train
84d1eb4ab,test
357707ba7,train
506fa1d6e,train
ab94fb958,train
aef6836e4,train
26e02fdeb,train
6968f86dd,test
59f987236,train
b2d7d59c9,valid
31b7a54b6,train
18b6fc5f0,valid
a426ef14d,test
b76e8c452,test
72519f841,train
ff618d36f,test
2fa65607f,train
f743a63aa,train
cd2b84b66,train
507e734af,test
e98e609ac,valid
42d2aa0bf,train
8f15fc3d8,valid
e1d40ecc1,train
b66a5bd9d,valid
34f6111bf,train
86228db7e,train
91fca388a,train
05aad3b3f,valid
fdb71d0c8,train
63f2faf77,train
0fd5ff08e,valid
bfb19deda,valid
d4beefae9,train
557f3e130,test
c84e9ae78,train
ff127e4d3,train
550f8a3da,train
ff891d6b6,train
7648e56db,train
091a5da01,valid
edd2ebd5e,train
b07678538,valid
886d23c56,train
fac19639c,test
24fee0cc4,test
a6b5ed0f7,train
1882fa24c,train
7aae61018,train
f87489d3e,train
33a51709e,train
c45a57747,train
6f3f2899c,train
8cb6dfa5b,train
906308870,test
d2f3db726,valid
4512e1ea8,test
98780fbb6,train
ee36e2198,train
8f38dbd18,train
da697d5ba,train
f9d9f8fd6,test
585a4d5b9,train
a0322013c,train
740d9759c,test
f03af5072,valid
3bbbccce4,train
0dc32d6fd,valid
50ae3720b,valid
9ff5a1ca1,train
24573b56d,test
28cc87730,train
e1d1b893a,train
2ef82137f,train
6f14bc8cd,train
570b3eb92,train
a86ec27e9,test
c421064dd,valid
ef5fcd597,train
ccbd1f9fc,valid
e7cecd5d2,test
4b8db7cbe,valid
0ba16b529,train
d08b5b163,test
4559bd457,train
335eacf2d,train
577d15fea,train
4756b380a,train
9d87fbd92,valid
4acf3e30e,train
1b89f5335,train
1b1ddc50c,train
e267af6d8,train
befafd8d3,test
f928a7e7f,train
12c071b30,train
d2dd7e8c2,test
6e09bfe1f,train
e01f077a7,train
b47109e90,train
efeabd288,train
d1a577692,train
5ab4df736,train
67d0b57eb,test
23e49bd2e,train
268cdb435,test
3f8824a3b,valid
af0494f60,test
3664119b9,valid
59309ddf6,test
afefc6424,train
bf5d1a04c,train
5a60de180,valid
360215e23,train
04d4ce3a4,train
4b02a097c,train
f2716e1e5,train
bd331b74e,train
96a35824d,test
2f51acf95,train
0a8746c09,valid
aa07ee8b8,valid
509180812,train
a9b7b72b4,train
591909a93,train
16c53ebf9,test
e9b641d69,train
9a6f2f7d3,train
9adf0f234,train
49ad94a6a,train
ee459f62d,train
a554dbeca,valid
dd579722a,train
93ea39e5f,train
e1e2b0af4,train
d05933e84,valid
cdcaefa4b,test
7a23819c1,valid
a8eed143b,train
a4e4b1640,test
83b705aaa,train
ed9daa1ae,test
2d7b61eb5,test
eb90062ec,train
2b9fd4034,train
e0667be3b,train
bbd8a4220,test
1f4871c30,train
5f79b840f,train
e0be7da0d,train
e298c61fc,train
a6e7b6870,valid
2c9f807c1,test
e2198e9c3,valid
c49480455,valid
9b9cadd98,test
b8715f663,train
c3768e2be,train
d4223dd4c,valid
1811b1412,test
3dd380ccb,train
f86c83084,train
4ce29bb83,valid
7f74af51f,train
72ec92880,test
1b752d78e,train
e40a90daa,train
85327438d,train
8d2afd85f,train
4c2040263,train
653f94080,train
8bed563dd,valid
c9feb3eb3,valid
2e2b3f60c,valid
7d2e1dd01,train
348a982e2,train
92bf36222,train
5c67a27f5,valid
35225eb67,train
14f3fbc84,train
91568ddf1,valid
f5a34370d,train
4a56df934,valid
f759dc332,train
208843e22,train
c71d630d8,train
b00ce0fd0,valid
53cfa1a3c,train
283d778d2,test
2e1853b79,train
cf86cc5ea,test
092418816,test
4d43092e3,train
4fac67d06,test
b2048c71d,valid
26284d23a,train
11a30eacf,train
e8ee48e12,train
682b7b7d0,valid
9a1a1d801,train
ee4acef8d,train
6c06b0725,test
5f986901c,train
cbef1e6db,test
10b9af23d,train
08fc1372f,test
e681e0cbf,test
0722660e0,train
a78dcb663,valid
6b0da38ae,valid
2f260b3da,test
d45e400b8,train
b9cb2f0fd,valid
6b91edb8b,train
a809464ca,train
1542ab941,train
79ac40056,test
98128b920,train
5edc72757,train
a8d44452c,train
60786724b,valid
fd015c129,test
6469a2a4a,test
c7f9361f9,train
85952663a,train
5f6931436,train
db9af2894,train
5e6a7ea61,train
77bff1468,test
31a2e04d7,test
30507c621,train
e0764fb9a,train
7316c548e,test
f3abe5d8c,valid
08b7e05a5,test
c0d50b9f1,train
9cf32e2a6,train
2b5c446cc,test
13be42d0e,train
b943a95a3,train
5f44a43f4,train
482d05dc8,train
c5b943ccc,train
774bd5a80,train
5cdb90323,test
b35c61109,train
64e7edd37,test
56ba19506,train
70900313d,train
2bdf3471b,train
f53e55959,train
64a3f89ee,valid
ada6358f5,train
ff8e4c708,train
efa71e34a,test
46a5f0ba6,train
3f5405630,train
15e5b6d26,train
341420028,test
b641cecaf,test
bc5ae0001,train
7af35cc82,train
8d5f95d9a,test
e6e536800,valid
8fddd8a5b,train
f291e702a,train
b5974bdd0,valid
ec7383d83,train
4a0d03a9f,train
21a7f4896,train
500fdf3b1,train
cff0d8c7b,train
9180e09cb,train
b940cf8b8,valid
23cdf5f21,train
04dc94c39,train
5a289a426,valid
a07a65495,train
71a92867d,train
1c6aa4b33,train
c2eec623c,train
7c3423bab,train
c484dec95,test
97d823486,train
88bffd281,train
5d32494f0,test
c76e9857b,train
048df7861,train
c014197ab,train
0d508e63a,test
26aa722e1,test
631c813af,test
180f1ef16,train
51366110e,test
d8876247a,valid
0ae247e90,train
e27fa93d3,train
2b1582f99,valid
59d42b6bb,valid
979bab13e,test
115299f16,valid
079332bdc,valid
240ddd506,train
ce971a506,train
dd654a9e7,test
23c8c5957,train
b138f5cc9,train
9eb6e75e2,train
d8dd968c6,train
44dcffea3,train
1c2dfa92d,valid
bf0dd40e3,train
c9e2b26c4,valid
90f09b568,train
451d64f26,train
aa68a3672,test
a3cc5de2b,test
b40818da6,train
8f3235380,train
dbba10f87,test
170fa3d49,train
079785984,valid
04f8947f3,train
40f1ee340,train
1258aaebb,train
a892f5fd3,train
5b4dd9fb3,train
b65dc15af,valid
ba79cfddf,test
ebdf19959,train
a1be4d855,train
eb4f09e0e,test
eded59b25,valid
5c881b941,train
4f39ec246,test
f1db33c30,train
21958b8f8,valid
9d4cf29f6,test
1bff3e46f,train
a9085cdde,train
c81372ddd,train
8016d3648,train
f2b8dbfde,test
b7cb6e33e,valid
8111713a2,train
603e173e1,train
24abd7725,test
96477b249,train
d14a86fd4,test
10486a12e,train
ca75db93c,train
9c14d8650,valid
dc4747d5c,train
221331819,train
8f6b92b4d,train
e8fdeb33e,valid
89bdd90b8,test
ffab93d18,train
5267f524a,train
4d767b639,test
6282ddf87,valid
a27a03914,train
bac8c1a73,test
2e5d8fd10,train
6f08e9c5f,test
cbef8d00b,valid
0142670c8,train
e50174698,train
d4e6a9aab,train
ec14446ba,test
d04fbf327,valid
d16c37008,train
b8088575c,train
dc23feccc,train
b3e897856,train
d9b9b0174,train
d8f3da4b6,train
a98716d75,test
a24a102b1,valid
ad5692ee7,valid
c318c6ccf,train
95914d469,train
f1dc8864e,test
6b42c0d29,train
f8d98877d,test
2b95747f3,train
c4be004d4,train
a0c584c54,train
b517c8c90,test
edac63019,train
c0a4d02cc,train
d2fa0b0df,train
1fd1d2349,valid
c63dc4adb,train
9edb2d79a,train
767a3b706,test
bef897b2b,valid
e4b1b7afe,train
69f986aaf,train
911464bd8,valid
918471707,train
b567ca662,test
a2c98c186,valid
ac45f71e3,train
ebae250e9,test
84ce5f32b,train
e808d9fee,train
d01112d4a,train
99a0196aa,test
ecba83b43,valid
485cff597,train
295dac1ce,valid
b09ecfb53,train
331a14422,test
2fe1eb7b8,train
23a1e62d8,train
32ac38a9f,train
35bbb3a85,train
784e466b1,test
f68bec222,train
c5baf5497,train
16ffedcf8,train
18286db6a,test
e66a993a5,train
c8e2a9092,test
4a5a05ef7,test
11fa9d216,valid
5abbde253,test
85f63b533,train
cbd6b3064,test
c278935de,valid
8599dc67a,train
6c64dd197,test
f1b4a123f,train
99cbd42dc,train
4a8f49ac8,test
db4165316,train
0e12b9baa,train
bf99a973b,train
15d4c0bad,train
fa253c6e7,train
ea087d248,valid
86f41cec9,test
0c5fe8151,train
e4a48ef49,test
cad1405fc,train
fea9183f6,test
dfa39b9f1,train
605eca728,train
b70ec3788,valid
47ec9e919,train
7dcbe3383,train
d5f441f79,test
fe2757847,train
de4de2e7c,valid
09e64ce2b,train
1adc56d3c,valid
b533529a6,test
ac9feb346,train
062b387cf,train
bf6dedb55,train
1c107ce2b,valid
f7550219b,test
c03b8b2db,train
12b47b4e8,train
40b1839ea,valid
553d1ee3b,valid
8b9739cef,valid
e464e666d,train
8ca49ce85,train
321c14446,train
f1d86e6ea,train
cfb8b6b93,train
56147c737,train
36a5b3b3e,test
f0bfe80e3,train
00a1a8af4,train
662f8c2a9,train
c2deaf1e4,test
03f130f5f,train
5e5f1623c,train
00f3a3993,train
d1de97c49,test
38fb7c50c,train
3b15c42d3,test
09d7272ad,valid
623111d43,test
e809de3b9,train
6f665c704,valid
7d6d03de2,train
eea42fc56,train
ffe5a0271,valid
51c4018b8,train
3433731c5,test
74f15e0fd,valid
bd763ab11,train
df880995b,train
5546a54ef,valid
8019d0c63,valid
f64fd2354,valid
3b3349318,test
2befe2607,train
edbffc8cf,train
6fc2970d6,train
a32e58f2f,train
3695274de,valid
04aa54436,test
546957a8b,test
01c62e03b,valid
7759517e2,train
46c5fd256,valid
f19658d12,train
8913e5b27,test
e4efae0f1,train
6460390c0,train
affeb8b58,train
b3a42fc4a,valid
5366eff00,train
570fb2f6c,train
705ce0ebd,train
e809f1cb5,train
538b47698,train
3a7b85800,valid
abb847f55,train
4c237475f,train
c6189ea84,train
3afb76273,train
7a785a607,valid
385b5b8fc,train
4cdb41608,test
000fb9572,train
2628915bb,train
608a58c8e,train
11b3fd45f,train
ac34b6e29,test
1f7bf1b32,valid
f5dc6f316,train
737413132,valid
b05d0484f,train
57ac7373a,train
75332917e,train
0fc52b599,train
057e5347f,train
358517d09,train
d0ef38cff,train
634f65242,train
196d58932,train
01a7b719c,valid
8e01a6de2,train
d60dbdd7a,train
3effb8d44,test
71ef1c6c4,train
d3ef2ebef,train
9f2e4a2e1,test
dbd4f79ef,test
e7b5ed1a2,train
84d7ac922,test
f4316f2bc,train
db2d1ccaf,test
7cc9b21fd,train
7d4f585b5,test
c82f54ef6,train
5d792dd24,train
93b1ca32c,test
cc9f9c4c1,train
66038a4b3,train
cb5e73024,train
05d2022eb,train
e5a2e7156,valid
ec2bb7160,valid
ffdad97e5,train
9f1ba804c,train
2ba66d1e1,train
cf74322de,train
7d0aedfb3,train
d336e6953,train
cace2b412,train
d1632981e,train
10a093758,train
ca1df3f71,test
5fb30c1f8,train
ddd7cc601,test
1b9cedf4a,valid
9b9976e20,train
b37d04bd6,valid
e6e4a6f37,train
9c17624f8,test
1ae4a77ba,train
fc46e61c5,test
5e3dc5d76,test
d6a84a290,train
18427ab22,train
9a65d163b,train
1ac7dad15,test
38c5d4e0e,train
c9d8b22d0,train
60923a60d,valid
ce0e8f18f,test
b488dc067,train
104910cb4,valid
0eb219818,train
b5b9c3c05,train
caa5d1e6b,train
d77a66a2f,train
f5d60ca48,train
dffa25e61,test
a845ba4d6,test
8988d22a5,train
f6003c18b,valid
f262fd637,train
bb5917ca8,train
bc6abd32e,train
7c5a912a5,train
d061bc124,test
420f5cd9c,valid
0d150e90c,train
b310f969f,train
cbfaa79cb,test
a8ce7d647,train
e4424b719,valid
c0ab24656,train
5c82c5903,test
ec59f8c50,test
20b7e24b2,valid
a22ddc666,train
ae52ea5c4,train
993113176,train
df03e957d,test
1e2cca514,test
2a9223451,train
6434d0273,train
4f94e2b5a,train
015b8b722,train
bcda757a8,train
6a7310588,train
4dc6822f8,train
21206933c,train
ee2e82f01,test
58e368a56,train
3ce0f0aa5,train
01142a354,train
133ca8c90,train
299e17017,train
8a615bfca,train
32f617eda,test
2f532707f,train
8a4e70a21,train
3f518238a,train
9cc36a057,test
f9d621157,train
0291e8ca0,train
10e26690b,train
27a7a1795,train
9795ce5b0,valid
6f1a516f4,test
f0193b572,test
9e935b385,train
493ab5d96,test
3a0ebb3d1,train
53c0ebe89,test
f1ceeda99,test
3a9f1c036,train
062633cb1,train
42d565331,train
a89af346d,train
81614060c,train
4b4f32911,train
cae5c7ef1,test
e90930a27,train
c60a12958,test
0f15ed6ab,test
788ea6e94,train
0bd83ba72,train
248c027cb,test
c44215cc8,train
f749cd744,valid
92e87765e,train
3f9b11590,train
0995bd489,train
cea2544a7,train
8e6e57951,train
6a9f15d94,train
0605aab21,train
6caab3194,valid
2e77e1c78,test
13485ebf1,train
d596234fc,train
750f8baba,test
e62224eeb,train
72389d266,train
5e1c81876,train
fee0b4da6,train
4982cc983,train
046256943,train
0a8fc6614,test
4374d6f52,train
93d43258b,train
63a4f8b8a,train
a645311ed,train
e6d358f70,train
9593c0350,train
54ab4b5d2,train
c335ad2df,train
a7b91a377,train
9cb5c5f68,train
dfdbfce71,train
8a7860ee2,test
68e46ed0e,train
dcaae830b,train
544c16564,train
0aa767c04,train
19efe1616,test
710dc1661,valid
87b715441,train
a61776aba,train
850cb2e50,valid
4645fcfae,train
6f43738b5,test
cd3cd5fcc,train
14c70761a,train
3f2d1ff6c,train
4d7dd6115,test
9f4a72311,train
50ef65df7,train
c7561189e,train
e678bcc42,train
f58424835,train
e2db9e1eb,train
c70dc1bd1,valid
3f4d6a956,train
ea4cea375,train
b0b9f2902,valid
941eb9304,valid
bd74f5ce8,valid
06fda20a2,valid
8b9d9a18b,train
da2cdb505,train
e31df86bc,train
1a90a4805,train
005bb92d8,train
aa7548beb,train
469894776,train
a355a6873,valid
79e5de9a7,train
f569b3a29,valid
347be28a8,train
ccd14639f,train
71297d780,test
146b9d6e7,valid
727b7e63a,train
b5010c15b,train
44aafd1b1,test
32ad56035,valid
5a12ecdfc,train
7d0fcdd6d,test
295a99691,test
45dea4033,train
859b1b236,test
73ab55e8c,train
d02feb234,train
2105b697d,test
66064ba80,train
2b4c4793d,train
55c827f51,test
9999b8c82,train
687ddcca9,valid
b97569bc9,valid
2fab464fb,test
c34b20922,train
51d880078,train
6333963fe,train
6730a4a60,test
283d0763f,train
6438c6b3f,train
560232264,train
0e9a2fed4,train
ac2f56dbf,valid
37cec5261,test
e2fbb0332,train
f9934b985,train
dbe634a4c,valid
a39ad6dc7,train
48a44eac5,train
315d0e254,test
9aee8fe5a,train
a385cb92a,test
ccc88931c,train
d6be47a3c,valid
76d3ef2a4,train
ee9ba4990,test
03f0fc32f,train
421ea515e,test
b8d96cdd0,test
0be5af159,train
fc63194d1,train
af8cd40e0,train
ee2c40165,valid
017d966eb,train
7d8ffca23,valid
fc02869d9,train
8ca64b428,train
269db95d5,test
5071e525c,valid
8f20e24ef,train
a8c19a325,test
2d6e2292d,valid
6b240dd0b,train
a0c9daa0a,train
628fd5227,train
e80066a19,train
474db10df,train
48a2630a1,test
b6f77d754,valid
316f30229,train
802b1f331,valid
422059173,train
325d0e364,train
cd4624a1a,test
7b60f948e,train
27b5a9db5,valid
ccd20906b,train
05dc47bda,train
1a12e3633,test
c46e29741,valid
b2e3cf5a0,valid
d5b6f17f5,train
d9fca8be8,train
672ddf4a9,test
8dd8e4a4f,valid
3fccff52b,valid
40fdde0aa,test
3679001f5,test
8f31c806f,valid
d6691251b,train
0a6b9433e,train
bf1b733a7,train
ff706f8cc,train
3ad53090d,train
2416a2da1,train
ba13c272f,train
62332ea2c,train
e4eccb132,train
5e5d1fc6d,valid
0fe419dc3,train
9dae4e297,train
e8d0eedf7,train
3a016a6a0,valid
5e711ed8d,test
615f2f661,train
c626f2f93,train
87aff0121,train
8f9010452,train
3ba4ccb80,test
ded648294,train
bec2fe7ad,test
e3883d4f0,train
a99b34f95,test
a87f5839e,train
ed97f6919,test
f344595d7,train
1d0a5c20a,train
dffc5cef6,train
4fedc2eb6,train
db71b8b85,train
bd54dcfd0,train
71b8ca636,train
bc1319810,test
e945a1e04,test
2d72ef0c4,train
ac4c28677,valid
3060d192f,valid
f410b0841,train
573ee1a1f,train
34dc86aae,test
ab7ccc7df,train
a0401d349,train
1f58a286e,train
5909a21cc,train
01ba86830,train
b165fe8b1,train
8d7a8a5c0,train
94e45a1a7,train
6ef02d7e9,test
b8c54bc91,train
c0edff1e1,train
e4406b18a,valid
1be58123d,train
abd80f666,train
2fb22dd88,train
5a21eec6d,train
9cd7bfaa6,valid
fc7f7797c,test
af75249aa,test
0d7f7a155,train
5aff9022b,train
09bc86c05,test
5bbf44cea,test
e40073625,train
2f29e9d88,train
6e3631a29,test
df4354823,train
bca099371,train
a0b82db0e,train
8425c2a48,train
97e47e7c0,test
41d6c5f90,train
02c40b53c,train
3f016dcab,train
e3b6b7d2e,train
21c281e66,valid
32387ac37,test
350208e1a,train
3c8468196,train
dabcf0e55,train
03f217352,train
481cbcedb,test
05974bc36,train
6f8ae496e,train
34c4e74a9,train
b06d39b09,valid
b3a6f353d,train
485887f4c,train
92085e776,train
a9391d398,train
8efcfe9c6,test
09a024035,test
734123308,test
6097a5c1d,valid
5a358b56f,train
2562fec96,train
4909dc5af,train
c0b704c99,train
9e9a3285d,train
1f70f8112,train
75bfbc825,train
a3dfe1991,train
9123c847a,test
8c96f8ed3,train
3ef9ac2a6,test
7db48c47a,test
9ab8dddba,train
2689341e7,train
e09807e6e,train
e039f2392,train
af32c8be0,valid
d3faf6a0e,train
745facb3c,train
a5c5278b8,test
a2317e5b0,train
c0f651276,train
82ee2f3e9,test
941880ea3,train
c4bc89962,train
c7d02bfca,test
ac6d69d99,valid
b7fcfa1e6,valid
fc601e041,train
23874f644,train
cca88204d,train
f5dc70d35,test
e7f7066b6,valid
4d163b731,train
a83d95ead,train
