PetID,ruta_imagen_principal,conjunto_petfinder,raza_principal,raza_secundaria,prob_adopcion_lenta_petfinder_final,pred_adopcion_lenta_petfinder_final,nivel_riesgo_relativo,origen_score_petfinder_final
3422e4906,data/raw_petfinder/train_images/3422e4906-1.jpg,train,Mixed Breed,,0.6079666714849059,1,Alto,OOF desarrollo
5842f1ff5,data/raw_petfinder/train_images/5842f1ff5-1.jpg,train,Mixed Breed,,0.6551055391062814,1,Alto,OOF desarrollo
850a43f90,data/raw_petfinder/train_images/850a43f90-1.jpg,test,Mixed Breed,,0.4449403730605064,1,Bajo,Test fuera de muestra
97aa9eeac,data/raw_petfinder/train_images/97aa9eeac-1.jpg,valid,Mixed Breed,,0.5259629659938004,1,Medio,OOF desarrollo
8b693ca84,data/raw_petfinder/train_images/8b693ca84-1.jpg,train,Mixed Breed,,0.3317242320062479,0,Bajo,OOF desarrollo
aaedd873d,data/raw_petfinder/train_images/aaedd873d-1.jpg,train,Mixed Breed,,0.3224614544898284,0,Bajo,OOF desarrollo
c02be41e6,data/raw_petfinder/train_images/c02be41e6-1.jpg,test,Mixed Breed,,0.5182756048198818,1,Medio,Test fuera de muestra
1fd342e17,data/raw_petfinder/train_images/1fd342e17-1.jpg,train,Terrier,Shih Tzu,0.5065776484179545,1,Medio,OOF desarrollo
f9d07d5fa,data/raw_petfinder/train_images/f9d07d5fa-1.jpg,train,Mixed Breed,Mixed Breed,0.7030518851881706,1,Alto,OOF desarrollo
1c92ce464,data/raw_petfinder/train_images/1c92ce464-1.jpg,train,Mixed Breed,,0.5033747590554684,1,Medio,OOF desarrollo
6436c1a59,data/raw_petfinder/train_images/6436c1a59-1.jpg,train,Mixed Breed,,0.6711282624545212,1,Alto,OOF desarrollo
234a5a54c,data/raw_petfinder/train_images/234a5a54c-1.jpg,train,Mixed Breed,,0.5900976523850008,1,Medio,OOF desarrollo
1a76190c5,data/raw_petfinder/train_images/1a76190c5-1.jpg,test,Shih Tzu,Terrier,0.4788662083082879,1,Medio,Test fuera de muestra
543130f60,data/raw_petfinder/train_images/543130f60-1.jpg,valid,Mixed Breed,,0.5514145872409782,1,Medio,OOF desarrollo
deff069a2,data/raw_petfinder/train_images/deff069a2-1.jpg,train,Mixed Breed,,0.5845327041338557,1,Medio,OOF desarrollo
4e3640544,data/raw_petfinder/train_images/4e3640544-1.jpg,test,Mixed Breed,,0.6835515461249697,1,Alto,Test fuera de muestra
671ffc570,data/raw_petfinder/train_images/671ffc570-1.jpg,valid,Jack Russell Terrier,Mixed Breed,0.507861849048829,1,Medio,OOF desarrollo
aece6e7bf,data/raw_petfinder/train_images/aece6e7bf-1.jpg,train,Mixed Breed,,0.6400373200215558,1,Alto,OOF desarrollo
c1e816568,data/raw_petfinder/train_images/c1e816568-1.jpg,train,Mixed Breed,,0.5151748032523138,1,Medio,OOF desarrollo
ea159d8da,data/raw_petfinder/train_images/ea159d8da-1.jpg,train,Mixed Breed,,0.6891155554156249,1,Alto,OOF desarrollo
af1035c81,data/raw_petfinder/train_images/af1035c81-1.jpg,train,Mixed Breed,,0.5421887245817671,1,Medio,OOF desarrollo
6fecc5cf7,data/raw_petfinder/train_images/6fecc5cf7-1.jpg,train,Mixed Breed,Labrador Retriever,0.3435326459032225,0,Bajo,OOF desarrollo
015c75c9e,data/raw_petfinder/train_images/015c75c9e-1.jpg,train,Mixed Breed,,0.3227016386868273,0,Bajo,OOF desarrollo
9609a0b86,data/raw_petfinder/train_images/9609a0b86-1.jpg,train,Mixed Breed,Mixed Breed,0.7230025054732143,1,Alto,OOF desarrollo
d765ae877,data/raw_petfinder/train_images/d765ae877-1.jpg,train,Mixed Breed,,0.6140732409383989,1,Alto,OOF desarrollo
8ce183889,data/raw_petfinder/train_images/8ce183889-1.jpg,train,Mixed Breed,,0.4817564999915426,1,Medio,OOF desarrollo
f0ef9c777,data/raw_petfinder/train_images/f0ef9c777-1.jpg,train,Mixed Breed,,0.7585095132152416,1,Alto,OOF desarrollo
3181e5424,data/raw_petfinder/train_images/3181e5424-1.jpg,valid,Mixed Breed,,0.6328521932840709,1,Alto,OOF desarrollo
9883a048e,data/raw_petfinder/train_images/9883a048e-1.jpg,train,Mixed Breed,,0.3281470234504432,0,Bajo,OOF desarrollo
b0dec8779,data/raw_petfinder/train_images/b0dec8779-1.jpg,test,Spitz,Mixed Breed,0.4841122549312959,1,Medio,Test fuera de muestra
e8d0907ae,data/raw_petfinder/train_images/e8d0907ae-1.jpg,test,Shih Tzu,,0.4115262103911248,1,Bajo,Test fuera de muestra
ef14861df,data/raw_petfinder/train_images/ef14861df-1.jpg,train,Mixed Breed,,0.6929210403058343,1,Alto,OOF desarrollo
a9bc357f0,data/raw_petfinder/train_images/a9bc357f0-1.jpg,train,Mixed Breed,,0.657782105764166,1,Alto,OOF desarrollo
aaf4a1439,data/raw_petfinder/train_images/aaf4a1439-1.jpg,test,Mixed Breed,Mixed Breed,0.6164434050087242,1,Alto,Test fuera de muestra
1e62e6022,data/raw_petfinder/train_images/1e62e6022-1.jpg,train,Labrador Retriever,Jack Russell Terrier,0.311274137856663,0,Bajo,OOF desarrollo
4e797dcdd,data/raw_petfinder/train_images/4e797dcdd-1.jpg,test,Mixed Breed,,0.4979514707119407,1,Medio,Test fuera de muestra
45d2ddcb8,data/raw_petfinder/train_images/45d2ddcb8-1.jpg,train,Pit Bull Terrier,Finnish Spitz,0.5768369327317845,1,Medio,OOF desarrollo
259b10a3e,data/raw_petfinder/train_images/259b10a3e-1.jpg,train,Mixed Breed,,0.5324021769546,1,Medio,OOF desarrollo
d2490c888,data/raw_petfinder/train_images/d2490c888-1.jpg,train,Mixed Breed,,0.4840406883598694,1,Medio,OOF desarrollo
2c93c0c11,data/raw_petfinder/train_images/2c93c0c11-1.jpg,valid,Mixed Breed,,0.750286314930077,1,Alto,OOF desarrollo
35593da00,data/raw_petfinder/train_images/35593da00-1.jpg,valid,Mixed Breed,Mixed Breed,0.3449616949908518,0,Bajo,OOF desarrollo
4cc70e613,data/raw_petfinder/train_images/4cc70e613-1.jpg,train,Mixed Breed,,0.5711884333595967,1,Medio,OOF desarrollo
ff125cf8d,data/raw_petfinder/train_images/ff125cf8d-1.jpg,valid,Mixed Breed,,0.6488180518408944,1,Alto,OOF desarrollo
c30dd6e9a,data/raw_petfinder/train_images/c30dd6e9a-1.jpg,test,Silky Terrier,,0.2057929310374932,0,Bajo,Test fuera de muestra
be9474b85,data/raw_petfinder/train_images/be9474b85-1.jpg,train,Mixed Breed,,0.5428252262332653,1,Medio,OOF desarrollo
815f4cc08,data/raw_petfinder/train_images/815f4cc08-1.jpg,valid,Mixed Breed,Labrador Retriever,0.4701125673439361,1,Medio,OOF desarrollo
867308404,data/raw_petfinder/train_images/867308404-1.jpg,train,Mixed Breed,,0.4395623914867176,1,Bajo,OOF desarrollo
258667857,data/raw_petfinder/train_images/258667857-1.jpg,test,Rottweiler,Mixed Breed,0.3001600175942371,0,Bajo,Test fuera de muestra
fd3172797,data/raw_petfinder/train_images/fd3172797-1.jpg,train,Mixed Breed,,0.8081565608313215,1,Alto,OOF desarrollo
8df0bb3b3,data/raw_petfinder/train_images/8df0bb3b3-1.jpg,test,Mixed Breed,Dalmatian,0.5579832099589436,1,Medio,Test fuera de muestra
3d0752cd9,data/raw_petfinder/train_images/3d0752cd9-1.jpg,valid,Mixed Breed,,0.376807299475959,0,Bajo,OOF desarrollo
6a763a055,data/raw_petfinder/train_images/6a763a055-1.jpg,train,Mixed Breed,,0.3893573086868912,0,Bajo,OOF desarrollo
a44d42407,data/raw_petfinder/train_images/a44d42407-1.jpg,train,Silky Terrier,Pekingese,0.3718022646393876,0,Bajo,OOF desarrollo
cc8401c02,data/raw_petfinder/train_images/cc8401c02-1.jpg,train,Mixed Breed,,0.6846872498112841,1,Alto,OOF desarrollo
43ddb2eb4,data/raw_petfinder/train_images/43ddb2eb4-1.jpg,train,Husky,Mixed Breed,0.4812394550491611,1,Medio,OOF desarrollo
dae92dd61,data/raw_petfinder/train_images/dae92dd61-1.jpg,valid,Schnauzer,,0.4081421955392744,1,Bajo,OOF desarrollo
a6ac8884b,data/raw_petfinder/train_images/a6ac8884b-1.jpg,train,Mixed Breed,Mixed Breed,0.4899101613937037,1,Medio,OOF desarrollo
d50e11ec5,data/raw_petfinder/train_images/d50e11ec5-1.jpg,train,Mixed Breed,,0.4405372060390492,1,Bajo,OOF desarrollo
27b6e5aca,data/raw_petfinder/train_images/27b6e5aca-1.jpg,train,Mixed Breed,,0.5079561265374193,1,Medio,OOF desarrollo
80ebea85c,data/raw_petfinder/train_images/80ebea85c-1.jpg,test,Mixed Breed,Mixed Breed,0.5917492343913238,1,Medio,Test fuera de muestra
b84dad49f,data/raw_petfinder/train_images/b84dad49f-1.jpg,train,Mixed Breed,,0.7542175070921023,1,Alto,OOF desarrollo
f0a2122d4,data/raw_petfinder/train_images/f0a2122d4-1.jpg,train,Mixed Breed,,0.4991900022528006,1,Medio,OOF desarrollo
46d88ca3e,data/raw_petfinder/train_images/46d88ca3e-1.jpg,test,Golden Retriever,,0.4874991966338995,1,Medio,Test fuera de muestra
c61f6507e,data/raw_petfinder/train_images/c61f6507e-1.jpg,train,Mixed Breed,,0.6052554771694147,1,Alto,OOF desarrollo
e464fcd4b,data/raw_petfinder/train_images/e464fcd4b-1.jpg,train,Rottweiler,,0.4240748095768882,1,Bajo,OOF desarrollo
86379f12f,data/raw_petfinder/train_images/86379f12f-1.jpg,train,Siberian Husky,,0.3928893720791261,1,Bajo,OOF desarrollo
392d3346e,data/raw_petfinder/train_images/392d3346e-1.jpg,valid,Mixed Breed,Mixed Breed,0.5787150635581695,1,Medio,OOF desarrollo
35c0c3aca,data/raw_petfinder/train_images/35c0c3aca-1.jpg,train,Collie,Basenji,0.4692328168036789,1,Medio,OOF desarrollo
d080818c3,data/raw_petfinder/train_images/d080818c3-1.jpg,train,German Shepherd Dog,Mixed Breed,0.5767595599018631,1,Medio,OOF desarrollo
6f0cb510a,data/raw_petfinder/train_images/6f0cb510a-1.jpg,train,Mixed Breed,,0.3385229547860456,0,Bajo,OOF desarrollo
61ac3c78c,data/raw_petfinder/train_images/61ac3c78c-1.jpg,train,Mixed Breed,,0.6849801136416995,1,Alto,OOF desarrollo
368b2adc1,data/raw_petfinder/train_images/368b2adc1-1.jpg,train,Mixed Breed,,0.6512496963826447,1,Alto,OOF desarrollo
4c594983d,data/raw_petfinder/train_images/4c594983d-1.jpg,test,Mixed Breed,Mixed Breed,0.827256850393187,1,Alto,Test fuera de muestra
05f99fc56,data/raw_petfinder/train_images/05f99fc56-1.jpg,train,Doberman Pinscher,Mixed Breed,0.5808639725733076,1,Medio,OOF desarrollo
6d9b202c9,data/raw_petfinder/train_images/6d9b202c9-1.jpg,valid,Mixed Breed,Bluetick Coonhound,0.7002797402628047,1,Alto,OOF desarrollo
54791dc58,data/raw_petfinder/train_images/54791dc58-1.jpg,train,Mixed Breed,,0.3175323579560908,0,Bajo,OOF desarrollo
48b418070,data/raw_petfinder/train_images/48b418070-1.jpg,valid,American Staffordshire Terrier,,0.696357557512878,1,Alto,OOF desarrollo
8e0d65b3e,data/raw_petfinder/train_images/8e0d65b3e-1.jpg,train,Beagle,Schnauzer,0.5208282831184362,1,Medio,OOF desarrollo
9a34ddc8b,data/raw_petfinder/train_images/9a34ddc8b-1.jpg,train,Mixed Breed,,0.7327863948674694,1,Alto,OOF desarrollo
474bccd75,data/raw_petfinder/train_images/474bccd75-1.jpg,train,Mixed Breed,Mixed Breed,0.7201254394842582,1,Alto,OOF desarrollo
e4abb93bf,data/raw_petfinder/train_images/e4abb93bf-1.jpg,valid,Mixed Breed,,0.6787501885223909,1,Alto,OOF desarrollo
a8cdba660,data/raw_petfinder/train_images/a8cdba660-1.jpg,train,Mixed Breed,,0.6259854043009931,1,Alto,OOF desarrollo
9bcd62ef1,data/raw_petfinder/train_images/9bcd62ef1-1.jpg,train,Doberman Pinscher,,0.541009380817132,1,Medio,OOF desarrollo
c3f2f166d,data/raw_petfinder/train_images/c3f2f166d-1.jpg,train,Mixed Breed,,0.6679585337795286,1,Alto,OOF desarrollo
687e9c33c,data/raw_petfinder/train_images/687e9c33c-1.jpg,valid,Mixed Breed,,0.7330766682181635,1,Alto,OOF desarrollo
bb5f471dd,data/raw_petfinder/train_images/bb5f471dd-1.jpg,train,Doberman Pinscher,,0.6106802502008317,1,Alto,OOF desarrollo
dcba09ff1,data/raw_petfinder/train_images/dcba09ff1-1.jpg,train,Mixed Breed,,0.5099071074372471,1,Medio,OOF desarrollo
d7f938acd,data/raw_petfinder/train_images/d7f938acd-1.jpg,test,Mixed Breed,,0.475712100304499,1,Medio,Test fuera de muestra
ea11b6f12,data/raw_petfinder/train_images/ea11b6f12-1.jpg,train,Mixed Breed,,0.509834632410314,1,Medio,OOF desarrollo
3332eb59c,data/raw_petfinder/train_images/3332eb59c-1.jpg,train,Mixed Breed,Mixed Breed,0.5722044161315001,1,Medio,OOF desarrollo
594e3dc3f,data/raw_petfinder/train_images/594e3dc3f-1.jpg,valid,Mixed Breed,,0.6074317889602692,1,Alto,OOF desarrollo
fbb112b7e,data/raw_petfinder/train_images/fbb112b7e-1.jpg,test,Mixed Breed,,0.3158119421249422,0,Bajo,Test fuera de muestra
d14d62508,data/raw_petfinder/train_images/d14d62508-1.jpg,test,Mixed Breed,,0.4019300495184176,1,Bajo,Test fuera de muestra
747c82f83,data/raw_petfinder/train_images/747c82f83-1.jpg,test,Mixed Breed,,0.5773382096689853,1,Medio,Test fuera de muestra
c737c30d7,data/raw_petfinder/train_images/c737c30d7-1.jpg,train,Mixed Breed,,0.7316801861308893,1,Alto,OOF desarrollo
03b0568b3,data/raw_petfinder/train_images/03b0568b3-1.jpg,test,Mixed Breed,,0.613228579778427,1,Alto,Test fuera de muestra
5c28a8cec,data/raw_petfinder/train_images/5c28a8cec-1.jpg,valid,Mixed Breed,Labrador Retriever,0.6087085977366102,1,Alto,OOF desarrollo
2c8ae4c7e,data/raw_petfinder/train_images/2c8ae4c7e-1.jpg,train,Mixed Breed,Mixed Breed,0.580852565027861,1,Medio,OOF desarrollo
cd7bea671,data/raw_petfinder/train_images/cd7bea671-1.jpg,test,Mixed Breed,,0.6807335173293549,1,Alto,Test fuera de muestra
aa189a931,data/raw_petfinder/train_images/aa189a931-1.jpg,train,Mixed Breed,,0.823564043479573,1,Alto,OOF desarrollo
3b4a987ba,data/raw_petfinder/train_images/3b4a987ba-1.jpg,train,Mixed Breed,,0.483422316363359,1,Medio,OOF desarrollo
1bbb46822,data/raw_petfinder/train_images/1bbb46822-1.jpg,test,Mixed Breed,,0.4687580274361623,1,Medio,Test fuera de muestra
702bee848,data/raw_petfinder/train_images/702bee848-1.jpg,test,Mixed Breed,,0.6604343828812915,1,Alto,Test fuera de muestra
66757255c,data/raw_petfinder/train_images/66757255c-1.jpg,train,Mixed Breed,,0.5793126187885018,1,Medio,OOF desarrollo
0b0f596b5,data/raw_petfinder/train_images/0b0f596b5-1.jpg,train,Mixed Breed,,0.3194338552937,0,Bajo,OOF desarrollo
938bcf142,data/raw_petfinder/train_images/938bcf142-1.jpg,train,Mixed Breed,,0.6301906717263712,1,Alto,OOF desarrollo
bea72e6c5,data/raw_petfinder/train_images/bea72e6c5-1.jpg,train,Mixed Breed,,0.9169527723389715,1,Alto,OOF desarrollo
52e555a3a,data/raw_petfinder/train_images/52e555a3a-1.jpg,train,Mixed Breed,,0.2831629870524694,0,Bajo,OOF desarrollo
3998bcfec,data/raw_petfinder/train_images/3998bcfec-1.jpg,train,Mixed Breed,,0.6346360365465857,1,Alto,OOF desarrollo
e62e5aa26,data/raw_petfinder/train_images/e62e5aa26-1.jpg,train,Mixed Breed,,0.4491239548272175,1,Bajo,OOF desarrollo
1eb8a0278,data/raw_petfinder/train_images/1eb8a0278-1.jpg,train,Shih Tzu,Maltese,0.4322612253718412,1,Bajo,OOF desarrollo
207d61997,data/raw_petfinder/train_images/207d61997-1.jpg,train,Shih Tzu,Pomeranian,0.4080395053092316,1,Bajo,OOF desarrollo
65d10be4d,data/raw_petfinder/train_images/65d10be4d-1.jpg,test,Mixed Breed,,0.600913067628378,1,Medio,Test fuera de muestra
c7b468b32,data/raw_petfinder/train_images/c7b468b32-1.jpg,train,Mixed Breed,,0.5314885278533534,1,Medio,OOF desarrollo
249112486,data/raw_petfinder/train_images/249112486-1.jpg,train,Mixed Breed,Mixed Breed,0.4476182832101468,1,Bajo,OOF desarrollo
b243b8e93,data/raw_petfinder/train_images/b243b8e93-1.jpg,valid,Mixed Breed,,0.483345405595827,1,Medio,OOF desarrollo
89523a695,data/raw_petfinder/train_images/89523a695-1.jpg,valid,Mixed Breed,,0.3697625674165896,0,Bajo,OOF desarrollo
b5fcc079e,data/raw_petfinder/train_images/b5fcc079e-1.jpg,train,Golden Retriever,Mixed Breed,0.6124377202630973,1,Alto,OOF desarrollo
d4e83ee5b,data/raw_petfinder/train_images/d4e83ee5b-1.jpg,test,Mixed Breed,Labrador Retriever,0.4808212976612545,1,Medio,Test fuera de muestra
74e316be1,data/raw_petfinder/train_images/74e316be1-1.jpg,test,Mixed Breed,,0.6772211160371606,1,Alto,Test fuera de muestra
039509c40,data/raw_petfinder/train_images/039509c40-1.jpg,valid,Mixed Breed,,0.4374269840003835,1,Bajo,OOF desarrollo
eeb60466e,data/raw_petfinder/train_images/eeb60466e-1.jpg,train,Mixed Breed,,0.393421121745605,1,Bajo,OOF desarrollo
82137b39f,data/raw_petfinder/train_images/82137b39f-1.jpg,train,Mixed Breed,,0.8270443340034174,1,Alto,OOF desarrollo
f70251906,data/raw_petfinder/train_images/f70251906-1.jpg,valid,Mixed Breed,,0.8657185527703983,1,Alto,OOF desarrollo
e83f846eb,data/raw_petfinder/train_images/e83f846eb-1.jpg,train,Mixed Breed,Labrador Retriever,0.5878840284416731,1,Medio,OOF desarrollo
60b9421cc,data/raw_petfinder/train_images/60b9421cc-1.jpg,train,Mixed Breed,,0.7474617175459911,1,Alto,OOF desarrollo
ae03f99f2,data/raw_petfinder/train_images/ae03f99f2-1.jpg,test,Mixed Breed,,0.4276492702842293,1,Bajo,Test fuera de muestra
6a5c652b5,data/raw_petfinder/train_images/6a5c652b5-1.jpg,test,Mixed Breed,,0.739094985848926,1,Alto,Test fuera de muestra
706a9cd5c,data/raw_petfinder/train_images/706a9cd5c-1.jpg,train,Mixed Breed,,0.7484046832787326,1,Alto,OOF desarrollo
62550cf78,data/raw_petfinder/train_images/62550cf78-1.jpg,test,Cocker Spaniel,Akbash,0.4341522853650766,1,Bajo,Test fuera de muestra
701c5afba,data/raw_petfinder/train_images/701c5afba-1.jpg,train,Mixed Breed,,0.4117660943772245,1,Bajo,OOF desarrollo
7bce76c66,data/raw_petfinder/train_images/7bce76c66-1.jpg,train,Shih Tzu,,0.2885932657706673,0,Bajo,OOF desarrollo
3b0b88ac2,data/raw_petfinder/train_images/3b0b88ac2-1.jpg,valid,Poodle,Poodle,0.3227876979086502,0,Bajo,OOF desarrollo
a88d34ee3,data/raw_petfinder/train_images/a88d34ee3-1.jpg,train,Terrier,Shih Tzu,0.3329843736986473,0,Bajo,OOF desarrollo
061378b30,data/raw_petfinder/train_images/061378b30-1.jpg,train,Black Labrador Retriever,Mixed Breed,0.5729411813079813,1,Medio,OOF desarrollo
d5b9e0322,data/raw_petfinder/train_images/d5b9e0322-1.jpg,train,Labrador Retriever,,0.3726722885567999,0,Bajo,OOF desarrollo
a2dc697f6,data/raw_petfinder/train_images/a2dc697f6-1.jpg,test,Mixed Breed,,0.4375057245320928,1,Bajo,Test fuera de muestra
be7b65c23,data/raw_petfinder/train_images/be7b65c23-1.jpg,train,Jack Russell Terrier,Mixed Breed,0.5136785666568453,1,Medio,OOF desarrollo
e37f4aa07,data/raw_petfinder/train_images/e37f4aa07-1.jpg,test,Mixed Breed,,0.7002942835312622,1,Alto,Test fuera de muestra
7de2f688b,data/raw_petfinder/train_images/7de2f688b-1.jpg,train,Mixed Breed,,0.5519860172553162,1,Medio,OOF desarrollo
e7020fa9a,data/raw_petfinder/train_images/e7020fa9a-1.jpg,train,Mixed Breed,Mixed Breed,0.2941048943943468,0,Bajo,OOF desarrollo
be23e42d0,data/raw_petfinder/train_images/be23e42d0-1.jpg,train,Mixed Breed,,0.4519369633516898,1,Bajo,OOF desarrollo
1c59cecac,data/raw_petfinder/train_images/1c59cecac-1.jpg,train,Beagle,Mixed Breed,0.8095409033259948,1,Alto,OOF desarrollo
e7e1904f4,data/raw_petfinder/train_images/e7e1904f4-1.jpg,train,Mixed Breed,,0.7739760042814109,1,Alto,OOF desarrollo
d78d1dec0,data/raw_petfinder/train_images/d78d1dec0-1.jpg,train,Mixed Breed,Mixed Breed,0.7104484992717166,1,Alto,OOF desarrollo
0443d6f82,data/raw_petfinder/train_images/0443d6f82-1.jpg,train,Collie,Mixed Breed,0.3914908018100396,1,Bajo,OOF desarrollo
fa1a30192,data/raw_petfinder/train_images/fa1a30192-1.jpg,train,Mixed Breed,,0.4961770071302033,1,Medio,OOF desarrollo
d4d6997e3,data/raw_petfinder/train_images/d4d6997e3-1.jpg,train,Mixed Breed,,0.4984519800674531,1,Medio,OOF desarrollo
d13d93f69,data/raw_petfinder/train_images/d13d93f69-1.jpg,test,Mixed Breed,Husky,0.4639760822223452,1,Medio,Test fuera de muestra
3bef75882,data/raw_petfinder/train_images/3bef75882-1.jpg,train,Mixed Breed,Mixed Breed,0.687458862151401,1,Alto,OOF desarrollo
60bf93971,data/raw_petfinder/train_images/60bf93971-1.jpg,train,Mixed Breed,Mixed Breed,0.5172459179338382,1,Medio,OOF desarrollo
e9eeadf82,data/raw_petfinder/train_images/e9eeadf82-1.jpg,train,Mixed Breed,Mixed Breed,0.8146151494478227,1,Alto,OOF desarrollo
a4530b1d0,data/raw_petfinder/train_images/a4530b1d0-1.jpg,train,Mixed Breed,,0.4242650038600472,1,Bajo,OOF desarrollo
da6bb3100,data/raw_petfinder/train_images/da6bb3100-1.jpg,train,Mixed Breed,German Shepherd Dog,0.4173965893982004,1,Bajo,OOF desarrollo
79669f807,data/raw_petfinder/train_images/79669f807-1.jpg,train,Mixed Breed,,0.3451557674345379,0,Bajo,OOF desarrollo
3af2b1473,data/raw_petfinder/train_images/3af2b1473-1.jpg,valid,Mixed Breed,,0.6511159053736676,1,Alto,OOF desarrollo
b8976d821,data/raw_petfinder/train_images/b8976d821-1.jpg,train,Mixed Breed,,0.5214830045885614,1,Medio,OOF desarrollo
9eb98f34c,data/raw_petfinder/train_images/9eb98f34c-1.jpg,train,Mixed Breed,,0.3929917848716467,1,Bajo,OOF desarrollo
e317b2a73,data/raw_petfinder/train_images/e317b2a73-1.jpg,train,Beagle,,0.3936903475648711,1,Bajo,OOF desarrollo
ebd78e1d4,data/raw_petfinder/train_images/ebd78e1d4-1.jpg,train,Shar Pei,Mixed Breed,0.4952031894124925,1,Medio,OOF desarrollo
0822c54d5,data/raw_petfinder/train_images/0822c54d5-1.jpg,train,Mixed Breed,,0.435845083893272,1,Bajo,OOF desarrollo
4036e0e12,data/raw_petfinder/train_images/4036e0e12-1.jpg,train,Spitz,,0.6700959571174303,1,Alto,OOF desarrollo
0fb490c9b,data/raw_petfinder/train_images/0fb490c9b-1.jpg,valid,Mixed Breed,Terrier,0.3123832141906278,0,Bajo,OOF desarrollo
284be445a,data/raw_petfinder/train_images/284be445a-1.jpg,valid,Mixed Breed,,0.6593241462112922,1,Alto,OOF desarrollo
145883970,data/raw_petfinder/train_images/145883970-1.jpg,train,Mixed Breed,,0.5696522606756456,1,Medio,OOF desarrollo
e3d9dc96d,data/raw_petfinder/train_images/e3d9dc96d-1.jpg,valid,Mixed Breed,,0.6551349240709685,1,Alto,OOF desarrollo
6e643eba1,data/raw_petfinder/train_images/6e643eba1-1.jpg,train,Mixed Breed,,0.4956219210039246,1,Medio,OOF desarrollo
a1b3dafc9,data/raw_petfinder/train_images/a1b3dafc9-1.jpg,train,Mixed Breed,Mixed Breed,0.6863952085564169,1,Alto,OOF desarrollo
bda2d149e,data/raw_petfinder/train_images/bda2d149e-1.jpg,test,Belgian Shepherd Malinois,Mixed Breed,0.6065969784299841,1,Alto,Test fuera de muestra
6cb5381cb,data/raw_petfinder/train_images/6cb5381cb-1.jpg,test,Mixed Breed,,0.5804991962113293,1,Medio,Test fuera de muestra
a8a8f95f6,data/raw_petfinder/train_images/a8a8f95f6-1.jpg,train,Mixed Breed,,0.4032609130329485,1,Bajo,OOF desarrollo
5eeb10b7a,data/raw_petfinder/train_images/5eeb10b7a-1.jpg,train,Mixed Breed,,0.4595289315198205,1,Medio,OOF desarrollo
f03b04b1e,data/raw_petfinder/train_images/f03b04b1e-1.jpg,train,Mixed Breed,,0.5645866345377968,1,Medio,OOF desarrollo
a672ea96d,data/raw_petfinder/train_images/a672ea96d-1.jpg,train,Beagle,,0.50717758385011,1,Medio,OOF desarrollo
aafb75ee8,data/raw_petfinder/train_images/aafb75ee8-1.jpg,train,Spitz,Terrier,0.5958326917629164,1,Medio,OOF desarrollo
e9cf01a21,data/raw_petfinder/train_images/e9cf01a21-1.jpg,valid,Mixed Breed,,0.6302845130442644,1,Alto,OOF desarrollo
1c74d62ed,data/raw_petfinder/train_images/1c74d62ed-1.jpg,test,Mixed Breed,,0.7679620200726986,1,Alto,Test fuera de muestra
2148c2ef6,data/raw_petfinder/train_images/2148c2ef6-1.jpg,train,Mixed Breed,,0.4645397646449615,1,Medio,OOF desarrollo
479500716,data/raw_petfinder/train_images/479500716-1.jpg,valid,Mixed Breed,,0.4777063639694174,1,Medio,OOF desarrollo
1afdf61ec,data/raw_petfinder/train_images/1afdf61ec-1.jpg,valid,Mixed Breed,,0.5869973061181535,1,Medio,OOF desarrollo
110d4487e,data/raw_petfinder/train_images/110d4487e-1.jpg,train,Shih Tzu,,0.3759278900582634,0,Bajo,OOF desarrollo
27cede3cf,data/raw_petfinder/train_images/27cede3cf-1.jpg,valid,Mixed Breed,,0.4472823147203726,1,Bajo,OOF desarrollo
99dcd9020,data/raw_petfinder/train_images/99dcd9020-1.jpg,train,Mixed Breed,,0.6209172324958598,1,Alto,OOF desarrollo
a13ed5e9d,data/raw_petfinder/train_images/a13ed5e9d-1.jpg,train,Mixed Breed,Mixed Breed,0.5529770565871435,1,Medio,OOF desarrollo
82aa52460,data/raw_petfinder/train_images/82aa52460-1.jpg,train,Mixed Breed,,0.4597360960000832,1,Medio,OOF desarrollo
4c9f111f1,data/raw_petfinder/train_images/4c9f111f1-1.jpg,valid,Mixed Breed,,0.7298605198624954,1,Alto,OOF desarrollo
eb6c692dc,data/raw_petfinder/train_images/eb6c692dc-1.jpg,test,Mixed Breed,Mixed Breed,0.6911037867419092,1,Alto,Test fuera de muestra
109c4f5a8,data/raw_petfinder/train_images/109c4f5a8-1.jpg,valid,Mixed Breed,,0.4298580169079368,1,Bajo,OOF desarrollo
eb652ec07,data/raw_petfinder/train_images/eb652ec07-1.jpg,test,Mixed Breed,Mixed Breed,0.8203624248156592,1,Alto,Test fuera de muestra
026ebf139,data/raw_petfinder/train_images/026ebf139-1.jpg,test,Mixed Breed,,0.6379690112100509,1,Alto,Test fuera de muestra
1a9733afb,data/raw_petfinder/train_images/1a9733afb-1.jpg,train,Shih Tzu,,0.305216976128946,0,Bajo,OOF desarrollo
1a54d4e92,data/raw_petfinder/train_images/1a54d4e92-1.jpg,train,Terrier,Terrier,0.6328881996642213,1,Alto,OOF desarrollo
8526200d3,data/raw_petfinder/train_images/8526200d3-1.jpg,train,Mixed Breed,Mixed Breed,0.516496259334513,1,Medio,OOF desarrollo
8df39788a,data/raw_petfinder/train_images/8df39788a-1.jpg,valid,Mixed Breed,,0.4792486711173275,1,Medio,OOF desarrollo
045543730,data/raw_petfinder/train_images/045543730-1.jpg,train,Mixed Breed,,0.4386314672641036,1,Bajo,OOF desarrollo
bf50b399e,data/raw_petfinder/train_images/bf50b399e-1.jpg,train,Poodle,,0.3659003709543474,0,Bajo,OOF desarrollo
dee525fcd,data/raw_petfinder/train_images/dee525fcd-1.jpg,test,Mixed Breed,,0.5826932783553328,1,Medio,Test fuera de muestra
ceed27182,data/raw_petfinder/train_images/ceed27182-1.jpg,train,Poodle,,0.324800398189843,0,Bajo,OOF desarrollo
9c87d70e5,data/raw_petfinder/train_images/9c87d70e5-1.jpg,train,Mixed Breed,,0.6015192816867179,1,Medio,OOF desarrollo
4574e3de4,data/raw_petfinder/train_images/4574e3de4-1.jpg,train,Labrador Retriever,Mixed Breed,0.4482535381754463,1,Bajo,OOF desarrollo
794a45833,data/raw_petfinder/train_images/794a45833-1.jpg,train,Schnauzer,,0.4064590572395283,1,Bajo,OOF desarrollo
800a7c025,data/raw_petfinder/train_images/800a7c025-1.jpg,train,Mixed Breed,Mixed Breed,0.306853176188252,0,Bajo,OOF desarrollo
6c75b9082,data/raw_petfinder/train_images/6c75b9082-1.jpg,train,Mixed Breed,,0.6392300289650521,1,Alto,OOF desarrollo
3f9f466d1,data/raw_petfinder/train_images/3f9f466d1-1.jpg,train,Mixed Breed,,0.733608700990647,1,Alto,OOF desarrollo
8bf9a6b80,data/raw_petfinder/train_images/8bf9a6b80-1.jpg,train,Mixed Breed,,0.5222631345139821,1,Medio,OOF desarrollo
3a3ae56f1,data/raw_petfinder/train_images/3a3ae56f1-1.jpg,train,Mixed Breed,Mixed Breed,0.8927466513931497,1,Alto,OOF desarrollo
9718baba0,data/raw_petfinder/train_images/9718baba0-1.jpg,train,Mixed Breed,,0.6089480295705889,1,Alto,OOF desarrollo
cdd7aee45,data/raw_petfinder/train_images/cdd7aee45-1.jpg,train,Mixed Breed,,0.6963618242360705,1,Alto,OOF desarrollo
ba311fc1a,data/raw_petfinder/train_images/ba311fc1a-1.jpg,test,Mixed Breed,Mixed Breed,0.4055492148752968,1,Bajo,Test fuera de muestra
4060caeb1,data/raw_petfinder/train_images/4060caeb1-1.jpg,valid,Mixed Breed,,0.3032709494472322,0,Bajo,OOF desarrollo
5a2c8a05f,data/raw_petfinder/train_images/5a2c8a05f-1.jpg,train,Mixed Breed,Mixed Breed,0.6500929459419509,1,Alto,OOF desarrollo
75bbaa3fa,data/raw_petfinder/train_images/75bbaa3fa-1.jpg,train,Mixed Breed,Mixed Breed,0.4280762555213693,1,Bajo,OOF desarrollo
b4eb7f4df,data/raw_petfinder/train_images/b4eb7f4df-1.jpg,train,Mixed Breed,Mixed Breed,0.4316261036944611,1,Bajo,OOF desarrollo
fd32ce3ef,data/raw_petfinder/train_images/fd32ce3ef-1.jpg,test,Mixed Breed,Great Dane,0.7866120290596397,1,Alto,Test fuera de muestra
a15d8c8a8,data/raw_petfinder/train_images/a15d8c8a8-1.jpg,train,Mixed Breed,,0.7189048061011837,1,Alto,OOF desarrollo
ab599a6ac,data/raw_petfinder/train_images/ab599a6ac-1.jpg,train,Doberman Pinscher,Spitz,0.3657875751395639,0,Bajo,OOF desarrollo
81da09ea9,data/raw_petfinder/train_images/81da09ea9-1.jpg,test,Shih Tzu,,0.4955606236577217,1,Medio,Test fuera de muestra
0f122f712,data/raw_petfinder/train_images/0f122f712-1.jpg,train,Belgian Shepherd Laekenois,Belgian Shepherd Laekenois,0.4204094427069837,1,Bajo,OOF desarrollo
58a10d0cd,data/raw_petfinder/train_images/58a10d0cd-1.jpg,train,Mixed Breed,,0.3728642742405716,0,Bajo,OOF desarrollo
3b1976326,data/raw_petfinder/train_images/3b1976326-1.jpg,train,Mixed Breed,,0.4167638754527067,1,Bajo,OOF desarrollo
bfb33b149,data/raw_petfinder/train_images/bfb33b149-1.jpg,train,Mixed Breed,Golden Retriever,0.6291658676872628,1,Alto,OOF desarrollo
375905770,data/raw_petfinder/train_images/375905770-1.jpg,train,,Belgian Shepherd Malinois,0.3726414460602768,0,Bajo,OOF desarrollo
9ec161c16,data/raw_petfinder/train_images/9ec161c16-1.jpg,test,Mixed Breed,,0.6092039076357544,1,Alto,Test fuera de muestra
19f38a3f0,data/raw_petfinder/train_images/19f38a3f0-1.jpg,train,Jack Russell Terrier (Parson Russell Terrier),Mixed Breed,0.4738726794873822,1,Medio,OOF desarrollo
e2f1f5377,data/raw_petfinder/train_images/e2f1f5377-1.jpg,valid,Schnauzer,,0.367130613690845,0,Bajo,OOF desarrollo
b912b1114,data/raw_petfinder/train_images/b912b1114-1.jpg,train,Mixed Breed,,0.3899874314894194,0,Bajo,OOF desarrollo
bd9e9d9e2,data/raw_petfinder/train_images/bd9e9d9e2-1.jpg,train,Mixed Breed,Mixed Breed,0.4838534276635537,1,Medio,OOF desarrollo
084874570,data/raw_petfinder/train_images/084874570-1.jpg,train,Labrador Retriever,Golden Retriever,0.5360292607448178,1,Medio,OOF desarrollo
3cc84c2f8,data/raw_petfinder/train_images/3cc84c2f8-1.jpg,train,Mixed Breed,,0.4631128721812169,1,Medio,OOF desarrollo
9a770c49a,data/raw_petfinder/train_images/9a770c49a-1.jpg,test,Golden Retriever,,0.5086958499060348,1,Medio,Test fuera de muestra
997db5df5,data/raw_petfinder/train_images/997db5df5-1.jpg,train,Mixed Breed,,0.7026968078601484,1,Alto,OOF desarrollo
8705145ca,data/raw_petfinder/train_images/8705145ca-1.jpg,test,Mixed Breed,Mixed Breed,0.7425515662718618,1,Alto,Test fuera de muestra
81d97fa9f,data/raw_petfinder/train_images/81d97fa9f-1.jpg,test,Mixed Breed,,0.7010023237611465,1,Alto,Test fuera de muestra
78b07d4e0,data/raw_petfinder/train_images/78b07d4e0-1.jpg,train,Mixed Breed,Mixed Breed,0.7220909525747976,1,Alto,OOF desarrollo
fb3bd80d1,data/raw_petfinder/train_images/fb3bd80d1-1.jpg,train,Mixed Breed,,0.467760397551066,1,Medio,OOF desarrollo
1a1283447,data/raw_petfinder/train_images/1a1283447-1.jpg,train,Shepherd,Mixed Breed,0.3692407291851483,0,Bajo,OOF desarrollo
90592e40c,data/raw_petfinder/train_images/90592e40c-1.jpg,valid,Mixed Breed,,0.2794138006515713,0,Bajo,OOF desarrollo
e4e5ea1d2,data/raw_petfinder/train_images/e4e5ea1d2-1.jpg,train,Spitz,Mixed Breed,0.6317844625470859,1,Alto,OOF desarrollo
e7a74fca8,data/raw_petfinder/train_images/e7a74fca8-1.jpg,test,Mixed Breed,Mixed Breed,0.4231685972956757,1,Bajo,Test fuera de muestra
a5595a935,data/raw_petfinder/train_images/a5595a935-1.jpg,train,Mixed Breed,,0.4114244689406222,1,Bajo,OOF desarrollo
c7575df7b,data/raw_petfinder/train_images/c7575df7b-1.jpg,valid,Mixed Breed,,0.4273562923205825,1,Bajo,OOF desarrollo
e81c6347b,data/raw_petfinder/train_images/e81c6347b-1.jpg,train,Mixed Breed,,0.5430454083337901,1,Medio,OOF desarrollo
76d5726c4,data/raw_petfinder/train_images/76d5726c4-1.jpg,train,German Shepherd Dog,,0.4367335940771849,1,Bajo,OOF desarrollo
1a9e7158e,data/raw_petfinder/train_images/1a9e7158e-1.jpg,train,Mixed Breed,,0.414189927829494,1,Bajo,OOF desarrollo
d38bcdf49,data/raw_petfinder/train_images/d38bcdf49-1.jpg,train,Mixed Breed,,0.4098441056367851,1,Bajo,OOF desarrollo
85a79f281,data/raw_petfinder/train_images/85a79f281-1.jpg,valid,Mixed Breed,,0.3604512349150342,0,Bajo,OOF desarrollo
91c2159dd,data/raw_petfinder/train_images/91c2159dd-1.jpg,valid,Mixed Breed,,0.6617425034720981,1,Alto,OOF desarrollo
91d6a2898,data/raw_petfinder/train_images/91d6a2898-1.jpg,valid,Mixed Breed,,0.5862814807533591,1,Medio,OOF desarrollo
cfddf0c47,data/raw_petfinder/train_images/cfddf0c47-1.jpg,train,Mixed Breed,Rottweiler,0.3901186623568563,1,Bajo,OOF desarrollo
072ae6d9e,data/raw_petfinder/train_images/072ae6d9e-1.jpg,train,Terrier,Mixed Breed,0.7439427738658559,1,Alto,OOF desarrollo
b5df81f99,data/raw_petfinder/train_images/b5df81f99-1.jpg,test,Mixed Breed,,0.6604547144430246,1,Alto,Test fuera de muestra
2c24655fe,data/raw_petfinder/train_images/2c24655fe-1.jpg,train,Corgi,Corgi,0.4426111795576996,1,Bajo,OOF desarrollo
c8208c3c9,data/raw_petfinder/train_images/c8208c3c9-1.jpg,test,Mixed Breed,,0.3607963567673841,0,Bajo,Test fuera de muestra
9a9f6c753,data/raw_petfinder/train_images/9a9f6c753-1.jpg,train,Pit Bull Terrier,Mixed Breed,0.6195491442830752,1,Alto,OOF desarrollo
92b89a666,data/raw_petfinder/train_images/92b89a666-1.jpg,train,Mixed Breed,Mixed Breed,0.6551562325642196,1,Alto,OOF desarrollo
6819ce556,data/raw_petfinder/train_images/6819ce556-1.jpg,test,Mixed Breed,,0.559474008886398,1,Medio,Test fuera de muestra
17bdf954a,data/raw_petfinder/train_images/17bdf954a-1.jpg,train,Mixed Breed,,0.7797659909029833,1,Alto,OOF desarrollo
53cd96ef8,data/raw_petfinder/train_images/53cd96ef8-1.jpg,valid,Belgian Shepherd Dog Sheepdog,Collie,0.352351277478502,0,Bajo,OOF desarrollo
da327c74b,data/raw_petfinder/train_images/da327c74b-1.jpg,train,Mixed Breed,,0.4716496978732806,1,Medio,OOF desarrollo
878e36da4,data/raw_petfinder/train_images/878e36da4-1.jpg,valid,Mixed Breed,Mixed Breed,0.7043148190396158,1,Alto,OOF desarrollo
1ffe668f9,data/raw_petfinder/train_images/1ffe668f9-1.jpg,test,Mixed Breed,Pointer,0.5989122332454729,1,Medio,Test fuera de muestra
9a2f44ddf,data/raw_petfinder/train_images/9a2f44ddf-1.jpg,train,Mixed Breed,,0.5731230881242046,1,Medio,OOF desarrollo
d30b90a39,data/raw_petfinder/train_images/d30b90a39-1.jpg,test,Mixed Breed,,0.3574454584138634,0,Bajo,Test fuera de muestra
20559d623,data/raw_petfinder/train_images/20559d623-1.jpg,test,Shar Pei,Mixed Breed,0.7609992602772433,1,Alto,Test fuera de muestra
3b0b2a86a,data/raw_petfinder/train_images/3b0b2a86a-1.jpg,test,Schnauzer,,0.174273551453143,0,Bajo,Test fuera de muestra
64c1c412b,data/raw_petfinder/train_images/64c1c412b-1.jpg,train,Mixed Breed,Mixed Breed,0.5383125065571863,1,Medio,OOF desarrollo
0e6dd5e23,data/raw_petfinder/train_images/0e6dd5e23-1.jpg,train,Poodle,,0.4303543291287258,1,Bajo,OOF desarrollo
184ea777b,data/raw_petfinder/train_images/184ea777b-1.jpg,train,Husky,Mixed Breed,0.6377801316464856,1,Alto,OOF desarrollo
86547ad6d,data/raw_petfinder/train_images/86547ad6d-1.jpg,train,Mixed Breed,,0.6544849511531097,1,Alto,OOF desarrollo
ead547f1b,data/raw_petfinder/train_images/ead547f1b-1.jpg,train,Mixed Breed,,0.5074894866146618,1,Medio,OOF desarrollo
703f38466,data/raw_petfinder/train_images/703f38466-1.jpg,test,Mixed Breed,Poodle,0.7272210716492167,1,Alto,Test fuera de muestra
60b188249,data/raw_petfinder/train_images/60b188249-1.jpg,train,Mixed Breed,,0.5975227729650108,1,Medio,OOF desarrollo
3c5e8cc5d,data/raw_petfinder/train_images/3c5e8cc5d-1.jpg,train,Mixed Breed,,0.7264503533756872,1,Alto,OOF desarrollo
9f533475e,data/raw_petfinder/train_images/9f533475e-1.jpg,train,Mixed Breed,Mixed Breed,0.4050252415427852,1,Bajo,OOF desarrollo
0636650db,data/raw_petfinder/train_images/0636650db-1.jpg,train,Schnauzer,,0.3881642713587308,0,Bajo,OOF desarrollo
d8128cefd,data/raw_petfinder/train_images/d8128cefd-1.jpg,test,Mixed Breed,Mixed Breed,0.7687108050860683,1,Alto,Test fuera de muestra
dd2ec7bf4,data/raw_petfinder/train_images/dd2ec7bf4-1.jpg,train,Mixed Breed,,0.5040579770649714,1,Medio,OOF desarrollo
fcf377cce,data/raw_petfinder/train_images/fcf377cce-1.jpg,train,Mixed Breed,,0.6379218344579078,1,Alto,OOF desarrollo
d4b028ea8,data/raw_petfinder/train_images/d4b028ea8-1.jpg,train,Poodle,,0.4901781441848626,1,Medio,OOF desarrollo
7f8f45a35,data/raw_petfinder/train_images/7f8f45a35-1.jpg,test,Jack Russell Terrier,,0.5211934072676055,1,Medio,Test fuera de muestra
c92256e41,data/raw_petfinder/train_images/c92256e41-1.jpg,train,Beagle,,0.4246206377238548,1,Bajo,OOF desarrollo
6c3a05812,data/raw_petfinder/train_images/6c3a05812-1.jpg,train,Mixed Breed,,0.425115313272916,1,Bajo,OOF desarrollo
5d1fa8ddf,data/raw_petfinder/train_images/5d1fa8ddf-1.jpg,train,Mixed Breed,,0.6588159137063505,1,Alto,OOF desarrollo
68cdd6d6b,data/raw_petfinder/train_images/68cdd6d6b-1.jpg,test,Mixed Breed,Mixed Breed,0.6953548495347632,1,Alto,Test fuera de muestra
1171c9a41,data/raw_petfinder/train_images/1171c9a41-1.jpg,valid,Mixed Breed,,0.7613917856955781,1,Alto,OOF desarrollo
3db150833,data/raw_petfinder/train_images/3db150833-1.jpg,train,Mixed Breed,,0.3889778043209926,0,Bajo,OOF desarrollo
3b8b38508,data/raw_petfinder/train_images/3b8b38508-1.jpg,valid,Mixed Breed,,0.6918510368159785,1,Alto,OOF desarrollo
2e1d4e279,data/raw_petfinder/train_images/2e1d4e279-1.jpg,valid,Mixed Breed,,0.4138604044175219,1,Bajo,OOF desarrollo
c3cafb38c,data/raw_petfinder/train_images/c3cafb38c-1.jpg,test,Miniature Pinscher,Terrier,0.5909978707575847,1,Medio,Test fuera de muestra
a6e902691,data/raw_petfinder/train_images/a6e902691-1.jpg,train,Mixed Breed,,0.722915592217446,1,Alto,OOF desarrollo
e3f841674,data/raw_petfinder/train_images/e3f841674-1.jpg,train,Mixed Breed,,0.4064688458247337,1,Bajo,OOF desarrollo
2cea63a41,data/raw_petfinder/train_images/2cea63a41-1.jpg,train,Mixed Breed,Mixed Breed,0.274321398650695,0,Bajo,OOF desarrollo
9a3c966a9,data/raw_petfinder/train_images/9a3c966a9-1.jpg,train,Terrier,,0.4964402151594295,1,Medio,OOF desarrollo
27104e464,data/raw_petfinder/train_images/27104e464-1.jpg,train,Mixed Breed,,0.7246421757103321,1,Alto,OOF desarrollo
da8a47785,data/raw_petfinder/train_images/da8a47785-1.jpg,train,Mixed Breed,Mixed Breed,0.348696212315474,0,Bajo,OOF desarrollo
1ba11aaaa,data/raw_petfinder/train_images/1ba11aaaa-1.jpg,train,Mixed Breed,,0.4930491878141391,1,Medio,OOF desarrollo
e5164d828,data/raw_petfinder/train_images/e5164d828-1.jpg,valid,Mixed Breed,,0.3898269412167417,0,Bajo,OOF desarrollo
a0dd85af0,data/raw_petfinder/train_images/a0dd85af0-1.jpg,train,Mixed Breed,,0.437747235869795,1,Bajo,OOF desarrollo
0392c0c81,data/raw_petfinder/train_images/0392c0c81-1.jpg,train,Mixed Breed,Mixed Breed,0.543497889165023,1,Medio,OOF desarrollo
fff24fcb5,data/raw_petfinder/train_images/fff24fcb5-1.jpg,valid,Labrador Retriever,Mixed Breed,0.7213009126768679,1,Alto,OOF desarrollo
1195168b6,data/raw_petfinder/train_images/1195168b6-1.jpg,train,Mixed Breed,,0.8138516657104304,1,Alto,OOF desarrollo
accca912b,data/raw_petfinder/train_images/accca912b-1.jpg,valid,Mixed Breed,,0.7273595485312241,1,Alto,OOF desarrollo
12d514ef2,data/raw_petfinder/train_images/12d514ef2-1.jpg,train,Mixed Breed,Mixed Breed,0.5425003930091519,1,Medio,OOF desarrollo
17e6747da,data/raw_petfinder/train_images/17e6747da-1.jpg,test,Mixed Breed,Miniature Pinscher,0.7053207365611169,1,Alto,Test fuera de muestra
0052dcf47,data/raw_petfinder/train_images/0052dcf47-1.jpg,train,Mixed Breed,Mixed Breed,0.5034761571317612,1,Medio,OOF desarrollo
cdb855a69,data/raw_petfinder/train_images/cdb855a69-1.jpg,valid,Mixed Breed,,0.3606536595712425,0,Bajo,OOF desarrollo
6f93a41c5,data/raw_petfinder/train_images/6f93a41c5-1.jpg,valid,Miniature Pinscher,,0.541468646619871,1,Medio,OOF desarrollo
dc56ff89a,data/raw_petfinder/train_images/dc56ff89a-1.jpg,train,Mixed Breed,,0.5863350505921489,1,Medio,OOF desarrollo
23379775f,data/raw_petfinder/train_images/23379775f-1.jpg,train,Boxer,Mixed Breed,0.514464046490343,1,Medio,OOF desarrollo
fca85f778,data/raw_petfinder/train_images/fca85f778-1.jpg,train,Mixed Breed,,0.524626987561847,1,Medio,OOF desarrollo
87f4ea65f,data/raw_petfinder/train_images/87f4ea65f-1.jpg,train,Mixed Breed,,0.3748194783256852,0,Bajo,OOF desarrollo
97dc6aa32,data/raw_petfinder/train_images/97dc6aa32-1.jpg,train,Terrier,Mixed Breed,0.4198616346083477,1,Bajo,OOF desarrollo
bb4c6519d,data/raw_petfinder/train_images/bb4c6519d-1.jpg,train,Mixed Breed,,0.5322175826186331,1,Medio,OOF desarrollo
d95eabfe9,data/raw_petfinder/train_images/d95eabfe9-1.jpg,train,Dachshund,Welsh Corgi,0.6780444338631105,1,Alto,OOF desarrollo
146d950bc,data/raw_petfinder/train_images/146d950bc-1.jpg,train,Mixed Breed,,0.590257336233994,1,Medio,OOF desarrollo
0b8614414,data/raw_petfinder/train_images/0b8614414-1.jpg,train,Mixed Breed,,0.5435275536939793,1,Medio,OOF desarrollo
20d4ea30e,data/raw_petfinder/train_images/20d4ea30e-1.jpg,train,Rottweiler,Mixed Breed,0.2586711695242177,0,Bajo,OOF desarrollo
f98750599,data/raw_petfinder/train_images/f98750599-1.jpg,test,Mixed Breed,,0.4135812360348313,1,Bajo,Test fuera de muestra
fc9b4b692,data/raw_petfinder/train_images/fc9b4b692-1.jpg,train,Mixed Breed,,0.6025714443296916,1,Medio,OOF desarrollo
487abc5e1,data/raw_petfinder/train_images/487abc5e1-1.jpg,train,Terrier,Mixed Breed,0.7374426827902565,1,Alto,OOF desarrollo
5c66641a1,data/raw_petfinder/train_images/5c66641a1-1.jpg,valid,Mixed Breed,,0.7035801263604038,1,Alto,OOF desarrollo
518f86025,data/raw_petfinder/train_images/518f86025-1.jpg,train,Mixed Breed,Mixed Breed,0.5037843388821747,1,Medio,OOF desarrollo
8dfe4da6a,data/raw_petfinder/train_images/8dfe4da6a-1.jpg,valid,Mixed Breed,,0.4625410162271409,1,Medio,OOF desarrollo
94bcf0199,data/raw_petfinder/train_images/94bcf0199-1.jpg,train,Mixed Breed,,0.6683070815827116,1,Alto,OOF desarrollo
e758e4c0c,data/raw_petfinder/train_images/e758e4c0c-1.jpg,train,Mixed Breed,,0.6466838825569774,1,Alto,OOF desarrollo
782eb0d9d,data/raw_petfinder/train_images/782eb0d9d-1.jpg,train,Labrador Retriever,Mixed Breed,0.5655312622676569,1,Medio,OOF desarrollo
7fd7b7583,data/raw_petfinder/train_images/7fd7b7583-1.jpg,test,Chocolate Labrador Retriever,Mixed Breed,0.5368933106418061,1,Medio,Test fuera de muestra
7687b7da2,data/raw_petfinder/train_images/7687b7da2-1.jpg,train,Mixed Breed,,0.7600729358569349,1,Alto,OOF desarrollo
203e2bd3c,data/raw_petfinder/train_images/203e2bd3c-1.jpg,train,Mixed Breed,,0.4390116732468941,1,Bajo,OOF desarrollo
6b0103c04,data/raw_petfinder/train_images/6b0103c04-1.jpg,train,Mixed Breed,,0.4650733215247979,1,Medio,OOF desarrollo
f99a5e817,data/raw_petfinder/train_images/f99a5e817-1.jpg,test,Mixed Breed,Mixed Breed,0.7763146466220635,1,Alto,Test fuera de muestra
157e3e074,data/raw_petfinder/train_images/157e3e074-1.jpg,train,Mixed Breed,,0.4391067227122217,1,Bajo,OOF desarrollo
68731378e,data/raw_petfinder/train_images/68731378e-1.jpg,test,Mixed Breed,,0.7182989186377421,1,Alto,Test fuera de muestra
eb8aeff64,data/raw_petfinder/train_images/eb8aeff64-1.jpg,train,Mixed Breed,,0.4525057817931476,1,Bajo,OOF desarrollo
79f8b048f,data/raw_petfinder/train_images/79f8b048f-1.jpg,train,Dachshund,,0.4515786644341377,1,Bajo,OOF desarrollo
846e720dc,data/raw_petfinder/train_images/846e720dc-1.jpg,train,Mixed Breed,,0.7868065259598673,1,Alto,OOF desarrollo
9744dcc69,data/raw_petfinder/train_images/9744dcc69-1.jpg,train,Mixed Breed,,0.5985710667076143,1,Medio,OOF desarrollo
a2ae5fa7d,data/raw_petfinder/train_images/a2ae5fa7d-1.jpg,train,Mixed Breed,,0.5075459147336002,1,Medio,OOF desarrollo
b9d6b1488,data/raw_petfinder/train_images/b9d6b1488-1.jpg,train,Mixed Breed,Terrier,0.4609302598939356,1,Medio,OOF desarrollo
1ffb40e20,data/raw_petfinder/train_images/1ffb40e20-1.jpg,test,Mixed Breed,,0.391181124396051,1,Bajo,Test fuera de muestra
1ee56e81a,data/raw_petfinder/train_images/1ee56e81a-1.jpg,train,Mixed Breed,Mixed Breed,0.4845605474201774,1,Medio,OOF desarrollo
f4415e636,data/raw_petfinder/train_images/f4415e636-1.jpg,test,Mixed Breed,,0.4275866748965488,1,Bajo,Test fuera de muestra
f91147e5f,data/raw_petfinder/train_images/f91147e5f-1.jpg,train,Shih Tzu,Mixed Breed,0.5936735494814684,1,Medio,OOF desarrollo
2418f7929,data/raw_petfinder/train_images/2418f7929-1.jpg,train,Mixed Breed,,0.7952355817304781,1,Alto,OOF desarrollo
0e4049f6d,data/raw_petfinder/train_images/0e4049f6d-1.jpg,test,Mixed Breed,Mixed Breed,0.4711385030887034,1,Medio,Test fuera de muestra
daf1a8d08,data/raw_petfinder/train_images/daf1a8d08-1.jpg,valid,Mixed Breed,,0.5146312925944267,1,Medio,OOF desarrollo
1ba69dec6,data/raw_petfinder/train_images/1ba69dec6-1.jpg,test,Mixed Breed,,0.802234133067143,1,Alto,Test fuera de muestra
cfe285c5f,data/raw_petfinder/train_images/cfe285c5f-1.jpg,train,Beagle,,0.4834572912420036,1,Medio,OOF desarrollo
92caf1d01,data/raw_petfinder/train_images/92caf1d01-1.jpg,train,Mixed Breed,,0.6269151165427371,1,Alto,OOF desarrollo
37bf6da18,data/raw_petfinder/train_images/37bf6da18-1.jpg,train,Golden Retriever,Rottweiler,0.3580954941393238,0,Bajo,OOF desarrollo
24d9b76ae,data/raw_petfinder/train_images/24d9b76ae-1.jpg,test,Mixed Breed,,0.4436055484312716,1,Bajo,Test fuera de muestra
c0ca6dd73,data/raw_petfinder/train_images/c0ca6dd73-1.jpg,train,Mixed Breed,,0.5602720793341232,1,Medio,OOF desarrollo
6f72c46b5,data/raw_petfinder/train_images/6f72c46b5-1.jpg,train,Mixed Breed,Mixed Breed,0.7377543296164699,1,Alto,OOF desarrollo
c8fc0d746,data/raw_petfinder/train_images/c8fc0d746-1.jpg,train,German Shepherd Dog,Mixed Breed,0.4203875084520738,1,Bajo,OOF desarrollo
7b8924342,data/raw_petfinder/train_images/7b8924342-1.jpg,test,Labrador Retriever,,0.3680774294277573,0,Bajo,Test fuera de muestra
b8bf2c090,data/raw_petfinder/train_images/b8bf2c090-1.jpg,train,Mixed Breed,,0.8549051601655433,1,Alto,OOF desarrollo
44bba906d,data/raw_petfinder/train_images/44bba906d-1.jpg,train,Mixed Breed,,0.639651187839405,1,Alto,OOF desarrollo
7d1d7a4f6,data/raw_petfinder/train_images/7d1d7a4f6-1.jpg,test,Mixed Breed,,0.4395768419434261,1,Bajo,Test fuera de muestra
fbaec0999,data/raw_petfinder/train_images/fbaec0999-1.jpg,train,Mixed Breed,Mixed Breed,0.2847205432007436,0,Bajo,OOF desarrollo
43b277272,data/raw_petfinder/train_images/43b277272-1.jpg,train,Chihuahua,Jack Russell Terrier,0.5383266065860649,1,Medio,OOF desarrollo
36cc00cf3,data/raw_petfinder/train_images/36cc00cf3-1.jpg,train,Doberman Pinscher,Labrador Retriever,0.4839760270529687,1,Medio,OOF desarrollo
4bff9728d,data/raw_petfinder/train_images/4bff9728d-1.jpg,train,Mixed Breed,Schnauzer,0.6005390721450566,1,Medio,OOF desarrollo
77fa5cdd7,data/raw_petfinder/train_images/77fa5cdd7-1.jpg,train,Golden Retriever,Golden Retriever,0.3071031978150588,0,Bajo,OOF desarrollo
a76983523,data/raw_petfinder/train_images/a76983523-1.jpg,test,Mixed Breed,Spitz,0.6197017535806375,1,Alto,Test fuera de muestra
c60e6aff7,data/raw_petfinder/train_images/c60e6aff7-1.jpg,valid,Mixed Breed,Mixed Breed,0.4073766235586931,1,Bajo,OOF desarrollo
3304185a1,data/raw_petfinder/train_images/3304185a1-1.jpg,test,Mixed Breed,,0.626781057685587,1,Alto,Test fuera de muestra
d7dc2efde,data/raw_petfinder/train_images/d7dc2efde-1.jpg,train,Rat Terrier,,0.3172108572435183,0,Bajo,OOF desarrollo
59b224cc9,data/raw_petfinder/train_images/59b224cc9-1.jpg,test,Mixed Breed,,0.4184772815247308,1,Bajo,Test fuera de muestra
32ef0472e,data/raw_petfinder/train_images/32ef0472e-1.jpg,valid,Golden Retriever,Mixed Breed,0.442591113764527,1,Bajo,OOF desarrollo
4f7aa1d3c,data/raw_petfinder/train_images/4f7aa1d3c-1.jpg,train,Mixed Breed,,0.7228923875344984,1,Alto,OOF desarrollo
8b63e1b21,data/raw_petfinder/train_images/8b63e1b21-1.jpg,train,Mixed Breed,,0.4251913782077419,1,Bajo,OOF desarrollo
7395053bc,data/raw_petfinder/train_images/7395053bc-1.jpg,train,Mixed Breed,,0.5952831927108823,1,Medio,OOF desarrollo
88030e16e,data/raw_petfinder/train_images/88030e16e-1.jpg,train,Mixed Breed,,0.4724537726965926,1,Medio,OOF desarrollo
694caa813,data/raw_petfinder/train_images/694caa813-1.jpg,test,Mixed Breed,,0.7483067093156226,1,Alto,Test fuera de muestra
4eb61ccb3,data/raw_petfinder/train_images/4eb61ccb3-1.jpg,valid,Mixed Breed,,0.6401939567248349,1,Alto,OOF desarrollo
99558286a,data/raw_petfinder/train_images/99558286a-1.jpg,valid,Mixed Breed,Mixed Breed,0.5858455108422091,1,Medio,OOF desarrollo
7f8955f6a,data/raw_petfinder/train_images/7f8955f6a-1.jpg,train,Shih Tzu,,0.3642514862668523,0,Bajo,OOF desarrollo
9397426ea,data/raw_petfinder/train_images/9397426ea-1.jpg,train,Terrier,,0.4396741197562613,1,Bajo,OOF desarrollo
cb9cffdff,data/raw_petfinder/train_images/cb9cffdff-1.jpg,valid,Mixed Breed,Miniature Pinscher,0.6043283416569738,1,Medio,OOF desarrollo
11960b9ed,data/raw_petfinder/train_images/11960b9ed-1.jpg,valid,Mixed Breed,,0.8141534709191334,1,Alto,OOF desarrollo
9dd9f107d,data/raw_petfinder/train_images/9dd9f107d-1.jpg,train,Mixed Breed,,0.5045230397569519,1,Medio,OOF desarrollo
58fe1756c,data/raw_petfinder/train_images/58fe1756c-1.jpg,train,Mixed Breed,,0.3787469799634874,0,Bajo,OOF desarrollo
ebbf04d10,data/raw_petfinder/train_images/ebbf04d10-1.jpg,valid,Mixed Breed,,0.5037177267959843,1,Medio,OOF desarrollo
30dbb2e50,data/raw_petfinder/train_images/30dbb2e50-1.jpg,train,Mixed Breed,,0.5164465043210791,1,Medio,OOF desarrollo
3536e1efd,data/raw_petfinder/train_images/3536e1efd-1.jpg,train,Mixed Breed,Terrier,0.5096619016561268,1,Medio,OOF desarrollo
de993d8ad,data/raw_petfinder/train_images/de993d8ad-1.jpg,train,Chihuahua,,0.2876081680705544,0,Bajo,OOF desarrollo
d8c1859cb,data/raw_petfinder/train_images/d8c1859cb-1.jpg,test,Mixed Breed,Collie,0.2574163609174202,0,Bajo,Test fuera de muestra
9ef475fbe,data/raw_petfinder/train_images/9ef475fbe-1.jpg,train,Mixed Breed,,0.5593916272381209,1,Medio,OOF desarrollo
7ca780c35,data/raw_petfinder/train_images/7ca780c35-1.jpg,train,Mixed Breed,Mixed Breed,0.4931296080568854,1,Medio,OOF desarrollo
c039154f9,data/raw_petfinder/train_images/c039154f9-1.jpg,valid,Mixed Breed,,0.3378404191810957,0,Bajo,OOF desarrollo
4be73c550,data/raw_petfinder/train_images/4be73c550-1.jpg,train,Schnauzer,,0.2076186724840396,0,Bajo,OOF desarrollo
4683d863b,data/raw_petfinder/train_images/4683d863b-1.jpg,train,Mixed Breed,Labrador Retriever,0.3626672489570413,0,Bajo,OOF desarrollo
ff05d4438,data/raw_petfinder/train_images/ff05d4438-1.jpg,train,Mixed Breed,,0.6705709789562244,1,Alto,OOF desarrollo
79b514f79,data/raw_petfinder/train_images/79b514f79-1.jpg,train,Dalmatian,Dalmatian,0.4994480559839044,1,Medio,OOF desarrollo
4e7a22c99,data/raw_petfinder/train_images/4e7a22c99-1.jpg,train,Mixed Breed,Mixed Breed,0.7380160113540667,1,Alto,OOF desarrollo
8c36b62a9,data/raw_petfinder/train_images/8c36b62a9-1.jpg,train,Mixed Breed,Golden Retriever,0.6397259612841943,1,Alto,OOF desarrollo
6d59be88d,data/raw_petfinder/train_images/6d59be88d-1.jpg,valid,Mixed Breed,Mixed Breed,0.4428521460018477,1,Bajo,OOF desarrollo
181fb7dae,data/raw_petfinder/train_images/181fb7dae-1.jpg,test,Mixed Breed,,0.3167288331071798,0,Bajo,Test fuera de muestra
1aef9fc86,data/raw_petfinder/train_images/1aef9fc86-1.jpg,train,Mixed Breed,,0.5745191566398417,1,Medio,OOF desarrollo
b386bb45c,data/raw_petfinder/train_images/b386bb45c-1.jpg,test,Beagle,,0.5735228586208628,1,Medio,Test fuera de muestra
b7fa5b815,data/raw_petfinder/train_images/b7fa5b815-1.jpg,train,Mixed Breed,,0.3599479353344527,0,Bajo,OOF desarrollo
070faf086,data/raw_petfinder/train_images/070faf086-1.jpg,train,Mixed Breed,,0.7099520771297249,1,Alto,OOF desarrollo
36a216956,data/raw_petfinder/train_images/36a216956-1.jpg,test,Schnauzer,,0.557863065448857,1,Medio,Test fuera de muestra
ae524a36a,data/raw_petfinder/train_images/ae524a36a-1.jpg,train,Mixed Breed,,0.4538380543516103,1,Bajo,OOF desarrollo
154d24447,data/raw_petfinder/train_images/154d24447-1.jpg,train,Kuvasz,Husky,0.3633854857766321,0,Bajo,OOF desarrollo
9e0b14cf6,data/raw_petfinder/train_images/9e0b14cf6-1.jpg,valid,Mixed Breed,,0.6450323510851013,1,Alto,OOF desarrollo
80fcac43d,data/raw_petfinder/train_images/80fcac43d-1.jpg,train,Mixed Breed,,0.4900330878549708,1,Medio,OOF desarrollo
a2b42f2e5,data/raw_petfinder/train_images/a2b42f2e5-1.jpg,train,Poodle,,0.3847361992396629,0,Bajo,OOF desarrollo
0baab7556,data/raw_petfinder/train_images/0baab7556-1.jpg,train,Mixed Breed,Mixed Breed,0.5038287032220002,1,Medio,OOF desarrollo
e825b8b9f,data/raw_petfinder/train_images/e825b8b9f-1.jpg,valid,Mixed Breed,,0.5863099852099274,1,Medio,OOF desarrollo
14357e2ed,data/raw_petfinder/train_images/14357e2ed-1.jpg,train,Mixed Breed,,0.2983042427615007,0,Bajo,OOF desarrollo
056437112,data/raw_petfinder/train_images/056437112-1.jpg,test,Mixed Breed,Mixed Breed,0.4315318319806103,1,Bajo,Test fuera de muestra
abc69ab7f,data/raw_petfinder/train_images/abc69ab7f-1.jpg,train,Cocker Spaniel,,0.5386536633146505,1,Medio,OOF desarrollo
dd5797b7f,data/raw_petfinder/train_images/dd5797b7f-1.jpg,train,Mixed Breed,Mixed Breed,0.5020340402697698,1,Medio,OOF desarrollo
28c005011,data/raw_petfinder/train_images/28c005011-1.jpg,train,Mixed Breed,,0.414531791156695,1,Bajo,OOF desarrollo
dc0ee2c73,data/raw_petfinder/train_images/dc0ee2c73-1.jpg,valid,Mixed Breed,,0.6590690753643691,1,Alto,OOF desarrollo
124f45c2b,data/raw_petfinder/train_images/124f45c2b-1.jpg,test,Mixed Breed,Mixed Breed,0.2608477856229958,0,Bajo,Test fuera de muestra
bcf13ec9d,data/raw_petfinder/train_images/bcf13ec9d-1.jpg,test,Golden Retriever,,0.3384108048059301,0,Bajo,Test fuera de muestra
2d33077f2,data/raw_petfinder/train_images/2d33077f2-1.jpg,train,Mixed Breed,Mixed Breed,0.7298109088581277,1,Alto,OOF desarrollo
842528c2a,data/raw_petfinder/train_images/842528c2a-1.jpg,valid,Mixed Breed,,0.4028529742988722,1,Bajo,OOF desarrollo
96a1bce27,data/raw_petfinder/train_images/96a1bce27-1.jpg,test,Mixed Breed,Mixed Breed,0.5869861863699628,1,Medio,Test fuera de muestra
d2dd62cf2,data/raw_petfinder/train_images/d2dd62cf2-1.jpg,train,Labrador Retriever,Mixed Breed,0.3043271664277941,0,Bajo,OOF desarrollo
53549acd2,data/raw_petfinder/train_images/53549acd2-1.jpg,valid,Mixed Breed,,0.6772311847980574,1,Alto,OOF desarrollo
f981112a8,data/raw_petfinder/train_images/f981112a8-1.jpg,train,Mixed Breed,,0.4813866499891664,1,Medio,OOF desarrollo
d83aa1f02,data/raw_petfinder/train_images/d83aa1f02-1.jpg,valid,Siberian Husky,Golden Retriever,0.5654879782697386,1,Medio,OOF desarrollo
9e27976e9,data/raw_petfinder/train_images/9e27976e9-1.jpg,train,Mixed Breed,,0.6663936403332907,1,Alto,OOF desarrollo
3a67f200f,data/raw_petfinder/train_images/3a67f200f-1.jpg,train,Mixed Breed,,0.4808129268952685,1,Medio,OOF desarrollo
c93c0faa3,data/raw_petfinder/train_images/c93c0faa3-1.jpg,train,Mixed Breed,,0.4329539478819283,1,Bajo,OOF desarrollo
c9439e71b,data/raw_petfinder/train_images/c9439e71b-1.jpg,train,Mixed Breed,,0.3800131549407986,0,Bajo,OOF desarrollo
9725bf4d2,data/raw_petfinder/train_images/9725bf4d2-1.jpg,train,Mixed Breed,,0.7145274371491,1,Alto,OOF desarrollo
a58d8080b,data/raw_petfinder/train_images/a58d8080b-1.jpg,train,Mixed Breed,,0.4957822874852602,1,Medio,OOF desarrollo
796774834,data/raw_petfinder/train_images/796774834-1.jpg,train,Mixed Breed,,0.5007469304704982,1,Medio,OOF desarrollo
db635ae93,data/raw_petfinder/train_images/db635ae93-1.jpg,train,Mixed Breed,,0.5271631255923444,1,Medio,OOF desarrollo
137916924,data/raw_petfinder/train_images/137916924-1.jpg,test,Mixed Breed,,0.3858591499491781,0,Bajo,Test fuera de muestra
30e66b835,data/raw_petfinder/train_images/30e66b835-1.jpg,train,Mixed Breed,,0.6834452175066004,1,Alto,OOF desarrollo
1bd200942,data/raw_petfinder/train_images/1bd200942-1.jpg,test,Mixed Breed,,0.6614788377702763,1,Alto,Test fuera de muestra
ff7ff0f3c,data/raw_petfinder/train_images/ff7ff0f3c-1.jpg,train,Mixed Breed,,0.4426551069086886,1,Bajo,OOF desarrollo
64568c4a6,data/raw_petfinder/train_images/64568c4a6-1.jpg,test,Terrier,,0.6739663021613866,1,Alto,Test fuera de muestra
caf3220f8,data/raw_petfinder/train_images/caf3220f8-1.jpg,train,Mixed Breed,Mixed Breed,0.6873745996287445,1,Alto,OOF desarrollo
2d837689d,data/raw_petfinder/train_images/2d837689d-1.jpg,valid,Mixed Breed,,0.6652710882625775,1,Alto,OOF desarrollo
cc8bf5e79,data/raw_petfinder/train_images/cc8bf5e79-1.jpg,train,Mixed Breed,,0.3453941701108324,0,Bajo,OOF desarrollo
4a8caef08,data/raw_petfinder/train_images/4a8caef08-1.jpg,train,Mixed Breed,,0.7841946923649808,1,Alto,OOF desarrollo
642a88a93,data/raw_petfinder/train_images/642a88a93-1.jpg,train,Miniature Pinscher,,0.4803636852503504,1,Medio,OOF desarrollo
5f2edae7c,data/raw_petfinder/train_images/5f2edae7c-1.jpg,train,Mixed Breed,Terrier,0.4744456219155381,1,Medio,OOF desarrollo
a22c43e29,data/raw_petfinder/train_images/a22c43e29-1.jpg,test,Mixed Breed,,0.4989789282664622,1,Medio,Test fuera de muestra
92c2878db,data/raw_petfinder/train_images/92c2878db-1.jpg,train,Mixed Breed,Mixed Breed,0.6071243778977308,1,Alto,OOF desarrollo
d0b61aedc,data/raw_petfinder/train_images/d0b61aedc-1.jpg,test,Mixed Breed,,0.5416806497242457,1,Medio,Test fuera de muestra
bd5ac00df,data/raw_petfinder/train_images/bd5ac00df-1.jpg,test,Doberman Pinscher,,0.4636362287018332,1,Medio,Test fuera de muestra
2db6c996b,data/raw_petfinder/train_images/2db6c996b-1.jpg,train,Mixed Breed,,0.3874582185160786,0,Bajo,OOF desarrollo
f7af4ce3d,data/raw_petfinder/train_images/f7af4ce3d-1.jpg,test,Mixed Breed,,0.620641470443757,1,Alto,Test fuera de muestra
102482c40,data/raw_petfinder/train_images/102482c40-1.jpg,train,Mixed Breed,Mixed Breed,0.8287961875118023,1,Alto,OOF desarrollo
7d028bdea,data/raw_petfinder/train_images/7d028bdea-1.jpg,train,Mixed Breed,,0.4412342374260299,1,Bajo,OOF desarrollo
c6556750a,data/raw_petfinder/train_images/c6556750a-1.jpg,train,Shar Pei,Mixed Breed,0.4567847864180124,1,Bajo,OOF desarrollo
defc7be05,data/raw_petfinder/train_images/defc7be05-1.jpg,valid,Mixed Breed,,0.4712307138791294,1,Medio,OOF desarrollo
209e4f717,data/raw_petfinder/train_images/209e4f717-1.jpg,valid,Mixed Breed,Mixed Breed,0.649680060602625,1,Alto,OOF desarrollo
303ecdb58,data/raw_petfinder/train_images/303ecdb58-1.jpg,train,Mixed Breed,,0.4320025002077746,1,Bajo,OOF desarrollo
4c1a9d86f,data/raw_petfinder/train_images/4c1a9d86f-1.jpg,valid,Mixed Breed,,0.5234549543627954,1,Medio,OOF desarrollo
8c17f26c4,data/raw_petfinder/train_images/8c17f26c4-1.jpg,test,German Pinscher,Mixed Breed,0.4877355619345682,1,Medio,Test fuera de muestra
7ddc32b12,data/raw_petfinder/train_images/7ddc32b12-1.jpg,valid,Beagle,,0.5447597228649207,1,Medio,OOF desarrollo
3e4f81782,data/raw_petfinder/train_images/3e4f81782-1.jpg,valid,Mixed Breed,,0.4306426272305013,1,Bajo,OOF desarrollo
f2755d8bf,data/raw_petfinder/train_images/f2755d8bf-1.jpg,train,Mixed Breed,,0.6324527778807167,1,Alto,OOF desarrollo
cad137e83,data/raw_petfinder/train_images/cad137e83-1.jpg,train,Mixed Breed,,0.445009334184007,1,Bajo,OOF desarrollo
0e8c2a1aa,data/raw_petfinder/train_images/0e8c2a1aa-1.jpg,train,Terrier,Mixed Breed,0.7334847621719924,1,Alto,OOF desarrollo
b8d244dd5,data/raw_petfinder/train_images/b8d244dd5-1.jpg,train,Pug,,0.2427476600485784,0,Bajo,OOF desarrollo
4e00cd0ac,data/raw_petfinder/train_images/4e00cd0ac-1.jpg,test,Mixed Breed,,0.5707813126184866,1,Medio,Test fuera de muestra
8563bddec,data/raw_petfinder/train_images/8563bddec-1.jpg,test,Mixed Breed,Mixed Breed,0.6707439093431415,1,Alto,Test fuera de muestra
f3b4e3f5c,data/raw_petfinder/train_images/f3b4e3f5c-1.jpg,valid,Mixed Breed,,0.640353101298469,1,Alto,OOF desarrollo
ca144ac2a,data/raw_petfinder/train_images/ca144ac2a-1.jpg,train,Mixed Breed,,0.6568827320047353,1,Alto,OOF desarrollo
b612d6ba3,data/raw_petfinder/train_images/b612d6ba3-1.jpg,train,German Shepherd Dog,Mixed Breed,0.4081138041533266,1,Bajo,OOF desarrollo
c517992c8,data/raw_petfinder/train_images/c517992c8-1.jpg,valid,Shih Tzu,,0.3018640420789603,0,Bajo,OOF desarrollo
661bcb904,data/raw_petfinder/train_images/661bcb904-1.jpg,test,Mixed Breed,,0.4822175945468537,1,Medio,Test fuera de muestra
d6e342121,data/raw_petfinder/train_images/d6e342121-1.jpg,valid,Mixed Breed,,0.7307831310892966,1,Alto,OOF desarrollo
4e01721aa,data/raw_petfinder/train_images/4e01721aa-1.jpg,test,Mixed Breed,Mixed Breed,0.7151280177027669,1,Alto,Test fuera de muestra
b90e6ec69,data/raw_petfinder/train_images/b90e6ec69-1.jpg,test,Mixed Breed,Mixed Breed,0.6615955589271723,1,Alto,Test fuera de muestra
bbff353ce,data/raw_petfinder/train_images/bbff353ce-1.jpg,train,Mixed Breed,,0.5779582931783767,1,Medio,OOF desarrollo
4a0cda147,data/raw_petfinder/train_images/4a0cda147-1.jpg,train,Lhasa Apso,,0.2634322076359408,0,Bajo,OOF desarrollo
7a54b760e,data/raw_petfinder/train_images/7a54b760e-1.jpg,train,Terrier,Mixed Breed,0.7013228399622553,1,Alto,OOF desarrollo
4c5dd1f7c,data/raw_petfinder/train_images/4c5dd1f7c-1.jpg,train,Mixed Breed,,0.4980531582818707,1,Medio,OOF desarrollo
7be394a98,data/raw_petfinder/train_images/7be394a98-1.jpg,test,Mixed Breed,Rottweiler,0.4842033241750937,1,Medio,Test fuera de muestra
87074d17f,data/raw_petfinder/train_images/87074d17f-1.jpg,train,Mixed Breed,,0.5666975298538899,1,Medio,OOF desarrollo
a578345c4,data/raw_petfinder/train_images/a578345c4-1.jpg,train,Mixed Breed,Mixed Breed,0.3408303772501702,0,Bajo,OOF desarrollo
052b0ada8,data/raw_petfinder/train_images/052b0ada8-1.jpg,train,Labrador Retriever,Mixed Breed,0.7666429873006547,1,Alto,OOF desarrollo
529025eb8,data/raw_petfinder/train_images/529025eb8-1.jpg,train,Mixed Breed,,0.492588031093099,1,Medio,OOF desarrollo
3d3aef491,data/raw_petfinder/train_images/3d3aef491-1.jpg,train,Mixed Breed,Mixed Breed,0.5610196806368354,1,Medio,OOF desarrollo
c37cd2095,data/raw_petfinder/train_images/c37cd2095-1.jpg,valid,Labrador Retriever,,0.4146244830297179,1,Bajo,OOF desarrollo
a79fe858d,data/raw_petfinder/train_images/a79fe858d-1.jpg,train,Mixed Breed,,0.4484860827511105,1,Bajo,OOF desarrollo
fd279ad95,data/raw_petfinder/train_images/fd279ad95-1.jpg,valid,Mixed Breed,,0.3161794227174205,0,Bajo,OOF desarrollo
c1ba2169b,data/raw_petfinder/train_images/c1ba2169b-1.jpg,train,Mixed Breed,,0.4467237312620253,1,Bajo,OOF desarrollo
d01e08ee2,data/raw_petfinder/train_images/d01e08ee2-1.jpg,valid,Miniature Pinscher,,0.706314695735906,1,Alto,OOF desarrollo
fc4b199fa,data/raw_petfinder/train_images/fc4b199fa-1.jpg,valid,Mixed Breed,,0.5183113091736817,1,Medio,OOF desarrollo
ed6684f3a,data/raw_petfinder/train_images/ed6684f3a-1.jpg,test,Miniature Pinscher,,0.3013144477007117,0,Bajo,Test fuera de muestra
27bf3ae34,data/raw_petfinder/train_images/27bf3ae34-1.jpg,train,Husky,,0.397613551411738,1,Bajo,OOF desarrollo
cec359a78,data/raw_petfinder/train_images/cec359a78-1.jpg,train,Mixed Breed,,0.5122844003543586,1,Medio,OOF desarrollo
ebcdfedd2,data/raw_petfinder/train_images/ebcdfedd2-1.jpg,train,Mixed Breed,,0.6146972978474485,1,Alto,OOF desarrollo
7f4fb6f7e,data/raw_petfinder/train_images/7f4fb6f7e-1.jpg,valid,Mixed Breed,Spitz,0.5822174314723774,1,Medio,OOF desarrollo
6c5f1f0a3,data/raw_petfinder/train_images/6c5f1f0a3-1.jpg,valid,German Shepherd Dog,Mixed Breed,0.732886502529886,1,Alto,OOF desarrollo
d4c9eaede,data/raw_petfinder/train_images/d4c9eaede-1.jpg,test,Mixed Breed,Mixed Breed,0.4578529013046196,1,Bajo,Test fuera de muestra
bd30ea4fa,data/raw_petfinder/train_images/bd30ea4fa-1.jpg,test,Mixed Breed,,0.6642594207801363,1,Alto,Test fuera de muestra
6dac572be,data/raw_petfinder/train_images/6dac572be-1.jpg,train,Mixed Breed,,0.4877871707867133,1,Medio,OOF desarrollo
fb0180584,data/raw_petfinder/train_images/fb0180584-1.jpg,train,Mixed Breed,,0.5164343436647356,1,Medio,OOF desarrollo
281e2d7e8,data/raw_petfinder/train_images/281e2d7e8-1.jpg,test,Mixed Breed,,0.5187377039028952,1,Medio,Test fuera de muestra
bf74b13ab,data/raw_petfinder/train_images/bf74b13ab-1.jpg,train,Mixed Breed,,0.6346488588531607,1,Alto,OOF desarrollo
02d6020a9,data/raw_petfinder/train_images/02d6020a9-1.jpg,valid,Mixed Breed,,0.4563531499408596,1,Bajo,OOF desarrollo
12f9b8e6c,data/raw_petfinder/train_images/12f9b8e6c-1.jpg,valid,Pomeranian,,0.3281334160315954,0,Bajo,OOF desarrollo
468cec390,data/raw_petfinder/train_images/468cec390-1.jpg,valid,Mixed Breed,,0.3692071298838162,0,Bajo,OOF desarrollo
b2a23ac85,data/raw_petfinder/train_images/b2a23ac85-1.jpg,train,Mixed Breed,,0.4972769457986774,1,Medio,OOF desarrollo
a92b06d0f,data/raw_petfinder/train_images/a92b06d0f-1.jpg,train,Golden Retriever,Mixed Breed,0.332112975214738,0,Bajo,OOF desarrollo
7af7d9cb6,data/raw_petfinder/train_images/7af7d9cb6-1.jpg,valid,Whippet,Mixed Breed,0.5430303969536037,1,Medio,OOF desarrollo
99558ec92,data/raw_petfinder/train_images/99558ec92-1.jpg,train,Mixed Breed,,0.5801832145356549,1,Medio,OOF desarrollo
4d20f6163,data/raw_petfinder/train_images/4d20f6163-1.jpg,test,Mixed Breed,,0.6548713428528983,1,Alto,Test fuera de muestra
d6cfa5d4b,data/raw_petfinder/train_images/d6cfa5d4b-1.jpg,train,Labrador Retriever,,0.2768833847082542,0,Bajo,OOF desarrollo
5e390710c,data/raw_petfinder/train_images/5e390710c-1.jpg,valid,English Bulldog,,0.4181585555832253,1,Bajo,OOF desarrollo
056cc22d2,data/raw_petfinder/train_images/056cc22d2-1.jpg,train,Mixed Breed,,0.4705763471746395,1,Medio,OOF desarrollo
204a3b926,data/raw_petfinder/train_images/204a3b926-1.jpg,train,Beagle,Mixed Breed,0.6940176769435966,1,Alto,OOF desarrollo
640e18ef0,data/raw_petfinder/train_images/640e18ef0-1.jpg,train,Mixed Breed,,0.401142504074132,1,Bajo,OOF desarrollo
b63d76ef4,data/raw_petfinder/train_images/b63d76ef4-1.jpg,train,Mixed Breed,Mixed Breed,0.5656951500054851,1,Medio,OOF desarrollo
8435e081c,data/raw_petfinder/train_images/8435e081c-1.jpg,valid,Mixed Breed,Mixed Breed,0.3517633280337785,0,Bajo,OOF desarrollo
9c580ca06,data/raw_petfinder/train_images/9c580ca06-1.jpg,test,Mixed Breed,,0.6816839928642168,1,Alto,Test fuera de muestra
706c85343,data/raw_petfinder/train_images/706c85343-1.jpg,test,Bull Terrier,Mixed Breed,0.3454776626215271,0,Bajo,Test fuera de muestra
94fa9ff25,data/raw_petfinder/train_images/94fa9ff25-1.jpg,train,Mixed Breed,,0.5163820072594026,1,Medio,OOF desarrollo
06bf9e676,data/raw_petfinder/train_images/06bf9e676-1.jpg,train,Golden Retriever,,0.4507535553243106,1,Bajo,OOF desarrollo
e25d4dcb1,data/raw_petfinder/train_images/e25d4dcb1-1.jpg,train,Mixed Breed,,0.4441373078829905,1,Bajo,OOF desarrollo
5c810c552,data/raw_petfinder/train_images/5c810c552-1.jpg,train,Mixed Breed,,0.6946118362593496,1,Alto,OOF desarrollo
54c2d49bb,data/raw_petfinder/train_images/54c2d49bb-1.jpg,train,Mixed Breed,,0.4549235191684394,1,Bajo,OOF desarrollo
30dd541af,data/raw_petfinder/train_images/30dd541af-1.jpg,train,Mixed Breed,,0.4622049118438562,1,Medio,OOF desarrollo
3209cdc3c,data/raw_petfinder/train_images/3209cdc3c-1.jpg,train,Mixed Breed,,0.8160866310826225,1,Alto,OOF desarrollo
9b980624e,data/raw_petfinder/train_images/9b980624e-1.jpg,train,Mixed Breed,,0.4267487798355518,1,Bajo,OOF desarrollo
6f3e5cbd8,data/raw_petfinder/train_images/6f3e5cbd8-1.jpg,test,Mixed Breed,,0.3903772132766738,1,Bajo,Test fuera de muestra
4669945ed,data/raw_petfinder/train_images/4669945ed-1.jpg,train,Mixed Breed,Spitz,0.7288217001671105,1,Alto,OOF desarrollo
1b932e373,data/raw_petfinder/train_images/1b932e373-1.jpg,train,Mixed Breed,German Shepherd Dog,0.3961869866676906,1,Bajo,OOF desarrollo
59e24567e,data/raw_petfinder/train_images/59e24567e-1.jpg,test,Mixed Breed,,0.6347276856796911,1,Alto,Test fuera de muestra
50361acf5,data/raw_petfinder/train_images/50361acf5-1.jpg,train,Mixed Breed,,0.7747371026037182,1,Alto,OOF desarrollo
50e35cd70,data/raw_petfinder/train_images/50e35cd70-1.jpg,train,Shih Tzu,,0.3718686235393,0,Bajo,OOF desarrollo
76288167b,data/raw_petfinder/train_images/76288167b-1.jpg,train,Mixed Breed,,0.7756196802828226,1,Alto,OOF desarrollo
f93283e0c,data/raw_petfinder/train_images/f93283e0c-1.jpg,train,Mixed Breed,,0.7601635192514913,1,Alto,OOF desarrollo
6be0a8fcd,data/raw_petfinder/train_images/6be0a8fcd-1.jpg,test,Mixed Breed,,0.7314484614013678,1,Alto,Test fuera de muestra
151d50f53,data/raw_petfinder/train_images/151d50f53-1.jpg,test,Mixed Breed,,0.2327139006607069,0,Bajo,Test fuera de muestra
a81084ff0,data/raw_petfinder/train_images/a81084ff0-1.jpg,valid,Mixed Breed,,0.6483678139982678,1,Alto,OOF desarrollo
c712cfd20,data/raw_petfinder/train_images/c712cfd20-1.jpg,train,Mixed Breed,,0.2712340170037473,0,Bajo,OOF desarrollo
467614705,data/raw_petfinder/train_images/467614705-1.jpg,train,Mixed Breed,,0.6785088943428335,1,Alto,OOF desarrollo
88ac92eed,data/raw_petfinder/train_images/88ac92eed-1.jpg,train,Mixed Breed,,0.5670486402191269,1,Medio,OOF desarrollo
9fa760b69,data/raw_petfinder/train_images/9fa760b69-1.jpg,train,Mixed Breed,,0.7173308842706101,1,Alto,OOF desarrollo
04e7d89c0,data/raw_petfinder/train_images/04e7d89c0-1.jpg,train,Shih Tzu,,0.4035369819738564,1,Bajo,OOF desarrollo
93f758039,data/raw_petfinder/train_images/93f758039-1.jpg,test,Mixed Breed,,0.4363457931089546,1,Bajo,Test fuera de muestra
85b57bb1e,data/raw_petfinder/train_images/85b57bb1e-1.jpg,test,Mixed Breed,,0.7874487996986577,1,Alto,Test fuera de muestra
0bc3f09be,data/raw_petfinder/train_images/0bc3f09be-1.jpg,train,Rottweiler,,0.3881464340676099,0,Bajo,OOF desarrollo
32148e0fc,data/raw_petfinder/train_images/32148e0fc-1.jpg,train,Spitz,,0.3558585161580319,0,Bajo,OOF desarrollo
da8d4a273,data/raw_petfinder/train_images/da8d4a273-1.jpg,valid,,Mixed Breed,0.6823276380004062,1,Alto,OOF desarrollo
deeea2b65,data/raw_petfinder/train_images/deeea2b65-1.jpg,valid,Mixed Breed,,0.6894399768600525,1,Alto,OOF desarrollo
12380b365,data/raw_petfinder/train_images/12380b365-1.jpg,train,Poodle,,0.3751155140928709,0,Bajo,OOF desarrollo
cc60d07c7,data/raw_petfinder/train_images/cc60d07c7-1.jpg,test,Mixed Breed,,0.7481018658845713,1,Alto,Test fuera de muestra
3a4178fe9,data/raw_petfinder/train_images/3a4178fe9-1.jpg,valid,Spitz,Mixed Breed,0.6692859220605929,1,Alto,OOF desarrollo
355743336,data/raw_petfinder/train_images/355743336-1.jpg,train,Mixed Breed,,0.3714249924503748,0,Bajo,OOF desarrollo
97db95d21,data/raw_petfinder/train_images/97db95d21-1.jpg,train,Mixed Breed,,0.5661940582725364,1,Medio,OOF desarrollo
e42dc215d,data/raw_petfinder/train_images/e42dc215d-1.jpg,train,Silky Terrier,,0.5436581936511243,1,Medio,OOF desarrollo
2b5a3c81d,data/raw_petfinder/train_images/2b5a3c81d-1.jpg,train,Golden Retriever,,0.5906790099408095,1,Medio,OOF desarrollo
6029bf590,data/raw_petfinder/train_images/6029bf590-1.jpg,valid,Mixed Breed,Mixed Breed,0.869897133519516,1,Alto,OOF desarrollo
78ad8f1a2,data/raw_petfinder/train_images/78ad8f1a2-1.jpg,train,Collie,Mixed Breed,0.3125479436519981,0,Bajo,OOF desarrollo
3089a5bd8,data/raw_petfinder/train_images/3089a5bd8-1.jpg,valid,Poodle,,0.3388641689757371,0,Bajo,OOF desarrollo
cb5597fb1,data/raw_petfinder/train_images/cb5597fb1-1.jpg,train,Mixed Breed,,0.5003612432465598,1,Medio,OOF desarrollo
1a3a45096,data/raw_petfinder/train_images/1a3a45096-1.jpg,train,Mixed Breed,,0.4882815657773771,1,Medio,OOF desarrollo
382e4bddd,data/raw_petfinder/train_images/382e4bddd-1.jpg,valid,Mixed Breed,,0.7405658771498618,1,Alto,OOF desarrollo
944db63df,data/raw_petfinder/train_images/944db63df-1.jpg,valid,Mixed Breed,,0.5921504283468123,1,Medio,OOF desarrollo
1d03b6d7c,data/raw_petfinder/train_images/1d03b6d7c-1.jpg,train,Mixed Breed,,0.7170142514531213,1,Alto,OOF desarrollo
e3a5332ce,data/raw_petfinder/train_images/e3a5332ce-1.jpg,train,Mixed Breed,Collie,0.6769582613603458,1,Alto,OOF desarrollo
e5e083218,data/raw_petfinder/train_images/e5e083218-1.jpg,valid,Mixed Breed,Mixed Breed,0.3299201940614611,0,Bajo,OOF desarrollo
b75594e30,data/raw_petfinder/train_images/b75594e30-1.jpg,valid,Mixed Breed,,0.5045386982411479,1,Medio,OOF desarrollo
0bd2d5882,data/raw_petfinder/train_images/0bd2d5882-1.jpg,valid,Mixed Breed,Mixed Breed,0.4984867737631274,1,Medio,OOF desarrollo
ea319fdec,data/raw_petfinder/train_images/ea319fdec-1.jpg,test,Mixed Breed,,0.4732673312927875,1,Medio,Test fuera de muestra
300337abe,data/raw_petfinder/train_images/300337abe-1.jpg,train,Mixed Breed,,0.4670585204618072,1,Medio,OOF desarrollo
90a967a14,data/raw_petfinder/train_images/90a967a14-1.jpg,train,Chihuahua,,0.4333918646493441,1,Bajo,OOF desarrollo
76358e754,data/raw_petfinder/train_images/76358e754-1.jpg,test,Mixed Breed,,0.5739891097362103,1,Medio,Test fuera de muestra
8dd958339,data/raw_petfinder/train_images/8dd958339-1.jpg,train,Mixed Breed,,0.4133600844188315,1,Bajo,OOF desarrollo
796382bf4,data/raw_petfinder/train_images/796382bf4-1.jpg,valid,Mixed Breed,Mixed Breed,0.7095253872511227,1,Alto,OOF desarrollo
81a176a02,data/raw_petfinder/train_images/81a176a02-1.jpg,train,Mixed Breed,,0.5902904092612962,1,Medio,OOF desarrollo
67e7da152,data/raw_petfinder/train_images/67e7da152-1.jpg,valid,Mixed Breed,,0.5474892290170095,1,Medio,OOF desarrollo
d721ed589,data/raw_petfinder/train_images/d721ed589-1.jpg,train,Mixed Breed,,0.3990890560957431,1,Bajo,OOF desarrollo
1a018ef15,data/raw_petfinder/train_images/1a018ef15-1.jpg,train,German Shepherd Dog,Mixed Breed,0.5108331605533626,1,Medio,OOF desarrollo
1bb0600a7,data/raw_petfinder/train_images/1bb0600a7-1.jpg,test,Yellow Labrador Retriever,Mixed Breed,0.5787312422574427,1,Medio,Test fuera de muestra
e04df6caf,data/raw_petfinder/train_images/e04df6caf-1.jpg,test,Mixed Breed,,0.6060273708222177,1,Alto,Test fuera de muestra
faf6a8cd0,data/raw_petfinder/train_images/faf6a8cd0-1.jpg,train,Mixed Breed,Mixed Breed,0.801013375151947,1,Alto,OOF desarrollo
86d203b94,data/raw_petfinder/train_images/86d203b94-1.jpg,valid,Terrier,Mixed Breed,0.5849095621042076,1,Medio,OOF desarrollo
2e6fc0342,data/raw_petfinder/train_images/2e6fc0342-1.jpg,valid,Mixed Breed,Mixed Breed,0.7356165326501669,1,Alto,OOF desarrollo
f849d1829,data/raw_petfinder/train_images/f849d1829-1.jpg,valid,Mixed Breed,,0.5093131729748231,1,Medio,OOF desarrollo
32918fcdf,data/raw_petfinder/train_images/32918fcdf-1.jpg,train,Terrier,,0.5114955695458535,1,Medio,OOF desarrollo
abdeff83f,data/raw_petfinder/train_images/abdeff83f-1.jpg,test,Mixed Breed,,0.791648543492268,1,Alto,Test fuera de muestra
8311f29c4,data/raw_petfinder/train_images/8311f29c4-1.jpg,valid,Mixed Breed,,0.5197054616425568,1,Medio,OOF desarrollo
69c8c9463,data/raw_petfinder/train_images/69c8c9463-1.jpg,train,Mixed Breed,Mixed Breed,0.73238998943795,1,Alto,OOF desarrollo
aefafcc66,data/raw_petfinder/train_images/aefafcc66-1.jpg,train,Mixed Breed,,0.6328277605432155,1,Alto,OOF desarrollo
228d72748,data/raw_petfinder/train_images/228d72748-1.jpg,train,Terrier,Miniature Pinscher,0.6970418204259808,1,Alto,OOF desarrollo
e21d09b79,data/raw_petfinder/train_images/e21d09b79-1.jpg,test,Beagle,,0.6773596044543959,1,Alto,Test fuera de muestra
833c51fd2,data/raw_petfinder/train_images/833c51fd2-1.jpg,train,Mixed Breed,Mixed Breed,0.7746954054873971,1,Alto,OOF desarrollo
38e12233c,data/raw_petfinder/train_images/38e12233c-1.jpg,train,Mixed Breed,,0.7805935246189721,1,Alto,OOF desarrollo
4d6a996c1,data/raw_petfinder/train_images/4d6a996c1-1.jpg,valid,Mixed Breed,,0.6726445008877484,1,Alto,OOF desarrollo
52238d3bf,data/raw_petfinder/train_images/52238d3bf-1.jpg,train,Dalmatian,Mixed Breed,0.6808388434705623,1,Alto,OOF desarrollo
e99c4a55d,data/raw_petfinder/train_images/e99c4a55d-1.jpg,train,Shih Tzu,,0.3192891062681192,0,Bajo,OOF desarrollo
727a1c793,data/raw_petfinder/train_images/727a1c793-1.jpg,train,Mixed Breed,,0.6489918057852747,1,Alto,OOF desarrollo
24afd5f54,data/raw_petfinder/train_images/24afd5f54-1.jpg,train,Spitz,Mixed Breed,0.4641949461498762,1,Medio,OOF desarrollo
d2d9924f0,data/raw_petfinder/train_images/d2d9924f0-1.jpg,train,Mixed Breed,,0.3627554720406758,0,Bajo,OOF desarrollo
5419155f2,data/raw_petfinder/train_images/5419155f2-1.jpg,train,Mixed Breed,,0.5629725647677896,1,Medio,OOF desarrollo
48f5de7e9,data/raw_petfinder/train_images/48f5de7e9-1.jpg,train,Mixed Breed,,0.5819960115639797,1,Medio,OOF desarrollo
cad1a9f54,data/raw_petfinder/train_images/cad1a9f54-1.jpg,train,Mixed Breed,,0.3592896709618257,0,Bajo,OOF desarrollo
952501bdb,data/raw_petfinder/train_images/952501bdb-1.jpg,valid,Mixed Breed,,0.7394545339848755,1,Alto,OOF desarrollo
798f4a1e4,data/raw_petfinder/train_images/798f4a1e4-1.jpg,train,Mixed Breed,,0.7503966619106334,1,Alto,OOF desarrollo
98c17f102,data/raw_petfinder/train_images/98c17f102-1.jpg,train,Mixed Breed,,0.5404669470882492,1,Medio,OOF desarrollo
4a67bf90d,data/raw_petfinder/train_images/4a67bf90d-1.jpg,train,Mixed Breed,Mixed Breed,0.453000422595593,1,Bajo,OOF desarrollo
e152df77a,data/raw_petfinder/train_images/e152df77a-1.jpg,train,Mixed Breed,,0.5305645440793523,1,Medio,OOF desarrollo
26627b528,data/raw_petfinder/train_images/26627b528-1.jpg,train,Mixed Breed,,0.515898217500405,1,Medio,OOF desarrollo
2c15f3086,data/raw_petfinder/train_images/2c15f3086-1.jpg,train,Jack Russell Terrier,Mixed Breed,0.8317172985504511,1,Alto,OOF desarrollo
ced0659f2,data/raw_petfinder/train_images/ced0659f2-1.jpg,train,Mixed Breed,Mixed Breed,0.5566535093765643,1,Medio,OOF desarrollo
bea0802eb,data/raw_petfinder/train_images/bea0802eb-1.jpg,train,Mixed Breed,,0.7371885714601506,1,Alto,OOF desarrollo
066521b34,data/raw_petfinder/train_images/066521b34-1.jpg,train,Mixed Breed,,0.3951318704938424,1,Bajo,OOF desarrollo
bd37ccdd5,data/raw_petfinder/train_images/bd37ccdd5-1.jpg,train,Jack Russell Terrier,Beagle,0.4409849797571763,1,Bajo,OOF desarrollo
35f8b4bff,data/raw_petfinder/train_images/35f8b4bff-1.jpg,train,Mixed Breed,,0.3866699772374297,0,Bajo,OOF desarrollo
5b56430cd,data/raw_petfinder/train_images/5b56430cd-1.jpg,test,Mixed Breed,,0.4155491327452049,1,Bajo,Test fuera de muestra
36ab1bdc9,data/raw_petfinder/train_images/36ab1bdc9-1.jpg,test,Chihuahua,,0.441394978624901,1,Bajo,Test fuera de muestra
d6ad64584,data/raw_petfinder/train_images/d6ad64584-1.jpg,train,Mixed Breed,Belgian Shepherd Malinois,0.2630951998869679,0,Bajo,OOF desarrollo
492fe3371,data/raw_petfinder/train_images/492fe3371-1.jpg,train,Poodle,,0.4406283252337607,1,Bajo,OOF desarrollo
4e4ba4429,data/raw_petfinder/train_images/4e4ba4429-1.jpg,train,Shih Tzu,,0.4354164282564354,1,Bajo,OOF desarrollo
d111847a0,data/raw_petfinder/train_images/d111847a0-1.jpg,train,Mixed Breed,,0.7236820188465463,1,Alto,OOF desarrollo
ab2bb4a0c,data/raw_petfinder/train_images/ab2bb4a0c-1.jpg,test,Mixed Breed,,0.4997565549143571,1,Medio,Test fuera de muestra
9e25c09b2,data/raw_petfinder/train_images/9e25c09b2-1.jpg,train,Mixed Breed,Mixed Breed,0.5959769744852048,1,Medio,OOF desarrollo
ff832cb7e,data/raw_petfinder/train_images/ff832cb7e-1.jpg,valid,Mixed Breed,,0.4422571427872267,1,Bajo,OOF desarrollo
3de6bc035,data/raw_petfinder/train_images/3de6bc035-1.jpg,train,Mixed Breed,,0.4732958393442906,1,Medio,OOF desarrollo
854319675,data/raw_petfinder/train_images/854319675-1.jpg,test,Mixed Breed,Golden Retriever,0.785783569954521,1,Alto,Test fuera de muestra
51df78553,data/raw_petfinder/train_images/51df78553-1.jpg,train,Mixed Breed,,0.6094500939546088,1,Alto,OOF desarrollo
fb8efea32,data/raw_petfinder/train_images/fb8efea32-1.jpg,test,Golden Retriever,,0.3930529549527662,1,Bajo,Test fuera de muestra
40b53f6c2,data/raw_petfinder/train_images/40b53f6c2-1.jpg,train,Mixed Breed,,0.5527973485356594,1,Medio,OOF desarrollo
9951b9762,data/raw_petfinder/train_images/9951b9762-1.jpg,train,Mixed Breed,,0.5938305141053946,1,Medio,OOF desarrollo
19d7de899,data/raw_petfinder/train_images/19d7de899-1.jpg,train,Mixed Breed,,0.5931195303867135,1,Medio,OOF desarrollo
eb42f77fd,data/raw_petfinder/train_images/eb42f77fd-1.jpg,train,Mixed Breed,,0.7386166568566908,1,Alto,OOF desarrollo
ab09748d1,data/raw_petfinder/train_images/ab09748d1-1.jpg,train,Mixed Breed,,0.4890908261311923,1,Medio,OOF desarrollo
98e211da3,data/raw_petfinder/train_images/98e211da3-1.jpg,train,Mixed Breed,,0.6796307763372744,1,Alto,OOF desarrollo
d4aa3713a,data/raw_petfinder/train_images/d4aa3713a-1.jpg,train,Mixed Breed,,0.604214210443927,1,Medio,OOF desarrollo
c0771fde0,data/raw_petfinder/train_images/c0771fde0-1.jpg,train,Mixed Breed,Mixed Breed,0.3509742195068536,0,Bajo,OOF desarrollo
009239f92,data/raw_petfinder/train_images/009239f92-1.jpg,train,Mixed Breed,,0.3954784828836533,1,Bajo,OOF desarrollo
b2056e185,data/raw_petfinder/train_images/b2056e185-1.jpg,test,Spitz,Mixed Breed,0.7284402261326945,1,Alto,Test fuera de muestra
4f678d1cf,data/raw_petfinder/train_images/4f678d1cf-1.jpg,train,Mixed Breed,,0.4635687419809317,1,Medio,OOF desarrollo
b7d753c5a,data/raw_petfinder/train_images/b7d753c5a-1.jpg,test,Dachshund,Beagle,0.3767521173796579,0,Bajo,Test fuera de muestra
2e85b81d7,data/raw_petfinder/train_images/2e85b81d7-1.jpg,test,Belgian Shepherd Malinois,Mixed Breed,0.5588503605612192,1,Medio,Test fuera de muestra
400e57095,data/raw_petfinder/train_images/400e57095-1.jpg,test,Mixed Breed,,0.6263325881610491,1,Alto,Test fuera de muestra
848c1d759,data/raw_petfinder/train_images/848c1d759-1.jpg,train,Spitz,,0.4025017246771422,1,Bajo,OOF desarrollo
6d4bdde4c,data/raw_petfinder/train_images/6d4bdde4c-1.jpg,train,Mixed Breed,Mixed Breed,0.6129243613372496,1,Alto,OOF desarrollo
ebba4f83b,data/raw_petfinder/train_images/ebba4f83b-1.jpg,valid,Mixed Breed,,0.6829847248031855,1,Alto,OOF desarrollo
4c1981df1,data/raw_petfinder/train_images/4c1981df1-1.jpg,train,West Highland White Terrier Westie,Mixed Breed,0.4996677467090998,1,Medio,OOF desarrollo
378406cf4,data/raw_petfinder/train_images/378406cf4-1.jpg,train,Mixed Breed,,0.6501156787792063,1,Alto,OOF desarrollo
c9a00b80f,data/raw_petfinder/train_images/c9a00b80f-1.jpg,train,Poodle,,0.3950751018795222,1,Bajo,OOF desarrollo
2398599fc,data/raw_petfinder/train_images/2398599fc-1.jpg,train,Mixed Breed,,0.6870419127515466,1,Alto,OOF desarrollo
27e458086,data/raw_petfinder/train_images/27e458086-1.jpg,test,Mixed Breed,Mixed Breed,0.5603725573712961,1,Medio,Test fuera de muestra
7439df9c4,data/raw_petfinder/train_images/7439df9c4-1.jpg,train,Mixed Breed,,0.6918596943427777,1,Alto,OOF desarrollo
1d777bbcd,data/raw_petfinder/train_images/1d777bbcd-1.jpg,valid,Mixed Breed,,0.6345311177023152,1,Alto,OOF desarrollo
6679c179c,data/raw_petfinder/train_images/6679c179c-1.jpg,train,Mixed Breed,German Shepherd Dog,0.5248819296584419,1,Medio,OOF desarrollo
15a491e20,data/raw_petfinder/train_images/15a491e20-1.jpg,train,Terrier,,0.5058018386087957,1,Medio,OOF desarrollo
fe3a83fe5,data/raw_petfinder/train_images/fe3a83fe5-1.jpg,valid,Schnauzer,,0.3021653175284147,0,Bajo,OOF desarrollo
e0dbd7901,data/raw_petfinder/train_images/e0dbd7901-1.jpg,train,Mixed Breed,,0.5630328955043282,1,Medio,OOF desarrollo
c93e37265,data/raw_petfinder/train_images/c93e37265-1.jpg,train,Mixed Breed,,0.6459902584661952,1,Alto,OOF desarrollo
577de26db,data/raw_petfinder/train_images/577de26db-1.jpg,train,Mixed Breed,,0.6042688483041084,1,Medio,OOF desarrollo
1076dcc35,data/raw_petfinder/train_images/1076dcc35-1.jpg,train,Pekingese,,0.208778831062881,0,Bajo,OOF desarrollo
29bf0cb2c,data/raw_petfinder/train_images/29bf0cb2c-1.jpg,train,Beagle,,0.5298110027299625,1,Medio,OOF desarrollo
5980b0699,data/raw_petfinder/train_images/5980b0699-1.jpg,test,Mixed Breed,Mixed Breed,0.4065441309433826,1,Bajo,Test fuera de muestra
d73b2a4c6,data/raw_petfinder/train_images/d73b2a4c6-1.jpg,train,Mixed Breed,,0.4324064922980048,1,Bajo,OOF desarrollo
dc20a0cea,data/raw_petfinder/train_images/dc20a0cea-1.jpg,train,Mixed Breed,,0.3761424266283859,0,Bajo,OOF desarrollo
14c6c68e2,data/raw_petfinder/train_images/14c6c68e2-1.jpg,train,Mixed Breed,,0.779313858394991,1,Alto,OOF desarrollo
6593bd2a2,data/raw_petfinder/train_images/6593bd2a2-1.jpg,valid,Mixed Breed,,0.6774753262874733,1,Alto,OOF desarrollo
afaadb62f,data/raw_petfinder/train_images/afaadb62f-1.jpg,train,Dachshund,Mixed Breed,0.6660356098260887,1,Alto,OOF desarrollo
ca39f5e93,data/raw_petfinder/train_images/ca39f5e93-1.jpg,train,Mixed Breed,,0.473213919932289,1,Medio,OOF desarrollo
1ec7dc903,data/raw_petfinder/train_images/1ec7dc903-1.jpg,test,Mixed Breed,,0.6408300205078333,1,Alto,Test fuera de muestra
a2037a7b0,data/raw_petfinder/train_images/a2037a7b0-1.jpg,train,Terrier,,0.5000083508103577,1,Medio,OOF desarrollo
227580301,data/raw_petfinder/train_images/227580301-1.jpg,train,Mixed Breed,Mixed Breed,0.6353726953304399,1,Alto,OOF desarrollo
f95b39c6f,data/raw_petfinder/train_images/f95b39c6f-1.jpg,valid,Mixed Breed,Mixed Breed,0.3749425803188739,0,Bajo,OOF desarrollo
ff10041de,data/raw_petfinder/train_images/ff10041de-1.jpg,train,Mixed Breed,,0.5529978522971725,1,Medio,OOF desarrollo
a7eb03730,data/raw_petfinder/train_images/a7eb03730-1.jpg,train,Beagle,German Shepherd Dog,0.4338942879046708,1,Bajo,OOF desarrollo
f1cc9dd25,data/raw_petfinder/train_images/f1cc9dd25-1.jpg,train,Mixed Breed,,0.6755638665972818,1,Alto,OOF desarrollo
385028a00,data/raw_petfinder/train_images/385028a00-1.jpg,valid,Great Dane,,0.4674451735303804,1,Medio,OOF desarrollo
8bcb0a0e6,data/raw_petfinder/train_images/8bcb0a0e6-1.jpg,train,Shar Pei,,0.5260281983325177,1,Medio,OOF desarrollo
bc14f3a48,data/raw_petfinder/train_images/bc14f3a48-1.jpg,train,Mixed Breed,,0.5708572480045684,1,Medio,OOF desarrollo
e92ed29c2,data/raw_petfinder/train_images/e92ed29c2-1.jpg,train,Mixed Breed,,0.3679845118513751,0,Bajo,OOF desarrollo
a655655d4,data/raw_petfinder/train_images/a655655d4-1.jpg,test,Mixed Breed,,0.6843911245341316,1,Alto,Test fuera de muestra
8140d2734,data/raw_petfinder/train_images/8140d2734-1.jpg,train,Mixed Breed,,0.7941872563902879,1,Alto,OOF desarrollo
0fe58286d,data/raw_petfinder/train_images/0fe58286d-1.jpg,train,Mixed Breed,Dachshund,0.4689981577404902,1,Medio,OOF desarrollo
f47fc05a6,data/raw_petfinder/train_images/f47fc05a6-1.jpg,test,Mixed Breed,,0.5223901682140044,1,Medio,Test fuera de muestra
62e2e9071,data/raw_petfinder/train_images/62e2e9071-1.jpg,train,Mixed Breed,,0.5045557996622819,1,Medio,OOF desarrollo
1f2c63312,data/raw_petfinder/train_images/1f2c63312-1.jpg,test,Mixed Breed,,0.6687129427154286,1,Alto,Test fuera de muestra
00648f96f,data/raw_petfinder/train_images/00648f96f-1.jpg,train,Mixed Breed,Mixed Breed,0.4570916833752083,1,Bajo,OOF desarrollo
f70a1bf5d,data/raw_petfinder/train_images/f70a1bf5d-1.jpg,train,Mixed Breed,Yorkshire Terrier Yorkie,0.2951021911057708,0,Bajo,OOF desarrollo
da5295aaf,data/raw_petfinder/train_images/da5295aaf-1.jpg,train,Mixed Breed,,0.5675406622584892,1,Medio,OOF desarrollo
afec4c35e,data/raw_petfinder/train_images/afec4c35e-1.jpg,train,Mixed Breed,,0.5455337154000627,1,Medio,OOF desarrollo
73066f6ff,data/raw_petfinder/train_images/73066f6ff-1.jpg,test,Mixed Breed,Mixed Breed,0.7636049485788755,1,Alto,Test fuera de muestra
6af981c61,data/raw_petfinder/train_images/6af981c61-1.jpg,train,Poodle,,0.369168841607739,0,Bajo,OOF desarrollo
5685ae208,data/raw_petfinder/train_images/5685ae208-1.jpg,train,Mixed Breed,,0.5036396328252002,1,Medio,OOF desarrollo
f60ee7233,data/raw_petfinder/train_images/f60ee7233-1.jpg,train,Mixed Breed,,0.4098851577884251,1,Bajo,OOF desarrollo
f67dcb4b3,data/raw_petfinder/train_images/f67dcb4b3-1.jpg,train,Mixed Breed,,0.4009900481644062,1,Bajo,OOF desarrollo
140ef35de,data/raw_petfinder/train_images/140ef35de-1.jpg,train,Mixed Breed,,0.81262960011883,1,Alto,OOF desarrollo
7f7e9db52,data/raw_petfinder/train_images/7f7e9db52-1.jpg,train,Mixed Breed,,0.8100382334193954,1,Alto,OOF desarrollo
28ec2de89,data/raw_petfinder/train_images/28ec2de89-1.jpg,train,Mixed Breed,Mixed Breed,0.2797013150356552,0,Bajo,OOF desarrollo
d50b449f0,data/raw_petfinder/train_images/d50b449f0-1.jpg,train,Mixed Breed,,0.5891754303169414,1,Medio,OOF desarrollo
5d2f7761c,data/raw_petfinder/train_images/5d2f7761c-1.jpg,train,Doberman Pinscher,,0.5012429096574481,1,Medio,OOF desarrollo
cf795bb00,data/raw_petfinder/train_images/cf795bb00-1.jpg,train,Mixed Breed,,0.5305019911332904,1,Medio,OOF desarrollo
896bb46bd,data/raw_petfinder/train_images/896bb46bd-1.jpg,train,Terrier,Terrier,0.4147181933016169,1,Bajo,OOF desarrollo
f6c91bc20,data/raw_petfinder/train_images/f6c91bc20-1.jpg,train,Mixed Breed,,0.7178818367769563,1,Alto,OOF desarrollo
c0bc43dd6,data/raw_petfinder/train_images/c0bc43dd6-1.jpg,train,Golden Retriever,Mixed Breed,0.6562321531903406,1,Alto,OOF desarrollo
85094deda,data/raw_petfinder/train_images/85094deda-1.jpg,train,Mixed Breed,,0.580591981812669,1,Medio,OOF desarrollo
edef78673,data/raw_petfinder/train_images/edef78673-1.jpg,train,Spitz,,0.4755079696300734,1,Medio,OOF desarrollo
95a89f5f2,data/raw_petfinder/train_images/95a89f5f2-1.jpg,train,Mixed Breed,,0.6901448769041196,1,Alto,OOF desarrollo
61dc8345a,data/raw_petfinder/train_images/61dc8345a-1.jpg,train,Shih Tzu,Shih Tzu,0.2965184628497274,0,Bajo,OOF desarrollo
bde802b84,data/raw_petfinder/train_images/bde802b84-1.jpg,valid,Mixed Breed,,0.8255200133884977,1,Alto,OOF desarrollo
125522846,data/raw_petfinder/train_images/125522846-1.jpg,test,Mixed Breed,Terrier,0.4845257323479123,1,Medio,Test fuera de muestra
4a1702099,data/raw_petfinder/train_images/4a1702099-1.jpg,test,Mixed Breed,German Shepherd Dog,0.6833782629880221,1,Alto,Test fuera de muestra
29aa0b74b,data/raw_petfinder/train_images/29aa0b74b-1.jpg,train,Spitz,Border Collie,0.6579415976728094,1,Alto,OOF desarrollo
eea15297e,data/raw_petfinder/train_images/eea15297e-1.jpg,train,Mixed Breed,,0.336130548383624,0,Bajo,OOF desarrollo
b421d0d48,data/raw_petfinder/train_images/b421d0d48-1.jpg,train,Spitz,Mixed Breed,0.5950802260632326,1,Medio,OOF desarrollo
e1f08c5b2,data/raw_petfinder/train_images/e1f08c5b2-1.jpg,train,Mixed Breed,,0.7009799024648182,1,Alto,OOF desarrollo
611970ebc,data/raw_petfinder/train_images/611970ebc-1.jpg,train,Jack Russell Terrier (Parson Russell Terrier),,0.4638836789628932,1,Medio,OOF desarrollo
e25112cac,data/raw_petfinder/train_images/e25112cac-1.jpg,train,Mixed Breed,,0.7777277026870031,1,Alto,OOF desarrollo
29466dcf4,data/raw_petfinder/train_images/29466dcf4-1.jpg,test,Mixed Breed,,0.3557121959235909,0,Bajo,Test fuera de muestra
5bc5b43ae,data/raw_petfinder/train_images/5bc5b43ae-1.jpg,train,Mixed Breed,,0.5225769635682163,1,Medio,OOF desarrollo
6348b55cb,data/raw_petfinder/train_images/6348b55cb-1.jpg,train,Mixed Breed,,0.4800331548117077,1,Medio,OOF desarrollo
71f245b82,data/raw_petfinder/train_images/71f245b82-1.jpg,train,Mixed Breed,,0.6629240328537418,1,Alto,OOF desarrollo
245434d5d,data/raw_petfinder/train_images/245434d5d-1.jpg,train,Mixed Breed,Mixed Breed,0.7357179965954022,1,Alto,OOF desarrollo
c70a3fcc5,data/raw_petfinder/train_images/c70a3fcc5-1.jpg,valid,Spitz,,0.5494542119648178,1,Medio,OOF desarrollo
dbc39e84b,data/raw_petfinder/train_images/dbc39e84b-1.jpg,test,Mixed Breed,,0.6599441232718631,1,Alto,Test fuera de muestra
f0057428e,data/raw_petfinder/train_images/f0057428e-1.jpg,train,Golden Retriever,,0.2437735980775206,0,Bajo,OOF desarrollo
3afe6f1fc,data/raw_petfinder/train_images/3afe6f1fc-1.jpg,test,Mixed Breed,Mixed Breed,0.6542703808741459,1,Alto,Test fuera de muestra
70be9c861,data/raw_petfinder/train_images/70be9c861-1.jpg,train,Mixed Breed,,0.6000100347610517,1,Medio,OOF desarrollo
2931d3eac,data/raw_petfinder/train_images/2931d3eac-1.jpg,test,Mixed Breed,Mixed Breed,0.476216331096576,1,Medio,Test fuera de muestra
f77452d59,data/raw_petfinder/train_images/f77452d59-1.jpg,train,Mixed Breed,,0.3861742432524957,0,Bajo,OOF desarrollo
2f72b9f33,data/raw_petfinder/train_images/2f72b9f33-1.jpg,test,Mixed Breed,,0.4762324365143062,1,Medio,Test fuera de muestra
a662626a6,data/raw_petfinder/train_images/a662626a6-1.jpg,train,Poodle,,0.3006273365226456,0,Bajo,OOF desarrollo
e21ecf520,data/raw_petfinder/train_images/e21ecf520-1.jpg,valid,Doberman Pinscher,Mixed Breed,0.343324523074091,0,Bajo,OOF desarrollo
077001793,data/raw_petfinder/train_images/077001793-1.jpg,train,Wheaten Terrier,,0.5218072406025331,1,Medio,OOF desarrollo
689e4e3bf,data/raw_petfinder/train_images/689e4e3bf-1.jpg,train,Mixed Breed,,0.4816238695436158,1,Medio,OOF desarrollo
310ea711c,data/raw_petfinder/train_images/310ea711c-1.jpg,train,Mixed Breed,,0.4513797425740452,1,Bajo,OOF desarrollo
1f949d065,data/raw_petfinder/train_images/1f949d065-1.jpg,valid,Mixed Breed,,0.784686555199201,1,Alto,OOF desarrollo
1dcb1fe2f,data/raw_petfinder/train_images/1dcb1fe2f-1.jpg,train,Mixed Breed,Mixed Breed,0.4556587168398977,1,Bajo,OOF desarrollo
9b251f717,data/raw_petfinder/train_images/9b251f717-1.jpg,train,Mixed Breed,Mixed Breed,0.6696290043543893,1,Alto,OOF desarrollo
c49629a90,data/raw_petfinder/train_images/c49629a90-1.jpg,valid,Mixed Breed,,0.7457472963806624,1,Alto,OOF desarrollo
bda912e4e,data/raw_petfinder/train_images/bda912e4e-1.jpg,train,Rottweiler,,0.306118044264276,0,Bajo,OOF desarrollo
ee5ceb065,data/raw_petfinder/train_images/ee5ceb065-1.jpg,train,Mixed Breed,,0.6704952698466156,1,Alto,OOF desarrollo
2430b50b4,data/raw_petfinder/train_images/2430b50b4-1.jpg,test,Mixed Breed,,0.5941593064153958,1,Medio,Test fuera de muestra
b03c17502,data/raw_petfinder/train_images/b03c17502-1.jpg,train,Mixed Breed,,0.6516624818575822,1,Alto,OOF desarrollo
a710da2ab,data/raw_petfinder/train_images/a710da2ab-1.jpg,train,Mixed Breed,,0.3326022767966223,0,Bajo,OOF desarrollo
a1d8d917c,data/raw_petfinder/train_images/a1d8d917c-1.jpg,valid,Mixed Breed,,0.8149621079160021,1,Alto,OOF desarrollo
55e32b4b7,data/raw_petfinder/train_images/55e32b4b7-1.jpg,train,Mixed Breed,,0.6747258861354406,1,Alto,OOF desarrollo
27a8bdbf8,data/raw_petfinder/train_images/27a8bdbf8-1.jpg,train,Mixed Breed,,0.3579853831023657,0,Bajo,OOF desarrollo
f0ee32b27,data/raw_petfinder/train_images/f0ee32b27-1.jpg,train,Shih Tzu,,0.3657998072207037,0,Bajo,OOF desarrollo
591f1d67c,data/raw_petfinder/train_images/591f1d67c-1.jpg,train,Mixed Breed,,0.6664397146743778,1,Alto,OOF desarrollo
b1e590596,data/raw_petfinder/train_images/b1e590596-1.jpg,valid,Mixed Breed,,0.4341197768295948,1,Bajo,OOF desarrollo
66f6cd1cb,data/raw_petfinder/train_images/66f6cd1cb-1.jpg,train,Mixed Breed,,0.8209344149183486,1,Alto,OOF desarrollo
c54b26d73,data/raw_petfinder/train_images/c54b26d73-1.jpg,test,Mixed Breed,,0.5339694322712343,1,Medio,Test fuera de muestra
7ed1216f9,data/raw_petfinder/train_images/7ed1216f9-1.jpg,train,Spitz,Mixed Breed,0.3706184720498932,0,Bajo,OOF desarrollo
ea303d329,data/raw_petfinder/train_images/ea303d329-1.jpg,train,German Shepherd Dog,Mixed Breed,0.3692896023785383,0,Bajo,OOF desarrollo
0c2e0fc7d,data/raw_petfinder/train_images/0c2e0fc7d-1.jpg,train,Mixed Breed,,0.5487640088432623,1,Medio,OOF desarrollo
a8b9d57b4,data/raw_petfinder/train_images/a8b9d57b4-1.jpg,valid,Mixed Breed,,0.3460450937335707,0,Bajo,OOF desarrollo
4ea7c5d48,data/raw_petfinder/train_images/4ea7c5d48-1.jpg,train,Mixed Breed,,0.3572250983280469,0,Bajo,OOF desarrollo
70aa95825,data/raw_petfinder/train_images/70aa95825-1.jpg,valid,Golden Retriever,,0.3582281716341943,0,Bajo,OOF desarrollo
f024e91b9,data/raw_petfinder/train_images/f024e91b9-1.jpg,train,Mixed Breed,,0.4679145023082873,1,Medio,OOF desarrollo
c842fa148,data/raw_petfinder/train_images/c842fa148-1.jpg,train,Mixed Breed,Terrier,0.6867758050742949,1,Alto,OOF desarrollo
25f6db0fd,data/raw_petfinder/train_images/25f6db0fd-1.jpg,train,Mixed Breed,Dalmatian,0.5375345642561825,1,Medio,OOF desarrollo
c23b2926e,data/raw_petfinder/train_images/c23b2926e-1.jpg,train,Mixed Breed,,0.4675921091468836,1,Medio,OOF desarrollo
76a063a20,data/raw_petfinder/train_images/76a063a20-1.jpg,train,Mixed Breed,,0.4194771090138196,1,Bajo,OOF desarrollo
6a8d98847,data/raw_petfinder/train_images/6a8d98847-1.jpg,train,Mixed Breed,,0.7027012774231773,1,Alto,OOF desarrollo
a5bed2b62,data/raw_petfinder/train_images/a5bed2b62-1.jpg,test,Mixed Breed,,0.4559606820582885,1,Bajo,Test fuera de muestra
8167f58bb,data/raw_petfinder/train_images/8167f58bb-1.jpg,valid,Mixed Breed,,0.6887581395311013,1,Alto,OOF desarrollo
04e829d49,data/raw_petfinder/train_images/04e829d49-1.jpg,train,Mixed Breed,,0.5917691516621386,1,Medio,OOF desarrollo
86f7b4013,data/raw_petfinder/train_images/86f7b4013-1.jpg,train,Spitz,Mixed Breed,0.5745076712151657,1,Medio,OOF desarrollo
2de32b48a,data/raw_petfinder/train_images/2de32b48a-1.jpg,train,Labrador Retriever,,0.3712375508693574,0,Bajo,OOF desarrollo
cd5a7effb,data/raw_petfinder/train_images/cd5a7effb-1.jpg,train,Mixed Breed,,0.4852811533491159,1,Medio,OOF desarrollo
a2a899dab,data/raw_petfinder/train_images/a2a899dab-1.jpg,train,Poodle,,0.3523533307089173,0,Bajo,OOF desarrollo
2fcdfb0e1,data/raw_petfinder/train_images/2fcdfb0e1-1.jpg,valid,Mixed Breed,,0.7641812587161094,1,Alto,OOF desarrollo
ea433c341,data/raw_petfinder/train_images/ea433c341-1.jpg,valid,Mixed Breed,,0.7069527990666908,1,Alto,OOF desarrollo
5a7207717,data/raw_petfinder/train_images/5a7207717-1.jpg,train,Mixed Breed,,0.5809154664127361,1,Medio,OOF desarrollo
fc8220250,data/raw_petfinder/train_images/fc8220250-1.jpg,train,Mixed Breed,,0.7201230234183749,1,Alto,OOF desarrollo
1ca9db40b,data/raw_petfinder/train_images/1ca9db40b-1.jpg,train,Mixed Breed,,0.7393282604674469,1,Alto,OOF desarrollo
7f51a7e88,data/raw_petfinder/train_images/7f51a7e88-1.jpg,valid,Mixed Breed,,0.5573602360101917,1,Medio,OOF desarrollo
b593502c5,data/raw_petfinder/train_images/b593502c5-1.jpg,train,Rottweiler,Mixed Breed,0.6404487324135646,1,Alto,OOF desarrollo
9f02a1c14,data/raw_petfinder/train_images/9f02a1c14-1.jpg,train,Mixed Breed,,0.464850656935441,1,Medio,OOF desarrollo
c4e0d125b,data/raw_petfinder/train_images/c4e0d125b-1.jpg,train,Mixed Breed,,0.7778492958623341,1,Alto,OOF desarrollo
ea7ec0562,data/raw_petfinder/train_images/ea7ec0562-1.jpg,train,Terrier,Mixed Breed,0.7377411676312988,1,Alto,OOF desarrollo
eb900ff8a,data/raw_petfinder/train_images/eb900ff8a-1.jpg,test,Mixed Breed,,0.5839575724303062,1,Medio,Test fuera de muestra
cf51903db,data/raw_petfinder/train_images/cf51903db-1.jpg,train,Dalmatian,Mixed Breed,0.5734017804753833,1,Medio,OOF desarrollo
37438ea50,data/raw_petfinder/train_images/37438ea50-1.jpg,test,Mixed Breed,,0.691949827500201,1,Alto,Test fuera de muestra
21b90ff68,data/raw_petfinder/train_images/21b90ff68-1.jpg,train,Mixed Breed,,0.7579412635592533,1,Alto,OOF desarrollo
b7d23de06,data/raw_petfinder/train_images/b7d23de06-1.jpg,train,Mixed Breed,Mixed Breed,0.5688490297766675,1,Medio,OOF desarrollo
2ee5073bc,data/raw_petfinder/train_images/2ee5073bc-1.jpg,train,Mixed Breed,Mixed Breed,0.4555678463134347,1,Bajo,OOF desarrollo
86f40e2b4,data/raw_petfinder/train_images/86f40e2b4-1.jpg,valid,Mixed Breed,,0.480645948198565,1,Medio,OOF desarrollo
924cc5438,data/raw_petfinder/train_images/924cc5438-1.jpg,train,Shih Tzu,Mixed Breed,0.3369351978531406,0,Bajo,OOF desarrollo
6f3e4618d,data/raw_petfinder/train_images/6f3e4618d-1.jpg,train,Mixed Breed,Mixed Breed,0.633564426368886,1,Alto,OOF desarrollo
467aed7e3,data/raw_petfinder/train_images/467aed7e3-1.jpg,valid,Mixed Breed,Labrador Retriever,0.5800158605886634,1,Medio,OOF desarrollo
733f9942b,data/raw_petfinder/train_images/733f9942b-1.jpg,train,Mixed Breed,,0.7981614363991015,1,Alto,OOF desarrollo
0a9f9f178,data/raw_petfinder/train_images/0a9f9f178-1.jpg,train,Mixed Breed,,0.5133771405215753,1,Medio,OOF desarrollo
283424d80,data/raw_petfinder/train_images/283424d80-1.jpg,train,Mixed Breed,,0.451810969390016,1,Bajo,OOF desarrollo
8fa2d16db,data/raw_petfinder/train_images/8fa2d16db-1.jpg,train,Shih Tzu,,0.2863702303911812,0,Bajo,OOF desarrollo
6ea58b8ac,data/raw_petfinder/train_images/6ea58b8ac-1.jpg,test,Mixed Breed,,0.4929598420255593,1,Medio,Test fuera de muestra
bedd7f1e7,data/raw_petfinder/train_images/bedd7f1e7-1.jpg,test,German Shepherd Dog,Mixed Breed,0.347502179243559,0,Bajo,Test fuera de muestra
b551658f4,data/raw_petfinder/train_images/b551658f4-1.jpg,test,Labrador Retriever,Mixed Breed,0.5035117627939979,1,Medio,Test fuera de muestra
b2c120250,data/raw_petfinder/train_images/b2c120250-1.jpg,valid,Mixed Breed,,0.5040141271677715,1,Medio,OOF desarrollo
451bf38f1,data/raw_petfinder/train_images/451bf38f1-1.jpg,test,Mixed Breed,,0.6228904711285689,1,Alto,Test fuera de muestra
e61aceb9e,data/raw_petfinder/train_images/e61aceb9e-1.jpg,valid,Mixed Breed,Mixed Breed,0.8065416613253442,1,Alto,OOF desarrollo
12d48709c,data/raw_petfinder/train_images/12d48709c-1.jpg,train,Mixed Breed,Mixed Breed,0.3728828264955441,0,Bajo,OOF desarrollo
f680cd37a,data/raw_petfinder/train_images/f680cd37a-1.jpg,train,Shih Tzu,,0.4463946947776657,1,Bajo,OOF desarrollo
f4f5588c6,data/raw_petfinder/train_images/f4f5588c6-1.jpg,valid,Mixed Breed,,0.3333673673900597,0,Bajo,OOF desarrollo
9af15c8f1,data/raw_petfinder/train_images/9af15c8f1-1.jpg,train,Mixed Breed,,0.7328351975012235,1,Alto,OOF desarrollo
b7da4e981,data/raw_petfinder/train_images/b7da4e981-1.jpg,train,Mixed Breed,,0.6851391025474713,1,Alto,OOF desarrollo
19caeb6b5,data/raw_petfinder/train_images/19caeb6b5-1.jpg,train,Mixed Breed,,0.4650215341972757,1,Medio,OOF desarrollo
c919eb44b,data/raw_petfinder/train_images/c919eb44b-1.jpg,train,Mixed Breed,,0.61786041053783,1,Alto,OOF desarrollo
60f317698,data/raw_petfinder/train_images/60f317698-1.jpg,train,Mixed Breed,Labrador Retriever,0.6517413142642594,1,Alto,OOF desarrollo
04a6267e4,data/raw_petfinder/train_images/04a6267e4-1.jpg,train,Mixed Breed,,0.5251060552563797,1,Medio,OOF desarrollo
060b52c3b,data/raw_petfinder/train_images/060b52c3b-1.jpg,train,Mixed Breed,,0.5220692597367032,1,Medio,OOF desarrollo
d919bd302,data/raw_petfinder/train_images/d919bd302-1.jpg,test,Mixed Breed,,0.7718298754426951,1,Alto,Test fuera de muestra
96ba0193d,data/raw_petfinder/train_images/96ba0193d-1.jpg,train,Mixed Breed,,0.4690140074378514,1,Medio,OOF desarrollo
e2b5913e7,data/raw_petfinder/train_images/e2b5913e7-1.jpg,train,Mixed Breed,,0.6343820607801454,1,Alto,OOF desarrollo
e19ee42ce,data/raw_petfinder/train_images/e19ee42ce-1.jpg,train,Mixed Breed,,0.4730284892976887,1,Medio,OOF desarrollo
86c412966,data/raw_petfinder/train_images/86c412966-1.jpg,train,Mixed Breed,Mixed Breed,0.761841143945437,1,Alto,OOF desarrollo
a4385e043,data/raw_petfinder/train_images/a4385e043-1.jpg,train,Mixed Breed,,0.4832367144429652,1,Medio,OOF desarrollo
e58eb3249,data/raw_petfinder/train_images/e58eb3249-1.jpg,train,Miniature Pinscher,Miniature Pinscher,0.6416438774460955,1,Alto,OOF desarrollo
dfff88c90,data/raw_petfinder/train_images/dfff88c90-1.jpg,test,Mixed Breed,Mixed Breed,0.6441462161332924,1,Alto,Test fuera de muestra
3625dd7cf,data/raw_petfinder/train_images/3625dd7cf-1.jpg,train,Cavalier King Charles Spaniel,,0.5062133898229577,1,Medio,OOF desarrollo
dcf2641f2,data/raw_petfinder/train_images/dcf2641f2-1.jpg,train,Mixed Breed,,0.5654085919821025,1,Medio,OOF desarrollo
e910d17de,data/raw_petfinder/train_images/e910d17de-1.jpg,test,Mixed Breed,Yellow Labrador Retriever,0.5697778801115931,1,Medio,Test fuera de muestra
e1c40a1eb,data/raw_petfinder/train_images/e1c40a1eb-1.jpg,train,Mixed Breed,Mixed Breed,0.6474173857735069,1,Alto,OOF desarrollo
c8779a4a1,data/raw_petfinder/train_images/c8779a4a1-1.jpg,test,Mixed Breed,,0.3953783285383575,1,Bajo,Test fuera de muestra
c90558513,data/raw_petfinder/train_images/c90558513-1.jpg,valid,Mixed Breed,Mixed Breed,0.4732182551333815,1,Medio,OOF desarrollo
6da65afb8,data/raw_petfinder/train_images/6da65afb8-1.jpg,valid,Mixed Breed,,0.4371613564532273,1,Bajo,OOF desarrollo
b4475834d,data/raw_petfinder/train_images/b4475834d-1.jpg,train,Munsterlander,Munsterlander,0.532990095673079,1,Medio,OOF desarrollo
204ca9f14,data/raw_petfinder/train_images/204ca9f14-1.jpg,train,Mixed Breed,,0.3443378334864411,0,Bajo,OOF desarrollo
6bf7eec1e,data/raw_petfinder/train_images/6bf7eec1e-1.jpg,train,Mixed Breed,,0.4386520263461538,1,Bajo,OOF desarrollo
54224dada,data/raw_petfinder/train_images/54224dada-1.jpg,train,Mixed Breed,,0.7290225424304446,1,Alto,OOF desarrollo
818cf6f02,data/raw_petfinder/train_images/818cf6f02-1.jpg,train,Spitz,Collie,0.4565164505971835,1,Bajo,OOF desarrollo
35b51bb28,data/raw_petfinder/train_images/35b51bb28-1.jpg,train,Mixed Breed,Labrador Retriever,0.7301188183391651,1,Alto,OOF desarrollo
72acdecb7,data/raw_petfinder/train_images/72acdecb7-1.jpg,train,Mixed Breed,,0.3622120551290281,0,Bajo,OOF desarrollo
c05a9c0c8,data/raw_petfinder/train_images/c05a9c0c8-1.jpg,train,Husky,Spitz,0.6038131620785908,1,Medio,OOF desarrollo
0ce80622f,data/raw_petfinder/train_images/0ce80622f-1.jpg,train,Mixed Breed,,0.710896897341537,1,Alto,OOF desarrollo
9668972cc,data/raw_petfinder/train_images/9668972cc-1.jpg,train,Shih Tzu,Terrier,0.6325636497646216,1,Alto,OOF desarrollo
8e372fc09,data/raw_petfinder/train_images/8e372fc09-1.jpg,train,Beagle,,0.7135676804119011,1,Alto,OOF desarrollo
8ff66c239,data/raw_petfinder/train_images/8ff66c239-1.jpg,train,Mixed Breed,Hound,0.672781527403113,1,Alto,OOF desarrollo
19bdaed52,data/raw_petfinder/train_images/19bdaed52-1.jpg,train,Golden Retriever,,0.3632102203187911,0,Bajo,OOF desarrollo
3e373923e,data/raw_petfinder/train_images/3e373923e-1.jpg,train,Mixed Breed,,0.5233353309472609,1,Medio,OOF desarrollo
f376f922e,data/raw_petfinder/train_images/f376f922e-1.jpg,train,Silky Terrier,,0.3313830627244291,0,Bajo,OOF desarrollo
b8dd18a5a,data/raw_petfinder/train_images/b8dd18a5a-1.jpg,train,Terrier,Mixed Breed,0.4519013746361704,1,Bajo,OOF desarrollo
da8859f46,data/raw_petfinder/train_images/da8859f46-1.jpg,train,Mixed Breed,Mixed Breed,0.7539361425308275,1,Alto,OOF desarrollo
5f2623cb9,data/raw_petfinder/train_images/5f2623cb9-1.jpg,valid,Mixed Breed,,0.6363424951249166,1,Alto,OOF desarrollo
92bf4bb1a,data/raw_petfinder/train_images/92bf4bb1a-1.jpg,train,Mixed Breed,,0.4465572672856507,1,Bajo,OOF desarrollo
f77a10b5f,data/raw_petfinder/train_images/f77a10b5f-1.jpg,train,Mixed Breed,Hound,0.608688144625356,1,Alto,OOF desarrollo
8a99dadaf,data/raw_petfinder/train_images/8a99dadaf-1.jpg,train,Mixed Breed,Mixed Breed,0.619843672083987,1,Alto,OOF desarrollo
bee25f46d,data/raw_petfinder/train_images/bee25f46d-1.jpg,train,Mixed Breed,,0.371869960962936,0,Bajo,OOF desarrollo
30ca259ed,data/raw_petfinder/train_images/30ca259ed-1.jpg,test,Terrier,Mixed Breed,0.42403995132224,1,Bajo,Test fuera de muestra
dcefbb974,data/raw_petfinder/train_images/dcefbb974-1.jpg,test,Siberian Husky,,0.3269799222306651,0,Bajo,Test fuera de muestra
51d3a70bf,data/raw_petfinder/train_images/51d3a70bf-1.jpg,test,Maltese,,0.3785064044453377,0,Bajo,Test fuera de muestra
5e08b9ce5,data/raw_petfinder/train_images/5e08b9ce5-1.jpg,train,Mixed Breed,,0.343467527814314,0,Bajo,OOF desarrollo
c924a03e8,data/raw_petfinder/train_images/c924a03e8-1.jpg,train,Mixed Breed,,0.8145282381158101,1,Alto,OOF desarrollo
3595648ea,data/raw_petfinder/train_images/3595648ea-1.jpg,train,Mixed Breed,,0.5568399533080307,1,Medio,OOF desarrollo
1667eb8a4,data/raw_petfinder/train_images/1667eb8a4-1.jpg,test,Labrador Retriever,Mixed Breed,0.4564452365043377,1,Bajo,Test fuera de muestra
dcdefed1a,data/raw_petfinder/train_images/dcdefed1a-1.jpg,train,Mixed Breed,Mixed Breed,0.5122379432178916,1,Medio,OOF desarrollo
760c7d8ac,data/raw_petfinder/train_images/760c7d8ac-1.jpg,train,Mixed Breed,Doberman Pinscher,0.48236553527955,1,Medio,OOF desarrollo
48333a921,data/raw_petfinder/train_images/48333a921-1.jpg,test,Mixed Breed,,0.5803577315512343,1,Medio,Test fuera de muestra
f068b8fdd,data/raw_petfinder/train_images/f068b8fdd-1.jpg,test,Mixed Breed,,0.8054761732955099,1,Alto,Test fuera de muestra
24993107f,data/raw_petfinder/train_images/24993107f-1.jpg,test,Jack Russell Terrier,,0.5148441788981457,1,Medio,Test fuera de muestra
7e29d5a9d,data/raw_petfinder/train_images/7e29d5a9d-1.jpg,valid,Mixed Breed,,0.6292074387237564,1,Alto,OOF desarrollo
12e747332,data/raw_petfinder/train_images/12e747332-1.jpg,train,German Shepherd Dog,German Shepherd Dog,0.3256444921991878,0,Bajo,OOF desarrollo
ea1736eec,data/raw_petfinder/train_images/ea1736eec-1.jpg,valid,Mixed Breed,,0.3833977202649234,0,Bajo,OOF desarrollo
1555b08c9,data/raw_petfinder/train_images/1555b08c9-1.jpg,test,Mixed Breed,,0.5509951519455274,1,Medio,Test fuera de muestra
7e681c7eb,data/raw_petfinder/train_images/7e681c7eb-1.jpg,test,Mixed Breed,Mixed Breed,0.2646625025598641,0,Bajo,Test fuera de muestra
deda21b9a,data/raw_petfinder/train_images/deda21b9a-1.jpg,train,Mixed Breed,German Shepherd Dog,0.3451712328221669,0,Bajo,OOF desarrollo
81d38d5ec,data/raw_petfinder/train_images/81d38d5ec-1.jpg,train,Mixed Breed,,0.8800424269984104,1,Alto,OOF desarrollo
f6ae0d580,data/raw_petfinder/train_images/f6ae0d580-1.jpg,valid,Poodle,,0.4821225683940324,1,Medio,OOF desarrollo
1bd13d3e5,data/raw_petfinder/train_images/1bd13d3e5-1.jpg,test,Mixed Breed,,0.2484468187432223,0,Bajo,Test fuera de muestra
44817c8f4,data/raw_petfinder/train_images/44817c8f4-1.jpg,test,Mixed Breed,,0.3838719766032012,0,Bajo,Test fuera de muestra
41bc94422,data/raw_petfinder/train_images/41bc94422-1.jpg,test,Mixed Breed,,0.5409377734774433,1,Medio,Test fuera de muestra
af86d93ba,data/raw_petfinder/train_images/af86d93ba-1.jpg,test,Mixed Breed,,0.7583123338524932,1,Alto,Test fuera de muestra
24ee3b57d,data/raw_petfinder/train_images/24ee3b57d-1.jpg,train,Mixed Breed,,0.3881374322106359,0,Bajo,OOF desarrollo
d1a67cee6,data/raw_petfinder/train_images/d1a67cee6-1.jpg,train,Mixed Breed,,0.6006795125522125,1,Medio,OOF desarrollo
943bcd4db,data/raw_petfinder/train_images/943bcd4db-1.jpg,test,Mixed Breed,,0.5632034333421754,1,Medio,Test fuera de muestra
352522dbd,data/raw_petfinder/train_images/352522dbd-1.jpg,train,Labrador Retriever,German Shepherd Dog,0.6445033056362636,1,Alto,OOF desarrollo
2e4eb9198,data/raw_petfinder/train_images/2e4eb9198-1.jpg,valid,Dalmatian,Mixed Breed,0.5114774702945448,1,Medio,OOF desarrollo
0e4ef28c9,data/raw_petfinder/train_images/0e4ef28c9-1.jpg,test,Mixed Breed,,0.5850553157202646,1,Medio,Test fuera de muestra
c06b6d8bf,data/raw_petfinder/train_images/c06b6d8bf-1.jpg,test,Mixed Breed,,0.7655411589821206,1,Alto,Test fuera de muestra
d3411347b,data/raw_petfinder/train_images/d3411347b-1.jpg,test,Mixed Breed,,0.4286947955881821,1,Bajo,Test fuera de muestra
cfd819dd9,data/raw_petfinder/train_images/cfd819dd9-1.jpg,train,Mixed Breed,,0.6833837714131255,1,Alto,OOF desarrollo
1a2f33fec,data/raw_petfinder/train_images/1a2f33fec-1.jpg,train,Mixed Breed,,0.4880862484645201,1,Medio,OOF desarrollo
44c8447f9,data/raw_petfinder/train_images/44c8447f9-1.jpg,train,Mixed Breed,,0.4053257839762217,1,Bajo,OOF desarrollo
1a3da2ae5,data/raw_petfinder/train_images/1a3da2ae5-1.jpg,test,Mixed Breed,,0.5767025655985081,1,Medio,Test fuera de muestra
1c2f669f2,data/raw_petfinder/train_images/1c2f669f2-1.jpg,train,Golden Retriever,Labrador Retriever,0.4901986990300592,1,Medio,OOF desarrollo
cc463360a,data/raw_petfinder/train_images/cc463360a-1.jpg,train,Mixed Breed,,0.7775552199917222,1,Alto,OOF desarrollo
2469e58fd,data/raw_petfinder/train_images/2469e58fd-1.jpg,valid,Mixed Breed,,0.7298395759910405,1,Alto,OOF desarrollo
42444811d,data/raw_petfinder/train_images/42444811d-1.jpg,train,Mixed Breed,Mixed Breed,0.310293010372755,0,Bajo,OOF desarrollo
fc9773fa5,data/raw_petfinder/train_images/fc9773fa5-1.jpg,train,Mixed Breed,,0.4490898875114495,1,Bajo,OOF desarrollo
89fd79488,data/raw_petfinder/train_images/89fd79488-1.jpg,train,Mixed Breed,,0.4807746872273159,1,Medio,OOF desarrollo
988f48ca6,data/raw_petfinder/train_images/988f48ca6-1.jpg,train,Mixed Breed,,0.4727964708188056,1,Medio,OOF desarrollo
bcd6d7e62,data/raw_petfinder/train_images/bcd6d7e62-1.jpg,train,Mixed Breed,,0.6994740482571976,1,Alto,OOF desarrollo
b12b6dc93,data/raw_petfinder/train_images/b12b6dc93-1.jpg,train,Mixed Breed,,0.4673556356578688,1,Medio,OOF desarrollo
ba6ea2d18,data/raw_petfinder/train_images/ba6ea2d18-1.jpg,test,Mixed Breed,,0.5544698553334164,1,Medio,Test fuera de muestra
31da37bc0,data/raw_petfinder/train_images/31da37bc0-1.jpg,train,Mixed Breed,Hound,0.6954537718667129,1,Alto,OOF desarrollo
9fce612cf,data/raw_petfinder/train_images/9fce612cf-1.jpg,train,Shih Tzu,,0.4257076877682712,1,Bajo,OOF desarrollo
2b31f1be3,data/raw_petfinder/train_images/2b31f1be3-1.jpg,train,Mixed Breed,Terrier,0.4415408911145048,1,Bajo,OOF desarrollo
49c8a0216,data/raw_petfinder/train_images/49c8a0216-1.jpg,train,Mixed Breed,,0.4520373731600137,1,Bajo,OOF desarrollo
662af5b80,data/raw_petfinder/train_images/662af5b80-1.jpg,train,Standard Poodle,,0.2759396645531966,0,Bajo,OOF desarrollo
a3d4585c2,data/raw_petfinder/train_images/a3d4585c2-1.jpg,train,Mixed Breed,,0.6262998698646502,1,Alto,OOF desarrollo
7ba2a5c50,data/raw_petfinder/train_images/7ba2a5c50-1.jpg,test,Samoyed,,0.4640742716216147,1,Medio,Test fuera de muestra
ae0076e01,data/raw_petfinder/train_images/ae0076e01-1.jpg,train,Mixed Breed,,0.5141625562873722,1,Medio,OOF desarrollo
919768bb5,data/raw_petfinder/train_images/919768bb5-1.jpg,train,Mixed Breed,Mixed Breed,0.3630033806531753,0,Bajo,OOF desarrollo
6b685abae,data/raw_petfinder/train_images/6b685abae-1.jpg,train,Cocker Spaniel,,0.4885352096156488,1,Medio,OOF desarrollo
49360414f,data/raw_petfinder/train_images/49360414f-1.jpg,train,Mixed Breed,,0.4432242517699675,1,Bajo,OOF desarrollo
ca3312b77,data/raw_petfinder/train_images/ca3312b77-1.jpg,train,Mixed Breed,,0.5191637033614168,1,Medio,OOF desarrollo
859426703,data/raw_petfinder/train_images/859426703-1.jpg,test,Mixed Breed,Rottweiler,0.280306168604832,0,Bajo,Test fuera de muestra
a428c4daf,data/raw_petfinder/train_images/a428c4daf-1.jpg,train,Mixed Breed,Rottweiler,0.5396024639005796,1,Medio,OOF desarrollo
5c4742e35,data/raw_petfinder/train_images/5c4742e35-1.jpg,test,Boxer,,0.4460282791224979,1,Bajo,Test fuera de muestra
e064d3504,data/raw_petfinder/train_images/e064d3504-1.jpg,test,Shih Tzu,Pekingese,0.3190115970134138,0,Bajo,Test fuera de muestra
50e061767,data/raw_petfinder/train_images/50e061767-1.jpg,train,Mixed Breed,,0.4725188128133007,1,Medio,OOF desarrollo
797bcabfd,data/raw_petfinder/train_images/797bcabfd-1.jpg,test,Mixed Breed,,0.7885714090174147,1,Alto,Test fuera de muestra
f653550ac,data/raw_petfinder/train_images/f653550ac-1.jpg,train,Mixed Breed,,0.5547981172321339,1,Medio,OOF desarrollo
241b90aaa,data/raw_petfinder/train_images/241b90aaa-1.jpg,test,Coonhound,Mixed Breed,0.6937424450566713,1,Alto,Test fuera de muestra
b0b33bec3,data/raw_petfinder/train_images/b0b33bec3-1.jpg,test,Mixed Breed,,0.4002149394306215,1,Bajo,Test fuera de muestra
c68f66799,data/raw_petfinder/train_images/c68f66799-1.jpg,train,Mixed Breed,Terrier,0.2792493557319934,0,Bajo,OOF desarrollo
00c71a320,data/raw_petfinder/train_images/00c71a320-1.jpg,train,Labrador Retriever,Mixed Breed,0.2901611108471453,0,Bajo,OOF desarrollo
1238ed024,data/raw_petfinder/train_images/1238ed024-1.jpg,valid,Mixed Breed,,0.7006523207134339,1,Alto,OOF desarrollo
ee7c25387,data/raw_petfinder/train_images/ee7c25387-1.jpg,train,Mixed Breed,,0.3781228870534659,0,Bajo,OOF desarrollo
8c5bf2766,data/raw_petfinder/train_images/8c5bf2766-1.jpg,test,Mixed Breed,,0.6811787296065317,1,Alto,Test fuera de muestra
11b9089f7,data/raw_petfinder/train_images/11b9089f7-1.jpg,train,Mixed Breed,Mixed Breed,0.4771724157508182,1,Medio,OOF desarrollo
4cfee2fbe,data/raw_petfinder/train_images/4cfee2fbe-1.jpg,train,Mixed Breed,Mixed Breed,0.5304347281265877,1,Medio,OOF desarrollo
9b95ec85b,data/raw_petfinder/train_images/9b95ec85b-1.jpg,valid,Mixed Breed,,0.349231052438184,0,Bajo,OOF desarrollo
9ef11ed6e,data/raw_petfinder/train_images/9ef11ed6e-1.jpg,train,Mixed Breed,,0.534839183925943,1,Medio,OOF desarrollo
5fcb3804f,data/raw_petfinder/train_images/5fcb3804f-1.jpg,train,Mixed Breed,,0.5488824407305164,1,Medio,OOF desarrollo
d67c5c6cf,data/raw_petfinder/train_images/d67c5c6cf-1.jpg,train,Mixed Breed,,0.7590702105604463,1,Alto,OOF desarrollo
68f3cfdcb,data/raw_petfinder/train_images/68f3cfdcb-1.jpg,valid,Mixed Breed,,0.479876686953802,1,Medio,OOF desarrollo
02cd64831,data/raw_petfinder/train_images/02cd64831-1.jpg,valid,German Shepherd Dog,Mixed Breed,0.6391922278074782,1,Alto,OOF desarrollo
37ed9080d,data/raw_petfinder/train_images/37ed9080d-1.jpg,train,Poodle,Mixed Breed,0.5963903584761843,1,Medio,OOF desarrollo
7a9ca7419,data/raw_petfinder/train_images/7a9ca7419-1.jpg,train,Mixed Breed,Mixed Breed,0.4265385107462091,1,Bajo,OOF desarrollo
022b37ea0,data/raw_petfinder/train_images/022b37ea0-1.jpg,train,Mixed Breed,Mixed Breed,0.639407269598426,1,Alto,OOF desarrollo
edf80e3cc,data/raw_petfinder/train_images/edf80e3cc-1.jpg,train,Collie,,0.5155457046079581,1,Medio,OOF desarrollo
9012ebabb,data/raw_petfinder/train_images/9012ebabb-1.jpg,train,Mixed Breed,Mixed Breed,0.5907282109769507,1,Medio,OOF desarrollo
45c2eb379,data/raw_petfinder/train_images/45c2eb379-1.jpg,train,Mixed Breed,,0.3508621529422396,0,Bajo,OOF desarrollo
b94ddd6a9,data/raw_petfinder/train_images/b94ddd6a9-1.jpg,train,Mixed Breed,Mixed Breed,0.5453635578023743,1,Medio,OOF desarrollo
69e10dd04,data/raw_petfinder/train_images/69e10dd04-1.jpg,train,Mixed Breed,,0.6828050173221347,1,Alto,OOF desarrollo
123f15578,data/raw_petfinder/train_images/123f15578-1.jpg,train,Mixed Breed,,0.4731745670907383,1,Medio,OOF desarrollo
1a952e440,data/raw_petfinder/train_images/1a952e440-1.jpg,train,Mixed Breed,,0.6520217999471228,1,Alto,OOF desarrollo
fd2cc8576,data/raw_petfinder/train_images/fd2cc8576-1.jpg,train,Mixed Breed,,0.3968081428873671,1,Bajo,OOF desarrollo
92189aa31,data/raw_petfinder/train_images/92189aa31-1.jpg,train,Bull Terrier,,0.5993784736665722,1,Medio,OOF desarrollo
b3185d954,data/raw_petfinder/train_images/b3185d954-1.jpg,valid,Mixed Breed,,0.4006641310965002,1,Bajo,OOF desarrollo
ae0bc846b,data/raw_petfinder/train_images/ae0bc846b-1.jpg,train,Mixed Breed,,0.5329223249008772,1,Medio,OOF desarrollo
3d7275647,data/raw_petfinder/train_images/3d7275647-1.jpg,train,Mixed Breed,,0.383400648312712,0,Bajo,OOF desarrollo
3cfec8730,data/raw_petfinder/train_images/3cfec8730-1.jpg,train,Mixed Breed,Border Terrier,0.53908515434959,1,Medio,OOF desarrollo
9c3f9ca37,data/raw_petfinder/train_images/9c3f9ca37-1.jpg,train,Mixed Breed,,0.7977006854686144,1,Alto,OOF desarrollo
143760a33,data/raw_petfinder/train_images/143760a33-1.jpg,train,Mixed Breed,,0.6753073371137218,1,Alto,OOF desarrollo
e42fd0fed,data/raw_petfinder/train_images/e42fd0fed-1.jpg,train,Mixed Breed,,0.631769386236696,1,Alto,OOF desarrollo
7c37095b6,data/raw_petfinder/train_images/7c37095b6-1.jpg,train,Mixed Breed,,0.4579381493793277,1,Bajo,OOF desarrollo
66b978701,data/raw_petfinder/train_images/66b978701-1.jpg,train,Poodle,,0.5576912679931292,1,Medio,OOF desarrollo
6627a8ab8,data/raw_petfinder/train_images/6627a8ab8-1.jpg,train,Mixed Breed,,0.4121861855451803,1,Bajo,OOF desarrollo
62887c0ea,data/raw_petfinder/train_images/62887c0ea-1.jpg,train,Mixed Breed,Labrador Retriever,0.704758046624263,1,Alto,OOF desarrollo
e3d10f7cc,data/raw_petfinder/train_images/e3d10f7cc-1.jpg,train,Maltese,,0.5088389017892976,1,Medio,OOF desarrollo
074042a24,data/raw_petfinder/train_images/074042a24-1.jpg,valid,Mixed Breed,,0.7336335362745539,1,Alto,OOF desarrollo
5bc5e3faa,data/raw_petfinder/train_images/5bc5e3faa-1.jpg,train,Siberian Husky,Rottweiler,0.2729461457202856,0,Bajo,OOF desarrollo
89a396d79,data/raw_petfinder/train_images/89a396d79-1.jpg,train,Mixed Breed,Mixed Breed,0.5952533970271201,1,Medio,OOF desarrollo
91f5bb21f,data/raw_petfinder/train_images/91f5bb21f-1.jpg,train,Labrador Retriever,Mixed Breed,0.3088964422202025,0,Bajo,OOF desarrollo
6c3222742,data/raw_petfinder/train_images/6c3222742-1.jpg,train,Mixed Breed,,0.4785026915578659,1,Medio,OOF desarrollo
199f37bc2,data/raw_petfinder/train_images/199f37bc2-1.jpg,valid,Mixed Breed,Mixed Breed,0.3403154034484484,0,Bajo,OOF desarrollo
adff46aad,data/raw_petfinder/train_images/adff46aad-1.jpg,train,Mixed Breed,,0.6471216479043094,1,Alto,OOF desarrollo
6ea2ddaf2,data/raw_petfinder/train_images/6ea2ddaf2-1.jpg,train,Golden Retriever,Mixed Breed,0.4250699380408773,1,Bajo,OOF desarrollo
b53990a1d,data/raw_petfinder/train_images/b53990a1d-1.jpg,train,American Staffordshire Terrier,,0.5667399428817064,1,Medio,OOF desarrollo
31893804f,data/raw_petfinder/train_images/31893804f-1.jpg,train,Mixed Breed,,0.5063826381658724,1,Medio,OOF desarrollo
c36943627,data/raw_petfinder/train_images/c36943627-1.jpg,train,Mixed Breed,,0.5663678714004745,1,Medio,OOF desarrollo
df7aa79a4,data/raw_petfinder/train_images/df7aa79a4-1.jpg,valid,Mixed Breed,,0.447118204399416,1,Bajo,OOF desarrollo
c226ecabd,data/raw_petfinder/train_images/c226ecabd-1.jpg,train,Mixed Breed,,0.6518614122027587,1,Alto,OOF desarrollo
37bbc6060,data/raw_petfinder/train_images/37bbc6060-1.jpg,valid,Mixed Breed,,0.4824599348060792,1,Medio,OOF desarrollo
144ad89a5,data/raw_petfinder/train_images/144ad89a5-1.jpg,train,Glen of Imaal Terrier,Mixed Breed,0.5005000555029486,1,Medio,OOF desarrollo
9c91ae76a,data/raw_petfinder/train_images/9c91ae76a-1.jpg,train,Mixed Breed,,0.6962080943287312,1,Alto,OOF desarrollo
a427984f4,data/raw_petfinder/train_images/a427984f4-1.jpg,train,Miniature Pinscher,,0.5167049984533458,1,Medio,OOF desarrollo
48f20f515,data/raw_petfinder/train_images/48f20f515-1.jpg,valid,Mixed Breed,Mixed Breed,0.5514340025176223,1,Medio,OOF desarrollo
a7fd7a703,data/raw_petfinder/train_images/a7fd7a703-1.jpg,valid,Mixed Breed,,0.6729643992147609,1,Alto,OOF desarrollo
d2b59ecaa,data/raw_petfinder/train_images/d2b59ecaa-1.jpg,valid,Mixed Breed,,0.3318009423992399,0,Bajo,OOF desarrollo
c8f5f9120,data/raw_petfinder/train_images/c8f5f9120-1.jpg,train,Yorkshire Terrier Yorkie,,0.2743882829584143,0,Bajo,OOF desarrollo
515d9508a,data/raw_petfinder/train_images/515d9508a-1.jpg,train,Mixed Breed,,0.4606222466404566,1,Medio,OOF desarrollo
a7a28b4f4,data/raw_petfinder/train_images/a7a28b4f4-1.jpg,train,Mixed Breed,,0.650038928022439,1,Alto,OOF desarrollo
9aa2d99f5,data/raw_petfinder/train_images/9aa2d99f5-1.jpg,train,Poodle,,0.4373919622315181,1,Bajo,OOF desarrollo
86bf33207,data/raw_petfinder/train_images/86bf33207-1.jpg,test,Silky Terrier,,0.5084890104239315,1,Medio,Test fuera de muestra
5902c3051,data/raw_petfinder/train_images/5902c3051-1.jpg,train,Mixed Breed,,0.5344502062028721,1,Medio,OOF desarrollo
3a7d3c17e,data/raw_petfinder/train_images/3a7d3c17e-1.jpg,train,Mixed Breed,,0.772465522811525,1,Alto,OOF desarrollo
a8da358d1,data/raw_petfinder/train_images/a8da358d1-1.jpg,valid,Mixed Breed,,0.5666822299403225,1,Medio,OOF desarrollo
829ea64cc,data/raw_petfinder/train_images/829ea64cc-1.jpg,train,Shih Tzu,,0.4372132543129032,1,Bajo,OOF desarrollo
54b0c0564,data/raw_petfinder/train_images/54b0c0564-1.jpg,train,Mixed Breed,,0.4592259408677555,1,Medio,OOF desarrollo
6f28d2ab3,data/raw_petfinder/train_images/6f28d2ab3-1.jpg,test,English Cocker Spaniel,,0.5060195402100653,1,Medio,Test fuera de muestra
29e6c171d,data/raw_petfinder/train_images/29e6c171d-1.jpg,train,Miniature Pinscher,,0.4718005893977446,1,Medio,OOF desarrollo
2db964259,data/raw_petfinder/train_images/2db964259-1.jpg,train,Mixed Breed,,0.3545343602544258,0,Bajo,OOF desarrollo
c98188040,data/raw_petfinder/train_images/c98188040-1.jpg,valid,Mixed Breed,,0.6604130640173427,1,Alto,OOF desarrollo
bca8b44ae,data/raw_petfinder/train_images/bca8b44ae-1.jpg,train,Rottweiler,Mixed Breed,0.4658796988236369,1,Medio,OOF desarrollo
e76b8eeb2,data/raw_petfinder/train_images/e76b8eeb2-1.jpg,train,Mixed Breed,,0.3293973834117057,0,Bajo,OOF desarrollo
183c947eb,data/raw_petfinder/train_images/183c947eb-1.jpg,train,Mixed Breed,Mixed Breed,0.449803226945293,1,Bajo,OOF desarrollo
7f5e7cf4a,data/raw_petfinder/train_images/7f5e7cf4a-1.jpg,test,Mixed Breed,Miniature Pinscher,0.5479531128752281,1,Medio,Test fuera de muestra
0e0d0a9af,data/raw_petfinder/train_images/0e0d0a9af-1.jpg,train,Mixed Breed,,0.5764131506269952,1,Medio,OOF desarrollo
6cb63297c,data/raw_petfinder/train_images/6cb63297c-1.jpg,train,Mixed Breed,,0.3952179791894238,1,Bajo,OOF desarrollo
229beedff,data/raw_petfinder/train_images/229beedff-1.jpg,train,Mixed Breed,,0.6216503318728537,1,Alto,OOF desarrollo
b617ce1ce,data/raw_petfinder/train_images/b617ce1ce-1.jpg,test,Mixed Breed,Mixed Breed,0.7348013044790946,1,Alto,Test fuera de muestra
4d75e5771,data/raw_petfinder/train_images/4d75e5771-1.jpg,test,Mixed Breed,,0.5108709759264766,1,Medio,Test fuera de muestra
36b57b1ee,data/raw_petfinder/train_images/36b57b1ee-1.jpg,train,Mixed Breed,,0.4559904004504818,1,Bajo,OOF desarrollo
ef86c51b2,data/raw_petfinder/train_images/ef86c51b2-1.jpg,train,Terrier,,0.5663877337157752,1,Medio,OOF desarrollo
5b539effd,data/raw_petfinder/train_images/5b539effd-1.jpg,train,Mixed Breed,,0.795611016659986,1,Alto,OOF desarrollo
b3f69b209,data/raw_petfinder/train_images/b3f69b209-1.jpg,train,Chihuahua,,0.5394063135310193,1,Medio,OOF desarrollo
a1fb1b5bb,data/raw_petfinder/train_images/a1fb1b5bb-1.jpg,valid,Mixed Breed,,0.3690439950638625,0,Bajo,OOF desarrollo
90caf70eb,data/raw_petfinder/train_images/90caf70eb-1.jpg,train,Mixed Breed,,0.4451164032221942,1,Bajo,OOF desarrollo
c219bf074,data/raw_petfinder/train_images/c219bf074-1.jpg,train,Beagle,Mixed Breed,0.6197331904231471,1,Alto,OOF desarrollo
5dace0494,data/raw_petfinder/train_images/5dace0494-1.jpg,train,Mixed Breed,,0.4234785452051997,1,Bajo,OOF desarrollo
58ef3eec9,data/raw_petfinder/train_images/58ef3eec9-1.jpg,test,Mixed Breed,,0.5675616870341869,1,Medio,Test fuera de muestra
919a7dd34,data/raw_petfinder/train_images/919a7dd34-1.jpg,train,Mixed Breed,,0.3954941530300014,1,Bajo,OOF desarrollo
80034deb8,data/raw_petfinder/train_images/80034deb8-1.jpg,test,Border Collie,Rhodesian Ridgeback,0.4319744325218837,1,Bajo,Test fuera de muestra
6dac8ec35,data/raw_petfinder/train_images/6dac8ec35-1.jpg,test,Mixed Breed,Mixed Breed,0.4230917946856127,1,Bajo,Test fuera de muestra
69f9ebfbc,data/raw_petfinder/train_images/69f9ebfbc-1.jpg,train,German Shepherd Dog,Spitz,0.4641343709968036,1,Medio,OOF desarrollo
41b98eea2,data/raw_petfinder/train_images/41b98eea2-1.jpg,test,Mixed Breed,,0.3528637674950419,0,Bajo,Test fuera de muestra
91e1bffc5,data/raw_petfinder/train_images/91e1bffc5-1.jpg,train,Mixed Breed,,0.5211386348720557,1,Medio,OOF desarrollo
bb1775dbe,data/raw_petfinder/train_images/bb1775dbe-1.jpg,train,Mixed Breed,,0.5676310672178653,1,Medio,OOF desarrollo
858854bb5,data/raw_petfinder/train_images/858854bb5-1.jpg,valid,Mixed Breed,Mixed Breed,0.5315107864956226,1,Medio,OOF desarrollo
cf6995fef,data/raw_petfinder/train_images/cf6995fef-1.jpg,train,Mixed Breed,Mixed Breed,0.7278715648731999,1,Alto,OOF desarrollo
0d440b00e,data/raw_petfinder/train_images/0d440b00e-1.jpg,valid,Bullmastiff,Rottweiler,0.343483218983721,0,Bajo,OOF desarrollo
d1878035a,data/raw_petfinder/train_images/d1878035a-1.jpg,train,Mixed Breed,,0.5750951312749857,1,Medio,OOF desarrollo
b86b0db65,data/raw_petfinder/train_images/b86b0db65-1.jpg,test,Mixed Breed,,0.4896375432798273,1,Medio,Test fuera de muestra
7448f3165,data/raw_petfinder/train_images/7448f3165-1.jpg,train,Mixed Breed,,0.6538354672968947,1,Alto,OOF desarrollo
948f580dd,data/raw_petfinder/train_images/948f580dd-1.jpg,train,Mixed Breed,,0.4894473031269504,1,Medio,OOF desarrollo
05bde54cc,data/raw_petfinder/train_images/05bde54cc-1.jpg,train,Mixed Breed,,0.3405360276689591,0,Bajo,OOF desarrollo
7e48ad81b,data/raw_petfinder/train_images/7e48ad81b-1.jpg,valid,Mixed Breed,,0.6468859986088618,1,Alto,OOF desarrollo
a79983c71,data/raw_petfinder/train_images/a79983c71-1.jpg,train,Dalmatian,Mixed Breed,0.4461959608080057,1,Bajo,OOF desarrollo
4a9d058f6,data/raw_petfinder/train_images/4a9d058f6-1.jpg,test,Pit Bull Terrier,Mixed Breed,0.4339392377924694,1,Bajo,Test fuera de muestra
de41ebc79,data/raw_petfinder/train_images/de41ebc79-1.jpg,train,Mixed Breed,Dachshund,0.6119443562958312,1,Alto,OOF desarrollo
a8e5ae23a,data/raw_petfinder/train_images/a8e5ae23a-1.jpg,valid,Mixed Breed,,0.6344825983145932,1,Alto,OOF desarrollo
ada44e887,data/raw_petfinder/train_images/ada44e887-1.jpg,train,German Shepherd Dog,Mixed Breed,0.43908023607323,1,Bajo,OOF desarrollo
8378c8af1,data/raw_petfinder/train_images/8378c8af1-1.jpg,train,Beagle,,0.5228668854013507,1,Medio,OOF desarrollo
71e5aca0a,data/raw_petfinder/train_images/71e5aca0a-1.jpg,train,Mixed Breed,Mixed Breed,0.7134192409868858,1,Alto,OOF desarrollo
a124a31ee,data/raw_petfinder/train_images/a124a31ee-1.jpg,train,Labrador Retriever,,0.4435863514349398,1,Bajo,OOF desarrollo
1e115d8ff,data/raw_petfinder/train_images/1e115d8ff-1.jpg,train,Field Spaniel,Mixed Breed,0.4382715113314117,1,Bajo,OOF desarrollo
5f235ec16,data/raw_petfinder/train_images/5f235ec16-1.jpg,train,Mixed Breed,,0.3991070855949369,1,Bajo,OOF desarrollo
554965e66,data/raw_petfinder/train_images/554965e66-1.jpg,train,Mixed Breed,,0.6160408571086963,1,Alto,OOF desarrollo
f33f3512e,data/raw_petfinder/train_images/f33f3512e-1.jpg,train,Mixed Breed,,0.6267397117250371,1,Alto,OOF desarrollo
2b38b60d2,data/raw_petfinder/train_images/2b38b60d2-1.jpg,train,Mixed Breed,,0.7221902632589021,1,Alto,OOF desarrollo
fff4a6420,data/raw_petfinder/train_images/fff4a6420-1.jpg,valid,Golden Retriever,Mixed Breed,0.3048679134396509,0,Bajo,OOF desarrollo
f5170bc70,data/raw_petfinder/train_images/f5170bc70-1.jpg,valid,Mixed Breed,,0.4524164898188623,1,Bajo,OOF desarrollo
c32eb7405,data/raw_petfinder/train_images/c32eb7405-1.jpg,test,Terrier,Schnauzer,0.538283607166891,1,Medio,Test fuera de muestra
ce50f376f,data/raw_petfinder/train_images/ce50f376f-1.jpg,train,Mixed Breed,,0.4172907985735252,1,Bajo,OOF desarrollo
09e9110e2,data/raw_petfinder/train_images/09e9110e2-1.jpg,test,Mixed Breed,,0.7485043211000184,1,Alto,Test fuera de muestra
42fc9a244,data/raw_petfinder/train_images/42fc9a244-1.jpg,valid,Mixed Breed,German Shepherd Dog,0.4109723202312219,1,Bajo,OOF desarrollo
21ae91701,data/raw_petfinder/train_images/21ae91701-1.jpg,train,Mixed Breed,,0.4009758645454923,1,Bajo,OOF desarrollo
fbb3db415,data/raw_petfinder/train_images/fbb3db415-1.jpg,train,Mixed Breed,Mixed Breed,0.4678773938288578,1,Medio,OOF desarrollo
d6e372a1d,data/raw_petfinder/train_images/d6e372a1d-1.jpg,train,Mixed Breed,,0.6514579146110908,1,Alto,OOF desarrollo
cbdeed3f9,data/raw_petfinder/train_images/cbdeed3f9-1.jpg,train,Mixed Breed,,0.4575191649187103,1,Bajo,OOF desarrollo
df8425410,data/raw_petfinder/train_images/df8425410-1.jpg,train,Mixed Breed,,0.3263480042632387,0,Bajo,OOF desarrollo
ec53a8725,data/raw_petfinder/train_images/ec53a8725-1.jpg,train,Mixed Breed,,0.4993217442257389,1,Medio,OOF desarrollo
24d3b54ec,data/raw_petfinder/train_images/24d3b54ec-1.jpg,test,Mixed Breed,Mixed Breed,0.4355495413947513,1,Bajo,Test fuera de muestra
dd2452dfa,data/raw_petfinder/train_images/dd2452dfa-1.jpg,test,Mixed Breed,,0.5245314351420243,1,Medio,Test fuera de muestra
9223ae4c4,data/raw_petfinder/train_images/9223ae4c4-1.jpg,train,Mixed Breed,,0.6618091198153371,1,Alto,OOF desarrollo
b5ff2b987,data/raw_petfinder/train_images/b5ff2b987-1.jpg,train,Mixed Breed,Mixed Breed,0.5516048269638265,1,Medio,OOF desarrollo
bdbe9a6e3,data/raw_petfinder/train_images/bdbe9a6e3-1.jpg,train,Mixed Breed,Mixed Breed,0.4268217010357981,1,Bajo,OOF desarrollo
4f6c8d13e,data/raw_petfinder/train_images/4f6c8d13e-1.jpg,train,Mixed Breed,,0.485271769951721,1,Medio,OOF desarrollo
c135e081f,data/raw_petfinder/train_images/c135e081f-1.jpg,train,Mixed Breed,,0.4288314244169445,1,Bajo,OOF desarrollo
1dff1959b,data/raw_petfinder/train_images/1dff1959b-1.jpg,train,Mixed Breed,,0.6739984242383465,1,Alto,OOF desarrollo
d1da78c20,data/raw_petfinder/train_images/d1da78c20-1.jpg,train,Mixed Breed,,0.5691767668158347,1,Medio,OOF desarrollo
35fdb89c9,data/raw_petfinder/train_images/35fdb89c9-1.jpg,train,Mixed Breed,,0.2540071014080916,0,Bajo,OOF desarrollo
7d6847fba,data/raw_petfinder/train_images/7d6847fba-1.jpg,train,Mixed Breed,,0.6209700862047614,1,Alto,OOF desarrollo
5a5ec1a49,data/raw_petfinder/train_images/5a5ec1a49-1.jpg,train,Mixed Breed,Mixed Breed,0.6013032442885146,1,Medio,OOF desarrollo
483f1aae8,data/raw_petfinder/train_images/483f1aae8-1.jpg,valid,Mixed Breed,,0.623111394830336,1,Alto,OOF desarrollo
2ff9e9534,data/raw_petfinder/train_images/2ff9e9534-1.jpg,test,Mixed Breed,,0.6984866499141679,1,Alto,Test fuera de muestra
896e733b5,data/raw_petfinder/train_images/896e733b5-1.jpg,train,Mixed Breed,,0.6957825365938849,1,Alto,OOF desarrollo
28d20bc71,data/raw_petfinder/train_images/28d20bc71-1.jpg,train,Doberman Pinscher,Rottweiler,0.2783204761278313,0,Bajo,OOF desarrollo
784d3319e,data/raw_petfinder/train_images/784d3319e-1.jpg,test,Mixed Breed,Hound,0.6443689722785477,1,Alto,Test fuera de muestra
89dd8e9e9,data/raw_petfinder/train_images/89dd8e9e9-1.jpg,train,Mixed Breed,,0.4144152354392937,1,Bajo,OOF desarrollo
2b980afbc,data/raw_petfinder/train_images/2b980afbc-1.jpg,valid,Spitz,Mixed Breed,0.3654402002599652,0,Bajo,OOF desarrollo
f1b5c8b92,data/raw_petfinder/train_images/f1b5c8b92-1.jpg,test,Mixed Breed,,0.4223080369249663,1,Bajo,Test fuera de muestra
ab385bfae,data/raw_petfinder/train_images/ab385bfae-1.jpg,test,Mixed Breed,,0.6806444305868682,1,Alto,Test fuera de muestra
04f7eafde,data/raw_petfinder/train_images/04f7eafde-1.jpg,train,Mixed Breed,,0.2833974700895383,0,Bajo,OOF desarrollo
8fc22fd2c,data/raw_petfinder/train_images/8fc22fd2c-1.jpg,test,Mixed Breed,,0.6797327132363347,1,Alto,Test fuera de muestra
fe83618e5,data/raw_petfinder/train_images/fe83618e5-1.jpg,train,Jack Russell Terrier,,0.6469985155675138,1,Alto,OOF desarrollo
27e6b452b,data/raw_petfinder/train_images/27e6b452b-1.jpg,valid,Mixed Breed,Mixed Breed,0.7068912467911248,1,Alto,OOF desarrollo
53ac79c6c,data/raw_petfinder/train_images/53ac79c6c-1.jpg,test,Mixed Breed,,0.2994449629305483,0,Bajo,Test fuera de muestra
11b20ee8f,data/raw_petfinder/train_images/11b20ee8f-1.jpg,train,Mixed Breed,Terrier,0.5718231180860089,1,Medio,OOF desarrollo
8a7fcc8cd,data/raw_petfinder/train_images/8a7fcc8cd-1.jpg,train,Yellow Labrador Retriever,Mixed Breed,0.6009166461505978,1,Medio,OOF desarrollo
6868acfce,data/raw_petfinder/train_images/6868acfce-1.jpg,train,Mixed Breed,Mixed Breed,0.6488354137038673,1,Alto,OOF desarrollo
339a623c4,data/raw_petfinder/train_images/339a623c4-1.jpg,test,Schnauzer,,0.4638924922826709,1,Medio,Test fuera de muestra
0073c33d0,data/raw_petfinder/train_images/0073c33d0-1.jpg,train,Mixed Breed,,0.4892950093406862,1,Medio,OOF desarrollo
3f222f11f,data/raw_petfinder/train_images/3f222f11f-1.jpg,test,Mixed Breed,,0.6540827642806554,1,Alto,Test fuera de muestra
34fcc459a,data/raw_petfinder/train_images/34fcc459a-1.jpg,valid,Mixed Breed,,0.6101568756485831,1,Alto,OOF desarrollo
9d3d3b938,data/raw_petfinder/train_images/9d3d3b938-1.jpg,valid,Mixed Breed,,0.6938779404506608,1,Alto,OOF desarrollo
e4deffd71,data/raw_petfinder/train_images/e4deffd71-1.jpg,train,Mixed Breed,,0.4924933637427502,1,Medio,OOF desarrollo
59d95faef,data/raw_petfinder/train_images/59d95faef-1.jpg,train,Mixed Breed,Mixed Breed,0.6297278074213093,1,Alto,OOF desarrollo
4b2150d3a,data/raw_petfinder/train_images/4b2150d3a-1.jpg,train,Mixed Breed,,0.7439516476215062,1,Alto,OOF desarrollo
20ba919c6,data/raw_petfinder/train_images/20ba919c6-1.jpg,test,Terrier,Schnauzer,0.388853328808614,0,Bajo,Test fuera de muestra
79075eca4,data/raw_petfinder/train_images/79075eca4-1.jpg,train,Mixed Breed,,0.3635003627291744,0,Bajo,OOF desarrollo
3101ea018,data/raw_petfinder/train_images/3101ea018-1.jpg,train,Mixed Breed,,0.6161918759855791,1,Alto,OOF desarrollo
412b8d565,data/raw_petfinder/train_images/412b8d565-1.jpg,train,Mixed Breed,Mixed Breed,0.5522383623237237,1,Medio,OOF desarrollo
db33da35e,data/raw_petfinder/train_images/db33da35e-1.jpg,train,Mixed Breed,,0.3419721463478158,0,Bajo,OOF desarrollo
b25ad3ff0,data/raw_petfinder/train_images/b25ad3ff0-1.jpg,train,Mixed Breed,,0.7113445490968298,1,Alto,OOF desarrollo
63dad490d,data/raw_petfinder/train_images/63dad490d-1.jpg,test,Mixed Breed,,0.3549517349372224,0,Bajo,Test fuera de muestra
f44a6cdaf,data/raw_petfinder/train_images/f44a6cdaf-1.jpg,train,Mixed Breed,,0.481253146309569,1,Medio,OOF desarrollo
5601bd45c,data/raw_petfinder/train_images/5601bd45c-1.jpg,valid,Mixed Breed,,0.414533017749891,1,Bajo,OOF desarrollo
7964fc4ad,data/raw_petfinder/train_images/7964fc4ad-1.jpg,valid,Mixed Breed,,0.4097197696342183,1,Bajo,OOF desarrollo
6c196faec,data/raw_petfinder/train_images/6c196faec-1.jpg,valid,Mixed Breed,,0.4783793081718869,1,Medio,OOF desarrollo
8054aad26,data/raw_petfinder/train_images/8054aad26-1.jpg,train,Labrador Retriever,Mixed Breed,0.6914884219500068,1,Alto,OOF desarrollo
a111adc75,data/raw_petfinder/train_images/a111adc75-1.jpg,train,Mixed Breed,,0.3865284404452973,0,Bajo,OOF desarrollo
6831a72fd,data/raw_petfinder/train_images/6831a72fd-1.jpg,train,Mixed Breed,,0.6820120738677611,1,Alto,OOF desarrollo
67d853896,data/raw_petfinder/train_images/67d853896-1.jpg,train,Mixed Breed,,0.3350969904910479,0,Bajo,OOF desarrollo
b3b6d78f5,data/raw_petfinder/train_images/b3b6d78f5-1.jpg,test,Mixed Breed,,0.4033591654895966,1,Bajo,Test fuera de muestra
1bf044649,data/raw_petfinder/train_images/1bf044649-1.jpg,train,Mixed Breed,,0.5051643896150395,1,Medio,OOF desarrollo
35cc85250,data/raw_petfinder/train_images/35cc85250-1.jpg,test,Terrier,Mixed Breed,0.440399732454488,1,Bajo,Test fuera de muestra
2959602fc,data/raw_petfinder/train_images/2959602fc-1.jpg,train,Mixed Breed,,0.3173878349783025,0,Bajo,OOF desarrollo
f0b2787f5,data/raw_petfinder/train_images/f0b2787f5-1.jpg,train,Affenpinscher,,0.6619483065405496,1,Alto,OOF desarrollo
bec49d8b7,data/raw_petfinder/train_images/bec49d8b7-1.jpg,test,Beagle,,0.3618627645580391,0,Bajo,Test fuera de muestra
fd9a060d7,data/raw_petfinder/train_images/fd9a060d7-1.jpg,test,Golden Retriever,,0.5057115218770409,1,Medio,Test fuera de muestra
96703e01d,data/raw_petfinder/train_images/96703e01d-1.jpg,train,Mixed Breed,Mixed Breed,0.5269569246876407,1,Medio,OOF desarrollo
1123cd69d,data/raw_petfinder/train_images/1123cd69d-1.jpg,train,Mixed Breed,,0.6904424019613029,1,Alto,OOF desarrollo
bf5c5cded,data/raw_petfinder/train_images/bf5c5cded-1.jpg,test,Mixed Breed,,0.7455613870083972,1,Alto,Test fuera de muestra
ecad98f44,data/raw_petfinder/train_images/ecad98f44-1.jpg,valid,Rottweiler,,0.4236659672296119,1,Bajo,OOF desarrollo
6c551fd9b,data/raw_petfinder/train_images/6c551fd9b-1.jpg,test,Doberman Pinscher,,0.6176310462505423,1,Alto,Test fuera de muestra
5bee46079,data/raw_petfinder/train_images/5bee46079-1.jpg,train,Mixed Breed,,0.3973804828678866,1,Bajo,OOF desarrollo
2dd31e8ff,data/raw_petfinder/train_images/2dd31e8ff-1.jpg,train,Terrier,Dachshund,0.4962104086177282,1,Medio,OOF desarrollo
5b72e14bf,data/raw_petfinder/train_images/5b72e14bf-1.jpg,test,Mixed Breed,Retriever,0.525631779033038,1,Medio,Test fuera de muestra
869a1634e,data/raw_petfinder/train_images/869a1634e-1.jpg,valid,Husky,Spitz,0.4477242286206561,1,Bajo,OOF desarrollo
f61c4cead,data/raw_petfinder/train_images/f61c4cead-1.jpg,train,Mixed Breed,Mixed Breed,0.5249178111798004,1,Medio,OOF desarrollo
fe5dc391c,data/raw_petfinder/train_images/fe5dc391c-1.jpg,valid,Mixed Breed,,0.554254154586356,1,Medio,OOF desarrollo
c1816081f,data/raw_petfinder/train_images/c1816081f-1.jpg,train,Mixed Breed,Doberman Pinscher,0.7783213170723515,1,Alto,OOF desarrollo
7d73574ed,data/raw_petfinder/train_images/7d73574ed-1.jpg,train,Mixed Breed,,0.8048939345624075,1,Alto,OOF desarrollo
7c787403c,data/raw_petfinder/train_images/7c787403c-1.jpg,train,Golden Retriever,,0.3355911593080172,0,Bajo,OOF desarrollo
484af2d62,data/raw_petfinder/train_images/484af2d62-1.jpg,train,Mixed Breed,,0.7163855858908894,1,Alto,OOF desarrollo
a2b2f53be,data/raw_petfinder/train_images/a2b2f53be-1.jpg,train,Mixed Breed,Mixed Breed,0.4250252507026263,1,Bajo,OOF desarrollo
a6e37f91b,data/raw_petfinder/train_images/a6e37f91b-1.jpg,train,Mixed Breed,,0.575167030823433,1,Medio,OOF desarrollo
b02fcb74b,data/raw_petfinder/train_images/b02fcb74b-1.jpg,train,Mixed Breed,,0.4554716182334418,1,Bajo,OOF desarrollo
b84ad40b4,data/raw_petfinder/train_images/b84ad40b4-1.jpg,train,Mixed Breed,,0.343263964390865,0,Bajo,OOF desarrollo
c4ea89ddb,data/raw_petfinder/train_images/c4ea89ddb-1.jpg,train,Mixed Breed,,0.4883752642375815,1,Medio,OOF desarrollo
11a3055b7,data/raw_petfinder/train_images/11a3055b7-1.jpg,train,Labrador Retriever,,0.5380626445249153,1,Medio,OOF desarrollo
50eddd1bb,data/raw_petfinder/train_images/50eddd1bb-1.jpg,test,Mixed Breed,,0.7793387389254594,1,Alto,Test fuera de muestra
11c222a3c,data/raw_petfinder/train_images/11c222a3c-1.jpg,valid,Mixed Breed,,0.3924346671781135,1,Bajo,OOF desarrollo
b630ac493,data/raw_petfinder/train_images/b630ac493-1.jpg,train,Mixed Breed,,0.8376531866182426,1,Alto,OOF desarrollo
8693c4e7f,data/raw_petfinder/train_images/8693c4e7f-1.jpg,train,Mixed Breed,Labrador Retriever,0.6236672196947175,1,Alto,OOF desarrollo
828ac8371,data/raw_petfinder/train_images/828ac8371-1.jpg,train,Shih Tzu,,0.3228307503857865,0,Bajo,OOF desarrollo
8d862cd26,data/raw_petfinder/train_images/8d862cd26-1.jpg,test,Golden Retriever,,0.2289449894419077,0,Bajo,Test fuera de muestra
de9e02d44,data/raw_petfinder/train_images/de9e02d44-1.jpg,train,Schnauzer,,0.2892054912705412,0,Bajo,OOF desarrollo
7169c3e3a,data/raw_petfinder/train_images/7169c3e3a-1.jpg,train,Mixed Breed,,0.7588607494708923,1,Alto,OOF desarrollo
069fc79d6,data/raw_petfinder/train_images/069fc79d6-1.jpg,train,Poodle,,0.435305529393732,1,Bajo,OOF desarrollo
7ca7983b5,data/raw_petfinder/train_images/7ca7983b5-1.jpg,valid,Mixed Breed,,0.3798160526835538,0,Bajo,OOF desarrollo
064217ca4,data/raw_petfinder/train_images/064217ca4-1.jpg,test,Mixed Breed,,0.8145755776874433,1,Alto,Test fuera de muestra
1ae9a98d3,data/raw_petfinder/train_images/1ae9a98d3-1.jpg,train,Mixed Breed,,0.6792728656498535,1,Alto,OOF desarrollo
27226ea0c,data/raw_petfinder/train_images/27226ea0c-1.jpg,train,Mixed Breed,Mixed Breed,0.3332440026931354,0,Bajo,OOF desarrollo
bc4bbcef1,data/raw_petfinder/train_images/bc4bbcef1-1.jpg,train,Shih Tzu,,0.413292404172782,1,Bajo,OOF desarrollo
1bbf00182,data/raw_petfinder/train_images/1bbf00182-1.jpg,train,Mixed Breed,,0.5233782749193369,1,Medio,OOF desarrollo
15937e540,data/raw_petfinder/train_images/15937e540-1.jpg,train,Shih Tzu,,0.2894683349087528,0,Bajo,OOF desarrollo
965adb809,data/raw_petfinder/train_images/965adb809-1.jpg,train,Mixed Breed,,0.4211775282392352,1,Bajo,OOF desarrollo
e1cd37f6c,data/raw_petfinder/train_images/e1cd37f6c-1.jpg,train,Mixed Breed,Mixed Breed,0.3687374111340465,0,Bajo,OOF desarrollo
9ecb47019,data/raw_petfinder/train_images/9ecb47019-1.jpg,train,Mixed Breed,,0.3103808329898397,0,Bajo,OOF desarrollo
2e55bed12,data/raw_petfinder/train_images/2e55bed12-1.jpg,valid,Mixed Breed,Mixed Breed,0.4236734118023825,1,Bajo,OOF desarrollo
23941ded4,data/raw_petfinder/train_images/23941ded4-1.jpg,train,Miniature Pinscher,Mixed Breed,0.405307366190353,1,Bajo,OOF desarrollo
217fcf5f1,data/raw_petfinder/train_images/217fcf5f1-1.jpg,test,Mixed Breed,,0.5510850956628871,1,Medio,Test fuera de muestra
79d5a2615,data/raw_petfinder/train_images/79d5a2615-1.jpg,test,Poodle,,0.2712580627698118,0,Bajo,Test fuera de muestra
79bf5eb37,data/raw_petfinder/train_images/79bf5eb37-1.jpg,valid,Labrador Retriever,,0.4143394540596453,1,Bajo,OOF desarrollo
53895ad35,data/raw_petfinder/train_images/53895ad35-1.jpg,train,Mixed Breed,,0.451885211704314,1,Bajo,OOF desarrollo
abf0f2579,data/raw_petfinder/train_images/abf0f2579-1.jpg,test,Mixed Breed,,0.4923653181935641,1,Medio,Test fuera de muestra
5e0519e3d,data/raw_petfinder/train_images/5e0519e3d-1.jpg,train,Mixed Breed,,0.739423096070874,1,Alto,OOF desarrollo
3d63dfd14,data/raw_petfinder/train_images/3d63dfd14-1.jpg,train,Mixed Breed,Mixed Breed,0.4291152532211562,1,Bajo,OOF desarrollo
a63a0ac25,data/raw_petfinder/train_images/a63a0ac25-1.jpg,train,Mixed Breed,,0.4344277698899402,1,Bajo,OOF desarrollo
7ecd54695,data/raw_petfinder/train_images/7ecd54695-1.jpg,train,Mixed Breed,,0.6090921107897438,1,Alto,OOF desarrollo
b2b52ccf2,data/raw_petfinder/train_images/b2b52ccf2-1.jpg,valid,German Shepherd Dog,Mixed Breed,0.4147102124731108,1,Bajo,OOF desarrollo
520dc7925,data/raw_petfinder/train_images/520dc7925-1.jpg,valid,Rottweiler,,0.3052048298587476,0,Bajo,OOF desarrollo
266aee5b3,data/raw_petfinder/train_images/266aee5b3-1.jpg,train,Mixed Breed,,0.6407383235906376,1,Alto,OOF desarrollo
e95bb9197,data/raw_petfinder/train_images/e95bb9197-1.jpg,train,German Shepherd Dog,,0.5517853904252201,1,Medio,OOF desarrollo
ff7d25ffb,data/raw_petfinder/train_images/ff7d25ffb-1.jpg,valid,Mixed Breed,,0.4955973101236781,1,Medio,OOF desarrollo
8aeda3d62,data/raw_petfinder/train_images/8aeda3d62-1.jpg,test,Australian Terrier,,0.375443015049529,0,Bajo,Test fuera de muestra
c7e61f3c2,data/raw_petfinder/train_images/c7e61f3c2-1.jpg,test,Bull Terrier,,0.4056337243400976,1,Bajo,Test fuera de muestra
172c8129a,data/raw_petfinder/train_images/172c8129a-1.jpg,test,Terrier,Corgi,0.755073385407496,1,Alto,Test fuera de muestra
68b7c23f3,data/raw_petfinder/train_images/68b7c23f3-1.jpg,train,Mixed Breed,,0.5148912914110776,1,Medio,OOF desarrollo
34fe22f69,data/raw_petfinder/train_images/34fe22f69-1.jpg,test,Mixed Breed,,0.3499894662111658,0,Bajo,Test fuera de muestra
a362ad62e,data/raw_petfinder/train_images/a362ad62e-1.jpg,train,Mixed Breed,,0.2649408137252224,0,Bajo,OOF desarrollo
ca46b14de,data/raw_petfinder/train_images/ca46b14de-1.jpg,train,Mixed Breed,,0.5383731360259254,1,Medio,OOF desarrollo
14a9958e0,data/raw_petfinder/train_images/14a9958e0-1.jpg,train,Shih Tzu,,0.5080451124928573,1,Medio,OOF desarrollo
ec4089e58,data/raw_petfinder/train_images/ec4089e58-1.jpg,test,Mixed Breed,,0.582184486245876,1,Medio,Test fuera de muestra
9e2039291,data/raw_petfinder/train_images/9e2039291-1.jpg,train,Mixed Breed,,0.3838671863468177,0,Bajo,OOF desarrollo
ec182ebc4,data/raw_petfinder/train_images/ec182ebc4-1.jpg,train,Mixed Breed,,0.5739026273269645,1,Medio,OOF desarrollo
605ca1a51,data/raw_petfinder/train_images/605ca1a51-1.jpg,valid,Mixed Breed,,0.4101261590417431,1,Bajo,OOF desarrollo
c3eefdcd8,data/raw_petfinder/train_images/c3eefdcd8-1.jpg,train,Mixed Breed,,0.679084772573042,1,Alto,OOF desarrollo
83defd365,data/raw_petfinder/train_images/83defd365-1.jpg,test,Terrier,Mixed Breed,0.3463991563050189,0,Bajo,Test fuera de muestra
6561001c8,data/raw_petfinder/train_images/6561001c8-1.jpg,train,Mixed Breed,,0.5122970265595177,1,Medio,OOF desarrollo
dd79180bc,data/raw_petfinder/train_images/dd79180bc-1.jpg,train,Mixed Breed,,0.3743220380927358,0,Bajo,OOF desarrollo
7aa682539,data/raw_petfinder/train_images/7aa682539-1.jpg,train,Mixed Breed,Mixed Breed,0.5425364080225054,1,Medio,OOF desarrollo
f45beac10,data/raw_petfinder/train_images/f45beac10-1.jpg,train,Mixed Breed,,0.648426789645422,1,Alto,OOF desarrollo
1c28dc555,data/raw_petfinder/train_images/1c28dc555-1.jpg,train,Mixed Breed,,0.7804721328763049,1,Alto,OOF desarrollo
f49099d52,data/raw_petfinder/train_images/f49099d52-1.jpg,train,Pit Bull Terrier,,0.4124427631926668,1,Bajo,OOF desarrollo
14831f659,data/raw_petfinder/train_images/14831f659-1.jpg,train,Mixed Breed,,0.681598918510677,1,Alto,OOF desarrollo
2edeb7931,data/raw_petfinder/train_images/2edeb7931-1.jpg,train,Doberman Pinscher,Mixed Breed,0.4817549442325698,1,Medio,OOF desarrollo
69a1c3147,data/raw_petfinder/train_images/69a1c3147-1.jpg,train,Mixed Breed,Mixed Breed,0.5475609132832019,1,Medio,OOF desarrollo
3560a3e97,data/raw_petfinder/train_images/3560a3e97-1.jpg,train,Mixed Breed,,0.6723662986816538,1,Alto,OOF desarrollo
4eba3b5c0,data/raw_petfinder/train_images/4eba3b5c0-1.jpg,train,Mixed Breed,German Shepherd Dog,0.6256597061065896,1,Alto,OOF desarrollo
ef7555da8,data/raw_petfinder/train_images/ef7555da8-1.jpg,train,Miniature Pinscher,Mixed Breed,0.3717874524672629,0,Bajo,OOF desarrollo
8063090ec,data/raw_petfinder/train_images/8063090ec-1.jpg,test,Mixed Breed,Mixed Breed,0.6333660954195866,1,Alto,Test fuera de muestra
2ac1366f4,data/raw_petfinder/train_images/2ac1366f4-1.jpg,valid,Pug,,0.4583924010285528,1,Medio,OOF desarrollo
32eb3673a,data/raw_petfinder/train_images/32eb3673a-1.jpg,train,Mixed Breed,,0.4238396690921419,1,Bajo,OOF desarrollo
b28951b61,data/raw_petfinder/train_images/b28951b61-1.jpg,test,Mixed Breed,Dalmatian,0.6128424555528257,1,Alto,Test fuera de muestra
d50a1665e,data/raw_petfinder/train_images/d50a1665e-1.jpg,test,Mixed Breed,,0.5577789190599631,1,Medio,Test fuera de muestra
a43d578dd,data/raw_petfinder/train_images/a43d578dd-1.jpg,train,Mixed Breed,,0.4197896898637534,1,Bajo,OOF desarrollo
fc48054c2,data/raw_petfinder/train_images/fc48054c2-1.jpg,train,Mixed Breed,,0.2938824249181808,0,Bajo,OOF desarrollo
533916bd6,data/raw_petfinder/train_images/533916bd6-1.jpg,test,Mixed Breed,,0.471503886971437,1,Medio,Test fuera de muestra
5d168f0e6,data/raw_petfinder/train_images/5d168f0e6-1.jpg,train,Mixed Breed,Mixed Breed,0.5405936340647949,1,Medio,OOF desarrollo
27e16a68d,data/raw_petfinder/train_images/27e16a68d-1.jpg,train,Pekingese,,0.3455580631673709,0,Bajo,OOF desarrollo
b119aa181,data/raw_petfinder/train_images/b119aa181-1.jpg,train,Mixed Breed,,0.4892475385101734,1,Medio,OOF desarrollo
32f97388e,data/raw_petfinder/train_images/32f97388e-1.jpg,test,Mixed Breed,Mixed Breed,0.5787334704042818,1,Medio,Test fuera de muestra
04b5f77c0,data/raw_petfinder/train_images/04b5f77c0-1.jpg,valid,Mixed Breed,,0.8092732251729714,1,Alto,OOF desarrollo
c68936b74,data/raw_petfinder/train_images/c68936b74-1.jpg,test,Mixed Breed,Shepherd,0.7082964676232781,1,Alto,Test fuera de muestra
a7e623e5a,data/raw_petfinder/train_images/a7e623e5a-1.jpg,train,Poodle,,0.4099243400161313,1,Bajo,OOF desarrollo
d3b4f29f8,data/raw_petfinder/train_images/d3b4f29f8-1.jpg,test,Mixed Breed,Doberman Pinscher,0.4806569774771255,1,Medio,Test fuera de muestra
f94c2a347,data/raw_petfinder/train_images/f94c2a347-1.jpg,train,Mixed Breed,,0.6720186477595327,1,Alto,OOF desarrollo
0c862b8a3,data/raw_petfinder/train_images/0c862b8a3-1.jpg,valid,Mixed Breed,,0.749048082560875,1,Alto,OOF desarrollo
0cdb80095,data/raw_petfinder/train_images/0cdb80095-1.jpg,test,Golden Retriever,Mixed Breed,0.2968211155530908,0,Bajo,Test fuera de muestra
dcd7102d9,data/raw_petfinder/train_images/dcd7102d9-1.jpg,train,Labrador Retriever,,0.5842951595419487,1,Medio,OOF desarrollo
d302ad015,data/raw_petfinder/train_images/d302ad015-1.jpg,train,Mixed Breed,,0.4555184190436554,1,Bajo,OOF desarrollo
1b3492bde,data/raw_petfinder/train_images/1b3492bde-1.jpg,test,Toy Fox Terrier,Mixed Breed,0.4192879287524487,1,Bajo,Test fuera de muestra
e481cf862,data/raw_petfinder/train_images/e481cf862-1.jpg,test,Mixed Breed,Mixed Breed,0.6229591859327417,1,Alto,Test fuera de muestra
7fab3c124,data/raw_petfinder/train_images/7fab3c124-1.jpg,train,Doberman Pinscher,,0.3908073800752569,1,Bajo,OOF desarrollo
fe854f6a1,data/raw_petfinder/train_images/fe854f6a1-1.jpg,valid,Mixed Breed,Mixed Breed,0.3497780194671807,0,Bajo,OOF desarrollo
82dd5838f,data/raw_petfinder/train_images/82dd5838f-1.jpg,train,Mixed Breed,,0.456661042863921,1,Bajo,OOF desarrollo
8102d6dc7,data/raw_petfinder/train_images/8102d6dc7-1.jpg,train,Mixed Breed,,0.4774533820583765,1,Medio,OOF desarrollo
46f656f13,data/raw_petfinder/train_images/46f656f13-1.jpg,valid,Mixed Breed,,0.7180795360474821,1,Alto,OOF desarrollo
daeac2b84,data/raw_petfinder/train_images/daeac2b84-1.jpg,test,French Bulldog,,0.5130329080451097,1,Medio,Test fuera de muestra
e0781fb0a,data/raw_petfinder/train_images/e0781fb0a-1.jpg,train,Mixed Breed,Mixed Breed,0.450553853753837,1,Bajo,OOF desarrollo
d2cd71ec2,data/raw_petfinder/train_images/d2cd71ec2-1.jpg,train,Mixed Breed,Mixed Breed,0.8311614052441408,1,Alto,OOF desarrollo
5b0355a1b,data/raw_petfinder/train_images/5b0355a1b-1.jpg,train,Pit Bull Terrier,,0.3932959217662977,1,Bajo,OOF desarrollo
c77a68714,data/raw_petfinder/train_images/c77a68714-1.jpg,test,Mixed Breed,,0.6344750791598117,1,Alto,Test fuera de muestra
1d72ec242,data/raw_petfinder/train_images/1d72ec242-1.jpg,test,Mixed Breed,,0.363511661446689,0,Bajo,Test fuera de muestra
119903786,data/raw_petfinder/train_images/119903786-1.jpg,train,Mixed Breed,,0.3972399263926062,1,Bajo,OOF desarrollo
f5d514b10,data/raw_petfinder/train_images/f5d514b10-1.jpg,train,Mixed Breed,,0.3930629109727911,1,Bajo,OOF desarrollo
659dc9159,data/raw_petfinder/train_images/659dc9159-1.jpg,train,Mixed Breed,,0.3986738330201561,1,Bajo,OOF desarrollo
fc8388b28,data/raw_petfinder/train_images/fc8388b28-1.jpg,train,Beagle,,0.3682410981970881,0,Bajo,OOF desarrollo
988c18c10,data/raw_petfinder/train_images/988c18c10-1.jpg,train,Mixed Breed,,0.6608487601115915,1,Alto,OOF desarrollo
4d82fddba,data/raw_petfinder/train_images/4d82fddba-1.jpg,train,German Shepherd Dog,Husky,0.6350601058892658,1,Alto,OOF desarrollo
d25a850ae,data/raw_petfinder/train_images/d25a850ae-1.jpg,train,Mixed Breed,,0.68248534469806,1,Alto,OOF desarrollo
172d395a5,data/raw_petfinder/train_images/172d395a5-1.jpg,valid,Mixed Breed,Mixed Breed,0.4296361963685446,1,Bajo,OOF desarrollo
dfcbce94d,data/raw_petfinder/train_images/dfcbce94d-1.jpg,test,Mixed Breed,,0.3920188999949664,1,Bajo,Test fuera de muestra
460edc419,data/raw_petfinder/train_images/460edc419-1.jpg,valid,Mixed Breed,Mixed Breed,0.6063115159465463,1,Alto,OOF desarrollo
d79342c8d,data/raw_petfinder/train_images/d79342c8d-1.jpg,train,Mixed Breed,Mixed Breed,0.5796086866700568,1,Medio,OOF desarrollo
d5e351a09,data/raw_petfinder/train_images/d5e351a09-1.jpg,train,Mixed Breed,,0.5724974325599205,1,Medio,OOF desarrollo
a2ac8316b,data/raw_petfinder/train_images/a2ac8316b-1.jpg,train,Mixed Breed,,0.5578539015917976,1,Medio,OOF desarrollo
c53fb8a18,data/raw_petfinder/train_images/c53fb8a18-1.jpg,train,Mixed Breed,,0.5878283033218181,1,Medio,OOF desarrollo
7a84326ff,data/raw_petfinder/train_images/7a84326ff-1.jpg,test,Mixed Breed,,0.707469626561344,1,Alto,Test fuera de muestra
b12fb6709,data/raw_petfinder/train_images/b12fb6709-1.jpg,test,Mixed Breed,Mixed Breed,0.6666371812472693,1,Alto,Test fuera de muestra
619f26bfc,data/raw_petfinder/train_images/619f26bfc-1.jpg,valid,Mixed Breed,,0.4992198044242599,1,Medio,OOF desarrollo
f06cf606d,data/raw_petfinder/train_images/f06cf606d-1.jpg,train,Mixed Breed,,0.4229881576793944,1,Bajo,OOF desarrollo
a92c2f233,data/raw_petfinder/train_images/a92c2f233-1.jpg,test,Mixed Breed,,0.5686066671715735,1,Medio,Test fuera de muestra
a29c12bef,data/raw_petfinder/train_images/a29c12bef-1.jpg,valid,Mixed Breed,,0.7200362843245098,1,Alto,OOF desarrollo
cae004390,data/raw_petfinder/train_images/cae004390-1.jpg,valid,Boston Terrier,,0.4549446017966207,1,Bajo,OOF desarrollo
26901ccb0,data/raw_petfinder/train_images/26901ccb0-1.jpg,train,Mixed Breed,,0.3244447021018836,0,Bajo,OOF desarrollo
4715f897c,data/raw_petfinder/train_images/4715f897c-1.jpg,train,Mixed Breed,,0.6030963676617008,1,Medio,OOF desarrollo
282678629,data/raw_petfinder/train_images/282678629-1.jpg,valid,Mixed Breed,Mixed Breed,0.7205719133708332,1,Alto,OOF desarrollo
2683c99f1,data/raw_petfinder/train_images/2683c99f1-1.jpg,train,Mixed Breed,,0.5441426038483949,1,Medio,OOF desarrollo
f94ea9d92,data/raw_petfinder/train_images/f94ea9d92-1.jpg,train,Mixed Breed,,0.5714766209433534,1,Medio,OOF desarrollo
a58fef87c,data/raw_petfinder/train_images/a58fef87c-1.jpg,test,Mixed Breed,Mixed Breed,0.7208610489106898,1,Alto,Test fuera de muestra
50723f2c3,data/raw_petfinder/train_images/50723f2c3-1.jpg,test,Mixed Breed,,0.4833123734305673,1,Medio,Test fuera de muestra
1fbf04fab,data/raw_petfinder/train_images/1fbf04fab-1.jpg,train,Mixed Breed,Jack Russell Terrier,0.3528268542995328,0,Bajo,OOF desarrollo
ef1d7c2a1,data/raw_petfinder/train_images/ef1d7c2a1-1.jpg,train,Mixed Breed,,0.6041751072300812,1,Medio,OOF desarrollo
df1507e61,data/raw_petfinder/train_images/df1507e61-1.jpg,train,Mixed Breed,,0.4050781513534671,1,Bajo,OOF desarrollo
58396d68b,data/raw_petfinder/train_images/58396d68b-1.jpg,train,Shih Tzu,,0.5158904844239438,1,Medio,OOF desarrollo
c69bdf768,data/raw_petfinder/train_images/c69bdf768-1.jpg,test,Mixed Breed,,0.5489560213379533,1,Medio,Test fuera de muestra
902114441,data/raw_petfinder/train_images/902114441-1.jpg,train,Labrador Retriever,Mixed Breed,0.4495518906191034,1,Bajo,OOF desarrollo
ab8dfa983,data/raw_petfinder/train_images/ab8dfa983-1.jpg,valid,Rottweiler,,0.3834598572923638,0,Bajo,OOF desarrollo
d7185ffc1,data/raw_petfinder/train_images/d7185ffc1-1.jpg,train,Mixed Breed,,0.8351018330375628,1,Alto,OOF desarrollo
4b949e5c7,data/raw_petfinder/train_images/4b949e5c7-1.jpg,train,Spitz,Mixed Breed,0.505036627689651,1,Medio,OOF desarrollo
041dd606f,data/raw_petfinder/train_images/041dd606f-1.jpg,train,Labrador Retriever,Mixed Breed,0.4028720671319721,1,Bajo,OOF desarrollo
933b2b3d4,data/raw_petfinder/train_images/933b2b3d4-1.jpg,train,Mixed Breed,,0.3613208989309125,0,Bajo,OOF desarrollo
4f4028c04,data/raw_petfinder/train_images/4f4028c04-1.jpg,train,Mixed Breed,,0.3076352992174025,0,Bajo,OOF desarrollo
733ccdc63,data/raw_petfinder/train_images/733ccdc63-1.jpg,valid,Mixed Breed,,0.6278837966136988,1,Alto,OOF desarrollo
5a567392e,data/raw_petfinder/train_images/5a567392e-1.jpg,train,Doberman Pinscher,Mixed Breed,0.5759836222154796,1,Medio,OOF desarrollo
5347d6835,data/raw_petfinder/train_images/5347d6835-1.jpg,valid,Mixed Breed,,0.7373388955813285,1,Alto,OOF desarrollo
0cb52145c,data/raw_petfinder/train_images/0cb52145c-1.jpg,train,Mixed Breed,,0.418579915209187,1,Bajo,OOF desarrollo
3d1d0f102,data/raw_petfinder/train_images/3d1d0f102-1.jpg,test,Terrier,Mixed Breed,0.4627678270199272,1,Medio,Test fuera de muestra
e6d59d514,data/raw_petfinder/train_images/e6d59d514-1.jpg,train,Mixed Breed,,0.4009110640382242,1,Bajo,OOF desarrollo
2d9bdbca9,data/raw_petfinder/train_images/2d9bdbca9-1.jpg,train,Mixed Breed,Labrador Retriever,0.6121699403567047,1,Alto,OOF desarrollo
2ad939a78,data/raw_petfinder/train_images/2ad939a78-1.jpg,train,Mixed Breed,Mixed Breed,0.5800864520216131,1,Medio,OOF desarrollo
7e3680561,data/raw_petfinder/train_images/7e3680561-1.jpg,train,Mixed Breed,,0.2616109824546953,0,Bajo,OOF desarrollo
6003cc8cf,data/raw_petfinder/train_images/6003cc8cf-1.jpg,train,Mixed Breed,,0.4509188657483688,1,Bajo,OOF desarrollo
e92713811,data/raw_petfinder/train_images/e92713811-1.jpg,train,Mixed Breed,Labrador Retriever,0.6399535797055733,1,Alto,OOF desarrollo
079565e72,data/raw_petfinder/train_images/079565e72-1.jpg,train,Mixed Breed,,0.6217656012746469,1,Alto,OOF desarrollo
4745e5286,data/raw_petfinder/train_images/4745e5286-1.jpg,train,Mixed Breed,,0.6843632020336451,1,Alto,OOF desarrollo
80f1863b8,data/raw_petfinder/train_images/80f1863b8-1.jpg,train,Mixed Breed,,0.4759152898090893,1,Medio,OOF desarrollo
59b66be84,data/raw_petfinder/train_images/59b66be84-1.jpg,valid,Mixed Breed,,0.5139165696815047,1,Medio,OOF desarrollo
bb675d874,data/raw_petfinder/train_images/bb675d874-1.jpg,train,Doberman Pinscher,,0.471322068418551,1,Medio,OOF desarrollo
4f402845d,data/raw_petfinder/train_images/4f402845d-1.jpg,test,Australian Kelpie,Mixed Breed,0.3462303965975029,0,Bajo,Test fuera de muestra
89788a8fd,data/raw_petfinder/train_images/89788a8fd-1.jpg,train,Mixed Breed,,0.5173766495487896,1,Medio,OOF desarrollo
0058586f1,data/raw_petfinder/train_images/0058586f1-1.jpg,train,Labrador Retriever,,0.52340760831956,1,Medio,OOF desarrollo
f53c216e2,data/raw_petfinder/train_images/f53c216e2-1.jpg,valid,Labrador Retriever,Beagle,0.4128701037175695,1,Bajo,OOF desarrollo
4175a27e1,data/raw_petfinder/train_images/4175a27e1-1.jpg,train,Mixed Breed,Mixed Breed,0.6880556858510523,1,Alto,OOF desarrollo
fa41fb473,data/raw_petfinder/train_images/fa41fb473-1.jpg,train,Dalmatian,Mixed Breed,0.3614377524627813,0,Bajo,OOF desarrollo
ca7a148c0,data/raw_petfinder/train_images/ca7a148c0-1.jpg,train,Mixed Breed,,0.4106814842044986,1,Bajo,OOF desarrollo
a14caa3ea,data/raw_petfinder/train_images/a14caa3ea-1.jpg,train,Mixed Breed,Mixed Breed,0.4432635455812981,1,Bajo,OOF desarrollo
966598774,data/raw_petfinder/train_images/966598774-1.jpg,valid,Mixed Breed,,0.7680727515359362,1,Alto,OOF desarrollo
3e5627478,data/raw_petfinder/train_images/3e5627478-1.jpg,train,Mixed Breed,,0.5815319818307096,1,Medio,OOF desarrollo
afb230f5a,data/raw_petfinder/train_images/afb230f5a-1.jpg,test,Mixed Breed,,0.2859675231894636,0,Bajo,Test fuera de muestra
8660ad37b,data/raw_petfinder/train_images/8660ad37b-1.jpg,valid,Mixed Breed,Mixed Breed,0.7088772267931032,1,Alto,OOF desarrollo
fded1ee28,data/raw_petfinder/train_images/fded1ee28-1.jpg,test,Mixed Breed,,0.5979651263072945,1,Medio,Test fuera de muestra
a0fb6cd44,data/raw_petfinder/train_images/a0fb6cd44-1.jpg,test,Labrador Retriever,Mixed Breed,0.5613841965675328,1,Medio,Test fuera de muestra
9c64232b3,data/raw_petfinder/train_images/9c64232b3-1.jpg,train,German Shepherd Dog,Miniature Pinscher,0.2587717545261432,0,Bajo,OOF desarrollo
f68a56b90,data/raw_petfinder/train_images/f68a56b90-1.jpg,train,Mixed Breed,,0.8085033078889834,1,Alto,OOF desarrollo
08f54d056,data/raw_petfinder/train_images/08f54d056-1.jpg,train,Mixed Breed,,0.4755471754683777,1,Medio,OOF desarrollo
17a5487d2,data/raw_petfinder/train_images/17a5487d2-1.jpg,train,Mixed Breed,,0.6922865116152427,1,Alto,OOF desarrollo
19745f3dc,data/raw_petfinder/train_images/19745f3dc-1.jpg,train,Mixed Breed,Mixed Breed,0.5710741422910532,1,Medio,OOF desarrollo
afdc5f01d,data/raw_petfinder/train_images/afdc5f01d-1.jpg,train,German Shepherd Dog,Mixed Breed,0.4509776855204861,1,Bajo,OOF desarrollo
64f41ee68,data/raw_petfinder/train_images/64f41ee68-1.jpg,test,Mixed Breed,,0.7280774056939893,1,Alto,Test fuera de muestra
403aa5c4b,data/raw_petfinder/train_images/403aa5c4b-1.jpg,train,Mixed Breed,Mixed Breed,0.4898379985878908,1,Medio,OOF desarrollo
ef4dce041,data/raw_petfinder/train_images/ef4dce041-1.jpg,train,Mixed Breed,Mixed Breed,0.6404789610438384,1,Alto,OOF desarrollo
5cbe99be7,data/raw_petfinder/train_images/5cbe99be7-1.jpg,train,Mixed Breed,,0.3919448385460508,1,Bajo,OOF desarrollo
6f07e7abf,data/raw_petfinder/train_images/6f07e7abf-1.jpg,test,Mixed Breed,,0.2633909367946588,0,Bajo,Test fuera de muestra
be16b20d6,data/raw_petfinder/train_images/be16b20d6-1.jpg,valid,Mixed Breed,Pit Bull Terrier,0.4782889847609625,1,Medio,OOF desarrollo
9b56301b6,data/raw_petfinder/train_images/9b56301b6-1.jpg,train,Mixed Breed,,0.5621406204773794,1,Medio,OOF desarrollo
ec13e5f25,data/raw_petfinder/train_images/ec13e5f25-1.jpg,train,Shar Pei,,0.3204526049679114,0,Bajo,OOF desarrollo
f6beefaeb,data/raw_petfinder/train_images/f6beefaeb-1.jpg,test,Mixed Breed,,0.2956167132158248,0,Bajo,Test fuera de muestra
bd59fdd99,data/raw_petfinder/train_images/bd59fdd99-1.jpg,train,Mixed Breed,,0.618104800450112,1,Alto,OOF desarrollo
17ac391be,data/raw_petfinder/train_images/17ac391be-1.jpg,train,Wheaten Terrier,,0.6603041469049485,1,Alto,OOF desarrollo
ae4ebeb3e,data/raw_petfinder/train_images/ae4ebeb3e-1.jpg,train,Mixed Breed,,0.5927908656265463,1,Medio,OOF desarrollo
c3208c19d,data/raw_petfinder/train_images/c3208c19d-1.jpg,train,Mixed Breed,Mixed Breed,0.455515575788993,1,Bajo,OOF desarrollo
1758efd47,data/raw_petfinder/train_images/1758efd47-1.jpg,train,Mixed Breed,,0.7665936688724155,1,Alto,OOF desarrollo
8f26b1b5c,data/raw_petfinder/train_images/8f26b1b5c-1.jpg,train,Mixed Breed,,0.5330579529978466,1,Medio,OOF desarrollo
982564925,data/raw_petfinder/train_images/982564925-1.jpg,train,Mixed Breed,Mixed Breed,0.4468585731484097,1,Bajo,OOF desarrollo
45c718348,data/raw_petfinder/train_images/45c718348-1.jpg,train,Beagle,Mixed Breed,0.5943109072240453,1,Medio,OOF desarrollo
8d51c3200,data/raw_petfinder/train_images/8d51c3200-1.jpg,train,Mixed Breed,,0.412323293002561,1,Bajo,OOF desarrollo
86386b0c0,data/raw_petfinder/train_images/86386b0c0-1.jpg,train,Mixed Breed,,0.5649337140475288,1,Medio,OOF desarrollo
b9568ee6f,data/raw_petfinder/train_images/b9568ee6f-1.jpg,train,Mixed Breed,,0.7620123438707226,1,Alto,OOF desarrollo
94918fff6,data/raw_petfinder/train_images/94918fff6-1.jpg,train,Jack Russell Terrier,Mixed Breed,0.5656478107043765,1,Medio,OOF desarrollo
a55f8d58a,data/raw_petfinder/train_images/a55f8d58a-1.jpg,train,Mixed Breed,,0.3552653187324463,0,Bajo,OOF desarrollo
816005a03,data/raw_petfinder/train_images/816005a03-1.jpg,train,Saint Bernard,,0.2233125673952969,0,Bajo,OOF desarrollo
cac68ead1,data/raw_petfinder/train_images/cac68ead1-1.jpg,train,Mixed Breed,,0.567245859079321,1,Medio,OOF desarrollo
7cf995ca4,data/raw_petfinder/train_images/7cf995ca4-1.jpg,train,Golden Retriever,Golden Retriever,0.4270935207082824,1,Bajo,OOF desarrollo
ce344f70e,data/raw_petfinder/train_images/ce344f70e-1.jpg,train,Mixed Breed,,0.5622137423280575,1,Medio,OOF desarrollo
4525391a7,data/raw_petfinder/train_images/4525391a7-1.jpg,test,Mixed Breed,,0.745929516731295,1,Alto,Test fuera de muestra
bcf546cb8,data/raw_petfinder/train_images/bcf546cb8-1.jpg,train,Mixed Breed,Rottweiler,0.3504518144859261,0,Bajo,OOF desarrollo
b5c553616,data/raw_petfinder/train_images/b5c553616-1.jpg,train,Mixed Breed,,0.5143085531309013,1,Medio,OOF desarrollo
6c3d7237b,data/raw_petfinder/train_images/6c3d7237b-1.jpg,train,Mixed Breed,,0.6206541004057534,1,Alto,OOF desarrollo
196f95fdb,data/raw_petfinder/train_images/196f95fdb-1.jpg,valid,Mixed Breed,,0.3345098769917865,0,Bajo,OOF desarrollo
a528683b3,data/raw_petfinder/train_images/a528683b3-1.jpg,test,Mixed Breed,Hound,0.8079441557782372,1,Alto,Test fuera de muestra
664d0bed8,data/raw_petfinder/train_images/664d0bed8-1.jpg,train,Mixed Breed,,0.4936288294395549,1,Medio,OOF desarrollo
e315452b5,data/raw_petfinder/train_images/e315452b5-1.jpg,train,Mixed Breed,Mixed Breed,0.5371808901205364,1,Medio,OOF desarrollo
83dff4077,data/raw_petfinder/train_images/83dff4077-1.jpg,train,Mixed Breed,,0.3496776614148423,0,Bajo,OOF desarrollo
6d6bb4a66,data/raw_petfinder/train_images/6d6bb4a66-1.jpg,valid,Basset Hound,,0.5750461439796992,1,Medio,OOF desarrollo
805dcae38,data/raw_petfinder/train_images/805dcae38-1.jpg,test,Mixed Breed,,0.5431027802454079,1,Medio,Test fuera de muestra
c76384236,data/raw_petfinder/train_images/c76384236-1.jpg,test,Rottweiler,,0.5066546671064174,1,Medio,Test fuera de muestra
b9aead110,data/raw_petfinder/train_images/b9aead110-1.jpg,test,Mixed Breed,,0.4464144314510405,1,Bajo,Test fuera de muestra
b147d1870,data/raw_petfinder/train_images/b147d1870-1.jpg,train,Mixed Breed,,0.6158583679017704,1,Alto,OOF desarrollo
2a19120e7,data/raw_petfinder/train_images/2a19120e7-1.jpg,test,Jack Russell Terrier,,0.6186153444250837,1,Alto,Test fuera de muestra
951352bea,data/raw_petfinder/train_images/951352bea-1.jpg,test,Mixed Breed,,0.262897186458716,0,Bajo,Test fuera de muestra
93685a66f,data/raw_petfinder/train_images/93685a66f-1.jpg,valid,Mixed Breed,,0.431817107140404,1,Bajo,OOF desarrollo
a1188fdb7,data/raw_petfinder/train_images/a1188fdb7-1.jpg,train,Mixed Breed,,0.3982715502199798,1,Bajo,OOF desarrollo
8d7c78428,data/raw_petfinder/train_images/8d7c78428-1.jpg,train,Mixed Breed,,0.8364560501076206,1,Alto,OOF desarrollo
4194f0f66,data/raw_petfinder/train_images/4194f0f66-1.jpg,valid,Mixed Breed,,0.4364902137407385,1,Bajo,OOF desarrollo
94d930dae,data/raw_petfinder/train_images/94d930dae-1.jpg,train,Belgian Shepherd Dog Sheepdog,,0.598194302818126,1,Medio,OOF desarrollo
85fd5df90,data/raw_petfinder/train_images/85fd5df90-1.jpg,train,Spitz,Mixed Breed,0.6317615612427416,1,Alto,OOF desarrollo
4c9e42452,data/raw_petfinder/train_images/4c9e42452-1.jpg,valid,Mixed Breed,,0.7071603915653026,1,Alto,OOF desarrollo
53abbdf1d,data/raw_petfinder/train_images/53abbdf1d-1.jpg,train,Mixed Breed,Mixed Breed,0.4765057236594631,1,Medio,OOF desarrollo
d37de633e,data/raw_petfinder/train_images/d37de633e-1.jpg,train,Mixed Breed,,0.6079131127507875,1,Alto,OOF desarrollo
a5f08e991,data/raw_petfinder/train_images/a5f08e991-1.jpg,train,Mixed Breed,,0.5159628264767907,1,Medio,OOF desarrollo
92f84c5b7,data/raw_petfinder/train_images/92f84c5b7-1.jpg,train,Mixed Breed,,0.6633300813314529,1,Alto,OOF desarrollo
48bfc494a,data/raw_petfinder/train_images/48bfc494a-1.jpg,test,Mixed Breed,,0.4619639216152147,1,Medio,Test fuera de muestra
5b64325b9,data/raw_petfinder/train_images/5b64325b9-1.jpg,train,Labrador Retriever,,0.5051443915871249,1,Medio,OOF desarrollo
87c19915b,data/raw_petfinder/train_images/87c19915b-1.jpg,train,Mixed Breed,Mixed Breed,0.3075054204077088,0,Bajo,OOF desarrollo
f21d7ec45,data/raw_petfinder/train_images/f21d7ec45-1.jpg,test,Mixed Breed,,0.5576038982069629,1,Medio,Test fuera de muestra
92fae4396,data/raw_petfinder/train_images/92fae4396-1.jpg,train,Rottweiler,,0.4026194540533087,1,Bajo,OOF desarrollo
0e6c32c9f,data/raw_petfinder/train_images/0e6c32c9f-1.jpg,train,Mixed Breed,,0.389936656838224,0,Bajo,OOF desarrollo
948a1a82c,data/raw_petfinder/train_images/948a1a82c-1.jpg,valid,Mixed Breed,,0.7653482095529605,1,Alto,OOF desarrollo
db044e38b,data/raw_petfinder/train_images/db044e38b-1.jpg,train,Mixed Breed,Labrador Retriever,0.6401205605993854,1,Alto,OOF desarrollo
df0b49ce7,data/raw_petfinder/train_images/df0b49ce7-1.jpg,train,Cocker Spaniel,,0.436716647164992,1,Bajo,OOF desarrollo
683f1dfd8,data/raw_petfinder/train_images/683f1dfd8-1.jpg,test,Mixed Breed,,0.7753496888019369,1,Alto,Test fuera de muestra
6ab29b3d4,data/raw_petfinder/train_images/6ab29b3d4-1.jpg,train,Mixed Breed,,0.4963337597073436,1,Medio,OOF desarrollo
67ab87b4a,data/raw_petfinder/train_images/67ab87b4a-1.jpg,test,Rottweiler,Rottweiler,0.3103189639729369,0,Bajo,Test fuera de muestra
c37bb10fd,data/raw_petfinder/train_images/c37bb10fd-1.jpg,test,Cocker Spaniel,,0.3119068262791,0,Bajo,Test fuera de muestra
1b154dffa,data/raw_petfinder/train_images/1b154dffa-1.jpg,test,Mixed Breed,,0.6422648182429592,1,Alto,Test fuera de muestra
91add3784,data/raw_petfinder/train_images/91add3784-1.jpg,test,Labrador Retriever,,0.6260242882260849,1,Alto,Test fuera de muestra
0940ecf2b,data/raw_petfinder/train_images/0940ecf2b-1.jpg,train,Dalmatian,Dachshund,0.6003318809354106,1,Medio,OOF desarrollo
f8e3fabe6,data/raw_petfinder/train_images/f8e3fabe6-1.jpg,test,Mixed Breed,,0.6915290551808135,1,Alto,Test fuera de muestra
48769873a,data/raw_petfinder/train_images/48769873a-1.jpg,train,Shih Tzu,,0.4111178425055919,1,Bajo,OOF desarrollo
acb614bba,data/raw_petfinder/train_images/acb614bba-1.jpg,valid,Mixed Breed,Mixed Breed,0.6642414343233872,1,Alto,OOF desarrollo
c6e763332,data/raw_petfinder/train_images/c6e763332-1.jpg,train,Mixed Breed,Mixed Breed,0.5416133235662167,1,Medio,OOF desarrollo
031a01c36,data/raw_petfinder/train_images/031a01c36-1.jpg,train,Mixed Breed,,0.5146271184560555,1,Medio,OOF desarrollo
eb3b2ad1f,data/raw_petfinder/train_images/eb3b2ad1f-1.jpg,valid,Labrador Retriever,Mixed Breed,0.5575078550225996,1,Medio,OOF desarrollo
0f4291ce6,data/raw_petfinder/train_images/0f4291ce6-1.jpg,test,Mixed Breed,,0.62979087913385,1,Alto,Test fuera de muestra
fff6f2f61,data/raw_petfinder/train_images/fff6f2f61-1.jpg,test,Terrier,Mixed Breed,0.5602086379882387,1,Medio,Test fuera de muestra
e98593be6,data/raw_petfinder/train_images/e98593be6-1.jpg,train,Mixed Breed,,0.3022338486813954,0,Bajo,OOF desarrollo
0e4cf50f4,data/raw_petfinder/train_images/0e4cf50f4-1.jpg,test,Mixed Breed,,0.609751758595771,1,Alto,Test fuera de muestra
0ac6fe826,data/raw_petfinder/train_images/0ac6fe826-1.jpg,valid,Mixed Breed,,0.7785806055547311,1,Alto,OOF desarrollo
b2385d700,data/raw_petfinder/train_images/b2385d700-1.jpg,train,Mixed Breed,,0.4724345275752575,1,Medio,OOF desarrollo
a47931d69,data/raw_petfinder/train_images/a47931d69-1.jpg,valid,Bull Terrier,,0.3726918591804783,0,Bajo,OOF desarrollo
ebeebeee4,data/raw_petfinder/train_images/ebeebeee4-1.jpg,test,Mixed Breed,,0.4705858283018747,1,Medio,Test fuera de muestra
e472219f1,data/raw_petfinder/train_images/e472219f1-1.jpg,train,Mixed Breed,,0.6606180619047737,1,Alto,OOF desarrollo
b00d0fe1c,data/raw_petfinder/train_images/b00d0fe1c-1.jpg,train,Mixed Breed,,0.4764240792720563,1,Medio,OOF desarrollo
4e9a13862,data/raw_petfinder/train_images/4e9a13862-1.jpg,train,Mixed Breed,Beagle,0.485419802018838,1,Medio,OOF desarrollo
1a0ee9580,data/raw_petfinder/train_images/1a0ee9580-1.jpg,train,Mixed Breed,Mixed Breed,0.8217209263447982,1,Alto,OOF desarrollo
277014d80,data/raw_petfinder/train_images/277014d80-1.jpg,train,Bullmastiff,Mixed Breed,0.390127991099736,1,Bajo,OOF desarrollo
65daac431,data/raw_petfinder/train_images/65daac431-1.jpg,train,Mixed Breed,Mixed Breed,0.4114278166234916,1,Bajo,OOF desarrollo
b6256e92e,data/raw_petfinder/train_images/b6256e92e-1.jpg,test,Shih Tzu,,0.5025999888053624,1,Medio,Test fuera de muestra
10ae2697f,data/raw_petfinder/train_images/10ae2697f-1.jpg,train,Mixed Breed,,0.3246386502528527,0,Bajo,OOF desarrollo
d49ea4e84,data/raw_petfinder/train_images/d49ea4e84-1.jpg,train,Mixed Breed,,0.6246574778223108,1,Alto,OOF desarrollo
fe5d572be,data/raw_petfinder/train_images/fe5d572be-1.jpg,train,Mixed Breed,Mixed Breed,0.485589675833262,1,Medio,OOF desarrollo
15bcbb6e2,data/raw_petfinder/train_images/15bcbb6e2-1.jpg,test,Mixed Breed,,0.5928781078580865,1,Medio,Test fuera de muestra
fcf5f5a0d,data/raw_petfinder/train_images/fcf5f5a0d-1.jpg,train,Mixed Breed,,0.5571311216596335,1,Medio,OOF desarrollo
baefc2985,data/raw_petfinder/train_images/baefc2985-1.jpg,valid,Mixed Breed,,0.2937362032913945,0,Bajo,OOF desarrollo
ea383096f,data/raw_petfinder/train_images/ea383096f-1.jpg,test,Mixed Breed,,0.3763664845455557,0,Bajo,Test fuera de muestra
0f9d7b0f9,data/raw_petfinder/train_images/0f9d7b0f9-1.jpg,train,Mixed Breed,,0.7853948763572742,1,Alto,OOF desarrollo
95696f11b,data/raw_petfinder/train_images/95696f11b-1.jpg,valid,Border Collie,,0.2831373052164649,0,Bajo,OOF desarrollo
05febeea3,data/raw_petfinder/train_images/05febeea3-1.jpg,valid,Mixed Breed,,0.7647077876585249,1,Alto,OOF desarrollo
34482d66a,data/raw_petfinder/train_images/34482d66a-1.jpg,train,Mixed Breed,,0.5304933033597303,1,Medio,OOF desarrollo
fadae6510,data/raw_petfinder/train_images/fadae6510-1.jpg,train,Jack Russell Terrier,Mixed Breed,0.6081983001452411,1,Alto,OOF desarrollo
724736153,data/raw_petfinder/train_images/724736153-1.jpg,train,Mixed Breed,Mixed Breed,0.4802647609077364,1,Medio,OOF desarrollo
6dc2f0739,data/raw_petfinder/train_images/6dc2f0739-1.jpg,valid,Mixed Breed,Labrador Retriever,0.6314978011511693,1,Alto,OOF desarrollo
47453584e,data/raw_petfinder/train_images/47453584e-1.jpg,test,Golden Retriever,,0.6120583880690351,1,Alto,Test fuera de muestra
756d92515,data/raw_petfinder/train_images/756d92515-1.jpg,valid,Mixed Breed,,0.3831002201948916,0,Bajo,OOF desarrollo
112ae92e0,data/raw_petfinder/train_images/112ae92e0-1.jpg,test,Mixed Breed,Hound,0.6475182413375542,1,Alto,Test fuera de muestra
52a88696e,data/raw_petfinder/train_images/52a88696e-1.jpg,valid,Shih Tzu,Terrier,0.2312357546502034,0,Bajo,OOF desarrollo
fed43b600,data/raw_petfinder/train_images/fed43b600-1.jpg,train,Mixed Breed,,0.3004370218341504,0,Bajo,OOF desarrollo
411792ceb,data/raw_petfinder/train_images/411792ceb-1.jpg,train,Mixed Breed,,0.6927932740370367,1,Alto,OOF desarrollo
0164a9cfb,data/raw_petfinder/train_images/0164a9cfb-1.jpg,train,Mixed Breed,Spitz,0.6589471914564562,1,Alto,OOF desarrollo
245bfe92f,data/raw_petfinder/train_images/245bfe92f-1.jpg,train,Mixed Breed,Labrador Retriever,0.5863397838287313,1,Medio,OOF desarrollo
76f668025,data/raw_petfinder/train_images/76f668025-1.jpg,train,Mixed Breed,,0.2978470338037231,0,Bajo,OOF desarrollo
448770499,data/raw_petfinder/train_images/448770499-1.jpg,train,Shih Tzu,,0.3059261843894181,0,Bajo,OOF desarrollo
c5d1b9bf9,data/raw_petfinder/train_images/c5d1b9bf9-1.jpg,valid,Labrador Retriever,Mixed Breed,0.5153879967986705,1,Medio,OOF desarrollo
d30dcea91,data/raw_petfinder/train_images/d30dcea91-1.jpg,train,Mixed Breed,,0.5831264319610563,1,Medio,OOF desarrollo
6984b9727,data/raw_petfinder/train_images/6984b9727-1.jpg,train,Mixed Breed,,0.757253524409715,1,Alto,OOF desarrollo
682ed2e7b,data/raw_petfinder/train_images/682ed2e7b-1.jpg,train,Mixed Breed,Mixed Breed,0.4144477128757634,1,Bajo,OOF desarrollo
a952a211e,data/raw_petfinder/train_images/a952a211e-1.jpg,valid,Mixed Breed,,0.5038605081892832,1,Medio,OOF desarrollo
0d85af6c4,data/raw_petfinder/train_images/0d85af6c4-1.jpg,train,Mixed Breed,,0.3458399744654084,0,Bajo,OOF desarrollo
1a8503d2f,data/raw_petfinder/train_images/1a8503d2f-1.jpg,train,Pomeranian,,0.4047481296460476,1,Bajo,OOF desarrollo
6344c2cde,data/raw_petfinder/train_images/6344c2cde-1.jpg,train,Mixed Breed,Labrador Retriever,0.749449984835924,1,Alto,OOF desarrollo
440676acb,data/raw_petfinder/train_images/440676acb-1.jpg,train,Mixed Breed,Mixed Breed,0.3569555718449604,0,Bajo,OOF desarrollo
5ea10e37f,data/raw_petfinder/train_images/5ea10e37f-1.jpg,train,Labrador Retriever,Golden Retriever,0.5951396756293428,1,Medio,OOF desarrollo
02468e968,data/raw_petfinder/train_images/02468e968-1.jpg,train,Doberman Pinscher,Mixed Breed,0.5545352261087875,1,Medio,OOF desarrollo
f3367a65d,data/raw_petfinder/train_images/f3367a65d-1.jpg,train,Mixed Breed,Mixed Breed,0.4056915988371035,1,Bajo,OOF desarrollo
8cf927527,data/raw_petfinder/train_images/8cf927527-1.jpg,train,Mixed Breed,Mixed Breed,0.4487904059544967,1,Bajo,OOF desarrollo
94ec1c180,data/raw_petfinder/train_images/94ec1c180-1.jpg,test,Mixed Breed,Mixed Breed,0.586263894245687,1,Medio,Test fuera de muestra
505c5d7c6,data/raw_petfinder/train_images/505c5d7c6-1.jpg,train,Mixed Breed,,0.5274159447481237,1,Medio,OOF desarrollo
5dd3f3eb0,data/raw_petfinder/train_images/5dd3f3eb0-1.jpg,train,Mixed Breed,,0.6748015497107086,1,Alto,OOF desarrollo
68d430cbd,data/raw_petfinder/train_images/68d430cbd-1.jpg,train,Mixed Breed,,0.8240893775215125,1,Alto,OOF desarrollo
cfd87918e,data/raw_petfinder/train_images/cfd87918e-1.jpg,train,Mixed Breed,,0.768176448848823,1,Alto,OOF desarrollo
4f18ce587,data/raw_petfinder/train_images/4f18ce587-1.jpg,train,Pekingese,,0.2776574153567952,0,Bajo,OOF desarrollo
9003318e5,data/raw_petfinder/train_images/9003318e5-1.jpg,valid,Mixed Breed,Mixed Breed,0.6647489890094817,1,Alto,OOF desarrollo
c8049d235,data/raw_petfinder/train_images/c8049d235-1.jpg,train,Mixed Breed,Mixed Breed,0.4831521252689411,1,Medio,OOF desarrollo
01231c438,data/raw_petfinder/train_images/01231c438-1.jpg,train,Mixed Breed,Mixed Breed,0.403813356742575,1,Bajo,OOF desarrollo
bc7956085,data/raw_petfinder/train_images/bc7956085-1.jpg,train,Mixed Breed,,0.6787435677389755,1,Alto,OOF desarrollo
7575371db,data/raw_petfinder/train_images/7575371db-1.jpg,valid,Mixed Breed,,0.7674925779667394,1,Alto,OOF desarrollo
84fbd99d9,data/raw_petfinder/train_images/84fbd99d9-1.jpg,train,Mixed Breed,Mixed Breed,0.51544662632377,1,Medio,OOF desarrollo
acf9a72ca,data/raw_petfinder/train_images/acf9a72ca-1.jpg,train,Mixed Breed,,0.3052451382909307,0,Bajo,OOF desarrollo
cef342d22,data/raw_petfinder/train_images/cef342d22-1.jpg,test,Mixed Breed,,0.3781833052198233,0,Bajo,Test fuera de muestra
488cefe35,data/raw_petfinder/train_images/488cefe35-1.jpg,train,Mixed Breed,,0.6152713960707448,1,Alto,OOF desarrollo
d3c79cf76,data/raw_petfinder/train_images/d3c79cf76-1.jpg,train,Mixed Breed,,0.6380217752411499,1,Alto,OOF desarrollo
a5f6e77bf,data/raw_petfinder/train_images/a5f6e77bf-1.jpg,test,Mixed Breed,,0.4568631597973462,1,Bajo,Test fuera de muestra
b0d4b988a,data/raw_petfinder/train_images/b0d4b988a-1.jpg,valid,Mixed Breed,,0.5680615499862658,1,Medio,OOF desarrollo
f27915d51,data/raw_petfinder/train_images/f27915d51-1.jpg,test,Mixed Breed,,0.4593013223039037,1,Medio,Test fuera de muestra
69daafdd4,data/raw_petfinder/train_images/69daafdd4-1.jpg,test,Mixed Breed,,0.7136784818917277,1,Alto,Test fuera de muestra
50fe7d515,data/raw_petfinder/train_images/50fe7d515-1.jpg,train,Mixed Breed,Terrier,0.2575639381503864,0,Bajo,OOF desarrollo
ac52ba660,data/raw_petfinder/train_images/ac52ba660-1.jpg,train,Mixed Breed,Bull Terrier,0.4211764397829824,1,Bajo,OOF desarrollo
71f895aa2,data/raw_petfinder/train_images/71f895aa2-1.jpg,valid,Silky Terrier,,0.4310036988553437,1,Bajo,OOF desarrollo
be07596c5,data/raw_petfinder/train_images/be07596c5-1.jpg,train,Mixed Breed,,0.4852125510780269,1,Medio,OOF desarrollo
4f8a564a2,data/raw_petfinder/train_images/4f8a564a2-1.jpg,train,Mixed Breed,,0.4531655045857788,1,Bajo,OOF desarrollo
77f9b1470,data/raw_petfinder/train_images/77f9b1470-1.jpg,train,Mixed Breed,,0.7971863978376734,1,Alto,OOF desarrollo
685010499,data/raw_petfinder/train_images/685010499-1.jpg,train,Mixed Breed,,0.4441338433394216,1,Bajo,OOF desarrollo
8813e5e4d,data/raw_petfinder/train_images/8813e5e4d-1.jpg,test,Mixed Breed,,0.7180025428379078,1,Alto,Test fuera de muestra
790a68c0c,data/raw_petfinder/train_images/790a68c0c-1.jpg,test,Mixed Breed,,0.5997444809859436,1,Medio,Test fuera de muestra
cad8537e1,data/raw_petfinder/train_images/cad8537e1-1.jpg,train,Mixed Breed,,0.6763604616819487,1,Alto,OOF desarrollo
a06a2ee4e,data/raw_petfinder/train_images/a06a2ee4e-1.jpg,train,Mixed Breed,Saint Bernard,0.7739309381340735,1,Alto,OOF desarrollo
6a8f9aa52,data/raw_petfinder/train_images/6a8f9aa52-1.jpg,train,Mixed Breed,,0.523779952277361,1,Medio,OOF desarrollo
00709d75b,data/raw_petfinder/train_images/00709d75b-1.jpg,train,Rottweiler,,0.3819219243809548,0,Bajo,OOF desarrollo
d62c55d90,data/raw_petfinder/train_images/d62c55d90-1.jpg,valid,Mixed Breed,,0.4708377475979817,1,Medio,OOF desarrollo
95c01e235,data/raw_petfinder/train_images/95c01e235-1.jpg,train,Mixed Breed,Mixed Breed,0.4922457576590749,1,Medio,OOF desarrollo
015770429,data/raw_petfinder/train_images/015770429-1.jpg,train,Mixed Breed,,0.4382263942107632,1,Bajo,OOF desarrollo
13296aae7,data/raw_petfinder/train_images/13296aae7-1.jpg,train,Mixed Breed,Mixed Breed,0.6829888378402214,1,Alto,OOF desarrollo
2a92877f7,data/raw_petfinder/train_images/2a92877f7-1.jpg,train,Mixed Breed,,0.5328394818051971,1,Medio,OOF desarrollo
7ac66a1c2,data/raw_petfinder/train_images/7ac66a1c2-1.jpg,train,Poodle,,0.3616997375597165,0,Bajo,OOF desarrollo
25fc96414,data/raw_petfinder/train_images/25fc96414-1.jpg,train,Mixed Breed,,0.806958096030161,1,Alto,OOF desarrollo
09b5921e9,data/raw_petfinder/train_images/09b5921e9-1.jpg,train,Mixed Breed,,0.4243905460939413,1,Bajo,OOF desarrollo
58e24d608,data/raw_petfinder/train_images/58e24d608-1.jpg,train,Doberman Pinscher,,0.6927654103480922,1,Alto,OOF desarrollo
3c0450f2f,data/raw_petfinder/train_images/3c0450f2f-1.jpg,train,Mixed Breed,,0.8162303598480305,1,Alto,OOF desarrollo
80fd005d2,data/raw_petfinder/train_images/80fd005d2-1.jpg,train,Mixed Breed,,0.6995494727686009,1,Alto,OOF desarrollo
ecb3e47a6,data/raw_petfinder/train_images/ecb3e47a6-1.jpg,train,Mixed Breed,Mixed Breed,0.6481457748781849,1,Alto,OOF desarrollo
3c97d1670,data/raw_petfinder/train_images/3c97d1670-1.jpg,valid,Mixed Breed,,0.5329319383510928,1,Medio,OOF desarrollo
89bac4c29,data/raw_petfinder/train_images/89bac4c29-1.jpg,valid,Mixed Breed,,0.5510490309950986,1,Medio,OOF desarrollo
7c9fdd0ca,data/raw_petfinder/train_images/7c9fdd0ca-1.jpg,train,Terrier,Cavalier King Charles Spaniel,0.4967161150018191,1,Medio,OOF desarrollo
c31f3d3f3,data/raw_petfinder/train_images/c31f3d3f3-1.jpg,train,Beagle,,0.4774743967935405,1,Medio,OOF desarrollo
19272319c,data/raw_petfinder/train_images/19272319c-1.jpg,train,Mixed Breed,,0.644586269827013,1,Alto,OOF desarrollo
2560aee80,data/raw_petfinder/train_images/2560aee80-1.jpg,test,Mixed Breed,,0.3368889681047916,0,Bajo,Test fuera de muestra
18ee92cdf,data/raw_petfinder/train_images/18ee92cdf-1.jpg,train,Mixed Breed,,0.5907038690338059,1,Medio,OOF desarrollo
ed9d88a61,data/raw_petfinder/train_images/ed9d88a61-1.jpg,train,Mixed Breed,,0.5426955544115538,1,Medio,OOF desarrollo
b5521c7e1,data/raw_petfinder/train_images/b5521c7e1-1.jpg,valid,Mixed Breed,,0.5044742145204357,1,Medio,OOF desarrollo
4ff447944,data/raw_petfinder/train_images/4ff447944-1.jpg,train,Mixed Breed,,0.592155807743092,1,Medio,OOF desarrollo
7ea357093,data/raw_petfinder/train_images/7ea357093-1.jpg,test,Mixed Breed,,0.4802915735651105,1,Medio,Test fuera de muestra
2b34c70e7,data/raw_petfinder/train_images/2b34c70e7-1.jpg,test,Poodle,,0.2951905664462421,0,Bajo,Test fuera de muestra
41e792442,data/raw_petfinder/train_images/41e792442-1.jpg,test,Hound,Mixed Breed,0.7110874846369968,1,Alto,Test fuera de muestra
e22b9edd0,data/raw_petfinder/train_images/e22b9edd0-1.jpg,test,Mixed Breed,,0.8272925841081252,1,Alto,Test fuera de muestra
6f2b619bb,data/raw_petfinder/train_images/6f2b619bb-1.jpg,test,Mixed Breed,,0.5597908756451156,1,Medio,Test fuera de muestra
8bf0f354b,data/raw_petfinder/train_images/8bf0f354b-1.jpg,train,Mixed Breed,,0.673914281152677,1,Alto,OOF desarrollo
5188ce75b,data/raw_petfinder/train_images/5188ce75b-1.jpg,train,Collie,Mixed Breed,0.6250051594570478,1,Alto,OOF desarrollo
12ba67e43,data/raw_petfinder/train_images/12ba67e43-1.jpg,test,Mixed Breed,,0.3942210576573713,1,Bajo,Test fuera de muestra
5457a593a,data/raw_petfinder/train_images/5457a593a-1.jpg,valid,Mixed Breed,Mixed Breed,0.7626297112109404,1,Alto,OOF desarrollo
9f9bfa4d9,data/raw_petfinder/train_images/9f9bfa4d9-1.jpg,test,Mixed Breed,Mixed Breed,0.7755918968670359,1,Alto,Test fuera de muestra
f780d04ae,data/raw_petfinder/train_images/f780d04ae-1.jpg,valid,Labrador Retriever,Samoyed,0.5129596609801367,1,Medio,OOF desarrollo
18c3b1a1a,data/raw_petfinder/train_images/18c3b1a1a-1.jpg,test,Mixed Breed,Mixed Breed,0.5153410410112532,1,Medio,Test fuera de muestra
ada93cece,data/raw_petfinder/train_images/ada93cece-1.jpg,train,Mixed Breed,Mixed Breed,0.7088644043426252,1,Alto,OOF desarrollo
e6b64b212,data/raw_petfinder/train_images/e6b64b212-1.jpg,train,Mixed Breed,,0.4322129207271784,1,Bajo,OOF desarrollo
fae1e95de,data/raw_petfinder/train_images/fae1e95de-1.jpg,train,Mixed Breed,,0.4619379649318952,1,Medio,OOF desarrollo
979e3f8f7,data/raw_petfinder/train_images/979e3f8f7-1.jpg,train,Mixed Breed,,0.6676920935971146,1,Alto,OOF desarrollo
16ac32123,data/raw_petfinder/train_images/16ac32123-1.jpg,train,Mixed Breed,,0.2659052385056144,0,Bajo,OOF desarrollo
254c3305f,data/raw_petfinder/train_images/254c3305f-1.jpg,valid,Cocker Spaniel,,0.3313576046943541,0,Bajo,OOF desarrollo
83d36f269,data/raw_petfinder/train_images/83d36f269-1.jpg,train,Mixed Breed,,0.6682266802482713,1,Alto,OOF desarrollo
a71f9ca6b,data/raw_petfinder/train_images/a71f9ca6b-1.jpg,valid,Mixed Breed,,0.5323599472503925,1,Medio,OOF desarrollo
f2fba72d2,data/raw_petfinder/train_images/f2fba72d2-1.jpg,train,Mixed Breed,Mixed Breed,0.7255119377305085,1,Alto,OOF desarrollo
26cb1c2c0,data/raw_petfinder/train_images/26cb1c2c0-1.jpg,train,Mixed Breed,,0.6332093799826246,1,Alto,OOF desarrollo
ae9a09ad6,data/raw_petfinder/train_images/ae9a09ad6-1.jpg,train,Mixed Breed,,0.2584386841333612,0,Bajo,OOF desarrollo
fb53fe33d,data/raw_petfinder/train_images/fb53fe33d-1.jpg,test,Mixed Breed,,0.7726303766248765,1,Alto,Test fuera de muestra
6ac7e0c51,data/raw_petfinder/train_images/6ac7e0c51-1.jpg,train,Mixed Breed,,0.7792364967884317,1,Alto,OOF desarrollo
3bb1086d6,data/raw_petfinder/train_images/3bb1086d6-1.jpg,train,Mixed Breed,,0.7769454031435494,1,Alto,OOF desarrollo
9fb89d88f,data/raw_petfinder/train_images/9fb89d88f-1.jpg,train,Belgian Shepherd Malinois,Mixed Breed,0.7287274297025046,1,Alto,OOF desarrollo
e4941c40c,data/raw_petfinder/train_images/e4941c40c-1.jpg,train,Pekingese,,0.5925399299839761,1,Medio,OOF desarrollo
21178f3b0,data/raw_petfinder/train_images/21178f3b0-1.jpg,train,Mixed Breed,Mixed Breed,0.6218696287118954,1,Alto,OOF desarrollo
a234c6496,data/raw_petfinder/train_images/a234c6496-1.jpg,train,Mixed Breed,,0.6133829528005926,1,Alto,OOF desarrollo
71419d422,data/raw_petfinder/train_images/71419d422-1.jpg,train,Mixed Breed,Mixed Breed,0.5053463820823064,1,Medio,OOF desarrollo
44cd12263,data/raw_petfinder/train_images/44cd12263-1.jpg,train,Mixed Breed,,0.5693316541778848,1,Medio,OOF desarrollo
19fd91f5b,data/raw_petfinder/train_images/19fd91f5b-1.jpg,train,Mixed Breed,,0.6859799608755084,1,Alto,OOF desarrollo
c0096c460,data/raw_petfinder/train_images/c0096c460-1.jpg,test,Mixed Breed,,0.599345898939093,1,Medio,Test fuera de muestra
de445d837,data/raw_petfinder/train_images/de445d837-1.jpg,train,Mixed Breed,,0.6416101616939309,1,Alto,OOF desarrollo
8b1abca6a,data/raw_petfinder/train_images/8b1abca6a-1.jpg,train,Mixed Breed,,0.5274100076260243,1,Medio,OOF desarrollo
626b056b5,data/raw_petfinder/train_images/626b056b5-1.jpg,test,Mixed Breed,Mixed Breed,0.6208204064389491,1,Alto,Test fuera de muestra
69d413ff2,data/raw_petfinder/train_images/69d413ff2-1.jpg,train,Golden Retriever,Mixed Breed,0.5095103383255707,1,Medio,OOF desarrollo
4084b0a93,data/raw_petfinder/train_images/4084b0a93-1.jpg,valid,Mixed Breed,,0.397906693095168,1,Bajo,OOF desarrollo
8df053c7e,data/raw_petfinder/train_images/8df053c7e-1.jpg,train,Spitz,Mixed Breed,0.5017547505740844,1,Medio,OOF desarrollo
22145fe75,data/raw_petfinder/train_images/22145fe75-1.jpg,test,Rottweiler,,0.478893191425166,1,Medio,Test fuera de muestra
b35e6306c,data/raw_petfinder/train_images/b35e6306c-1.jpg,test,Mixed Breed,,0.7522151025045553,1,Alto,Test fuera de muestra
564356241,data/raw_petfinder/train_images/564356241-1.jpg,valid,Mixed Breed,,0.6625928022719001,1,Alto,OOF desarrollo
05d8b5a9d,data/raw_petfinder/train_images/05d8b5a9d-1.jpg,train,Mixed Breed,,0.6204042822620222,1,Alto,OOF desarrollo
8f2946027,data/raw_petfinder/train_images/8f2946027-1.jpg,train,Mixed Breed,,0.4975453092648966,1,Medio,OOF desarrollo
6326958d4,data/raw_petfinder/train_images/6326958d4-1.jpg,test,Mixed Breed,,0.6411502185542658,1,Alto,Test fuera de muestra
7a8fc4913,data/raw_petfinder/train_images/7a8fc4913-1.jpg,train,Mixed Breed,,0.4211942341130045,1,Bajo,OOF desarrollo
c3a2d4d83,data/raw_petfinder/train_images/c3a2d4d83-1.jpg,valid,Beagle,,0.5509309960499141,1,Medio,OOF desarrollo
f02ef09d7,data/raw_petfinder/train_images/f02ef09d7-1.jpg,train,Mixed Breed,,0.838989935532189,1,Alto,OOF desarrollo
d5f80598c,data/raw_petfinder/train_images/d5f80598c-1.jpg,train,Silky Terrier,,0.5488705723349957,1,Medio,OOF desarrollo
03e5bf50b,data/raw_petfinder/train_images/03e5bf50b-1.jpg,valid,Mixed Breed,,0.5344908941201421,1,Medio,OOF desarrollo
50abab539,data/raw_petfinder/train_images/50abab539-1.jpg,train,Mixed Breed,,0.6668996705391236,1,Alto,OOF desarrollo
3cdaf32d2,data/raw_petfinder/train_images/3cdaf32d2-1.jpg,train,Schnauzer,,0.362489387185706,0,Bajo,OOF desarrollo
1b5dbc3cf,data/raw_petfinder/train_images/1b5dbc3cf-1.jpg,train,Mixed Breed,,0.2686707801360408,0,Bajo,OOF desarrollo
662011890,data/raw_petfinder/train_images/662011890-1.jpg,train,Shar Pei,,0.7835556481305659,1,Alto,OOF desarrollo
195c119c9,data/raw_petfinder/train_images/195c119c9-1.jpg,train,Mixed Breed,,0.5839339514498694,1,Medio,OOF desarrollo
32d8fa52b,data/raw_petfinder/train_images/32d8fa52b-1.jpg,valid,Mixed Breed,,0.470128724008646,1,Medio,OOF desarrollo
12a280806,data/raw_petfinder/train_images/12a280806-1.jpg,test,Mixed Breed,Mixed Breed,0.6577460783091734,1,Alto,Test fuera de muestra
639fed947,data/raw_petfinder/train_images/639fed947-1.jpg,train,Mixed Breed,Mixed Breed,0.3286927720199074,0,Bajo,OOF desarrollo
b2937acb6,data/raw_petfinder/train_images/b2937acb6-1.jpg,train,Mixed Breed,,0.5205679748598648,1,Medio,OOF desarrollo
27dd38817,data/raw_petfinder/train_images/27dd38817-1.jpg,train,Mixed Breed,,0.3594859590097925,0,Bajo,OOF desarrollo
168f1c6e9,data/raw_petfinder/train_images/168f1c6e9-1.jpg,valid,Mixed Breed,,0.6741167723580174,1,Alto,OOF desarrollo
718c4b524,data/raw_petfinder/train_images/718c4b524-1.jpg,valid,Mixed Breed,,0.7211439392719232,1,Alto,OOF desarrollo
4887999cc,data/raw_petfinder/train_images/4887999cc-1.jpg,test,Shih Tzu,,0.3151544804332721,0,Bajo,Test fuera de muestra
e772235aa,data/raw_petfinder/train_images/e772235aa-1.jpg,train,Mixed Breed,Mixed Breed,0.3771512504969904,0,Bajo,OOF desarrollo
fbc0c9535,data/raw_petfinder/train_images/fbc0c9535-1.jpg,train,Terrier,Mixed Breed,0.4834090038611759,1,Medio,OOF desarrollo
e0e8d63df,data/raw_petfinder/train_images/e0e8d63df-1.jpg,train,Mixed Breed,,0.4696402431128592,1,Medio,OOF desarrollo
16eefbec7,data/raw_petfinder/train_images/16eefbec7-1.jpg,train,Mixed Breed,Mixed Breed,0.6375079594398746,1,Alto,OOF desarrollo
e5cf352b2,data/raw_petfinder/train_images/e5cf352b2-1.jpg,train,Mixed Breed,,0.3259027240067179,0,Bajo,OOF desarrollo
07dd9a0a5,data/raw_petfinder/train_images/07dd9a0a5-1.jpg,valid,Mixed Breed,,0.6226854194546476,1,Alto,OOF desarrollo
32efae9d5,data/raw_petfinder/train_images/32efae9d5-1.jpg,train,Mixed Breed,,0.4253812465172291,1,Bajo,OOF desarrollo
ea6129e3d,data/raw_petfinder/train_images/ea6129e3d-1.jpg,test,Mixed Breed,,0.6288912017295959,1,Alto,Test fuera de muestra
1499fbe78,data/raw_petfinder/train_images/1499fbe78-1.jpg,train,Mixed Breed,Terrier,0.3186001900068929,0,Bajo,OOF desarrollo
a75bbea18,data/raw_petfinder/train_images/a75bbea18-1.jpg,train,Mixed Breed,,0.4593698043601399,1,Medio,OOF desarrollo
53c344d06,data/raw_petfinder/train_images/53c344d06-1.jpg,train,Mixed Breed,Mixed Breed,0.7029283263746824,1,Alto,OOF desarrollo
c3cef1c4b,data/raw_petfinder/train_images/c3cef1c4b-1.jpg,train,Mixed Breed,,0.5478949301635635,1,Medio,OOF desarrollo
9a218ea6c,data/raw_petfinder/train_images/9a218ea6c-1.jpg,valid,Mixed Breed,,0.3198868628298489,0,Bajo,OOF desarrollo
9de6b8550,data/raw_petfinder/train_images/9de6b8550-1.jpg,train,Mixed Breed,,0.3273690302860532,0,Bajo,OOF desarrollo
de813940a,data/raw_petfinder/train_images/de813940a-1.jpg,train,Mixed Breed,Corgi,0.5447144871630056,1,Medio,OOF desarrollo
22992ecd0,data/raw_petfinder/train_images/22992ecd0-1.jpg,train,Toy Fox Terrier,Mixed Breed,0.4641964844908657,1,Medio,OOF desarrollo
c874c7c7c,data/raw_petfinder/train_images/c874c7c7c-1.jpg,test,Mixed Breed,,0.4721311701043431,1,Medio,Test fuera de muestra
b67778d17,data/raw_petfinder/train_images/b67778d17-1.jpg,train,Mixed Breed,,0.6500579376931346,1,Alto,OOF desarrollo
2ba708d92,data/raw_petfinder/train_images/2ba708d92-1.jpg,test,Husky,Mixed Breed,0.4653467873981278,1,Medio,Test fuera de muestra
9fe3f6afa,data/raw_petfinder/train_images/9fe3f6afa-1.jpg,train,Mixed Breed,,0.564289305141692,1,Medio,OOF desarrollo
c30f7cde0,data/raw_petfinder/train_images/c30f7cde0-1.jpg,train,Mixed Breed,,0.6544269828574343,1,Alto,OOF desarrollo
2318247fb,data/raw_petfinder/train_images/2318247fb-1.jpg,train,Mixed Breed,,0.4762577976574027,1,Medio,OOF desarrollo
c22078c20,data/raw_petfinder/train_images/c22078c20-1.jpg,train,Mixed Breed,,0.5317348995249058,1,Medio,OOF desarrollo
c3270683d,data/raw_petfinder/train_images/c3270683d-1.jpg,train,Mixed Breed,,0.4305856138195796,1,Bajo,OOF desarrollo
55b797c90,data/raw_petfinder/train_images/55b797c90-1.jpg,valid,Mixed Breed,,0.4743701396701786,1,Medio,OOF desarrollo
a17411df1,data/raw_petfinder/train_images/a17411df1-1.jpg,valid,Mixed Breed,Mixed Breed,0.7055290217058348,1,Alto,OOF desarrollo
9b11972b0,data/raw_petfinder/train_images/9b11972b0-1.jpg,test,Mixed Breed,Mixed Breed,0.5408513853413195,1,Medio,Test fuera de muestra
71aed274c,data/raw_petfinder/train_images/71aed274c-1.jpg,train,Miniature Pinscher,Mixed Breed,0.5482897730383772,1,Medio,OOF desarrollo
de489fcd8,data/raw_petfinder/train_images/de489fcd8-1.jpg,train,Mixed Breed,,0.3785829200717016,0,Bajo,OOF desarrollo
a37e46e35,data/raw_petfinder/train_images/a37e46e35-1.jpg,train,Mixed Breed,German Shepherd Dog,0.2847329239740318,0,Bajo,OOF desarrollo
dcd0002db,data/raw_petfinder/train_images/dcd0002db-1.jpg,test,Mixed Breed,,0.6749922025780153,1,Alto,Test fuera de muestra
dd62a2e7f,data/raw_petfinder/train_images/dd62a2e7f-1.jpg,train,Mixed Breed,,0.4583349876838634,1,Medio,OOF desarrollo
104c799db,data/raw_petfinder/train_images/104c799db-1.jpg,train,Mixed Breed,,0.6247746911335885,1,Alto,OOF desarrollo
99459c30d,data/raw_petfinder/train_images/99459c30d-1.jpg,train,Mixed Breed,,0.3907587641642224,1,Bajo,OOF desarrollo
889ae00e3,data/raw_petfinder/train_images/889ae00e3-1.jpg,train,Mixed Breed,,0.6162375434965534,1,Alto,OOF desarrollo
d1a11cf42,data/raw_petfinder/train_images/d1a11cf42-1.jpg,train,Mixed Breed,,0.5377870032048838,1,Medio,OOF desarrollo
78c3c7f21,data/raw_petfinder/train_images/78c3c7f21-1.jpg,train,Mixed Breed,,0.4767274256810123,1,Medio,OOF desarrollo
64904cb52,data/raw_petfinder/train_images/64904cb52-1.jpg,test,Mixed Breed,,0.5036763698896591,1,Medio,Test fuera de muestra
50f87522f,data/raw_petfinder/train_images/50f87522f-1.jpg,valid,Golden Retriever,,0.4017895704813505,1,Bajo,OOF desarrollo
b4b4969b2,data/raw_petfinder/train_images/b4b4969b2-1.jpg,train,Terrier,Mixed Breed,0.4500415412177955,1,Bajo,OOF desarrollo
d1be4f433,data/raw_petfinder/train_images/d1be4f433-1.jpg,test,Chihuahua,Jack Russell Terrier,0.453313348633161,1,Bajo,Test fuera de muestra
4eb9c5991,data/raw_petfinder/train_images/4eb9c5991-1.jpg,test,Mixed Breed,,0.3748596628731473,0,Bajo,Test fuera de muestra
731a2ef80,data/raw_petfinder/train_images/731a2ef80-1.jpg,train,Mixed Breed,,0.5329765240045878,1,Medio,OOF desarrollo
7d930d08c,data/raw_petfinder/train_images/7d930d08c-1.jpg,train,Mixed Breed,,0.3791987270505477,0,Bajo,OOF desarrollo
207298884,data/raw_petfinder/train_images/207298884-1.jpg,train,Mixed Breed,,0.4636058913784419,1,Medio,OOF desarrollo
d81afce4f,data/raw_petfinder/train_images/d81afce4f-1.jpg,train,Mixed Breed,,0.3499756467390126,0,Bajo,OOF desarrollo
216840542,data/raw_petfinder/train_images/216840542-1.jpg,test,Mixed Breed,,0.4729144605321938,1,Medio,Test fuera de muestra
f220ae6cd,data/raw_petfinder/train_images/f220ae6cd-1.jpg,train,Collie,Mixed Breed,0.2490912133852219,0,Bajo,OOF desarrollo
19b7a9e47,data/raw_petfinder/train_images/19b7a9e47-1.jpg,train,Mixed Breed,,0.6055299868943385,1,Alto,OOF desarrollo
4dd8dd451,data/raw_petfinder/train_images/4dd8dd451-1.jpg,test,Mixed Breed,,0.4567794595481376,1,Bajo,Test fuera de muestra
0acd95320,data/raw_petfinder/train_images/0acd95320-1.jpg,valid,Mixed Breed,,0.817290555338638,1,Alto,OOF desarrollo
f13821512,data/raw_petfinder/train_images/f13821512-1.jpg,valid,Mixed Breed,,0.3397441467698245,0,Bajo,OOF desarrollo
c2e4ec0c2,data/raw_petfinder/train_images/c2e4ec0c2-1.jpg,train,Border Collie,Terrier,0.3591594276677848,0,Bajo,OOF desarrollo
f726dd490,data/raw_petfinder/train_images/f726dd490-1.jpg,valid,Mixed Breed,,0.7480875186844859,1,Alto,OOF desarrollo
695925a2a,data/raw_petfinder/train_images/695925a2a-1.jpg,train,Mixed Breed,,0.4686274234976463,1,Medio,OOF desarrollo
8ad59da0e,data/raw_petfinder/train_images/8ad59da0e-1.jpg,train,Mixed Breed,Mixed Breed,0.7680178785281381,1,Alto,OOF desarrollo
dfd0fbde8,data/raw_petfinder/train_images/dfd0fbde8-1.jpg,valid,Mixed Breed,,0.7807684261627784,1,Alto,OOF desarrollo
c2fe3684a,data/raw_petfinder/train_images/c2fe3684a-1.jpg,test,Terrier,Shih Tzu,0.4204337508334828,1,Bajo,Test fuera de muestra
ddf06fabf,data/raw_petfinder/train_images/ddf06fabf-1.jpg,valid,Golden Retriever,,0.6181404769085445,1,Alto,OOF desarrollo
3c1cc2c24,data/raw_petfinder/train_images/3c1cc2c24-1.jpg,train,Mixed Breed,Mixed Breed,0.5877565824660411,1,Medio,OOF desarrollo
5b22f97b3,data/raw_petfinder/train_images/5b22f97b3-1.jpg,train,Labrador Retriever,Terrier,0.3938068818831333,1,Bajo,OOF desarrollo
1fc6f94cc,data/raw_petfinder/train_images/1fc6f94cc-1.jpg,train,Mixed Breed,,0.7264405997514233,1,Alto,OOF desarrollo
282f456cb,data/raw_petfinder/train_images/282f456cb-1.jpg,test,Labrador Retriever,Mixed Breed,0.5128938666992567,1,Medio,Test fuera de muestra
baf49463a,data/raw_petfinder/train_images/baf49463a-1.jpg,train,Cocker Spaniel,Mixed Breed,0.3669047374282411,0,Bajo,OOF desarrollo
db4a0242a,data/raw_petfinder/train_images/db4a0242a-1.jpg,train,Mixed Breed,Boxer,0.7696317802232074,1,Alto,OOF desarrollo
3760c73b1,data/raw_petfinder/train_images/3760c73b1-1.jpg,test,Mixed Breed,,0.4481523435757788,1,Bajo,Test fuera de muestra
53037f091,data/raw_petfinder/train_images/53037f091-1.jpg,valid,Mixed Breed,,0.7769665439108744,1,Alto,OOF desarrollo
6316b9647,data/raw_petfinder/train_images/6316b9647-1.jpg,test,Poodle,,0.2177012024122361,0,Bajo,Test fuera de muestra
80e8288c9,data/raw_petfinder/train_images/80e8288c9-1.jpg,train,Poodle,,0.3864255089613377,0,Bajo,OOF desarrollo
46b2782d5,data/raw_petfinder/train_images/46b2782d5-1.jpg,train,Mixed Breed,Mixed Breed,0.6882573437337647,1,Alto,OOF desarrollo
2f3ff5116,data/raw_petfinder/train_images/2f3ff5116-1.jpg,test,Mixed Breed,Mixed Breed,0.5717984866264767,1,Medio,Test fuera de muestra
5e7b512bb,data/raw_petfinder/train_images/5e7b512bb-1.jpg,test,Mixed Breed,Mixed Breed,0.4728147980948878,1,Medio,Test fuera de muestra
11948e0ef,data/raw_petfinder/train_images/11948e0ef-1.jpg,train,Jack Russell Terrier,Mixed Breed,0.7009346653805194,1,Alto,OOF desarrollo
fd7811109,data/raw_petfinder/train_images/fd7811109-1.jpg,train,Sheep Dog,Terrier,0.3150884917042263,0,Bajo,OOF desarrollo
bfdde77ff,data/raw_petfinder/train_images/bfdde77ff-1.jpg,train,Mixed Breed,,0.3199926027760489,0,Bajo,OOF desarrollo
944a5fec2,data/raw_petfinder/train_images/944a5fec2-1.jpg,train,Mixed Breed,Schnauzer,0.7339461431684116,1,Alto,OOF desarrollo
0c3cb3d44,data/raw_petfinder/train_images/0c3cb3d44-1.jpg,valid,Dachshund,Poodle,0.5105800536023342,1,Medio,OOF desarrollo
7b1211e80,data/raw_petfinder/train_images/7b1211e80-1.jpg,test,Labrador Retriever,Mixed Breed,0.6225340846732652,1,Alto,Test fuera de muestra
6ae5689d3,data/raw_petfinder/train_images/6ae5689d3-1.jpg,test,Mixed Breed,,0.5434262439810101,1,Medio,Test fuera de muestra
4b69bf0e7,data/raw_petfinder/train_images/4b69bf0e7-1.jpg,valid,Mixed Breed,,0.4288076922263896,1,Bajo,OOF desarrollo
62613fb88,data/raw_petfinder/train_images/62613fb88-1.jpg,test,Great Dane,,0.5371521585611219,1,Medio,Test fuera de muestra
435bb3995,data/raw_petfinder/train_images/435bb3995-1.jpg,train,Mixed Breed,,0.331755009669999,0,Bajo,OOF desarrollo
f7c487e58,data/raw_petfinder/train_images/f7c487e58-1.jpg,train,Mixed Breed,,0.727099545965679,1,Alto,OOF desarrollo
037b1c131,data/raw_petfinder/train_images/037b1c131-1.jpg,train,Mixed Breed,,0.3526186356322372,0,Bajo,OOF desarrollo
776f7e340,data/raw_petfinder/train_images/776f7e340-1.jpg,test,Mixed Breed,,0.6740481320845083,1,Alto,Test fuera de muestra
81d404558,data/raw_petfinder/train_images/81d404558-1.jpg,valid,Mixed Breed,,0.6445202182367221,1,Alto,OOF desarrollo
de61ca522,data/raw_petfinder/train_images/de61ca522-1.jpg,train,Mixed Breed,,0.7014909237684119,1,Alto,OOF desarrollo
68a4cd579,data/raw_petfinder/train_images/68a4cd579-1.jpg,train,Mixed Breed,Mixed Breed,0.3429800572958368,0,Bajo,OOF desarrollo
ff47b9a27,data/raw_petfinder/train_images/ff47b9a27-1.jpg,train,Mixed Breed,,0.2525656182057421,0,Bajo,OOF desarrollo
e985acab0,data/raw_petfinder/train_images/e985acab0-1.jpg,test,Mixed Breed,,0.6214540350240731,1,Alto,Test fuera de muestra
25fce0465,data/raw_petfinder/train_images/25fce0465-1.jpg,train,Mixed Breed,,0.392569364561688,1,Bajo,OOF desarrollo
585a705fc,data/raw_petfinder/train_images/585a705fc-1.jpg,train,Poodle,,0.5296881707350583,1,Medio,OOF desarrollo
76c073021,data/raw_petfinder/train_images/76c073021-1.jpg,train,Mixed Breed,,0.3719462360372187,0,Bajo,OOF desarrollo
09898b12e,data/raw_petfinder/train_images/09898b12e-1.jpg,test,Mixed Breed,,0.4639480227617686,1,Medio,Test fuera de muestra
bfa54aa27,data/raw_petfinder/train_images/bfa54aa27-1.jpg,train,Mixed Breed,,0.6774019117761325,1,Alto,OOF desarrollo
3bc84c4a9,data/raw_petfinder/train_images/3bc84c4a9-1.jpg,valid,Mixed Breed,Shar Pei,0.5608897197792764,1,Medio,OOF desarrollo
d7d1cf92c,data/raw_petfinder/train_images/d7d1cf92c-1.jpg,train,Spitz,,0.3317107060896138,0,Bajo,OOF desarrollo
220e9aa26,data/raw_petfinder/train_images/220e9aa26-1.jpg,train,Mixed Breed,Mixed Breed,0.6751148637381879,1,Alto,OOF desarrollo
269caf235,data/raw_petfinder/train_images/269caf235-1.jpg,train,Golden Retriever,,0.3918672696108848,1,Bajo,OOF desarrollo
0a30968a3,data/raw_petfinder/train_images/0a30968a3-1.jpg,train,Mixed Breed,,0.4511400166322344,1,Bajo,OOF desarrollo
e625fc4f4,data/raw_petfinder/train_images/e625fc4f4-1.jpg,valid,Mixed Breed,,0.4808765214576839,1,Medio,OOF desarrollo
099115d38,data/raw_petfinder/train_images/099115d38-1.jpg,test,Mixed Breed,,0.5231455832485599,1,Medio,Test fuera de muestra
fe7e662c5,data/raw_petfinder/train_images/fe7e662c5-1.jpg,train,Rottweiler,Mixed Breed,0.3074626690949812,0,Bajo,OOF desarrollo
bd4059588,data/raw_petfinder/train_images/bd4059588-1.jpg,train,Mixed Breed,,0.3897786195598894,0,Bajo,OOF desarrollo
f41a7de83,data/raw_petfinder/train_images/f41a7de83-1.jpg,train,Mixed Breed,,0.694807679192498,1,Alto,OOF desarrollo
7ed3e206a,data/raw_petfinder/train_images/7ed3e206a-1.jpg,train,Mixed Breed,,0.4969448830621809,1,Medio,OOF desarrollo
aac9127c5,data/raw_petfinder/train_images/aac9127c5-1.jpg,train,Husky,German Shepherd Dog,0.2806032859278684,0,Bajo,OOF desarrollo
271bb0de8,data/raw_petfinder/train_images/271bb0de8-1.jpg,train,Chihuahua,,0.3562965456335752,0,Bajo,OOF desarrollo
14580436c,data/raw_petfinder/train_images/14580436c-1.jpg,test,Munsterlander,Munsterlander,0.3822805099038594,0,Bajo,Test fuera de muestra
f08275fdc,data/raw_petfinder/train_images/f08275fdc-1.jpg,train,Mixed Breed,,0.736031512280167,1,Alto,OOF desarrollo
5242038c7,data/raw_petfinder/train_images/5242038c7-1.jpg,test,Mixed Breed,Mixed Breed,0.6274176516967543,1,Alto,Test fuera de muestra
1f64d3191,data/raw_petfinder/train_images/1f64d3191-1.jpg,train,Mixed Breed,,0.3142229954149464,0,Bajo,OOF desarrollo
843910e74,data/raw_petfinder/train_images/843910e74-1.jpg,test,Mixed Breed,,0.8129294609434043,1,Alto,Test fuera de muestra
f18d332de,data/raw_petfinder/train_images/f18d332de-1.jpg,train,Mixed Breed,,0.7257854690378616,1,Alto,OOF desarrollo
35d860fe5,data/raw_petfinder/train_images/35d860fe5-1.jpg,train,Mixed Breed,,0.4909097144469615,1,Medio,OOF desarrollo
c42153e51,data/raw_petfinder/train_images/c42153e51-1.jpg,valid,Mixed Breed,,0.3738952475716782,0,Bajo,OOF desarrollo
d6b97e7ca,data/raw_petfinder/train_images/d6b97e7ca-1.jpg,train,Mixed Breed,Mixed Breed,0.5525715039556458,1,Medio,OOF desarrollo
5bd725e47,data/raw_petfinder/train_images/5bd725e47-1.jpg,valid,Mixed Breed,Mixed Breed,0.5310182718296734,1,Medio,OOF desarrollo
22de1a590,data/raw_petfinder/train_images/22de1a590-1.jpg,train,Mixed Breed,,0.4645647814832176,1,Medio,OOF desarrollo
194acc3f9,data/raw_petfinder/train_images/194acc3f9-1.jpg,train,German Spitz,German Shepherd Dog,0.2487862920430762,0,Bajo,OOF desarrollo
ba804d3fa,data/raw_petfinder/train_images/ba804d3fa-1.jpg,train,Mixed Breed,,0.6837794958030917,1,Alto,OOF desarrollo
d899c9ef7,data/raw_petfinder/train_images/d899c9ef7-1.jpg,train,Mixed Breed,,0.8002753483182548,1,Alto,OOF desarrollo
67f174628,data/raw_petfinder/train_images/67f174628-1.jpg,train,Mixed Breed,,0.7465289266357362,1,Alto,OOF desarrollo
ecba82fc3,data/raw_petfinder/train_images/ecba82fc3-1.jpg,train,Mixed Breed,,0.2350784747747858,0,Bajo,OOF desarrollo
7e2ce5b3e,data/raw_petfinder/train_images/7e2ce5b3e-1.jpg,train,Mixed Breed,,0.5289112232840704,1,Medio,OOF desarrollo
29d752f7f,data/raw_petfinder/train_images/29d752f7f-1.jpg,train,Mixed Breed,,0.7739633831594261,1,Alto,OOF desarrollo
d0566e4db,data/raw_petfinder/train_images/d0566e4db-1.jpg,train,Mixed Breed,,0.5706069363896002,1,Medio,OOF desarrollo
dc589864d,data/raw_petfinder/train_images/dc589864d-1.jpg,train,Mixed Breed,Mixed Breed,0.4189108968677105,1,Bajo,OOF desarrollo
49f3710f9,data/raw_petfinder/train_images/49f3710f9-1.jpg,train,Mixed Breed,,0.6790832386192934,1,Alto,OOF desarrollo
4d4c7be64,data/raw_petfinder/train_images/4d4c7be64-1.jpg,train,Mixed Breed,,0.4288368170912404,1,Bajo,OOF desarrollo
ada57411b,data/raw_petfinder/train_images/ada57411b-1.jpg,valid,Mixed Breed,,0.4247529722945062,1,Bajo,OOF desarrollo
e90451ea4,data/raw_petfinder/train_images/e90451ea4-1.jpg,valid,Spitz,Mixed Breed,0.4750369429884775,1,Medio,OOF desarrollo
1e72112bc,data/raw_petfinder/train_images/1e72112bc-1.jpg,train,Pug,,0.3251869061977692,0,Bajo,OOF desarrollo
9bfb6a77f,data/raw_petfinder/train_images/9bfb6a77f-1.jpg,test,Mixed Breed,,0.4326703668148636,1,Bajo,Test fuera de muestra
7013035d9,data/raw_petfinder/train_images/7013035d9-1.jpg,train,Mixed Breed,,0.5384993740000035,1,Medio,OOF desarrollo
6c4d7b09f,data/raw_petfinder/train_images/6c4d7b09f-1.jpg,valid,Schnauzer,,0.361807931279462,0,Bajo,OOF desarrollo
be3247b2c,data/raw_petfinder/train_images/be3247b2c-1.jpg,train,German Shepherd Dog,Mixed Breed,0.5209029688902911,1,Medio,OOF desarrollo
0ff7245bd,data/raw_petfinder/train_images/0ff7245bd-1.jpg,train,Husky,,0.4855489601248009,1,Medio,OOF desarrollo
40309f25c,data/raw_petfinder/train_images/40309f25c-1.jpg,train,Mixed Breed,,0.4976265527429706,1,Medio,OOF desarrollo
a44b2389a,data/raw_petfinder/train_images/a44b2389a-1.jpg,train,Mixed Breed,Golden Retriever,0.6931534446052723,1,Alto,OOF desarrollo
d4bb8cf0a,data/raw_petfinder/train_images/d4bb8cf0a-1.jpg,train,Shih Tzu,,0.3514614487800506,0,Bajo,OOF desarrollo
92586e5a3,data/raw_petfinder/train_images/92586e5a3-1.jpg,train,Golden Retriever,Mixed Breed,0.5031926936038758,1,Medio,OOF desarrollo
46bb277b5,data/raw_petfinder/train_images/46bb277b5-1.jpg,train,Mixed Breed,,0.4458306030313984,1,Bajo,OOF desarrollo
3d9a62b53,data/raw_petfinder/train_images/3d9a62b53-1.jpg,train,Poodle,,0.4485190272960125,1,Bajo,OOF desarrollo
51226d067,data/raw_petfinder/train_images/51226d067-1.jpg,train,Mixed Breed,,0.5827591864285778,1,Medio,OOF desarrollo
24dfcc985,data/raw_petfinder/train_images/24dfcc985-1.jpg,train,Golden Retriever,Labrador Retriever,0.4244340609485663,1,Bajo,OOF desarrollo
807ea3b72,data/raw_petfinder/train_images/807ea3b72-1.jpg,train,Mixed Breed,,0.6262915102359174,1,Alto,OOF desarrollo
e932a94c6,data/raw_petfinder/train_images/e932a94c6-1.jpg,train,Mixed Breed,,0.6423264276174108,1,Alto,OOF desarrollo
11d50c573,data/raw_petfinder/train_images/11d50c573-1.jpg,test,Mixed Breed,,0.7906170501070295,1,Alto,Test fuera de muestra
a2c44393c,data/raw_petfinder/train_images/a2c44393c-1.jpg,valid,Mixed Breed,,0.5685665365674595,1,Medio,OOF desarrollo
f86f15c15,data/raw_petfinder/train_images/f86f15c15-1.jpg,valid,Dachshund,Mixed Breed,0.6013788852884151,1,Medio,OOF desarrollo
eddd81378,data/raw_petfinder/train_images/eddd81378-1.jpg,valid,Labrador Retriever,Mixed Breed,0.4607886315767323,1,Medio,OOF desarrollo
30917edfa,data/raw_petfinder/train_images/30917edfa-1.jpg,train,Beagle,,0.4321612238193522,1,Bajo,OOF desarrollo
ec40d007f,data/raw_petfinder/train_images/ec40d007f-1.jpg,train,Mixed Breed,,0.4718961025979983,1,Medio,OOF desarrollo
ed7c0ebb1,data/raw_petfinder/train_images/ed7c0ebb1-1.jpg,test,Poodle,,0.3358445690316169,0,Bajo,Test fuera de muestra
bd6528981,data/raw_petfinder/train_images/bd6528981-1.jpg,train,Mixed Breed,,0.5645535398741074,1,Medio,OOF desarrollo
6bf08dced,data/raw_petfinder/train_images/6bf08dced-1.jpg,train,Mixed Breed,,0.5964612616488447,1,Medio,OOF desarrollo
63adeea51,data/raw_petfinder/train_images/63adeea51-1.jpg,train,Mixed Breed,Mixed Breed,0.6011130423733849,1,Medio,OOF desarrollo
ce5bb821a,data/raw_petfinder/train_images/ce5bb821a-1.jpg,train,Mixed Breed,Mixed Breed,0.7838365777639531,1,Alto,OOF desarrollo
d0b98e001,data/raw_petfinder/train_images/d0b98e001-1.jpg,train,English Cocker Spaniel,,0.5746907605820273,1,Medio,OOF desarrollo
3e158c21e,data/raw_petfinder/train_images/3e158c21e-1.jpg,valid,Chihuahua,Shih Tzu,0.7009895766304726,1,Alto,OOF desarrollo
1cccac540,data/raw_petfinder/train_images/1cccac540-1.jpg,test,Mixed Breed,,0.5071772172797561,1,Medio,Test fuera de muestra
7131cab79,data/raw_petfinder/train_images/7131cab79-1.jpg,train,Mixed Breed,Mixed Breed,0.628439670395891,1,Alto,OOF desarrollo
a9f6ed0cb,data/raw_petfinder/train_images/a9f6ed0cb-1.jpg,valid,Mixed Breed,Mixed Breed,0.8430062358742212,1,Alto,OOF desarrollo
f80bf9a51,data/raw_petfinder/train_images/f80bf9a51-1.jpg,train,Mixed Breed,,0.6049329883819246,1,Medio,OOF desarrollo
dc88ebe46,data/raw_petfinder/train_images/dc88ebe46-1.jpg,train,Golden Retriever,,0.1850987771666973,0,Bajo,OOF desarrollo
65e75b92e,data/raw_petfinder/train_images/65e75b92e-1.jpg,train,Mixed Breed,,0.4402875408608181,1,Bajo,OOF desarrollo
5bd0c6dc7,data/raw_petfinder/train_images/5bd0c6dc7-1.jpg,train,Mixed Breed,,0.4659982393281122,1,Medio,OOF desarrollo
b4d54e67c,data/raw_petfinder/train_images/b4d54e67c-1.jpg,train,Mixed Breed,,0.3809819523996357,0,Bajo,OOF desarrollo
1b91e1082,data/raw_petfinder/train_images/1b91e1082-1.jpg,train,Mixed Breed,,0.5261636723172831,1,Medio,OOF desarrollo
b4d341b10,data/raw_petfinder/train_images/b4d341b10-1.jpg,valid,Mixed Breed,Mixed Breed,0.4854344039752712,1,Medio,OOF desarrollo
c36ffffdc,data/raw_petfinder/train_images/c36ffffdc-1.jpg,train,Mixed Breed,,0.7162142061250667,1,Alto,OOF desarrollo
6697a7f62,data/raw_petfinder/train_images/6697a7f62-1.jpg,train,Mixed Breed,,0.4347147592937268,1,Bajo,OOF desarrollo
cc3fe68d2,data/raw_petfinder/train_images/cc3fe68d2-1.jpg,test,Mixed Breed,,0.5782289632412807,1,Medio,Test fuera de muestra
dbaa03313,data/raw_petfinder/train_images/dbaa03313-1.jpg,train,Schnauzer,,0.3036387676056445,0,Bajo,OOF desarrollo
4bce78644,data/raw_petfinder/train_images/4bce78644-1.jpg,train,Mixed Breed,,0.6585329908298567,1,Alto,OOF desarrollo
9296c9064,data/raw_petfinder/train_images/9296c9064-1.jpg,train,Mixed Breed,,0.6355574199025951,1,Alto,OOF desarrollo
c66f97de2,data/raw_petfinder/train_images/c66f97de2-1.jpg,train,Terrier,Mixed Breed,0.5147800530088854,1,Medio,OOF desarrollo
1db76bd72,data/raw_petfinder/train_images/1db76bd72-1.jpg,train,Mixed Breed,,0.703402315501712,1,Alto,OOF desarrollo
cb7bfedd5,data/raw_petfinder/train_images/cb7bfedd5-1.jpg,train,Spitz,,0.4452111132130133,1,Bajo,OOF desarrollo
4103336dd,data/raw_petfinder/train_images/4103336dd-1.jpg,test,Poodle,Mixed Breed,0.4089473617692685,1,Bajo,Test fuera de muestra
3ba7056bb,data/raw_petfinder/train_images/3ba7056bb-1.jpg,train,Mixed Breed,,0.5615312849820172,1,Medio,OOF desarrollo
ad8b02fcc,data/raw_petfinder/train_images/ad8b02fcc-1.jpg,test,Mixed Breed,,0.6043065913855676,1,Medio,Test fuera de muestra
4891fdacd,data/raw_petfinder/train_images/4891fdacd-1.jpg,train,Bull Terrier,,0.5878164676222168,1,Medio,OOF desarrollo
0d551fb5b,data/raw_petfinder/train_images/0d551fb5b-1.jpg,train,Mixed Breed,,0.7798443850426331,1,Alto,OOF desarrollo
99c7658be,data/raw_petfinder/train_images/99c7658be-1.jpg,train,Mixed Breed,,0.656751209510279,1,Alto,OOF desarrollo
0243911ea,data/raw_petfinder/train_images/0243911ea-1.jpg,test,Mixed Breed,,0.4410155042912976,1,Bajo,Test fuera de muestra
865ee6652,data/raw_petfinder/train_images/865ee6652-1.jpg,train,Mixed Breed,,0.7087761647330353,1,Alto,OOF desarrollo
c3e1f5f86,data/raw_petfinder/train_images/c3e1f5f86-1.jpg,test,Mixed Breed,,0.4525924748829932,1,Bajo,Test fuera de muestra
39c02e302,data/raw_petfinder/train_images/39c02e302-1.jpg,train,Mixed Breed,,0.7523257878347502,1,Alto,OOF desarrollo
12c4ed873,data/raw_petfinder/train_images/12c4ed873-1.jpg,test,Poodle,Schnauzer,0.177358752069228,0,Bajo,Test fuera de muestra
ab0609017,data/raw_petfinder/train_images/ab0609017-1.jpg,valid,Pug,Shih Tzu,0.4566682909472412,1,Bajo,OOF desarrollo
f922bd640,data/raw_petfinder/train_images/f922bd640-1.jpg,train,Mixed Breed,,0.4713464009014053,1,Medio,OOF desarrollo
0a266921d,data/raw_petfinder/train_images/0a266921d-1.jpg,valid,Shih Tzu,,0.4888392822746049,1,Medio,OOF desarrollo
351f3746c,data/raw_petfinder/train_images/351f3746c-1.jpg,test,Beagle,,0.4541828741417183,1,Bajo,Test fuera de muestra
6185f59bf,data/raw_petfinder/train_images/6185f59bf-1.jpg,train,Mixed Breed,,0.4583270159886887,1,Medio,OOF desarrollo
a30e92cfd,data/raw_petfinder/train_images/a30e92cfd-1.jpg,test,Mixed Breed,,0.8250493821362888,1,Alto,Test fuera de muestra
9f2251ffe,data/raw_petfinder/train_images/9f2251ffe-1.jpg,train,Basset Hound,Basset Hound,0.4971391372660151,1,Medio,OOF desarrollo
7390b70c5,data/raw_petfinder/train_images/7390b70c5-1.jpg,train,Mixed Breed,,0.8150020543378319,1,Alto,OOF desarrollo
4370b5ff7,data/raw_petfinder/train_images/4370b5ff7-1.jpg,train,Mixed Breed,,0.3371477888087265,0,Bajo,OOF desarrollo
c7969bc23,data/raw_petfinder/train_images/c7969bc23-1.jpg,train,Mixed Breed,,0.7408473813503988,1,Alto,OOF desarrollo
04d25d8a7,data/raw_petfinder/train_images/04d25d8a7-1.jpg,train,Mixed Breed,Mixed Breed,0.77800130429331,1,Alto,OOF desarrollo
f4c27e753,data/raw_petfinder/train_images/f4c27e753-1.jpg,train,Mixed Breed,,0.7604507960826666,1,Alto,OOF desarrollo
d1db8712e,data/raw_petfinder/train_images/d1db8712e-1.jpg,train,Mixed Breed,,0.6704906771949488,1,Alto,OOF desarrollo
ee65ac339,data/raw_petfinder/train_images/ee65ac339-1.jpg,train,Shih Tzu,,0.2712029717504859,0,Bajo,OOF desarrollo
ed10d7ee5,data/raw_petfinder/train_images/ed10d7ee5-1.jpg,test,Mixed Breed,,0.4510859885106298,1,Bajo,Test fuera de muestra
f867cc417,data/raw_petfinder/train_images/f867cc417-1.jpg,train,Mixed Breed,,0.3113514540079778,0,Bajo,OOF desarrollo
dd0d78496,data/raw_petfinder/train_images/dd0d78496-1.jpg,train,Mixed Breed,,0.7530786578168462,1,Alto,OOF desarrollo
18f9fe19c,data/raw_petfinder/train_images/18f9fe19c-1.jpg,train,Shih Tzu,,0.5003507681372271,1,Medio,OOF desarrollo
380eaa884,data/raw_petfinder/train_images/380eaa884-1.jpg,train,Miniature Pinscher,Shih Tzu,0.4563981672906153,1,Bajo,OOF desarrollo
be4acc363,data/raw_petfinder/train_images/be4acc363-1.jpg,train,Mixed Breed,,0.608342466298184,1,Alto,OOF desarrollo
cb41cd1c5,data/raw_petfinder/train_images/cb41cd1c5-1.jpg,train,Mixed Breed,,0.5449206880554869,1,Medio,OOF desarrollo
1fdf2880b,data/raw_petfinder/train_images/1fdf2880b-1.jpg,train,Mixed Breed,,0.6751170482191894,1,Alto,OOF desarrollo
bb8795c8d,data/raw_petfinder/train_images/bb8795c8d-1.jpg,valid,Schnauzer,,0.4922827415435187,1,Medio,OOF desarrollo
d59f3a6cc,data/raw_petfinder/train_images/d59f3a6cc-1.jpg,train,Mixed Breed,,0.3971292658221939,1,Bajo,OOF desarrollo
58132cc85,data/raw_petfinder/train_images/58132cc85-1.jpg,train,White German Shepherd,,0.3503802060409489,0,Bajo,OOF desarrollo
aba00e1f9,data/raw_petfinder/train_images/aba00e1f9-1.jpg,train,Mixed Breed,,0.7789162292941952,1,Alto,OOF desarrollo
9ede28a9d,data/raw_petfinder/train_images/9ede28a9d-1.jpg,test,Mixed Breed,,0.7535540801514252,1,Alto,Test fuera de muestra
38436063c,data/raw_petfinder/train_images/38436063c-1.jpg,train,Mixed Breed,Mixed Breed,0.4045655599472031,1,Bajo,OOF desarrollo
15df9cd46,data/raw_petfinder/train_images/15df9cd46-1.jpg,train,Mixed Breed,Mixed Breed,0.7432284511349128,1,Alto,OOF desarrollo
a700a780b,data/raw_petfinder/train_images/a700a780b-1.jpg,train,Mixed Breed,,0.3866722022315331,0,Bajo,OOF desarrollo
1d9c36e47,data/raw_petfinder/train_images/1d9c36e47-1.jpg,train,Mixed Breed,,0.6052304903164077,1,Alto,OOF desarrollo
069762ec2,data/raw_petfinder/train_images/069762ec2-1.jpg,train,Australian Kelpie,,0.6027301563295093,1,Medio,OOF desarrollo
6f7d23e2d,data/raw_petfinder/train_images/6f7d23e2d-1.jpg,train,Mixed Breed,,0.7207846155850239,1,Alto,OOF desarrollo
5b2e5e410,data/raw_petfinder/train_images/5b2e5e410-1.jpg,train,Mixed Breed,,0.5032222308788431,1,Medio,OOF desarrollo
44175f75c,data/raw_petfinder/train_images/44175f75c-1.jpg,train,Terrier,Mixed Breed,0.6801644058636399,1,Alto,OOF desarrollo
17066185d,data/raw_petfinder/train_images/17066185d-1.jpg,train,Mixed Breed,,0.5311363517736936,1,Medio,OOF desarrollo
e402f3b2f,data/raw_petfinder/train_images/e402f3b2f-1.jpg,test,Mixed Breed,,0.7746037309016586,1,Alto,Test fuera de muestra
586585da9,data/raw_petfinder/train_images/586585da9-1.jpg,train,English Cocker Spaniel,,0.490579035629021,1,Medio,OOF desarrollo
9d84fc0c5,data/raw_petfinder/train_images/9d84fc0c5-1.jpg,test,Mixed Breed,Mixed Breed,0.7578865452964078,1,Alto,Test fuera de muestra
418a25e6b,data/raw_petfinder/train_images/418a25e6b-1.jpg,train,Poodle,,0.2948638077993152,0,Bajo,OOF desarrollo
417c109aa,data/raw_petfinder/train_images/417c109aa-1.jpg,train,Mixed Breed,,0.5645315319955868,1,Medio,OOF desarrollo
3d51f4560,data/raw_petfinder/train_images/3d51f4560-1.jpg,train,Mixed Breed,,0.4919729022443252,1,Medio,OOF desarrollo
c4a3c0456,data/raw_petfinder/train_images/c4a3c0456-1.jpg,test,Mixed Breed,,0.4069476308623255,1,Bajo,Test fuera de muestra
b1ed265ef,data/raw_petfinder/train_images/b1ed265ef-1.jpg,train,Mixed Breed,Mixed Breed,0.7671124923306387,1,Alto,OOF desarrollo
530c897a2,data/raw_petfinder/train_images/530c897a2-1.jpg,test,Dachshund,Mixed Breed,0.3989310179787499,1,Bajo,Test fuera de muestra
1fecd2bab,data/raw_petfinder/train_images/1fecd2bab-1.jpg,valid,Mixed Breed,,0.5262283422466487,1,Medio,OOF desarrollo
f2eb9530d,data/raw_petfinder/train_images/f2eb9530d-1.jpg,train,Mixed Breed,,0.6008331728497819,1,Medio,OOF desarrollo
3fed382c0,data/raw_petfinder/train_images/3fed382c0-1.jpg,test,Mixed Breed,,0.3133220318116854,0,Bajo,Test fuera de muestra
a5acfe9ed,data/raw_petfinder/train_images/a5acfe9ed-1.jpg,test,Rottweiler,,0.6547378254687761,1,Alto,Test fuera de muestra
3b178aa59,data/raw_petfinder/train_images/3b178aa59-1.jpg,train,Terrier,Terrier,0.5144082522824922,1,Medio,OOF desarrollo
ae5059b40,data/raw_petfinder/train_images/ae5059b40-1.jpg,train,Terrier,Mixed Breed,0.4765813237920192,1,Medio,OOF desarrollo
b11ae7451,data/raw_petfinder/train_images/b11ae7451-1.jpg,train,Mixed Breed,,0.7468025308064266,1,Alto,OOF desarrollo
bd54c995a,data/raw_petfinder/train_images/bd54c995a-1.jpg,train,Mixed Breed,Terrier,0.5362909148090766,1,Medio,OOF desarrollo
e27ac6865,data/raw_petfinder/train_images/e27ac6865-1.jpg,test,Mixed Breed,Mixed Breed,0.4668581080084282,1,Medio,Test fuera de muestra
f83695eb0,data/raw_petfinder/train_images/f83695eb0-1.jpg,train,Cocker Spaniel,Cocker Spaniel,0.4715140498870125,1,Medio,OOF desarrollo
fa7c7d1be,data/raw_petfinder/train_images/fa7c7d1be-1.jpg,train,Mixed Breed,Mixed Breed,0.5104626799339754,1,Medio,OOF desarrollo
8a38740d1,data/raw_petfinder/train_images/8a38740d1-1.jpg,train,Shih Tzu,,0.2354693847954566,0,Bajo,OOF desarrollo
7611934a0,data/raw_petfinder/train_images/7611934a0-1.jpg,train,Mixed Breed,,0.3205880687641457,0,Bajo,OOF desarrollo
3de1de812,data/raw_petfinder/train_images/3de1de812-1.jpg,train,Mixed Breed,,0.5158208897681062,1,Medio,OOF desarrollo
0a4203544,data/raw_petfinder/train_images/0a4203544-1.jpg,test,Poodle,,0.6319443533304085,1,Alto,Test fuera de muestra
ed0185e39,data/raw_petfinder/train_images/ed0185e39-1.jpg,train,Mixed Breed,,0.7571503120445914,1,Alto,OOF desarrollo
a73b9eafd,data/raw_petfinder/train_images/a73b9eafd-1.jpg,train,Mixed Breed,,0.6309618603386443,1,Alto,OOF desarrollo
ed5631a9c,data/raw_petfinder/train_images/ed5631a9c-1.jpg,train,Mixed Breed,,0.4501807744799332,1,Bajo,OOF desarrollo
0adca3f66,data/raw_petfinder/train_images/0adca3f66-1.jpg,train,Jack Russell Terrier,Mixed Breed,0.2935785444085123,0,Bajo,OOF desarrollo
b25c2d2d1,data/raw_petfinder/train_images/b25c2d2d1-1.jpg,train,Miniature Pinscher,Mixed Breed,0.6717050399825614,1,Alto,OOF desarrollo
06daf9c05,data/raw_petfinder/train_images/06daf9c05-1.jpg,valid,Mixed Breed,,0.7687428164174697,1,Alto,OOF desarrollo
cf66d011e,data/raw_petfinder/train_images/cf66d011e-1.jpg,train,Mixed Breed,,0.5529909574212639,1,Medio,OOF desarrollo
70337537c,data/raw_petfinder/train_images/70337537c-1.jpg,train,Mixed Breed,,0.4962532597173827,1,Medio,OOF desarrollo
72c626d6c,data/raw_petfinder/train_images/72c626d6c-1.jpg,test,Spitz,Sheep Dog,0.5458471893369705,1,Medio,Test fuera de muestra
7b052d37d,data/raw_petfinder/train_images/7b052d37d-1.jpg,train,Mixed Breed,Terrier,0.5249954311197776,1,Medio,OOF desarrollo
231fe619a,data/raw_petfinder/train_images/231fe619a-1.jpg,train,Mixed Breed,,0.7216327751368614,1,Alto,OOF desarrollo
6704c5fd7,data/raw_petfinder/train_images/6704c5fd7-1.jpg,train,Mixed Breed,,0.6233087135931842,1,Alto,OOF desarrollo
8867faa98,data/raw_petfinder/train_images/8867faa98-1.jpg,train,Mixed Breed,,0.6902153044489749,1,Alto,OOF desarrollo
10516f3c6,data/raw_petfinder/train_images/10516f3c6-1.jpg,train,Mixed Breed,,0.6370547796127675,1,Alto,OOF desarrollo
5a828ec3e,data/raw_petfinder/train_images/5a828ec3e-1.jpg,valid,Mixed Breed,,0.3637730654787211,0,Bajo,OOF desarrollo
3e65ffa3c,data/raw_petfinder/train_images/3e65ffa3c-1.jpg,test,Mixed Breed,,0.491111983239734,1,Medio,Test fuera de muestra
eddac3328,data/raw_petfinder/train_images/eddac3328-1.jpg,valid,Mixed Breed,Terrier,0.7254578051996723,1,Alto,OOF desarrollo
9b344389b,data/raw_petfinder/train_images/9b344389b-1.jpg,train,Mixed Breed,,0.418203513734607,1,Bajo,OOF desarrollo
97f0e7ec2,data/raw_petfinder/train_images/97f0e7ec2-1.jpg,train,Mixed Breed,,0.3843647789259011,0,Bajo,OOF desarrollo
0d47275d4,data/raw_petfinder/train_images/0d47275d4-1.jpg,train,Mixed Breed,,0.5872312335378588,1,Medio,OOF desarrollo
f4614847a,data/raw_petfinder/train_images/f4614847a-1.jpg,valid,Mixed Breed,,0.422256167676714,1,Bajo,OOF desarrollo
1a676ca88,data/raw_petfinder/train_images/1a676ca88-1.jpg,train,Mixed Breed,,0.4377546591750374,1,Bajo,OOF desarrollo
db05d2fb1,data/raw_petfinder/train_images/db05d2fb1-1.jpg,test,Mixed Breed,,0.3991674849035411,1,Bajo,Test fuera de muestra
7ef23b94f,data/raw_petfinder/train_images/7ef23b94f-1.jpg,train,Mixed Breed,,0.3898253237707741,0,Bajo,OOF desarrollo
46b9595d0,data/raw_petfinder/train_images/46b9595d0-1.jpg,valid,Mixed Breed,,0.676193685355091,1,Alto,OOF desarrollo
b3db0fa59,data/raw_petfinder/train_images/b3db0fa59-1.jpg,train,Mixed Breed,,0.5434299801350115,1,Medio,OOF desarrollo
2405c5660,data/raw_petfinder/train_images/2405c5660-1.jpg,train,Poodle,,0.3388328293878896,0,Bajo,OOF desarrollo
3df923a0e,data/raw_petfinder/train_images/3df923a0e-1.jpg,train,Mixed Breed,,0.5796312639867895,1,Medio,OOF desarrollo
8f1bdc253,data/raw_petfinder/train_images/8f1bdc253-1.jpg,train,Mixed Breed,,0.4142604017769316,1,Bajo,OOF desarrollo
dbabe4e51,data/raw_petfinder/train_images/dbabe4e51-1.jpg,valid,Mixed Breed,,0.5237200238658454,1,Medio,OOF desarrollo
4866e37fe,data/raw_petfinder/train_images/4866e37fe-1.jpg,test,Mixed Breed,,0.4644024070036906,1,Medio,Test fuera de muestra
21d8f0d2f,data/raw_petfinder/train_images/21d8f0d2f-1.jpg,test,Mixed Breed,,0.7842313447507789,1,Alto,Test fuera de muestra
12890e9dc,data/raw_petfinder/train_images/12890e9dc-1.jpg,test,Mixed Breed,,0.6756839807645436,1,Alto,Test fuera de muestra
43ad546c7,data/raw_petfinder/train_images/43ad546c7-1.jpg,train,Mixed Breed,,0.4741869088950343,1,Medio,OOF desarrollo
d5ee02201,data/raw_petfinder/train_images/d5ee02201-1.jpg,test,Mixed Breed,,0.3040497531129117,0,Bajo,Test fuera de muestra
9d513f46a,data/raw_petfinder/train_images/9d513f46a-1.jpg,valid,Mixed Breed,,0.5701298524648557,1,Medio,OOF desarrollo
de34278bc,data/raw_petfinder/train_images/de34278bc-1.jpg,train,Mixed Breed,,0.3766128327329369,0,Bajo,OOF desarrollo
5ca64db1a,data/raw_petfinder/train_images/5ca64db1a-1.jpg,test,Mixed Breed,Mixed Breed,0.8224094726795457,1,Alto,Test fuera de muestra
ffebad2e7,data/raw_petfinder/train_images/ffebad2e7-1.jpg,train,Terrier,Mixed Breed,0.4061054975917333,1,Bajo,OOF desarrollo
5634cfd98,data/raw_petfinder/train_images/5634cfd98-1.jpg,valid,Mixed Breed,,0.6106877302620712,1,Alto,OOF desarrollo
503a567ed,data/raw_petfinder/train_images/503a567ed-1.jpg,train,Mixed Breed,,0.5327531354976631,1,Medio,OOF desarrollo
186920165,data/raw_petfinder/train_images/186920165-1.jpg,test,Shih Tzu,,0.3687589071686766,0,Bajo,Test fuera de muestra
2cb3529bc,data/raw_petfinder/train_images/2cb3529bc-1.jpg,train,Shih Tzu,Terrier,0.3151372401843438,0,Bajo,OOF desarrollo
eaf610cd0,data/raw_petfinder/train_images/eaf610cd0-1.jpg,valid,Mixed Breed,,0.5740601082422369,1,Medio,OOF desarrollo
9c5f43178,data/raw_petfinder/train_images/9c5f43178-1.jpg,train,Mixed Breed,,0.6604744170486183,1,Alto,OOF desarrollo
6f863a03a,data/raw_petfinder/train_images/6f863a03a-1.jpg,train,Mixed Breed,Mixed Breed,0.4791436885128519,1,Medio,OOF desarrollo
52f3d0bf9,data/raw_petfinder/train_images/52f3d0bf9-1.jpg,train,Mixed Breed,,0.775938539020332,1,Alto,OOF desarrollo
359dd0b52,data/raw_petfinder/train_images/359dd0b52-1.jpg,train,Dachshund,Mixed Breed,0.4160675950339328,1,Bajo,OOF desarrollo
d93b38122,data/raw_petfinder/train_images/d93b38122-1.jpg,train,Mixed Breed,,0.4530464652746391,1,Bajo,OOF desarrollo
bdb0f50e0,data/raw_petfinder/train_images/bdb0f50e0-1.jpg,train,Mixed Breed,Terrier,0.6766838782341059,1,Alto,OOF desarrollo
44c117982,data/raw_petfinder/train_images/44c117982-1.jpg,train,Mixed Breed,,0.3384931639470006,0,Bajo,OOF desarrollo
62da2d031,data/raw_petfinder/train_images/62da2d031-1.jpg,train,Mixed Breed,,0.7633671385005909,1,Alto,OOF desarrollo
2d88536fc,data/raw_petfinder/train_images/2d88536fc-1.jpg,test,Labrador Retriever,Mixed Breed,0.5885500957558685,1,Medio,Test fuera de muestra
56ddc4f47,data/raw_petfinder/train_images/56ddc4f47-1.jpg,test,Mixed Breed,,0.3857663353205214,0,Bajo,Test fuera de muestra
119f813b2,data/raw_petfinder/train_images/119f813b2-1.jpg,train,Mixed Breed,Mixed Breed,0.3625809672289765,0,Bajo,OOF desarrollo
2831adaff,data/raw_petfinder/train_images/2831adaff-1.jpg,train,Hound,Mixed Breed,0.5027352070502431,1,Medio,OOF desarrollo
60f513e5a,data/raw_petfinder/train_images/60f513e5a-1.jpg,train,Mixed Breed,,0.4131151022290134,1,Bajo,OOF desarrollo
95eb301ed,data/raw_petfinder/train_images/95eb301ed-1.jpg,valid,Mixed Breed,,0.5246608083567712,1,Medio,OOF desarrollo
c763886a6,data/raw_petfinder/train_images/c763886a6-1.jpg,test,Mixed Breed,,0.4195322337676964,1,Bajo,Test fuera de muestra
1d20ba693,data/raw_petfinder/train_images/1d20ba693-1.jpg,train,Mixed Breed,,0.5574206743137458,1,Medio,OOF desarrollo
58d1adc55,data/raw_petfinder/train_images/58d1adc55-1.jpg,test,Mixed Breed,,0.5421844128165574,1,Medio,Test fuera de muestra
628f11673,data/raw_petfinder/train_images/628f11673-1.jpg,valid,Mixed Breed,,0.4373216644834585,1,Bajo,OOF desarrollo
158a55025,data/raw_petfinder/train_images/158a55025-1.jpg,train,Pug,,0.5420009524424745,1,Medio,OOF desarrollo
eb1f799df,data/raw_petfinder/train_images/eb1f799df-1.jpg,train,Mixed Breed,,0.4101589482825551,1,Bajo,OOF desarrollo
4da0a8ee1,data/raw_petfinder/train_images/4da0a8ee1-1.jpg,train,Mixed Breed,Mixed Breed,0.5500428348574798,1,Medio,OOF desarrollo
b1d1e399c,data/raw_petfinder/train_images/b1d1e399c-1.jpg,valid,Doberman Pinscher,Mixed Breed,0.6608178687649466,1,Alto,OOF desarrollo
52a539ef3,data/raw_petfinder/train_images/52a539ef3-1.jpg,valid,Mixed Breed,Mixed Breed,0.5457312624237032,1,Medio,OOF desarrollo
adc3a477a,data/raw_petfinder/train_images/adc3a477a-1.jpg,train,Golden Retriever,,0.3613284829574312,0,Bajo,OOF desarrollo
130797334,data/raw_petfinder/train_images/130797334-1.jpg,train,Husky,Mixed Breed,0.6674658477457517,1,Alto,OOF desarrollo
e8f6ede8c,data/raw_petfinder/train_images/e8f6ede8c-1.jpg,train,Mixed Breed,Mixed Breed,0.7776583869988292,1,Alto,OOF desarrollo
63697128e,data/raw_petfinder/train_images/63697128e-1.jpg,test,Mixed Breed,,0.8793315489536607,1,Alto,Test fuera de muestra
c148399c0,data/raw_petfinder/train_images/c148399c0-1.jpg,train,Mixed Breed,Dachshund,0.6717869792049347,1,Alto,OOF desarrollo
514e33268,data/raw_petfinder/train_images/514e33268-1.jpg,train,Rottweiler,Mixed Breed,0.2969987987181491,0,Bajo,OOF desarrollo
54bbc1b84,data/raw_petfinder/train_images/54bbc1b84-1.jpg,valid,Jack Russell Terrier (Parson Russell Terrier),,0.472190915633873,1,Medio,OOF desarrollo
cbf20c4b0,data/raw_petfinder/train_images/cbf20c4b0-1.jpg,train,Mixed Breed,,0.6700315501757905,1,Alto,OOF desarrollo
4d09e065d,data/raw_petfinder/train_images/4d09e065d-1.jpg,train,Mixed Breed,Mixed Breed,0.7381891848086324,1,Alto,OOF desarrollo
2ad6c7675,data/raw_petfinder/train_images/2ad6c7675-1.jpg,valid,Mixed Breed,,0.4321685865632177,1,Bajo,OOF desarrollo
0fe8ffc8e,data/raw_petfinder/train_images/0fe8ffc8e-1.jpg,train,Mixed Breed,,0.7586580053789858,1,Alto,OOF desarrollo
9ba11975b,data/raw_petfinder/train_images/9ba11975b-1.jpg,train,Mixed Breed,,0.6409805510034416,1,Alto,OOF desarrollo
7a23bdbdc,data/raw_petfinder/train_images/7a23bdbdc-1.jpg,valid,Mixed Breed,,0.6979868127586966,1,Alto,OOF desarrollo
72c9986ac,data/raw_petfinder/train_images/72c9986ac-1.jpg,train,Mixed Breed,,0.6165971348093515,1,Alto,OOF desarrollo
4a78b3e0b,data/raw_petfinder/train_images/4a78b3e0b-1.jpg,train,Miniature Pinscher,,0.4697767051367956,1,Medio,OOF desarrollo
3219ad064,data/raw_petfinder/train_images/3219ad064-1.jpg,train,Mixed Breed,,0.4504303596853494,1,Bajo,OOF desarrollo
6709f43e8,data/raw_petfinder/train_images/6709f43e8-1.jpg,train,Beagle,Mixed Breed,0.5957946237619702,1,Medio,OOF desarrollo
56d7f894f,data/raw_petfinder/train_images/56d7f894f-1.jpg,train,Mixed Breed,,0.7879867888829317,1,Alto,OOF desarrollo
dc2354851,data/raw_petfinder/train_images/dc2354851-1.jpg,train,Doberman Pinscher,,0.453252392872609,1,Bajo,OOF desarrollo
37a11cc19,data/raw_petfinder/train_images/37a11cc19-1.jpg,train,Mixed Breed,,0.6923759170965449,1,Alto,OOF desarrollo
22bc76cf6,data/raw_petfinder/train_images/22bc76cf6-1.jpg,test,Mixed Breed,,0.5194323211072878,1,Medio,Test fuera de muestra
a6830bac1,data/raw_petfinder/train_images/a6830bac1-1.jpg,train,Mixed Breed,Mixed Breed,0.5708962856931898,1,Medio,OOF desarrollo
afa694eb4,data/raw_petfinder/train_images/afa694eb4-1.jpg,train,Mixed Breed,,0.7729546294862659,1,Alto,OOF desarrollo
b52b8d946,data/raw_petfinder/train_images/b52b8d946-1.jpg,train,Mixed Breed,,0.6953616110124798,1,Alto,OOF desarrollo
86ea9dda0,data/raw_petfinder/train_images/86ea9dda0-1.jpg,train,Mixed Breed,,0.4390213416689719,1,Bajo,OOF desarrollo
e48598033,data/raw_petfinder/train_images/e48598033-1.jpg,train,Saint Bernard,Husky,0.5611781216761412,1,Medio,OOF desarrollo
46152db3e,data/raw_petfinder/train_images/46152db3e-1.jpg,valid,Mixed Breed,,0.6053395333441678,1,Alto,OOF desarrollo
e748f52b7,data/raw_petfinder/train_images/e748f52b7-1.jpg,train,Mixed Breed,,0.5337226570377429,1,Medio,OOF desarrollo
f836696de,data/raw_petfinder/train_images/f836696de-1.jpg,train,Mixed Breed,,0.7311538129968258,1,Alto,OOF desarrollo
8aeff9ad9,data/raw_petfinder/train_images/8aeff9ad9-1.jpg,train,Maltese,,0.1691194474180831,0,Bajo,OOF desarrollo
eb102e06d,data/raw_petfinder/train_images/eb102e06d-1.jpg,train,Husky,Terrier,0.4630527623653163,1,Medio,OOF desarrollo
703c9a23b,data/raw_petfinder/train_images/703c9a23b-1.jpg,train,Mixed Breed,,0.5181323150503262,1,Medio,OOF desarrollo
14e52bdaf,data/raw_petfinder/train_images/14e52bdaf-1.jpg,test,Mixed Breed,,0.8333095585747524,1,Alto,Test fuera de muestra
083687ba1,data/raw_petfinder/train_images/083687ba1-1.jpg,test,Mixed Breed,,0.7079906492795947,1,Alto,Test fuera de muestra
022606901,data/raw_petfinder/train_images/022606901-1.jpg,train,Labrador Retriever,Mixed Breed,0.3479100970065953,0,Bajo,OOF desarrollo
271ca0b0e,data/raw_petfinder/train_images/271ca0b0e-1.jpg,train,Mixed Breed,,0.6766000233462353,1,Alto,OOF desarrollo
cfa67dca2,data/raw_petfinder/train_images/cfa67dca2-1.jpg,train,Mixed Breed,,0.6794637468733284,1,Alto,OOF desarrollo
5b9bed882,data/raw_petfinder/train_images/5b9bed882-1.jpg,valid,Shih Tzu,,0.4266147225483548,1,Bajo,OOF desarrollo
4c26cf05d,data/raw_petfinder/train_images/4c26cf05d-1.jpg,valid,Labrador Retriever,Mixed Breed,0.6822140036112931,1,Alto,OOF desarrollo
4a8dc3644,data/raw_petfinder/train_images/4a8dc3644-1.jpg,train,Mixed Breed,Labrador Retriever,0.7061051608274185,1,Alto,OOF desarrollo
16002dd9b,data/raw_petfinder/train_images/16002dd9b-1.jpg,test,Rat Terrier,,0.4502208561705518,1,Bajo,Test fuera de muestra
17cbebba6,data/raw_petfinder/train_images/17cbebba6-1.jpg,train,Mixed Breed,,0.7331654532530415,1,Alto,OOF desarrollo
bf7ee1354,data/raw_petfinder/train_images/bf7ee1354-1.jpg,test,Mixed Breed,,0.5135037809732034,1,Medio,Test fuera de muestra
a119ce67e,data/raw_petfinder/train_images/a119ce67e-1.jpg,train,Mixed Breed,,0.503216228802908,1,Medio,OOF desarrollo
99f5b19b5,data/raw_petfinder/train_images/99f5b19b5-1.jpg,train,Mixed Breed,,0.4755546739491751,1,Medio,OOF desarrollo
09dd22091,data/raw_petfinder/train_images/09dd22091-1.jpg,train,Mixed Breed,,0.8145558250642561,1,Alto,OOF desarrollo
bc681e945,data/raw_petfinder/train_images/bc681e945-1.jpg,train,Mixed Breed,,0.4589875940100877,1,Medio,OOF desarrollo
80bbb481b,data/raw_petfinder/train_images/80bbb481b-1.jpg,valid,Mixed Breed,,0.3090122201791884,0,Bajo,OOF desarrollo
f7b67fd7f,data/raw_petfinder/train_images/f7b67fd7f-1.jpg,train,Mixed Breed,Mixed Breed,0.3983443922488464,1,Bajo,OOF desarrollo
559e15485,data/raw_petfinder/train_images/559e15485-1.jpg,train,Schnauzer,Poodle,0.3115845882835353,0,Bajo,OOF desarrollo
cf1b1b824,data/raw_petfinder/train_images/cf1b1b824-1.jpg,train,Mixed Breed,,0.7000725110489474,1,Alto,OOF desarrollo
de19fca23,data/raw_petfinder/train_images/de19fca23-1.jpg,train,Terrier,Sheep Dog,0.3799583560426257,0,Bajo,OOF desarrollo
0cba1503b,data/raw_petfinder/train_images/0cba1503b-1.jpg,train,Mixed Breed,,0.5476252612948793,1,Medio,OOF desarrollo
6c4520bd5,data/raw_petfinder/train_images/6c4520bd5-1.jpg,train,Mixed Breed,,0.5721509252910983,1,Medio,OOF desarrollo
d404012af,data/raw_petfinder/train_images/d404012af-1.jpg,train,Mixed Breed,,0.7658559419422271,1,Alto,OOF desarrollo
bbf6ed419,data/raw_petfinder/train_images/bbf6ed419-1.jpg,valid,Mixed Breed,,0.4254902533625981,1,Bajo,OOF desarrollo
07eb56db1,data/raw_petfinder/train_images/07eb56db1-1.jpg,train,Mixed Breed,Mixed Breed,0.4647529375312511,1,Medio,OOF desarrollo
c42e5a129,data/raw_petfinder/train_images/c42e5a129-1.jpg,train,Chihuahua,,0.4933993974352247,1,Medio,OOF desarrollo
9922b4f91,data/raw_petfinder/train_images/9922b4f91-1.jpg,train,Mixed Breed,,0.4868492726949256,1,Medio,OOF desarrollo
7ecaa8636,data/raw_petfinder/train_images/7ecaa8636-1.jpg,valid,Golden Retriever,Labrador Retriever,0.3389792922463518,0,Bajo,OOF desarrollo
89bec6af3,data/raw_petfinder/train_images/89bec6af3-1.jpg,train,Pekingese,,0.2993316161477501,0,Bajo,OOF desarrollo
0fa25b7e5,data/raw_petfinder/train_images/0fa25b7e5-1.jpg,test,Mixed Breed,,0.5863991050027264,1,Medio,Test fuera de muestra
8a6701090,data/raw_petfinder/train_images/8a6701090-1.jpg,valid,Mixed Breed,,0.8160233848047591,1,Alto,OOF desarrollo
ca9841ab1,data/raw_petfinder/train_images/ca9841ab1-1.jpg,valid,Mixed Breed,,0.4625157797232465,1,Medio,OOF desarrollo
34b96cf6a,data/raw_petfinder/train_images/34b96cf6a-1.jpg,valid,German Shepherd Dog,Spitz,0.4080696740027994,1,Bajo,OOF desarrollo
4b7262ad7,data/raw_petfinder/train_images/4b7262ad7-1.jpg,train,Mixed Breed,,0.6134178548310436,1,Alto,OOF desarrollo
ac59f3533,data/raw_petfinder/train_images/ac59f3533-1.jpg,train,Mixed Breed,,0.464152699094255,1,Medio,OOF desarrollo
18734d13e,data/raw_petfinder/train_images/18734d13e-1.jpg,train,Husky,,0.2350761091136786,0,Bajo,OOF desarrollo
99ab7c701,data/raw_petfinder/train_images/99ab7c701-1.jpg,train,Mixed Breed,,0.727131837618839,1,Alto,OOF desarrollo
3a050484c,data/raw_petfinder/train_images/3a050484c-1.jpg,train,Shih Tzu,Terrier,0.3653443156025562,0,Bajo,OOF desarrollo
ab48d21e0,data/raw_petfinder/train_images/ab48d21e0-1.jpg,train,Mixed Breed,,0.7327336224416148,1,Alto,OOF desarrollo
882021db6,data/raw_petfinder/train_images/882021db6-1.jpg,valid,Mixed Breed,,0.5521872155228792,1,Medio,OOF desarrollo
3af1dedf7,data/raw_petfinder/train_images/3af1dedf7-1.jpg,train,Mixed Breed,,0.6834958902403883,1,Alto,OOF desarrollo
9ae0545c1,data/raw_petfinder/train_images/9ae0545c1-1.jpg,train,Mixed Breed,Mixed Breed,0.7904474748991148,1,Alto,OOF desarrollo
56a0c2ccd,data/raw_petfinder/train_images/56a0c2ccd-1.jpg,train,Terrier,Mixed Breed,0.6931964486680938,1,Alto,OOF desarrollo
793e89809,data/raw_petfinder/train_images/793e89809-1.jpg,train,Australian Shepherd,Mixed Breed,0.7402242401420829,1,Alto,OOF desarrollo
161de24f6,data/raw_petfinder/train_images/161de24f6-1.jpg,valid,Mixed Breed,Border Collie,0.527685138393771,1,Medio,OOF desarrollo
f1fb9506a,data/raw_petfinder/train_images/f1fb9506a-1.jpg,train,Mixed Breed,,0.7486040211984658,1,Alto,OOF desarrollo
b16852e32,data/raw_petfinder/train_images/b16852e32-1.jpg,train,Golden Retriever,,0.3627436663704736,0,Bajo,OOF desarrollo
72a2dc93b,data/raw_petfinder/train_images/72a2dc93b-1.jpg,valid,Husky,,0.4554699988657014,1,Bajo,OOF desarrollo
ab4f161ae,data/raw_petfinder/train_images/ab4f161ae-1.jpg,train,Cocker Spaniel,,0.39339668432396,1,Bajo,OOF desarrollo
8910ea0f4,data/raw_petfinder/train_images/8910ea0f4-1.jpg,train,Mixed Breed,,0.4490306101278202,1,Bajo,OOF desarrollo
52363327c,data/raw_petfinder/train_images/52363327c-1.jpg,train,Mixed Breed,,0.8686267120022656,1,Alto,OOF desarrollo
c58ad77c4,data/raw_petfinder/train_images/c58ad77c4-1.jpg,valid,Mixed Breed,,0.7570426755335559,1,Alto,OOF desarrollo
19470706b,data/raw_petfinder/train_images/19470706b-1.jpg,train,Mixed Breed,,0.5465662447448676,1,Medio,OOF desarrollo
cb423070b,data/raw_petfinder/train_images/cb423070b-1.jpg,train,Mixed Breed,,0.3189614949391817,0,Bajo,OOF desarrollo
f9db446f8,data/raw_petfinder/train_images/f9db446f8-1.jpg,train,Mixed Breed,,0.5572807406714191,1,Medio,OOF desarrollo
b129e668c,data/raw_petfinder/train_images/b129e668c-1.jpg,train,Mixed Breed,,0.714755882541507,1,Alto,OOF desarrollo
f205876aa,data/raw_petfinder/train_images/f205876aa-1.jpg,train,Mixed Breed,,0.3710988060022829,0,Bajo,OOF desarrollo
0b6064845,data/raw_petfinder/train_images/0b6064845-1.jpg,train,Mixed Breed,,0.7961458739867154,1,Alto,OOF desarrollo
06abc52ac,data/raw_petfinder/train_images/06abc52ac-1.jpg,train,Beagle,,0.3546813946057557,0,Bajo,OOF desarrollo
2b47d7f0d,data/raw_petfinder/train_images/2b47d7f0d-1.jpg,train,Mixed Breed,Mixed Breed,0.4834580893402016,1,Medio,OOF desarrollo
078bf7e5a,data/raw_petfinder/train_images/078bf7e5a-1.jpg,test,Belgian Shepherd Malinois,Mixed Breed,0.5391713875958624,1,Medio,Test fuera de muestra
aaf465c30,data/raw_petfinder/train_images/aaf465c30-1.jpg,train,Mixed Breed,,0.5346322946949154,1,Medio,OOF desarrollo
d2fae31e8,data/raw_petfinder/train_images/d2fae31e8-1.jpg,train,Labrador Retriever,Mixed Breed,0.5117020855029144,1,Medio,OOF desarrollo
e909c484a,data/raw_petfinder/train_images/e909c484a-1.jpg,train,Mixed Breed,,0.4948720787439441,1,Medio,OOF desarrollo
0690278af,data/raw_petfinder/train_images/0690278af-1.jpg,train,Mixed Breed,Mixed Breed,0.3805125511249703,0,Bajo,OOF desarrollo
f5bbf322d,data/raw_petfinder/train_images/f5bbf322d-1.jpg,train,Mixed Breed,,0.5100801694810851,1,Medio,OOF desarrollo
b054e635f,data/raw_petfinder/train_images/b054e635f-1.jpg,test,Mixed Breed,Mixed Breed,0.5951402567826569,1,Medio,Test fuera de muestra
27ab49f1a,data/raw_petfinder/train_images/27ab49f1a-1.jpg,train,Mixed Breed,,0.4257149722454458,1,Bajo,OOF desarrollo
00156db4a,data/raw_petfinder/train_images/00156db4a-1.jpg,train,Mixed Breed,,0.488349853206685,1,Medio,OOF desarrollo
f52510492,data/raw_petfinder/train_images/f52510492-1.jpg,valid,Mixed Breed,,0.6256200688014293,1,Alto,OOF desarrollo
70f92bae8,data/raw_petfinder/train_images/70f92bae8-1.jpg,test,Mixed Breed,Mixed Breed,0.7072229912836467,1,Alto,Test fuera de muestra
41c61ed91,data/raw_petfinder/train_images/41c61ed91-1.jpg,train,Doberman Pinscher,Mixed Breed,0.6015238092541589,1,Medio,OOF desarrollo
68e6d1bd7,data/raw_petfinder/train_images/68e6d1bd7-1.jpg,train,Silky Terrier,,0.4764710758352689,1,Medio,OOF desarrollo
6083e589b,data/raw_petfinder/train_images/6083e589b-1.jpg,train,Mixed Breed,,0.6548752839173914,1,Alto,OOF desarrollo
487531377,data/raw_petfinder/train_images/487531377-1.jpg,test,Silky Terrier,,0.4947069230560961,1,Medio,Test fuera de muestra
550405709,data/raw_petfinder/train_images/550405709-1.jpg,train,Mixed Breed,,0.3944304182033996,1,Bajo,OOF desarrollo
7c6cc4bba,data/raw_petfinder/train_images/7c6cc4bba-1.jpg,train,German Shepherd Dog,Mixed Breed,0.5840654510183102,1,Medio,OOF desarrollo
f246cb734,data/raw_petfinder/train_images/f246cb734-1.jpg,train,Mixed Breed,,0.3300164594996221,0,Bajo,OOF desarrollo
f8e0a06ca,data/raw_petfinder/train_images/f8e0a06ca-1.jpg,valid,Shih Tzu,,0.5227948873992613,1,Medio,OOF desarrollo
5ead05034,data/raw_petfinder/train_images/5ead05034-1.jpg,train,Mixed Breed,,0.6509975928896817,1,Alto,OOF desarrollo
87a37261b,data/raw_petfinder/train_images/87a37261b-1.jpg,train,Shih Tzu,Maltese,0.5468124056170255,1,Medio,OOF desarrollo
f0f9efd52,data/raw_petfinder/train_images/f0f9efd52-1.jpg,train,Mixed Breed,Mixed Breed,0.5820904163342132,1,Medio,OOF desarrollo
a04a67a2e,data/raw_petfinder/train_images/a04a67a2e-1.jpg,train,Belgian Shepherd Malinois,Mixed Breed,0.5454046722074503,1,Medio,OOF desarrollo
e72120027,data/raw_petfinder/train_images/e72120027-1.jpg,valid,Mixed Breed,,0.4160804264557318,1,Bajo,OOF desarrollo
3b2f6d5b2,data/raw_petfinder/train_images/3b2f6d5b2-1.jpg,test,Mixed Breed,,0.5645850743866341,1,Medio,Test fuera de muestra
ca3dbbaa3,data/raw_petfinder/train_images/ca3dbbaa3-1.jpg,train,Mixed Breed,,0.6361938781232699,1,Alto,OOF desarrollo
a243c61c6,data/raw_petfinder/train_images/a243c61c6-1.jpg,train,Mixed Breed,,0.6909798173357822,1,Alto,OOF desarrollo
598f1fdae,data/raw_petfinder/train_images/598f1fdae-1.jpg,valid,Mixed Breed,,0.6285142335602245,1,Alto,OOF desarrollo
50d1c2157,data/raw_petfinder/train_images/50d1c2157-1.jpg,test,Mixed Breed,Mixed Breed,0.3847005534353429,0,Bajo,Test fuera de muestra
5fe2e44a2,data/raw_petfinder/train_images/5fe2e44a2-1.jpg,train,Mixed Breed,,0.5804920317614541,1,Medio,OOF desarrollo
547c7bf41,data/raw_petfinder/train_images/547c7bf41-1.jpg,test,Mixed Breed,,0.2947066516277272,0,Bajo,Test fuera de muestra
56b5845d7,data/raw_petfinder/train_images/56b5845d7-1.jpg,train,Mixed Breed,,0.655298877914112,1,Alto,OOF desarrollo
e42a8863f,data/raw_petfinder/train_images/e42a8863f-1.jpg,test,Mixed Breed,,0.3621139549435822,0,Bajo,Test fuera de muestra
9ad6f6fae,data/raw_petfinder/train_images/9ad6f6fae-1.jpg,test,Mixed Breed,,0.51571688476274,1,Medio,Test fuera de muestra
6bf6880bd,data/raw_petfinder/train_images/6bf6880bd-1.jpg,train,Mixed Breed,,0.4183996135504699,1,Bajo,OOF desarrollo
8b636912d,data/raw_petfinder/train_images/8b636912d-1.jpg,test,Spitz,Mixed Breed,0.6001713618640823,1,Medio,Test fuera de muestra
e2cf62da9,data/raw_petfinder/train_images/e2cf62da9-1.jpg,valid,Mixed Breed,Mixed Breed,0.5239318748266997,1,Medio,OOF desarrollo
a76fa694e,data/raw_petfinder/train_images/a76fa694e-1.jpg,train,Mixed Breed,,0.6540960019720862,1,Alto,OOF desarrollo
faf13c5cd,data/raw_petfinder/train_images/faf13c5cd-1.jpg,valid,Mixed Breed,,0.7027085785982509,1,Alto,OOF desarrollo
9d4e91ab0,data/raw_petfinder/train_images/9d4e91ab0-1.jpg,train,Mixed Breed,,0.6983252879538328,1,Alto,OOF desarrollo
c026becc2,data/raw_petfinder/train_images/c026becc2-1.jpg,test,Mixed Breed,,0.4940559469818238,1,Medio,Test fuera de muestra
f2ff942f1,data/raw_petfinder/train_images/f2ff942f1-1.jpg,valid,Mixed Breed,,0.5734213762107254,1,Medio,OOF desarrollo
d21ed8b84,data/raw_petfinder/train_images/d21ed8b84-1.jpg,train,Mixed Breed,,0.7178878227802323,1,Alto,OOF desarrollo
02a13b2cb,data/raw_petfinder/train_images/02a13b2cb-1.jpg,train,Mixed Breed,,0.7322815571238381,1,Alto,OOF desarrollo
f57efd0b9,data/raw_petfinder/train_images/f57efd0b9-1.jpg,test,Mixed Breed,,0.4061527233671963,1,Bajo,Test fuera de muestra
e7b44276b,data/raw_petfinder/train_images/e7b44276b-1.jpg,test,Mixed Breed,Mixed Breed,0.4698700233601545,1,Medio,Test fuera de muestra
7adb5f44c,data/raw_petfinder/train_images/7adb5f44c-1.jpg,test,Mixed Breed,Mixed Breed,0.5933236440248344,1,Medio,Test fuera de muestra
146005aa0,data/raw_petfinder/train_images/146005aa0-1.jpg,train,Mixed Breed,,0.6654940688758272,1,Alto,OOF desarrollo
5a3599411,data/raw_petfinder/train_images/5a3599411-1.jpg,train,Retriever,Mixed Breed,0.5650710704246206,1,Medio,OOF desarrollo
1caf9686d,data/raw_petfinder/train_images/1caf9686d-1.jpg,train,Mixed Breed,,0.6128854302283913,1,Alto,OOF desarrollo
80fcb8392,data/raw_petfinder/train_images/80fcb8392-1.jpg,valid,Mixed Breed,,0.3284091603747747,0,Bajo,OOF desarrollo
be0e2dfbc,data/raw_petfinder/train_images/be0e2dfbc-1.jpg,train,Mixed Breed,,0.7260987772355441,1,Alto,OOF desarrollo
9baf0d577,data/raw_petfinder/train_images/9baf0d577-1.jpg,train,Mixed Breed,Mixed Breed,0.393931034172407,1,Bajo,OOF desarrollo
070014779,data/raw_petfinder/train_images/070014779-1.jpg,train,Mixed Breed,,0.5243566046132123,1,Medio,OOF desarrollo
af2ec000a,data/raw_petfinder/train_images/af2ec000a-1.jpg,train,Mixed Breed,,0.3012844917458231,0,Bajo,OOF desarrollo
37e15671b,data/raw_petfinder/train_images/37e15671b-1.jpg,train,Mixed Breed,,0.4488818998914877,1,Bajo,OOF desarrollo
0ecc1200a,data/raw_petfinder/train_images/0ecc1200a-1.jpg,train,Black Mouth Cur,Mixed Breed,0.4355918254757212,1,Bajo,OOF desarrollo
2b4c0f3b6,data/raw_petfinder/train_images/2b4c0f3b6-1.jpg,train,Mixed Breed,,0.4074677360534657,1,Bajo,OOF desarrollo
ae6a2116c,data/raw_petfinder/train_images/ae6a2116c-1.jpg,test,Mixed Breed,,0.8447652606382263,1,Alto,Test fuera de muestra
d2161e0a2,data/raw_petfinder/train_images/d2161e0a2-1.jpg,train,Mixed Breed,Mixed Breed,0.6538160165132767,1,Alto,OOF desarrollo
fad982f0a,data/raw_petfinder/train_images/fad982f0a-1.jpg,train,Mixed Breed,Mixed Breed,0.3693262135070186,0,Bajo,OOF desarrollo
8a45e8492,data/raw_petfinder/train_images/8a45e8492-1.jpg,train,Mixed Breed,Mixed Breed,0.5537849178984773,1,Medio,OOF desarrollo
9976d9007,data/raw_petfinder/train_images/9976d9007-1.jpg,train,Mixed Breed,,0.3726009022062503,0,Bajo,OOF desarrollo
b1b2aae50,data/raw_petfinder/train_images/b1b2aae50-1.jpg,valid,Mixed Breed,Mixed Breed,0.6616522524015965,1,Alto,OOF desarrollo
a25c1fe02,data/raw_petfinder/train_images/a25c1fe02-1.jpg,test,Mixed Breed,,0.4035396470608188,1,Bajo,Test fuera de muestra
a4221001f,data/raw_petfinder/train_images/a4221001f-1.jpg,train,Basset Hound,Mixed Breed,0.3813304336699614,0,Bajo,OOF desarrollo
3ee76f8a2,data/raw_petfinder/train_images/3ee76f8a2-1.jpg,test,Mixed Breed,,0.4825763864508239,1,Medio,Test fuera de muestra
a9fdc3e4a,data/raw_petfinder/train_images/a9fdc3e4a-1.jpg,test,Mixed Breed,,0.7733854307134644,1,Alto,Test fuera de muestra
b39ead375,data/raw_petfinder/train_images/b39ead375-1.jpg,train,Mixed Breed,,0.8577873735275783,1,Alto,OOF desarrollo
4d3526802,data/raw_petfinder/train_images/4d3526802-1.jpg,test,Beagle,Mixed Breed,0.6887949145321408,1,Alto,Test fuera de muestra
064425a21,data/raw_petfinder/train_images/064425a21-1.jpg,valid,Retriever,Mixed Breed,0.5032936990418955,1,Medio,OOF desarrollo
48f8d1d90,data/raw_petfinder/train_images/48f8d1d90-1.jpg,train,Golden Retriever,Mixed Breed,0.1898114747741227,0,Bajo,OOF desarrollo
04372b78d,data/raw_petfinder/train_images/04372b78d-1.jpg,train,Mixed Breed,,0.767528641014149,1,Alto,OOF desarrollo
356d41ee2,data/raw_petfinder/train_images/356d41ee2-1.jpg,valid,Mixed Breed,,0.4389244309414286,1,Bajo,OOF desarrollo
dba5f0e5c,data/raw_petfinder/train_images/dba5f0e5c-1.jpg,valid,Golden Retriever,,0.4839780012725521,1,Medio,OOF desarrollo
1e140177f,data/raw_petfinder/train_images/1e140177f-1.jpg,train,Mixed Breed,,0.77258195854664,1,Alto,OOF desarrollo
1c2d419ac,data/raw_petfinder/train_images/1c2d419ac-1.jpg,test,Mixed Breed,,0.7646704547387779,1,Alto,Test fuera de muestra
933da53ee,data/raw_petfinder/train_images/933da53ee-1.jpg,train,Mixed Breed,,0.7374507252158342,1,Alto,OOF desarrollo
0ab8ae91b,data/raw_petfinder/train_images/0ab8ae91b-1.jpg,test,Dalmatian,,0.5093010599221577,1,Medio,Test fuera de muestra
414d8422f,data/raw_petfinder/train_images/414d8422f-1.jpg,train,Mixed Breed,Mixed Breed,0.5147848923529259,1,Medio,OOF desarrollo
adbce8472,data/raw_petfinder/train_images/adbce8472-1.jpg,test,Dalmatian,Mixed Breed,0.5805007434969509,1,Medio,Test fuera de muestra
f95680d84,data/raw_petfinder/train_images/f95680d84-1.jpg,train,Mixed Breed,Belgian Shepherd Malinois,0.563957087229678,1,Medio,OOF desarrollo
2868f9f3f,data/raw_petfinder/train_images/2868f9f3f-1.jpg,train,Mixed Breed,,0.3841589477622144,0,Bajo,OOF desarrollo
e3f51f5e0,data/raw_petfinder/train_images/e3f51f5e0-1.jpg,train,Mixed Breed,,0.4125205429435599,1,Bajo,OOF desarrollo
db3fce97e,data/raw_petfinder/train_images/db3fce97e-1.jpg,test,Mixed Breed,,0.5058109714521782,1,Medio,Test fuera de muestra
007ffeccd,data/raw_petfinder/train_images/007ffeccd-1.jpg,valid,Mixed Breed,,0.4947570257310743,1,Medio,OOF desarrollo
a85630773,data/raw_petfinder/train_images/a85630773-1.jpg,train,Mixed Breed,,0.5550787302470326,1,Medio,OOF desarrollo
2def0a43e,data/raw_petfinder/train_images/2def0a43e-1.jpg,test,Mixed Breed,,0.5037629215443096,1,Medio,Test fuera de muestra
8b8c51377,data/raw_petfinder/train_images/8b8c51377-1.jpg,train,Mixed Breed,,0.6365619474606862,1,Alto,OOF desarrollo
243f7f43e,data/raw_petfinder/train_images/243f7f43e-1.jpg,train,Mixed Breed,,0.7427207050434669,1,Alto,OOF desarrollo
e59c8fc76,data/raw_petfinder/train_images/e59c8fc76-1.jpg,train,Mixed Breed,Mixed Breed,0.7343514593900589,1,Alto,OOF desarrollo
435f419f9,data/raw_petfinder/train_images/435f419f9-1.jpg,test,Mixed Breed,,0.5850587969621759,1,Medio,Test fuera de muestra
be7ff8075,data/raw_petfinder/train_images/be7ff8075-1.jpg,train,Mixed Breed,,0.4916739261106488,1,Medio,OOF desarrollo
48553ec94,data/raw_petfinder/train_images/48553ec94-1.jpg,train,Mixed Breed,Mixed Breed,0.710325852208695,1,Alto,OOF desarrollo
0f3fd67e2,data/raw_petfinder/train_images/0f3fd67e2-1.jpg,train,Mixed Breed,,0.4663793907104935,1,Medio,OOF desarrollo
96eb3ec09,data/raw_petfinder/train_images/96eb3ec09-1.jpg,test,Mixed Breed,,0.3466318260521834,0,Bajo,Test fuera de muestra
fc9cf8b8d,data/raw_petfinder/train_images/fc9cf8b8d-1.jpg,train,Dalmatian,Mixed Breed,0.3795938158323008,0,Bajo,OOF desarrollo
039fea576,data/raw_petfinder/train_images/039fea576-1.jpg,valid,Mixed Breed,,0.6666108565700064,1,Alto,OOF desarrollo
4e12936b0,data/raw_petfinder/train_images/4e12936b0-1.jpg,train,Mixed Breed,Mixed Breed,0.4934475567958176,1,Medio,OOF desarrollo
788e8757d,data/raw_petfinder/train_images/788e8757d-1.jpg,train,Mixed Breed,,0.7617240474443101,1,Alto,OOF desarrollo
2533f425e,data/raw_petfinder/train_images/2533f425e-1.jpg,train,Terrier,Shih Tzu,0.6745348356343179,1,Alto,OOF desarrollo
11aa441fe,data/raw_petfinder/train_images/11aa441fe-1.jpg,train,Mixed Breed,,0.711189336495724,1,Alto,OOF desarrollo
68936da8c,data/raw_petfinder/train_images/68936da8c-1.jpg,train,Mixed Breed,,0.7366757773062849,1,Alto,OOF desarrollo
5c7d61133,data/raw_petfinder/train_images/5c7d61133-1.jpg,train,Labrador Retriever,Mixed Breed,0.3369132013384071,0,Bajo,OOF desarrollo
2962fc103,data/raw_petfinder/train_images/2962fc103-1.jpg,train,Poodle,,0.3660847278959355,0,Bajo,OOF desarrollo
81075b785,data/raw_petfinder/train_images/81075b785-1.jpg,train,Mixed Breed,,0.5598198889637044,1,Medio,OOF desarrollo
4f9b31590,data/raw_petfinder/train_images/4f9b31590-1.jpg,train,Mixed Breed,Hound,0.6941549835282076,1,Alto,OOF desarrollo
907fc239e,data/raw_petfinder/train_images/907fc239e-1.jpg,train,Mixed Breed,,0.7177410196120284,1,Alto,OOF desarrollo
405b63ca5,data/raw_petfinder/train_images/405b63ca5-1.jpg,train,Mixed Breed,,0.4778449520422546,1,Medio,OOF desarrollo
2ce1c6a93,data/raw_petfinder/train_images/2ce1c6a93-1.jpg,train,Jack Russell Terrier,,0.5802522660031116,1,Medio,OOF desarrollo
998de7b77,data/raw_petfinder/train_images/998de7b77-1.jpg,train,Mixed Breed,,0.371617825668989,0,Bajo,OOF desarrollo
9b09114c4,data/raw_petfinder/train_images/9b09114c4-1.jpg,train,Miniature Pinscher,Mixed Breed,0.4505689227892978,1,Bajo,OOF desarrollo
bd0c6dcb3,data/raw_petfinder/train_images/bd0c6dcb3-1.jpg,train,Mixed Breed,Mixed Breed,0.7640938310115519,1,Alto,OOF desarrollo
e5bb33a17,data/raw_petfinder/train_images/e5bb33a17-1.jpg,test,Mixed Breed,Terrier,0.5970058353169828,1,Medio,Test fuera de muestra
4d6350e54,data/raw_petfinder/train_images/4d6350e54-1.jpg,train,Mixed Breed,Mixed Breed,0.2787413520877422,0,Bajo,OOF desarrollo
1e750bb89,data/raw_petfinder/train_images/1e750bb89-1.jpg,valid,Border Collie,Mixed Breed,0.6079374117270485,1,Alto,OOF desarrollo
e58dd05c8,data/raw_petfinder/train_images/e58dd05c8-1.jpg,valid,Mixed Breed,Mixed Breed,0.8149504235203119,1,Alto,OOF desarrollo
8b6f2ff52,data/raw_petfinder/train_images/8b6f2ff52-1.jpg,test,Old English Sheepdog,,0.6284389719759128,1,Alto,Test fuera de muestra
3c9dbc88e,data/raw_petfinder/train_images/3c9dbc88e-1.jpg,test,Mixed Breed,,0.7443220780992916,1,Alto,Test fuera de muestra
9664bcecb,data/raw_petfinder/train_images/9664bcecb-1.jpg,train,Mixed Breed,,0.7491717918049455,1,Alto,OOF desarrollo
1c7a27088,data/raw_petfinder/train_images/1c7a27088-1.jpg,train,Mixed Breed,,0.540557772320423,1,Medio,OOF desarrollo
eb4eef57a,data/raw_petfinder/train_images/eb4eef57a-1.jpg,train,Mixed Breed,,0.4947325849877971,1,Medio,OOF desarrollo
b2f2134bd,data/raw_petfinder/train_images/b2f2134bd-1.jpg,train,Mixed Breed,,0.4296173126315675,1,Bajo,OOF desarrollo
85ed50b25,data/raw_petfinder/train_images/85ed50b25-1.jpg,train,Mixed Breed,,0.7506038984873857,1,Alto,OOF desarrollo
f28036d8a,data/raw_petfinder/train_images/f28036d8a-1.jpg,train,Weimaraner,Mixed Breed,0.6055500740568164,1,Alto,OOF desarrollo
7993a02ee,data/raw_petfinder/train_images/7993a02ee-1.jpg,train,Mixed Breed,,0.5017893859869327,1,Medio,OOF desarrollo
bea6f651c,data/raw_petfinder/train_images/bea6f651c-1.jpg,train,Mixed Breed,Mixed Breed,0.7776785053450791,1,Alto,OOF desarrollo
8e1111452,data/raw_petfinder/train_images/8e1111452-1.jpg,test,Schnauzer,Mixed Breed,0.3557103993268599,0,Bajo,Test fuera de muestra
96b7978d2,data/raw_petfinder/train_images/96b7978d2-1.jpg,test,Mixed Breed,,0.4339074832315608,1,Bajo,Test fuera de muestra
92d711b01,data/raw_petfinder/train_images/92d711b01-1.jpg,train,Shih Tzu,,0.2250347373545415,0,Bajo,OOF desarrollo
43c43bfed,data/raw_petfinder/train_images/43c43bfed-1.jpg,train,Mixed Breed,Rhodesian Ridgeback,0.5564015468335808,1,Medio,OOF desarrollo
870d3b2aa,data/raw_petfinder/train_images/870d3b2aa-1.jpg,valid,Mixed Breed,,0.4182321026550041,1,Bajo,OOF desarrollo
218f8bb3a,data/raw_petfinder/train_images/218f8bb3a-1.jpg,train,Mixed Breed,,0.7570362859172766,1,Alto,OOF desarrollo
b3faddf18,data/raw_petfinder/train_images/b3faddf18-1.jpg,valid,Mixed Breed,Mixed Breed,0.7460635810157644,1,Alto,OOF desarrollo
b16c55a91,data/raw_petfinder/train_images/b16c55a91-1.jpg,train,Mixed Breed,Mixed Breed,0.6302739447860236,1,Alto,OOF desarrollo
3a3dc1dab,data/raw_petfinder/train_images/3a3dc1dab-1.jpg,train,Mixed Breed,,0.379237045042104,0,Bajo,OOF desarrollo
3ea00c9fd,data/raw_petfinder/train_images/3ea00c9fd-1.jpg,train,Australian Kelpie,Mixed Breed,0.6240465135676897,1,Alto,OOF desarrollo
3d7204289,data/raw_petfinder/train_images/3d7204289-1.jpg,test,Mixed Breed,,0.4764659661999225,1,Medio,Test fuera de muestra
e995db95f,data/raw_petfinder/train_images/e995db95f-1.jpg,train,Mixed Breed,,0.601873568958093,1,Medio,OOF desarrollo
75c84313d,data/raw_petfinder/train_images/75c84313d-1.jpg,test,Mixed Breed,,0.3585369919564753,0,Bajo,Test fuera de muestra
ef5a07ae2,data/raw_petfinder/train_images/ef5a07ae2-1.jpg,valid,Mixed Breed,Jack Russell Terrier,0.3714931678091931,0,Bajo,OOF desarrollo
6d6390b1f,data/raw_petfinder/train_images/6d6390b1f-1.jpg,train,Mixed Breed,,0.3373248195197946,0,Bajo,OOF desarrollo
c382bae22,data/raw_petfinder/train_images/c382bae22-1.jpg,train,Mixed Breed,,0.6955985827699421,1,Alto,OOF desarrollo
1154c26ac,data/raw_petfinder/train_images/1154c26ac-1.jpg,test,Terrier,Mixed Breed,0.8648378428930074,1,Alto,Test fuera de muestra
4892ceb8d,data/raw_petfinder/train_images/4892ceb8d-1.jpg,test,Mixed Breed,,0.5349034311219301,1,Medio,Test fuera de muestra
4c31c7db9,data/raw_petfinder/train_images/4c31c7db9-1.jpg,train,Silky Terrier,,0.369735011251798,0,Bajo,OOF desarrollo
2dea0707b,data/raw_petfinder/train_images/2dea0707b-1.jpg,train,Mixed Breed,,0.6744737729581249,1,Alto,OOF desarrollo
16673c028,data/raw_petfinder/train_images/16673c028-1.jpg,valid,Mixed Breed,,0.6046030347332467,1,Medio,OOF desarrollo
b0278d962,data/raw_petfinder/train_images/b0278d962-1.jpg,train,Mixed Breed,Mixed Breed,0.6498393623598575,1,Alto,OOF desarrollo
3d7d23a52,data/raw_petfinder/train_images/3d7d23a52-1.jpg,train,Mixed Breed,,0.3595090908460988,0,Bajo,OOF desarrollo
ae00eded4,data/raw_petfinder/train_images/ae00eded4-1.jpg,train,Border Collie,Mixed Breed,0.6535948419663549,1,Alto,OOF desarrollo
921817343,data/raw_petfinder/train_images/921817343-1.jpg,valid,Mixed Breed,,0.6570453124135915,1,Alto,OOF desarrollo
55f8f6120,data/raw_petfinder/train_images/55f8f6120-1.jpg,test,Mixed Breed,,0.3347982187423244,0,Bajo,Test fuera de muestra
1bb6183eb,data/raw_petfinder/train_images/1bb6183eb-1.jpg,valid,Poodle,Schnauzer,0.2125975389201558,0,Bajo,OOF desarrollo
95bc62678,data/raw_petfinder/train_images/95bc62678-1.jpg,valid,Mixed Breed,,0.5884100024418895,1,Medio,OOF desarrollo
ae0c5671e,data/raw_petfinder/train_images/ae0c5671e-1.jpg,train,Siberian Husky,,0.2970863919570884,0,Bajo,OOF desarrollo
d83dd7fc2,data/raw_petfinder/train_images/d83dd7fc2-1.jpg,train,Mixed Breed,,0.754952189496626,1,Alto,OOF desarrollo
876453f9d,data/raw_petfinder/train_images/876453f9d-1.jpg,train,Shih Tzu,,0.5206091741216026,1,Medio,OOF desarrollo
179462b6d,data/raw_petfinder/train_images/179462b6d-1.jpg,train,Mixed Breed,Mixed Breed,0.5146979578006075,1,Medio,OOF desarrollo
4450385b4,data/raw_petfinder/train_images/4450385b4-1.jpg,train,Dalmatian,,0.2215260214925211,0,Bajo,OOF desarrollo
ca76729c9,data/raw_petfinder/train_images/ca76729c9-1.jpg,train,Mixed Breed,,0.7302048241532392,1,Alto,OOF desarrollo
56bf5e254,data/raw_petfinder/train_images/56bf5e254-1.jpg,train,Mixed Breed,,0.6817857017264641,1,Alto,OOF desarrollo
2a3796cbd,data/raw_petfinder/train_images/2a3796cbd-1.jpg,test,Poodle,,0.6695155521284488,1,Alto,Test fuera de muestra
10711bb95,data/raw_petfinder/train_images/10711bb95-1.jpg,train,Terrier,Mixed Breed,0.5210481438622152,1,Medio,OOF desarrollo
ec040a1ef,data/raw_petfinder/train_images/ec040a1ef-1.jpg,valid,Terrier,Mixed Breed,0.4470168289157965,1,Bajo,OOF desarrollo
1cce33a82,data/raw_petfinder/train_images/1cce33a82-1.jpg,train,Mixed Breed,Mixed Breed,0.3879627328755273,0,Bajo,OOF desarrollo
1c967561d,data/raw_petfinder/train_images/1c967561d-1.jpg,test,Mixed Breed,,0.4806698611060265,1,Medio,Test fuera de muestra
10836809d,data/raw_petfinder/train_images/10836809d-1.jpg,train,Mixed Breed,,0.3229668811843906,0,Bajo,OOF desarrollo
4872c28b4,data/raw_petfinder/train_images/4872c28b4-1.jpg,test,Mixed Breed,,0.7482604988765016,1,Alto,Test fuera de muestra
42448336b,data/raw_petfinder/train_images/42448336b-1.jpg,train,Mixed Breed,,0.3269399394436327,0,Bajo,OOF desarrollo
900b47573,data/raw_petfinder/train_images/900b47573-1.jpg,train,Mixed Breed,,0.3925357129895199,1,Bajo,OOF desarrollo
d46a58371,data/raw_petfinder/train_images/d46a58371-1.jpg,test,Shar Pei,Dalmatian,0.5532724635330873,1,Medio,Test fuera de muestra
faf4322a0,data/raw_petfinder/train_images/faf4322a0-1.jpg,test,German Shepherd Dog,Mixed Breed,0.4976302392870667,1,Medio,Test fuera de muestra
627726d36,data/raw_petfinder/train_images/627726d36-1.jpg,test,Mixed Breed,,0.699507640889528,1,Alto,Test fuera de muestra
3ce528284,data/raw_petfinder/train_images/3ce528284-1.jpg,train,Schnauzer,Schnauzer,0.3786808709981911,0,Bajo,OOF desarrollo
c12883eaa,data/raw_petfinder/train_images/c12883eaa-1.jpg,train,Mixed Breed,Mixed Breed,0.5775894478359799,1,Medio,OOF desarrollo
a7c004380,data/raw_petfinder/train_images/a7c004380-1.jpg,train,Mixed Breed,,0.4249147348626986,1,Bajo,OOF desarrollo
72c38b9ab,data/raw_petfinder/train_images/72c38b9ab-1.jpg,train,Mixed Breed,,0.5745416794173293,1,Medio,OOF desarrollo
db0b0bea6,data/raw_petfinder/train_images/db0b0bea6-1.jpg,valid,Corgi,Mixed Breed,0.5709986442410879,1,Medio,OOF desarrollo
b0eeaf438,data/raw_petfinder/train_images/b0eeaf438-1.jpg,train,Mixed Breed,German Pinscher,0.3841481155544571,0,Bajo,OOF desarrollo
6ad1d75b2,data/raw_petfinder/train_images/6ad1d75b2-1.jpg,train,Mixed Breed,,0.535038048798627,1,Medio,OOF desarrollo
0fc2dc3cb,data/raw_petfinder/train_images/0fc2dc3cb-1.jpg,test,Golden Retriever,,0.2952301474981348,0,Bajo,Test fuera de muestra
1dc8f0fd4,data/raw_petfinder/train_images/1dc8f0fd4-1.jpg,train,Mixed Breed,,0.6032621284163144,1,Medio,OOF desarrollo
34d387261,data/raw_petfinder/train_images/34d387261-1.jpg,train,Terrier,Mixed Breed,0.7061941532510302,1,Alto,OOF desarrollo
e1cd176b5,data/raw_petfinder/train_images/e1cd176b5-1.jpg,train,Mixed Breed,,0.7923798339585852,1,Alto,OOF desarrollo
6d43edbe9,data/raw_petfinder/train_images/6d43edbe9-1.jpg,train,Mixed Breed,German Shepherd Dog,0.5596960599589198,1,Medio,OOF desarrollo
fdb03c163,data/raw_petfinder/train_images/fdb03c163-1.jpg,train,Rottweiler,,0.4075144292433316,1,Bajo,OOF desarrollo
de01d00eb,data/raw_petfinder/train_images/de01d00eb-1.jpg,test,Mixed Breed,,0.7305664870399544,1,Alto,Test fuera de muestra
6146d435c,data/raw_petfinder/train_images/6146d435c-1.jpg,train,Mixed Breed,,0.3800440541734201,0,Bajo,OOF desarrollo
413489a34,data/raw_petfinder/train_images/413489a34-1.jpg,train,Mixed Breed,,0.5852292630897482,1,Medio,OOF desarrollo
d005caf41,data/raw_petfinder/train_images/d005caf41-1.jpg,train,Mixed Breed,,0.7189417036830338,1,Alto,OOF desarrollo
9b8805c58,data/raw_petfinder/train_images/9b8805c58-1.jpg,train,Beagle,,0.5942801968977014,1,Medio,OOF desarrollo
b6684c4b7,data/raw_petfinder/train_images/b6684c4b7-1.jpg,train,Mixed Breed,,0.5496021747269688,1,Medio,OOF desarrollo
3828225de,data/raw_petfinder/train_images/3828225de-1.jpg,train,Pit Bull Terrier,Mixed Breed,0.718936288262799,1,Alto,OOF desarrollo
2b1638a20,data/raw_petfinder/train_images/2b1638a20-1.jpg,train,Mixed Breed,Mixed Breed,0.7416724847576921,1,Alto,OOF desarrollo
cf98480e0,data/raw_petfinder/train_images/cf98480e0-1.jpg,train,Poodle,,0.4538960458802512,1,Bajo,OOF desarrollo
1fd464902,data/raw_petfinder/train_images/1fd464902-1.jpg,test,Mixed Breed,,0.6002131283318781,1,Medio,Test fuera de muestra
f9a3f579a,data/raw_petfinder/train_images/f9a3f579a-1.jpg,train,Mixed Breed,Dachshund,0.4613218079609427,1,Medio,OOF desarrollo
f68c70fe1,data/raw_petfinder/train_images/f68c70fe1-1.jpg,train,Mixed Breed,,0.4649970931254936,1,Medio,OOF desarrollo
3f5ec6144,data/raw_petfinder/train_images/3f5ec6144-1.jpg,test,Mixed Breed,,0.3502894462262295,0,Bajo,Test fuera de muestra
181c10e45,data/raw_petfinder/train_images/181c10e45-1.jpg,train,Mixed Breed,,0.3499587309368391,0,Bajo,OOF desarrollo
20cb13be9,data/raw_petfinder/train_images/20cb13be9-1.jpg,train,Mixed Breed,,0.4534682934007286,1,Bajo,OOF desarrollo
f0c26af32,data/raw_petfinder/train_images/f0c26af32-1.jpg,train,Mixed Breed,,0.7430520389264568,1,Alto,OOF desarrollo
b6492d3b1,data/raw_petfinder/train_images/b6492d3b1-1.jpg,train,Mixed Breed,,0.6294479127386072,1,Alto,OOF desarrollo
3cc6c4102,data/raw_petfinder/train_images/3cc6c4102-1.jpg,train,Mixed Breed,,0.4825504186527344,1,Medio,OOF desarrollo
0f366f264,data/raw_petfinder/train_images/0f366f264-1.jpg,train,Mixed Breed,,0.399775267278442,1,Bajo,OOF desarrollo
d243fce57,data/raw_petfinder/train_images/d243fce57-1.jpg,train,Labrador Retriever,Mixed Breed,0.6592935684454446,1,Alto,OOF desarrollo
7a12a494f,data/raw_petfinder/train_images/7a12a494f-1.jpg,train,Mixed Breed,Mixed Breed,0.5526033385928901,1,Medio,OOF desarrollo
9f12dbf17,data/raw_petfinder/train_images/9f12dbf17-1.jpg,train,Mixed Breed,Hound,0.7539396102900958,1,Alto,OOF desarrollo
23b3f793e,data/raw_petfinder/train_images/23b3f793e-1.jpg,test,Mixed Breed,,0.4946041109151748,1,Medio,Test fuera de muestra
c2aeb6a1f,data/raw_petfinder/train_images/c2aeb6a1f-1.jpg,train,Mixed Breed,,0.5071813555824288,1,Medio,OOF desarrollo
03c323fcf,data/raw_petfinder/train_images/03c323fcf-1.jpg,train,Black Labrador Retriever,Mixed Breed,0.5363907831123829,1,Medio,OOF desarrollo
5474cd2c2,data/raw_petfinder/train_images/5474cd2c2-1.jpg,train,Mixed Breed,,0.5356079019480438,1,Medio,OOF desarrollo
86d87d5f7,data/raw_petfinder/train_images/86d87d5f7-1.jpg,test,Mixed Breed,,0.6346948155986436,1,Alto,Test fuera de muestra
ee421d21a,data/raw_petfinder/train_images/ee421d21a-1.jpg,train,Mixed Breed,Mixed Breed,0.7372696293839773,1,Alto,OOF desarrollo
c43be9e6c,data/raw_petfinder/train_images/c43be9e6c-1.jpg,train,Mixed Breed,Mixed Breed,0.7044699201977942,1,Alto,OOF desarrollo
39fcd2ca4,data/raw_petfinder/train_images/39fcd2ca4-1.jpg,train,Mixed Breed,,0.6163614294759872,1,Alto,OOF desarrollo
8071fcc9c,data/raw_petfinder/train_images/8071fcc9c-1.jpg,train,Mixed Breed,,0.5482658473543389,1,Medio,OOF desarrollo
a5d1a1271,data/raw_petfinder/train_images/a5d1a1271-1.jpg,test,Mixed Breed,Mixed Breed,0.7531824292474407,1,Alto,Test fuera de muestra
2cb1d59ad,data/raw_petfinder/train_images/2cb1d59ad-1.jpg,test,Mixed Breed,,0.514445661967134,1,Medio,Test fuera de muestra
558c419c0,data/raw_petfinder/train_images/558c419c0-1.jpg,train,Labrador Retriever,Weimaraner,0.4877257568255921,1,Medio,OOF desarrollo
bfdc4cd9d,data/raw_petfinder/train_images/bfdc4cd9d-1.jpg,train,Mixed Breed,,0.7768759755939056,1,Alto,OOF desarrollo
7023f6b45,data/raw_petfinder/train_images/7023f6b45-1.jpg,test,Mixed Breed,Doberman Pinscher,0.4549633053017055,1,Bajo,Test fuera de muestra
5d8c4f66b,data/raw_petfinder/train_images/5d8c4f66b-1.jpg,valid,Labrador Retriever,,0.5567444130658825,1,Medio,OOF desarrollo
9cc8bae3b,data/raw_petfinder/train_images/9cc8bae3b-1.jpg,valid,Mixed Breed,,0.4670010490378823,1,Medio,OOF desarrollo
1cbaa3e59,data/raw_petfinder/train_images/1cbaa3e59-1.jpg,train,Mixed Breed,,0.7410081259000743,1,Alto,OOF desarrollo
b27f46ae3,data/raw_petfinder/train_images/b27f46ae3-1.jpg,valid,Mixed Breed,,0.4353232876655523,1,Bajo,OOF desarrollo
89c28aad0,data/raw_petfinder/train_images/89c28aad0-1.jpg,train,Mixed Breed,,0.3610617160693863,0,Bajo,OOF desarrollo
bf456451e,data/raw_petfinder/train_images/bf456451e-1.jpg,test,Siberian Husky,Golden Retriever,0.3174503640566084,0,Bajo,Test fuera de muestra
3fa0de4e4,data/raw_petfinder/train_images/3fa0de4e4-1.jpg,valid,Mixed Breed,,0.674949950820579,1,Alto,OOF desarrollo
aa03b987e,data/raw_petfinder/train_images/aa03b987e-1.jpg,train,Mixed Breed,,0.4217608747129605,1,Bajo,OOF desarrollo
3c155d21c,data/raw_petfinder/train_images/3c155d21c-1.jpg,valid,Mixed Breed,,0.4699991512192074,1,Medio,OOF desarrollo
a6fd3df67,data/raw_petfinder/train_images/a6fd3df67-1.jpg,train,Mixed Breed,,0.6338551764309737,1,Alto,OOF desarrollo
6178884d1,data/raw_petfinder/train_images/6178884d1-1.jpg,train,Mixed Breed,,0.5469636657012362,1,Medio,OOF desarrollo
70a90deaf,data/raw_petfinder/train_images/70a90deaf-1.jpg,train,Mixed Breed,Mixed Breed,0.6718709925632695,1,Alto,OOF desarrollo
cbe4be41b,data/raw_petfinder/train_images/cbe4be41b-1.jpg,train,Shih Tzu,,0.3977375229539117,1,Bajo,OOF desarrollo
3b7aad341,data/raw_petfinder/train_images/3b7aad341-1.jpg,test,Mixed Breed,,0.6098993914315497,1,Alto,Test fuera de muestra
8dea6d23b,data/raw_petfinder/train_images/8dea6d23b-1.jpg,test,Mixed Breed,,0.414415120481253,1,Bajo,Test fuera de muestra
cccd87749,data/raw_petfinder/train_images/cccd87749-1.jpg,valid,Mixed Breed,,0.5347704763100011,1,Medio,OOF desarrollo
427343625,data/raw_petfinder/train_images/427343625-1.jpg,train,Mixed Breed,Mixed Breed,0.4574317816061215,1,Bajo,OOF desarrollo
58b4ba48f,data/raw_petfinder/train_images/58b4ba48f-1.jpg,train,Mixed Breed,Mixed Breed,0.5733411629817041,1,Medio,OOF desarrollo
cb9527612,data/raw_petfinder/train_images/cb9527612-1.jpg,train,Mixed Breed,,0.3878103957393852,0,Bajo,OOF desarrollo
c93191313,data/raw_petfinder/train_images/c93191313-1.jpg,train,Mixed Breed,,0.4610223944480158,1,Medio,OOF desarrollo
7c559dedd,data/raw_petfinder/train_images/7c559dedd-1.jpg,valid,Mixed Breed,,0.7816123324971631,1,Alto,OOF desarrollo
4ae940ec2,data/raw_petfinder/train_images/4ae940ec2-1.jpg,valid,Mixed Breed,,0.3176169605365859,0,Bajo,OOF desarrollo
694cc5569,data/raw_petfinder/train_images/694cc5569-1.jpg,valid,Mixed Breed,,0.4265202221022817,1,Bajo,OOF desarrollo
cc8459867,data/raw_petfinder/train_images/cc8459867-1.jpg,train,Mixed Breed,,0.3840178225826604,0,Bajo,OOF desarrollo
ef15e6473,data/raw_petfinder/train_images/ef15e6473-1.jpg,train,Mixed Breed,,0.6338374738528558,1,Alto,OOF desarrollo
f99af9837,data/raw_petfinder/train_images/f99af9837-1.jpg,valid,Mixed Breed,Mixed Breed,0.3237150746100803,0,Bajo,OOF desarrollo
897fde926,data/raw_petfinder/train_images/897fde926-1.jpg,test,Terrier,Dachshund,0.4066601735916517,1,Bajo,Test fuera de muestra
fad4fb461,data/raw_petfinder/train_images/fad4fb461-1.jpg,train,Mixed Breed,Mixed Breed,0.4053349941085672,1,Bajo,OOF desarrollo
dfe7a59b4,data/raw_petfinder/train_images/dfe7a59b4-1.jpg,train,Mixed Breed,,0.4014271478512914,1,Bajo,OOF desarrollo
870e5566b,data/raw_petfinder/train_images/870e5566b-1.jpg,train,Mixed Breed,,0.4642256870747882,1,Medio,OOF desarrollo
9945b5ac5,data/raw_petfinder/train_images/9945b5ac5-1.jpg,train,Terrier,Beagle,0.3229743490919201,0,Bajo,OOF desarrollo
b26f1c630,data/raw_petfinder/train_images/b26f1c630-1.jpg,train,Mixed Breed,,0.6050827487396309,1,Medio,OOF desarrollo
cde10c57e,data/raw_petfinder/train_images/cde10c57e-1.jpg,train,Rottweiler,Mixed Breed,0.45855536049425,1,Medio,OOF desarrollo
233ddf40c,data/raw_petfinder/train_images/233ddf40c-1.jpg,valid,Mixed Breed,Retriever,0.3555196108568569,0,Bajo,OOF desarrollo
15be0f894,data/raw_petfinder/train_images/15be0f894-1.jpg,train,Mixed Breed,,0.5862647499061822,1,Medio,OOF desarrollo
6ce40c2bf,data/raw_petfinder/train_images/6ce40c2bf-1.jpg,valid,Mixed Breed,,0.5038698639421202,1,Medio,OOF desarrollo
918408d22,data/raw_petfinder/train_images/918408d22-1.jpg,train,German Shepherd Dog,Mixed Breed,0.5486617668236783,1,Medio,OOF desarrollo
021c24928,data/raw_petfinder/train_images/021c24928-1.jpg,test,Black Labrador Retriever,Mixed Breed,0.6297847312242696,1,Alto,Test fuera de muestra
f9317ae6d,data/raw_petfinder/train_images/f9317ae6d-1.jpg,valid,Terrier,Maltese,0.5148951627479106,1,Medio,OOF desarrollo
dc40c2612,data/raw_petfinder/train_images/dc40c2612-1.jpg,test,Mixed Breed,Labrador Retriever,0.3175924514430165,0,Bajo,Test fuera de muestra
276f26435,data/raw_petfinder/train_images/276f26435-1.jpg,train,Border Collie,,0.3973507292298255,1,Bajo,OOF desarrollo
eda415d15,data/raw_petfinder/train_images/eda415d15-1.jpg,test,Labrador Retriever,Mixed Breed,0.322318467127724,0,Bajo,Test fuera de muestra
364e3ac89,data/raw_petfinder/train_images/364e3ac89-1.jpg,test,Mixed Breed,,0.7742174932353599,1,Alto,Test fuera de muestra
841bcd63f,data/raw_petfinder/train_images/841bcd63f-1.jpg,valid,Golden Retriever,,0.5640814076677322,1,Medio,OOF desarrollo
ee15edbb0,data/raw_petfinder/train_images/ee15edbb0-1.jpg,train,Mixed Breed,,0.4909822500956564,1,Medio,OOF desarrollo
7c9e28902,data/raw_petfinder/train_images/7c9e28902-1.jpg,train,Siberian Husky,Spitz,0.6084484579616278,1,Alto,OOF desarrollo
acca0b2ed,data/raw_petfinder/train_images/acca0b2ed-1.jpg,train,Mixed Breed,,0.6076385778482928,1,Alto,OOF desarrollo
cc195b43d,data/raw_petfinder/train_images/cc195b43d-1.jpg,test,Mixed Breed,Mixed Breed,0.4846990214647633,1,Medio,Test fuera de muestra
efda64fa5,data/raw_petfinder/train_images/efda64fa5-1.jpg,valid,Mixed Breed,,0.470057229906796,1,Medio,OOF desarrollo
7564c7b62,data/raw_petfinder/train_images/7564c7b62-1.jpg,test,Schnauzer,Mixed Breed,0.6267800243873204,1,Alto,Test fuera de muestra
e4f117930,data/raw_petfinder/train_images/e4f117930-1.jpg,test,Jack Russell Terrier,,0.4906161831688183,1,Medio,Test fuera de muestra
46c44f7bc,data/raw_petfinder/train_images/46c44f7bc-1.jpg,train,Mixed Breed,,0.7359018267831152,1,Alto,OOF desarrollo
41487b069,data/raw_petfinder/train_images/41487b069-1.jpg,test,Maltese,,0.3522105959618828,0,Bajo,Test fuera de muestra
ae64cc2e7,data/raw_petfinder/train_images/ae64cc2e7-1.jpg,train,Mixed Breed,,0.7721247400046263,1,Alto,OOF desarrollo
4aa9a342e,data/raw_petfinder/train_images/4aa9a342e-1.jpg,train,Mixed Breed,,0.5905678600605034,1,Medio,OOF desarrollo
eed29a312,data/raw_petfinder/train_images/eed29a312-1.jpg,valid,Mixed Breed,,0.4732461774671385,1,Medio,OOF desarrollo
30319970f,data/raw_petfinder/train_images/30319970f-1.jpg,train,Mixed Breed,,0.6727747465823277,1,Alto,OOF desarrollo
08267e916,data/raw_petfinder/train_images/08267e916-1.jpg,train,Mixed Breed,Mixed Breed,0.8383419918581132,1,Alto,OOF desarrollo
087ee8e83,data/raw_petfinder/train_images/087ee8e83-1.jpg,train,Labrador Retriever,,0.5667782066693735,1,Medio,OOF desarrollo
3e6d8a2c9,data/raw_petfinder/train_images/3e6d8a2c9-1.jpg,train,Beagle,Labrador Retriever,0.5853483117285676,1,Medio,OOF desarrollo
efc478e64,data/raw_petfinder/train_images/efc478e64-1.jpg,test,Miniature Pinscher,Mixed Breed,0.464683266581369,1,Medio,Test fuera de muestra
3cc9490b8,data/raw_petfinder/train_images/3cc9490b8-1.jpg,train,Mixed Breed,,0.5237208801821895,1,Medio,OOF desarrollo
0617d9287,data/raw_petfinder/train_images/0617d9287-1.jpg,train,Mixed Breed,,0.7436028926744171,1,Alto,OOF desarrollo
fc4d1c61e,data/raw_petfinder/train_images/fc4d1c61e-1.jpg,train,Mixed Breed,Mixed Breed,0.4358048298051854,1,Bajo,OOF desarrollo
5360d72a3,data/raw_petfinder/train_images/5360d72a3-1.jpg,train,Mixed Breed,Mixed Breed,0.3916918471364529,1,Bajo,OOF desarrollo
a4e09a814,data/raw_petfinder/train_images/a4e09a814-1.jpg,train,Mixed Breed,,0.5746470685577323,1,Medio,OOF desarrollo
518e71b74,data/raw_petfinder/train_images/518e71b74-1.jpg,valid,Miniature Pinscher,Mixed Breed,0.7256109036908305,1,Alto,OOF desarrollo
99ed50a86,data/raw_petfinder/train_images/99ed50a86-1.jpg,valid,Mixed Breed,,0.5185722803819637,1,Medio,OOF desarrollo
19fe29040,data/raw_petfinder/train_images/19fe29040-1.jpg,train,Mixed Breed,,0.6713310196409006,1,Alto,OOF desarrollo
e8c9545c7,data/raw_petfinder/train_images/e8c9545c7-1.jpg,test,Mixed Breed,,0.7373914551990264,1,Alto,Test fuera de muestra
6c9696bc5,data/raw_petfinder/train_images/6c9696bc5-1.jpg,train,Mixed Breed,,0.5631918862231611,1,Medio,OOF desarrollo
c23b6bbf6,data/raw_petfinder/train_images/c23b6bbf6-1.jpg,train,Pointer,Mixed Breed,0.6630533079224596,1,Alto,OOF desarrollo
5ab1e209b,data/raw_petfinder/train_images/5ab1e209b-1.jpg,train,Doberman Pinscher,Collie,0.4069090805483967,1,Bajo,OOF desarrollo
b13e4afff,data/raw_petfinder/train_images/b13e4afff-1.jpg,valid,Mixed Breed,Spitz,0.4374202719716866,1,Bajo,OOF desarrollo
ed1f38a40,data/raw_petfinder/train_images/ed1f38a40-1.jpg,train,Mixed Breed,,0.5389097238850583,1,Medio,OOF desarrollo
8803fb1c2,data/raw_petfinder/train_images/8803fb1c2-1.jpg,train,Mixed Breed,,0.5191506793165042,1,Medio,OOF desarrollo
4f7bfcb68,data/raw_petfinder/train_images/4f7bfcb68-1.jpg,test,Mixed Breed,,0.6463139175547609,1,Alto,Test fuera de muestra
b822d0566,data/raw_petfinder/train_images/b822d0566-1.jpg,train,Mixed Breed,,0.5921393046240635,1,Medio,OOF desarrollo
f5e9075c9,data/raw_petfinder/train_images/f5e9075c9-1.jpg,train,Mixed Breed,,0.6206155933655185,1,Alto,OOF desarrollo
f88144b9f,data/raw_petfinder/train_images/f88144b9f-1.jpg,test,Mixed Breed,,0.5160371363498284,1,Medio,Test fuera de muestra
176516c7a,data/raw_petfinder/train_images/176516c7a-1.jpg,test,Mixed Breed,,0.5180070145541126,1,Medio,Test fuera de muestra
21e4ca7d1,data/raw_petfinder/train_images/21e4ca7d1-1.jpg,valid,Mixed Breed,,0.764096298213909,1,Alto,OOF desarrollo
9ea8e240f,data/raw_petfinder/train_images/9ea8e240f-1.jpg,test,Mixed Breed,,0.727316844228799,1,Alto,Test fuera de muestra
3bcc3be83,data/raw_petfinder/train_images/3bcc3be83-1.jpg,train,Mixed Breed,,0.7947172509152735,1,Alto,OOF desarrollo
9deed930d,data/raw_petfinder/train_images/9deed930d-1.jpg,valid,Mixed Breed,,0.6134101876437017,1,Alto,OOF desarrollo
c5db00aa6,data/raw_petfinder/train_images/c5db00aa6-1.jpg,train,Mixed Breed,,0.3234119790393731,0,Bajo,OOF desarrollo
00b23513e,data/raw_petfinder/train_images/00b23513e-1.jpg,train,Mixed Breed,,0.2831879424362507,0,Bajo,OOF desarrollo
232aee73d,data/raw_petfinder/train_images/232aee73d-1.jpg,train,Mixed Breed,,0.7127599786469081,1,Alto,OOF desarrollo
e4afff6dd,data/raw_petfinder/train_images/e4afff6dd-1.jpg,train,Mixed Breed,,0.3875047070625017,0,Bajo,OOF desarrollo
f6ec35f31,data/raw_petfinder/train_images/f6ec35f31-1.jpg,test,Mixed Breed,,0.7050680832599792,1,Alto,Test fuera de muestra
db0213107,data/raw_petfinder/train_images/db0213107-1.jpg,train,Mixed Breed,Mixed Breed,0.3786559619321855,0,Bajo,OOF desarrollo
bb15b64ea,data/raw_petfinder/train_images/bb15b64ea-1.jpg,test,Mixed Breed,,0.5211838415512623,1,Medio,Test fuera de muestra
ad66b0f44,data/raw_petfinder/train_images/ad66b0f44-1.jpg,train,Mixed Breed,,0.5184800795645763,1,Medio,OOF desarrollo
fdd191ba0,data/raw_petfinder/train_images/fdd191ba0-1.jpg,train,Mixed Breed,Mixed Breed,0.7439210300314716,1,Alto,OOF desarrollo
2c3f23fce,data/raw_petfinder/train_images/2c3f23fce-1.jpg,valid,Rottweiler,Mixed Breed,0.6804521386889799,1,Alto,OOF desarrollo
3583095d0,data/raw_petfinder/train_images/3583095d0-1.jpg,test,Mixed Breed,,0.6623465270931979,1,Alto,Test fuera de muestra
49c216bf8,data/raw_petfinder/train_images/49c216bf8-1.jpg,train,Mixed Breed,,0.6058390024074758,1,Alto,OOF desarrollo
fd33218b8,data/raw_petfinder/train_images/fd33218b8-1.jpg,valid,Mixed Breed,,0.48075804252985,1,Medio,OOF desarrollo
0143edd0a,data/raw_petfinder/train_images/0143edd0a-1.jpg,train,Poodle,,0.5514782507563256,1,Medio,OOF desarrollo
7983db8d9,data/raw_petfinder/train_images/7983db8d9-1.jpg,train,Mixed Breed,,0.6389772164180394,1,Alto,OOF desarrollo
ea062393d,data/raw_petfinder/train_images/ea062393d-1.jpg,valid,German Shepherd Dog,Mixed Breed,0.3916904058079623,1,Bajo,OOF desarrollo
ddae7aede,data/raw_petfinder/train_images/ddae7aede-1.jpg,train,Mixed Breed,,0.4499900603183694,1,Bajo,OOF desarrollo
9ef3d0eec,data/raw_petfinder/train_images/9ef3d0eec-1.jpg,train,Mixed Breed,,0.6062020548972067,1,Alto,OOF desarrollo
f4948a23d,data/raw_petfinder/train_images/f4948a23d-1.jpg,train,Mixed Breed,,0.454291654595491,1,Bajo,OOF desarrollo
f580ba98c,data/raw_petfinder/train_images/f580ba98c-1.jpg,train,Mixed Breed,Labrador Retriever,0.399040530844034,1,Bajo,OOF desarrollo
57e37b00b,data/raw_petfinder/train_images/57e37b00b-1.jpg,train,Poodle,,0.350163252786181,0,Bajo,OOF desarrollo
a970b89c7,data/raw_petfinder/train_images/a970b89c7-1.jpg,train,Golden Retriever,,0.4043933174344933,1,Bajo,OOF desarrollo
4a6e23ad7,data/raw_petfinder/train_images/4a6e23ad7-1.jpg,valid,Mixed Breed,,0.3189281362050165,0,Bajo,OOF desarrollo
7a59ae5ed,data/raw_petfinder/train_images/7a59ae5ed-1.jpg,train,Mixed Breed,,0.451102705821665,1,Bajo,OOF desarrollo
e94581522,data/raw_petfinder/train_images/e94581522-1.jpg,train,Mixed Breed,,0.7264895716945102,1,Alto,OOF desarrollo
f7675eb96,data/raw_petfinder/train_images/f7675eb96-1.jpg,train,Mixed Breed,,0.5870334146067069,1,Medio,OOF desarrollo
1cea0ad08,data/raw_petfinder/train_images/1cea0ad08-1.jpg,train,Mixed Breed,,0.8213097391753164,1,Alto,OOF desarrollo
98686f3bc,data/raw_petfinder/train_images/98686f3bc-1.jpg,valid,Mixed Breed,,0.5595295268611348,1,Medio,OOF desarrollo
582c02d86,data/raw_petfinder/train_images/582c02d86-1.jpg,train,Mixed Breed,,0.6198333953526189,1,Alto,OOF desarrollo
8010a808c,data/raw_petfinder/train_images/8010a808c-1.jpg,test,Mixed Breed,,0.616893899982486,1,Alto,Test fuera de muestra
392cb224a,data/raw_petfinder/train_images/392cb224a-1.jpg,train,Mixed Breed,Mixed Breed,0.4874731203392539,1,Medio,OOF desarrollo
ca7c6095a,data/raw_petfinder/train_images/ca7c6095a-1.jpg,train,Poodle,,0.337508197077796,0,Bajo,OOF desarrollo
bba3070ad,data/raw_petfinder/train_images/bba3070ad-1.jpg,valid,Mixed Breed,,0.6198294328143901,1,Alto,OOF desarrollo
0e49eebb3,data/raw_petfinder/train_images/0e49eebb3-1.jpg,train,Mixed Breed,,0.4757398467164621,1,Medio,OOF desarrollo
e0a797901,data/raw_petfinder/train_images/e0a797901-1.jpg,test,Mixed Breed,,0.4752543389623121,1,Medio,Test fuera de muestra
5f6d23ada,data/raw_petfinder/train_images/5f6d23ada-1.jpg,train,Mixed Breed,Mixed Breed,0.7358405328282733,1,Alto,OOF desarrollo
b15d56540,data/raw_petfinder/train_images/b15d56540-1.jpg,test,Mixed Breed,Mixed Breed,0.2458419775655517,0,Bajo,Test fuera de muestra
937c2e14f,data/raw_petfinder/train_images/937c2e14f-1.jpg,train,Mixed Breed,,0.5795653343785313,1,Medio,OOF desarrollo
a05c489dc,data/raw_petfinder/train_images/a05c489dc-1.jpg,train,Mixed Breed,Australian Cattle Dog/Blue Heeler,0.679335262375715,1,Alto,OOF desarrollo
6202e7d4d,data/raw_petfinder/train_images/6202e7d4d-1.jpg,valid,Mixed Breed,Mixed Breed,0.2308865454119531,0,Bajo,OOF desarrollo
42eac4984,data/raw_petfinder/train_images/42eac4984-1.jpg,train,Mixed Breed,Mixed Breed,0.5550600291289999,1,Medio,OOF desarrollo
326355730,data/raw_petfinder/train_images/326355730-1.jpg,train,Mixed Breed,,0.4308211605763347,1,Bajo,OOF desarrollo
e61d62489,data/raw_petfinder/train_images/e61d62489-1.jpg,train,Mixed Breed,Mixed Breed,0.3386243438814533,0,Bajo,OOF desarrollo
d476272d7,data/raw_petfinder/train_images/d476272d7-1.jpg,train,Staffordshire Bull Terrier,,0.5146119315117279,1,Medio,OOF desarrollo
d25ad4b76,data/raw_petfinder/train_images/d25ad4b76-1.jpg,train,Mixed Breed,,0.7476796902297066,1,Alto,OOF desarrollo
8d7eff0cc,data/raw_petfinder/train_images/8d7eff0cc-1.jpg,train,Mixed Breed,,0.5686554686206085,1,Medio,OOF desarrollo
dc371c173,data/raw_petfinder/train_images/dc371c173-1.jpg,train,Mixed Breed,,0.5631795638604771,1,Medio,OOF desarrollo
400eaa6d5,data/raw_petfinder/train_images/400eaa6d5-1.jpg,train,Mixed Breed,,0.8011814189933794,1,Alto,OOF desarrollo
2ea25b63b,data/raw_petfinder/train_images/2ea25b63b-1.jpg,train,Mixed Breed,,0.7785126360485195,1,Alto,OOF desarrollo
c02ce1bc0,data/raw_petfinder/train_images/c02ce1bc0-1.jpg,train,Miniature Pinscher,Mixed Breed,0.2469268113212665,0,Bajo,OOF desarrollo
dac60bd9c,data/raw_petfinder/train_images/dac60bd9c-1.jpg,train,Labrador Retriever,Mixed Breed,0.5774313829624185,1,Medio,OOF desarrollo
5ddd7f219,data/raw_petfinder/train_images/5ddd7f219-1.jpg,train,Mixed Breed,,0.4111895881564762,1,Bajo,OOF desarrollo
9869aad59,data/raw_petfinder/train_images/9869aad59-1.jpg,train,German Shepherd Dog,Mixed Breed,0.583197324192857,1,Medio,OOF desarrollo
b7ea489ae,data/raw_petfinder/train_images/b7ea489ae-1.jpg,train,German Shepherd Dog,German Shepherd Dog,0.4129196420547935,1,Bajo,OOF desarrollo
1dc90fbb8,data/raw_petfinder/train_images/1dc90fbb8-1.jpg,train,Mixed Breed,,0.2330466540873279,0,Bajo,OOF desarrollo
434691342,data/raw_petfinder/train_images/434691342-1.jpg,train,Mixed Breed,,0.7518911697439403,1,Alto,OOF desarrollo
83b2fae5e,data/raw_petfinder/train_images/83b2fae5e-1.jpg,train,Mixed Breed,Mixed Breed,0.6892822459671076,1,Alto,OOF desarrollo
030f32f08,data/raw_petfinder/train_images/030f32f08-1.jpg,train,Mixed Breed,Mixed Breed,0.5692499530467912,1,Medio,OOF desarrollo
0338fcdaf,data/raw_petfinder/train_images/0338fcdaf-1.jpg,train,Mixed Breed,,0.6627281555520226,1,Alto,OOF desarrollo
728a08a8b,data/raw_petfinder/train_images/728a08a8b-1.jpg,test,Mixed Breed,,0.7697826662802851,1,Alto,Test fuera de muestra
5b4caee59,data/raw_petfinder/train_images/5b4caee59-1.jpg,train,Mixed Breed,,0.5191887594855888,1,Medio,OOF desarrollo
63f7cacce,data/raw_petfinder/train_images/63f7cacce-1.jpg,train,Mixed Breed,,0.7179135338211946,1,Alto,OOF desarrollo
45f9a9f66,data/raw_petfinder/train_images/45f9a9f66-1.jpg,valid,Rottweiler,Mixed Breed,0.263530860230026,0,Bajo,OOF desarrollo
1fd2f589f,data/raw_petfinder/train_images/1fd2f589f-1.jpg,train,Mixed Breed,,0.5201645839865263,1,Medio,OOF desarrollo
0ed8d0f9c,data/raw_petfinder/train_images/0ed8d0f9c-1.jpg,test,Mixed Breed,Border Collie,0.6652595709395477,1,Alto,Test fuera de muestra
e4fb514b2,data/raw_petfinder/train_images/e4fb514b2-1.jpg,train,Poodle,,0.2444159416584231,0,Bajo,OOF desarrollo
13c67e713,data/raw_petfinder/train_images/13c67e713-1.jpg,train,Spitz,,0.4617414509733583,1,Medio,OOF desarrollo
ca81b2566,data/raw_petfinder/train_images/ca81b2566-1.jpg,train,Mixed Breed,,0.4342469740516506,1,Bajo,OOF desarrollo
7ebdfc3b7,data/raw_petfinder/train_images/7ebdfc3b7-1.jpg,train,Mixed Breed,Mixed Breed,0.5270507851297019,1,Medio,OOF desarrollo
cf78e66fd,data/raw_petfinder/train_images/cf78e66fd-1.jpg,train,Shih Tzu,,0.4136631547716231,1,Bajo,OOF desarrollo
256f40704,data/raw_petfinder/train_images/256f40704-1.jpg,valid,Mixed Breed,,0.6516351420833024,1,Alto,OOF desarrollo
f677061e8,data/raw_petfinder/train_images/f677061e8-1.jpg,train,English Cocker Spaniel,,0.5091582774845407,1,Medio,OOF desarrollo
9c43d4567,data/raw_petfinder/train_images/9c43d4567-1.jpg,valid,Mixed Breed,,0.5765028899574297,1,Medio,OOF desarrollo
a9551ed6d,data/raw_petfinder/train_images/a9551ed6d-1.jpg,valid,Mixed Breed,,0.767760763749807,1,Alto,OOF desarrollo
c723171ff,data/raw_petfinder/train_images/c723171ff-1.jpg,train,Mixed Breed,,0.4291666430235996,1,Bajo,OOF desarrollo
bf87b176d,data/raw_petfinder/train_images/bf87b176d-1.jpg,train,Mixed Breed,,0.6500164485540628,1,Alto,OOF desarrollo
3f2a40f0a,data/raw_petfinder/train_images/3f2a40f0a-1.jpg,train,German Pinscher,Mixed Breed,0.6997094241191647,1,Alto,OOF desarrollo
cf76c794a,data/raw_petfinder/train_images/cf76c794a-1.jpg,train,Terrier,,0.5226592339650773,1,Medio,OOF desarrollo
acc76c678,data/raw_petfinder/train_images/acc76c678-1.jpg,train,Mixed Breed,,0.8313584754032486,1,Alto,OOF desarrollo
dfcd19237,data/raw_petfinder/train_images/dfcd19237-1.jpg,train,Beagle,,0.4213302139672691,1,Bajo,OOF desarrollo
c96423707,data/raw_petfinder/train_images/c96423707-1.jpg,train,Mixed Breed,,0.6429260110766699,1,Alto,OOF desarrollo
5382ef1e5,data/raw_petfinder/train_images/5382ef1e5-1.jpg,test,Mixed Breed,Mixed Breed,0.4338150367985829,1,Bajo,Test fuera de muestra
5971694db,data/raw_petfinder/train_images/5971694db-1.jpg,test,Mixed Breed,,0.540717159317297,1,Medio,Test fuera de muestra
c3a52fbbe,data/raw_petfinder/train_images/c3a52fbbe-1.jpg,train,Beagle,Corgi,0.6310991872852495,1,Alto,OOF desarrollo
29778124f,data/raw_petfinder/train_images/29778124f-1.jpg,train,Mixed Breed,,0.7574936483542645,1,Alto,OOF desarrollo
2f7da7f8f,data/raw_petfinder/train_images/2f7da7f8f-1.jpg,train,Mixed Breed,,0.6452493163908277,1,Alto,OOF desarrollo
aa795e561,data/raw_petfinder/train_images/aa795e561-1.jpg,train,Mixed Breed,,0.475532339524875,1,Medio,OOF desarrollo
428877021,data/raw_petfinder/train_images/428877021-1.jpg,train,Mixed Breed,,0.3662410882192353,0,Bajo,OOF desarrollo
8b6867433,data/raw_petfinder/train_images/8b6867433-1.jpg,train,Miniature Pinscher,,0.4948041434243888,1,Medio,OOF desarrollo
eaf13651e,data/raw_petfinder/train_images/eaf13651e-1.jpg,test,Mixed Breed,,0.6007557385917279,1,Medio,Test fuera de muestra
f82aa539c,data/raw_petfinder/train_images/f82aa539c-1.jpg,train,Mixed Breed,,0.7101873875865248,1,Alto,OOF desarrollo
df6205194,data/raw_petfinder/train_images/df6205194-1.jpg,train,Mixed Breed,,0.7924533628581361,1,Alto,OOF desarrollo
ca7075738,data/raw_petfinder/train_images/ca7075738-1.jpg,valid,Mixed Breed,Mixed Breed,0.4852932638695281,1,Medio,OOF desarrollo
0b6457bf5,data/raw_petfinder/train_images/0b6457bf5-1.jpg,valid,Terrier,,0.4586891324753009,1,Medio,OOF desarrollo
fe15cb88c,data/raw_petfinder/train_images/fe15cb88c-1.jpg,train,Mixed Breed,,0.5501792917683122,1,Medio,OOF desarrollo
c0898504e,data/raw_petfinder/train_images/c0898504e-1.jpg,test,Mixed Breed,Labrador Retriever,0.7242257767057023,1,Alto,Test fuera de muestra
1ed0c2a41,data/raw_petfinder/train_images/1ed0c2a41-1.jpg,train,Mixed Breed,Mixed Breed,0.6165607534942279,1,Alto,OOF desarrollo
386990598,data/raw_petfinder/train_images/386990598-1.jpg,train,Mixed Breed,,0.4597934629140638,1,Medio,OOF desarrollo
5ea1f2c39,data/raw_petfinder/train_images/5ea1f2c39-1.jpg,train,Mixed Breed,Mixed Breed,0.7363656138517339,1,Alto,OOF desarrollo
88c0e21d1,data/raw_petfinder/train_images/88c0e21d1-1.jpg,train,Mixed Breed,,0.6438839668883964,1,Alto,OOF desarrollo
226e8fe7c,data/raw_petfinder/train_images/226e8fe7c-1.jpg,train,Mixed Breed,,0.6373459499117982,1,Alto,OOF desarrollo
f288b4919,data/raw_petfinder/train_images/f288b4919-1.jpg,train,Golden Retriever,,0.3292345818853248,0,Bajo,OOF desarrollo
f83096577,data/raw_petfinder/train_images/f83096577-1.jpg,test,Mixed Breed,Mixed Breed,0.3166980336101146,0,Bajo,Test fuera de muestra
a34cf041b,data/raw_petfinder/train_images/a34cf041b-1.jpg,test,German Shepherd Dog,Mixed Breed,0.5343831865912028,1,Medio,Test fuera de muestra
1020c8f00,data/raw_petfinder/train_images/1020c8f00-1.jpg,train,Mixed Breed,,0.3076614499674459,0,Bajo,OOF desarrollo
6dbed5324,data/raw_petfinder/train_images/6dbed5324-1.jpg,train,Basset Hound,,0.5974859246015441,1,Medio,OOF desarrollo
066498aa1,data/raw_petfinder/train_images/066498aa1-1.jpg,train,Mixed Breed,,0.7843016247346623,1,Alto,OOF desarrollo
758a6def9,data/raw_petfinder/train_images/758a6def9-1.jpg,test,Mixed Breed,,0.2731295109971029,0,Bajo,Test fuera de muestra
7821d724c,data/raw_petfinder/train_images/7821d724c-1.jpg,test,Mixed Breed,,0.6544653569190179,1,Alto,Test fuera de muestra
5e74dfc90,data/raw_petfinder/train_images/5e74dfc90-1.jpg,train,Mixed Breed,,0.7853799697059363,1,Alto,OOF desarrollo
faf4fd269,data/raw_petfinder/train_images/faf4fd269-1.jpg,train,Mixed Breed,,0.4509183423236639,1,Bajo,OOF desarrollo
85188cb67,data/raw_petfinder/train_images/85188cb67-1.jpg,test,Mixed Breed,,0.7111776547382914,1,Alto,Test fuera de muestra
d19f035bc,data/raw_petfinder/train_images/d19f035bc-1.jpg,train,Mixed Breed,,0.339414999067529,0,Bajo,OOF desarrollo
b3b26191c,data/raw_petfinder/train_images/b3b26191c-1.jpg,train,Mixed Breed,,0.8120117765757975,1,Alto,OOF desarrollo
84e1e59d5,data/raw_petfinder/train_images/84e1e59d5-1.jpg,train,Shepherd,Mixed Breed,0.6676419300784598,1,Alto,OOF desarrollo
2b5249852,data/raw_petfinder/train_images/2b5249852-1.jpg,train,Labrador Retriever,Mixed Breed,0.5576958907633406,1,Medio,OOF desarrollo
bb0dddcf2,data/raw_petfinder/train_images/bb0dddcf2-1.jpg,train,Mixed Breed,,0.4256143253967662,1,Bajo,OOF desarrollo
dcd93c794,data/raw_petfinder/train_images/dcd93c794-1.jpg,valid,Mixed Breed,,0.7019681855708215,1,Alto,OOF desarrollo
9dfcbe364,data/raw_petfinder/train_images/9dfcbe364-1.jpg,valid,Mixed Breed,,0.5463045762877115,1,Medio,OOF desarrollo
84c1afe03,data/raw_petfinder/train_images/84c1afe03-1.jpg,train,German Shepherd Dog,Terrier,0.5050132744581917,1,Medio,OOF desarrollo
861d65847,data/raw_petfinder/train_images/861d65847-1.jpg,valid,Mixed Breed,Rottweiler,0.3746021951333497,0,Bajo,OOF desarrollo
1bbadc050,data/raw_petfinder/train_images/1bbadc050-1.jpg,train,Mixed Breed,Mixed Breed,0.4594883663916621,1,Medio,OOF desarrollo
90b927fdd,data/raw_petfinder/train_images/90b927fdd-1.jpg,train,Mixed Breed,,0.3350215014299517,0,Bajo,OOF desarrollo
a0da2621e,data/raw_petfinder/train_images/a0da2621e-1.jpg,train,Mixed Breed,,0.4423790445929321,1,Bajo,OOF desarrollo
7ddf00d90,data/raw_petfinder/train_images/7ddf00d90-1.jpg,test,Mixed Breed,,0.7161607764249271,1,Alto,Test fuera de muestra
a20880c1d,data/raw_petfinder/train_images/a20880c1d-1.jpg,train,Beagle,,0.5717653342585969,1,Medio,OOF desarrollo
c33c82dd5,data/raw_petfinder/train_images/c33c82dd5-1.jpg,test,Mixed Breed,Mixed Breed,0.5513066938430967,1,Medio,Test fuera de muestra
ba54e88a9,data/raw_petfinder/train_images/ba54e88a9-1.jpg,train,Mixed Breed,Mixed Breed,0.71088204675487,1,Alto,OOF desarrollo
a6c7f3a13,data/raw_petfinder/train_images/a6c7f3a13-1.jpg,train,Mixed Breed,,0.6965476514283675,1,Alto,OOF desarrollo
447233a49,data/raw_petfinder/train_images/447233a49-1.jpg,train,Poodle,Shih Tzu,0.4011536531157555,1,Bajo,OOF desarrollo
b2b3baca1,data/raw_petfinder/train_images/b2b3baca1-1.jpg,test,Mixed Breed,Mixed Breed,0.5767002804143921,1,Medio,Test fuera de muestra
262d7f006,data/raw_petfinder/train_images/262d7f006-1.jpg,train,Mixed Breed,Mixed Breed,0.7356011310168983,1,Alto,OOF desarrollo
175f4a910,data/raw_petfinder/train_images/175f4a910-1.jpg,valid,Mixed Breed,,0.4140499336097414,1,Bajo,OOF desarrollo
b8ccf4b62,data/raw_petfinder/train_images/b8ccf4b62-1.jpg,train,Chihuahua,,0.4175728625525046,1,Bajo,OOF desarrollo
7d1030b42,data/raw_petfinder/train_images/7d1030b42-1.jpg,train,Great Dane,Mixed Breed,0.4821804732522592,1,Medio,OOF desarrollo
94019dc75,data/raw_petfinder/train_images/94019dc75-1.jpg,train,Cocker Spaniel,,0.4028702494323657,1,Bajo,OOF desarrollo
1035db262,data/raw_petfinder/train_images/1035db262-1.jpg,test,Mixed Breed,,0.3559717323504002,0,Bajo,Test fuera de muestra
59e59bd5a,data/raw_petfinder/train_images/59e59bd5a-1.jpg,train,Mixed Breed,,0.3734370071451074,0,Bajo,OOF desarrollo
554c80a2a,data/raw_petfinder/train_images/554c80a2a-1.jpg,train,Mixed Breed,Mixed Breed,0.489291742206064,1,Medio,OOF desarrollo
8d8895245,data/raw_petfinder/train_images/8d8895245-1.jpg,train,Mixed Breed,,0.4862229517639098,1,Medio,OOF desarrollo
a120cae65,data/raw_petfinder/train_images/a120cae65-1.jpg,train,Mixed Breed,Mixed Breed,0.6335468530544723,1,Alto,OOF desarrollo
7cf37c7e2,data/raw_petfinder/train_images/7cf37c7e2-1.jpg,test,Dachshund,Shih Tzu,0.3205653505145799,0,Bajo,Test fuera de muestra
374b76068,data/raw_petfinder/train_images/374b76068-1.jpg,train,Mixed Breed,,0.7331418236548408,1,Alto,OOF desarrollo
9f2dd031a,data/raw_petfinder/train_images/9f2dd031a-1.jpg,train,Mixed Breed,,0.6312301524945867,1,Alto,OOF desarrollo
79a9a7b05,data/raw_petfinder/train_images/79a9a7b05-1.jpg,train,Mixed Breed,,0.5955145019297424,1,Medio,OOF desarrollo
bf90589d1,data/raw_petfinder/train_images/bf90589d1-1.jpg,train,Mixed Breed,,0.7631418939502737,1,Alto,OOF desarrollo
e375cb119,data/raw_petfinder/train_images/e375cb119-1.jpg,train,Pug,,0.4957409369605379,1,Medio,OOF desarrollo
1e87e4110,data/raw_petfinder/train_images/1e87e4110-1.jpg,train,Mixed Breed,,0.597663959222584,1,Medio,OOF desarrollo
6aee1d8da,data/raw_petfinder/train_images/6aee1d8da-1.jpg,train,Beagle,,0.4878240842420311,1,Medio,OOF desarrollo
679e98b95,data/raw_petfinder/train_images/679e98b95-1.jpg,train,Mixed Breed,Rottweiler,0.5004150937297919,1,Medio,OOF desarrollo
484915b4f,data/raw_petfinder/train_images/484915b4f-1.jpg,train,Mixed Breed,,0.3490740154213946,0,Bajo,OOF desarrollo
417c09a08,data/raw_petfinder/train_images/417c09a08-1.jpg,train,Mixed Breed,Mixed Breed,0.5298276978711436,1,Medio,OOF desarrollo
f6fac7b56,data/raw_petfinder/train_images/f6fac7b56-1.jpg,train,Mixed Breed,Mixed Breed,0.8258648015421381,1,Alto,OOF desarrollo
8655a46ed,data/raw_petfinder/train_images/8655a46ed-1.jpg,train,Mixed Breed,,0.7478656434843307,1,Alto,OOF desarrollo
1f9b856e0,data/raw_petfinder/train_images/1f9b856e0-1.jpg,valid,Mixed Breed,Mixed Breed,0.6004442486966546,1,Medio,OOF desarrollo
e9ec4d543,data/raw_petfinder/train_images/e9ec4d543-1.jpg,valid,Mixed Breed,,0.5458463768632283,1,Medio,OOF desarrollo
ea39ef3ae,data/raw_petfinder/train_images/ea39ef3ae-1.jpg,test,Mixed Breed,,0.7806137582714292,1,Alto,Test fuera de muestra
9bd70dc2b,data/raw_petfinder/train_images/9bd70dc2b-1.jpg,test,Mixed Breed,Mixed Breed,0.4793061863688945,1,Medio,Test fuera de muestra
be3508ce5,data/raw_petfinder/train_images/be3508ce5-1.jpg,valid,Mixed Breed,,0.4860920214867147,1,Medio,OOF desarrollo
ef896feeb,data/raw_petfinder/train_images/ef896feeb-1.jpg,test,Boston Terrier,Mixed Breed,0.5884107663879963,1,Medio,Test fuera de muestra
c45e47c4c,data/raw_petfinder/train_images/c45e47c4c-1.jpg,test,Mixed Breed,,0.440936840613868,1,Bajo,Test fuera de muestra
c5af48975,data/raw_petfinder/train_images/c5af48975-1.jpg,train,Mixed Breed,,0.3422173288655005,0,Bajo,OOF desarrollo
c8c7ef646,data/raw_petfinder/train_images/c8c7ef646-1.jpg,test,Labrador Retriever,Mixed Breed,0.4965437522455226,1,Medio,Test fuera de muestra
387a8e71a,data/raw_petfinder/train_images/387a8e71a-1.jpg,test,Mixed Breed,,0.3264650128777236,0,Bajo,Test fuera de muestra
3b4b4cb9c,data/raw_petfinder/train_images/3b4b4cb9c-1.jpg,train,Mixed Breed,,0.4552424597477739,1,Bajo,OOF desarrollo
2bf2c6260,data/raw_petfinder/train_images/2bf2c6260-1.jpg,train,Mixed Breed,,0.4167567963186367,1,Bajo,OOF desarrollo
745fd19b8,data/raw_petfinder/train_images/745fd19b8-1.jpg,train,Mixed Breed,,0.842634744671912,1,Alto,OOF desarrollo
9a3224461,data/raw_petfinder/train_images/9a3224461-1.jpg,test,Mixed Breed,,0.5585672835410903,1,Medio,Test fuera de muestra
f861fe441,data/raw_petfinder/train_images/f861fe441-1.jpg,test,Mixed Breed,,0.4201330141585186,1,Bajo,Test fuera de muestra
c32940f0f,data/raw_petfinder/train_images/c32940f0f-1.jpg,test,French Bulldog,,0.5693698397326308,1,Medio,Test fuera de muestra
77bb4ce3a,data/raw_petfinder/train_images/77bb4ce3a-1.jpg,test,Mixed Breed,Mixed Breed,0.5939507445022842,1,Medio,Test fuera de muestra
9fb2a918d,data/raw_petfinder/train_images/9fb2a918d-1.jpg,train,Mixed Breed,,0.4607959763447419,1,Medio,OOF desarrollo
abaf6c9ee,data/raw_petfinder/train_images/abaf6c9ee-1.jpg,train,Mixed Breed,,0.762018254544703,1,Alto,OOF desarrollo
799cbc9e1,data/raw_petfinder/train_images/799cbc9e1-1.jpg,test,Mixed Breed,Mixed Breed,0.4886255433077875,1,Medio,Test fuera de muestra
097dd9931,data/raw_petfinder/train_images/097dd9931-1.jpg,valid,Poodle,,0.3044264705973668,0,Bajo,OOF desarrollo
c0545b660,data/raw_petfinder/train_images/c0545b660-1.jpg,valid,Mixed Breed,Mixed Breed,0.3832443478883244,0,Bajo,OOF desarrollo
b477ad589,data/raw_petfinder/train_images/b477ad589-1.jpg,test,Mixed Breed,,0.6192179425182998,1,Alto,Test fuera de muestra
0af142ee3,data/raw_petfinder/train_images/0af142ee3-1.jpg,train,Mixed Breed,Mixed Breed,0.62237506378035,1,Alto,OOF desarrollo
bd56db16a,data/raw_petfinder/train_images/bd56db16a-1.jpg,train,Labrador Retriever,Mixed Breed,0.7423380266293308,1,Alto,OOF desarrollo
615afad71,data/raw_petfinder/train_images/615afad71-1.jpg,test,Mixed Breed,,0.4031245228634622,1,Bajo,Test fuera de muestra
1528d2a61,data/raw_petfinder/train_images/1528d2a61-1.jpg,train,Pomeranian,,0.3444871017226421,0,Bajo,OOF desarrollo
1e7a3b766,data/raw_petfinder/train_images/1e7a3b766-1.jpg,train,Cocker Spaniel,Cocker Spaniel,0.4909411063360347,1,Medio,OOF desarrollo
6ce342cfe,data/raw_petfinder/train_images/6ce342cfe-1.jpg,test,Mixed Breed,,0.5004276776509144,1,Medio,Test fuera de muestra
5f20dde82,data/raw_petfinder/train_images/5f20dde82-1.jpg,train,Beagle,,0.4362794519877804,1,Bajo,OOF desarrollo
d168549f2,data/raw_petfinder/train_images/d168549f2-1.jpg,train,Mixed Breed,,0.3884439496253437,0,Bajo,OOF desarrollo
b9e604ca1,data/raw_petfinder/train_images/b9e604ca1-1.jpg,train,Mixed Breed,Mixed Breed,0.3378677246416924,0,Bajo,OOF desarrollo
1b1cf81d4,data/raw_petfinder/train_images/1b1cf81d4-1.jpg,train,Mixed Breed,,0.7357856853424015,1,Alto,OOF desarrollo
ca4224e0b,data/raw_petfinder/train_images/ca4224e0b-1.jpg,test,Mixed Breed,,0.4685815543549929,1,Medio,Test fuera de muestra
38f6f3011,data/raw_petfinder/train_images/38f6f3011-1.jpg,train,Mixed Breed,,0.751361424547136,1,Alto,OOF desarrollo
a56bbc295,data/raw_petfinder/train_images/a56bbc295-1.jpg,train,Mixed Breed,,0.6812952228466166,1,Alto,OOF desarrollo
e63eea2f7,data/raw_petfinder/train_images/e63eea2f7-1.jpg,test,Mixed Breed,,0.7171594708130591,1,Alto,Test fuera de muestra
191fb0046,data/raw_petfinder/train_images/191fb0046-1.jpg,train,Mixed Breed,,0.5490770200775028,1,Medio,OOF desarrollo
4ce620a7a,data/raw_petfinder/train_images/4ce620a7a-1.jpg,valid,Mixed Breed,,0.4409983011130693,1,Bajo,OOF desarrollo
bbd0c8f36,data/raw_petfinder/train_images/bbd0c8f36-1.jpg,train,Mixed Breed,,0.5010062230082795,1,Medio,OOF desarrollo
a9e4d6df7,data/raw_petfinder/train_images/a9e4d6df7-1.jpg,test,Mixed Breed,,0.7139853237260891,1,Alto,Test fuera de muestra
cb9eb954c,data/raw_petfinder/train_images/cb9eb954c-1.jpg,train,Mixed Breed,,0.7469605221358036,1,Alto,OOF desarrollo
8ce613036,data/raw_petfinder/train_images/8ce613036-1.jpg,train,Labrador Retriever,Mixed Breed,0.6565690161335906,1,Alto,OOF desarrollo
a6610ebd3,data/raw_petfinder/train_images/a6610ebd3-1.jpg,valid,Beagle,,0.2652068661931035,0,Bajo,OOF desarrollo
d7a002088,data/raw_petfinder/train_images/d7a002088-1.jpg,train,Mixed Breed,,0.3768513236511074,0,Bajo,OOF desarrollo
189a8292b,data/raw_petfinder/train_images/189a8292b-1.jpg,valid,Mixed Breed,,0.5385126337107797,1,Medio,OOF desarrollo
a53cb0980,data/raw_petfinder/train_images/a53cb0980-1.jpg,train,Mixed Breed,,0.7338505508078492,1,Alto,OOF desarrollo
ba2d4e877,data/raw_petfinder/train_images/ba2d4e877-1.jpg,train,Labrador Retriever,,0.4948351445504029,1,Medio,OOF desarrollo
3285d041f,data/raw_petfinder/train_images/3285d041f-1.jpg,train,Mixed Breed,,0.4988976074172934,1,Medio,OOF desarrollo
be36182ea,data/raw_petfinder/train_images/be36182ea-1.jpg,train,Mixed Breed,Mixed Breed,0.5014873865272116,1,Medio,OOF desarrollo
9fb8e5e73,data/raw_petfinder/train_images/9fb8e5e73-1.jpg,train,Mixed Breed,,0.4581604633708174,1,Bajo,OOF desarrollo
fcc138c39,data/raw_petfinder/train_images/fcc138c39-1.jpg,train,Mixed Breed,Jack Russell Terrier,0.6956412692574403,1,Alto,OOF desarrollo
f980544af,data/raw_petfinder/train_images/f980544af-1.jpg,valid,Spitz,,0.6428671676439186,1,Alto,OOF desarrollo
01c202740,data/raw_petfinder/train_images/01c202740-1.jpg,train,Mixed Breed,,0.5580670434886371,1,Medio,OOF desarrollo
96e9f6fd8,data/raw_petfinder/train_images/96e9f6fd8-1.jpg,test,Mixed Breed,,0.6472293278074259,1,Alto,Test fuera de muestra
163adc370,data/raw_petfinder/train_images/163adc370-1.jpg,valid,Mixed Breed,,0.627577837873551,1,Alto,OOF desarrollo
d8b05d43d,data/raw_petfinder/train_images/d8b05d43d-1.jpg,train,Mixed Breed,Terrier,0.7066998892286773,1,Alto,OOF desarrollo
fd71f9fb4,data/raw_petfinder/train_images/fd71f9fb4-1.jpg,train,Mixed Breed,,0.5376558660858466,1,Medio,OOF desarrollo
9d1b799e7,data/raw_petfinder/train_images/9d1b799e7-1.jpg,valid,Mixed Breed,Mixed Breed,0.4840944163497375,1,Medio,OOF desarrollo
dd13b36c6,data/raw_petfinder/train_images/dd13b36c6-1.jpg,train,Mixed Breed,,0.3950473402353753,1,Bajo,OOF desarrollo
08a9b6f29,data/raw_petfinder/train_images/08a9b6f29-1.jpg,train,Mixed Breed,,0.3879674258329564,0,Bajo,OOF desarrollo
02f7300db,data/raw_petfinder/train_images/02f7300db-1.jpg,test,Corgi,Labrador Retriever,0.3324426070582883,0,Bajo,Test fuera de muestra
16dc1188b,data/raw_petfinder/train_images/16dc1188b-1.jpg,train,Mixed Breed,,0.6745375969850579,1,Alto,OOF desarrollo
cdf4d775f,data/raw_petfinder/train_images/cdf4d775f-1.jpg,train,Greyhound,Mixed Breed,0.6507685536511711,1,Alto,OOF desarrollo
534104c8e,data/raw_petfinder/train_images/534104c8e-1.jpg,valid,Mixed Breed,,0.5590458842916417,1,Medio,OOF desarrollo
08d198666,data/raw_petfinder/train_images/08d198666-1.jpg,train,Mixed Breed,,0.4857729905438396,1,Medio,OOF desarrollo
a015cce59,data/raw_petfinder/train_images/a015cce59-1.jpg,valid,Mixed Breed,Mixed Breed,0.5419449137063692,1,Medio,OOF desarrollo
14410015e,data/raw_petfinder/train_images/14410015e-1.jpg,train,Mixed Breed,,0.3022220133429418,0,Bajo,OOF desarrollo
a56c46193,data/raw_petfinder/train_images/a56c46193-1.jpg,train,Mixed Breed,,0.7612615919807559,1,Alto,OOF desarrollo
6521d5af1,data/raw_petfinder/train_images/6521d5af1-1.jpg,test,Labrador Retriever,Mixed Breed,0.4847864882129786,1,Medio,Test fuera de muestra
261c4115b,data/raw_petfinder/train_images/261c4115b-1.jpg,test,Mixed Breed,,0.6866346337332169,1,Alto,Test fuera de muestra
2d0315769,data/raw_petfinder/train_images/2d0315769-1.jpg,train,Mixed Breed,,0.4737866993411864,1,Medio,OOF desarrollo
ce19e69ff,data/raw_petfinder/train_images/ce19e69ff-1.jpg,test,Mixed Breed,,0.4709944111095172,1,Medio,Test fuera de muestra
2fc753430,data/raw_petfinder/train_images/2fc753430-1.jpg,train,Mixed Breed,,0.6236474323444854,1,Alto,OOF desarrollo
80aca536a,data/raw_petfinder/train_images/80aca536a-1.jpg,train,Mixed Breed,,0.6534191217275467,1,Alto,OOF desarrollo
daabe5f9d,data/raw_petfinder/train_images/daabe5f9d-1.jpg,test,Mixed Breed,,0.4188544962238603,1,Bajo,Test fuera de muestra
883e7d058,data/raw_petfinder/train_images/883e7d058-1.jpg,valid,Mixed Breed,Mixed Breed,0.7627706876650808,1,Alto,OOF desarrollo
e246ecfdc,data/raw_petfinder/train_images/e246ecfdc-1.jpg,test,Golden Retriever,,0.3830115278969797,0,Bajo,Test fuera de muestra
437b06047,data/raw_petfinder/train_images/437b06047-1.jpg,test,Great Dane,,0.4090111385299341,1,Bajo,Test fuera de muestra
1d30559d8,data/raw_petfinder/train_images/1d30559d8-1.jpg,train,Shetland Sheepdog Sheltie,Mixed Breed,0.6823930362447415,1,Alto,OOF desarrollo
902624c4b,data/raw_petfinder/train_images/902624c4b-1.jpg,train,Mixed Breed,,0.4635060995803606,1,Medio,OOF desarrollo
e94f842c0,data/raw_petfinder/train_images/e94f842c0-1.jpg,train,Mixed Breed,,0.6175297634640584,1,Alto,OOF desarrollo
0985e2dad,data/raw_petfinder/train_images/0985e2dad-1.jpg,train,Shih Tzu,,0.390535084947483,1,Bajo,OOF desarrollo
33eaf34b3,data/raw_petfinder/train_images/33eaf34b3-1.jpg,train,Mixed Breed,,0.7791069749044783,1,Alto,OOF desarrollo
f056ab9fc,data/raw_petfinder/train_images/f056ab9fc-1.jpg,train,Mixed Breed,,0.505256269728416,1,Medio,OOF desarrollo
df59dd59f,data/raw_petfinder/train_images/df59dd59f-1.jpg,train,Mixed Breed,,0.4593797030513042,1,Medio,OOF desarrollo
68d7d01d0,data/raw_petfinder/train_images/68d7d01d0-1.jpg,train,Mixed Breed,,0.5331668553644087,1,Medio,OOF desarrollo
0be7a4adf,data/raw_petfinder/train_images/0be7a4adf-1.jpg,train,Golden Retriever,Mixed Breed,0.2530295547273976,0,Bajo,OOF desarrollo
8b2be8807,data/raw_petfinder/train_images/8b2be8807-1.jpg,test,Golden Retriever,Mixed Breed,0.6360716147707509,1,Alto,Test fuera de muestra
9c33e8db3,data/raw_petfinder/train_images/9c33e8db3-1.jpg,valid,Mixed Breed,Mixed Breed,0.4874606781706858,1,Medio,OOF desarrollo
6adc3bf2f,data/raw_petfinder/train_images/6adc3bf2f-1.jpg,train,Bull Terrier,,0.5027630258705,1,Medio,OOF desarrollo
66a1d5bc4,data/raw_petfinder/train_images/66a1d5bc4-1.jpg,train,Mixed Breed,,0.5940562499588656,1,Medio,OOF desarrollo
2c137b9a4,data/raw_petfinder/train_images/2c137b9a4-1.jpg,valid,Bull Terrier,,0.5104423246154014,1,Medio,OOF desarrollo
76c276834,data/raw_petfinder/train_images/76c276834-1.jpg,train,Mixed Breed,Doberman Pinscher,0.6450173574691186,1,Alto,OOF desarrollo
8e77d52ad,data/raw_petfinder/train_images/8e77d52ad-1.jpg,train,Miniature Pinscher,Hound,0.5148136754962982,1,Medio,OOF desarrollo
a00eaa0fb,data/raw_petfinder/train_images/a00eaa0fb-1.jpg,train,Rottweiler,,0.5357721573487995,1,Medio,OOF desarrollo
3ec367f79,data/raw_petfinder/train_images/3ec367f79-1.jpg,train,Mixed Breed,Mixed Breed,0.4856723800023905,1,Medio,OOF desarrollo
19db3e21f,data/raw_petfinder/train_images/19db3e21f-1.jpg,train,Spitz,Shar Pei,0.3312387204800243,0,Bajo,OOF desarrollo
d86d7a70e,data/raw_petfinder/train_images/d86d7a70e-1.jpg,valid,Mixed Breed,,0.4911971869421037,1,Medio,OOF desarrollo
976cd59b0,data/raw_petfinder/train_images/976cd59b0-1.jpg,train,Mixed Breed,,0.6341119079261377,1,Alto,OOF desarrollo
004a26127,data/raw_petfinder/train_images/004a26127-1.jpg,train,Mixed Breed,,0.3315994797103213,0,Bajo,OOF desarrollo
b6c338f94,data/raw_petfinder/train_images/b6c338f94-1.jpg,train,Mixed Breed,Mixed Breed,0.7048317192626736,1,Alto,OOF desarrollo
8670bd551,data/raw_petfinder/train_images/8670bd551-1.jpg,train,Mixed Breed,Terrier,0.5271458727339549,1,Medio,OOF desarrollo
fd3c1a3bb,data/raw_petfinder/train_images/fd3c1a3bb-1.jpg,train,Mixed Breed,Mixed Breed,0.5477771958729449,1,Medio,OOF desarrollo
2b0b80ef6,data/raw_petfinder/train_images/2b0b80ef6-1.jpg,train,Mixed Breed,,0.6291839265313838,1,Alto,OOF desarrollo
b80a19455,data/raw_petfinder/train_images/b80a19455-1.jpg,test,Mixed Breed,,0.3776844800728526,0,Bajo,Test fuera de muestra
d8be7f8b0,data/raw_petfinder/train_images/d8be7f8b0-1.jpg,test,Mixed Breed,,0.4465418103644868,1,Bajo,Test fuera de muestra
0e80de8ac,data/raw_petfinder/train_images/0e80de8ac-1.jpg,train,Spitz,Mixed Breed,0.6106722219198021,1,Alto,OOF desarrollo
4a4fb4974,data/raw_petfinder/train_images/4a4fb4974-1.jpg,train,Poodle,,0.3970534870036514,1,Bajo,OOF desarrollo
5b59ef7ee,data/raw_petfinder/train_images/5b59ef7ee-1.jpg,train,Mixed Breed,,0.6769577096406159,1,Alto,OOF desarrollo
1d7e844a7,data/raw_petfinder/train_images/1d7e844a7-1.jpg,train,Mixed Breed,Mixed Breed,0.7825310759259081,1,Alto,OOF desarrollo
41e069381,data/raw_petfinder/train_images/41e069381-1.jpg,train,Mixed Breed,,0.6820035769910514,1,Alto,OOF desarrollo
d1962ab4f,data/raw_petfinder/train_images/d1962ab4f-1.jpg,train,Golden Retriever,,0.3526802969294727,0,Bajo,OOF desarrollo
0d6b8efdc,data/raw_petfinder/train_images/0d6b8efdc-1.jpg,valid,Mixed Breed,,0.7197123945209476,1,Alto,OOF desarrollo
503a096e7,data/raw_petfinder/train_images/503a096e7-1.jpg,valid,Mixed Breed,,0.6503091155110792,1,Alto,OOF desarrollo
206db8d8d,data/raw_petfinder/train_images/206db8d8d-1.jpg,train,Mixed Breed,,0.8213257313117848,1,Alto,OOF desarrollo
599d24d23,data/raw_petfinder/train_images/599d24d23-1.jpg,test,Mixed Breed,,0.4457301980118505,1,Bajo,Test fuera de muestra
1a0395c7f,data/raw_petfinder/train_images/1a0395c7f-1.jpg,train,Mixed Breed,,0.4778681127645314,1,Medio,OOF desarrollo
4f1d86875,data/raw_petfinder/train_images/4f1d86875-1.jpg,test,Mixed Breed,,0.4749611843248829,1,Medio,Test fuera de muestra
62b9cb163,data/raw_petfinder/train_images/62b9cb163-1.jpg,test,Mixed Breed,,0.3692255142188115,0,Bajo,Test fuera de muestra
4a93b3e4e,data/raw_petfinder/train_images/4a93b3e4e-1.jpg,train,Mixed Breed,,0.4469559715559925,1,Bajo,OOF desarrollo
991eba9f9,data/raw_petfinder/train_images/991eba9f9-1.jpg,test,Mixed Breed,,0.574580075700782,1,Medio,Test fuera de muestra
8e2723a38,data/raw_petfinder/train_images/8e2723a38-1.jpg,train,Mixed Breed,,0.7312870741802769,1,Alto,OOF desarrollo
8f128d3ed,data/raw_petfinder/train_images/8f128d3ed-1.jpg,train,Doberman Pinscher,,0.3093198712125945,0,Bajo,OOF desarrollo
497ef36aa,data/raw_petfinder/train_images/497ef36aa-1.jpg,train,Manchester Terrier,Mixed Breed,0.5692020535895773,1,Medio,OOF desarrollo
af514b027,data/raw_petfinder/train_images/af514b027-1.jpg,train,Mixed Breed,,0.4306310466670998,1,Bajo,OOF desarrollo
5cba5c76a,data/raw_petfinder/train_images/5cba5c76a-1.jpg,train,Mixed Breed,Labrador Retriever,0.5114627511629166,1,Medio,OOF desarrollo
a2cf852c0,data/raw_petfinder/train_images/a2cf852c0-1.jpg,train,Mixed Breed,,0.5843473406036285,1,Medio,OOF desarrollo
a16c6d55d,data/raw_petfinder/train_images/a16c6d55d-1.jpg,test,Mixed Breed,,0.3589473445981002,0,Bajo,Test fuera de muestra
7727b4dae,data/raw_petfinder/train_images/7727b4dae-1.jpg,valid,Mixed Breed,,0.4991125790751245,1,Medio,OOF desarrollo
1a91262f6,data/raw_petfinder/train_images/1a91262f6-1.jpg,train,Munsterlander,Munsterlander,0.4627653490882586,1,Medio,OOF desarrollo
3f834da3b,data/raw_petfinder/train_images/3f834da3b-1.jpg,train,Mixed Breed,Mixed Breed,0.4401961065203492,1,Bajo,OOF desarrollo
f72d7a939,data/raw_petfinder/train_images/f72d7a939-1.jpg,train,Labrador Retriever,Mixed Breed,0.3770896978082141,0,Bajo,OOF desarrollo
779d50e4f,data/raw_petfinder/train_images/779d50e4f-1.jpg,test,Boxer,,0.3641579353315366,0,Bajo,Test fuera de muestra
ee93b2d47,data/raw_petfinder/train_images/ee93b2d47-1.jpg,train,Jack Russell Terrier,Mixed Breed,0.6597323242898485,1,Alto,OOF desarrollo
8849d3fe9,data/raw_petfinder/train_images/8849d3fe9-1.jpg,train,Pekingese,Shih Tzu,0.4633120608461601,1,Medio,OOF desarrollo
143d10038,data/raw_petfinder/train_images/143d10038-1.jpg,train,Miniature Pinscher,,0.5440920084747691,1,Medio,OOF desarrollo
a1390d450,data/raw_petfinder/train_images/a1390d450-1.jpg,test,Mixed Breed,,0.3761680429902055,0,Bajo,Test fuera de muestra
7df56218d,data/raw_petfinder/train_images/7df56218d-1.jpg,train,Mixed Breed,,0.4492196655487906,1,Bajo,OOF desarrollo
0ede86b28,data/raw_petfinder/train_images/0ede86b28-1.jpg,train,Belgian Shepherd Malinois,Mixed Breed,0.3948727774978302,1,Bajo,OOF desarrollo
392caeaed,data/raw_petfinder/train_images/392caeaed-1.jpg,train,Mixed Breed,,0.6841772900962734,1,Alto,OOF desarrollo
f904be121,data/raw_petfinder/train_images/f904be121-1.jpg,train,Mixed Breed,,0.5080484437885048,1,Medio,OOF desarrollo
1ba488d80,data/raw_petfinder/train_images/1ba488d80-1.jpg,test,Mixed Breed,Mixed Breed,0.2342355076719049,0,Bajo,Test fuera de muestra
79ad78fc4,data/raw_petfinder/train_images/79ad78fc4-1.jpg,valid,Mixed Breed,,0.5470090442508048,1,Medio,OOF desarrollo
a6239b2f3,data/raw_petfinder/train_images/a6239b2f3-1.jpg,test,Mixed Breed,,0.6102415433683135,1,Alto,Test fuera de muestra
6da53f587,data/raw_petfinder/train_images/6da53f587-1.jpg,test,Mixed Breed,,0.6140269817979052,1,Alto,Test fuera de muestra
c240d153f,data/raw_petfinder/train_images/c240d153f-1.jpg,test,Jack Russell Terrier,Dalmatian,0.5274045360732155,1,Medio,Test fuera de muestra
29b60faaa,data/raw_petfinder/train_images/29b60faaa-1.jpg,train,Mixed Breed,,0.6888491227052299,1,Alto,OOF desarrollo
000a290e4,data/raw_petfinder/train_images/000a290e4-1.jpg,valid,Mixed Breed,,0.4635148043512752,1,Medio,OOF desarrollo
f6575f08d,data/raw_petfinder/train_images/f6575f08d-1.jpg,train,Mixed Breed,,0.5447218095438773,1,Medio,OOF desarrollo
67a68df4a,data/raw_petfinder/train_images/67a68df4a-1.jpg,test,Border Collie,Mixed Breed,0.6273062668594779,1,Alto,Test fuera de muestra
2e1de0bba,data/raw_petfinder/train_images/2e1de0bba-1.jpg,train,Mixed Breed,,0.3181106156494913,0,Bajo,OOF desarrollo
0038c9343,data/raw_petfinder/train_images/0038c9343-1.jpg,valid,Siberian Husky,,0.3596405903237024,0,Bajo,OOF desarrollo
68046ca33,data/raw_petfinder/train_images/68046ca33-1.jpg,train,Chihuahua,Miniature Pinscher,0.4189690633301181,1,Bajo,OOF desarrollo
18cd75354,data/raw_petfinder/train_images/18cd75354-1.jpg,train,Mixed Breed,,0.491264950146002,1,Medio,OOF desarrollo
19f0ef706,data/raw_petfinder/train_images/19f0ef706-1.jpg,train,Labrador Retriever,Mixed Breed,0.4691911871749927,1,Medio,OOF desarrollo
07877aea7,data/raw_petfinder/train_images/07877aea7-1.jpg,train,Corgi,Mixed Breed,0.676538073327264,1,Alto,OOF desarrollo
322b32801,data/raw_petfinder/train_images/322b32801-1.jpg,train,Mixed Breed,,0.7871829631219412,1,Alto,OOF desarrollo
97a10da78,data/raw_petfinder/train_images/97a10da78-1.jpg,train,Mixed Breed,,0.689148564345382,1,Alto,OOF desarrollo
f2f8667a2,data/raw_petfinder/train_images/f2f8667a2-1.jpg,test,Mixed Breed,,0.5086168225743826,1,Medio,Test fuera de muestra
9ba39bba6,data/raw_petfinder/train_images/9ba39bba6-1.jpg,train,Mixed Breed,,0.4036105560325996,1,Bajo,OOF desarrollo
97b9ee40b,data/raw_petfinder/train_images/97b9ee40b-1.jpg,train,Mixed Breed,,0.5950801539146716,1,Medio,OOF desarrollo
4fcd7cfe0,data/raw_petfinder/train_images/4fcd7cfe0-1.jpg,train,Mixed Breed,Mixed Breed,0.2838981835033231,0,Bajo,OOF desarrollo
8528b3d49,data/raw_petfinder/train_images/8528b3d49-1.jpg,train,Mixed Breed,,0.707808611759728,1,Alto,OOF desarrollo
8ac1e8eb6,data/raw_petfinder/train_images/8ac1e8eb6-1.jpg,train,Mixed Breed,,0.5832725765324676,1,Medio,OOF desarrollo
56e91b142,data/raw_petfinder/train_images/56e91b142-1.jpg,train,Mixed Breed,,0.5571004692012158,1,Medio,OOF desarrollo
8a04b2403,data/raw_petfinder/train_images/8a04b2403-1.jpg,train,Mixed Breed,,0.6526064785890993,1,Alto,OOF desarrollo
ccdc0f862,data/raw_petfinder/train_images/ccdc0f862-1.jpg,valid,Shih Tzu,,0.3411430377851215,0,Bajo,OOF desarrollo
0cc3e27b5,data/raw_petfinder/train_images/0cc3e27b5-1.jpg,valid,Mixed Breed,,0.7191163402075484,1,Alto,OOF desarrollo
169184766,data/raw_petfinder/train_images/169184766-1.jpg,valid,Mixed Breed,Mixed Breed,0.6846597810409216,1,Alto,OOF desarrollo
a0825ad18,data/raw_petfinder/train_images/a0825ad18-1.jpg,train,Miniature Pinscher,,0.5448606330089845,1,Medio,OOF desarrollo
8ac51d5ce,data/raw_petfinder/train_images/8ac51d5ce-1.jpg,train,Mixed Breed,,0.3799215343645877,0,Bajo,OOF desarrollo
f8bf52aea,data/raw_petfinder/train_images/f8bf52aea-1.jpg,train,Mixed Breed,,0.6965068824326306,1,Alto,OOF desarrollo
02d9e61ca,data/raw_petfinder/train_images/02d9e61ca-1.jpg,train,Mixed Breed,Mixed Breed,0.4750582467908883,1,Medio,OOF desarrollo
1e7159da4,data/raw_petfinder/train_images/1e7159da4-1.jpg,train,Mixed Breed,,0.6499770202202918,1,Alto,OOF desarrollo
434a2904c,data/raw_petfinder/train_images/434a2904c-1.jpg,train,Mixed Breed,,0.5616910774779863,1,Medio,OOF desarrollo
7cd5e5195,data/raw_petfinder/train_images/7cd5e5195-1.jpg,train,Mixed Breed,Mixed Breed,0.7142416301868979,1,Alto,OOF desarrollo
2fb24b53d,data/raw_petfinder/train_images/2fb24b53d-1.jpg,valid,Mixed Breed,Retriever,0.4573794515969576,1,Bajo,OOF desarrollo
1940b59e7,data/raw_petfinder/train_images/1940b59e7-1.jpg,valid,Mixed Breed,,0.4876917282232523,1,Medio,OOF desarrollo
f69bd4b27,data/raw_petfinder/train_images/f69bd4b27-1.jpg,train,Mixed Breed,,0.5054234451674215,1,Medio,OOF desarrollo
ff5ea4f84,data/raw_petfinder/train_images/ff5ea4f84-1.jpg,test,Terrier,Mixed Breed,0.6540343746454849,1,Alto,Test fuera de muestra
660cd67ed,data/raw_petfinder/train_images/660cd67ed-1.jpg,valid,Mixed Breed,,0.7718166809383518,1,Alto,OOF desarrollo
cf162bb42,data/raw_petfinder/train_images/cf162bb42-1.jpg,train,Mixed Breed,Terrier,0.292021661767419,0,Bajo,OOF desarrollo
386e1a0fd,data/raw_petfinder/train_images/386e1a0fd-1.jpg,test,Mixed Breed,,0.7278741612791901,1,Alto,Test fuera de muestra
155e1f0ca,data/raw_petfinder/train_images/155e1f0ca-1.jpg,train,Mixed Breed,,0.2852409838201712,0,Bajo,OOF desarrollo
7a31d17c7,data/raw_petfinder/train_images/7a31d17c7-1.jpg,train,Mixed Breed,,0.5176513465180763,1,Medio,OOF desarrollo
5bd3c6eee,data/raw_petfinder/train_images/5bd3c6eee-1.jpg,valid,Mixed Breed,,0.4921331982046809,1,Medio,OOF desarrollo
861c903b6,data/raw_petfinder/train_images/861c903b6-1.jpg,train,Mixed Breed,,0.7542665663560875,1,Alto,OOF desarrollo
7b6f894a1,data/raw_petfinder/train_images/7b6f894a1-1.jpg,train,Poodle,,0.3739710212791913,0,Bajo,OOF desarrollo
728ed1c0e,data/raw_petfinder/train_images/728ed1c0e-1.jpg,test,Mixed Breed,,0.606525769145958,1,Alto,Test fuera de muestra
3f38aabf4,data/raw_petfinder/train_images/3f38aabf4-1.jpg,valid,Mixed Breed,Weimaraner,0.5967361451348588,1,Medio,OOF desarrollo
fc93e5aa5,data/raw_petfinder/train_images/fc93e5aa5-1.jpg,train,Mixed Breed,Mixed Breed,0.5619274472216338,1,Medio,OOF desarrollo
289d0bc8a,data/raw_petfinder/train_images/289d0bc8a-1.jpg,train,Mixed Breed,,0.3747141739547963,0,Bajo,OOF desarrollo
8335d65e0,data/raw_petfinder/train_images/8335d65e0-1.jpg,train,Jack Russell Terrier,,0.5531971821288619,1,Medio,OOF desarrollo
8d1dce21f,data/raw_petfinder/train_images/8d1dce21f-1.jpg,train,Mixed Breed,Mixed Breed,0.3257609873479505,0,Bajo,OOF desarrollo
628a224b2,data/raw_petfinder/train_images/628a224b2-1.jpg,valid,Rottweiler,Mixed Breed,0.512489425584429,1,Medio,OOF desarrollo
1303e86df,data/raw_petfinder/train_images/1303e86df-1.jpg,train,Wirehaired Terrier,,0.4357663212829541,1,Bajo,OOF desarrollo
752b2d9c5,data/raw_petfinder/train_images/752b2d9c5-1.jpg,train,English Cocker Spaniel,,0.4989807816032982,1,Medio,OOF desarrollo
eb6bb82fd,data/raw_petfinder/train_images/eb6bb82fd-1.jpg,train,Mixed Breed,,0.7501757706977672,1,Alto,OOF desarrollo
d9c151e72,data/raw_petfinder/train_images/d9c151e72-1.jpg,test,Mixed Breed,,0.59532514080826,1,Medio,Test fuera de muestra
cc08b4198,data/raw_petfinder/train_images/cc08b4198-1.jpg,valid,Mixed Breed,,0.4698023238085784,1,Medio,OOF desarrollo
0691034ac,data/raw_petfinder/train_images/0691034ac-1.jpg,train,Mixed Breed,,0.4678613295295107,1,Medio,OOF desarrollo
8483b2161,data/raw_petfinder/train_images/8483b2161-1.jpg,valid,Labrador Retriever,Husky,0.4525540185542409,1,Bajo,OOF desarrollo
90f1bb168,data/raw_petfinder/train_images/90f1bb168-1.jpg,train,Schnauzer,,0.5151581130325521,1,Medio,OOF desarrollo
0e6492f0d,data/raw_petfinder/train_images/0e6492f0d-1.jpg,test,Mixed Breed,,0.6437878438429655,1,Alto,Test fuera de muestra
c5ee96818,data/raw_petfinder/train_images/c5ee96818-1.jpg,train,Mixed Breed,,0.648125164072119,1,Alto,OOF desarrollo
f86b59db0,data/raw_petfinder/train_images/f86b59db0-1.jpg,valid,Mixed Breed,,0.5470159436392528,1,Medio,OOF desarrollo
813db4d5a,data/raw_petfinder/train_images/813db4d5a-1.jpg,train,Mixed Breed,,0.5491638030661803,1,Medio,OOF desarrollo
6ff9b83f0,data/raw_petfinder/train_images/6ff9b83f0-1.jpg,valid,Mixed Breed,,0.6342181451592477,1,Alto,OOF desarrollo
3b901ae31,data/raw_petfinder/train_images/3b901ae31-1.jpg,train,American Water Spaniel,,0.2228046558563841,0,Bajo,OOF desarrollo
a83683f66,data/raw_petfinder/train_images/a83683f66-1.jpg,train,Mixed Breed,,0.6176144985461494,1,Alto,OOF desarrollo
e0ee00f9a,data/raw_petfinder/train_images/e0ee00f9a-1.jpg,valid,Cocker Spaniel,,0.3202674863007744,0,Bajo,OOF desarrollo
c9c023b3e,data/raw_petfinder/train_images/c9c023b3e-1.jpg,valid,Golden Retriever,Mixed Breed,0.6487125488704931,1,Alto,OOF desarrollo
e9e263ee2,data/raw_petfinder/train_images/e9e263ee2-1.jpg,valid,Mixed Breed,,0.7386938745167004,1,Alto,OOF desarrollo
42103b22e,data/raw_petfinder/train_images/42103b22e-1.jpg,test,Mixed Breed,,0.6343412893197,1,Alto,Test fuera de muestra
0ef640aaf,data/raw_petfinder/train_images/0ef640aaf-1.jpg,train,Mixed Breed,,0.6133801068407359,1,Alto,OOF desarrollo
79ef1fd27,data/raw_petfinder/train_images/79ef1fd27-1.jpg,test,Mixed Breed,,0.7800847162634288,1,Alto,Test fuera de muestra
9a7474fd8,data/raw_petfinder/train_images/9a7474fd8-1.jpg,test,Mixed Breed,,0.3222147842363987,0,Bajo,Test fuera de muestra
b78b30c18,data/raw_petfinder/train_images/b78b30c18-1.jpg,test,Mixed Breed,,0.5994667606704527,1,Medio,Test fuera de muestra
e470b6bd3,data/raw_petfinder/train_images/e470b6bd3-1.jpg,train,Golden Retriever,,0.4848316522323134,1,Medio,OOF desarrollo
111be067f,data/raw_petfinder/train_images/111be067f-1.jpg,test,Mixed Breed,Mixed Breed,0.5452849858086304,1,Medio,Test fuera de muestra
5bfbb098d,data/raw_petfinder/train_images/5bfbb098d-1.jpg,train,Labrador Retriever,,0.3313243779243368,0,Bajo,OOF desarrollo
07bd5a7a9,data/raw_petfinder/train_images/07bd5a7a9-1.jpg,valid,Poodle,,0.3273125071308916,0,Bajo,OOF desarrollo
375794bcb,data/raw_petfinder/train_images/375794bcb-1.jpg,train,Terrier,Poodle,0.6650233566822714,1,Alto,OOF desarrollo
3013d9169,data/raw_petfinder/train_images/3013d9169-1.jpg,train,Mixed Breed,,0.554844172173614,1,Medio,OOF desarrollo
3feae3fb7,data/raw_petfinder/train_images/3feae3fb7-1.jpg,train,Terrier,Mixed Breed,0.4623963762052979,1,Medio,OOF desarrollo
01e4020da,data/raw_petfinder/train_images/01e4020da-1.jpg,train,Mixed Breed,,0.8031180977494929,1,Alto,OOF desarrollo
7930e4752,data/raw_petfinder/train_images/7930e4752-1.jpg,valid,Mixed Breed,,0.5440347270623211,1,Medio,OOF desarrollo
531e56f63,data/raw_petfinder/train_images/531e56f63-1.jpg,train,Mixed Breed,Mixed Breed,0.5627069776923639,1,Medio,OOF desarrollo
21415ffb9,data/raw_petfinder/train_images/21415ffb9-1.jpg,train,Mixed Breed,,0.6327470810815162,1,Alto,OOF desarrollo
07914c759,data/raw_petfinder/train_images/07914c759-1.jpg,train,Mixed Breed,,0.6798696345259725,1,Alto,OOF desarrollo
77c9c2e64,data/raw_petfinder/train_images/77c9c2e64-1.jpg,train,Terrier,Mixed Breed,0.5762868754434065,1,Medio,OOF desarrollo
212157776,data/raw_petfinder/train_images/212157776-1.jpg,train,Black Labrador Retriever,Mixed Breed,0.509652447407174,1,Medio,OOF desarrollo
5264d253b,data/raw_petfinder/train_images/5264d253b-1.jpg,train,Mixed Breed,,0.6607619265850596,1,Alto,OOF desarrollo
06ed12b93,data/raw_petfinder/train_images/06ed12b93-1.jpg,valid,Golden Retriever,,0.2412630498420252,0,Bajo,OOF desarrollo
e8a1f3d1b,data/raw_petfinder/train_images/e8a1f3d1b-1.jpg,train,Mixed Breed,Mixed Breed,0.4924608672636074,1,Medio,OOF desarrollo
155126a9f,data/raw_petfinder/train_images/155126a9f-1.jpg,train,Mixed Breed,,0.489702323091759,1,Medio,OOF desarrollo
8106b5f6f,data/raw_petfinder/train_images/8106b5f6f-1.jpg,train,Mixed Breed,,0.6531388067918527,1,Alto,OOF desarrollo
39818f12c,data/raw_petfinder/train_images/39818f12c-1.jpg,train,Spitz,Mixed Breed,0.6665664338442642,1,Alto,OOF desarrollo
121c5faca,data/raw_petfinder/train_images/121c5faca-1.jpg,train,Mixed Breed,,0.3471898045409993,0,Bajo,OOF desarrollo
ccd36a0f2,data/raw_petfinder/train_images/ccd36a0f2-1.jpg,train,Golden Retriever,Spitz,0.6631736018750116,1,Alto,OOF desarrollo
c2fc23444,data/raw_petfinder/train_images/c2fc23444-1.jpg,train,Mixed Breed,Rottweiler,0.4601637567105742,1,Medio,OOF desarrollo
531452675,data/raw_petfinder/train_images/531452675-1.jpg,valid,Mixed Breed,,0.6488744618008248,1,Alto,OOF desarrollo
49c5dbda7,data/raw_petfinder/train_images/49c5dbda7-1.jpg,valid,Terrier,Mixed Breed,0.3753114982670509,0,Bajo,OOF desarrollo
830b62870,data/raw_petfinder/train_images/830b62870-1.jpg,valid,Mixed Breed,Terrier,0.5618735803159964,1,Medio,OOF desarrollo
26161bad4,data/raw_petfinder/train_images/26161bad4-1.jpg,train,Mixed Breed,,0.6211912186690722,1,Alto,OOF desarrollo
49f06aa59,data/raw_petfinder/train_images/49f06aa59-1.jpg,train,Husky,,0.3122831219002387,0,Bajo,OOF desarrollo
21a56b530,data/raw_petfinder/train_images/21a56b530-1.jpg,test,Poodle,,0.3501292333477234,0,Bajo,Test fuera de muestra
c50926700,data/raw_petfinder/train_images/c50926700-1.jpg,valid,Mixed Breed,Mixed Breed,0.7078433202850956,1,Alto,OOF desarrollo
1dcd8bc8a,data/raw_petfinder/train_images/1dcd8bc8a-1.jpg,train,Mixed Breed,,0.6158498442535014,1,Alto,OOF desarrollo
2cd806c03,data/raw_petfinder/train_images/2cd806c03-1.jpg,train,Mixed Breed,,0.4638578161099146,1,Medio,OOF desarrollo
794c57f72,data/raw_petfinder/train_images/794c57f72-1.jpg,valid,Mixed Breed,,0.4239868877436604,1,Bajo,OOF desarrollo
47fc12331,data/raw_petfinder/train_images/47fc12331-1.jpg,valid,Mixed Breed,,0.6377553348998578,1,Alto,OOF desarrollo
1d1c1d51d,data/raw_petfinder/train_images/1d1c1d51d-1.jpg,train,Mixed Breed,,0.6655350192424551,1,Alto,OOF desarrollo
fed21411c,data/raw_petfinder/train_images/fed21411c-1.jpg,train,Mixed Breed,Golden Retriever,0.5950042526605955,1,Medio,OOF desarrollo
2b6fe231b,data/raw_petfinder/train_images/2b6fe231b-1.jpg,test,Irish Setter,Irish Setter,0.4220936522480461,1,Bajo,Test fuera de muestra
0cda0894a,data/raw_petfinder/train_images/0cda0894a-1.jpg,valid,Mixed Breed,,0.6162166612965739,1,Alto,OOF desarrollo
cc261e309,data/raw_petfinder/train_images/cc261e309-1.jpg,train,Miniature Pinscher,,0.4560512224290057,1,Bajo,OOF desarrollo
a39034cfc,data/raw_petfinder/train_images/a39034cfc-1.jpg,train,Mixed Breed,Mixed Breed,0.7237110393436237,1,Alto,OOF desarrollo
637e741e8,data/raw_petfinder/train_images/637e741e8-1.jpg,valid,Mixed Breed,Mixed Breed,0.4003726004450822,1,Bajo,OOF desarrollo
10fa4505d,data/raw_petfinder/train_images/10fa4505d-1.jpg,test,Mixed Breed,,0.4496140960908732,1,Bajo,Test fuera de muestra
b3995ad50,data/raw_petfinder/train_images/b3995ad50-1.jpg,train,Mixed Breed,,0.4988150470008194,1,Medio,OOF desarrollo
c0574c31a,data/raw_petfinder/train_images/c0574c31a-1.jpg,train,Mixed Breed,,0.7251953739930195,1,Alto,OOF desarrollo
b181fa99a,data/raw_petfinder/train_images/b181fa99a-1.jpg,train,Poodle,,0.2351826444250113,0,Bajo,OOF desarrollo
24890da9b,data/raw_petfinder/train_images/24890da9b-1.jpg,train,Mixed Breed,German Shepherd Dog,0.5346125708500719,1,Medio,OOF desarrollo
91328d9f8,data/raw_petfinder/train_images/91328d9f8-1.jpg,train,Mixed Breed,,0.6647372259600558,1,Alto,OOF desarrollo
577c72b39,data/raw_petfinder/train_images/577c72b39-1.jpg,test,Mixed Breed,,0.6536941105660279,1,Alto,Test fuera de muestra
d6e6e7d6c,data/raw_petfinder/train_images/d6e6e7d6c-1.jpg,valid,Pit Bull Terrier,Mixed Breed,0.4646465194133844,1,Medio,OOF desarrollo
f618c35b8,data/raw_petfinder/train_images/f618c35b8-1.jpg,test,Miniature Pinscher,,0.4691419784770267,1,Medio,Test fuera de muestra
f5fc7d4a5,data/raw_petfinder/train_images/f5fc7d4a5-1.jpg,train,Terrier,Mixed Breed,0.6642584599607091,1,Alto,OOF desarrollo
9b9873716,data/raw_petfinder/train_images/9b9873716-1.jpg,train,Mixed Breed,,0.4623350338847739,1,Medio,OOF desarrollo
52ed9719f,data/raw_petfinder/train_images/52ed9719f-1.jpg,train,Mixed Breed,Doberman Pinscher,0.3437199826060246,0,Bajo,OOF desarrollo
e7c1eb9ec,data/raw_petfinder/train_images/e7c1eb9ec-1.jpg,train,Mixed Breed,,0.7909882835685449,1,Alto,OOF desarrollo
331476348,data/raw_petfinder/train_images/331476348-1.jpg,train,Mixed Breed,,0.3893070129036794,0,Bajo,OOF desarrollo
abadb839a,data/raw_petfinder/train_images/abadb839a-1.jpg,test,Mixed Breed,,0.7415003450797717,1,Alto,Test fuera de muestra
e899d33d5,data/raw_petfinder/train_images/e899d33d5-1.jpg,train,Mixed Breed,,0.1871121999038177,0,Bajo,OOF desarrollo
cccbf8c47,data/raw_petfinder/train_images/cccbf8c47-1.jpg,test,Mixed Breed,,0.7532905072142424,1,Alto,Test fuera de muestra
31081d71d,data/raw_petfinder/train_images/31081d71d-1.jpg,valid,Mixed Breed,,0.7704392653759332,1,Alto,OOF desarrollo
c5aeec694,data/raw_petfinder/train_images/c5aeec694-1.jpg,valid,Terrier,,0.4842165724124642,1,Medio,OOF desarrollo
f231e1f78,data/raw_petfinder/train_images/f231e1f78-1.jpg,valid,Mixed Breed,,0.4801708541838946,1,Medio,OOF desarrollo
1ce065496,data/raw_petfinder/train_images/1ce065496-1.jpg,train,Shar Pei,Mixed Breed,0.5020441551322335,1,Medio,OOF desarrollo
8a3bb842e,data/raw_petfinder/train_images/8a3bb842e-1.jpg,train,Mixed Breed,,0.4873245026263798,1,Medio,OOF desarrollo
8009b7ac8,data/raw_petfinder/train_images/8009b7ac8-1.jpg,test,Mixed Breed,,0.4020048077167121,1,Bajo,Test fuera de muestra
fe2209833,data/raw_petfinder/train_images/fe2209833-1.jpg,train,Pekingese,,0.2291442340255938,0,Bajo,OOF desarrollo
4f412d0fc,data/raw_petfinder/train_images/4f412d0fc-1.jpg,train,Mixed Breed,,0.5632030831924109,1,Medio,OOF desarrollo
67ef0c9a6,data/raw_petfinder/train_images/67ef0c9a6-1.jpg,test,Shih Tzu,,0.3960191092023506,1,Bajo,Test fuera de muestra
6e642352c,data/raw_petfinder/train_images/6e642352c-1.jpg,valid,Mixed Breed,Mixed Breed,0.5370941431782842,1,Medio,OOF desarrollo
732a2ed35,data/raw_petfinder/train_images/732a2ed35-1.jpg,valid,Mixed Breed,,0.3510599143876386,0,Bajo,OOF desarrollo
dd9ee4a38,data/raw_petfinder/train_images/dd9ee4a38-1.jpg,train,Mixed Breed,,0.7307291930813653,1,Alto,OOF desarrollo
1539be087,data/raw_petfinder/train_images/1539be087-1.jpg,train,Border Collie,Norfolk Terrier,0.5518586175312957,1,Medio,OOF desarrollo
b12e22341,data/raw_petfinder/train_images/b12e22341-1.jpg,valid,Mixed Breed,,0.6506867715064397,1,Alto,OOF desarrollo
69b79d62d,data/raw_petfinder/train_images/69b79d62d-1.jpg,test,Mixed Breed,,0.4014171960978538,1,Bajo,Test fuera de muestra
b59e875ed,data/raw_petfinder/train_images/b59e875ed-1.jpg,train,Poodle,,0.356568702799147,0,Bajo,OOF desarrollo
a45142177,data/raw_petfinder/train_images/a45142177-1.jpg,train,Terrier,Doberman Pinscher,0.5479474270912817,1,Medio,OOF desarrollo
f45171393,data/raw_petfinder/train_images/f45171393-1.jpg,train,Mixed Breed,Mixed Breed,0.7686397606303282,1,Alto,OOF desarrollo
0e83fbe2a,data/raw_petfinder/train_images/0e83fbe2a-1.jpg,train,Mixed Breed,,0.5554791421115748,1,Medio,OOF desarrollo
ae14a91dc,data/raw_petfinder/train_images/ae14a91dc-1.jpg,valid,Mixed Breed,,0.4313946835212252,1,Bajo,OOF desarrollo
80bf7a371,data/raw_petfinder/train_images/80bf7a371-1.jpg,train,Mixed Breed,Mixed Breed,0.7860970987327935,1,Alto,OOF desarrollo
ef8ddd70b,data/raw_petfinder/train_images/ef8ddd70b-1.jpg,train,Mixed Breed,,0.6204241889407789,1,Alto,OOF desarrollo
859b2a95b,data/raw_petfinder/train_images/859b2a95b-1.jpg,valid,Mixed Breed,Mixed Breed,0.5350661510210521,1,Medio,OOF desarrollo
97dc40c6f,data/raw_petfinder/train_images/97dc40c6f-1.jpg,train,Labrador Retriever,Mixed Breed,0.3138745563675444,0,Bajo,OOF desarrollo
553164b93,data/raw_petfinder/train_images/553164b93-1.jpg,train,Mixed Breed,,0.3790588472060478,0,Bajo,OOF desarrollo
39ec77c60,data/raw_petfinder/train_images/39ec77c60-1.jpg,train,Pit Bull Terrier,Mixed Breed,0.6749618274356843,1,Alto,OOF desarrollo
7988bce47,data/raw_petfinder/train_images/7988bce47-1.jpg,test,Mixed Breed,,0.8362450393868498,1,Alto,Test fuera de muestra
cb295209a,data/raw_petfinder/train_images/cb295209a-1.jpg,train,Cocker Spaniel,Fox Terrier,0.4204569229499526,1,Bajo,OOF desarrollo
f03ea3fd5,data/raw_petfinder/train_images/f03ea3fd5-1.jpg,train,Mixed Breed,,0.6900431051607527,1,Alto,OOF desarrollo
36ea16468,data/raw_petfinder/train_images/36ea16468-1.jpg,valid,Mixed Breed,,0.5904354451377851,1,Medio,OOF desarrollo
eb77ec282,data/raw_petfinder/train_images/eb77ec282-1.jpg,train,Mixed Breed,Mixed Breed,0.45536095133442,1,Bajo,OOF desarrollo
e11e6cf89,data/raw_petfinder/train_images/e11e6cf89-1.jpg,valid,Mixed Breed,Spitz,0.5928728704148025,1,Medio,OOF desarrollo
b48d47214,data/raw_petfinder/train_images/b48d47214-1.jpg,test,Mixed Breed,,0.6871190117138136,1,Alto,Test fuera de muestra
1f983f20b,data/raw_petfinder/train_images/1f983f20b-1.jpg,train,Schnauzer,Poodle,0.4582091021664283,1,Bajo,OOF desarrollo
b3ff03304,data/raw_petfinder/train_images/b3ff03304-1.jpg,train,Labrador Retriever,Mixed Breed,0.5219531779872402,1,Medio,OOF desarrollo
3f7ef9681,data/raw_petfinder/train_images/3f7ef9681-1.jpg,test,Poodle,,0.3368581549213283,0,Bajo,Test fuera de muestra
466862270,data/raw_petfinder/train_images/466862270-1.jpg,train,Mixed Breed,Mixed Breed,0.5216602406236936,1,Medio,OOF desarrollo
e01638894,data/raw_petfinder/train_images/e01638894-1.jpg,train,Mixed Breed,,0.2867027841932433,0,Bajo,OOF desarrollo
de0f0272c,data/raw_petfinder/train_images/de0f0272c-1.jpg,test,Boxer,Labrador Retriever,0.3169966131025666,0,Bajo,Test fuera de muestra
d3a4afef1,data/raw_petfinder/train_images/d3a4afef1-1.jpg,train,Mixed Breed,,0.3138894897017952,0,Bajo,OOF desarrollo
1f2573b47,data/raw_petfinder/train_images/1f2573b47-1.jpg,test,Mixed Breed,,0.5758562221732251,1,Medio,Test fuera de muestra
5971c2462,data/raw_petfinder/train_images/5971c2462-1.jpg,train,Mixed Breed,,0.7931178393408567,1,Alto,OOF desarrollo
6120ace5c,data/raw_petfinder/train_images/6120ace5c-1.jpg,test,Mixed Breed,Terrier,0.4470906464510086,1,Bajo,Test fuera de muestra
40fbb932c,data/raw_petfinder/train_images/40fbb932c-1.jpg,train,Mixed Breed,Mixed Breed,0.7137049706363248,1,Alto,OOF desarrollo
f22aae8af,data/raw_petfinder/train_images/f22aae8af-1.jpg,train,Mixed Breed,,0.6668758350403645,1,Alto,OOF desarrollo
f08503742,data/raw_petfinder/train_images/f08503742-1.jpg,valid,Mixed Breed,,0.4236622176194812,1,Bajo,OOF desarrollo
09ca98f7b,data/raw_petfinder/train_images/09ca98f7b-1.jpg,train,Mixed Breed,,0.5310475329193828,1,Medio,OOF desarrollo
65a98c48f,data/raw_petfinder/train_images/65a98c48f-1.jpg,train,Mixed Breed,,0.6395139399703407,1,Alto,OOF desarrollo
93a9e05b1,data/raw_petfinder/train_images/93a9e05b1-1.jpg,train,Mixed Breed,Mixed Breed,0.7885993677371687,1,Alto,OOF desarrollo
d4c153877,data/raw_petfinder/train_images/d4c153877-1.jpg,train,Mixed Breed,,0.4233223112700498,1,Bajo,OOF desarrollo
0c1e8a6f2,data/raw_petfinder/train_images/0c1e8a6f2-1.jpg,test,Mixed Breed,,0.5870770890080586,1,Medio,Test fuera de muestra
99daba941,data/raw_petfinder/train_images/99daba941-1.jpg,test,Mixed Breed,,0.4764576664318235,1,Medio,Test fuera de muestra
7cd898f38,data/raw_petfinder/train_images/7cd898f38-1.jpg,train,Mixed Breed,Mixed Breed,0.6868180720731333,1,Alto,OOF desarrollo
3f4fff7b2,data/raw_petfinder/train_images/3f4fff7b2-1.jpg,train,Mixed Breed,Mixed Breed,0.5321958686471494,1,Medio,OOF desarrollo
01e5d357f,data/raw_petfinder/train_images/01e5d357f-1.jpg,valid,Mixed Breed,,0.2621322016952633,0,Bajo,OOF desarrollo
77a74852b,data/raw_petfinder/train_images/77a74852b-1.jpg,valid,Mixed Breed,,0.4339878756620267,1,Bajo,OOF desarrollo
0b051c8b3,data/raw_petfinder/train_images/0b051c8b3-1.jpg,train,Mixed Breed,Mixed Breed,0.6374392701804564,1,Alto,OOF desarrollo
3b2b69d20,data/raw_petfinder/train_images/3b2b69d20-1.jpg,valid,Rottweiler,Mixed Breed,0.5936410757775726,1,Medio,OOF desarrollo
ac3a5c473,data/raw_petfinder/train_images/ac3a5c473-1.jpg,test,German Shepherd Dog,,0.4372006946450668,1,Bajo,Test fuera de muestra
8cb325d19,data/raw_petfinder/train_images/8cb325d19-1.jpg,train,Mixed Breed,,0.7609939551858057,1,Alto,OOF desarrollo
bfab5f493,data/raw_petfinder/train_images/bfab5f493-1.jpg,train,Mixed Breed,,0.4312363056544462,1,Bajo,OOF desarrollo
f78698cc4,data/raw_petfinder/train_images/f78698cc4-1.jpg,train,Golden Retriever,,0.6049920052014973,1,Medio,OOF desarrollo
d5053eb47,data/raw_petfinder/train_images/d5053eb47-1.jpg,train,Mixed Breed,,0.3188539987202234,0,Bajo,OOF desarrollo
9b0744be7,data/raw_petfinder/train_images/9b0744be7-1.jpg,train,Chihuahua,,0.2895064240861388,0,Bajo,OOF desarrollo
412d6c47d,data/raw_petfinder/train_images/412d6c47d-1.jpg,train,Labrador Retriever,Mixed Breed,0.6637993581155262,1,Alto,OOF desarrollo
ec4849051,data/raw_petfinder/train_images/ec4849051-1.jpg,train,Mixed Breed,,0.825672676793018,1,Alto,OOF desarrollo
485772d7e,data/raw_petfinder/train_images/485772d7e-1.jpg,train,Mixed Breed,Mixed Breed,0.5141894967844738,1,Medio,OOF desarrollo
6b24d9186,data/raw_petfinder/train_images/6b24d9186-1.jpg,train,Mixed Breed,,0.6098398492235929,1,Alto,OOF desarrollo
37e47eeab,data/raw_petfinder/train_images/37e47eeab-1.jpg,train,Mixed Breed,,0.4680875305527657,1,Medio,OOF desarrollo
98ae607d8,data/raw_petfinder/train_images/98ae607d8-1.jpg,test,Mixed Breed,,0.3155437254686138,0,Bajo,Test fuera de muestra
221cc9a2b,data/raw_petfinder/train_images/221cc9a2b-1.jpg,train,Mixed Breed,,0.7476409110683584,1,Alto,OOF desarrollo
329814145,data/raw_petfinder/train_images/329814145-1.jpg,train,Mixed Breed,Mixed Breed,0.5441396418983319,1,Medio,OOF desarrollo
799aad68b,data/raw_petfinder/train_images/799aad68b-1.jpg,train,Mixed Breed,,0.2718824937073416,0,Bajo,OOF desarrollo
f796b0a30,data/raw_petfinder/train_images/f796b0a30-1.jpg,valid,Rottweiler,Mixed Breed,0.5658556688504333,1,Medio,OOF desarrollo
ec15875ea,data/raw_petfinder/train_images/ec15875ea-1.jpg,test,Pug,,0.5217846858668572,1,Medio,Test fuera de muestra
610246129,data/raw_petfinder/train_images/610246129-1.jpg,valid,Flat-coated Retriever,,0.6726290294864394,1,Alto,OOF desarrollo
bfdff0622,data/raw_petfinder/train_images/bfdff0622-1.jpg,test,Mixed Breed,,0.7604360068103044,1,Alto,Test fuera de muestra
5e8f72190,data/raw_petfinder/train_images/5e8f72190-1.jpg,valid,Mixed Breed,Mixed Breed,0.7797067415203837,1,Alto,OOF desarrollo
b1ae07ad5,data/raw_petfinder/train_images/b1ae07ad5-1.jpg,valid,Mixed Breed,,0.7533515520677749,1,Alto,OOF desarrollo
dfb0b0928,data/raw_petfinder/train_images/dfb0b0928-1.jpg,valid,Mixed Breed,,0.7954338574552842,1,Alto,OOF desarrollo
d3e488484,data/raw_petfinder/train_images/d3e488484-1.jpg,train,Mixed Breed,,0.6071568658140861,1,Alto,OOF desarrollo
a6fbe0f38,data/raw_petfinder/train_images/a6fbe0f38-1.jpg,valid,Mixed Breed,,0.3638570491670365,0,Bajo,OOF desarrollo
c9d24314b,data/raw_petfinder/train_images/c9d24314b-1.jpg,valid,Labrador Retriever,Mixed Breed,0.5297236374831441,1,Medio,OOF desarrollo
1fd056050,data/raw_petfinder/train_images/1fd056050-1.jpg,train,Mixed Breed,,0.7568141691730826,1,Alto,OOF desarrollo
38d23c02f,data/raw_petfinder/train_images/38d23c02f-1.jpg,train,Mixed Breed,,0.5271478595765557,1,Medio,OOF desarrollo
abd7a3201,data/raw_petfinder/train_images/abd7a3201-1.jpg,test,Mixed Breed,,0.7486019304023515,1,Alto,Test fuera de muestra
5944cef68,data/raw_petfinder/train_images/5944cef68-1.jpg,valid,Australian Terrier,,0.2952334319795023,0,Bajo,OOF desarrollo
b233246be,data/raw_petfinder/train_images/b233246be-1.jpg,train,Mixed Breed,,0.7300815223672146,1,Alto,OOF desarrollo
44db1cade,data/raw_petfinder/train_images/44db1cade-1.jpg,test,Mixed Breed,,0.3717705778125507,0,Bajo,Test fuera de muestra
f90762cef,data/raw_petfinder/train_images/f90762cef-1.jpg,train,Poodle,,0.452867790521483,1,Bajo,OOF desarrollo
6aa6cfaaa,data/raw_petfinder/train_images/6aa6cfaaa-1.jpg,train,Mixed Breed,Mixed Breed,0.6382652436832462,1,Alto,OOF desarrollo
4f9379256,data/raw_petfinder/train_images/4f9379256-1.jpg,train,Mixed Breed,,0.5675208051460149,1,Medio,OOF desarrollo
b43155295,data/raw_petfinder/train_images/b43155295-1.jpg,valid,Mixed Breed,,0.5170666863270432,1,Medio,OOF desarrollo
c9d955ac9,data/raw_petfinder/train_images/c9d955ac9-1.jpg,train,Mixed Breed,Mixed Breed,0.7222119391027524,1,Alto,OOF desarrollo
dc4e92b83,data/raw_petfinder/train_images/dc4e92b83-1.jpg,train,Mixed Breed,,0.7029895199706994,1,Alto,OOF desarrollo
8e5356302,data/raw_petfinder/train_images/8e5356302-1.jpg,train,Mixed Breed,,0.6429777200147303,1,Alto,OOF desarrollo
ae3ef6983,data/raw_petfinder/train_images/ae3ef6983-1.jpg,test,Mixed Breed,Mixed Breed,0.7533562735271804,1,Alto,Test fuera de muestra
143a52d8b,data/raw_petfinder/train_images/143a52d8b-1.jpg,train,Mixed Breed,,0.3934874317616731,1,Bajo,OOF desarrollo
eda2151fa,data/raw_petfinder/train_images/eda2151fa-1.jpg,train,Terrier,Mixed Breed,0.597923460156019,1,Medio,OOF desarrollo
9d3c3c390,data/raw_petfinder/train_images/9d3c3c390-1.jpg,test,Mixed Breed,Mixed Breed,0.5640090778472815,1,Medio,Test fuera de muestra
8a97062f5,data/raw_petfinder/train_images/8a97062f5-1.jpg,train,Mixed Breed,,0.492354092826206,1,Medio,OOF desarrollo
5a3e60ced,data/raw_petfinder/train_images/5a3e60ced-1.jpg,train,Mixed Breed,,0.5919525319198204,1,Medio,OOF desarrollo
679d0c196,data/raw_petfinder/train_images/679d0c196-1.jpg,valid,Mixed Breed,,0.6683445963200493,1,Alto,OOF desarrollo
8632f7132,data/raw_petfinder/train_images/8632f7132-1.jpg,train,Mixed Breed,,0.722132732619563,1,Alto,OOF desarrollo
c7338db23,data/raw_petfinder/train_images/c7338db23-1.jpg,test,Mixed Breed,Belgian Shepherd Dog Sheepdog,0.3559055409167914,0,Bajo,Test fuera de muestra
1a849a445,data/raw_petfinder/train_images/1a849a445-1.jpg,test,Mixed Breed,,0.371466180601847,0,Bajo,Test fuera de muestra
cbb64ed77,data/raw_petfinder/train_images/cbb64ed77-1.jpg,test,Mixed Breed,Mixed Breed,0.6709852501247275,1,Alto,Test fuera de muestra
356d9395d,data/raw_petfinder/train_images/356d9395d-1.jpg,valid,Yellow Labrador Retriever,Mixed Breed,0.645145478732587,1,Alto,OOF desarrollo
9fae764f0,data/raw_petfinder/train_images/9fae764f0-1.jpg,train,Siberian Husky,,0.338689094483727,0,Bajo,OOF desarrollo
c1f4af354,data/raw_petfinder/train_images/c1f4af354-1.jpg,test,Mixed Breed,Mixed Breed,0.2358784726114642,0,Bajo,Test fuera de muestra
8cf93cab0,data/raw_petfinder/train_images/8cf93cab0-1.jpg,train,Mixed Breed,,0.4747129835681612,1,Medio,OOF desarrollo
a63f6c6a1,data/raw_petfinder/train_images/a63f6c6a1-1.jpg,train,Mixed Breed,,0.6631137750791323,1,Alto,OOF desarrollo
a04c35bc6,data/raw_petfinder/train_images/a04c35bc6-1.jpg,train,Poodle,,0.3479460865650233,0,Bajo,OOF desarrollo
0b3b23c20,data/raw_petfinder/train_images/0b3b23c20-1.jpg,train,Mixed Breed,,0.7179891610605265,1,Alto,OOF desarrollo
f2bb56f7a,data/raw_petfinder/train_images/f2bb56f7a-1.jpg,train,Mixed Breed,,0.5812418373460471,1,Medio,OOF desarrollo
d6259561f,data/raw_petfinder/train_images/d6259561f-1.jpg,train,Mixed Breed,,0.3979656713874031,1,Bajo,OOF desarrollo
7cbe52a0f,data/raw_petfinder/train_images/7cbe52a0f-1.jpg,train,Mixed Breed,,0.6879681200180499,1,Alto,OOF desarrollo
f073c005e,data/raw_petfinder/train_images/f073c005e-1.jpg,train,Siberian Husky,,0.5159178089233629,1,Medio,OOF desarrollo
0a0e8c15b,data/raw_petfinder/train_images/0a0e8c15b-1.jpg,train,Mixed Breed,Dalmatian,0.4749903812645946,1,Medio,OOF desarrollo
2edd45e56,data/raw_petfinder/train_images/2edd45e56-1.jpg,valid,Mixed Breed,Terrier,0.4199796331108912,1,Bajo,OOF desarrollo
2d8db1c19,data/raw_petfinder/train_images/2d8db1c19-1.jpg,train,Mixed Breed,,0.6885762479891862,1,Alto,OOF desarrollo
24c1d5a33,data/raw_petfinder/train_images/24c1d5a33-1.jpg,valid,Rottweiler,Mixed Breed,0.4320826747797496,1,Bajo,OOF desarrollo
6c62c854f,data/raw_petfinder/train_images/6c62c854f-1.jpg,train,Mixed Breed,,0.7724357503346033,1,Alto,OOF desarrollo
079f5f1e4,data/raw_petfinder/train_images/079f5f1e4-1.jpg,train,Mixed Breed,,0.3523973618317344,0,Bajo,OOF desarrollo
78332e36f,data/raw_petfinder/train_images/78332e36f-1.jpg,test,Mixed Breed,Mixed Breed,0.5553750508806934,1,Medio,Test fuera de muestra
a3eb4fe4d,data/raw_petfinder/train_images/a3eb4fe4d-1.jpg,valid,German Shepherd Dog,Mixed Breed,0.4910106886522918,1,Medio,OOF desarrollo
87615b2c6,data/raw_petfinder/train_images/87615b2c6-1.jpg,test,Mixed Breed,Mixed Breed,0.6477410851219659,1,Alto,Test fuera de muestra
8ef4b6cf3,data/raw_petfinder/train_images/8ef4b6cf3-1.jpg,test,Poodle,,0.3803940271648094,0,Bajo,Test fuera de muestra
78cb569c6,data/raw_petfinder/train_images/78cb569c6-1.jpg,valid,Mixed Breed,,0.7978577973932226,1,Alto,OOF desarrollo
5cd76da7d,data/raw_petfinder/train_images/5cd76da7d-1.jpg,train,Mixed Breed,Mixed Breed,0.4593508170845735,1,Medio,OOF desarrollo
ad6cfec5c,data/raw_petfinder/train_images/ad6cfec5c-1.jpg,valid,Mixed Breed,,0.4372113434421769,1,Bajo,OOF desarrollo
db6082ae6,data/raw_petfinder/train_images/db6082ae6-1.jpg,valid,Mixed Breed,,0.7036101524815901,1,Alto,OOF desarrollo
94610095f,data/raw_petfinder/train_images/94610095f-1.jpg,train,German Shepherd Dog,,0.5949678557475275,1,Medio,OOF desarrollo
a2c44e0b3,data/raw_petfinder/train_images/a2c44e0b3-1.jpg,test,Mixed Breed,,0.6902005539656028,1,Alto,Test fuera de muestra
e32f5a36f,data/raw_petfinder/train_images/e32f5a36f-1.jpg,test,Mixed Breed,,0.7191427500910375,1,Alto,Test fuera de muestra
2e74deb7b,data/raw_petfinder/train_images/2e74deb7b-1.jpg,valid,Mixed Breed,Jack Russell Terrier,0.6110771265387371,1,Alto,OOF desarrollo
bc0a5524c,data/raw_petfinder/train_images/bc0a5524c-1.jpg,train,Mixed Breed,,0.6815936184936227,1,Alto,OOF desarrollo
5163abb6e,data/raw_petfinder/train_images/5163abb6e-1.jpg,valid,Mixed Breed,,0.4701248538195584,1,Medio,OOF desarrollo
164462023,data/raw_petfinder/train_images/164462023-1.jpg,train,Mixed Breed,,0.7797964024227986,1,Alto,OOF desarrollo
e2a9dd71a,data/raw_petfinder/train_images/e2a9dd71a-1.jpg,train,Mixed Breed,,0.6958533997723326,1,Alto,OOF desarrollo
f252006a7,data/raw_petfinder/train_images/f252006a7-1.jpg,train,German Shepherd Dog,Rottweiler,0.2878098520033101,0,Bajo,OOF desarrollo
59a3ee7ff,data/raw_petfinder/train_images/59a3ee7ff-1.jpg,train,Mixed Breed,,0.5313633971078734,1,Medio,OOF desarrollo
77d4eba90,data/raw_petfinder/train_images/77d4eba90-1.jpg,train,Doberman Pinscher,,0.5897621174483937,1,Medio,OOF desarrollo
e6b28fc29,data/raw_petfinder/train_images/e6b28fc29-1.jpg,train,Mixed Breed,Mixed Breed,0.4701350958119483,1,Medio,OOF desarrollo
b271a8246,data/raw_petfinder/train_images/b271a8246-1.jpg,train,Mixed Breed,,0.7092137445216209,1,Alto,OOF desarrollo
efb7343fa,data/raw_petfinder/train_images/efb7343fa-1.jpg,train,Mixed Breed,,0.4276873481427962,1,Bajo,OOF desarrollo
fce9a96ce,data/raw_petfinder/train_images/fce9a96ce-1.jpg,train,Mixed Breed,Mixed Breed,0.4506005853370202,1,Bajo,OOF desarrollo
3f53ec8cd,data/raw_petfinder/train_images/3f53ec8cd-1.jpg,train,Mixed Breed,,0.6386274802539855,1,Alto,OOF desarrollo
2c7a8ea18,data/raw_petfinder/train_images/2c7a8ea18-1.jpg,train,Mixed Breed,,0.3442286198960421,0,Bajo,OOF desarrollo
9801a0f9c,data/raw_petfinder/train_images/9801a0f9c-1.jpg,train,Mixed Breed,,0.2875374326053932,0,Bajo,OOF desarrollo
8a420e638,data/raw_petfinder/train_images/8a420e638-1.jpg,train,Mixed Breed,Mixed Breed,0.6814306487343986,1,Alto,OOF desarrollo
48d1e6446,data/raw_petfinder/train_images/48d1e6446-1.jpg,valid,Mixed Breed,,0.456348148046611,1,Bajo,OOF desarrollo
6735cc397,data/raw_petfinder/train_images/6735cc397-1.jpg,test,Mixed Breed,Mixed Breed,0.4292739391043421,1,Bajo,Test fuera de muestra
56b63bfb3,data/raw_petfinder/train_images/56b63bfb3-1.jpg,train,Mixed Breed,,0.7049376784805161,1,Alto,OOF desarrollo
a75703051,data/raw_petfinder/train_images/a75703051-1.jpg,train,Labrador Retriever,Mixed Breed,0.5870011571140692,1,Medio,OOF desarrollo
7b81592b9,data/raw_petfinder/train_images/7b81592b9-1.jpg,test,Hound,,0.4112296147675816,1,Bajo,Test fuera de muestra
6784b2fcd,data/raw_petfinder/train_images/6784b2fcd-1.jpg,test,Mixed Breed,,0.6925199542632235,1,Alto,Test fuera de muestra
18da94e9d,data/raw_petfinder/train_images/18da94e9d-1.jpg,train,Mixed Breed,,0.3929914439378601,1,Bajo,OOF desarrollo
8fcdf3368,data/raw_petfinder/train_images/8fcdf3368-1.jpg,train,Mixed Breed,Mixed Breed,0.5502885296297233,1,Medio,OOF desarrollo
6d1d7bcd8,data/raw_petfinder/train_images/6d1d7bcd8-1.jpg,train,Mixed Breed,,0.4281326374904294,1,Bajo,OOF desarrollo
edba94b45,data/raw_petfinder/train_images/edba94b45-1.jpg,test,Spitz,Mixed Breed,0.5920487874200796,1,Medio,Test fuera de muestra
f6e56c908,data/raw_petfinder/train_images/f6e56c908-1.jpg,test,Mixed Breed,,0.504428938243339,1,Medio,Test fuera de muestra
167233db2,data/raw_petfinder/train_images/167233db2-1.jpg,test,Mixed Breed,Mixed Breed,0.4335511335347887,1,Bajo,Test fuera de muestra
622f08247,data/raw_petfinder/train_images/622f08247-1.jpg,valid,German Shepherd Dog,,0.4361596032760318,1,Bajo,OOF desarrollo
90204109f,data/raw_petfinder/train_images/90204109f-1.jpg,train,Miniature Pinscher,Mixed Breed,0.5766045680218339,1,Medio,OOF desarrollo
3e463e29e,data/raw_petfinder/train_images/3e463e29e-1.jpg,train,Mixed Breed,Mixed Breed,0.6169362300622026,1,Alto,OOF desarrollo
b1f1a42bf,data/raw_petfinder/train_images/b1f1a42bf-1.jpg,train,Golden Retriever,Mixed Breed,0.7574304922309767,1,Alto,OOF desarrollo
f69176873,data/raw_petfinder/train_images/f69176873-1.jpg,train,Labrador Retriever,,0.6185181894965205,1,Alto,OOF desarrollo
82e86dcbb,data/raw_petfinder/train_images/82e86dcbb-1.jpg,train,Mixed Breed,,0.3502890676557386,0,Bajo,OOF desarrollo
0dbb0a012,data/raw_petfinder/train_images/0dbb0a012-1.jpg,train,Mixed Breed,,0.5364892462468682,1,Medio,OOF desarrollo
f2aac285e,data/raw_petfinder/train_images/f2aac285e-1.jpg,train,Mixed Breed,,0.6791743110714766,1,Alto,OOF desarrollo
af76ac5bf,data/raw_petfinder/train_images/af76ac5bf-1.jpg,train,Mixed Breed,,0.6206985175360482,1,Alto,OOF desarrollo
8b1b5fcfc,data/raw_petfinder/train_images/8b1b5fcfc-1.jpg,test,Mixed Breed,Spitz,0.2910209062706351,0,Bajo,Test fuera de muestra
843f45598,data/raw_petfinder/train_images/843f45598-1.jpg,train,Pomeranian,Mixed Breed,0.6693646204329937,1,Alto,OOF desarrollo
3890935ed,data/raw_petfinder/train_images/3890935ed-1.jpg,train,Mixed Breed,Mixed Breed,0.4515917453055709,1,Bajo,OOF desarrollo
99e9a454d,data/raw_petfinder/train_images/99e9a454d-1.jpg,valid,Border Collie,,0.4633627015661256,1,Medio,OOF desarrollo
9d1012529,data/raw_petfinder/train_images/9d1012529-1.jpg,train,Poodle,,0.2730935563751667,0,Bajo,OOF desarrollo
725ee6572,data/raw_petfinder/train_images/725ee6572-1.jpg,valid,Mixed Breed,,0.5149493478395687,1,Medio,OOF desarrollo
3d0a4c45a,data/raw_petfinder/train_images/3d0a4c45a-1.jpg,train,Mixed Breed,,0.4018127386728675,1,Bajo,OOF desarrollo
8f6a4a76a,data/raw_petfinder/train_images/8f6a4a76a-1.jpg,train,Mixed Breed,,0.6522633909558669,1,Alto,OOF desarrollo
b3543dda3,data/raw_petfinder/train_images/b3543dda3-1.jpg,valid,Mixed Breed,,0.3517126207620113,0,Bajo,OOF desarrollo
7c17de5f6,data/raw_petfinder/train_images/7c17de5f6-1.jpg,train,Doberman Pinscher,Mixed Breed,0.63000232355961,1,Alto,OOF desarrollo
92ee6241d,data/raw_petfinder/train_images/92ee6241d-1.jpg,train,Mixed Breed,,0.6038976029404629,1,Medio,OOF desarrollo
70aeba909,data/raw_petfinder/train_images/70aeba909-1.jpg,train,Labrador Retriever,Mixed Breed,0.6569559342447393,1,Alto,OOF desarrollo
822193428,data/raw_petfinder/train_images/822193428-1.jpg,test,Terrier,Mixed Breed,0.5214186314756528,1,Medio,Test fuera de muestra
e052a2a39,data/raw_petfinder/train_images/e052a2a39-1.jpg,test,Mixed Breed,,0.5522457260556215,1,Medio,Test fuera de muestra
77d395a82,data/raw_petfinder/train_images/77d395a82-1.jpg,train,Mixed Breed,,0.8069421656490594,1,Alto,OOF desarrollo
68a603bc3,data/raw_petfinder/train_images/68a603bc3-1.jpg,train,Mixed Breed,,0.3889444617461081,0,Bajo,OOF desarrollo
bdf00be34,data/raw_petfinder/train_images/bdf00be34-1.jpg,train,Mixed Breed,Doberman Pinscher,0.425202595843563,1,Bajo,OOF desarrollo
79799da25,data/raw_petfinder/train_images/79799da25-1.jpg,train,Mixed Breed,Mixed Breed,0.7476780531232092,1,Alto,OOF desarrollo
7d7eef3d3,data/raw_petfinder/train_images/7d7eef3d3-1.jpg,test,Mixed Breed,,0.5178289268265521,1,Medio,Test fuera de muestra
649930cc8,data/raw_petfinder/train_images/649930cc8-1.jpg,train,Dachshund,,0.5556345284292215,1,Medio,OOF desarrollo
fcfae453e,data/raw_petfinder/train_images/fcfae453e-1.jpg,train,Mixed Breed,Shar Pei,0.7567491226370834,1,Alto,OOF desarrollo
05e3bc1ae,data/raw_petfinder/train_images/05e3bc1ae-1.jpg,train,Mixed Breed,,0.7336438576735633,1,Alto,OOF desarrollo
b64e30a78,data/raw_petfinder/train_images/b64e30a78-1.jpg,train,Mixed Breed,,0.6715590037412136,1,Alto,OOF desarrollo
01f4746ef,data/raw_petfinder/train_images/01f4746ef-1.jpg,train,Silky Terrier,,0.3115056803438304,0,Bajo,OOF desarrollo
254dd6ba7,data/raw_petfinder/train_images/254dd6ba7-1.jpg,test,Mixed Breed,,0.3804544611940695,0,Bajo,Test fuera de muestra
f9a962ccc,data/raw_petfinder/train_images/f9a962ccc-1.jpg,test,Mixed Breed,,0.7776873936181714,1,Alto,Test fuera de muestra
fd6dd3835,data/raw_petfinder/train_images/fd6dd3835-1.jpg,train,Border Collie,,0.3185728196126874,0,Bajo,OOF desarrollo
f522ad8d4,data/raw_petfinder/train_images/f522ad8d4-1.jpg,valid,Mixed Breed,,0.5518809077972764,1,Medio,OOF desarrollo
804e56f9b,data/raw_petfinder/train_images/804e56f9b-1.jpg,test,Maltese,Poodle,0.5420299145134739,1,Medio,Test fuera de muestra
72b0d2b06,data/raw_petfinder/train_images/72b0d2b06-1.jpg,train,Mixed Breed,,0.4184013652657868,1,Bajo,OOF desarrollo
b48460ef7,data/raw_petfinder/train_images/b48460ef7-1.jpg,train,Mixed Breed,,0.5273972582963142,1,Medio,OOF desarrollo
bfed6fcaa,data/raw_petfinder/train_images/bfed6fcaa-1.jpg,train,Shih Tzu,Mixed Breed,0.4533407309069264,1,Bajo,OOF desarrollo
04e966b1c,data/raw_petfinder/train_images/04e966b1c-1.jpg,train,Poodle,,0.4145525062504616,1,Bajo,OOF desarrollo
da7680082,data/raw_petfinder/train_images/da7680082-1.jpg,train,Mixed Breed,,0.5272429370377292,1,Medio,OOF desarrollo
24488c53a,data/raw_petfinder/train_images/24488c53a-1.jpg,test,Schnauzer,,0.2847667532565733,0,Bajo,Test fuera de muestra
6a34d34ab,data/raw_petfinder/train_images/6a34d34ab-1.jpg,train,Schnauzer,,0.5987479530091347,1,Medio,OOF desarrollo
b5b84493d,data/raw_petfinder/train_images/b5b84493d-1.jpg,test,Poodle,,0.3453604362918388,0,Bajo,Test fuera de muestra
9296eb09d,data/raw_petfinder/train_images/9296eb09d-1.jpg,valid,Mixed Breed,,0.3646493985634418,0,Bajo,OOF desarrollo
5e6de643b,data/raw_petfinder/train_images/5e6de643b-1.jpg,train,Mixed Breed,,0.4578195596819908,1,Bajo,OOF desarrollo
1acab1703,data/raw_petfinder/train_images/1acab1703-1.jpg,train,Rottweiler,,0.4880571756391263,1,Medio,OOF desarrollo
e0efe2c72,data/raw_petfinder/train_images/e0efe2c72-1.jpg,train,Mixed Breed,,0.5681839502957896,1,Medio,OOF desarrollo
e13488562,data/raw_petfinder/train_images/e13488562-1.jpg,train,Siberian Husky,Mixed Breed,0.3158331411537575,0,Bajo,OOF desarrollo
fb278c21e,data/raw_petfinder/train_images/fb278c21e-1.jpg,train,Mixed Breed,,0.7929457208410656,1,Alto,OOF desarrollo
962c84aa9,data/raw_petfinder/train_images/962c84aa9-1.jpg,train,Irish Wolfhound,Border Collie,0.6298569847055895,1,Alto,OOF desarrollo
18a87116d,data/raw_petfinder/train_images/18a87116d-1.jpg,train,Mixed Breed,,0.5978286633957075,1,Medio,OOF desarrollo
f38727a35,data/raw_petfinder/train_images/f38727a35-1.jpg,train,Weimaraner,,0.3937588481853433,1,Bajo,OOF desarrollo
26fb642bb,data/raw_petfinder/train_images/26fb642bb-1.jpg,train,Mixed Breed,,0.4658769290501082,1,Medio,OOF desarrollo
8a01ffaa7,data/raw_petfinder/train_images/8a01ffaa7-1.jpg,test,Mixed Breed,,0.6382022438092736,1,Alto,Test fuera de muestra
9493ee8ee,data/raw_petfinder/train_images/9493ee8ee-1.jpg,train,Poodle,Pekingese,0.4145695894059553,1,Bajo,OOF desarrollo
2099c09a0,data/raw_petfinder/train_images/2099c09a0-1.jpg,valid,Mixed Breed,German Shepherd Dog,0.6687596720464533,1,Alto,OOF desarrollo
7d3dd49c5,data/raw_petfinder/train_images/7d3dd49c5-1.jpg,train,Mixed Breed,,0.6677003160547366,1,Alto,OOF desarrollo
85ff0f493,data/raw_petfinder/train_images/85ff0f493-1.jpg,train,Mixed Breed,Bull Terrier,0.3660912610903025,0,Bajo,OOF desarrollo
7a7153881,data/raw_petfinder/train_images/7a7153881-1.jpg,train,Mixed Breed,Mixed Breed,0.434204604940663,1,Bajo,OOF desarrollo
e65375c05,data/raw_petfinder/train_images/e65375c05-1.jpg,train,Mixed Breed,Spitz,0.5499048315330536,1,Medio,OOF desarrollo
cfd4c95d9,data/raw_petfinder/train_images/cfd4c95d9-1.jpg,train,Doberman Pinscher,,0.7080352788068724,1,Alto,OOF desarrollo
c8c3eb092,data/raw_petfinder/train_images/c8c3eb092-1.jpg,train,Mixed Breed,,0.317395644725578,0,Bajo,OOF desarrollo
1d6149d17,data/raw_petfinder/train_images/1d6149d17-1.jpg,train,Mixed Breed,Mixed Breed,0.7084184301685726,1,Alto,OOF desarrollo
07ae95ddc,data/raw_petfinder/train_images/07ae95ddc-1.jpg,train,Doberman Pinscher,Mixed Breed,0.5176162162492642,1,Medio,OOF desarrollo
382d948b1,data/raw_petfinder/train_images/382d948b1-1.jpg,train,Hound,Mixed Breed,0.6400612533392187,1,Alto,OOF desarrollo
326b17344,data/raw_petfinder/train_images/326b17344-1.jpg,train,Mixed Breed,,0.728401865549959,1,Alto,OOF desarrollo
067f49481,data/raw_petfinder/train_images/067f49481-1.jpg,train,Terrier,Mixed Breed,0.4967232752826983,1,Medio,OOF desarrollo
6c803e00e,data/raw_petfinder/train_images/6c803e00e-1.jpg,valid,Beagle,Golden Retriever,0.6840430140861418,1,Alto,OOF desarrollo
1eb9e42bd,data/raw_petfinder/train_images/1eb9e42bd-1.jpg,train,Mixed Breed,,0.7283916281167034,1,Alto,OOF desarrollo
af843bbce,data/raw_petfinder/train_images/af843bbce-1.jpg,valid,Mixed Breed,Doberman Pinscher,0.724428522015014,1,Alto,OOF desarrollo
cff9a1fec,data/raw_petfinder/train_images/cff9a1fec-1.jpg,train,Mixed Breed,,0.4106539603864835,1,Bajo,OOF desarrollo
259dc7e9a,data/raw_petfinder/train_images/259dc7e9a-1.jpg,valid,Mixed Breed,,0.4160381918113143,1,Bajo,OOF desarrollo
eda8eecc6,data/raw_petfinder/train_images/eda8eecc6-1.jpg,valid,Mixed Breed,Mixed Breed,0.7573576766711079,1,Alto,OOF desarrollo
f84b22dae,data/raw_petfinder/train_images/f84b22dae-1.jpg,train,Mixed Breed,,0.6467826782817236,1,Alto,OOF desarrollo
bbfc5274f,data/raw_petfinder/train_images/bbfc5274f-1.jpg,train,Mixed Breed,Mixed Breed,0.4078022812186322,1,Bajo,OOF desarrollo
cb474120b,data/raw_petfinder/train_images/cb474120b-1.jpg,test,Mixed Breed,,0.7037550924420035,1,Alto,Test fuera de muestra
d2d48985e,data/raw_petfinder/train_images/d2d48985e-1.jpg,valid,Mixed Breed,,0.4589575916153855,1,Medio,OOF desarrollo
22987c7fb,data/raw_petfinder/train_images/22987c7fb-1.jpg,train,Mixed Breed,,0.4988998796679883,1,Medio,OOF desarrollo
18810b958,data/raw_petfinder/train_images/18810b958-1.jpg,train,Mixed Breed,Mixed Breed,0.6746262296665714,1,Alto,OOF desarrollo
3daede547,data/raw_petfinder/train_images/3daede547-1.jpg,valid,Shih Tzu,,0.420966023689588,1,Bajo,OOF desarrollo
b210e38f0,data/raw_petfinder/train_images/b210e38f0-1.jpg,test,Mixed Breed,,0.3102932664716207,0,Bajo,Test fuera de muestra
fd123a15d,data/raw_petfinder/train_images/fd123a15d-1.jpg,train,Mixed Breed,Silky Terrier,0.6819991803593393,1,Alto,OOF desarrollo
f3c42e04b,data/raw_petfinder/train_images/f3c42e04b-1.jpg,train,Mixed Breed,,0.7211743718226586,1,Alto,OOF desarrollo
4f7fc967a,data/raw_petfinder/train_images/4f7fc967a-1.jpg,valid,Mixed Breed,,0.703857444468162,1,Alto,OOF desarrollo
69a1bfaa9,data/raw_petfinder/train_images/69a1bfaa9-1.jpg,train,Mixed Breed,,0.560860756806703,1,Medio,OOF desarrollo
5cc846427,data/raw_petfinder/train_images/5cc846427-1.jpg,train,Mixed Breed,,0.6346511465047743,1,Alto,OOF desarrollo
6a7027972,data/raw_petfinder/train_images/6a7027972-1.jpg,test,Mixed Breed,,0.3627525192798423,0,Bajo,Test fuera de muestra
a381e49c9,data/raw_petfinder/train_images/a381e49c9-1.jpg,train,Mixed Breed,Mixed Breed,0.6891456687631319,1,Alto,OOF desarrollo
6c8487ccb,data/raw_petfinder/train_images/6c8487ccb-1.jpg,train,Mixed Breed,Mixed Breed,0.6043778204252559,1,Medio,OOF desarrollo
ef9196721,data/raw_petfinder/train_images/ef9196721-1.jpg,train,Mixed Breed,,0.7327884284885566,1,Alto,OOF desarrollo
d0d2a12a2,data/raw_petfinder/train_images/d0d2a12a2-1.jpg,valid,Mixed Breed,,0.4567146521328392,1,Bajo,OOF desarrollo
44930f85a,data/raw_petfinder/train_images/44930f85a-1.jpg,train,Mixed Breed,,0.4564779400881631,1,Bajo,OOF desarrollo
d30068375,data/raw_petfinder/train_images/d30068375-1.jpg,test,Miniature Pinscher,,0.4633720447266398,1,Medio,Test fuera de muestra
c7b3c09d4,data/raw_petfinder/train_images/c7b3c09d4-1.jpg,train,Mixed Breed,,0.4148619618593151,1,Bajo,OOF desarrollo
de6c0126b,data/raw_petfinder/train_images/de6c0126b-1.jpg,train,Mixed Breed,,0.5379579491693971,1,Medio,OOF desarrollo
2b6e5343e,data/raw_petfinder/train_images/2b6e5343e-1.jpg,train,Chihuahua,,0.5491685026688101,1,Medio,OOF desarrollo
eb8adeef1,data/raw_petfinder/train_images/eb8adeef1-1.jpg,train,Mixed Breed,,0.6715310963333434,1,Alto,OOF desarrollo
bb170fd98,data/raw_petfinder/train_images/bb170fd98-1.jpg,train,Mixed Breed,,0.619904960683315,1,Alto,OOF desarrollo
4d1a986bb,data/raw_petfinder/train_images/4d1a986bb-1.jpg,train,Mixed Breed,,0.444636228006406,1,Bajo,OOF desarrollo
38fd4509d,data/raw_petfinder/train_images/38fd4509d-1.jpg,train,Mixed Breed,,0.4452856092479106,1,Bajo,OOF desarrollo
2f3677597,data/raw_petfinder/train_images/2f3677597-1.jpg,valid,Mixed Breed,,0.7966462297391373,1,Alto,OOF desarrollo
0a140a67e,data/raw_petfinder/train_images/0a140a67e-1.jpg,train,Mixed Breed,,0.5386433500171381,1,Medio,OOF desarrollo
dc8359e75,data/raw_petfinder/train_images/dc8359e75-1.jpg,test,Mixed Breed,,0.7315567028484997,1,Alto,Test fuera de muestra
844dfd2b4,data/raw_petfinder/train_images/844dfd2b4-1.jpg,train,Mixed Breed,,0.6953466299652695,1,Alto,OOF desarrollo
4f279d30c,data/raw_petfinder/train_images/4f279d30c-1.jpg,train,Mixed Breed,,0.4216052143028981,1,Bajo,OOF desarrollo
9467b9867,data/raw_petfinder/train_images/9467b9867-1.jpg,test,Mixed Breed,Basenji,0.7707631249957468,1,Alto,Test fuera de muestra
ae219ff80,data/raw_petfinder/train_images/ae219ff80-1.jpg,train,Mixed Breed,Mixed Breed,0.305158482166742,0,Bajo,OOF desarrollo
75e343c91,data/raw_petfinder/train_images/75e343c91-1.jpg,train,Golden Retriever,Mixed Breed,0.7704297700417719,1,Alto,OOF desarrollo
bc5dade47,data/raw_petfinder/train_images/bc5dade47-1.jpg,train,Mixed Breed,,0.6458832708805288,1,Alto,OOF desarrollo
fbba51f97,data/raw_petfinder/train_images/fbba51f97-1.jpg,valid,Mixed Breed,,0.4856896690712982,1,Medio,OOF desarrollo
0a84451ae,data/raw_petfinder/train_images/0a84451ae-1.jpg,train,Mixed Breed,,0.3173189551180923,0,Bajo,OOF desarrollo
9981e5f29,data/raw_petfinder/train_images/9981e5f29-1.jpg,test,Shih Tzu,,0.6886326367486713,1,Alto,Test fuera de muestra
7a2cadc09,data/raw_petfinder/train_images/7a2cadc09-1.jpg,valid,Mixed Breed,,0.5429624123477114,1,Medio,OOF desarrollo
3813bc7c5,data/raw_petfinder/train_images/3813bc7c5-1.jpg,train,Mixed Breed,,0.8341106384780277,1,Alto,OOF desarrollo
992d82305,data/raw_petfinder/train_images/992d82305-1.jpg,test,Mixed Breed,,0.6208879520979025,1,Alto,Test fuera de muestra
4f23f9105,data/raw_petfinder/train_images/4f23f9105-1.jpg,train,Golden Retriever,,0.2532178545105891,0,Bajo,OOF desarrollo
c89e5d2b1,data/raw_petfinder/train_images/c89e5d2b1-1.jpg,train,Mixed Breed,,0.7470187714725334,1,Alto,OOF desarrollo
a97467fb6,data/raw_petfinder/train_images/a97467fb6-1.jpg,train,Mixed Breed,,0.552307199686316,1,Medio,OOF desarrollo
61b6e170c,data/raw_petfinder/train_images/61b6e170c-1.jpg,train,Beagle,,0.4586358045223907,1,Medio,OOF desarrollo
37865f566,data/raw_petfinder/train_images/37865f566-1.jpg,test,Mixed Breed,,0.8010839141939575,1,Alto,Test fuera de muestra
5fc91ab6b,data/raw_petfinder/train_images/5fc91ab6b-1.jpg,train,German Shepherd Dog,Mixed Breed,0.5565071290603861,1,Medio,OOF desarrollo
3681bfdb9,data/raw_petfinder/train_images/3681bfdb9-1.jpg,train,Retriever,Retriever,0.2887770138559388,0,Bajo,OOF desarrollo
8dd28c706,data/raw_petfinder/train_images/8dd28c706-1.jpg,train,Mixed Breed,,0.34828015488812,0,Bajo,OOF desarrollo
1be1868fd,data/raw_petfinder/train_images/1be1868fd-1.jpg,train,Mixed Breed,,0.4998358913147763,1,Medio,OOF desarrollo
ecd83e25d,data/raw_petfinder/train_images/ecd83e25d-1.jpg,valid,Mixed Breed,,0.628352355265407,1,Alto,OOF desarrollo
dd201c041,data/raw_petfinder/train_images/dd201c041-1.jpg,train,Mixed Breed,German Shepherd Dog,0.4019365481346404,1,Bajo,OOF desarrollo
0157cf3a4,data/raw_petfinder/train_images/0157cf3a4-1.jpg,train,Mixed Breed,,0.629633823930307,1,Alto,OOF desarrollo
132346d7e,data/raw_petfinder/train_images/132346d7e-1.jpg,valid,Mixed Breed,Mixed Breed,0.7220338903737687,1,Alto,OOF desarrollo
afe326f34,data/raw_petfinder/train_images/afe326f34-1.jpg,train,Poodle,Shih Tzu,0.4521995992952968,1,Bajo,OOF desarrollo
201aad926,data/raw_petfinder/train_images/201aad926-1.jpg,valid,Mixed Breed,,0.3684870392106272,0,Bajo,OOF desarrollo
33a6694b0,data/raw_petfinder/train_images/33a6694b0-1.jpg,valid,Mixed Breed,,0.7524726901157457,1,Alto,OOF desarrollo
7196383a7,data/raw_petfinder/train_images/7196383a7-1.jpg,valid,Mixed Breed,,0.5245496308014572,1,Medio,OOF desarrollo
094c2c3bf,data/raw_petfinder/train_images/094c2c3bf-1.jpg,train,Terrier,Poodle,0.5643653761947844,1,Medio,OOF desarrollo
6ad5153bb,data/raw_petfinder/train_images/6ad5153bb-1.jpg,train,Mixed Breed,Mixed Breed,0.4565681519396412,1,Bajo,OOF desarrollo
e0f46aa3e,data/raw_petfinder/train_images/e0f46aa3e-1.jpg,train,Mixed Breed,,0.8221325847765446,1,Alto,OOF desarrollo
9d03cf923,data/raw_petfinder/train_images/9d03cf923-1.jpg,test,Mixed Breed,,0.5805691168532209,1,Medio,Test fuera de muestra
de0a86ccf,data/raw_petfinder/train_images/de0a86ccf-1.jpg,test,Mixed Breed,,0.3094473520885951,0,Bajo,Test fuera de muestra
9a8cbb0c8,data/raw_petfinder/train_images/9a8cbb0c8-1.jpg,train,Mixed Breed,Dachshund,0.5804518355280527,1,Medio,OOF desarrollo
a91761e54,data/raw_petfinder/train_images/a91761e54-1.jpg,test,Mixed Breed,Mixed Breed,0.767688358090661,1,Alto,Test fuera de muestra
4082acebb,data/raw_petfinder/train_images/4082acebb-1.jpg,train,Poodle,,0.5399429759738468,1,Medio,OOF desarrollo
4d1d8655a,data/raw_petfinder/train_images/4d1d8655a-1.jpg,test,Mixed Breed,,0.6173292100454675,1,Alto,Test fuera de muestra
82c51a95a,data/raw_petfinder/train_images/82c51a95a-1.jpg,test,Poodle,,0.204976200523551,0,Bajo,Test fuera de muestra
ed30f663e,data/raw_petfinder/train_images/ed30f663e-1.jpg,train,Mixed Breed,Mixed Breed,0.407323119974262,1,Bajo,OOF desarrollo
28cf4a84d,data/raw_petfinder/train_images/28cf4a84d-1.jpg,train,Corgi,Mixed Breed,0.4698232392824654,1,Medio,OOF desarrollo
27ec72a29,data/raw_petfinder/train_images/27ec72a29-1.jpg,train,Mixed Breed,,0.6161802032023512,1,Alto,OOF desarrollo
5f1a700fd,data/raw_petfinder/train_images/5f1a700fd-1.jpg,train,Mixed Breed,,0.4629402614079595,1,Medio,OOF desarrollo
99be827e6,data/raw_petfinder/train_images/99be827e6-1.jpg,train,Mixed Breed,,0.477338161383291,1,Medio,OOF desarrollo
4e37bb1e2,data/raw_petfinder/train_images/4e37bb1e2-1.jpg,train,Mixed Breed,,0.538370117988378,1,Medio,OOF desarrollo
6c121d784,data/raw_petfinder/train_images/6c121d784-1.jpg,train,Labrador Retriever,,0.3370719386037852,0,Bajo,OOF desarrollo
4f7932c0d,data/raw_petfinder/train_images/4f7932c0d-1.jpg,train,Mixed Breed,,0.3828911230013375,0,Bajo,OOF desarrollo
eee3ab446,data/raw_petfinder/train_images/eee3ab446-1.jpg,test,Dalmatian,,0.5321705263138152,1,Medio,Test fuera de muestra
35a62a8b1,data/raw_petfinder/train_images/35a62a8b1-1.jpg,train,Mixed Breed,,0.6826632264067816,1,Alto,OOF desarrollo
a9fb31e59,data/raw_petfinder/train_images/a9fb31e59-1.jpg,test,Mixed Breed,,0.4311864032200033,1,Bajo,Test fuera de muestra
c4f6cca8a,data/raw_petfinder/train_images/c4f6cca8a-1.jpg,train,Mixed Breed,Beagle,0.3581544001741246,0,Bajo,OOF desarrollo
b8f60eb7e,data/raw_petfinder/train_images/b8f60eb7e-1.jpg,valid,Mixed Breed,,0.8131286745370201,1,Alto,OOF desarrollo
c749028bb,data/raw_petfinder/train_images/c749028bb-1.jpg,train,Golden Retriever,,0.4485774566959155,1,Bajo,OOF desarrollo
d67619580,data/raw_petfinder/train_images/d67619580-1.jpg,train,Mixed Breed,,0.6438531974448984,1,Alto,OOF desarrollo
cda31e59d,data/raw_petfinder/train_images/cda31e59d-1.jpg,train,Irish Terrier,Mixed Breed,0.4314622063508795,1,Bajo,OOF desarrollo
46fdbf640,data/raw_petfinder/train_images/46fdbf640-1.jpg,valid,Mixed Breed,Mixed Breed,0.4580902653708207,1,Bajo,OOF desarrollo
c565589a8,data/raw_petfinder/train_images/c565589a8-1.jpg,train,Mixed Breed,Mixed Breed,0.2804803264231209,0,Bajo,OOF desarrollo
ab2e61df2,data/raw_petfinder/train_images/ab2e61df2-1.jpg,train,German Shepherd Dog,Miniature Pinscher,0.360911133456378,0,Bajo,OOF desarrollo
61fa7980d,data/raw_petfinder/train_images/61fa7980d-1.jpg,train,Golden Retriever,Mixed Breed,0.5177227998286879,1,Medio,OOF desarrollo
e633386b0,data/raw_petfinder/train_images/e633386b0-1.jpg,train,Mixed Breed,,0.6158881414025384,1,Alto,OOF desarrollo
2aaa0c8b6,data/raw_petfinder/train_images/2aaa0c8b6-1.jpg,train,Mixed Breed,,0.3986117496702369,1,Bajo,OOF desarrollo
020cd1d50,data/raw_petfinder/train_images/020cd1d50-1.jpg,train,Mixed Breed,Terrier,0.7758391019898287,1,Alto,OOF desarrollo
1b871dbaa,data/raw_petfinder/train_images/1b871dbaa-1.jpg,test,Mixed Breed,,0.7779158035651244,1,Alto,Test fuera de muestra
88dbaffe0,data/raw_petfinder/train_images/88dbaffe0-1.jpg,train,Mixed Breed,,0.5661259305591605,1,Medio,OOF desarrollo
1a2c91362,data/raw_petfinder/train_images/1a2c91362-1.jpg,valid,Mixed Breed,,0.6580574117541385,1,Alto,OOF desarrollo
ecfcb4430,data/raw_petfinder/train_images/ecfcb4430-1.jpg,valid,Mixed Breed,,0.4885576066102024,1,Medio,OOF desarrollo
ffb6a7f5d,data/raw_petfinder/train_images/ffb6a7f5d-1.jpg,valid,Mixed Breed,Mixed Breed,0.4418984871394943,1,Bajo,OOF desarrollo
fe9307848,data/raw_petfinder/train_images/fe9307848-1.jpg,train,Mixed Breed,,0.6185750003530398,1,Alto,OOF desarrollo
7342eafeb,data/raw_petfinder/train_images/7342eafeb-1.jpg,valid,Jack Russell Terrier (Parson Russell Terrier),,0.712471931584087,1,Alto,OOF desarrollo
6ca8be82b,data/raw_petfinder/train_images/6ca8be82b-1.jpg,test,Mixed Breed,,0.5169775142479767,1,Medio,Test fuera de muestra
c82705cf4,data/raw_petfinder/train_images/c82705cf4-1.jpg,train,Shih Tzu,Shih Tzu,0.4185663254532977,1,Bajo,OOF desarrollo
639a4bcfd,data/raw_petfinder/train_images/639a4bcfd-1.jpg,train,Mixed Breed,,0.3167746503156611,0,Bajo,OOF desarrollo
d3077e6b1,data/raw_petfinder/train_images/d3077e6b1-1.jpg,valid,Mixed Breed,,0.6320739656718801,1,Alto,OOF desarrollo
4effbea00,data/raw_petfinder/train_images/4effbea00-1.jpg,train,Mixed Breed,,0.5891060624385455,1,Medio,OOF desarrollo
2cf927db8,data/raw_petfinder/train_images/2cf927db8-1.jpg,train,Mixed Breed,,0.5716520590739134,1,Medio,OOF desarrollo
fda10b9ed,data/raw_petfinder/train_images/fda10b9ed-1.jpg,train,Schnauzer,Schnauzer,0.4357256084385917,1,Bajo,OOF desarrollo
4d7111b92,data/raw_petfinder/train_images/4d7111b92-1.jpg,train,Bedlington Terrier,,0.617587423086041,1,Alto,OOF desarrollo
2dfaf69b5,data/raw_petfinder/train_images/2dfaf69b5-1.jpg,train,Mixed Breed,Border Collie,0.6395517460493814,1,Alto,OOF desarrollo
89d4cef63,data/raw_petfinder/train_images/89d4cef63-1.jpg,train,Spitz,Rottweiler,0.6487614560209212,1,Alto,OOF desarrollo
f6549ffdd,data/raw_petfinder/train_images/f6549ffdd-1.jpg,train,Mixed Breed,,0.7733763801921083,1,Alto,OOF desarrollo
a2ee6f2da,data/raw_petfinder/train_images/a2ee6f2da-1.jpg,valid,Terrier,,0.391369693536024,1,Bajo,OOF desarrollo
f5e793c38,data/raw_petfinder/train_images/f5e793c38-1.jpg,train,Mixed Breed,,0.6664063099943812,1,Alto,OOF desarrollo
d440e9ebf,data/raw_petfinder/train_images/d440e9ebf-1.jpg,train,Spitz,Cocker Spaniel,0.515207174283944,1,Medio,OOF desarrollo
d0b337200,data/raw_petfinder/train_images/d0b337200-1.jpg,train,Mixed Breed,,0.5123082381970558,1,Medio,OOF desarrollo
02af3813e,data/raw_petfinder/train_images/02af3813e-1.jpg,train,Mixed Breed,,0.7571072713452267,1,Alto,OOF desarrollo
0322aa5b0,data/raw_petfinder/train_images/0322aa5b0-1.jpg,train,Mixed Breed,,0.663806430248832,1,Alto,OOF desarrollo
bad270818,data/raw_petfinder/train_images/bad270818-1.jpg,test,Mixed Breed,,0.3916701031737086,1,Bajo,Test fuera de muestra
cda71c00a,data/raw_petfinder/train_images/cda71c00a-1.jpg,train,Spitz,Spitz,0.7707477720382052,1,Alto,OOF desarrollo
355e8bc38,data/raw_petfinder/train_images/355e8bc38-1.jpg,train,Mixed Breed,Mixed Breed,0.5163374033503445,1,Medio,OOF desarrollo
b888f72cc,data/raw_petfinder/train_images/b888f72cc-1.jpg,test,Mixed Breed,,0.4555563412362102,1,Bajo,Test fuera de muestra
faca11616,data/raw_petfinder/train_images/faca11616-1.jpg,train,Mixed Breed,Mixed Breed,0.5212504114115413,1,Medio,OOF desarrollo
816112569,data/raw_petfinder/train_images/816112569-1.jpg,train,Mixed Breed,,0.5964515451920143,1,Medio,OOF desarrollo
33a373ca9,data/raw_petfinder/train_images/33a373ca9-1.jpg,valid,Mixed Breed,,0.5225658221985999,1,Medio,OOF desarrollo
aa3c0fe1e,data/raw_petfinder/train_images/aa3c0fe1e-1.jpg,train,Mixed Breed,Rottweiler,0.5398733801322175,1,Medio,OOF desarrollo
43021e4ed,data/raw_petfinder/train_images/43021e4ed-1.jpg,train,Mixed Breed,Mixed Breed,0.5330078567221744,1,Medio,OOF desarrollo
2d79572ae,data/raw_petfinder/train_images/2d79572ae-1.jpg,test,Doberman Pinscher,,0.5019809487531606,1,Medio,Test fuera de muestra
73a2be705,data/raw_petfinder/train_images/73a2be705-1.jpg,test,Poodle,,0.4992723534333305,1,Medio,Test fuera de muestra
37fadf608,data/raw_petfinder/train_images/37fadf608-1.jpg,train,Mixed Breed,,0.7670981732279331,1,Alto,OOF desarrollo
d72bc7206,data/raw_petfinder/train_images/d72bc7206-1.jpg,test,Mixed Breed,,0.4997048758304216,1,Medio,Test fuera de muestra
ce0294cec,data/raw_petfinder/train_images/ce0294cec-1.jpg,train,Shih Tzu,Pekingese,0.2375810074359344,0,Bajo,OOF desarrollo
3a94fdf2d,data/raw_petfinder/train_images/3a94fdf2d-1.jpg,train,Mixed Breed,,0.6922570578545566,1,Alto,OOF desarrollo
a804fded8,data/raw_petfinder/train_images/a804fded8-1.jpg,test,Mixed Breed,,0.7276405389164855,1,Alto,Test fuera de muestra
7f5233804,data/raw_petfinder/train_images/7f5233804-1.jpg,test,Mixed Breed,,0.3175942887570095,0,Bajo,Test fuera de muestra
11a3fb06e,data/raw_petfinder/train_images/11a3fb06e-1.jpg,test,American Bulldog,,0.7017567850315996,1,Alto,Test fuera de muestra
23baf0395,data/raw_petfinder/train_images/23baf0395-1.jpg,train,Rottweiler,,0.3027001641607738,0,Bajo,OOF desarrollo
8d0b0238c,data/raw_petfinder/train_images/8d0b0238c-1.jpg,valid,Mixed Breed,,0.6116068317782107,1,Alto,OOF desarrollo
305524cba,data/raw_petfinder/train_images/305524cba-1.jpg,test,Mixed Breed,Mixed Breed,0.7258258702942428,1,Alto,Test fuera de muestra
fc19f9c36,data/raw_petfinder/train_images/fc19f9c36-1.jpg,train,Mixed Breed,,0.5024783065953127,1,Medio,OOF desarrollo
6b574c312,data/raw_petfinder/train_images/6b574c312-1.jpg,train,Mixed Breed,,0.5059437376009583,1,Medio,OOF desarrollo
0d4750032,data/raw_petfinder/train_images/0d4750032-1.jpg,test,Mixed Breed,,0.6282795409139045,1,Alto,Test fuera de muestra
47aacf137,data/raw_petfinder/train_images/47aacf137-1.jpg,train,Mixed Breed,,0.6086891230073741,1,Alto,OOF desarrollo
2857efde3,data/raw_petfinder/train_images/2857efde3-1.jpg,train,Mixed Breed,Mixed Breed,0.384627656503276,0,Bajo,OOF desarrollo
a6af385f0,data/raw_petfinder/train_images/a6af385f0-1.jpg,test,Labrador Retriever,,0.5248635894512346,1,Medio,Test fuera de muestra
983160271,data/raw_petfinder/train_images/983160271-1.jpg,valid,Mixed Breed,,0.4571271838504414,1,Bajo,OOF desarrollo
b7006ed96,data/raw_petfinder/train_images/b7006ed96-1.jpg,valid,Mixed Breed,,0.458273679410294,1,Bajo,OOF desarrollo
74d40e344,data/raw_petfinder/train_images/74d40e344-1.jpg,train,Mixed Breed,,0.6412829090961537,1,Alto,OOF desarrollo
871a00e21,data/raw_petfinder/train_images/871a00e21-1.jpg,train,Mixed Breed,,0.4959029993768619,1,Medio,OOF desarrollo
0ac2e7d16,data/raw_petfinder/train_images/0ac2e7d16-1.jpg,train,Mixed Breed,,0.2398670320108741,0,Bajo,OOF desarrollo
24737dbd5,data/raw_petfinder/train_images/24737dbd5-1.jpg,train,Yellow Labrador Retriever,Mixed Breed,0.6467950616000184,1,Alto,OOF desarrollo
21a1b528f,data/raw_petfinder/train_images/21a1b528f-1.jpg,valid,Terrier,,0.3013909754237399,0,Bajo,OOF desarrollo
0f258665b,data/raw_petfinder/train_images/0f258665b-1.jpg,train,Mixed Breed,,0.3188788827224322,0,Bajo,OOF desarrollo
3d011c364,data/raw_petfinder/train_images/3d011c364-1.jpg,train,Mixed Breed,,0.6773876636825,1,Alto,OOF desarrollo
5e27bdcde,data/raw_petfinder/train_images/5e27bdcde-1.jpg,train,Mixed Breed,,0.641242119027043,1,Alto,OOF desarrollo
591fa7c31,data/raw_petfinder/train_images/591fa7c31-1.jpg,valid,Beagle,,0.6036180209586686,1,Medio,OOF desarrollo
f0ebfa37d,data/raw_petfinder/train_images/f0ebfa37d-1.jpg,train,Mixed Breed,,0.4626219397433568,1,Medio,OOF desarrollo
ab519bf92,data/raw_petfinder/train_images/ab519bf92-1.jpg,train,Mixed Breed,,0.4434173105380603,1,Bajo,OOF desarrollo
9d6c6055b,data/raw_petfinder/train_images/9d6c6055b-1.jpg,train,Terrier,,0.5818746870103518,1,Medio,OOF desarrollo
8f860b014,data/raw_petfinder/train_images/8f860b014-1.jpg,train,Mixed Breed,,0.2301812653194866,0,Bajo,OOF desarrollo
e15b26ed8,data/raw_petfinder/train_images/e15b26ed8-1.jpg,valid,Mixed Breed,Mixed Breed,0.5984146767196956,1,Medio,OOF desarrollo
a93eb0d6f,data/raw_petfinder/train_images/a93eb0d6f-1.jpg,valid,Poodle,,0.4776111269795924,1,Medio,OOF desarrollo
47ad7a82a,data/raw_petfinder/train_images/47ad7a82a-1.jpg,test,Mixed Breed,,0.4549806081063753,1,Bajo,Test fuera de muestra
ab293b191,data/raw_petfinder/train_images/ab293b191-1.jpg,train,Mixed Breed,,0.4617996575145556,1,Medio,OOF desarrollo
3712c63fd,data/raw_petfinder/train_images/3712c63fd-1.jpg,train,Mixed Breed,,0.6715097241915964,1,Alto,OOF desarrollo
3e6fa700b,data/raw_petfinder/train_images/3e6fa700b-1.jpg,train,Terrier,Mixed Breed,0.7729164237496984,1,Alto,OOF desarrollo
078fb1715,data/raw_petfinder/train_images/078fb1715-1.jpg,train,Mixed Breed,,0.3234703832304145,0,Bajo,OOF desarrollo
baf60f1bb,data/raw_petfinder/train_images/baf60f1bb-1.jpg,valid,Mixed Breed,,0.6968033575446415,1,Alto,OOF desarrollo
b1c66fa13,data/raw_petfinder/train_images/b1c66fa13-1.jpg,train,Mixed Breed,Belgian Shepherd Malinois,0.5926346519144704,1,Medio,OOF desarrollo
9162433d5,data/raw_petfinder/train_images/9162433d5-1.jpg,train,Mixed Breed,Mixed Breed,0.6738492740587338,1,Alto,OOF desarrollo
caaf719c3,data/raw_petfinder/train_images/caaf719c3-1.jpg,test,Mixed Breed,,0.697776405948005,1,Alto,Test fuera de muestra
9697ebf42,data/raw_petfinder/train_images/9697ebf42-1.jpg,valid,Poodle,Mixed Breed,0.2786924793517457,0,Bajo,OOF desarrollo
e08649ba2,data/raw_petfinder/train_images/e08649ba2-1.jpg,train,Mixed Breed,,0.8001344005355585,1,Alto,OOF desarrollo
5de1d0c34,data/raw_petfinder/train_images/5de1d0c34-1.jpg,train,Mixed Breed,,0.6768788977876362,1,Alto,OOF desarrollo
e9feaab54,data/raw_petfinder/train_images/e9feaab54-1.jpg,train,Mixed Breed,,0.2901196229044898,0,Bajo,OOF desarrollo
5e951b28f,data/raw_petfinder/train_images/5e951b28f-1.jpg,train,Mixed Breed,,0.5868941324995727,1,Medio,OOF desarrollo
4bcc7910d,data/raw_petfinder/train_images/4bcc7910d-1.jpg,train,Mixed Breed,,0.6122513541752426,1,Alto,OOF desarrollo
270bd311c,data/raw_petfinder/train_images/270bd311c-1.jpg,train,Mixed Breed,,0.4374599914277087,1,Bajo,OOF desarrollo
ad491b969,data/raw_petfinder/train_images/ad491b969-1.jpg,train,Mixed Breed,,0.4088386376365548,1,Bajo,OOF desarrollo
ad2423b1f,data/raw_petfinder/train_images/ad2423b1f-1.jpg,train,German Shepherd Dog,Mixed Breed,0.5731234981606569,1,Medio,OOF desarrollo
3085ca2c6,data/raw_petfinder/train_images/3085ca2c6-1.jpg,train,Poodle,,0.4421733632798408,1,Bajo,OOF desarrollo
f6ad159f1,data/raw_petfinder/train_images/f6ad159f1-1.jpg,train,Mixed Breed,Mixed Breed,0.47930371130373,1,Medio,OOF desarrollo
5b73a7ea8,data/raw_petfinder/train_images/5b73a7ea8-1.jpg,train,Labrador Retriever,Mixed Breed,0.5400148872508033,1,Medio,OOF desarrollo
c3b05e0f0,data/raw_petfinder/train_images/c3b05e0f0-1.jpg,test,Mixed Breed,,0.5109693835270475,1,Medio,Test fuera de muestra
d9303d3bc,data/raw_petfinder/train_images/d9303d3bc-1.jpg,valid,Mixed Breed,,0.3381441360762236,0,Bajo,OOF desarrollo
624fadbd4,data/raw_petfinder/train_images/624fadbd4-1.jpg,valid,Mixed Breed,Mixed Breed,0.3873952546240506,0,Bajo,OOF desarrollo
16349e686,data/raw_petfinder/train_images/16349e686-1.jpg,train,Mixed Breed,,0.6364224052537457,1,Alto,OOF desarrollo
a94208b35,data/raw_petfinder/train_images/a94208b35-1.jpg,valid,Mixed Breed,Mixed Breed,0.6243947873328607,1,Alto,OOF desarrollo
c66def50c,data/raw_petfinder/train_images/c66def50c-1.jpg,valid,Doberman Pinscher,Dalmatian,0.4882423187393841,1,Medio,OOF desarrollo
3bfb759ce,data/raw_petfinder/train_images/3bfb759ce-1.jpg,train,Australian Terrier,,0.5120495371463722,1,Medio,OOF desarrollo
88c193102,data/raw_petfinder/train_images/88c193102-1.jpg,valid,Bullmastiff,Mixed Breed,0.4966937260884976,1,Medio,OOF desarrollo
d3486b178,data/raw_petfinder/train_images/d3486b178-1.jpg,train,Mixed Breed,,0.4933446899690307,1,Medio,OOF desarrollo
ddc628647,data/raw_petfinder/train_images/ddc628647-1.jpg,train,Shih Tzu,,0.4290888413865021,1,Bajo,OOF desarrollo
9278f7216,data/raw_petfinder/train_images/9278f7216-1.jpg,train,Mixed Breed,,0.5678747779624638,1,Medio,OOF desarrollo
b8bc0c25c,data/raw_petfinder/train_images/b8bc0c25c-1.jpg,train,Mixed Breed,,0.4949117575279362,1,Medio,OOF desarrollo
5a2a433c2,data/raw_petfinder/train_images/5a2a433c2-1.jpg,valid,Terrier,Terrier,0.5770900549938398,1,Medio,OOF desarrollo
11ac3640c,data/raw_petfinder/train_images/11ac3640c-1.jpg,test,Mixed Breed,,0.6157378583790516,1,Alto,Test fuera de muestra
e77941c00,data/raw_petfinder/train_images/e77941c00-1.jpg,train,Mixed Breed,,0.7313796948042349,1,Alto,OOF desarrollo
166650836,data/raw_petfinder/train_images/166650836-1.jpg,train,Mixed Breed,,0.4828116352888362,1,Medio,OOF desarrollo
3e26edfa8,data/raw_petfinder/train_images/3e26edfa8-1.jpg,train,Mixed Breed,,0.7151406253385555,1,Alto,OOF desarrollo
c8e941dbd,data/raw_petfinder/train_images/c8e941dbd-1.jpg,train,Golden Retriever,,0.4024414220413962,1,Bajo,OOF desarrollo
7beccedcb,data/raw_petfinder/train_images/7beccedcb-1.jpg,train,Mixed Breed,Labrador Retriever,0.4961500634851016,1,Medio,OOF desarrollo
99ba6513a,data/raw_petfinder/train_images/99ba6513a-1.jpg,train,Mixed Breed,German Shepherd Dog,0.4999671061795214,1,Medio,OOF desarrollo
4fc9dee58,data/raw_petfinder/train_images/4fc9dee58-1.jpg,test,Mixed Breed,,0.5202448932842523,1,Medio,Test fuera de muestra
1fba9cbc9,data/raw_petfinder/train_images/1fba9cbc9-1.jpg,train,Belgian Shepherd Malinois,,0.5882905996177745,1,Medio,OOF desarrollo
d5bf5adaa,data/raw_petfinder/train_images/d5bf5adaa-1.jpg,train,Mixed Breed,,0.5369710525426876,1,Medio,OOF desarrollo
71b0f7f97,data/raw_petfinder/train_images/71b0f7f97-1.jpg,train,Mixed Breed,,0.398347816700489,1,Bajo,OOF desarrollo
2302acf06,data/raw_petfinder/train_images/2302acf06-1.jpg,valid,Mixed Breed,,0.4540513110104248,1,Bajo,OOF desarrollo
81d82bda3,data/raw_petfinder/train_images/81d82bda3-1.jpg,train,Mixed Breed,,0.7559192219987612,1,Alto,OOF desarrollo
21f945788,data/raw_petfinder/train_images/21f945788-1.jpg,train,Mixed Breed,,0.3829004035840516,0,Bajo,OOF desarrollo
b66569990,data/raw_petfinder/train_images/b66569990-1.jpg,valid,Mixed Breed,,0.542772194723327,1,Medio,OOF desarrollo
bc8aedde4,data/raw_petfinder/train_images/bc8aedde4-1.jpg,test,Mixed Breed,,0.7278588811331284,1,Alto,Test fuera de muestra
a5f82d04e,data/raw_petfinder/train_images/a5f82d04e-1.jpg,train,Doberman Pinscher,,0.6210720403762883,1,Alto,OOF desarrollo
86fe4ed68,data/raw_petfinder/train_images/86fe4ed68-1.jpg,train,Mixed Breed,Border Collie,0.4701890770528958,1,Medio,OOF desarrollo
e128e9022,data/raw_petfinder/train_images/e128e9022-1.jpg,train,Mixed Breed,,0.3922517972932657,1,Bajo,OOF desarrollo
596d784b2,data/raw_petfinder/train_images/596d784b2-1.jpg,valid,Mixed Breed,Mixed Breed,0.4433366200364242,1,Bajo,OOF desarrollo
bde1336b6,data/raw_petfinder/train_images/bde1336b6-1.jpg,test,Mixed Breed,,0.6295497618863923,1,Alto,Test fuera de muestra
faa62a75b,data/raw_petfinder/train_images/faa62a75b-1.jpg,train,Mixed Breed,,0.766010917957733,1,Alto,OOF desarrollo
711bebb99,data/raw_petfinder/train_images/711bebb99-1.jpg,train,Mixed Breed,,0.7210670627281337,1,Alto,OOF desarrollo
21847129b,data/raw_petfinder/train_images/21847129b-1.jpg,train,Mixed Breed,Mixed Breed,0.4885439925601932,1,Medio,OOF desarrollo
09f31b13e,data/raw_petfinder/train_images/09f31b13e-1.jpg,train,Mixed Breed,,0.8118874851571963,1,Alto,OOF desarrollo
3ded98af9,data/raw_petfinder/train_images/3ded98af9-1.jpg,train,Miniature Pinscher,Mixed Breed,0.4224624891519957,1,Bajo,OOF desarrollo
1ce681aa7,data/raw_petfinder/train_images/1ce681aa7-1.jpg,train,Mixed Breed,,0.5222101070453534,1,Medio,OOF desarrollo
ca8aec089,data/raw_petfinder/train_images/ca8aec089-1.jpg,valid,Mixed Breed,,0.532617915023714,1,Medio,OOF desarrollo
9aac5500a,data/raw_petfinder/train_images/9aac5500a-1.jpg,valid,Labrador Retriever,Samoyed,0.534138589256174,1,Medio,OOF desarrollo
714e287c7,data/raw_petfinder/train_images/714e287c7-1.jpg,valid,Mixed Breed,,0.6974500966652581,1,Alto,OOF desarrollo
672bc370b,data/raw_petfinder/train_images/672bc370b-1.jpg,test,Mixed Breed,,0.4708839653298307,1,Medio,Test fuera de muestra
debec416c,data/raw_petfinder/train_images/debec416c-1.jpg,train,Mixed Breed,,0.601988276273195,1,Medio,OOF desarrollo
9d66ac1e7,data/raw_petfinder/train_images/9d66ac1e7-1.jpg,train,Mixed Breed,,0.791064491505956,1,Alto,OOF desarrollo
5fed61438,data/raw_petfinder/train_images/5fed61438-1.jpg,test,Miniature Pinscher,Spitz,0.5746057074612292,1,Medio,Test fuera de muestra
906083f6c,data/raw_petfinder/train_images/906083f6c-1.jpg,train,Terrier,German Shepherd Dog,0.5065210438404286,1,Medio,OOF desarrollo
b16cb3f1e,data/raw_petfinder/train_images/b16cb3f1e-1.jpg,test,Mixed Breed,,0.4217880778213676,1,Bajo,Test fuera de muestra
a460a6274,data/raw_petfinder/train_images/a460a6274-1.jpg,train,Mixed Breed,Mixed Breed,0.3688329276456705,0,Bajo,OOF desarrollo
65180c32a,data/raw_petfinder/train_images/65180c32a-1.jpg,train,Mixed Breed,,0.7757120954082425,1,Alto,OOF desarrollo
708ce5f42,data/raw_petfinder/train_images/708ce5f42-1.jpg,valid,German Shepherd Dog,,0.5412729606466797,1,Medio,OOF desarrollo
2d79d25fa,data/raw_petfinder/train_images/2d79d25fa-1.jpg,train,Shih Tzu,,0.4720554105618677,1,Medio,OOF desarrollo
0a0862717,data/raw_petfinder/train_images/0a0862717-1.jpg,train,Golden Retriever,Mixed Breed,0.3937368640900334,1,Bajo,OOF desarrollo
476dc0901,data/raw_petfinder/train_images/476dc0901-1.jpg,train,Labrador Retriever,,0.5965756951140693,1,Medio,OOF desarrollo
018188075,data/raw_petfinder/train_images/018188075-1.jpg,test,Mixed Breed,,0.3840369341679774,0,Bajo,Test fuera de muestra
bb48e2353,data/raw_petfinder/train_images/bb48e2353-1.jpg,train,Mixed Breed,,0.5648927557764533,1,Medio,OOF desarrollo
7ae269152,data/raw_petfinder/train_images/7ae269152-1.jpg,train,German Shepherd Dog,Mixed Breed,0.5639460568205952,1,Medio,OOF desarrollo
6ed73fc84,data/raw_petfinder/train_images/6ed73fc84-1.jpg,train,Mixed Breed,Mixed Breed,0.3982258870707954,1,Bajo,OOF desarrollo
5943167f1,data/raw_petfinder/train_images/5943167f1-1.jpg,test,Shih Tzu,,0.4589784554812193,1,Medio,Test fuera de muestra
a662f1d7e,data/raw_petfinder/train_images/a662f1d7e-1.jpg,valid,Mixed Breed,,0.6668686532134481,1,Alto,OOF desarrollo
a1d05e431,data/raw_petfinder/train_images/a1d05e431-1.jpg,test,Golden Retriever,,0.4869418699591711,1,Medio,Test fuera de muestra
97916de84,data/raw_petfinder/train_images/97916de84-1.jpg,train,Mixed Breed,,0.5216949175778203,1,Medio,OOF desarrollo
14e788800,data/raw_petfinder/train_images/14e788800-1.jpg,train,Mixed Breed,,0.4449316522805664,1,Bajo,OOF desarrollo
7028931ed,data/raw_petfinder/train_images/7028931ed-1.jpg,valid,Mixed Breed,,0.7264662060870268,1,Alto,OOF desarrollo
acd81a109,data/raw_petfinder/train_images/acd81a109-1.jpg,valid,Mixed Breed,,0.4326492344612362,1,Bajo,OOF desarrollo
cc607ef5c,data/raw_petfinder/train_images/cc607ef5c-1.jpg,train,Mixed Breed,,0.8163253199930771,1,Alto,OOF desarrollo
f53b95c90,data/raw_petfinder/train_images/f53b95c90-1.jpg,train,Mixed Breed,,0.5810881924679039,1,Medio,OOF desarrollo
f29cacb97,data/raw_petfinder/train_images/f29cacb97-1.jpg,train,Mixed Breed,,0.4675032090088268,1,Medio,OOF desarrollo
e5cecf5df,data/raw_petfinder/train_images/e5cecf5df-1.jpg,train,Poodle,,0.2127564811364744,0,Bajo,OOF desarrollo
d56fbda82,data/raw_petfinder/train_images/d56fbda82-1.jpg,train,Pomeranian,,0.2284176676348489,0,Bajo,OOF desarrollo
80b137b2a,data/raw_petfinder/train_images/80b137b2a-1.jpg,train,Mixed Breed,Mixed Breed,0.5833076244475383,1,Medio,OOF desarrollo
b6450abed,data/raw_petfinder/train_images/b6450abed-1.jpg,valid,Mixed Breed,,0.4695598988357619,1,Medio,OOF desarrollo
172555cfd,data/raw_petfinder/train_images/172555cfd-1.jpg,train,Terrier,,0.4765444047557898,1,Medio,OOF desarrollo
978526235,data/raw_petfinder/train_images/978526235-1.jpg,test,Mixed Breed,Belgian Shepherd Malinois,0.1889489413950724,0,Bajo,Test fuera de muestra
bbe1d6739,data/raw_petfinder/train_images/bbe1d6739-1.jpg,train,Labrador Retriever,Mixed Breed,0.3202657579762918,0,Bajo,OOF desarrollo
29d36f5b3,data/raw_petfinder/train_images/29d36f5b3-1.jpg,train,German Shepherd Dog,,0.3072644866126801,0,Bajo,OOF desarrollo
5118055f4,data/raw_petfinder/train_images/5118055f4-1.jpg,test,Mixed Breed,Mastiff,0.4008443609924954,1,Bajo,Test fuera de muestra
9cfe96818,data/raw_petfinder/train_images/9cfe96818-1.jpg,train,Mixed Breed,American Staffordshire Terrier,0.3237899579928217,0,Bajo,OOF desarrollo
4cc8c07d5,data/raw_petfinder/train_images/4cc8c07d5-1.jpg,test,Mixed Breed,,0.8037712440854972,1,Alto,Test fuera de muestra
bb19c3013,data/raw_petfinder/train_images/bb19c3013-1.jpg,train,Mixed Breed,,0.7887442763685406,1,Alto,OOF desarrollo
2f43fb067,data/raw_petfinder/train_images/2f43fb067-1.jpg,test,Jack Russell Terrier,,0.5963933187385226,1,Medio,Test fuera de muestra
8100c2485,data/raw_petfinder/train_images/8100c2485-1.jpg,train,Mixed Breed,,0.7345058169736325,1,Alto,OOF desarrollo
cfebb0955,data/raw_petfinder/train_images/cfebb0955-1.jpg,train,Mixed Breed,,0.7338159018263339,1,Alto,OOF desarrollo
f95b27325,data/raw_petfinder/train_images/f95b27325-1.jpg,train,Mixed Breed,,0.332453151711529,0,Bajo,OOF desarrollo
3b95539f0,data/raw_petfinder/train_images/3b95539f0-1.jpg,test,Mixed Breed,Mixed Breed,0.5918714142441202,1,Medio,Test fuera de muestra
1fb9fdf7f,data/raw_petfinder/train_images/1fb9fdf7f-1.jpg,test,Mixed Breed,Mixed Breed,0.490889943804305,1,Medio,Test fuera de muestra
5152dbfe1,data/raw_petfinder/train_images/5152dbfe1-1.jpg,train,Mixed Breed,,0.4363662484269904,1,Bajo,OOF desarrollo
1bec8eb5e,data/raw_petfinder/train_images/1bec8eb5e-1.jpg,train,Mixed Breed,,0.6618113462970223,1,Alto,OOF desarrollo
1772727a1,data/raw_petfinder/train_images/1772727a1-1.jpg,test,Mixed Breed,Mixed Breed,0.5906672847050395,1,Medio,Test fuera de muestra
ffb3a78e1,data/raw_petfinder/train_images/ffb3a78e1-1.jpg,train,Mixed Breed,,0.429827659482286,1,Bajo,OOF desarrollo
458adc77a,data/raw_petfinder/train_images/458adc77a-1.jpg,test,Mixed Breed,,0.7029751085240522,1,Alto,Test fuera de muestra
b525ee190,data/raw_petfinder/train_images/b525ee190-1.jpg,train,West Highland White Terrier Westie,Poodle,0.6044829774010192,1,Medio,OOF desarrollo
578880eb3,data/raw_petfinder/train_images/578880eb3-1.jpg,train,Mixed Breed,,0.5958284034147673,1,Medio,OOF desarrollo
8a72708bc,data/raw_petfinder/train_images/8a72708bc-1.jpg,train,Mixed Breed,,0.4437413225769939,1,Bajo,OOF desarrollo
894d76b65,data/raw_petfinder/train_images/894d76b65-1.jpg,valid,Labrador Retriever,Labrador Retriever,0.3189571392804,0,Bajo,OOF desarrollo
49006b8c3,data/raw_petfinder/train_images/49006b8c3-1.jpg,train,Mixed Breed,,0.5420310142576141,1,Medio,OOF desarrollo
1a7ec71e7,data/raw_petfinder/train_images/1a7ec71e7-1.jpg,train,Mixed Breed,,0.6116833385002979,1,Alto,OOF desarrollo
f7473aaec,data/raw_petfinder/train_images/f7473aaec-1.jpg,valid,Mixed Breed,,0.4737028460242442,1,Medio,OOF desarrollo
cbd0bf6b1,data/raw_petfinder/train_images/cbd0bf6b1-1.jpg,train,Mixed Breed,,0.9002597221651234,1,Alto,OOF desarrollo
55553842f,data/raw_petfinder/train_images/55553842f-1.jpg,test,Mixed Breed,,0.3000542911168041,0,Bajo,Test fuera de muestra
c222a4955,data/raw_petfinder/train_images/c222a4955-1.jpg,train,Mixed Breed,Mixed Breed,0.6234533647788068,1,Alto,OOF desarrollo
51020fbd4,data/raw_petfinder/train_images/51020fbd4-1.jpg,train,Mixed Breed,,0.7324530017300956,1,Alto,OOF desarrollo
5a3c85e3c,data/raw_petfinder/train_images/5a3c85e3c-1.jpg,train,Mixed Breed,,0.6830179351830212,1,Alto,OOF desarrollo
d5c4ef4c0,data/raw_petfinder/train_images/d5c4ef4c0-1.jpg,train,Mixed Breed,,0.6164560636977081,1,Alto,OOF desarrollo
e3a29829f,data/raw_petfinder/train_images/e3a29829f-1.jpg,train,Labrador Retriever,Mixed Breed,0.6383464327178918,1,Alto,OOF desarrollo
1833aa7d6,data/raw_petfinder/train_images/1833aa7d6-1.jpg,train,Jack Russell Terrier,Mixed Breed,0.7158590871166699,1,Alto,OOF desarrollo
5bf02a5f8,data/raw_petfinder/train_images/5bf02a5f8-1.jpg,valid,Mixed Breed,,0.5901405252529179,1,Medio,OOF desarrollo
31049dc2e,data/raw_petfinder/train_images/31049dc2e-1.jpg,train,Mixed Breed,,0.4774387091337643,1,Medio,OOF desarrollo
0118db3a8,data/raw_petfinder/train_images/0118db3a8-1.jpg,train,Mixed Breed,,0.8328350555740149,1,Alto,OOF desarrollo
b8d35b6c3,data/raw_petfinder/train_images/b8d35b6c3-1.jpg,train,Mixed Breed,,0.3913636984599377,1,Bajo,OOF desarrollo
c58018973,data/raw_petfinder/train_images/c58018973-1.jpg,valid,Mixed Breed,Mixed Breed,0.5071064409351168,1,Medio,OOF desarrollo
e7d9a3d7e,data/raw_petfinder/train_images/e7d9a3d7e-1.jpg,train,Labrador Retriever,Beagle,0.355610706704332,0,Bajo,OOF desarrollo
ca39efaf2,data/raw_petfinder/train_images/ca39efaf2-1.jpg,train,Mixed Breed,,0.7298395238947126,1,Alto,OOF desarrollo
75f3c2e36,data/raw_petfinder/train_images/75f3c2e36-1.jpg,train,Mixed Breed,,0.3961453484729376,1,Bajo,OOF desarrollo
95e9ad1b2,data/raw_petfinder/train_images/95e9ad1b2-1.jpg,train,Mixed Breed,,0.7080418707826583,1,Alto,OOF desarrollo
33bfeb403,data/raw_petfinder/train_images/33bfeb403-1.jpg,valid,Mixed Breed,,0.4855299600434442,1,Medio,OOF desarrollo
4a0adfdd0,data/raw_petfinder/train_images/4a0adfdd0-1.jpg,train,Mixed Breed,,0.6876115307238418,1,Alto,OOF desarrollo
6740be5a3,data/raw_petfinder/train_images/6740be5a3-1.jpg,train,Mixed Breed,,0.7175119739025504,1,Alto,OOF desarrollo
3c6329c92,data/raw_petfinder/train_images/3c6329c92-1.jpg,test,Mixed Breed,Mixed Breed,0.7516037491727577,1,Alto,Test fuera de muestra
9430d84c5,data/raw_petfinder/train_images/9430d84c5-1.jpg,train,Labrador Retriever,Mixed Breed,0.5019090036420122,1,Medio,OOF desarrollo
c4c4a926f,data/raw_petfinder/train_images/c4c4a926f-1.jpg,train,Mixed Breed,,0.6637343894183938,1,Alto,OOF desarrollo
ee3b21a9a,data/raw_petfinder/train_images/ee3b21a9a-1.jpg,valid,Mixed Breed,,0.2851379725880113,0,Bajo,OOF desarrollo
1c4f5efa8,data/raw_petfinder/train_images/1c4f5efa8-1.jpg,train,Jack Russell Terrier,Mixed Breed,0.648008064807859,1,Alto,OOF desarrollo
7b858c084,data/raw_petfinder/train_images/7b858c084-1.jpg,train,Mixed Breed,,0.7245752180720324,1,Alto,OOF desarrollo
a2e529567,data/raw_petfinder/train_images/a2e529567-1.jpg,train,Shih Tzu,Poodle,0.2393847579120329,0,Bajo,OOF desarrollo
c68815d52,data/raw_petfinder/train_images/c68815d52-1.jpg,train,Spitz,Mixed Breed,0.6744161617120806,1,Alto,OOF desarrollo
2c8e65887,data/raw_petfinder/train_images/2c8e65887-1.jpg,train,Mixed Breed,Mixed Breed,0.4961190480863555,1,Medio,OOF desarrollo
0bcb2c2b5,data/raw_petfinder/train_images/0bcb2c2b5-1.jpg,train,Mixed Breed,,0.3980516737839966,1,Bajo,OOF desarrollo
953416879,data/raw_petfinder/train_images/953416879-1.jpg,train,Mixed Breed,Mixed Breed,0.6041282945902657,1,Medio,OOF desarrollo
3b4bb9973,data/raw_petfinder/train_images/3b4bb9973-1.jpg,train,Mixed Breed,,0.3829922238067413,0,Bajo,OOF desarrollo
0e6f26f19,data/raw_petfinder/train_images/0e6f26f19-1.jpg,train,Mixed Breed,,0.7370552047329236,1,Alto,OOF desarrollo
11ce5617d,data/raw_petfinder/train_images/11ce5617d-1.jpg,train,Mixed Breed,,0.7038037023198451,1,Alto,OOF desarrollo
5dd7c4c06,data/raw_petfinder/train_images/5dd7c4c06-1.jpg,train,Doberman Pinscher,,0.380088945321688,0,Bajo,OOF desarrollo
b7856db41,data/raw_petfinder/train_images/b7856db41-1.jpg,train,Mixed Breed,,0.6191551802781705,1,Alto,OOF desarrollo
5f4f3347f,data/raw_petfinder/train_images/5f4f3347f-1.jpg,train,Mixed Breed,,0.6320136209455058,1,Alto,OOF desarrollo
a67c850b3,data/raw_petfinder/train_images/a67c850b3-1.jpg,train,Mixed Breed,,0.6512596075751571,1,Alto,OOF desarrollo
7b6ffc0a1,data/raw_petfinder/train_images/7b6ffc0a1-1.jpg,test,Pomeranian,Mixed Breed,0.5211481445837091,1,Medio,Test fuera de muestra
89d80665a,data/raw_petfinder/train_images/89d80665a-1.jpg,train,Mixed Breed,,0.6106231818783606,1,Alto,OOF desarrollo
878214747,data/raw_petfinder/train_images/878214747-1.jpg,test,Terrier,,0.3630822171840886,0,Bajo,Test fuera de muestra
6c3b8c99c,data/raw_petfinder/train_images/6c3b8c99c-1.jpg,train,Mixed Breed,Retriever,0.5313206117413684,1,Medio,OOF desarrollo
f7fc28014,data/raw_petfinder/train_images/f7fc28014-1.jpg,train,Mixed Breed,Mixed Breed,0.5561574067291475,1,Medio,OOF desarrollo
61bedc57d,data/raw_petfinder/train_images/61bedc57d-1.jpg,valid,Mixed Breed,,0.5387310676519326,1,Medio,OOF desarrollo
b4ba15dbc,data/raw_petfinder/train_images/b4ba15dbc-1.jpg,test,Mixed Breed,,0.4408012100197601,1,Bajo,Test fuera de muestra
4c6dc89df,data/raw_petfinder/train_images/4c6dc89df-1.jpg,test,Mixed Breed,,0.4236020238486718,1,Bajo,Test fuera de muestra
fe7bad7d4,data/raw_petfinder/train_images/fe7bad7d4-1.jpg,train,Mixed Breed,Rottweiler,0.4513453039111412,1,Bajo,OOF desarrollo
277e3979a,data/raw_petfinder/train_images/277e3979a-1.jpg,test,Mixed Breed,Mixed Breed,0.3075121383730823,0,Bajo,Test fuera de muestra
27e318160,data/raw_petfinder/train_images/27e318160-1.jpg,train,Golden Retriever,,0.4127554728721314,1,Bajo,OOF desarrollo
3af14a63c,data/raw_petfinder/train_images/3af14a63c-1.jpg,train,Mixed Breed,Mixed Breed,0.5034603882024288,1,Medio,OOF desarrollo
60fa6acbe,data/raw_petfinder/train_images/60fa6acbe-1.jpg,train,Terrier,Mixed Breed,0.3184800980407569,0,Bajo,OOF desarrollo
e89692f96,data/raw_petfinder/train_images/e89692f96-1.jpg,test,Mixed Breed,Spitz,0.5633780594296227,1,Medio,Test fuera de muestra
727d25d09,data/raw_petfinder/train_images/727d25d09-1.jpg,test,Golden Retriever,,0.3214238784369059,0,Bajo,Test fuera de muestra
eb9b9400e,data/raw_petfinder/train_images/eb9b9400e-1.jpg,valid,Mixed Breed,,0.6634197905919008,1,Alto,OOF desarrollo
1e1e7c4ec,data/raw_petfinder/train_images/1e1e7c4ec-1.jpg,train,Mixed Breed,German Shepherd Dog,0.4575647593746899,1,Bajo,OOF desarrollo
2bbca459e,data/raw_petfinder/train_images/2bbca459e-1.jpg,train,Terrier,,0.5623801070022161,1,Medio,OOF desarrollo
a9e753cc1,data/raw_petfinder/train_images/a9e753cc1-1.jpg,train,Mixed Breed,Mixed Breed,0.4053981079483552,1,Bajo,OOF desarrollo
6309f250d,data/raw_petfinder/train_images/6309f250d-1.jpg,train,Mixed Breed,,0.7081093037684076,1,Alto,OOF desarrollo
6f1580039,data/raw_petfinder/train_images/6f1580039-1.jpg,train,Mixed Breed,Dachshund,0.6542703216816573,1,Alto,OOF desarrollo
5ecdd04af,data/raw_petfinder/train_images/5ecdd04af-1.jpg,train,Mixed Breed,,0.316538220115344,0,Bajo,OOF desarrollo
8d50d37f8,data/raw_petfinder/train_images/8d50d37f8-1.jpg,test,Labrador Retriever,Doberman Pinscher,0.3311526092813429,0,Bajo,Test fuera de muestra
c20aa0352,data/raw_petfinder/train_images/c20aa0352-1.jpg,test,Mixed Breed,,0.4873438422010058,1,Medio,Test fuera de muestra
2b82af067,data/raw_petfinder/train_images/2b82af067-1.jpg,train,Mixed Breed,,0.4669503815174669,1,Medio,OOF desarrollo
16ff0c687,data/raw_petfinder/train_images/16ff0c687-1.jpg,test,Mixed Breed,,0.3941789770597798,1,Bajo,Test fuera de muestra
3c2a1ed3b,data/raw_petfinder/train_images/3c2a1ed3b-1.jpg,test,Miniature Pinscher,,0.3481023855883265,0,Bajo,Test fuera de muestra
be5595abb,data/raw_petfinder/train_images/be5595abb-1.jpg,valid,Spitz,,0.4479655429945246,1,Bajo,OOF desarrollo
ae4ab31ec,data/raw_petfinder/train_images/ae4ab31ec-1.jpg,train,Rottweiler,Mixed Breed,0.4051426833171996,1,Bajo,OOF desarrollo
052160ae6,data/raw_petfinder/train_images/052160ae6-1.jpg,train,Mixed Breed,,0.4809008927049424,1,Medio,OOF desarrollo
40b31be60,data/raw_petfinder/train_images/40b31be60-1.jpg,train,Mixed Breed,Mixed Breed,0.2976839942619178,0,Bajo,OOF desarrollo
230d5d85c,data/raw_petfinder/train_images/230d5d85c-1.jpg,test,Maltese,,0.2850758161824835,0,Bajo,Test fuera de muestra
f4fb11803,data/raw_petfinder/train_images/f4fb11803-1.jpg,test,Terrier,Shih Tzu,0.5767140238503699,1,Medio,Test fuera de muestra
920a30b27,data/raw_petfinder/train_images/920a30b27-1.jpg,valid,Mixed Breed,,0.3654013019382142,0,Bajo,OOF desarrollo
783a33f4c,data/raw_petfinder/train_images/783a33f4c-1.jpg,train,Mixed Breed,,0.6963674843442942,1,Alto,OOF desarrollo
e827bee5e,data/raw_petfinder/train_images/e827bee5e-1.jpg,valid,Mixed Breed,,0.3677437635225846,0,Bajo,OOF desarrollo
a22daaa5f,data/raw_petfinder/train_images/a22daaa5f-1.jpg,test,Terrier,,0.6033422125352385,1,Medio,Test fuera de muestra
7adf54516,data/raw_petfinder/train_images/7adf54516-1.jpg,valid,German Shepherd Dog,Mixed Breed,0.4895325742667412,1,Medio,OOF desarrollo
c301eddcb,data/raw_petfinder/train_images/c301eddcb-1.jpg,train,Mixed Breed,,0.7068856090413214,1,Alto,OOF desarrollo
20bf4bf39,data/raw_petfinder/train_images/20bf4bf39-1.jpg,train,Mixed Breed,,0.4078907941651022,1,Bajo,OOF desarrollo
2ecaaae2d,data/raw_petfinder/train_images/2ecaaae2d-1.jpg,valid,Mixed Breed,,0.3299827109964987,0,Bajo,OOF desarrollo
eceb03b88,data/raw_petfinder/train_images/eceb03b88-1.jpg,train,Shih Tzu,,0.6549054006930775,1,Alto,OOF desarrollo
b92781dca,data/raw_petfinder/train_images/b92781dca-1.jpg,train,Mixed Breed,,0.4280264417814434,1,Bajo,OOF desarrollo
f5e329595,data/raw_petfinder/train_images/f5e329595-1.jpg,train,Mixed Breed,Mixed Breed,0.4728276564679721,1,Medio,OOF desarrollo
82db604c8,data/raw_petfinder/train_images/82db604c8-1.jpg,test,Mixed Breed,,0.508250919481097,1,Medio,Test fuera de muestra
e778cd78b,data/raw_petfinder/train_images/e778cd78b-1.jpg,valid,Mixed Breed,,0.4901442691175116,1,Medio,OOF desarrollo
2f8471836,data/raw_petfinder/train_images/2f8471836-1.jpg,train,Mixed Breed,,0.7016905253579411,1,Alto,OOF desarrollo
ee8ddae7b,data/raw_petfinder/train_images/ee8ddae7b-1.jpg,valid,Pug,Pit Bull Terrier,0.5326829316950588,1,Medio,OOF desarrollo
08d17d82a,data/raw_petfinder/train_images/08d17d82a-1.jpg,train,Mastiff,Mixed Breed,0.6111447096918001,1,Alto,OOF desarrollo
cb0e74ef1,data/raw_petfinder/train_images/cb0e74ef1-1.jpg,test,Akita,,0.41983517520294,1,Bajo,Test fuera de muestra
e3935c62d,data/raw_petfinder/train_images/e3935c62d-1.jpg,train,Mixed Breed,,0.4031014579242642,1,Bajo,OOF desarrollo
3e0d923df,data/raw_petfinder/train_images/3e0d923df-1.jpg,train,Dalmatian,Mixed Breed,0.547096881119328,1,Medio,OOF desarrollo
6cfbd44df,data/raw_petfinder/train_images/6cfbd44df-1.jpg,train,Mixed Breed,,0.2469271706893367,0,Bajo,OOF desarrollo
ec0ef9572,data/raw_petfinder/train_images/ec0ef9572-1.jpg,train,Border Collie,,0.3424444626438945,0,Bajo,OOF desarrollo
1a2816f0f,data/raw_petfinder/train_images/1a2816f0f-1.jpg,valid,Mixed Breed,,0.5233437322689258,1,Medio,OOF desarrollo
b32339429,data/raw_petfinder/train_images/b32339429-1.jpg,valid,Mixed Breed,,0.572892463956503,1,Medio,OOF desarrollo
c40b30ff3,data/raw_petfinder/train_images/c40b30ff3-1.jpg,train,Mixed Breed,,0.7293016762213764,1,Alto,OOF desarrollo
5de76fac6,data/raw_petfinder/train_images/5de76fac6-1.jpg,test,Terrier,Mixed Breed,0.6305615973373326,1,Alto,Test fuera de muestra
bad338993,data/raw_petfinder/train_images/bad338993-1.jpg,test,Jack Russell Terrier,,0.5604040966628129,1,Medio,Test fuera de muestra
4212729be,data/raw_petfinder/train_images/4212729be-1.jpg,train,Pug,Mixed Breed,0.6338878299570521,1,Alto,OOF desarrollo
0529ad4d9,data/raw_petfinder/train_images/0529ad4d9-1.jpg,test,Mixed Breed,,0.4377285418934495,1,Bajo,Test fuera de muestra
bb9a64e6f,data/raw_petfinder/train_images/bb9a64e6f-1.jpg,train,Mixed Breed,,0.418481662792373,1,Bajo,OOF desarrollo
5edf4d9bb,data/raw_petfinder/train_images/5edf4d9bb-1.jpg,train,Schnauzer,,0.3264488781169238,0,Bajo,OOF desarrollo
615213076,data/raw_petfinder/train_images/615213076-1.jpg,train,Beagle,,0.6195661774062764,1,Alto,OOF desarrollo
be38039cc,data/raw_petfinder/train_images/be38039cc-1.jpg,train,Mixed Breed,Mixed Breed,0.6566065500875484,1,Alto,OOF desarrollo
16a71f0de,data/raw_petfinder/train_images/16a71f0de-1.jpg,train,Mixed Breed,Mixed Breed,0.4738308362138002,1,Medio,OOF desarrollo
a8e6ad61c,data/raw_petfinder/train_images/a8e6ad61c-1.jpg,train,Labrador Retriever,,0.5622243658380744,1,Medio,OOF desarrollo
daa73505c,data/raw_petfinder/train_images/daa73505c-1.jpg,train,Shih Tzu,,0.6108280213003416,1,Alto,OOF desarrollo
1eb6e3ae1,data/raw_petfinder/train_images/1eb6e3ae1-1.jpg,train,Mixed Breed,,0.4991509294875894,1,Medio,OOF desarrollo
a4b96c3f3,data/raw_petfinder/train_images/a4b96c3f3-1.jpg,train,Mixed Breed,,0.5733717526223714,1,Medio,OOF desarrollo
0038234c6,data/raw_petfinder/train_images/0038234c6-1.jpg,train,Mixed Breed,,0.3982501211066194,1,Bajo,OOF desarrollo
4efe77aa0,data/raw_petfinder/train_images/4efe77aa0-1.jpg,train,Mixed Breed,,0.5900814799554474,1,Medio,OOF desarrollo
76de48e98,data/raw_petfinder/train_images/76de48e98-1.jpg,train,Chihuahua,Miniature Pinscher,0.4652820864477915,1,Medio,OOF desarrollo
d7454afee,data/raw_petfinder/train_images/d7454afee-1.jpg,train,Mixed Breed,,0.6399383229587535,1,Alto,OOF desarrollo
a6eb71dc0,data/raw_petfinder/train_images/a6eb71dc0-1.jpg,train,Mixed Breed,,0.2923179631956417,0,Bajo,OOF desarrollo
681be6214,data/raw_petfinder/train_images/681be6214-1.jpg,train,Terrier,Afghan Hound,0.5589826181110619,1,Medio,OOF desarrollo
26a4d7052,data/raw_petfinder/train_images/26a4d7052-1.jpg,test,Mixed Breed,,0.4067553125130901,1,Bajo,Test fuera de muestra
779bcf3fd,data/raw_petfinder/train_images/779bcf3fd-1.jpg,train,Labrador Retriever,Mixed Breed,0.6642586427297335,1,Alto,OOF desarrollo
f19397eed,data/raw_petfinder/train_images/f19397eed-1.jpg,test,Mixed Breed,,0.6563638628529772,1,Alto,Test fuera de muestra
bea8484a3,data/raw_petfinder/train_images/bea8484a3-1.jpg,train,Mixed Breed,,0.6777813039025785,1,Alto,OOF desarrollo
4ed2fba3e,data/raw_petfinder/train_images/4ed2fba3e-1.jpg,train,Mixed Breed,,0.5274530661986885,1,Medio,OOF desarrollo
2160f2109,data/raw_petfinder/train_images/2160f2109-1.jpg,train,Mixed Breed,,0.69401544532262,1,Alto,OOF desarrollo
409ccc60e,data/raw_petfinder/train_images/409ccc60e-1.jpg,test,Golden Retriever,Labrador Retriever,0.3255528102684898,0,Bajo,Test fuera de muestra
3e82bfd8d,data/raw_petfinder/train_images/3e82bfd8d-1.jpg,train,Mixed Breed,,0.3150406942146203,0,Bajo,OOF desarrollo
a52461bfd,data/raw_petfinder/train_images/a52461bfd-1.jpg,train,Mixed Breed,Dachshund,0.3064126175009429,0,Bajo,OOF desarrollo
8538f4aa1,data/raw_petfinder/train_images/8538f4aa1-1.jpg,train,Mixed Breed,,0.6823560239289013,1,Alto,OOF desarrollo
532396459,data/raw_petfinder/train_images/532396459-1.jpg,train,Mixed Breed,,0.5590952303474064,1,Medio,OOF desarrollo
8c9f6c718,data/raw_petfinder/train_images/8c9f6c718-1.jpg,train,Basenji,Mixed Breed,0.1836844028141994,0,Bajo,OOF desarrollo
e6335f2ee,data/raw_petfinder/train_images/e6335f2ee-1.jpg,train,Mixed Breed,,0.5225835423159473,1,Medio,OOF desarrollo
5f2c67ae2,data/raw_petfinder/train_images/5f2c67ae2-1.jpg,train,Mixed Breed,,0.4688557826231414,1,Medio,OOF desarrollo
4792b6d06,data/raw_petfinder/train_images/4792b6d06-1.jpg,train,Golden Retriever,Spitz,0.3363440812424612,0,Bajo,OOF desarrollo
c7cb34ee2,data/raw_petfinder/train_images/c7cb34ee2-1.jpg,train,Mixed Breed,Mixed Breed,0.4364031265429964,1,Bajo,OOF desarrollo
8e881542f,data/raw_petfinder/train_images/8e881542f-1.jpg,train,Mixed Breed,Mixed Breed,0.6120655244789364,1,Alto,OOF desarrollo
ed81d1da8,data/raw_petfinder/train_images/ed81d1da8-1.jpg,train,Rottweiler,Mixed Breed,0.4896330177598471,1,Medio,OOF desarrollo
3c2100f6e,data/raw_petfinder/train_images/3c2100f6e-1.jpg,valid,Mixed Breed,,0.7684581970850546,1,Alto,OOF desarrollo
6c594bfb0,data/raw_petfinder/train_images/6c594bfb0-1.jpg,test,Mixed Breed,,0.6419076155346524,1,Alto,Test fuera de muestra
df17a57ae,data/raw_petfinder/train_images/df17a57ae-1.jpg,test,Mixed Breed,,0.3801987876568956,0,Bajo,Test fuera de muestra
9c833c8c4,data/raw_petfinder/train_images/9c833c8c4-1.jpg,test,Mixed Breed,,0.5779216765733974,1,Medio,Test fuera de muestra
15e5b0e7d,data/raw_petfinder/train_images/15e5b0e7d-1.jpg,train,Mixed Breed,,0.5429406478831875,1,Medio,OOF desarrollo
87cf6fd3d,data/raw_petfinder/train_images/87cf6fd3d-1.jpg,test,Mixed Breed,,0.782874531349947,1,Alto,Test fuera de muestra
5e2bbb163,data/raw_petfinder/train_images/5e2bbb163-1.jpg,test,Hound,,0.4311680994077771,1,Bajo,Test fuera de muestra
68071559c,data/raw_petfinder/train_images/68071559c-1.jpg,train,Mixed Breed,German Shepherd Dog,0.2863187701834614,0,Bajo,OOF desarrollo
1253241be,data/raw_petfinder/train_images/1253241be-1.jpg,train,Mixed Breed,Labrador Retriever,0.5011907929570281,1,Medio,OOF desarrollo
a1cb8764d,data/raw_petfinder/train_images/a1cb8764d-1.jpg,train,Mixed Breed,,0.4650544496414797,1,Medio,OOF desarrollo
fe481f81c,data/raw_petfinder/train_images/fe481f81c-1.jpg,train,Mixed Breed,,0.764122056738813,1,Alto,OOF desarrollo
dc76d9fa5,data/raw_petfinder/train_images/dc76d9fa5-1.jpg,train,Mixed Breed,Mixed Breed,0.6903885510170686,1,Alto,OOF desarrollo
8328ec7f4,data/raw_petfinder/train_images/8328ec7f4-1.jpg,train,Mixed Breed,,0.5062253294912668,1,Medio,OOF desarrollo
d4dd82200,data/raw_petfinder/train_images/d4dd82200-1.jpg,valid,Mixed Breed,,0.5390870064920151,1,Medio,OOF desarrollo
25d4c7493,data/raw_petfinder/train_images/25d4c7493-1.jpg,train,Black Labrador Retriever,Rottweiler,0.2374713903171995,0,Bajo,OOF desarrollo
f5fd255aa,data/raw_petfinder/train_images/f5fd255aa-1.jpg,valid,Mixed Breed,,0.5114593826633893,1,Medio,OOF desarrollo
f6e45accc,data/raw_petfinder/train_images/f6e45accc-1.jpg,train,Mixed Breed,,0.5024851902055967,1,Medio,OOF desarrollo
c4b37d5ed,data/raw_petfinder/train_images/c4b37d5ed-1.jpg,train,Mixed Breed,,0.5492316461387087,1,Medio,OOF desarrollo
b2566d195,data/raw_petfinder/train_images/b2566d195-1.jpg,train,Mixed Breed,German Shorthaired Pointer,0.6718727617117727,1,Alto,OOF desarrollo
3a36bdba5,data/raw_petfinder/train_images/3a36bdba5-1.jpg,train,Mixed Breed,,0.6266889378246637,1,Alto,OOF desarrollo
e28bad751,data/raw_petfinder/train_images/e28bad751-1.jpg,valid,Mixed Breed,Labrador Retriever,0.6593566983392083,1,Alto,OOF desarrollo
a20d1e637,data/raw_petfinder/train_images/a20d1e637-1.jpg,train,Mixed Breed,,0.6942132210583312,1,Alto,OOF desarrollo
0497f7012,data/raw_petfinder/train_images/0497f7012-1.jpg,train,Poodle,Mixed Breed,0.6382600660980937,1,Alto,OOF desarrollo
bbe6ff890,data/raw_petfinder/train_images/bbe6ff890-1.jpg,train,Mixed Breed,,0.8443808142442937,1,Alto,OOF desarrollo
8eab07081,data/raw_petfinder/train_images/8eab07081-1.jpg,train,Rottweiler,,0.5518537097387344,1,Medio,OOF desarrollo
d605cb217,data/raw_petfinder/train_images/d605cb217-1.jpg,train,Mixed Breed,,0.4630216496573737,1,Medio,OOF desarrollo
0935ab38b,data/raw_petfinder/train_images/0935ab38b-1.jpg,valid,Maltese,,0.4871608025004504,1,Medio,OOF desarrollo
796cc971d,data/raw_petfinder/train_images/796cc971d-1.jpg,train,Mixed Breed,,0.7373320589196359,1,Alto,OOF desarrollo
c662b7876,data/raw_petfinder/train_images/c662b7876-1.jpg,test,Mixed Breed,Mixed Breed,0.5215331040611835,1,Medio,Test fuera de muestra
2f95b343a,data/raw_petfinder/train_images/2f95b343a-1.jpg,valid,Mixed Breed,Mixed Breed,0.5688727362827994,1,Medio,OOF desarrollo
e754315db,data/raw_petfinder/train_images/e754315db-1.jpg,train,Mixed Breed,,0.6454304900596426,1,Alto,OOF desarrollo
14f9ffbbc,data/raw_petfinder/train_images/14f9ffbbc-1.jpg,train,Mixed Breed,,0.3971288022909038,1,Bajo,OOF desarrollo
be55e5ef8,data/raw_petfinder/train_images/be55e5ef8-1.jpg,train,Mixed Breed,,0.6809152402682732,1,Alto,OOF desarrollo
bfdab2894,data/raw_petfinder/train_images/bfdab2894-1.jpg,train,Mixed Breed,,0.6911454733765012,1,Alto,OOF desarrollo
3a5fb3c1f,data/raw_petfinder/train_images/3a5fb3c1f-1.jpg,test,Border Collie,Mixed Breed,0.7318598212193641,1,Alto,Test fuera de muestra
2196b0156,data/raw_petfinder/train_images/2196b0156-1.jpg,valid,Labrador Retriever,,0.6140936058586208,1,Alto,OOF desarrollo
611045510,data/raw_petfinder/train_images/611045510-1.jpg,train,Mixed Breed,,0.639241872820097,1,Alto,OOF desarrollo
b660cb310,data/raw_petfinder/train_images/b660cb310-1.jpg,train,Mixed Breed,Mixed Breed,0.4182302186926447,1,Bajo,OOF desarrollo
3be154287,data/raw_petfinder/train_images/3be154287-1.jpg,test,Mixed Breed,,0.7043096048730113,1,Alto,Test fuera de muestra
e76929e2b,data/raw_petfinder/train_images/e76929e2b-1.jpg,train,Miniature Pinscher,,0.4163306378633921,1,Bajo,OOF desarrollo
5bc18f57d,data/raw_petfinder/train_images/5bc18f57d-1.jpg,valid,Mixed Breed,,0.3398592026422042,0,Bajo,OOF desarrollo
a31b05e99,data/raw_petfinder/train_images/a31b05e99-1.jpg,train,Dachshund,Samoyed,0.5721987700002924,1,Medio,OOF desarrollo
c4bcfbb1c,data/raw_petfinder/train_images/c4bcfbb1c-1.jpg,train,Mixed Breed,,0.3812814464284205,0,Bajo,OOF desarrollo
80255c391,data/raw_petfinder/train_images/80255c391-1.jpg,train,Mixed Breed,,0.5500218536078045,1,Medio,OOF desarrollo
e742a643d,data/raw_petfinder/train_images/e742a643d-1.jpg,train,Mixed Breed,,0.6983008571870508,1,Alto,OOF desarrollo
664a120bf,data/raw_petfinder/train_images/664a120bf-1.jpg,train,Schnauzer,Poodle,0.383765436127325,0,Bajo,OOF desarrollo
390c45d0c,data/raw_petfinder/train_images/390c45d0c-1.jpg,train,Mixed Breed,Siberian Husky,0.5785226899248297,1,Medio,OOF desarrollo
aa943b9a0,data/raw_petfinder/train_images/aa943b9a0-1.jpg,test,Mixed Breed,,0.3076351414504873,0,Bajo,Test fuera de muestra
8910e2c01,data/raw_petfinder/train_images/8910e2c01-1.jpg,train,Terrier,Mixed Breed,0.5044035137438463,1,Medio,OOF desarrollo
18aa41749,data/raw_petfinder/train_images/18aa41749-1.jpg,train,Mixed Breed,,0.5871403616030891,1,Medio,OOF desarrollo
4a6fea502,data/raw_petfinder/train_images/4a6fea502-1.jpg,valid,Mixed Breed,,0.419746231908663,1,Bajo,OOF desarrollo
8491fa23b,data/raw_petfinder/train_images/8491fa23b-1.jpg,train,Mixed Breed,,0.615354585653034,1,Alto,OOF desarrollo
8cb5fc48e,data/raw_petfinder/train_images/8cb5fc48e-1.jpg,valid,Mixed Breed,,0.5742963667795074,1,Medio,OOF desarrollo
e24a04c10,data/raw_petfinder/train_images/e24a04c10-1.jpg,train,Labrador Retriever,Mixed Breed,0.4902674350782023,1,Medio,OOF desarrollo
d538c491f,data/raw_petfinder/train_images/d538c491f-1.jpg,valid,Irish Setter,Retriever,0.339792451239765,0,Bajo,OOF desarrollo
355e3bdc5,data/raw_petfinder/train_images/355e3bdc5-1.jpg,valid,Mixed Breed,,0.545318256283164,1,Medio,OOF desarrollo
07558410c,data/raw_petfinder/train_images/07558410c-1.jpg,train,Mixed Breed,,0.4218592203999273,1,Bajo,OOF desarrollo
63df28877,data/raw_petfinder/train_images/63df28877-1.jpg,train,Mixed Breed,,0.5928318066532536,1,Medio,OOF desarrollo
aee44eb09,data/raw_petfinder/train_images/aee44eb09-1.jpg,train,Labrador Retriever,Mixed Breed,0.5804182636769013,1,Medio,OOF desarrollo
7218c8328,data/raw_petfinder/train_images/7218c8328-1.jpg,valid,Flat-coated Retriever,Golden Retriever,0.5845658354093248,1,Medio,OOF desarrollo
de7114b0e,data/raw_petfinder/train_images/de7114b0e-1.jpg,train,Mixed Breed,Mixed Breed,0.4222859489467008,1,Bajo,OOF desarrollo
ddb881657,data/raw_petfinder/train_images/ddb881657-1.jpg,test,German Shepherd Dog,German Shepherd Dog,0.3604668943133015,0,Bajo,Test fuera de muestra
8507df043,data/raw_petfinder/train_images/8507df043-1.jpg,valid,Mixed Breed,,0.5014225172220547,1,Medio,OOF desarrollo
a30803552,data/raw_petfinder/train_images/a30803552-1.jpg,train,Weimaraner,Mixed Breed,0.4367685531659557,1,Bajo,OOF desarrollo
476d40031,data/raw_petfinder/train_images/476d40031-1.jpg,test,English Springer Spaniel,Mixed Breed,0.7042072626277038,1,Alto,Test fuera de muestra
6a4a4b403,data/raw_petfinder/train_images/6a4a4b403-1.jpg,train,Mixed Breed,,0.409228514364281,1,Bajo,OOF desarrollo
f6e07783c,data/raw_petfinder/train_images/f6e07783c-1.jpg,valid,Poodle,Mixed Breed,0.7732986932461761,1,Alto,OOF desarrollo
41bbdb352,data/raw_petfinder/train_images/41bbdb352-1.jpg,test,Mixed Breed,Mixed Breed,0.2104874202825264,0,Bajo,Test fuera de muestra
b8daff578,data/raw_petfinder/train_images/b8daff578-1.jpg,train,Mixed Breed,,0.4648533912514083,1,Medio,OOF desarrollo
a19305a1a,data/raw_petfinder/train_images/a19305a1a-1.jpg,train,Poodle,,0.3225249212494353,0,Bajo,OOF desarrollo
133c0e6b9,data/raw_petfinder/train_images/133c0e6b9-1.jpg,train,Mixed Breed,Mixed Breed,0.3539969896158114,0,Bajo,OOF desarrollo
d1265050f,data/raw_petfinder/train_images/d1265050f-1.jpg,train,Mixed Breed,Mixed Breed,0.6489486686023969,1,Alto,OOF desarrollo
1436092b4,data/raw_petfinder/train_images/1436092b4-1.jpg,valid,Mixed Breed,,0.4577241908394649,1,Bajo,OOF desarrollo
682cbe0f9,data/raw_petfinder/train_images/682cbe0f9-1.jpg,train,Mixed Breed,,0.6678567465496743,1,Alto,OOF desarrollo
52c49d6b6,data/raw_petfinder/train_images/52c49d6b6-1.jpg,train,Shih Tzu,,0.2071197437736614,0,Bajo,OOF desarrollo
e12797ab1,data/raw_petfinder/train_images/e12797ab1-1.jpg,train,Mixed Breed,Mixed Breed,0.6101587640957624,1,Alto,OOF desarrollo
a99e4b365,data/raw_petfinder/train_images/a99e4b365-1.jpg,train,Shar Pei,,0.3612691152192429,0,Bajo,OOF desarrollo
c239d1834,data/raw_petfinder/train_images/c239d1834-1.jpg,valid,Mixed Breed,Mixed Breed,0.6032553646293353,1,Medio,OOF desarrollo
ad6e56af2,data/raw_petfinder/train_images/ad6e56af2-1.jpg,test,Mixed Breed,Mixed Breed,0.3547345803697744,0,Bajo,Test fuera de muestra
9c788a6bb,data/raw_petfinder/train_images/9c788a6bb-1.jpg,train,Mixed Breed,Mixed Breed,0.3543533164636808,0,Bajo,OOF desarrollo
c7402d13c,data/raw_petfinder/train_images/c7402d13c-1.jpg,train,Mixed Breed,,0.5835354426420009,1,Medio,OOF desarrollo
bee984e11,data/raw_petfinder/train_images/bee984e11-1.jpg,train,Mixed Breed,,0.8127173442878899,1,Alto,OOF desarrollo
158bc6f24,data/raw_petfinder/train_images/158bc6f24-1.jpg,train,Mixed Breed,,0.5000483681003149,1,Medio,OOF desarrollo
e849142b2,data/raw_petfinder/train_images/e849142b2-1.jpg,valid,Chow Chow,,0.4342409650009976,1,Bajo,OOF desarrollo
7b0d325d8,data/raw_petfinder/train_images/7b0d325d8-1.jpg,valid,Mixed Breed,,0.3773222297484123,0,Bajo,OOF desarrollo
f612d5506,data/raw_petfinder/train_images/f612d5506-1.jpg,valid,Mixed Breed,,0.8060609718835242,1,Alto,OOF desarrollo
d5abad72c,data/raw_petfinder/train_images/d5abad72c-1.jpg,train,Mixed Breed,,0.3403409010120687,0,Bajo,OOF desarrollo
71f93d157,data/raw_petfinder/train_images/71f93d157-1.jpg,train,Mixed Breed,,0.2702724477480473,0,Bajo,OOF desarrollo
3e82e76cb,data/raw_petfinder/train_images/3e82e76cb-1.jpg,test,Mixed Breed,,0.6888506122000062,1,Alto,Test fuera de muestra
1633b105b,data/raw_petfinder/train_images/1633b105b-1.jpg,train,Mixed Breed,,0.4696389349154297,1,Medio,OOF desarrollo
df2d9957f,data/raw_petfinder/train_images/df2d9957f-1.jpg,train,Golden Retriever,,0.2826993697474657,0,Bajo,OOF desarrollo
d76c4ec1e,data/raw_petfinder/train_images/d76c4ec1e-1.jpg,train,Corgi,,0.4789964539270883,1,Medio,OOF desarrollo
20e46cb8d,data/raw_petfinder/train_images/20e46cb8d-1.jpg,train,Mixed Breed,,0.7372294562306182,1,Alto,OOF desarrollo
a08030c6f,data/raw_petfinder/train_images/a08030c6f-1.jpg,train,Mixed Breed,,0.61846692029831,1,Alto,OOF desarrollo
791e6dc19,data/raw_petfinder/train_images/791e6dc19-1.jpg,valid,Shih Tzu,Shih Tzu,0.2966476952660208,0,Bajo,OOF desarrollo
213cf987d,data/raw_petfinder/train_images/213cf987d-1.jpg,train,Schnauzer,,0.2437805843144669,0,Bajo,OOF desarrollo
dd0b58409,data/raw_petfinder/train_images/dd0b58409-1.jpg,train,Mixed Breed,,0.5830508431497881,1,Medio,OOF desarrollo
7fab9b8f3,data/raw_petfinder/train_images/7fab9b8f3-1.jpg,train,Mixed Breed,,0.5833674728686689,1,Medio,OOF desarrollo
a0e71d03a,data/raw_petfinder/train_images/a0e71d03a-1.jpg,test,Mixed Breed,,0.8123012884928049,1,Alto,Test fuera de muestra
bc4ba2449,data/raw_petfinder/train_images/bc4ba2449-1.jpg,valid,Mixed Breed,,0.6934400161215641,1,Alto,OOF desarrollo
704502836,data/raw_petfinder/train_images/704502836-1.jpg,train,Mixed Breed,Mixed Breed,0.4754966273446431,1,Medio,OOF desarrollo
de59f42db,data/raw_petfinder/train_images/de59f42db-1.jpg,valid,Mixed Breed,Mixed Breed,0.4567406599558526,1,Bajo,OOF desarrollo
f4df06287,data/raw_petfinder/train_images/f4df06287-1.jpg,train,Golden Retriever,,0.5405311837205322,1,Medio,OOF desarrollo
6134ae21d,data/raw_petfinder/train_images/6134ae21d-1.jpg,train,Shiba Inu,,0.5867298114222486,1,Medio,OOF desarrollo
7b9cc47f0,data/raw_petfinder/train_images/7b9cc47f0-1.jpg,train,Mixed Breed,,0.5204975477416653,1,Medio,OOF desarrollo
69df3f618,data/raw_petfinder/train_images/69df3f618-1.jpg,valid,Mixed Breed,,0.5326372212036616,1,Medio,OOF desarrollo
72896003b,data/raw_petfinder/train_images/72896003b-1.jpg,test,Mixed Breed,,0.6972914162510475,1,Alto,Test fuera de muestra
9aa40019a,data/raw_petfinder/train_images/9aa40019a-1.jpg,valid,Mixed Breed,,0.6359516968788916,1,Alto,OOF desarrollo
e5962e049,data/raw_petfinder/train_images/e5962e049-1.jpg,train,Cocker Spaniel,Fox Terrier,0.4152534277477873,1,Bajo,OOF desarrollo
9aa5ab22f,data/raw_petfinder/train_images/9aa5ab22f-1.jpg,train,Shih Tzu,,0.3973719823257621,1,Bajo,OOF desarrollo
6db8c5110,data/raw_petfinder/train_images/6db8c5110-1.jpg,test,Terrier,Mixed Breed,0.5734398521541024,1,Medio,Test fuera de muestra
4f1bf01b6,data/raw_petfinder/train_images/4f1bf01b6-1.jpg,train,Mixed Breed,,0.4046957078476878,1,Bajo,OOF desarrollo
67e41958c,data/raw_petfinder/train_images/67e41958c-1.jpg,train,Mixed Breed,,0.4901641345552291,1,Medio,OOF desarrollo
48aa8ee7c,data/raw_petfinder/train_images/48aa8ee7c-1.jpg,test,Mixed Breed,Belgian Shepherd Malinois,0.169140880808012,0,Bajo,Test fuera de muestra
fc52c0c82,data/raw_petfinder/train_images/fc52c0c82-1.jpg,train,German Shepherd Dog,Mixed Breed,0.4677310964824572,1,Medio,OOF desarrollo
28bafb2ee,data/raw_petfinder/train_images/28bafb2ee-1.jpg,valid,Mixed Breed,,0.2947943667776542,0,Bajo,OOF desarrollo
f393a9d26,data/raw_petfinder/train_images/f393a9d26-1.jpg,valid,Mixed Breed,,0.5370463665019897,1,Medio,OOF desarrollo
f61cec80a,data/raw_petfinder/train_images/f61cec80a-1.jpg,train,Mixed Breed,,0.5688328060797283,1,Medio,OOF desarrollo
92a173c59,data/raw_petfinder/train_images/92a173c59-1.jpg,test,Golden Retriever,Mixed Breed,0.3217959826320784,0,Bajo,Test fuera de muestra
0a5be413e,data/raw_petfinder/train_images/0a5be413e-1.jpg,test,Mixed Breed,Mixed Breed,0.4774249404249885,1,Medio,Test fuera de muestra
ca113d98b,data/raw_petfinder/train_images/ca113d98b-1.jpg,train,Mixed Breed,,0.4341324728955267,1,Bajo,OOF desarrollo
57a93e9a6,data/raw_petfinder/train_images/57a93e9a6-1.jpg,valid,Doberman Pinscher,Mixed Breed,0.7530901431300691,1,Alto,OOF desarrollo
6366dd2f9,data/raw_petfinder/train_images/6366dd2f9-1.jpg,test,German Shepherd Dog,Mixed Breed,0.2885279415752205,0,Bajo,Test fuera de muestra
edf3478dc,data/raw_petfinder/train_images/edf3478dc-1.jpg,train,Mixed Breed,Mixed Breed,0.4501278158541066,1,Bajo,OOF desarrollo
2bea067f2,data/raw_petfinder/train_images/2bea067f2-1.jpg,train,Mixed Breed,Mixed Breed,0.7060299676843673,1,Alto,OOF desarrollo
b98512188,data/raw_petfinder/train_images/b98512188-1.jpg,train,Rhodesian Ridgeback,,0.6685242043351531,1,Alto,OOF desarrollo
1d5be4060,data/raw_petfinder/train_images/1d5be4060-1.jpg,test,Husky,,0.3714319783961639,0,Bajo,Test fuera de muestra
6668704bf,data/raw_petfinder/train_images/6668704bf-1.jpg,test,Siberian Husky,,0.2949618275462417,0,Bajo,Test fuera de muestra
af9d89c50,data/raw_petfinder/train_images/af9d89c50-1.jpg,train,Mixed Breed,,0.5836493332951771,1,Medio,OOF desarrollo
290c3cd9e,data/raw_petfinder/train_images/290c3cd9e-1.jpg,train,Shih Tzu,,0.414783587482577,1,Bajo,OOF desarrollo
495ce6c73,data/raw_petfinder/train_images/495ce6c73-1.jpg,valid,Pit Bull Terrier,,0.2699140781849878,0,Bajo,OOF desarrollo
bd7bae691,data/raw_petfinder/train_images/bd7bae691-1.jpg,valid,West Highland White Terrier Westie,Maltese,0.3301797437655046,0,Bajo,OOF desarrollo
2852d3c30,data/raw_petfinder/train_images/2852d3c30-1.jpg,test,Labrador Retriever,,0.3761182538921753,0,Bajo,Test fuera de muestra
ac7edef88,data/raw_petfinder/train_images/ac7edef88-1.jpg,test,Mixed Breed,,0.7451033167051977,1,Alto,Test fuera de muestra
a6e25e889,data/raw_petfinder/train_images/a6e25e889-1.jpg,valid,Mixed Breed,Mixed Breed,0.5651031723137758,1,Medio,OOF desarrollo
90dd998e2,data/raw_petfinder/train_images/90dd998e2-1.jpg,test,Labrador Retriever,Mixed Breed,0.3520711797475493,0,Bajo,Test fuera de muestra
0f9f0dd0e,data/raw_petfinder/train_images/0f9f0dd0e-1.jpg,test,Mixed Breed,Boxer,0.6128200722754473,1,Alto,Test fuera de muestra
d1f01fc04,data/raw_petfinder/train_images/d1f01fc04-1.jpg,train,Mixed Breed,,0.3415024912849747,0,Bajo,OOF desarrollo
fa3b3b348,data/raw_petfinder/train_images/fa3b3b348-1.jpg,train,Terrier,Mixed Breed,0.6462362690207073,1,Alto,OOF desarrollo
9faeb952b,data/raw_petfinder/train_images/9faeb952b-1.jpg,test,Rottweiler,,0.3030153583251047,0,Bajo,Test fuera de muestra
a996f1370,data/raw_petfinder/train_images/a996f1370-1.jpg,train,Mixed Breed,,0.5785621967857989,1,Medio,OOF desarrollo
799c6852c,data/raw_petfinder/train_images/799c6852c-1.jpg,train,Labrador Retriever,Mixed Breed,0.4588155174199568,1,Medio,OOF desarrollo
1246bed4f,data/raw_petfinder/train_images/1246bed4f-1.jpg,train,Mixed Breed,,0.6893473411099003,1,Alto,OOF desarrollo
c2109fcac,data/raw_petfinder/train_images/c2109fcac-1.jpg,train,Mixed Breed,,0.5767334407960678,1,Medio,OOF desarrollo
4529e91da,data/raw_petfinder/train_images/4529e91da-1.jpg,train,Mixed Breed,,0.2986430913609693,0,Bajo,OOF desarrollo
966aaf6e2,data/raw_petfinder/train_images/966aaf6e2-1.jpg,test,Mixed Breed,,0.4392062804555091,1,Bajo,Test fuera de muestra
0e28a90f6,data/raw_petfinder/train_images/0e28a90f6-1.jpg,train,Mixed Breed,Mixed Breed,0.363904457342012,0,Bajo,OOF desarrollo
f785304ad,data/raw_petfinder/train_images/f785304ad-1.jpg,train,Mixed Breed,Mixed Breed,0.5751721755068178,1,Medio,OOF desarrollo
69ba8d92e,data/raw_petfinder/train_images/69ba8d92e-1.jpg,train,Mixed Breed,,0.7391752412547412,1,Alto,OOF desarrollo
6fcee4bee,data/raw_petfinder/train_images/6fcee4bee-1.jpg,train,Mixed Breed,,0.376029988081859,0,Bajo,OOF desarrollo
63a542d16,data/raw_petfinder/train_images/63a542d16-1.jpg,train,Mixed Breed,Rottweiler,0.3543104238520309,0,Bajo,OOF desarrollo
ed74a9822,data/raw_petfinder/train_images/ed74a9822-1.jpg,train,Mixed Breed,Mixed Breed,0.7423117054096042,1,Alto,OOF desarrollo
a90d6fbee,data/raw_petfinder/train_images/a90d6fbee-1.jpg,train,Mixed Breed,,0.5802542429597255,1,Medio,OOF desarrollo
b73cc0f45,data/raw_petfinder/train_images/b73cc0f45-1.jpg,test,Mixed Breed,,0.6889759228206488,1,Alto,Test fuera de muestra
9ea482068,data/raw_petfinder/train_images/9ea482068-1.jpg,valid,Australian Kelpie,Mixed Breed,0.4085594734323297,1,Bajo,OOF desarrollo
d0eb1073d,data/raw_petfinder/train_images/d0eb1073d-1.jpg,train,Mixed Breed,Mixed Breed,0.7524875174987475,1,Alto,OOF desarrollo
bd8224d08,data/raw_petfinder/train_images/bd8224d08-1.jpg,train,Mixed Breed,,0.7473924043885551,1,Alto,OOF desarrollo
40c0fdccb,data/raw_petfinder/train_images/40c0fdccb-1.jpg,test,Mixed Breed,,0.5840715694446255,1,Medio,Test fuera de muestra
951d3ae42,data/raw_petfinder/train_images/951d3ae42-1.jpg,train,Mixed Breed,,0.7397717691495073,1,Alto,OOF desarrollo
9a965c1f0,data/raw_petfinder/train_images/9a965c1f0-1.jpg,train,Mixed Breed,,0.3559484469613597,0,Bajo,OOF desarrollo
dd3c902ae,data/raw_petfinder/train_images/dd3c902ae-1.jpg,test,Mixed Breed,,0.6881319065353635,1,Alto,Test fuera de muestra
abbe2568f,data/raw_petfinder/train_images/abbe2568f-1.jpg,test,Mixed Breed,,0.452754908610518,1,Bajo,Test fuera de muestra
89a6620e3,data/raw_petfinder/train_images/89a6620e3-1.jpg,train,Golden Retriever,,0.3156303199012104,0,Bajo,OOF desarrollo
8b12f497f,data/raw_petfinder/train_images/8b12f497f-1.jpg,train,Mixed Breed,,0.5014279087481207,1,Medio,OOF desarrollo
6b5f208fc,data/raw_petfinder/train_images/6b5f208fc-1.jpg,train,Shih Tzu,Terrier,0.4615551634940742,1,Medio,OOF desarrollo
da840f8d4,data/raw_petfinder/train_images/da840f8d4-1.jpg,valid,Mixed Breed,Mixed Breed,0.5558323859470062,1,Medio,OOF desarrollo
08438c720,data/raw_petfinder/train_images/08438c720-1.jpg,train,Mixed Breed,,0.4726414398121645,1,Medio,OOF desarrollo
9fd2b640f,data/raw_petfinder/train_images/9fd2b640f-1.jpg,valid,Bullmastiff,,0.4437448929392027,1,Bajo,OOF desarrollo
9e9ce66e9,data/raw_petfinder/train_images/9e9ce66e9-1.jpg,train,Golden Retriever,,0.4340516073805641,1,Bajo,OOF desarrollo
3759a1d40,data/raw_petfinder/train_images/3759a1d40-1.jpg,train,Mixed Breed,,0.4191036965630219,1,Bajo,OOF desarrollo
74363ff2b,data/raw_petfinder/train_images/74363ff2b-1.jpg,train,Mixed Breed,,0.4621426333774853,1,Medio,OOF desarrollo
91633ef0b,data/raw_petfinder/train_images/91633ef0b-1.jpg,valid,Mixed Breed,,0.7744161270592793,1,Alto,OOF desarrollo
4fbe0c2e5,data/raw_petfinder/train_images/4fbe0c2e5-1.jpg,valid,Mixed Breed,Rottweiler,0.305122913173814,0,Bajo,OOF desarrollo
a768123bd,data/raw_petfinder/train_images/a768123bd-1.jpg,train,Mixed Breed,,0.6692608208916144,1,Alto,OOF desarrollo
3e13d34d6,data/raw_petfinder/train_images/3e13d34d6-1.jpg,train,Mixed Breed,,0.4163112403623953,1,Bajo,OOF desarrollo
95b94b4ac,data/raw_petfinder/train_images/95b94b4ac-1.jpg,test,Labrador Retriever,Jack Russell Terrier,0.5135728359031397,1,Medio,Test fuera de muestra
dc549e010,data/raw_petfinder/train_images/dc549e010-1.jpg,train,Dachshund,,0.4042879101550929,1,Bajo,OOF desarrollo
442f853b2,data/raw_petfinder/train_images/442f853b2-1.jpg,train,Mixed Breed,,0.5934349264930406,1,Medio,OOF desarrollo
7b8d76961,data/raw_petfinder/train_images/7b8d76961-1.jpg,train,Mixed Breed,,0.4355916434740821,1,Bajo,OOF desarrollo
c85f29411,data/raw_petfinder/train_images/c85f29411-1.jpg,train,Mixed Breed,,0.7166396474128098,1,Alto,OOF desarrollo
0eba510fc,data/raw_petfinder/train_images/0eba510fc-1.jpg,test,Mixed Breed,,0.5326506248576452,1,Medio,Test fuera de muestra
5314d64ac,data/raw_petfinder/train_images/5314d64ac-1.jpg,test,Mixed Breed,,0.6294801561347221,1,Alto,Test fuera de muestra
eb4c66e7a,data/raw_petfinder/train_images/eb4c66e7a-1.jpg,test,Mixed Breed,Mixed Breed,0.6642832930774114,1,Alto,Test fuera de muestra
0850d4334,data/raw_petfinder/train_images/0850d4334-1.jpg,valid,Mixed Breed,,0.7860949428901958,1,Alto,OOF desarrollo
f9d566df8,data/raw_petfinder/train_images/f9d566df8-1.jpg,train,Mixed Breed,,0.5254270695930149,1,Medio,OOF desarrollo
1ef0bf320,data/raw_petfinder/train_images/1ef0bf320-1.jpg,train,Beagle,,0.6816868209418754,1,Alto,OOF desarrollo
2618aa6a2,data/raw_petfinder/train_images/2618aa6a2-1.jpg,test,Golden Retriever,Belgian Shepherd Dog Sheepdog,0.205042763726815,0,Bajo,Test fuera de muestra
92d5ac408,data/raw_petfinder/train_images/92d5ac408-1.jpg,test,Mixed Breed,,0.695825517613184,1,Alto,Test fuera de muestra
319f3e6e7,data/raw_petfinder/train_images/319f3e6e7-1.jpg,train,Mixed Breed,,0.6542230801590334,1,Alto,OOF desarrollo
fa94cdf93,data/raw_petfinder/train_images/fa94cdf93-1.jpg,train,Mixed Breed,,0.3894739331103807,0,Bajo,OOF desarrollo
a12bb119e,data/raw_petfinder/train_images/a12bb119e-1.jpg,train,Mixed Breed,,0.4547841674285987,1,Bajo,OOF desarrollo
915031b99,data/raw_petfinder/train_images/915031b99-1.jpg,valid,Mixed Breed,,0.6474901360854844,1,Alto,OOF desarrollo
21c8d5f0e,data/raw_petfinder/train_images/21c8d5f0e-1.jpg,train,Mixed Breed,,0.700473233528057,1,Alto,OOF desarrollo
6d3930bb1,data/raw_petfinder/train_images/6d3930bb1-1.jpg,train,Mixed Breed,Mixed Breed,0.5729340376248806,1,Medio,OOF desarrollo
9ce27322b,data/raw_petfinder/train_images/9ce27322b-1.jpg,valid,Shih Tzu,,0.3494916123646492,0,Bajo,OOF desarrollo
0d6cb5b69,data/raw_petfinder/train_images/0d6cb5b69-1.jpg,train,Mixed Breed,,0.4065220802136946,1,Bajo,OOF desarrollo
72f6dbb1d,data/raw_petfinder/train_images/72f6dbb1d-1.jpg,train,Mixed Breed,,0.6283012497518565,1,Alto,OOF desarrollo
0a555d688,data/raw_petfinder/train_images/0a555d688-1.jpg,train,German Shepherd Dog,Siberian Husky,0.3265270979038471,0,Bajo,OOF desarrollo
215903d75,data/raw_petfinder/train_images/215903d75-1.jpg,valid,Doberman Pinscher,Mixed Breed,0.5793367582957077,1,Medio,OOF desarrollo
311ee8343,data/raw_petfinder/train_images/311ee8343-1.jpg,train,Mixed Breed,,0.6338182830609725,1,Alto,OOF desarrollo
2cfbdd28a,data/raw_petfinder/train_images/2cfbdd28a-1.jpg,train,Mixed Breed,,0.7731336533186586,1,Alto,OOF desarrollo
4168bfd52,data/raw_petfinder/train_images/4168bfd52-1.jpg,train,Labrador Retriever,Mixed Breed,0.4272296514279113,1,Bajo,OOF desarrollo
3006cd3eb,data/raw_petfinder/train_images/3006cd3eb-1.jpg,valid,Mixed Breed,,0.4356947921257061,1,Bajo,OOF desarrollo
7d4fceffc,data/raw_petfinder/train_images/7d4fceffc-1.jpg,train,Mixed Breed,,0.4496948625303455,1,Bajo,OOF desarrollo
200a0df49,data/raw_petfinder/train_images/200a0df49-1.jpg,train,Dalmatian,Mixed Breed,0.4122231279902842,1,Bajo,OOF desarrollo
6219a1e79,data/raw_petfinder/train_images/6219a1e79-1.jpg,train,English Springer Spaniel,Mixed Breed,0.6191543819010102,1,Alto,OOF desarrollo
53e7035cf,data/raw_petfinder/train_images/53e7035cf-1.jpg,train,Mixed Breed,,0.4552127462816617,1,Bajo,OOF desarrollo
8ca443ef0,data/raw_petfinder/train_images/8ca443ef0-1.jpg,test,Basenji,Samoyed,0.5743513463392302,1,Medio,Test fuera de muestra
694a730b4,data/raw_petfinder/train_images/694a730b4-1.jpg,train,Mixed Breed,Mixed Breed,0.6322976543033438,1,Alto,OOF desarrollo
e4b550d46,data/raw_petfinder/train_images/e4b550d46-1.jpg,train,Mixed Breed,,0.2789535914225168,0,Bajo,OOF desarrollo
3c25f4969,data/raw_petfinder/train_images/3c25f4969-1.jpg,test,Mixed Breed,,0.3390323919965942,0,Bajo,Test fuera de muestra
4cfd0fac0,data/raw_petfinder/train_images/4cfd0fac0-1.jpg,train,Mixed Breed,,0.7462968730977276,1,Alto,OOF desarrollo
5dbd7f61b,data/raw_petfinder/train_images/5dbd7f61b-1.jpg,train,Mixed Breed,,0.6377418629338654,1,Alto,OOF desarrollo
72e093c41,data/raw_petfinder/train_images/72e093c41-1.jpg,test,Mixed Breed,,0.2816988902964444,0,Bajo,Test fuera de muestra
cbd289193,data/raw_petfinder/train_images/cbd289193-1.jpg,valid,Papillon,,0.3056084899912955,0,Bajo,OOF desarrollo
396910627,data/raw_petfinder/train_images/396910627-1.jpg,test,Pug,,0.611084162533055,1,Alto,Test fuera de muestra
0c752844d,data/raw_petfinder/train_images/0c752844d-1.jpg,test,Mixed Breed,,0.3795865709963588,0,Bajo,Test fuera de muestra
37ae0cd69,data/raw_petfinder/train_images/37ae0cd69-1.jpg,test,Golden Retriever,Poodle,0.3458983615843949,0,Bajo,Test fuera de muestra
3cd5d9102,data/raw_petfinder/train_images/3cd5d9102-1.jpg,train,Golden Retriever,Mixed Breed,0.3513459807511958,0,Bajo,OOF desarrollo
1042ee67b,data/raw_petfinder/train_images/1042ee67b-1.jpg,test,Beagle,,0.6919550831823629,1,Alto,Test fuera de muestra
f3a5451b9,data/raw_petfinder/train_images/f3a5451b9-1.jpg,test,Jack Russell Terrier,,0.4307697353551871,1,Bajo,Test fuera de muestra
7e8c5d816,data/raw_petfinder/train_images/7e8c5d816-1.jpg,train,Mixed Breed,,0.4347438667966239,1,Bajo,OOF desarrollo
0a40d8c85,data/raw_petfinder/train_images/0a40d8c85-1.jpg,train,Mixed Breed,,0.4454356198417534,1,Bajo,OOF desarrollo
6d98621a6,data/raw_petfinder/train_images/6d98621a6-1.jpg,test,Shih Tzu,,0.4068473329072909,1,Bajo,Test fuera de muestra
86ce90970,data/raw_petfinder/train_images/86ce90970-1.jpg,train,Mixed Breed,,0.6081825416247371,1,Alto,OOF desarrollo
dcc0d8482,data/raw_petfinder/train_images/dcc0d8482-1.jpg,train,Mixed Breed,,0.4081207636071371,1,Bajo,OOF desarrollo
d4427513d,data/raw_petfinder/train_images/d4427513d-1.jpg,test,Mixed Breed,,0.5794823111662637,1,Medio,Test fuera de muestra
48c5a3c40,data/raw_petfinder/train_images/48c5a3c40-1.jpg,test,Mixed Breed,,0.6189115203616297,1,Alto,Test fuera de muestra
e8f7d9542,data/raw_petfinder/train_images/e8f7d9542-1.jpg,test,Mixed Breed,,0.5388255435357798,1,Medio,Test fuera de muestra
6d18cc71d,data/raw_petfinder/train_images/6d18cc71d-1.jpg,train,Mixed Breed,,0.7476907537327195,1,Alto,OOF desarrollo
564ad520f,data/raw_petfinder/train_images/564ad520f-1.jpg,train,Mixed Breed,,0.4774690271363612,1,Medio,OOF desarrollo
b0e26c028,data/raw_petfinder/train_images/b0e26c028-1.jpg,train,Mixed Breed,,0.4106296436788686,1,Bajo,OOF desarrollo
611c6421b,data/raw_petfinder/train_images/611c6421b-1.jpg,train,Labrador Retriever,Mixed Breed,0.3686220499380712,0,Bajo,OOF desarrollo
bec55c577,data/raw_petfinder/train_images/bec55c577-1.jpg,train,Mixed Breed,,0.5324462635839087,1,Medio,OOF desarrollo
cf8e988f5,data/raw_petfinder/train_images/cf8e988f5-1.jpg,train,Mixed Breed,,0.4100398359263109,1,Bajo,OOF desarrollo
5f0efae69,data/raw_petfinder/train_images/5f0efae69-1.jpg,train,Mixed Breed,,0.5573130626221616,1,Medio,OOF desarrollo
9b71a3c06,data/raw_petfinder/train_images/9b71a3c06-1.jpg,train,Mixed Breed,,0.3828578099830938,0,Bajo,OOF desarrollo
5f7343089,data/raw_petfinder/train_images/5f7343089-1.jpg,train,Mixed Breed,,0.4582939392795886,1,Medio,OOF desarrollo
785a95244,data/raw_petfinder/train_images/785a95244-1.jpg,train,Mixed Breed,,0.5120060297624972,1,Medio,OOF desarrollo
fdd77ab31,data/raw_petfinder/train_images/fdd77ab31-1.jpg,train,Shih Tzu,Shih Tzu,0.4435727623596657,1,Bajo,OOF desarrollo
e58a12b66,data/raw_petfinder/train_images/e58a12b66-1.jpg,test,Mixed Breed,,0.4688547365133119,1,Medio,Test fuera de muestra
a21b2a42c,data/raw_petfinder/train_images/a21b2a42c-1.jpg,train,Mixed Breed,,0.604770154426028,1,Medio,OOF desarrollo
f65fe3e26,data/raw_petfinder/train_images/f65fe3e26-1.jpg,test,Rottweiler,Mixed Breed,0.4602691669766396,1,Medio,Test fuera de muestra
f41112ee1,data/raw_petfinder/train_images/f41112ee1-1.jpg,test,Mixed Breed,German Shepherd Dog,0.5009188504321468,1,Medio,Test fuera de muestra
7e4ac998c,data/raw_petfinder/train_images/7e4ac998c-1.jpg,train,Mixed Breed,Mixed Breed,0.818422877288584,1,Alto,OOF desarrollo
2eb4fa594,data/raw_petfinder/train_images/2eb4fa594-1.jpg,train,Mixed Breed,,0.5557834642220238,1,Medio,OOF desarrollo
d30c88c64,data/raw_petfinder/train_images/d30c88c64-1.jpg,train,Corgi,Mixed Breed,0.5181593034302828,1,Medio,OOF desarrollo
dffd9f2ff,data/raw_petfinder/train_images/dffd9f2ff-1.jpg,train,Mixed Breed,,0.3847963346670705,0,Bajo,OOF desarrollo
161718095,data/raw_petfinder/train_images/161718095-1.jpg,valid,Mixed Breed,,0.3978063247153741,1,Bajo,OOF desarrollo
20fc75f2c,data/raw_petfinder/train_images/20fc75f2c-1.jpg,valid,Beagle,,0.6275611322720787,1,Alto,OOF desarrollo
81015c1aa,data/raw_petfinder/train_images/81015c1aa-1.jpg,train,Mixed Breed,Mixed Breed,0.3979984732944082,1,Bajo,OOF desarrollo
945346188,data/raw_petfinder/train_images/945346188-1.jpg,train,Mixed Breed,,0.759969073516731,1,Alto,OOF desarrollo
427acc248,data/raw_petfinder/train_images/427acc248-1.jpg,train,Golden Retriever,,0.4841196942722926,1,Medio,OOF desarrollo
64f563069,data/raw_petfinder/train_images/64f563069-1.jpg,test,Poodle,Silky Terrier,0.7088808627612242,1,Alto,Test fuera de muestra
2de05ee7d,data/raw_petfinder/train_images/2de05ee7d-1.jpg,train,Mixed Breed,Mixed Breed,0.7502140315192282,1,Alto,OOF desarrollo
1082982dc,data/raw_petfinder/train_images/1082982dc-1.jpg,train,Mixed Breed,Mixed Breed,0.5538772468989814,1,Medio,OOF desarrollo
2c23cf72e,data/raw_petfinder/train_images/2c23cf72e-1.jpg,train,Mixed Breed,,0.4394780010212301,1,Bajo,OOF desarrollo
790e639ed,data/raw_petfinder/train_images/790e639ed-1.jpg,train,Mixed Breed,,0.6242022688679904,1,Alto,OOF desarrollo
2e3c988cd,data/raw_petfinder/train_images/2e3c988cd-1.jpg,train,Mixed Breed,Mixed Breed,0.4843068837320221,1,Medio,OOF desarrollo
6a864757b,data/raw_petfinder/train_images/6a864757b-1.jpg,train,Mixed Breed,,0.4262625641853916,1,Bajo,OOF desarrollo
0b24f7e7f,data/raw_petfinder/train_images/0b24f7e7f-1.jpg,test,Mixed Breed,Mixed Breed,0.667749389331721,1,Alto,Test fuera de muestra
f527634f7,data/raw_petfinder/train_images/f527634f7-1.jpg,train,Mixed Breed,,0.3777833552319036,0,Bajo,OOF desarrollo
5ef0ffe23,data/raw_petfinder/train_images/5ef0ffe23-1.jpg,test,Mixed Breed,Mixed Breed,0.4502063636180713,1,Bajo,Test fuera de muestra
eb21c0250,data/raw_petfinder/train_images/eb21c0250-1.jpg,train,Cocker Spaniel,,0.468789049448865,1,Medio,OOF desarrollo
938bcb826,data/raw_petfinder/train_images/938bcb826-1.jpg,test,Mixed Breed,Mixed Breed,0.3199080012864497,0,Bajo,Test fuera de muestra
f642366b6,data/raw_petfinder/train_images/f642366b6-1.jpg,test,Poodle,,0.2907517293780647,0,Bajo,Test fuera de muestra
fa18941f4,data/raw_petfinder/train_images/fa18941f4-1.jpg,train,Husky,German Shepherd Dog,0.2672140555313458,0,Bajo,OOF desarrollo
742cced96,data/raw_petfinder/train_images/742cced96-1.jpg,train,Mixed Breed,Shar Pei,0.3729695969645737,0,Bajo,OOF desarrollo
ab9dd85b2,data/raw_petfinder/train_images/ab9dd85b2-1.jpg,train,Labrador Retriever,Mixed Breed,0.5823705795824448,1,Medio,OOF desarrollo
6d1596957,data/raw_petfinder/train_images/6d1596957-1.jpg,test,Mixed Breed,,0.4035189482371697,1,Bajo,Test fuera de muestra
62bf4037c,data/raw_petfinder/train_images/62bf4037c-1.jpg,test,Hound,Mixed Breed,0.4649295720131283,1,Medio,Test fuera de muestra
b73cf161f,data/raw_petfinder/train_images/b73cf161f-1.jpg,valid,Mixed Breed,,0.626824201621787,1,Alto,OOF desarrollo
1baea0d16,data/raw_petfinder/train_images/1baea0d16-1.jpg,train,Poodle,,0.414353896037254,1,Bajo,OOF desarrollo
89f229ee8,data/raw_petfinder/train_images/89f229ee8-1.jpg,train,Mixed Breed,,0.6885395042516114,1,Alto,OOF desarrollo
1925aff9d,data/raw_petfinder/train_images/1925aff9d-1.jpg,train,Mixed Breed,,0.6270659146129214,1,Alto,OOF desarrollo
106de20f0,data/raw_petfinder/train_images/106de20f0-1.jpg,test,Mixed Breed,,0.7771930450596505,1,Alto,Test fuera de muestra
109823680,data/raw_petfinder/train_images/109823680-1.jpg,test,Mixed Breed,,0.6280707762442814,1,Alto,Test fuera de muestra
955e7c5cf,data/raw_petfinder/train_images/955e7c5cf-1.jpg,valid,Mixed Breed,,0.697363126683819,1,Alto,OOF desarrollo
6e14e0fa4,data/raw_petfinder/train_images/6e14e0fa4-1.jpg,train,Mixed Breed,,0.4352305262998129,1,Bajo,OOF desarrollo
f031aaaef,data/raw_petfinder/train_images/f031aaaef-1.jpg,train,Mixed Breed,,0.3121650173376966,0,Bajo,OOF desarrollo
1e8d8e53e,data/raw_petfinder/train_images/1e8d8e53e-1.jpg,train,Yellow Labrador Retriever,Mixed Breed,0.4880454033200828,1,Medio,OOF desarrollo
15f00daac,data/raw_petfinder/train_images/15f00daac-1.jpg,valid,Mixed Breed,,0.5330253798173379,1,Medio,OOF desarrollo
4595acb4d,data/raw_petfinder/train_images/4595acb4d-1.jpg,valid,Mixed Breed,,0.5924275610716587,1,Medio,OOF desarrollo
4e9f82a98,data/raw_petfinder/train_images/4e9f82a98-1.jpg,train,Labrador Retriever,,0.4795254827004375,1,Medio,OOF desarrollo
a09008d49,data/raw_petfinder/train_images/a09008d49-1.jpg,test,Mixed Breed,,0.6447292115637826,1,Alto,Test fuera de muestra
8bc07d296,data/raw_petfinder/train_images/8bc07d296-1.jpg,train,Labrador Retriever,Mixed Breed,0.3886417233893212,0,Bajo,OOF desarrollo
7dac377c6,data/raw_petfinder/train_images/7dac377c6-1.jpg,test,Mixed Breed,,0.671321877987558,1,Alto,Test fuera de muestra
46c834c70,data/raw_petfinder/train_images/46c834c70-1.jpg,train,Mixed Breed,,0.5088415679351611,1,Medio,OOF desarrollo
d0956e39e,data/raw_petfinder/train_images/d0956e39e-1.jpg,train,Mixed Breed,,0.4824807916401645,1,Medio,OOF desarrollo
991519fdb,data/raw_petfinder/train_images/991519fdb-1.jpg,train,Terrier,Schnauzer,0.4562636474430001,1,Bajo,OOF desarrollo
8aa432e1d,data/raw_petfinder/train_images/8aa432e1d-1.jpg,train,Doberman Pinscher,Doberman Pinscher,0.3540987795615894,0,Bajo,OOF desarrollo
21d79f603,data/raw_petfinder/train_images/21d79f603-1.jpg,test,Mixed Breed,,0.5445065861453704,1,Medio,Test fuera de muestra
b386d20ba,data/raw_petfinder/train_images/b386d20ba-1.jpg,test,Mixed Breed,,0.5420443033514105,1,Medio,Test fuera de muestra
19abfb0c6,data/raw_petfinder/train_images/19abfb0c6-1.jpg,train,Mixed Breed,,0.6170825213004999,1,Alto,OOF desarrollo
f017041ca,data/raw_petfinder/train_images/f017041ca-1.jpg,train,Husky,,0.3276309819113968,0,Bajo,OOF desarrollo
907f77c78,data/raw_petfinder/train_images/907f77c78-1.jpg,train,Mixed Breed,,0.6035392673709463,1,Medio,OOF desarrollo
d4d84523a,data/raw_petfinder/train_images/d4d84523a-1.jpg,train,Shih Tzu,,0.2528380275096294,0,Bajo,OOF desarrollo
222afe2dd,data/raw_petfinder/train_images/222afe2dd-1.jpg,train,German Shepherd Dog,Mixed Breed,0.6374150731595423,1,Alto,OOF desarrollo
6c17339fe,data/raw_petfinder/train_images/6c17339fe-1.jpg,test,Mixed Breed,Mixed Breed,0.5918448405037,1,Medio,Test fuera de muestra
ae518aff9,data/raw_petfinder/train_images/ae518aff9-1.jpg,train,Mixed Breed,,0.8299860654066897,1,Alto,OOF desarrollo
d41aa1c62,data/raw_petfinder/train_images/d41aa1c62-1.jpg,train,Mixed Breed,Mixed Breed,0.7086458633351962,1,Alto,OOF desarrollo
ff601e5ec,data/raw_petfinder/train_images/ff601e5ec-1.jpg,train,Golden Retriever,Mixed Breed,0.670617833608801,1,Alto,OOF desarrollo
4446dde7e,data/raw_petfinder/train_images/4446dde7e-1.jpg,valid,Shih Tzu,,0.4382966051695249,1,Bajo,OOF desarrollo
a2cd0e1e4,data/raw_petfinder/train_images/a2cd0e1e4-1.jpg,train,Poodle,Mixed Breed,0.6982905408491035,1,Alto,OOF desarrollo
4d7573c5e,data/raw_petfinder/train_images/4d7573c5e-1.jpg,train,Mixed Breed,,0.605363634207365,1,Alto,OOF desarrollo
a36b60379,data/raw_petfinder/train_images/a36b60379-1.jpg,test,Golden Retriever,,0.2364060173845679,0,Bajo,Test fuera de muestra
6648175ff,data/raw_petfinder/train_images/6648175ff-1.jpg,valid,Mixed Breed,,0.5292667632646231,1,Medio,OOF desarrollo
5e696928a,data/raw_petfinder/train_images/5e696928a-1.jpg,train,Mixed Breed,,0.523260526527531,1,Medio,OOF desarrollo
8a9d11c50,data/raw_petfinder/train_images/8a9d11c50-1.jpg,train,Belgian Shepherd Malinois,,0.3806642525703405,0,Bajo,OOF desarrollo
7a6a9aace,data/raw_petfinder/train_images/7a6a9aace-1.jpg,train,Mixed Breed,,0.4154700138170564,1,Bajo,OOF desarrollo
502a2a9db,data/raw_petfinder/train_images/502a2a9db-1.jpg,train,Mixed Breed,Golden Retriever,0.7323922331680073,1,Alto,OOF desarrollo
729f4d5fa,data/raw_petfinder/train_images/729f4d5fa-1.jpg,train,Labrador Retriever,Mixed Breed,0.3471016608655344,0,Bajo,OOF desarrollo
6eef41768,data/raw_petfinder/train_images/6eef41768-1.jpg,train,Mixed Breed,,0.5415678985353464,1,Medio,OOF desarrollo
175926b9c,data/raw_petfinder/train_images/175926b9c-1.jpg,train,Shih Tzu,,0.3901557532467986,1,Bajo,OOF desarrollo
1a56bb056,data/raw_petfinder/train_images/1a56bb056-1.jpg,train,Mixed Breed,,0.5606969333033924,1,Medio,OOF desarrollo
ac3d34246,data/raw_petfinder/train_images/ac3d34246-1.jpg,valid,Mixed Breed,Mixed Breed,0.6033456473125715,1,Medio,OOF desarrollo
04c4a7493,data/raw_petfinder/train_images/04c4a7493-1.jpg,train,Shih Tzu,,0.2155517561250474,0,Bajo,OOF desarrollo
f2816bd92,data/raw_petfinder/train_images/f2816bd92-1.jpg,train,Mixed Breed,,0.5575104451596503,1,Medio,OOF desarrollo
ce18c7a4b,data/raw_petfinder/train_images/ce18c7a4b-1.jpg,valid,Mixed Breed,,0.380818744087952,0,Bajo,OOF desarrollo
8a6d97169,data/raw_petfinder/train_images/8a6d97169-1.jpg,valid,Poodle,Mixed Breed,0.5769379632970849,1,Medio,OOF desarrollo
2de2cbdcf,data/raw_petfinder/train_images/2de2cbdcf-1.jpg,train,Mixed Breed,Mixed Breed,0.5964145142647113,1,Medio,OOF desarrollo
158b502d3,data/raw_petfinder/train_images/158b502d3-1.jpg,test,Mixed Breed,,0.6728208401408636,1,Alto,Test fuera de muestra
629df03ce,data/raw_petfinder/train_images/629df03ce-1.jpg,train,Mixed Breed,Labrador Retriever,0.7140584913857707,1,Alto,OOF desarrollo
132cc7d6c,data/raw_petfinder/train_images/132cc7d6c-1.jpg,valid,Mixed Breed,Mixed Breed,0.7158319018815498,1,Alto,OOF desarrollo
c9928594c,data/raw_petfinder/train_images/c9928594c-1.jpg,valid,Mixed Breed,,0.4254238931042036,1,Bajo,OOF desarrollo
03a694927,data/raw_petfinder/train_images/03a694927-1.jpg,train,Mixed Breed,,0.3758470214006102,0,Bajo,OOF desarrollo
f91ffd577,data/raw_petfinder/train_images/f91ffd577-1.jpg,train,Mixed Breed,,0.8175539265705021,1,Alto,OOF desarrollo
9223ca4fa,data/raw_petfinder/train_images/9223ca4fa-1.jpg,train,Mixed Breed,,0.4685478648137599,1,Medio,OOF desarrollo
ac495f25b,data/raw_petfinder/train_images/ac495f25b-1.jpg,test,Mixed Breed,Mixed Breed,0.4247159209058477,1,Bajo,Test fuera de muestra
ead9fb6b7,data/raw_petfinder/train_images/ead9fb6b7-1.jpg,test,Mixed Breed,,0.76641375220121,1,Alto,Test fuera de muestra
512bf1e8a,data/raw_petfinder/train_images/512bf1e8a-1.jpg,test,Rottweiler,,0.4435104331750346,1,Bajo,Test fuera de muestra
e96c2483c,data/raw_petfinder/train_images/e96c2483c-1.jpg,train,Schnauzer,Schnauzer,0.3342444168721529,0,Bajo,OOF desarrollo
98e1a3f01,data/raw_petfinder/train_images/98e1a3f01-1.jpg,train,Doberman Pinscher,,0.4160048418247339,1,Bajo,OOF desarrollo
164857bd8,data/raw_petfinder/train_images/164857bd8-1.jpg,train,Mixed Breed,Labrador Retriever,0.5388800009583377,1,Medio,OOF desarrollo
d7a772967,data/raw_petfinder/train_images/d7a772967-1.jpg,train,Terrier,Mixed Breed,0.4585067993819791,1,Medio,OOF desarrollo
57d556084,data/raw_petfinder/train_images/57d556084-1.jpg,test,Mixed Breed,,0.5633448933051235,1,Medio,Test fuera de muestra
02a2a622c,data/raw_petfinder/train_images/02a2a622c-1.jpg,train,Mixed Breed,,0.5640905931609985,1,Medio,OOF desarrollo
3b1391dda,data/raw_petfinder/train_images/3b1391dda-1.jpg,train,Dalmatian,,0.4847626131831263,1,Medio,OOF desarrollo
88cc9be30,data/raw_petfinder/train_images/88cc9be30-1.jpg,valid,Mixed Breed,Mixed Breed,0.5249429606643261,1,Medio,OOF desarrollo
3bf6cdab0,data/raw_petfinder/train_images/3bf6cdab0-1.jpg,test,Chihuahua,,0.337419620996696,0,Bajo,Test fuera de muestra
db095d92a,data/raw_petfinder/train_images/db095d92a-1.jpg,train,Mixed Breed,,0.6776602171297685,1,Alto,OOF desarrollo
51714821c,data/raw_petfinder/train_images/51714821c-1.jpg,test,Mixed Breed,,0.4176638704991759,1,Bajo,Test fuera de muestra
220d4394a,data/raw_petfinder/train_images/220d4394a-1.jpg,train,Mixed Breed,,0.3447885368756542,0,Bajo,OOF desarrollo
402e83205,data/raw_petfinder/train_images/402e83205-1.jpg,valid,Mixed Breed,,0.5738026150752201,1,Medio,OOF desarrollo
c14530f38,data/raw_petfinder/train_images/c14530f38-1.jpg,train,Miniature Pinscher,,0.4508849601095407,1,Bajo,OOF desarrollo
ecaf2b938,data/raw_petfinder/train_images/ecaf2b938-1.jpg,train,Mixed Breed,,0.4631511753814789,1,Medio,OOF desarrollo
d2512e37a,data/raw_petfinder/train_images/d2512e37a-1.jpg,train,Mixed Breed,,0.4989452283215439,1,Medio,OOF desarrollo
2e1448ee0,data/raw_petfinder/train_images/2e1448ee0-1.jpg,train,Mixed Breed,Belgian Shepherd Malinois,0.2176932637246706,0,Bajo,OOF desarrollo
c78fa1a45,data/raw_petfinder/train_images/c78fa1a45-1.jpg,train,Mixed Breed,,0.7252773726983363,1,Alto,OOF desarrollo
dbfb1869f,data/raw_petfinder/train_images/dbfb1869f-1.jpg,valid,Mixed Breed,Terrier,0.730400860932316,1,Alto,OOF desarrollo
1c7619fdc,data/raw_petfinder/train_images/1c7619fdc-1.jpg,train,Miniature Pinscher,Mixed Breed,0.7555736653346276,1,Alto,OOF desarrollo
eb307c1f0,data/raw_petfinder/train_images/eb307c1f0-1.jpg,train,Shih Tzu,,0.5486177394637337,1,Medio,OOF desarrollo
02a084920,data/raw_petfinder/train_images/02a084920-1.jpg,valid,Mixed Breed,,0.456591754039061,1,Bajo,OOF desarrollo
d42b92c05,data/raw_petfinder/train_images/d42b92c05-1.jpg,valid,Terrier,Mixed Breed,0.4010994404415101,1,Bajo,OOF desarrollo
3161fe0f4,data/raw_petfinder/train_images/3161fe0f4-1.jpg,test,Mixed Breed,Mixed Breed,0.6663574981081246,1,Alto,Test fuera de muestra
f97c8edc4,data/raw_petfinder/train_images/f97c8edc4-1.jpg,train,Mixed Breed,,0.5232313925706421,1,Medio,OOF desarrollo
c31714ab2,data/raw_petfinder/train_images/c31714ab2-1.jpg,train,Mixed Breed,,0.5154302409330894,1,Medio,OOF desarrollo
6a9d18d89,data/raw_petfinder/train_images/6a9d18d89-1.jpg,valid,Miniature Pinscher,Mixed Breed,0.5388744115243772,1,Medio,OOF desarrollo
fb00c8969,data/raw_petfinder/train_images/fb00c8969-1.jpg,test,Mixed Breed,Labrador Retriever,0.5583881806841829,1,Medio,Test fuera de muestra
f66357936,data/raw_petfinder/train_images/f66357936-1.jpg,test,Mixed Breed,,0.5665181499997931,1,Medio,Test fuera de muestra
8ab591301,data/raw_petfinder/train_images/8ab591301-1.jpg,valid,Mixed Breed,Jack Russell Terrier,0.7589806945733397,1,Alto,OOF desarrollo
aefff4a06,data/raw_petfinder/train_images/aefff4a06-1.jpg,train,Mixed Breed,,0.6399947881752249,1,Alto,OOF desarrollo
7dfa4e393,data/raw_petfinder/train_images/7dfa4e393-1.jpg,train,Silky Terrier,,0.4979383139745446,1,Medio,OOF desarrollo
09c7b610e,data/raw_petfinder/train_images/09c7b610e-1.jpg,train,Mixed Breed,,0.3864738607898131,0,Bajo,OOF desarrollo
245b99f60,data/raw_petfinder/train_images/245b99f60-1.jpg,valid,Border Collie,,0.3271344992343398,0,Bajo,OOF desarrollo
2d304409b,data/raw_petfinder/train_images/2d304409b-1.jpg,train,Mixed Breed,,0.3964905960017719,1,Bajo,OOF desarrollo
af56651cb,data/raw_petfinder/train_images/af56651cb-1.jpg,train,Mixed Breed,,0.5803250110142324,1,Medio,OOF desarrollo
50cbc6c8f,data/raw_petfinder/train_images/50cbc6c8f-1.jpg,train,Mixed Breed,,0.3159940502705566,0,Bajo,OOF desarrollo
2a36bc3b5,data/raw_petfinder/train_images/2a36bc3b5-1.jpg,train,Mixed Breed,,0.2600295346820767,0,Bajo,OOF desarrollo
e976f3d3a,data/raw_petfinder/train_images/e976f3d3a-1.jpg,test,Mixed Breed,,0.6549845542871595,1,Alto,Test fuera de muestra
e2e7a93fe,data/raw_petfinder/train_images/e2e7a93fe-1.jpg,valid,Mixed Breed,,0.3223025198795765,0,Bajo,OOF desarrollo
0ea2638e9,data/raw_petfinder/train_images/0ea2638e9-1.jpg,train,Mixed Breed,,0.4635295527521799,1,Medio,OOF desarrollo
75bd3a017,data/raw_petfinder/train_images/75bd3a017-1.jpg,train,Mixed Breed,,0.7331540845042877,1,Alto,OOF desarrollo
6c61c33ee,data/raw_petfinder/train_images/6c61c33ee-1.jpg,train,Mixed Breed,Mixed Breed,0.4403089179371459,1,Bajo,OOF desarrollo
e40290fa0,data/raw_petfinder/train_images/e40290fa0-1.jpg,train,Mixed Breed,,0.6310596199513676,1,Alto,OOF desarrollo
17b2d4cd6,data/raw_petfinder/train_images/17b2d4cd6-1.jpg,train,Mixed Breed,,0.5182829058585998,1,Medio,OOF desarrollo
da8cfd914,data/raw_petfinder/train_images/da8cfd914-1.jpg,train,Poodle,,0.3831174543745337,0,Bajo,OOF desarrollo
f7eb5dd36,data/raw_petfinder/train_images/f7eb5dd36-1.jpg,test,Mixed Breed,,0.4680209248431163,1,Medio,Test fuera de muestra
945a7a8dd,data/raw_petfinder/train_images/945a7a8dd-1.jpg,train,Mixed Breed,Mixed Breed,0.7029212395155742,1,Alto,OOF desarrollo
3e50a5575,data/raw_petfinder/train_images/3e50a5575-1.jpg,train,Mixed Breed,Spitz,0.4548911789539623,1,Bajo,OOF desarrollo
5bb7dbfc2,data/raw_petfinder/train_images/5bb7dbfc2-1.jpg,train,Shepherd,Mixed Breed,0.2876949738616688,0,Bajo,OOF desarrollo
5f0bfe5a9,data/raw_petfinder/train_images/5f0bfe5a9-1.jpg,train,Doberman Pinscher,Mixed Breed,0.6037736886702006,1,Medio,OOF desarrollo
0c2549da5,data/raw_petfinder/train_images/0c2549da5-1.jpg,train,Terrier,Mixed Breed,0.4243577303063718,1,Bajo,OOF desarrollo
6d18707ee,data/raw_petfinder/train_images/6d18707ee-1.jpg,train,Setter,Labrador Retriever,0.5331169476713153,1,Medio,OOF desarrollo
9c803d826,data/raw_petfinder/train_images/9c803d826-1.jpg,train,Golden Retriever,,0.5511916817258236,1,Medio,OOF desarrollo
3c5a98448,data/raw_petfinder/train_images/3c5a98448-1.jpg,valid,Mixed Breed,,0.6483302527311418,1,Alto,OOF desarrollo
0149d04e7,data/raw_petfinder/train_images/0149d04e7-1.jpg,test,Mixed Breed,,0.233600274881825,0,Bajo,Test fuera de muestra
6ad5aa95c,data/raw_petfinder/train_images/6ad5aa95c-1.jpg,test,Mixed Breed,,0.3362716306901441,0,Bajo,Test fuera de muestra
1ef3f5030,data/raw_petfinder/train_images/1ef3f5030-1.jpg,train,Mixed Breed,,0.3631647484515911,0,Bajo,OOF desarrollo
a63c59c80,data/raw_petfinder/train_images/a63c59c80-1.jpg,train,Mixed Breed,,0.3188284124354126,0,Bajo,OOF desarrollo
6c2fa49e8,data/raw_petfinder/train_images/6c2fa49e8-1.jpg,test,Mixed Breed,,0.5520310244596998,1,Medio,Test fuera de muestra
f1c03b3d0,data/raw_petfinder/train_images/f1c03b3d0-1.jpg,train,Mixed Breed,Mixed Breed,0.6533475472563837,1,Alto,OOF desarrollo
400a15912,data/raw_petfinder/train_images/400a15912-1.jpg,train,Terrier,Mixed Breed,0.4936045705943311,1,Medio,OOF desarrollo
040736f83,data/raw_petfinder/train_images/040736f83-1.jpg,train,Mixed Breed,,0.4541342897275847,1,Bajo,OOF desarrollo
d4c6c89ab,data/raw_petfinder/train_images/d4c6c89ab-1.jpg,valid,Mixed Breed,,0.6145552818527833,1,Alto,OOF desarrollo
09807c555,data/raw_petfinder/train_images/09807c555-1.jpg,test,Mixed Breed,,0.8216429954973771,1,Alto,Test fuera de muestra
28484f496,data/raw_petfinder/train_images/28484f496-1.jpg,train,Mixed Breed,Mixed Breed,0.2430171714375671,0,Bajo,OOF desarrollo
60aca92c5,data/raw_petfinder/train_images/60aca92c5-1.jpg,train,Mixed Breed,Beagle,0.724850094150421,1,Alto,OOF desarrollo
0b3deeb66,data/raw_petfinder/train_images/0b3deeb66-1.jpg,train,Mixed Breed,,0.3398035358545507,0,Bajo,OOF desarrollo
8f2daa8e3,data/raw_petfinder/train_images/8f2daa8e3-1.jpg,train,German Shepherd Dog,Spitz,0.4265654279604807,1,Bajo,OOF desarrollo
50418fb29,data/raw_petfinder/train_images/50418fb29-1.jpg,valid,Mixed Breed,,0.5290294178158197,1,Medio,OOF desarrollo
27b2c806b,data/raw_petfinder/train_images/27b2c806b-1.jpg,test,Mixed Breed,,0.3171897137606475,0,Bajo,Test fuera de muestra
393e0c8a5,data/raw_petfinder/train_images/393e0c8a5-1.jpg,train,Mixed Breed,,0.4719644418629219,1,Medio,OOF desarrollo
007bc1db4,data/raw_petfinder/train_images/007bc1db4-1.jpg,train,Mixed Breed,,0.6983702084484917,1,Alto,OOF desarrollo
13469fc6a,data/raw_petfinder/train_images/13469fc6a-1.jpg,train,Mixed Breed,,0.4543673635063077,1,Bajo,OOF desarrollo
e1052f933,data/raw_petfinder/train_images/e1052f933-1.jpg,test,Mixed Breed,,0.7448521749517154,1,Alto,Test fuera de muestra
eb6c579d5,data/raw_petfinder/train_images/eb6c579d5-1.jpg,test,Mixed Breed,,0.3789829308460344,0,Bajo,Test fuera de muestra
2f4b73413,data/raw_petfinder/train_images/2f4b73413-1.jpg,train,Mixed Breed,,0.7301442946321579,1,Alto,OOF desarrollo
94dc20e92,data/raw_petfinder/train_images/94dc20e92-1.jpg,train,Mixed Breed,,0.7361810192185438,1,Alto,OOF desarrollo
7f6cdf26b,data/raw_petfinder/train_images/7f6cdf26b-1.jpg,train,Pit Bull Terrier,Mixed Breed,0.4109037455350781,1,Bajo,OOF desarrollo
207c24fd3,data/raw_petfinder/train_images/207c24fd3-1.jpg,train,Jack Russell Terrier,,0.6552023409600184,1,Alto,OOF desarrollo
52d65015d,data/raw_petfinder/train_images/52d65015d-1.jpg,train,Mixed Breed,,0.4418743755209854,1,Bajo,OOF desarrollo
f20fa5c38,data/raw_petfinder/train_images/f20fa5c38-1.jpg,test,Mixed Breed,Mixed Breed,0.5504395831015718,1,Medio,Test fuera de muestra
839404d8c,data/raw_petfinder/train_images/839404d8c-1.jpg,train,Maltese,,0.3014249238360953,0,Bajo,OOF desarrollo
5ff1a0cae,data/raw_petfinder/train_images/5ff1a0cae-1.jpg,train,Golden Retriever,Wirehaired Terrier,0.3373848695546965,0,Bajo,OOF desarrollo
6b5c799b5,data/raw_petfinder/train_images/6b5c799b5-1.jpg,valid,Shih Tzu,,0.3492801675951186,0,Bajo,OOF desarrollo
c260c7b3b,data/raw_petfinder/train_images/c260c7b3b-1.jpg,valid,Mixed Breed,,0.4810161118812768,1,Medio,OOF desarrollo
b5b9f6e99,data/raw_petfinder/train_images/b5b9f6e99-1.jpg,train,Mixed Breed,,0.2449771486245217,0,Bajo,OOF desarrollo
fce6f8dff,data/raw_petfinder/train_images/fce6f8dff-1.jpg,train,Labrador Retriever,,0.4053022538102751,1,Bajo,OOF desarrollo
640683dd9,data/raw_petfinder/train_images/640683dd9-1.jpg,train,Mixed Breed,,0.792314714068135,1,Alto,OOF desarrollo
f892df3a1,data/raw_petfinder/train_images/f892df3a1-1.jpg,valid,Mixed Breed,,0.5619733678667636,1,Medio,OOF desarrollo
db77fdb46,data/raw_petfinder/train_images/db77fdb46-1.jpg,valid,Mixed Breed,Corgi,0.6148210907728451,1,Alto,OOF desarrollo
b48aa9d4a,data/raw_petfinder/train_images/b48aa9d4a-1.jpg,valid,Doberman Pinscher,Mixed Breed,0.7292327666499141,1,Alto,OOF desarrollo
9c0f6076a,data/raw_petfinder/train_images/9c0f6076a-1.jpg,train,Mixed Breed,,0.443237864501472,1,Bajo,OOF desarrollo
89c7be602,data/raw_petfinder/train_images/89c7be602-1.jpg,train,Mixed Breed,,0.6641112646104648,1,Alto,OOF desarrollo
43100edd5,data/raw_petfinder/train_images/43100edd5-1.jpg,test,Mixed Breed,,0.5320610777311896,1,Medio,Test fuera de muestra
14398288b,data/raw_petfinder/train_images/14398288b-1.jpg,train,Mixed Breed,,0.5824281906336977,1,Medio,OOF desarrollo
5bd405bac,data/raw_petfinder/train_images/5bd405bac-1.jpg,test,Mixed Breed,Mixed Breed,0.4198023172747672,1,Bajo,Test fuera de muestra
3de1d3794,data/raw_petfinder/train_images/3de1d3794-1.jpg,train,Mixed Breed,,0.4956429131304065,1,Medio,OOF desarrollo
08f038689,data/raw_petfinder/train_images/08f038689-1.jpg,train,Mixed Breed,Mixed Breed,0.4010202864834924,1,Bajo,OOF desarrollo
172b6f611,data/raw_petfinder/train_images/172b6f611-1.jpg,train,Mixed Breed,,0.5455877934345279,1,Medio,OOF desarrollo
228117dca,data/raw_petfinder/train_images/228117dca-1.jpg,test,Spitz,Mixed Breed,0.3330104498895258,0,Bajo,Test fuera de muestra
c35cc3520,data/raw_petfinder/train_images/c35cc3520-1.jpg,test,Shih Tzu,,0.4613593396398932,1,Medio,Test fuera de muestra
cb867cac6,data/raw_petfinder/train_images/cb867cac6-1.jpg,train,Jack Russell Terrier,,0.6238555497393554,1,Alto,OOF desarrollo
1945c0690,data/raw_petfinder/train_images/1945c0690-1.jpg,train,Mixed Breed,,0.3362392811469482,0,Bajo,OOF desarrollo
c220b4764,data/raw_petfinder/train_images/c220b4764-1.jpg,valid,Golden Retriever,,0.3436665991669507,0,Bajo,OOF desarrollo
081199ea2,data/raw_petfinder/train_images/081199ea2-1.jpg,train,Mixed Breed,,0.5094137529085483,1,Medio,OOF desarrollo
cd9c84ec2,data/raw_petfinder/train_images/cd9c84ec2-1.jpg,test,Mixed Breed,,0.6848670435285382,1,Alto,Test fuera de muestra
b56b73e4c,data/raw_petfinder/train_images/b56b73e4c-1.jpg,train,Mixed Breed,,0.7858323196010115,1,Alto,OOF desarrollo
73e1b299a,data/raw_petfinder/train_images/73e1b299a-1.jpg,train,Mixed Breed,,0.5460289102443678,1,Medio,OOF desarrollo
180b3f500,data/raw_petfinder/train_images/180b3f500-1.jpg,train,Yellow Labrador Retriever,Mixed Breed,0.3881365993507947,0,Bajo,OOF desarrollo
3ba83a496,data/raw_petfinder/train_images/3ba83a496-1.jpg,train,Mixed Breed,,0.522098582028072,1,Medio,OOF desarrollo
0e52438a0,data/raw_petfinder/train_images/0e52438a0-1.jpg,train,Mixed Breed,,0.4605730547132138,1,Medio,OOF desarrollo
9dd3b3bce,data/raw_petfinder/train_images/9dd3b3bce-1.jpg,test,Mixed Breed,Husky,0.5232102939673351,1,Medio,Test fuera de muestra
1b5af7749,data/raw_petfinder/train_images/1b5af7749-1.jpg,train,Mixed Breed,,0.5617085528581716,1,Medio,OOF desarrollo
f05838eb7,data/raw_petfinder/train_images/f05838eb7-1.jpg,train,Mixed Breed,Mixed Breed,0.771166810382139,1,Alto,OOF desarrollo
872317673,data/raw_petfinder/train_images/872317673-1.jpg,train,Mixed Breed,,0.7448430413410709,1,Alto,OOF desarrollo
cd9de4e83,data/raw_petfinder/train_images/cd9de4e83-1.jpg,valid,Mixed Breed,,0.3082638716415175,0,Bajo,OOF desarrollo
f1afd4033,data/raw_petfinder/train_images/f1afd4033-1.jpg,train,Mixed Breed,,0.3033396303044645,0,Bajo,OOF desarrollo
f1164babb,data/raw_petfinder/train_images/f1164babb-1.jpg,valid,Mixed Breed,,0.7253340677460356,1,Alto,OOF desarrollo
25765058c,data/raw_petfinder/train_images/25765058c-1.jpg,train,Mixed Breed,,0.6321548193338944,1,Alto,OOF desarrollo
3fa341801,data/raw_petfinder/train_images/3fa341801-1.jpg,train,Mixed Breed,,0.4347243230389368,1,Bajo,OOF desarrollo
c3c27d97c,data/raw_petfinder/train_images/c3c27d97c-1.jpg,train,Mixed Breed,,0.5151790150548079,1,Medio,OOF desarrollo
5ed94ddc8,data/raw_petfinder/train_images/5ed94ddc8-1.jpg,train,Mixed Breed,,0.3828044330096829,0,Bajo,OOF desarrollo
9ebe2f16c,data/raw_petfinder/train_images/9ebe2f16c-1.jpg,test,German Shepherd Dog,Mixed Breed,0.3052546639458338,0,Bajo,Test fuera de muestra
e2205b952,data/raw_petfinder/train_images/e2205b952-1.jpg,test,Mixed Breed,,0.4222263273815397,1,Bajo,Test fuera de muestra
f36876126,data/raw_petfinder/train_images/f36876126-1.jpg,train,Labrador Retriever,Spitz,0.5828643645176297,1,Medio,OOF desarrollo
99b55ee76,data/raw_petfinder/train_images/99b55ee76-1.jpg,train,Mixed Breed,Labrador Retriever,0.4360993831341017,1,Bajo,OOF desarrollo
41ae99ff2,data/raw_petfinder/train_images/41ae99ff2-1.jpg,train,Mixed Breed,,0.399418163250837,1,Bajo,OOF desarrollo
d042e55ce,data/raw_petfinder/train_images/d042e55ce-1.jpg,test,Mixed Breed,,0.5714421251020715,1,Medio,Test fuera de muestra
1e83794bd,data/raw_petfinder/train_images/1e83794bd-1.jpg,test,Mixed Breed,,0.7510638474987364,1,Alto,Test fuera de muestra
36ddc4f2d,data/raw_petfinder/train_images/36ddc4f2d-1.jpg,valid,Mixed Breed,,0.5103030569877428,1,Medio,OOF desarrollo
4dc936ac7,data/raw_petfinder/train_images/4dc936ac7-1.jpg,train,Mixed Breed,,0.4808862457734394,1,Medio,OOF desarrollo
3b3ce72d1,data/raw_petfinder/train_images/3b3ce72d1-1.jpg,train,Mixed Breed,,0.4842424653638446,1,Medio,OOF desarrollo
5e4c387b2,data/raw_petfinder/train_images/5e4c387b2-1.jpg,test,Mixed Breed,,0.4270789242128206,1,Bajo,Test fuera de muestra
4e290a43a,data/raw_petfinder/train_images/4e290a43a-1.jpg,train,Mixed Breed,,0.424120960304573,1,Bajo,OOF desarrollo
c67d871e3,data/raw_petfinder/train_images/c67d871e3-1.jpg,train,Mixed Breed,,0.7664579230650104,1,Alto,OOF desarrollo
ff6ff53c4,data/raw_petfinder/train_images/ff6ff53c4-1.jpg,test,Mixed Breed,,0.7886859727640523,1,Alto,Test fuera de muestra
ca11826f9,data/raw_petfinder/train_images/ca11826f9-1.jpg,test,Mixed Breed,Mixed Breed,0.5099091292170159,1,Medio,Test fuera de muestra
75ee37fa5,data/raw_petfinder/train_images/75ee37fa5-1.jpg,test,Terrier,Mixed Breed,0.5740217643007914,1,Medio,Test fuera de muestra
9579ad7a1,data/raw_petfinder/train_images/9579ad7a1-1.jpg,train,Pit Bull Terrier,Mixed Breed,0.6569114984195963,1,Alto,OOF desarrollo
1fce53107,data/raw_petfinder/train_images/1fce53107-1.jpg,valid,Mixed Breed,,0.4027089112996332,1,Bajo,OOF desarrollo
0b90767fa,data/raw_petfinder/train_images/0b90767fa-1.jpg,test,Mixed Breed,,0.4275523639546235,1,Bajo,Test fuera de muestra
bd881326e,data/raw_petfinder/train_images/bd881326e-1.jpg,valid,Mixed Breed,,0.7820533349774472,1,Alto,OOF desarrollo
015c353ce,data/raw_petfinder/train_images/015c353ce-1.jpg,train,Mixed Breed,Mixed Breed,0.5383201891015472,1,Medio,OOF desarrollo
8143d5d0c,data/raw_petfinder/train_images/8143d5d0c-1.jpg,train,Mixed Breed,,0.5755043886188261,1,Medio,OOF desarrollo
eba773cbe,data/raw_petfinder/train_images/eba773cbe-1.jpg,train,Mixed Breed,Mixed Breed,0.2794369212212662,0,Bajo,OOF desarrollo
d7c6e0401,data/raw_petfinder/train_images/d7c6e0401-1.jpg,train,Mixed Breed,,0.5553436071720241,1,Medio,OOF desarrollo
a7d44898b,data/raw_petfinder/train_images/a7d44898b-1.jpg,train,Mixed Breed,Terrier,0.4085698729922813,1,Bajo,OOF desarrollo
f972a14d5,data/raw_petfinder/train_images/f972a14d5-1.jpg,train,Mixed Breed,,0.3392764114939546,0,Bajo,OOF desarrollo
7977491da,data/raw_petfinder/train_images/7977491da-1.jpg,train,Silky Terrier,,0.4584492710320741,1,Medio,OOF desarrollo
7f78266ab,data/raw_petfinder/train_images/7f78266ab-1.jpg,train,Mixed Breed,Belgian Shepherd Malinois,0.2091811367589536,0,Bajo,OOF desarrollo
ec780b913,data/raw_petfinder/train_images/ec780b913-1.jpg,test,Mixed Breed,,0.4981024546204992,1,Medio,Test fuera de muestra
51c04983b,data/raw_petfinder/train_images/51c04983b-1.jpg,train,Terrier,Mixed Breed,0.4000901485272432,1,Bajo,OOF desarrollo
14a16b96e,data/raw_petfinder/train_images/14a16b96e-1.jpg,train,Mixed Breed,,0.4993478565381321,1,Medio,OOF desarrollo
69b2e9f3f,data/raw_petfinder/train_images/69b2e9f3f-1.jpg,train,Beagle,,0.6317454338721704,1,Alto,OOF desarrollo
176ef71db,data/raw_petfinder/train_images/176ef71db-1.jpg,train,Poodle,,0.3689508421521907,0,Bajo,OOF desarrollo
b88fa24c2,data/raw_petfinder/train_images/b88fa24c2-1.jpg,train,Mixed Breed,,0.7278032866518254,1,Alto,OOF desarrollo
cf020a716,data/raw_petfinder/train_images/cf020a716-1.jpg,train,Mixed Breed,,0.8367428757194413,1,Alto,OOF desarrollo
3d277ebe6,data/raw_petfinder/train_images/3d277ebe6-1.jpg,train,Mixed Breed,,0.5487219937048556,1,Medio,OOF desarrollo
02adb269f,data/raw_petfinder/train_images/02adb269f-1.jpg,train,Mixed Breed,,0.6776386684877989,1,Alto,OOF desarrollo
57b57989d,data/raw_petfinder/train_images/57b57989d-1.jpg,train,Mixed Breed,,0.6588602344405379,1,Alto,OOF desarrollo
d083a22c5,data/raw_petfinder/train_images/d083a22c5-1.jpg,train,Mixed Breed,,0.8168576392845404,1,Alto,OOF desarrollo
c234e165f,data/raw_petfinder/train_images/c234e165f-1.jpg,test,Mixed Breed,,0.5865686687853333,1,Medio,Test fuera de muestra
9dfee7db3,data/raw_petfinder/train_images/9dfee7db3-1.jpg,train,Mixed Breed,,0.7525296067896015,1,Alto,OOF desarrollo
412b93160,data/raw_petfinder/train_images/412b93160-1.jpg,train,Shetland Sheepdog Sheltie,,0.4272041738581799,1,Bajo,OOF desarrollo
88bc9864c,data/raw_petfinder/train_images/88bc9864c-1.jpg,train,Mixed Breed,,0.6149104588378966,1,Alto,OOF desarrollo
7b3332622,data/raw_petfinder/train_images/7b3332622-1.jpg,train,Jack Russell Terrier,Basset Hound,0.5402831186158003,1,Medio,OOF desarrollo
590a78f0d,data/raw_petfinder/train_images/590a78f0d-1.jpg,train,Mixed Breed,,0.736967873464859,1,Alto,OOF desarrollo
a24bb77d1,data/raw_petfinder/train_images/a24bb77d1-1.jpg,train,Mixed Breed,Mixed Breed,0.7822861701701074,1,Alto,OOF desarrollo
79d1b0215,data/raw_petfinder/train_images/79d1b0215-1.jpg,valid,Mixed Breed,,0.5560020942782082,1,Medio,OOF desarrollo
746fb982c,data/raw_petfinder/train_images/746fb982c-1.jpg,train,Mixed Breed,Labrador Retriever,0.6275109780695584,1,Alto,OOF desarrollo
675bb16b8,data/raw_petfinder/train_images/675bb16b8-1.jpg,test,Mixed Breed,,0.4986208365469096,1,Medio,Test fuera de muestra
79420447a,data/raw_petfinder/train_images/79420447a-1.jpg,train,Mixed Breed,,0.6609489437832419,1,Alto,OOF desarrollo
aa328a5ba,data/raw_petfinder/train_images/aa328a5ba-1.jpg,test,Mixed Breed,,0.2657359698969112,0,Bajo,Test fuera de muestra
79318b69e,data/raw_petfinder/train_images/79318b69e-1.jpg,valid,Mixed Breed,,0.6117398430310133,1,Alto,OOF desarrollo
7b5bee232,data/raw_petfinder/train_images/7b5bee232-1.jpg,test,,Mixed Breed,0.6344090043190376,1,Alto,Test fuera de muestra
b5c41169c,data/raw_petfinder/train_images/b5c41169c-1.jpg,train,Mixed Breed,,0.3395071071909867,0,Bajo,OOF desarrollo
8079e3a1c,data/raw_petfinder/train_images/8079e3a1c-1.jpg,train,Miniature Pinscher,,0.5431346485349255,1,Medio,OOF desarrollo
ff5158511,data/raw_petfinder/train_images/ff5158511-1.jpg,valid,Mixed Breed,,0.547240141913326,1,Medio,OOF desarrollo
f4cff3785,data/raw_petfinder/train_images/f4cff3785-1.jpg,test,Mixed Breed,,0.7433916007680794,1,Alto,Test fuera de muestra
0e23c4abd,data/raw_petfinder/train_images/0e23c4abd-1.jpg,train,Mixed Breed,,0.2531705160939229,0,Bajo,OOF desarrollo
c4a2fd15a,data/raw_petfinder/train_images/c4a2fd15a-1.jpg,train,German Shepherd Dog,Mixed Breed,0.4422664353421215,1,Bajo,OOF desarrollo
0abff77fe,data/raw_petfinder/train_images/0abff77fe-1.jpg,train,Doberman Pinscher,Mixed Breed,0.5481151930500564,1,Medio,OOF desarrollo
f096fcbc6,data/raw_petfinder/train_images/f096fcbc6-1.jpg,test,Mixed Breed,,0.6534125798537662,1,Alto,Test fuera de muestra
18b2da498,data/raw_petfinder/train_images/18b2da498-1.jpg,train,Mixed Breed,Spitz,0.5920445514021255,1,Medio,OOF desarrollo
e15353d1b,data/raw_petfinder/train_images/e15353d1b-1.jpg,train,Mixed Breed,German Shepherd Dog,0.2833832102761135,0,Bajo,OOF desarrollo
78fd8ce0d,data/raw_petfinder/train_images/78fd8ce0d-1.jpg,train,Mixed Breed,Mixed Breed,0.6660825119401386,1,Alto,OOF desarrollo
cc7d90ef4,data/raw_petfinder/train_images/cc7d90ef4-1.jpg,test,Saint Bernard,,0.341532994544851,0,Bajo,Test fuera de muestra
f584e226b,data/raw_petfinder/train_images/f584e226b-1.jpg,train,Shih Tzu,,0.5369983630550068,1,Medio,OOF desarrollo
9f2948e8e,data/raw_petfinder/train_images/9f2948e8e-1.jpg,valid,Beagle,,0.3541991191886604,0,Bajo,OOF desarrollo
623138a05,data/raw_petfinder/train_images/623138a05-1.jpg,train,Cocker Spaniel,,0.5521591976851867,1,Medio,OOF desarrollo
b077aa9ee,data/raw_petfinder/train_images/b077aa9ee-1.jpg,train,Mixed Breed,,0.692688785940726,1,Alto,OOF desarrollo
f2472c8dd,data/raw_petfinder/train_images/f2472c8dd-1.jpg,train,Poodle,,0.2073329303427691,0,Bajo,OOF desarrollo
2a64c0560,data/raw_petfinder/train_images/2a64c0560-1.jpg,train,Mixed Breed,,0.8319214595524538,1,Alto,OOF desarrollo
9c996aee9,data/raw_petfinder/train_images/9c996aee9-1.jpg,train,Mixed Breed,,0.5942372794992701,1,Medio,OOF desarrollo
ff498c903,data/raw_petfinder/train_images/ff498c903-1.jpg,train,Rottweiler,Mixed Breed,0.5037024599001587,1,Medio,OOF desarrollo
9942bce62,data/raw_petfinder/train_images/9942bce62-1.jpg,train,Mixed Breed,,0.664108376060512,1,Alto,OOF desarrollo
cab545282,data/raw_petfinder/train_images/cab545282-1.jpg,test,Mixed Breed,,0.5963126749139649,1,Medio,Test fuera de muestra
620796ee7,data/raw_petfinder/train_images/620796ee7-1.jpg,train,Mixed Breed,,0.4112323155243783,1,Bajo,OOF desarrollo
81c442177,data/raw_petfinder/train_images/81c442177-1.jpg,train,Mixed Breed,,0.8858752705866542,1,Alto,OOF desarrollo
776354931,data/raw_petfinder/train_images/776354931-1.jpg,train,Mixed Breed,,0.6822589232542678,1,Alto,OOF desarrollo
4068b452d,data/raw_petfinder/train_images/4068b452d-1.jpg,test,Mixed Breed,,0.3756792788487546,0,Bajo,Test fuera de muestra
fe4bb01a6,data/raw_petfinder/train_images/fe4bb01a6-1.jpg,valid,Mixed Breed,Mixed Breed,0.5365541090331799,1,Medio,OOF desarrollo
97f683e04,data/raw_petfinder/train_images/97f683e04-1.jpg,test,Mixed Breed,,0.4635786614161449,1,Medio,Test fuera de muestra
36b7411f9,data/raw_petfinder/train_images/36b7411f9-1.jpg,train,Mixed Breed,,0.6662277938550687,1,Alto,OOF desarrollo
6b7be833c,data/raw_petfinder/train_images/6b7be833c-1.jpg,valid,Doberman Pinscher,Mixed Breed,0.4628251628821325,1,Medio,OOF desarrollo
d5052e2a9,data/raw_petfinder/train_images/d5052e2a9-1.jpg,valid,Mixed Breed,,0.5964081528325255,1,Medio,OOF desarrollo
e69df38b4,data/raw_petfinder/train_images/e69df38b4-1.jpg,valid,Poodle,Pekingese,0.2679151222471986,0,Bajo,OOF desarrollo
3d97fa45c,data/raw_petfinder/train_images/3d97fa45c-1.jpg,train,Mixed Breed,,0.5036035895976758,1,Medio,OOF desarrollo
47a5a9516,data/raw_petfinder/train_images/47a5a9516-1.jpg,train,Mixed Breed,,0.768483005730237,1,Alto,OOF desarrollo
2ba019cb8,data/raw_petfinder/train_images/2ba019cb8-1.jpg,train,Shih Tzu,,0.5747718218490375,1,Medio,OOF desarrollo
2ba9dfe93,data/raw_petfinder/train_images/2ba9dfe93-1.jpg,train,Mixed Breed,,0.3064581469950012,0,Bajo,OOF desarrollo
afa46c13d,data/raw_petfinder/train_images/afa46c13d-1.jpg,test,Mixed Breed,,0.4917354246925477,1,Medio,Test fuera de muestra
4ea111bbe,data/raw_petfinder/train_images/4ea111bbe-1.jpg,train,Spitz,Mixed Breed,0.4542747100058491,1,Bajo,OOF desarrollo
bad8f7276,data/raw_petfinder/train_images/bad8f7276-1.jpg,train,Mixed Breed,,0.3159202220729088,0,Bajo,OOF desarrollo
11a337bfa,data/raw_petfinder/train_images/11a337bfa-1.jpg,test,Mixed Breed,Mixed Breed,0.7112802842549986,1,Alto,Test fuera de muestra
2aac4b61a,data/raw_petfinder/train_images/2aac4b61a-1.jpg,train,Husky,,0.4236994131499514,1,Bajo,OOF desarrollo
e9dec895b,data/raw_petfinder/train_images/e9dec895b-1.jpg,train,Mixed Breed,,0.7214294091538515,1,Alto,OOF desarrollo
4d8b93dd1,data/raw_petfinder/train_images/4d8b93dd1-1.jpg,train,Mixed Breed,Mixed Breed,0.5858685586778543,1,Medio,OOF desarrollo
dea0253b6,data/raw_petfinder/train_images/dea0253b6-1.jpg,train,Mixed Breed,,0.3885734112534688,0,Bajo,OOF desarrollo
e73545fe5,data/raw_petfinder/train_images/e73545fe5-1.jpg,train,Mixed Breed,Mixed Breed,0.4052629789934344,1,Bajo,OOF desarrollo
15dbf64f0,data/raw_petfinder/train_images/15dbf64f0-1.jpg,train,Mixed Breed,,0.6199315764753281,1,Alto,OOF desarrollo
519bc8382,data/raw_petfinder/train_images/519bc8382-1.jpg,train,Mixed Breed,,0.5979788955514349,1,Medio,OOF desarrollo
0d55c2e2b,data/raw_petfinder/train_images/0d55c2e2b-1.jpg,train,Mixed Breed,,0.6597334922917383,1,Alto,OOF desarrollo
09db544ea,data/raw_petfinder/train_images/09db544ea-1.jpg,train,Mixed Breed,,0.6198149429719666,1,Alto,OOF desarrollo
2d584af81,data/raw_petfinder/train_images/2d584af81-1.jpg,test,Mixed Breed,Mixed Breed,0.5247196038016133,1,Medio,Test fuera de muestra
6a54a03db,data/raw_petfinder/train_images/6a54a03db-1.jpg,train,Mixed Breed,Mixed Breed,0.5714221571669376,1,Medio,OOF desarrollo
2630db5dc,data/raw_petfinder/train_images/2630db5dc-1.jpg,valid,Golden Retriever,Shepherd,0.5337051756816142,1,Medio,OOF desarrollo
794806010,data/raw_petfinder/train_images/794806010-1.jpg,test,Mixed Breed,,0.479164052596739,1,Medio,Test fuera de muestra
bd9d521c5,data/raw_petfinder/train_images/bd9d521c5-1.jpg,train,Mixed Breed,Mixed Breed,0.3469790665912262,0,Bajo,OOF desarrollo
aa7395687,data/raw_petfinder/train_images/aa7395687-1.jpg,valid,Mixed Breed,,0.4593593113456723,1,Medio,OOF desarrollo
12ffabf23,data/raw_petfinder/train_images/12ffabf23-1.jpg,valid,Mixed Breed,,0.6968502612182027,1,Alto,OOF desarrollo
881580d4b,data/raw_petfinder/train_images/881580d4b-1.jpg,test,Mixed Breed,,0.3596176069319637,0,Bajo,Test fuera de muestra
546a913cc,data/raw_petfinder/train_images/546a913cc-1.jpg,valid,Spitz,Mixed Breed,0.686125799510622,1,Alto,OOF desarrollo
648727065,data/raw_petfinder/train_images/648727065-1.jpg,train,Labrador Retriever,Retriever,0.5711171619594648,1,Medio,OOF desarrollo
184a51562,data/raw_petfinder/train_images/184a51562-1.jpg,valid,Mixed Breed,,0.5756810185925137,1,Medio,OOF desarrollo
61f95d269,data/raw_petfinder/train_images/61f95d269-1.jpg,valid,Mixed Breed,Poodle,0.5331343674646492,1,Medio,OOF desarrollo
1652a3e1e,data/raw_petfinder/train_images/1652a3e1e-1.jpg,train,Mixed Breed,,0.5944888809226143,1,Medio,OOF desarrollo
b77b75f2d,data/raw_petfinder/train_images/b77b75f2d-1.jpg,valid,Silky Terrier,,0.3953222731700285,1,Bajo,OOF desarrollo
607744326,data/raw_petfinder/train_images/607744326-1.jpg,test,Mixed Breed,Mixed Breed,0.5523831959830041,1,Medio,Test fuera de muestra
113204c87,data/raw_petfinder/train_images/113204c87-1.jpg,train,Mixed Breed,Mixed Breed,0.7640978661116329,1,Alto,OOF desarrollo
42ea2e045,data/raw_petfinder/train_images/42ea2e045-1.jpg,test,Mixed Breed,,0.8192517647018585,1,Alto,Test fuera de muestra
e585b064b,data/raw_petfinder/train_images/e585b064b-1.jpg,train,Shih Tzu,,0.3767123318418398,0,Bajo,OOF desarrollo
f4a6e9cec,data/raw_petfinder/train_images/f4a6e9cec-1.jpg,train,Mixed Breed,Mixed Breed,0.4095356792926008,1,Bajo,OOF desarrollo
4bb0c8226,data/raw_petfinder/train_images/4bb0c8226-1.jpg,valid,Mixed Breed,,0.6155439206686699,1,Alto,OOF desarrollo
da84db2f7,data/raw_petfinder/train_images/da84db2f7-1.jpg,valid,Mixed Breed,,0.5446620245990774,1,Medio,OOF desarrollo
13b807376,data/raw_petfinder/train_images/13b807376-1.jpg,train,Mixed Breed,Spitz,0.4667962816102909,1,Medio,OOF desarrollo
fc710f1e8,data/raw_petfinder/train_images/fc710f1e8-1.jpg,test,Terrier,Spitz,0.5774569299209655,1,Medio,Test fuera de muestra
a64ca36ca,data/raw_petfinder/train_images/a64ca36ca-1.jpg,train,Pomeranian,,0.2244144991640398,0,Bajo,OOF desarrollo
24e2e049e,data/raw_petfinder/train_images/24e2e049e-1.jpg,test,Mixed Breed,,0.4361327708164179,1,Bajo,Test fuera de muestra
5daea1779,data/raw_petfinder/train_images/5daea1779-1.jpg,train,Mixed Breed,,0.6416095778316617,1,Alto,OOF desarrollo
7b9b65bde,data/raw_petfinder/train_images/7b9b65bde-1.jpg,train,Mixed Breed,,0.4218367463117917,1,Bajo,OOF desarrollo
29c50ee9a,data/raw_petfinder/train_images/29c50ee9a-1.jpg,valid,Basset Hound,,0.3665546725989302,0,Bajo,OOF desarrollo
9183ef863,data/raw_petfinder/train_images/9183ef863-1.jpg,valid,Pit Bull Terrier,,0.6322183700954802,1,Alto,OOF desarrollo
574919b00,data/raw_petfinder/train_images/574919b00-1.jpg,train,Shih Tzu,,0.4185161239354519,1,Bajo,OOF desarrollo
ffd2e82a9,data/raw_petfinder/train_images/ffd2e82a9-1.jpg,test,Mixed Breed,,0.6642779273664559,1,Alto,Test fuera de muestra
8ff2c63c4,data/raw_petfinder/train_images/8ff2c63c4-1.jpg,test,Mixed Breed,,0.7124528479580562,1,Alto,Test fuera de muestra
2d8b42d21,data/raw_petfinder/train_images/2d8b42d21-1.jpg,train,Jack Russell Terrier,,0.588526937731854,1,Medio,OOF desarrollo
6c5079e85,data/raw_petfinder/train_images/6c5079e85-1.jpg,valid,Collie,Mixed Breed,0.3193025274303913,0,Bajo,OOF desarrollo
fb1adae2d,data/raw_petfinder/train_images/fb1adae2d-1.jpg,valid,Mixed Breed,,0.5530337576674866,1,Medio,OOF desarrollo
7cfaaa67a,data/raw_petfinder/train_images/7cfaaa67a-1.jpg,train,Mixed Breed,Mixed Breed,0.8064129886605127,1,Alto,OOF desarrollo
2c281057a,data/raw_petfinder/train_images/2c281057a-1.jpg,train,Mixed Breed,,0.4530871507279249,1,Bajo,OOF desarrollo
083787e4a,data/raw_petfinder/train_images/083787e4a-1.jpg,train,Mixed Breed,,0.5181565901891736,1,Medio,OOF desarrollo
1f6fe20fc,data/raw_petfinder/train_images/1f6fe20fc-1.jpg,test,Mixed Breed,,0.4626048451011418,1,Medio,Test fuera de muestra
1819e298c,data/raw_petfinder/train_images/1819e298c-1.jpg,valid,Rottweiler,Mixed Breed,0.3712133237930038,0,Bajo,OOF desarrollo
21b5e3d22,data/raw_petfinder/train_images/21b5e3d22-1.jpg,train,Mixed Breed,Mixed Breed,0.5909101274632836,1,Medio,OOF desarrollo
e3fa09b97,data/raw_petfinder/train_images/e3fa09b97-1.jpg,train,Chihuahua,Poodle,0.4004265355117784,1,Bajo,OOF desarrollo
6f512ee65,data/raw_petfinder/train_images/6f512ee65-1.jpg,train,Mixed Breed,,0.6998116508223573,1,Alto,OOF desarrollo
b38e94f39,data/raw_petfinder/train_images/b38e94f39-1.jpg,test,Mixed Breed,,0.5165425937371573,1,Medio,Test fuera de muestra
6f5eab89b,data/raw_petfinder/train_images/6f5eab89b-1.jpg,train,Mixed Breed,Mixed Breed,0.7020721397846696,1,Alto,OOF desarrollo
838c5c399,data/raw_petfinder/train_images/838c5c399-1.jpg,train,Golden Retriever,Mixed Breed,0.4381237780976899,1,Bajo,OOF desarrollo
23ce26e85,data/raw_petfinder/train_images/23ce26e85-1.jpg,train,Mixed Breed,Mixed Breed,0.7453533862641463,1,Alto,OOF desarrollo
5b4a22c83,data/raw_petfinder/train_images/5b4a22c83-1.jpg,train,Mixed Breed,,0.5986040169661786,1,Medio,OOF desarrollo
c61869b9b,data/raw_petfinder/train_images/c61869b9b-1.jpg,train,Mixed Breed,,0.5679765155643643,1,Medio,OOF desarrollo
6afc6acee,data/raw_petfinder/train_images/6afc6acee-1.jpg,test,Mixed Breed,Terrier,0.6490802468505237,1,Alto,Test fuera de muestra
687c0c2cd,data/raw_petfinder/train_images/687c0c2cd-1.jpg,train,Mixed Breed,,0.644490336903942,1,Alto,OOF desarrollo
474ee7e00,data/raw_petfinder/train_images/474ee7e00-1.jpg,train,Mixed Breed,,0.7138248711764468,1,Alto,OOF desarrollo
f3b52a69c,data/raw_petfinder/train_images/f3b52a69c-1.jpg,valid,Labrador Retriever,,0.6164009091546834,1,Alto,OOF desarrollo
15dc4c629,data/raw_petfinder/train_images/15dc4c629-1.jpg,test,Poodle,,0.3481432665785366,0,Bajo,Test fuera de muestra
298feb02b,data/raw_petfinder/train_images/298feb02b-1.jpg,train,Mixed Breed,,0.644058044378211,1,Alto,OOF desarrollo
8fa1c5c38,data/raw_petfinder/train_images/8fa1c5c38-1.jpg,train,Mixed Breed,,0.7003779326069338,1,Alto,OOF desarrollo
9b93196dd,data/raw_petfinder/train_images/9b93196dd-1.jpg,train,Mixed Breed,,0.6961113658557396,1,Alto,OOF desarrollo
be7fbd988,data/raw_petfinder/train_images/be7fbd988-1.jpg,train,Mixed Breed,,0.3785627874299851,0,Bajo,OOF desarrollo
a7a44933c,data/raw_petfinder/train_images/a7a44933c-1.jpg,train,Poodle,,0.3122830058103991,0,Bajo,OOF desarrollo
bf458a7d4,data/raw_petfinder/train_images/bf458a7d4-1.jpg,train,Mixed Breed,,0.5750369263871109,1,Medio,OOF desarrollo
b121d3be8,data/raw_petfinder/train_images/b121d3be8-1.jpg,train,Poodle,,0.2595439716268644,0,Bajo,OOF desarrollo
f261c9968,data/raw_petfinder/train_images/f261c9968-1.jpg,valid,Mixed Breed,,0.4119996224895734,1,Bajo,OOF desarrollo
7bfe2d68f,data/raw_petfinder/train_images/7bfe2d68f-1.jpg,valid,Mixed Breed,,0.3724684718829215,0,Bajo,OOF desarrollo
8c3d81083,data/raw_petfinder/train_images/8c3d81083-1.jpg,valid,Mixed Breed,Mixed Breed,0.3864832113159807,0,Bajo,OOF desarrollo
d58c146d6,data/raw_petfinder/train_images/d58c146d6-1.jpg,train,Mixed Breed,,0.7033102850294816,1,Alto,OOF desarrollo
3ca057824,data/raw_petfinder/train_images/3ca057824-1.jpg,train,Beagle,,0.4619980551283882,1,Medio,OOF desarrollo
1cf66aed4,data/raw_petfinder/train_images/1cf66aed4-1.jpg,train,Mixed Breed,Mixed Breed,0.7076389563566134,1,Alto,OOF desarrollo
2f8890a94,data/raw_petfinder/train_images/2f8890a94-1.jpg,test,Mixed Breed,,0.5162401774189098,1,Medio,Test fuera de muestra
d17343468,data/raw_petfinder/train_images/d17343468-1.jpg,train,Mixed Breed,,0.6335518927507,1,Alto,OOF desarrollo
4b628f538,data/raw_petfinder/train_images/4b628f538-1.jpg,train,Poodle,,0.3917041066064498,1,Bajo,OOF desarrollo
739cd2d34,data/raw_petfinder/train_images/739cd2d34-1.jpg,train,Mixed Breed,,0.6566459948428027,1,Alto,OOF desarrollo
0d635d0b4,data/raw_petfinder/train_images/0d635d0b4-1.jpg,train,Mixed Breed,,0.4508157778823414,1,Bajo,OOF desarrollo
a4c903a3d,data/raw_petfinder/train_images/a4c903a3d-1.jpg,valid,Mixed Breed,,0.565390028077513,1,Medio,OOF desarrollo
7542076e8,data/raw_petfinder/train_images/7542076e8-1.jpg,valid,Bull Terrier,Mixed Breed,0.3876056445209872,0,Bajo,OOF desarrollo
899859c9b,data/raw_petfinder/train_images/899859c9b-1.jpg,train,Mixed Breed,,0.3845191146632692,0,Bajo,OOF desarrollo
7b4ff27b3,data/raw_petfinder/train_images/7b4ff27b3-1.jpg,valid,Rottweiler,,0.426353613795124,1,Bajo,OOF desarrollo
3a6197f6d,data/raw_petfinder/train_images/3a6197f6d-1.jpg,train,Mixed Breed,,0.3965303876563812,1,Bajo,OOF desarrollo
999d24492,data/raw_petfinder/train_images/999d24492-1.jpg,train,Beagle,Mixed Breed,0.4079394225145964,1,Bajo,OOF desarrollo
8bb34f0bd,data/raw_petfinder/train_images/8bb34f0bd-1.jpg,valid,Mixed Breed,Mixed Breed,0.6523939399514617,1,Alto,OOF desarrollo
d6aa53be7,data/raw_petfinder/train_images/d6aa53be7-1.jpg,train,Mixed Breed,,0.3718547432970104,0,Bajo,OOF desarrollo
08b454900,data/raw_petfinder/train_images/08b454900-1.jpg,train,Mixed Breed,,0.580649126536015,1,Medio,OOF desarrollo
f70571a3a,data/raw_petfinder/train_images/f70571a3a-1.jpg,train,Mixed Breed,,0.5488071681147306,1,Medio,OOF desarrollo
0d20efa95,data/raw_petfinder/train_images/0d20efa95-1.jpg,train,Mixed Breed,,0.6836440662192189,1,Alto,OOF desarrollo
349fe9b9b,data/raw_petfinder/train_images/349fe9b9b-1.jpg,test,Shih Tzu,,0.5789906641268449,1,Medio,Test fuera de muestra
74b73209e,data/raw_petfinder/train_images/74b73209e-1.jpg,train,Mixed Breed,Mixed Breed,0.8336615670131557,1,Alto,OOF desarrollo
106128c56,data/raw_petfinder/train_images/106128c56-1.jpg,test,Mixed Breed,,0.6508571906722962,1,Alto,Test fuera de muestra
20e75472d,data/raw_petfinder/train_images/20e75472d-1.jpg,train,Rottweiler,,0.3512403400321128,0,Bajo,OOF desarrollo
a21b6c40a,data/raw_petfinder/train_images/a21b6c40a-1.jpg,train,Labrador Retriever,Mixed Breed,0.6554148513831736,1,Alto,OOF desarrollo
5fcd44bf9,data/raw_petfinder/train_images/5fcd44bf9-1.jpg,valid,Mixed Breed,,0.651121283267754,1,Alto,OOF desarrollo
b714e611f,data/raw_petfinder/train_images/b714e611f-1.jpg,valid,Mixed Breed,Mixed Breed,0.2789449021307524,0,Bajo,OOF desarrollo
e16882f44,data/raw_petfinder/train_images/e16882f44-1.jpg,test,Mixed Breed,,0.4540402765321162,1,Bajo,Test fuera de muestra
887b5144a,data/raw_petfinder/train_images/887b5144a-1.jpg,train,Mixed Breed,,0.8164524107093838,1,Alto,OOF desarrollo
923a7163c,data/raw_petfinder/train_images/923a7163c-1.jpg,train,Mixed Breed,Spitz,0.4950209613833451,1,Medio,OOF desarrollo
52d336af0,data/raw_petfinder/train_images/52d336af0-1.jpg,train,Belgian Shepherd Malinois,Mixed Breed,0.7269705653551269,1,Alto,OOF desarrollo
5cfd4e3bb,data/raw_petfinder/train_images/5cfd4e3bb-1.jpg,train,Mixed Breed,Welsh Corgi,0.6701146897615557,1,Alto,OOF desarrollo
840fbaeba,data/raw_petfinder/train_images/840fbaeba-1.jpg,train,Spitz,Mixed Breed,0.7180292711248473,1,Alto,OOF desarrollo
5c89ffa58,data/raw_petfinder/train_images/5c89ffa58-1.jpg,train,Mixed Breed,,0.586924432609892,1,Medio,OOF desarrollo
6231ed9b3,data/raw_petfinder/train_images/6231ed9b3-1.jpg,test,Mixed Breed,,0.4865557651410531,1,Medio,Test fuera de muestra
0adebbf21,data/raw_petfinder/train_images/0adebbf21-1.jpg,train,Mixed Breed,Mixed Breed,0.6427104203127136,1,Alto,OOF desarrollo
00bfa5da9,data/raw_petfinder/train_images/00bfa5da9-1.jpg,train,Mixed Breed,Mixed Breed,0.7465319828544221,1,Alto,OOF desarrollo
4cfd979dc,data/raw_petfinder/train_images/4cfd979dc-1.jpg,train,Dachshund,,0.6097538847552189,1,Alto,OOF desarrollo
9951dff79,data/raw_petfinder/train_images/9951dff79-1.jpg,train,Mixed Breed,,0.541984331675094,1,Medio,OOF desarrollo
0e61fe015,data/raw_petfinder/train_images/0e61fe015-1.jpg,test,Mixed Breed,Rottweiler,0.4921412440241688,1,Medio,Test fuera de muestra
3ed60e624,data/raw_petfinder/train_images/3ed60e624-1.jpg,train,Mixed Breed,Mixed Breed,0.3868311233239241,0,Bajo,OOF desarrollo
f04c098ed,data/raw_petfinder/train_images/f04c098ed-1.jpg,test,Mixed Breed,,0.6523846693880471,1,Alto,Test fuera de muestra
04a555b91,data/raw_petfinder/train_images/04a555b91-1.jpg,train,Mixed Breed,Mixed Breed,0.6171370664239682,1,Alto,OOF desarrollo
71e96f977,data/raw_petfinder/train_images/71e96f977-1.jpg,valid,Mixed Breed,,0.7321324833431424,1,Alto,OOF desarrollo
5cc86be4e,data/raw_petfinder/train_images/5cc86be4e-1.jpg,test,Mixed Breed,,0.5266327852327743,1,Medio,Test fuera de muestra
8ccaceef5,data/raw_petfinder/train_images/8ccaceef5-1.jpg,train,Mixed Breed,,0.4649958109174563,1,Medio,OOF desarrollo
3083ab744,data/raw_petfinder/train_images/3083ab744-1.jpg,test,Mixed Breed,,0.5504907647267875,1,Medio,Test fuera de muestra
1c9a2baf6,data/raw_petfinder/train_images/1c9a2baf6-1.jpg,test,Golden Retriever,,0.3744073828697861,0,Bajo,Test fuera de muestra
903a75804,data/raw_petfinder/train_images/903a75804-1.jpg,train,Mixed Breed,,0.4685610002299704,1,Medio,OOF desarrollo
b42873eb7,data/raw_petfinder/train_images/b42873eb7-1.jpg,train,Mixed Breed,,0.6819187158996823,1,Alto,OOF desarrollo
e3acd4da3,data/raw_petfinder/train_images/e3acd4da3-1.jpg,train,Mixed Breed,,0.7489686739528731,1,Alto,OOF desarrollo
12b1bce04,data/raw_petfinder/train_images/12b1bce04-1.jpg,test,Mixed Breed,Mixed Breed,0.6537161112992171,1,Alto,Test fuera de muestra
410707dda,data/raw_petfinder/train_images/410707dda-1.jpg,train,Mixed Breed,,0.5783381938934169,1,Medio,OOF desarrollo
c5c51218f,data/raw_petfinder/train_images/c5c51218f-1.jpg,train,Shih Tzu,,0.2906856739040144,0,Bajo,OOF desarrollo
4cc05c35d,data/raw_petfinder/train_images/4cc05c35d-1.jpg,train,Mixed Breed,,0.5264194903623833,1,Medio,OOF desarrollo
3bf71f7b1,data/raw_petfinder/train_images/3bf71f7b1-1.jpg,test,Shih Tzu,,0.4269732672054711,1,Bajo,Test fuera de muestra
427755203,data/raw_petfinder/train_images/427755203-1.jpg,train,Mixed Breed,Mixed Breed,0.3880981952072949,0,Bajo,OOF desarrollo
93692767b,data/raw_petfinder/train_images/93692767b-1.jpg,train,Mixed Breed,Mixed Breed,0.5376120828780996,1,Medio,OOF desarrollo
29edf6e20,data/raw_petfinder/train_images/29edf6e20-1.jpg,train,Terrier,,0.4162455944552393,1,Bajo,OOF desarrollo
971c160c7,data/raw_petfinder/train_images/971c160c7-1.jpg,train,Mixed Breed,,0.5156843264131583,1,Medio,OOF desarrollo
c160e581a,data/raw_petfinder/train_images/c160e581a-1.jpg,test,Terrier,Mixed Breed,0.693729776067195,1,Alto,Test fuera de muestra
828f48390,data/raw_petfinder/train_images/828f48390-1.jpg,train,Mixed Breed,,0.7108422314807038,1,Alto,OOF desarrollo
f0a7a4dfb,data/raw_petfinder/train_images/f0a7a4dfb-1.jpg,train,Mixed Breed,,0.6570496696581791,1,Alto,OOF desarrollo
476b3dbe5,data/raw_petfinder/train_images/476b3dbe5-1.jpg,valid,Shih Tzu,,0.4614778802349941,1,Medio,OOF desarrollo
e6151d695,data/raw_petfinder/train_images/e6151d695-1.jpg,train,Mixed Breed,,0.3828874620193892,0,Bajo,OOF desarrollo
97c58d897,data/raw_petfinder/train_images/97c58d897-1.jpg,test,Husky,Husky,0.277882162596523,0,Bajo,Test fuera de muestra
4140b3b5a,data/raw_petfinder/train_images/4140b3b5a-1.jpg,test,Mixed Breed,,0.4388381824826736,1,Bajo,Test fuera de muestra
6ada9811e,data/raw_petfinder/train_images/6ada9811e-1.jpg,valid,Pekingese,Mixed Breed,0.5750949124221452,1,Medio,OOF desarrollo
ea1318971,data/raw_petfinder/train_images/ea1318971-1.jpg,test,Mixed Breed,,0.7477285510430641,1,Alto,Test fuera de muestra
acdf99f98,data/raw_petfinder/train_images/acdf99f98-1.jpg,train,Mixed Breed,Mixed Breed,0.6661149136559188,1,Alto,OOF desarrollo
dc1b809db,data/raw_petfinder/train_images/dc1b809db-1.jpg,train,Mixed Breed,,0.5091699688812839,1,Medio,OOF desarrollo
a8cfbf446,data/raw_petfinder/train_images/a8cfbf446-1.jpg,train,Golden Retriever,Labrador Retriever,0.6219096877142636,1,Alto,OOF desarrollo
6ebcc7756,data/raw_petfinder/train_images/6ebcc7756-1.jpg,test,Mixed Breed,,0.487194090254524,1,Medio,Test fuera de muestra
2455effb8,data/raw_petfinder/train_images/2455effb8-1.jpg,train,Doberman Pinscher,Mixed Breed,0.6958036714581619,1,Alto,OOF desarrollo
5e54f4e06,data/raw_petfinder/train_images/5e54f4e06-1.jpg,test,Mixed Breed,,0.6081108380933983,1,Alto,Test fuera de muestra
c634af483,data/raw_petfinder/train_images/c634af483-1.jpg,train,Mixed Breed,,0.7376661003614062,1,Alto,OOF desarrollo
a631eba2c,data/raw_petfinder/train_images/a631eba2c-1.jpg,train,Mixed Breed,,0.6712615092838801,1,Alto,OOF desarrollo
91697ee90,data/raw_petfinder/train_images/91697ee90-1.jpg,valid,Labrador Retriever,,0.3347355129496838,0,Bajo,OOF desarrollo
182faa94d,data/raw_petfinder/train_images/182faa94d-1.jpg,train,Labrador Retriever,Mixed Breed,0.5581031674866768,1,Medio,OOF desarrollo
7a5091ca2,data/raw_petfinder/train_images/7a5091ca2-1.jpg,valid,Terrier,Poodle,0.7001688929133256,1,Alto,OOF desarrollo
fe790ba60,data/raw_petfinder/train_images/fe790ba60-1.jpg,train,Mixed Breed,,0.5772845076762315,1,Medio,OOF desarrollo
bd7f07424,data/raw_petfinder/train_images/bd7f07424-1.jpg,train,Mixed Breed,,0.3875882899476921,0,Bajo,OOF desarrollo
8cb067b2f,data/raw_petfinder/train_images/8cb067b2f-1.jpg,train,Mixed Breed,Mixed Breed,0.4881457225600448,1,Medio,OOF desarrollo
81f1d4d5c,data/raw_petfinder/train_images/81f1d4d5c-1.jpg,train,Mixed Breed,,0.6310961964535386,1,Alto,OOF desarrollo
aa2a3d9c7,data/raw_petfinder/train_images/aa2a3d9c7-1.jpg,train,Mixed Breed,,0.4385052959727648,1,Bajo,OOF desarrollo
c14ddf8a0,data/raw_petfinder/train_images/c14ddf8a0-1.jpg,train,Mixed Breed,,0.2733824511808276,0,Bajo,OOF desarrollo
b6a16ab86,data/raw_petfinder/train_images/b6a16ab86-1.jpg,train,Mixed Breed,,0.8010327760761538,1,Alto,OOF desarrollo
15a828f9d,data/raw_petfinder/train_images/15a828f9d-1.jpg,train,Mixed Breed,,0.4317335598359693,1,Bajo,OOF desarrollo
acada131d,data/raw_petfinder/train_images/acada131d-1.jpg,test,Mixed Breed,Mixed Breed,0.4142748388968978,1,Bajo,Test fuera de muestra
9351d5173,data/raw_petfinder/train_images/9351d5173-1.jpg,train,Mixed Breed,,0.3774000541698247,0,Bajo,OOF desarrollo
01bcfcde8,data/raw_petfinder/train_images/01bcfcde8-1.jpg,train,Mixed Breed,,0.6359316239285864,1,Alto,OOF desarrollo
fbcea110f,data/raw_petfinder/train_images/fbcea110f-1.jpg,train,Mixed Breed,,0.3432654433276421,0,Bajo,OOF desarrollo
1f7c7c248,data/raw_petfinder/train_images/1f7c7c248-1.jpg,train,Mixed Breed,Mixed Breed,0.8427256500455035,1,Alto,OOF desarrollo
6c692e208,data/raw_petfinder/train_images/6c692e208-1.jpg,train,Terrier,Mixed Breed,0.7157425221065918,1,Alto,OOF desarrollo
88fa13291,data/raw_petfinder/train_images/88fa13291-1.jpg,train,Chihuahua,,0.3924690813546341,1,Bajo,OOF desarrollo
fc7b01af6,data/raw_petfinder/train_images/fc7b01af6-1.jpg,train,Mixed Breed,,0.5467327103086563,1,Medio,OOF desarrollo
cd89328a8,data/raw_petfinder/train_images/cd89328a8-1.jpg,train,Labrador Retriever,Mixed Breed,0.7527751972785045,1,Alto,OOF desarrollo
d583d44d2,data/raw_petfinder/train_images/d583d44d2-1.jpg,train,Terrier,,0.5986594633165299,1,Medio,OOF desarrollo
2566ab3a5,data/raw_petfinder/train_images/2566ab3a5-1.jpg,train,Mixed Breed,,0.7187465140398234,1,Alto,OOF desarrollo
1c59513dd,data/raw_petfinder/train_images/1c59513dd-1.jpg,train,Schnauzer,,0.3072644178131183,0,Bajo,OOF desarrollo
3099254c2,data/raw_petfinder/train_images/3099254c2-1.jpg,train,Mixed Breed,,0.7690574609932306,1,Alto,OOF desarrollo
100aed9a3,data/raw_petfinder/train_images/100aed9a3-1.jpg,train,Mixed Breed,Mixed Breed,0.3355728944453557,0,Bajo,OOF desarrollo
24be8e826,data/raw_petfinder/train_images/24be8e826-1.jpg,valid,Mixed Breed,,0.6627736370536785,1,Alto,OOF desarrollo
8af959627,data/raw_petfinder/train_images/8af959627-1.jpg,train,Dachshund,Beagle,0.4113760371275302,1,Bajo,OOF desarrollo
5bf976dd7,data/raw_petfinder/train_images/5bf976dd7-1.jpg,test,Mixed Breed,Mixed Breed,0.5405061383694476,1,Medio,Test fuera de muestra
cd8e8d7a1,data/raw_petfinder/train_images/cd8e8d7a1-1.jpg,train,Mixed Breed,,0.8309957481947166,1,Alto,OOF desarrollo
ab6c8aca6,data/raw_petfinder/train_images/ab6c8aca6-1.jpg,test,Mixed Breed,,0.5087126730927153,1,Medio,Test fuera de muestra
4c3a2c536,data/raw_petfinder/train_images/4c3a2c536-1.jpg,train,Mixed Breed,,0.6051882210999383,1,Alto,OOF desarrollo
a2cd5b78a,data/raw_petfinder/train_images/a2cd5b78a-1.jpg,train,Mixed Breed,Mixed Breed,0.6890408206690766,1,Alto,OOF desarrollo
9dca0bf20,data/raw_petfinder/train_images/9dca0bf20-1.jpg,test,Mixed Breed,,0.4972316431959159,1,Medio,Test fuera de muestra
a8df693c0,data/raw_petfinder/train_images/a8df693c0-1.jpg,train,Mixed Breed,Mixed Breed,0.3061439236209913,0,Bajo,OOF desarrollo
6fdb43f0b,data/raw_petfinder/train_images/6fdb43f0b-1.jpg,train,Doberman Pinscher,,0.6199005237295171,1,Alto,OOF desarrollo
0ac279a25,data/raw_petfinder/train_images/0ac279a25-1.jpg,train,Mixed Breed,,0.618987077235655,1,Alto,OOF desarrollo
8ef276c3b,data/raw_petfinder/train_images/8ef276c3b-1.jpg,train,Mixed Breed,,0.5381685777447707,1,Medio,OOF desarrollo
21cc6a743,data/raw_petfinder/train_images/21cc6a743-1.jpg,train,Mixed Breed,,0.5306568703834837,1,Medio,OOF desarrollo
0c9133a83,data/raw_petfinder/train_images/0c9133a83-1.jpg,valid,Mixed Breed,Beagle,0.7650740541549517,1,Alto,OOF desarrollo
af005c575,data/raw_petfinder/train_images/af005c575-1.jpg,train,Terrier,,0.5045671974018016,1,Medio,OOF desarrollo
85a0bad4f,data/raw_petfinder/train_images/85a0bad4f-1.jpg,test,Mixed Breed,Golden Retriever,0.3224867023162154,0,Bajo,Test fuera de muestra
8d76a1b7f,data/raw_petfinder/train_images/8d76a1b7f-1.jpg,train,Doberman Pinscher,Mixed Breed,0.5897772541561928,1,Medio,OOF desarrollo
2a9a33d29,data/raw_petfinder/train_images/2a9a33d29-1.jpg,valid,German Shepherd Dog,Mixed Breed,0.5693007917339352,1,Medio,OOF desarrollo
90dc0d83f,data/raw_petfinder/train_images/90dc0d83f-1.jpg,train,Mixed Breed,,0.611238517152534,1,Alto,OOF desarrollo
6d994c50c,data/raw_petfinder/train_images/6d994c50c-1.jpg,train,Mixed Breed,,0.3620679478639947,0,Bajo,OOF desarrollo
c6d7271e8,data/raw_petfinder/train_images/c6d7271e8-1.jpg,valid,Mixed Breed,,0.6221808394941142,1,Alto,OOF desarrollo
99a994cb1,data/raw_petfinder/train_images/99a994cb1-1.jpg,test,Mixed Breed,,0.6568224874185522,1,Alto,Test fuera de muestra
2a06a5244,data/raw_petfinder/train_images/2a06a5244-1.jpg,train,Mixed Breed,Mixed Breed,0.4846154996347605,1,Medio,OOF desarrollo
8773f250c,data/raw_petfinder/train_images/8773f250c-1.jpg,train,Mixed Breed,,0.3874063770322369,0,Bajo,OOF desarrollo
82ea3883e,data/raw_petfinder/train_images/82ea3883e-1.jpg,train,Spitz,Mixed Breed,0.6762685915765398,1,Alto,OOF desarrollo
04a5f717a,data/raw_petfinder/train_images/04a5f717a-1.jpg,valid,Mixed Breed,Rottweiler,0.3510187548155166,0,Bajo,OOF desarrollo
884b9a6ec,data/raw_petfinder/train_images/884b9a6ec-1.jpg,valid,Mixed Breed,,0.4406814832810565,1,Bajo,OOF desarrollo
115a4b208,data/raw_petfinder/train_images/115a4b208-1.jpg,train,Mixed Breed,,0.4669908698092943,1,Medio,OOF desarrollo
7e8bab7a5,data/raw_petfinder/train_images/7e8bab7a5-1.jpg,train,Mixed Breed,,0.5104229885023599,1,Medio,OOF desarrollo
302eb3771,data/raw_petfinder/train_images/302eb3771-1.jpg,train,Terrier,Maltese,0.5867788266988853,1,Medio,OOF desarrollo
0bcae32b7,data/raw_petfinder/train_images/0bcae32b7-1.jpg,test,Mixed Breed,,0.8160499332020597,1,Alto,Test fuera de muestra
07102e682,data/raw_petfinder/train_images/07102e682-1.jpg,valid,Mixed Breed,,0.4041246618199492,1,Bajo,OOF desarrollo
516fcfdf9,data/raw_petfinder/train_images/516fcfdf9-1.jpg,train,Mixed Breed,,0.26596935475613,0,Bajo,OOF desarrollo
0d4b69793,data/raw_petfinder/train_images/0d4b69793-1.jpg,test,Rottweiler,,0.5225155401313468,1,Medio,Test fuera de muestra
a77b63ee1,data/raw_petfinder/train_images/a77b63ee1-1.jpg,train,Mixed Breed,Mixed Breed,0.3894701016209099,0,Bajo,OOF desarrollo
9449dcc18,data/raw_petfinder/train_images/9449dcc18-1.jpg,test,Mixed Breed,,0.7967342322357094,1,Alto,Test fuera de muestra
1eeb50e8f,data/raw_petfinder/train_images/1eeb50e8f-1.jpg,train,Mixed Breed,,0.7648738664174037,1,Alto,OOF desarrollo
80cedf6b9,data/raw_petfinder/train_images/80cedf6b9-1.jpg,train,Mixed Breed,,0.7415419008054689,1,Alto,OOF desarrollo
be376ea01,data/raw_petfinder/train_images/be376ea01-1.jpg,test,Labrador Retriever,Mixed Breed,0.5145771425391971,1,Medio,Test fuera de muestra
fc43d7ddb,data/raw_petfinder/train_images/fc43d7ddb-1.jpg,test,Jack Russell Terrier,,0.8106275933545779,1,Alto,Test fuera de muestra
05312ba72,data/raw_petfinder/train_images/05312ba72-1.jpg,train,Mixed Breed,Mixed Breed,0.5364534450166771,1,Medio,OOF desarrollo
48c838ef7,data/raw_petfinder/train_images/48c838ef7-1.jpg,train,Mixed Breed,,0.3903318944040351,1,Bajo,OOF desarrollo
411bba4e8,data/raw_petfinder/train_images/411bba4e8-1.jpg,train,Mixed Breed,,0.712909953811681,1,Alto,OOF desarrollo
bdb5b7ecb,data/raw_petfinder/train_images/bdb5b7ecb-1.jpg,valid,Mixed Breed,Mixed Breed,0.560377446317434,1,Medio,OOF desarrollo
e7fae9937,data/raw_petfinder/train_images/e7fae9937-1.jpg,valid,Mixed Breed,,0.4371415219382053,1,Bajo,OOF desarrollo
f8fb0aa55,data/raw_petfinder/train_images/f8fb0aa55-1.jpg,train,Mixed Breed,German Shepherd Dog,0.475015709638815,1,Medio,OOF desarrollo
bc6d86a40,data/raw_petfinder/train_images/bc6d86a40-1.jpg,train,Mixed Breed,,0.6056713006309695,1,Alto,OOF desarrollo
672e9e752,data/raw_petfinder/train_images/672e9e752-1.jpg,train,Mixed Breed,Mixed Breed,0.6758586046699597,1,Alto,OOF desarrollo
e6ff21b7e,data/raw_petfinder/train_images/e6ff21b7e-1.jpg,train,German Shepherd Dog,Mixed Breed,0.4919844104361887,1,Medio,OOF desarrollo
548351895,data/raw_petfinder/train_images/548351895-1.jpg,train,Mixed Breed,,0.4152327728530766,1,Bajo,OOF desarrollo
fcae5bea5,data/raw_petfinder/train_images/fcae5bea5-1.jpg,train,Mixed Breed,,0.8573983854088414,1,Alto,OOF desarrollo
72d68bbd0,data/raw_petfinder/train_images/72d68bbd0-1.jpg,train,Mixed Breed,Mixed Breed,0.455253097882904,1,Bajo,OOF desarrollo
c74d9c9f3,data/raw_petfinder/train_images/c74d9c9f3-1.jpg,train,Mixed Breed,,0.3789165738243713,0,Bajo,OOF desarrollo
a486e2ab6,data/raw_petfinder/train_images/a486e2ab6-1.jpg,train,Mixed Breed,,0.5079081501927027,1,Medio,OOF desarrollo
f304e7fb3,data/raw_petfinder/train_images/f304e7fb3-1.jpg,valid,Mixed Breed,German Shepherd Dog,0.4863270661916322,1,Medio,OOF desarrollo
1f25222ce,data/raw_petfinder/train_images/1f25222ce-1.jpg,train,Mixed Breed,,0.7817834492459483,1,Alto,OOF desarrollo
9aa9d63f8,data/raw_petfinder/train_images/9aa9d63f8-1.jpg,train,Mixed Breed,,0.5983638425684658,1,Medio,OOF desarrollo
37a8dcdce,data/raw_petfinder/train_images/37a8dcdce-1.jpg,train,Labrador Retriever,Mixed Breed,0.7459555679335305,1,Alto,OOF desarrollo
b93203aa7,data/raw_petfinder/train_images/b93203aa7-1.jpg,train,Mixed Breed,Mixed Breed,0.3385999199459004,0,Bajo,OOF desarrollo
493d9cc81,data/raw_petfinder/train_images/493d9cc81-1.jpg,train,Mixed Breed,,0.695142173990251,1,Alto,OOF desarrollo
2fa5bde3c,data/raw_petfinder/train_images/2fa5bde3c-1.jpg,test,Cocker Spaniel,Mixed Breed,0.318440194678787,0,Bajo,Test fuera de muestra
8f32c880e,data/raw_petfinder/train_images/8f32c880e-1.jpg,train,Mixed Breed,,0.542443259806112,1,Medio,OOF desarrollo
ff2224b9d,data/raw_petfinder/train_images/ff2224b9d-1.jpg,train,French Bulldog,,0.6747764328217027,1,Alto,OOF desarrollo
473caf456,data/raw_petfinder/train_images/473caf456-1.jpg,train,Mixed Breed,,0.4091910286519465,1,Bajo,OOF desarrollo
63c794465,data/raw_petfinder/train_images/63c794465-1.jpg,train,Mixed Breed,,0.7073169155313358,1,Alto,OOF desarrollo
b857d5ac6,data/raw_petfinder/train_images/b857d5ac6-1.jpg,valid,Mixed Breed,,0.6152000301661984,1,Alto,OOF desarrollo
d66a55b13,data/raw_petfinder/train_images/d66a55b13-1.jpg,valid,Mixed Breed,,0.4266401250317546,1,Bajo,OOF desarrollo
b16b24c21,data/raw_petfinder/train_images/b16b24c21-1.jpg,valid,Terrier,,0.4398488934983967,1,Bajo,OOF desarrollo
eadb7f25e,data/raw_petfinder/train_images/eadb7f25e-1.jpg,valid,Mixed Breed,Mixed Breed,0.796901378757331,1,Alto,OOF desarrollo
44c308937,data/raw_petfinder/train_images/44c308937-1.jpg,train,Mixed Breed,,0.783638971214195,1,Alto,OOF desarrollo
8ec043344,data/raw_petfinder/train_images/8ec043344-1.jpg,test,Mixed Breed,Mixed Breed,0.8066557588957928,1,Alto,Test fuera de muestra
6cf058ab3,data/raw_petfinder/train_images/6cf058ab3-1.jpg,train,Mixed Breed,,0.4563919959914374,1,Bajo,OOF desarrollo
84e146ba6,data/raw_petfinder/train_images/84e146ba6-1.jpg,train,Mixed Breed,Mixed Breed,0.4393956714435257,1,Bajo,OOF desarrollo
c213bcac3,data/raw_petfinder/train_images/c213bcac3-1.jpg,train,Mixed Breed,,0.7721763904322797,1,Alto,OOF desarrollo
5dff24075,data/raw_petfinder/train_images/5dff24075-1.jpg,valid,Mixed Breed,Mixed Breed,0.4980406294092608,1,Medio,OOF desarrollo
f06da7096,data/raw_petfinder/train_images/f06da7096-1.jpg,train,Mixed Breed,,0.6643827353138886,1,Alto,OOF desarrollo
31e266863,data/raw_petfinder/train_images/31e266863-1.jpg,train,Miniature Pinscher,,0.3769209002139291,0,Bajo,OOF desarrollo
0f1a3ce5a,data/raw_petfinder/train_images/0f1a3ce5a-1.jpg,train,Mixed Breed,,0.5708289097431126,1,Medio,OOF desarrollo
a5b9343c3,data/raw_petfinder/train_images/a5b9343c3-1.jpg,train,Mixed Breed,,0.729561233269568,1,Alto,OOF desarrollo
56b0b72b1,data/raw_petfinder/train_images/56b0b72b1-1.jpg,train,Pekingese,Chihuahua,0.4500152178271769,1,Bajo,OOF desarrollo
c79c98af1,data/raw_petfinder/train_images/c79c98af1-1.jpg,valid,Mixed Breed,,0.62123644315355,1,Alto,OOF desarrollo
9243b2c43,data/raw_petfinder/train_images/9243b2c43-1.jpg,train,Mixed Breed,Mixed Breed,0.6427012066031308,1,Alto,OOF desarrollo
29af2b6ec,data/raw_petfinder/train_images/29af2b6ec-1.jpg,train,German Shepherd Dog,Mixed Breed,0.403458496562488,1,Bajo,OOF desarrollo
640e0b69b,data/raw_petfinder/train_images/640e0b69b-1.jpg,valid,Mixed Breed,Golden Retriever,0.7916017226220735,1,Alto,OOF desarrollo
a5b4b663d,data/raw_petfinder/train_images/a5b4b663d-1.jpg,train,Mixed Breed,Mixed Breed,0.3583424993160241,0,Bajo,OOF desarrollo
23ed3e349,data/raw_petfinder/train_images/23ed3e349-1.jpg,test,Mixed Breed,,0.5671502212566634,1,Medio,Test fuera de muestra
31c2215c1,data/raw_petfinder/train_images/31c2215c1-1.jpg,train,German Shepherd Dog,,0.4694546050662528,1,Medio,OOF desarrollo
725a5345e,data/raw_petfinder/train_images/725a5345e-1.jpg,train,Mixed Breed,,0.4276024786648285,1,Bajo,OOF desarrollo
2fe763187,data/raw_petfinder/train_images/2fe763187-1.jpg,test,Jack Russell Terrier,Mixed Breed,0.7439419449509068,1,Alto,Test fuera de muestra
5a60fde1f,data/raw_petfinder/train_images/5a60fde1f-1.jpg,train,Mixed Breed,,0.4845444869801442,1,Medio,OOF desarrollo
ca28c5e51,data/raw_petfinder/train_images/ca28c5e51-1.jpg,test,Mixed Breed,,0.5627335567113438,1,Medio,Test fuera de muestra
41fa17c7c,data/raw_petfinder/train_images/41fa17c7c-1.jpg,train,Mixed Breed,,0.481672848303345,1,Medio,OOF desarrollo
8bd033254,data/raw_petfinder/train_images/8bd033254-1.jpg,train,Mixed Breed,,0.5229285397483378,1,Medio,OOF desarrollo
be59708a0,data/raw_petfinder/train_images/be59708a0-1.jpg,valid,Mixed Breed,,0.6181754528743852,1,Alto,OOF desarrollo
331a745e8,data/raw_petfinder/train_images/331a745e8-1.jpg,train,Mixed Breed,,0.4030698197921144,1,Bajo,OOF desarrollo
c1ed7562f,data/raw_petfinder/train_images/c1ed7562f-1.jpg,train,Akita,Mixed Breed,0.6421027597482247,1,Alto,OOF desarrollo
23eddf1d8,data/raw_petfinder/train_images/23eddf1d8-1.jpg,train,Mixed Breed,,0.7891427164898929,1,Alto,OOF desarrollo
ef9b5808b,data/raw_petfinder/train_images/ef9b5808b-1.jpg,test,Shih Tzu,,0.3331086117986173,0,Bajo,Test fuera de muestra
7650ed0f0,data/raw_petfinder/train_images/7650ed0f0-1.jpg,train,Mixed Breed,,0.549181471938356,1,Medio,OOF desarrollo
9d2fb911c,data/raw_petfinder/train_images/9d2fb911c-1.jpg,train,Mixed Breed,,0.5987341395403882,1,Medio,OOF desarrollo
15592a54c,data/raw_petfinder/train_images/15592a54c-1.jpg,train,Mixed Breed,,0.8322901081979219,1,Alto,OOF desarrollo
5997cc138,data/raw_petfinder/train_images/5997cc138-1.jpg,train,Mixed Breed,,0.6565183884001246,1,Alto,OOF desarrollo
53bb1d133,data/raw_petfinder/train_images/53bb1d133-1.jpg,test,Labrador Retriever,Mixed Breed,0.3418497014842888,0,Bajo,Test fuera de muestra
b9c0de515,data/raw_petfinder/train_images/b9c0de515-1.jpg,train,Mixed Breed,,0.5416379827108916,1,Medio,OOF desarrollo
f212d0cdc,data/raw_petfinder/train_images/f212d0cdc-1.jpg,train,Silky Terrier,Mixed Breed,0.4076802824330195,1,Bajo,OOF desarrollo
4a9fa9d9e,data/raw_petfinder/train_images/4a9fa9d9e-1.jpg,train,Beagle,Mixed Breed,0.6424321667457065,1,Alto,OOF desarrollo
6c5fb38d4,data/raw_petfinder/train_images/6c5fb38d4-1.jpg,valid,German Shepherd Dog,Mixed Breed,0.4538845988674314,1,Bajo,OOF desarrollo
72626612c,data/raw_petfinder/train_images/72626612c-1.jpg,test,Mixed Breed,,0.2990342173339411,0,Bajo,Test fuera de muestra
74fb03e51,data/raw_petfinder/train_images/74fb03e51-1.jpg,train,Mixed Breed,,0.4730048205602949,1,Medio,OOF desarrollo
4247730f1,data/raw_petfinder/train_images/4247730f1-1.jpg,test,Mixed Breed,,0.6583535658685407,1,Alto,Test fuera de muestra
39bf24ec8,data/raw_petfinder/train_images/39bf24ec8-1.jpg,test,Mixed Breed,,0.6870101736341296,1,Alto,Test fuera de muestra
dc996a1a4,data/raw_petfinder/train_images/dc996a1a4-1.jpg,train,Chihuahua,Poodle,0.4039137854383877,1,Bajo,OOF desarrollo
d433a5827,data/raw_petfinder/train_images/d433a5827-1.jpg,train,Mixed Breed,,0.5429312469314242,1,Medio,OOF desarrollo
5ced5d057,data/raw_petfinder/train_images/5ced5d057-1.jpg,train,Mixed Breed,,0.4393424775857059,1,Bajo,OOF desarrollo
a22499988,data/raw_petfinder/train_images/a22499988-1.jpg,train,Mixed Breed,,0.6118022672863239,1,Alto,OOF desarrollo
edc5c168a,data/raw_petfinder/train_images/edc5c168a-1.jpg,train,Mixed Breed,,0.8540025425389683,1,Alto,OOF desarrollo
20845a37b,data/raw_petfinder/train_images/20845a37b-1.jpg,valid,Pomeranian,,0.2780901968926954,0,Bajo,OOF desarrollo
8573077f3,data/raw_petfinder/train_images/8573077f3-1.jpg,valid,Mixed Breed,,0.5642194733962014,1,Medio,OOF desarrollo
5ca7a1543,data/raw_petfinder/train_images/5ca7a1543-1.jpg,valid,Beagle,,0.452169008682065,1,Bajo,OOF desarrollo
63cc8aa47,data/raw_petfinder/train_images/63cc8aa47-1.jpg,test,Mixed Breed,,0.6347395975452589,1,Alto,Test fuera de muestra
36681d1d5,data/raw_petfinder/train_images/36681d1d5-1.jpg,valid,Mixed Breed,,0.3237983995538449,0,Bajo,OOF desarrollo
a983562e5,data/raw_petfinder/train_images/a983562e5-1.jpg,train,Dalmatian,Mixed Breed,0.5318444006905328,1,Medio,OOF desarrollo
c32ecd5bf,data/raw_petfinder/train_images/c32ecd5bf-1.jpg,train,Golden Retriever,,0.3955059710506423,1,Bajo,OOF desarrollo
890dc359d,data/raw_petfinder/train_images/890dc359d-1.jpg,valid,Mixed Breed,Mixed Breed,0.3280662286422,0,Bajo,OOF desarrollo
35bd82365,data/raw_petfinder/train_images/35bd82365-1.jpg,valid,Mixed Breed,,0.54485681332061,1,Medio,OOF desarrollo
1f4a53e6c,data/raw_petfinder/train_images/1f4a53e6c-1.jpg,valid,Mixed Breed,,0.619329597652636,1,Alto,OOF desarrollo
e24a30aaa,data/raw_petfinder/train_images/e24a30aaa-1.jpg,train,Mixed Breed,,0.4331388160459417,1,Bajo,OOF desarrollo
adc03f8b6,data/raw_petfinder/train_images/adc03f8b6-1.jpg,test,Mixed Breed,,0.4400610272048465,1,Bajo,Test fuera de muestra
474f23a3a,data/raw_petfinder/train_images/474f23a3a-1.jpg,train,Mixed Breed,,0.5908634384838413,1,Medio,OOF desarrollo
b1170cc46,data/raw_petfinder/train_images/b1170cc46-1.jpg,train,Mixed Breed,,0.3141200720658931,0,Bajo,OOF desarrollo
43cd2eb4e,data/raw_petfinder/train_images/43cd2eb4e-1.jpg,train,Mixed Breed,,0.4247209313806702,1,Bajo,OOF desarrollo
ee8518e4c,data/raw_petfinder/train_images/ee8518e4c-1.jpg,valid,Dalmatian,Mixed Breed,0.5882907490091562,1,Medio,OOF desarrollo
6608d48b2,data/raw_petfinder/train_images/6608d48b2-1.jpg,train,Mixed Breed,Pit Bull Terrier,0.4381286336362213,1,Bajo,OOF desarrollo
5330c4588,data/raw_petfinder/train_images/5330c4588-1.jpg,train,Mixed Breed,,0.3741712654106618,0,Bajo,OOF desarrollo
134e12e92,data/raw_petfinder/train_images/134e12e92-1.jpg,train,Mixed Breed,Terrier,0.6462787778187362,1,Alto,OOF desarrollo
1a8215249,data/raw_petfinder/train_images/1a8215249-1.jpg,train,Mixed Breed,,0.4917110891477692,1,Medio,OOF desarrollo
6381b1706,data/raw_petfinder/train_images/6381b1706-1.jpg,train,Mixed Breed,Mixed Breed,0.4102268914873678,1,Bajo,OOF desarrollo
1a4d9f6e1,data/raw_petfinder/train_images/1a4d9f6e1-1.jpg,train,Mixed Breed,,0.7723506342499207,1,Alto,OOF desarrollo
fc2012c7e,data/raw_petfinder/train_images/fc2012c7e-1.jpg,train,Poodle,,0.2651866758287167,0,Bajo,OOF desarrollo
8e2335bf5,data/raw_petfinder/train_images/8e2335bf5-1.jpg,train,Mixed Breed,,0.5603866487462345,1,Medio,OOF desarrollo
043d8c534,data/raw_petfinder/train_images/043d8c534-1.jpg,train,Mixed Breed,,0.8331786301737902,1,Alto,OOF desarrollo
ab0bb2f5a,data/raw_petfinder/train_images/ab0bb2f5a-1.jpg,valid,Mixed Breed,,0.8015155355352896,1,Alto,OOF desarrollo
4106b7290,data/raw_petfinder/train_images/4106b7290-1.jpg,train,Poodle,Terrier,0.2487703781577145,0,Bajo,OOF desarrollo
b08012e7f,data/raw_petfinder/train_images/b08012e7f-1.jpg,test,Mixed Breed,Mixed Breed,0.7120932442804402,1,Alto,Test fuera de muestra
f0137d4e3,data/raw_petfinder/train_images/f0137d4e3-1.jpg,train,Mixed Breed,,0.5129712483657131,1,Medio,OOF desarrollo
79531026f,data/raw_petfinder/train_images/79531026f-1.jpg,train,Mixed Breed,Mixed Breed,0.4916696778524842,1,Medio,OOF desarrollo
4195e3052,data/raw_petfinder/train_images/4195e3052-1.jpg,test,Mixed Breed,,0.4829495274174023,1,Medio,Test fuera de muestra
9499f293e,data/raw_petfinder/train_images/9499f293e-1.jpg,test,Mixed Breed,Mixed Breed,0.6230754491722257,1,Alto,Test fuera de muestra
6cfd5f1b5,data/raw_petfinder/train_images/6cfd5f1b5-1.jpg,train,Mixed Breed,,0.8350137379243148,1,Alto,OOF desarrollo
65470d9c0,data/raw_petfinder/train_images/65470d9c0-1.jpg,train,Mixed Breed,Terrier,0.4420257147883879,1,Bajo,OOF desarrollo
f8619af42,data/raw_petfinder/train_images/f8619af42-1.jpg,train,Mixed Breed,,0.7985739153557008,1,Alto,OOF desarrollo
4d73d97fd,data/raw_petfinder/train_images/4d73d97fd-1.jpg,train,Mixed Breed,,0.7501916573733398,1,Alto,OOF desarrollo
6cafa50dd,data/raw_petfinder/train_images/6cafa50dd-1.jpg,train,Golden Retriever,,0.38759263820549,0,Bajo,OOF desarrollo
22c2f101e,data/raw_petfinder/train_images/22c2f101e-1.jpg,valid,Mixed Breed,,0.5679923202731942,1,Medio,OOF desarrollo
37d88b689,data/raw_petfinder/train_images/37d88b689-1.jpg,train,Mixed Breed,,0.6356020780382785,1,Alto,OOF desarrollo
9d8032dd0,data/raw_petfinder/train_images/9d8032dd0-1.jpg,train,Mixed Breed,Belgian Shepherd Malinois,0.2026714425806669,0,Bajo,OOF desarrollo
918ae2c95,data/raw_petfinder/train_images/918ae2c95-1.jpg,test,Mixed Breed,Mixed Breed,0.5445052847204905,1,Medio,Test fuera de muestra
86d02f6a8,data/raw_petfinder/train_images/86d02f6a8-1.jpg,train,Mixed Breed,,0.3525142125019096,0,Bajo,OOF desarrollo
b03b1a110,data/raw_petfinder/train_images/b03b1a110-1.jpg,train,Mixed Breed,,0.5901451867111807,1,Medio,OOF desarrollo
91df1b68f,data/raw_petfinder/train_images/91df1b68f-1.jpg,test,Mixed Breed,,0.5346203857082936,1,Medio,Test fuera de muestra
bdde3b5ca,data/raw_petfinder/train_images/bdde3b5ca-1.jpg,train,Spitz,Mixed Breed,0.6735336075922358,1,Alto,OOF desarrollo
f2f8980cd,data/raw_petfinder/train_images/f2f8980cd-1.jpg,valid,Mixed Breed,,0.6702686314339282,1,Alto,OOF desarrollo
6f46311db,data/raw_petfinder/train_images/6f46311db-1.jpg,test,Mixed Breed,Rottweiler,0.3497415872420723,0,Bajo,Test fuera de muestra
ea3de2587,data/raw_petfinder/train_images/ea3de2587-1.jpg,train,Mixed Breed,,0.6627388315748677,1,Alto,OOF desarrollo
e7fdf6d1c,data/raw_petfinder/train_images/e7fdf6d1c-1.jpg,train,Mixed Breed,,0.5916282926839374,1,Medio,OOF desarrollo
2f50d46b2,data/raw_petfinder/train_images/2f50d46b2-1.jpg,valid,Mixed Breed,,0.4175230249410493,1,Bajo,OOF desarrollo
b09fa9385,data/raw_petfinder/train_images/b09fa9385-1.jpg,train,Yellow Labrador Retriever,Mixed Breed,0.6454475236544148,1,Alto,OOF desarrollo
57bf84005,data/raw_petfinder/train_images/57bf84005-1.jpg,train,Pug,,0.4329694012361221,1,Bajo,OOF desarrollo
f77a6e11c,data/raw_petfinder/train_images/f77a6e11c-1.jpg,train,Mixed Breed,,0.4189896544544749,1,Bajo,OOF desarrollo
51a0d55ba,data/raw_petfinder/train_images/51a0d55ba-1.jpg,test,Dachshund,Mixed Breed,0.4372849341215993,1,Bajo,Test fuera de muestra
87520e2c9,data/raw_petfinder/train_images/87520e2c9-1.jpg,test,Mixed Breed,Mixed Breed,0.5708024537075016,1,Medio,Test fuera de muestra
dc7dad1da,data/raw_petfinder/train_images/dc7dad1da-1.jpg,valid,Mixed Breed,,0.5466769869177546,1,Medio,OOF desarrollo
07638746f,data/raw_petfinder/train_images/07638746f-1.jpg,train,Shih Tzu,,0.2651800954779707,0,Bajo,OOF desarrollo
237343008,data/raw_petfinder/train_images/237343008-1.jpg,train,Doberman Pinscher,Mixed Breed,0.6742802934697674,1,Alto,OOF desarrollo
59a08eeec,data/raw_petfinder/train_images/59a08eeec-1.jpg,valid,Poodle,Terrier,0.5114582965804874,1,Medio,OOF desarrollo
1936c68a5,data/raw_petfinder/train_images/1936c68a5-1.jpg,test,Terrier,,0.554609192951758,1,Medio,Test fuera de muestra
559afad4f,data/raw_petfinder/train_images/559afad4f-1.jpg,train,Mixed Breed,,0.6966616636382318,1,Alto,OOF desarrollo
0b501f1d8,data/raw_petfinder/train_images/0b501f1d8-1.jpg,train,Doberman Pinscher,Mixed Breed,0.6797294081970374,1,Alto,OOF desarrollo
7ba9cb4a0,data/raw_petfinder/train_images/7ba9cb4a0-1.jpg,valid,Mixed Breed,Smooth Fox Terrier,0.5991429563081244,1,Medio,OOF desarrollo
9a9707c98,data/raw_petfinder/train_images/9a9707c98-1.jpg,test,Labrador Retriever,Mixed Breed,0.4267124348579912,1,Bajo,Test fuera de muestra
87a679d31,data/raw_petfinder/train_images/87a679d31-1.jpg,test,Mixed Breed,,0.7916934063849028,1,Alto,Test fuera de muestra
05f84991b,data/raw_petfinder/train_images/05f84991b-1.jpg,train,Mixed Breed,,0.4985026841849093,1,Medio,OOF desarrollo
5407c6e1a,data/raw_petfinder/train_images/5407c6e1a-1.jpg,train,Miniature Pinscher,Mixed Breed,0.326160085980803,0,Bajo,OOF desarrollo
df6048227,data/raw_petfinder/train_images/df6048227-1.jpg,train,Mixed Breed,,0.7768388024574833,1,Alto,OOF desarrollo
707b0c535,data/raw_petfinder/train_images/707b0c535-1.jpg,train,Beagle,Miniature Pinscher,0.6300888401542319,1,Alto,OOF desarrollo
5dff15fc4,data/raw_petfinder/train_images/5dff15fc4-1.jpg,train,Mixed Breed,,0.7293421644282597,1,Alto,OOF desarrollo
a36e3c034,data/raw_petfinder/train_images/a36e3c034-1.jpg,valid,Labrador Retriever,Mixed Breed,0.7294669830911911,1,Alto,OOF desarrollo
2fa8b64b1,data/raw_petfinder/train_images/2fa8b64b1-1.jpg,train,Mixed Breed,,0.6342176046820988,1,Alto,OOF desarrollo
132a28bc9,data/raw_petfinder/train_images/132a28bc9-1.jpg,train,Mixed Breed,,0.3193271634629662,0,Bajo,OOF desarrollo
93cdb10e6,data/raw_petfinder/train_images/93cdb10e6-1.jpg,train,Mixed Breed,,0.4420801046234413,1,Bajo,OOF desarrollo
1696809dd,data/raw_petfinder/train_images/1696809dd-1.jpg,train,Mixed Breed,Mixed Breed,0.3148080077182605,0,Bajo,OOF desarrollo
9981290b2,data/raw_petfinder/train_images/9981290b2-1.jpg,train,Mixed Breed,,0.5905577654615992,1,Medio,OOF desarrollo
43fe381b3,data/raw_petfinder/train_images/43fe381b3-1.jpg,train,Mixed Breed,Mixed Breed,0.5769674433591219,1,Medio,OOF desarrollo
b66a74309,data/raw_petfinder/train_images/b66a74309-1.jpg,test,Mixed Breed,,0.6502413318670878,1,Alto,Test fuera de muestra
deb43659b,data/raw_petfinder/train_images/deb43659b-1.jpg,train,Mixed Breed,Mixed Breed,0.3343508458832763,0,Bajo,OOF desarrollo
d33840dfa,data/raw_petfinder/train_images/d33840dfa-1.jpg,test,Mixed Breed,Mixed Breed,0.7704078221387369,1,Alto,Test fuera de muestra
b0dc1d4f0,data/raw_petfinder/train_images/b0dc1d4f0-1.jpg,train,Mixed Breed,,0.3701653226197791,0,Bajo,OOF desarrollo
8e8779496,data/raw_petfinder/train_images/8e8779496-1.jpg,train,Golden Retriever,Mixed Breed,0.3896842772327039,0,Bajo,OOF desarrollo
013527aeb,data/raw_petfinder/train_images/013527aeb-1.jpg,train,Golden Retriever,,0.3533131339233032,0,Bajo,OOF desarrollo
05f00d521,data/raw_petfinder/train_images/05f00d521-1.jpg,test,Mixed Breed,,0.3259771517795142,0,Bajo,Test fuera de muestra
46539f4bf,data/raw_petfinder/train_images/46539f4bf-1.jpg,valid,Mixed Breed,,0.4787061404461524,1,Medio,OOF desarrollo
8229b256e,data/raw_petfinder/train_images/8229b256e-1.jpg,train,Mixed Breed,,0.5469258862723612,1,Medio,OOF desarrollo
ff0b61121,data/raw_petfinder/train_images/ff0b61121-1.jpg,train,Mixed Breed,,0.7283943704591924,1,Alto,OOF desarrollo
118c1147c,data/raw_petfinder/train_images/118c1147c-1.jpg,train,Mixed Breed,,0.7895195403237443,1,Alto,OOF desarrollo
047514286,data/raw_petfinder/train_images/047514286-1.jpg,train,Mixed Breed,Mixed Breed,0.8007925561145561,1,Alto,OOF desarrollo
49d4a0adf,data/raw_petfinder/train_images/49d4a0adf-1.jpg,train,Mixed Breed,Finnish Spitz,0.685314513091869,1,Alto,OOF desarrollo
e99eda1f6,data/raw_petfinder/train_images/e99eda1f6-1.jpg,test,Mixed Breed,,0.2912362965025035,0,Bajo,Test fuera de muestra
249540f2d,data/raw_petfinder/train_images/249540f2d-1.jpg,train,English Cocker Spaniel,,0.5565323584375406,1,Medio,OOF desarrollo
74cd0ff66,data/raw_petfinder/train_images/74cd0ff66-1.jpg,train,Doberman Pinscher,Mixed Breed,0.6357991783896001,1,Alto,OOF desarrollo
0d7247d3e,data/raw_petfinder/train_images/0d7247d3e-1.jpg,train,Mixed Breed,,0.5175547335262003,1,Medio,OOF desarrollo
e133ab2f1,data/raw_petfinder/train_images/e133ab2f1-1.jpg,train,Mixed Breed,,0.6386991579677475,1,Alto,OOF desarrollo
01f976ec9,data/raw_petfinder/train_images/01f976ec9-1.jpg,train,Shetland Sheepdog Sheltie,Mixed Breed,0.4568074016824842,1,Bajo,OOF desarrollo
2a5e70892,data/raw_petfinder/train_images/2a5e70892-1.jpg,test,Mixed Breed,,0.6272073958301455,1,Alto,Test fuera de muestra
23bf0ed46,data/raw_petfinder/train_images/23bf0ed46-1.jpg,train,Mixed Breed,,0.3587380172619211,0,Bajo,OOF desarrollo
321d04634,data/raw_petfinder/train_images/321d04634-1.jpg,train,Mixed Breed,,0.5383164943162502,1,Medio,OOF desarrollo
40501d365,data/raw_petfinder/train_images/40501d365-1.jpg,valid,Mixed Breed,,0.5232858324760515,1,Medio,OOF desarrollo
15f89f939,data/raw_petfinder/train_images/15f89f939-1.jpg,train,Corgi,,0.2441930627205199,0,Bajo,OOF desarrollo
2c4089e4f,data/raw_petfinder/train_images/2c4089e4f-1.jpg,train,Mixed Breed,,0.7214268389467066,1,Alto,OOF desarrollo
0f78e05ef,data/raw_petfinder/train_images/0f78e05ef-1.jpg,train,Mixed Breed,,0.4053411392733655,1,Bajo,OOF desarrollo
67be298a7,data/raw_petfinder/train_images/67be298a7-1.jpg,train,Mixed Breed,Mixed Breed,0.5585622487623543,1,Medio,OOF desarrollo
4d98e5623,data/raw_petfinder/train_images/4d98e5623-1.jpg,train,Mixed Breed,,0.5043090087327345,1,Medio,OOF desarrollo
6c324e80a,data/raw_petfinder/train_images/6c324e80a-1.jpg,test,Mixed Breed,,0.4209071683337279,1,Bajo,Test fuera de muestra
b69d479cf,data/raw_petfinder/train_images/b69d479cf-1.jpg,train,Labrador Retriever,Mixed Breed,0.5852070817976021,1,Medio,OOF desarrollo
5ee5f72b8,data/raw_petfinder/train_images/5ee5f72b8-1.jpg,valid,Mixed Breed,,0.7535427085833668,1,Alto,OOF desarrollo
3f42bd15e,data/raw_petfinder/train_images/3f42bd15e-1.jpg,test,Mixed Breed,,0.6683515836869862,1,Alto,Test fuera de muestra
beb0f98f7,data/raw_petfinder/train_images/beb0f98f7-1.jpg,valid,Mixed Breed,,0.4201867474486577,1,Bajo,OOF desarrollo
cbd703fb6,data/raw_petfinder/train_images/cbd703fb6-1.jpg,train,Terrier,Mixed Breed,0.8056168457782353,1,Alto,OOF desarrollo
5550a68dc,data/raw_petfinder/train_images/5550a68dc-1.jpg,train,Mixed Breed,,0.4340521658701086,1,Bajo,OOF desarrollo
91bab29e9,data/raw_petfinder/train_images/91bab29e9-1.jpg,train,Coonhound,Mixed Breed,0.5388053289421421,1,Medio,OOF desarrollo
755abaa79,data/raw_petfinder/train_images/755abaa79-1.jpg,test,Mixed Breed,,0.5753523488810424,1,Medio,Test fuera de muestra
28a0ae4fe,data/raw_petfinder/train_images/28a0ae4fe-1.jpg,test,Mixed Breed,Terrier,0.6848424842185474,1,Alto,Test fuera de muestra
9ab7e48e8,data/raw_petfinder/train_images/9ab7e48e8-1.jpg,train,Silky Terrier,,0.3793493760471497,0,Bajo,OOF desarrollo
c6f39e0e4,data/raw_petfinder/train_images/c6f39e0e4-1.jpg,train,Terrier,Mixed Breed,0.4147753844419326,1,Bajo,OOF desarrollo
973278f56,data/raw_petfinder/train_images/973278f56-1.jpg,test,Schnauzer,Terrier,0.4462980396829118,1,Bajo,Test fuera de muestra
50d2b5839,data/raw_petfinder/train_images/50d2b5839-1.jpg,train,Mixed Breed,,0.6048159371238965,1,Medio,OOF desarrollo
c12ae3214,data/raw_petfinder/train_images/c12ae3214-1.jpg,train,Mixed Breed,,0.6466769153927233,1,Alto,OOF desarrollo
cb0c04621,data/raw_petfinder/train_images/cb0c04621-1.jpg,train,Great Dane,Mixed Breed,0.5059143612543697,1,Medio,OOF desarrollo
47163bb58,data/raw_petfinder/train_images/47163bb58-1.jpg,train,Mixed Breed,,0.816843208090824,1,Alto,OOF desarrollo
53fba6573,data/raw_petfinder/train_images/53fba6573-1.jpg,train,Dalmatian,,0.5223548323204568,1,Medio,OOF desarrollo
a993cd91a,data/raw_petfinder/train_images/a993cd91a-1.jpg,train,Jack Russell Terrier,Mixed Breed,0.7198032763784793,1,Alto,OOF desarrollo
c1db71d88,data/raw_petfinder/train_images/c1db71d88-1.jpg,valid,Mixed Breed,Mixed Breed,0.4477943043817603,1,Bajo,OOF desarrollo
d51b2e785,data/raw_petfinder/train_images/d51b2e785-1.jpg,train,Mixed Breed,,0.2812233046618908,0,Bajo,OOF desarrollo
87613aee1,data/raw_petfinder/train_images/87613aee1-1.jpg,valid,Mixed Breed,,0.4664195657749699,1,Medio,OOF desarrollo
9862e5dfe,data/raw_petfinder/train_images/9862e5dfe-1.jpg,train,Belgian Shepherd Malinois,,0.529946921655866,1,Medio,OOF desarrollo
ed9936705,data/raw_petfinder/train_images/ed9936705-1.jpg,train,Mixed Breed,,0.5619359468841504,1,Medio,OOF desarrollo
8dfb61116,data/raw_petfinder/train_images/8dfb61116-1.jpg,train,Mixed Breed,,0.6095338583598353,1,Alto,OOF desarrollo
d92c326f8,data/raw_petfinder/train_images/d92c326f8-1.jpg,train,Mixed Breed,,0.3878475081939525,0,Bajo,OOF desarrollo
4a108fa61,data/raw_petfinder/train_images/4a108fa61-1.jpg,train,Great Dane,,0.5911434170415586,1,Medio,OOF desarrollo
b98316a91,data/raw_petfinder/train_images/b98316a91-1.jpg,train,Labrador Retriever,Mixed Breed,0.4339425226602637,1,Bajo,OOF desarrollo
5ab429fcb,data/raw_petfinder/train_images/5ab429fcb-1.jpg,train,Golden Retriever,,0.2786027942047633,0,Bajo,OOF desarrollo
ff2cf88a0,data/raw_petfinder/train_images/ff2cf88a0-1.jpg,train,Mixed Breed,,0.8156927137550253,1,Alto,OOF desarrollo
fce854722,data/raw_petfinder/train_images/fce854722-1.jpg,train,Poodle,,0.3307393728816876,0,Bajo,OOF desarrollo
88e2d97b2,data/raw_petfinder/train_images/88e2d97b2-1.jpg,train,Mixed Breed,Mixed Breed,0.3729959727533398,0,Bajo,OOF desarrollo
8a5d7e622,data/raw_petfinder/train_images/8a5d7e622-1.jpg,train,Mixed Breed,,0.4652653819215907,1,Medio,OOF desarrollo
87bdcbcdd,data/raw_petfinder/train_images/87bdcbcdd-1.jpg,train,Mixed Breed,,0.6667151278988943,1,Alto,OOF desarrollo
87a16f3fb,data/raw_petfinder/train_images/87a16f3fb-1.jpg,valid,Labrador Retriever,Mixed Breed,0.4694952058694878,1,Medio,OOF desarrollo
4133efff0,data/raw_petfinder/train_images/4133efff0-1.jpg,valid,Doberman Pinscher,Mixed Breed,0.724838577476911,1,Alto,OOF desarrollo
a0909c2bb,data/raw_petfinder/train_images/a0909c2bb-1.jpg,train,Mixed Breed,Spitz,0.7345060926899296,1,Alto,OOF desarrollo
ef2ee6e9b,data/raw_petfinder/train_images/ef2ee6e9b-1.jpg,test,Mixed Breed,,0.6788759376316217,1,Alto,Test fuera de muestra
60d72fc85,data/raw_petfinder/train_images/60d72fc85-1.jpg,train,Mixed Breed,Mixed Breed,0.8546631592065604,1,Alto,OOF desarrollo
f56c9eb67,data/raw_petfinder/train_images/f56c9eb67-1.jpg,train,Mixed Breed,,0.6608437567995369,1,Alto,OOF desarrollo
cca4ba626,data/raw_petfinder/train_images/cca4ba626-1.jpg,train,Mixed Breed,,0.4797057770804438,1,Medio,OOF desarrollo
91d307ce9,data/raw_petfinder/train_images/91d307ce9-1.jpg,train,Bullmastiff,Mixed Breed,0.3140541454359972,0,Bajo,OOF desarrollo
5ee1c77a0,data/raw_petfinder/train_images/5ee1c77a0-1.jpg,train,Mixed Breed,,0.5064555193970277,1,Medio,OOF desarrollo
f995bc16c,data/raw_petfinder/train_images/f995bc16c-1.jpg,train,Mixed Breed,,0.3626585103099929,0,Bajo,OOF desarrollo
afe19c37c,data/raw_petfinder/train_images/afe19c37c-1.jpg,train,Fox Terrier,Mixed Breed,0.4763920184603712,1,Medio,OOF desarrollo
ea7fc7f4f,data/raw_petfinder/train_images/ea7fc7f4f-1.jpg,train,Mixed Breed,,0.4398869210650594,1,Bajo,OOF desarrollo
937d74077,data/raw_petfinder/train_images/937d74077-1.jpg,train,Mixed Breed,,0.5325718285481318,1,Medio,OOF desarrollo
3a88e6c8f,data/raw_petfinder/train_images/3a88e6c8f-1.jpg,train,Mixed Breed,,0.4457801729738745,1,Bajo,OOF desarrollo
3edf44325,data/raw_petfinder/train_images/3edf44325-1.jpg,valid,Mixed Breed,,0.4148549489611663,1,Bajo,OOF desarrollo
087fbda7e,data/raw_petfinder/train_images/087fbda7e-1.jpg,valid,Doberman Pinscher,,0.5338606579013905,1,Medio,OOF desarrollo
4b261a0ee,data/raw_petfinder/train_images/4b261a0ee-1.jpg,test,Mixed Breed,,0.4097285859698054,1,Bajo,Test fuera de muestra
d45562a98,data/raw_petfinder/train_images/d45562a98-1.jpg,test,Mixed Breed,,0.3293745169144819,0,Bajo,Test fuera de muestra
658e4415a,data/raw_petfinder/train_images/658e4415a-1.jpg,train,Mixed Breed,,0.4612710584713762,1,Medio,OOF desarrollo
3d9346cfb,data/raw_petfinder/train_images/3d9346cfb-1.jpg,test,Mixed Breed,Mixed Breed,0.7048911588053481,1,Alto,Test fuera de muestra
be4c2e0d5,data/raw_petfinder/train_images/be4c2e0d5-1.jpg,valid,Mixed Breed,,0.4957981942734093,1,Medio,OOF desarrollo
a6b908d22,data/raw_petfinder/train_images/a6b908d22-1.jpg,valid,Mixed Breed,,0.4228806912604609,1,Bajo,OOF desarrollo
d87ff9c80,data/raw_petfinder/train_images/d87ff9c80-1.jpg,train,Mixed Breed,,0.681202762485984,1,Alto,OOF desarrollo
373880ef5,data/raw_petfinder/train_images/373880ef5-1.jpg,train,Mixed Breed,Mixed Breed,0.3629495078149393,0,Bajo,OOF desarrollo
1d48855c5,data/raw_petfinder/train_images/1d48855c5-1.jpg,test,Shih Tzu,,0.5142631171563159,1,Medio,Test fuera de muestra
5b346ef59,data/raw_petfinder/train_images/5b346ef59-1.jpg,train,Mixed Breed,Mixed Breed,0.7460952677231687,1,Alto,OOF desarrollo
3948f67d7,data/raw_petfinder/train_images/3948f67d7-1.jpg,train,Mixed Breed,Mixed Breed,0.74463432748862,1,Alto,OOF desarrollo
1f6dc1747,data/raw_petfinder/train_images/1f6dc1747-1.jpg,train,Mixed Breed,Golden Retriever,0.713501015695863,1,Alto,OOF desarrollo
63cd0b2b3,data/raw_petfinder/train_images/63cd0b2b3-1.jpg,train,Scottish Terrier Scottie,Mixed Breed,0.5843927688109505,1,Medio,OOF desarrollo
1b1a68a60,data/raw_petfinder/train_images/1b1a68a60-1.jpg,train,Mixed Breed,,0.4249955267075153,1,Bajo,OOF desarrollo
6d5afdb0f,data/raw_petfinder/train_images/6d5afdb0f-1.jpg,train,Mixed Breed,,0.5437606789227727,1,Medio,OOF desarrollo
4128e8e80,data/raw_petfinder/train_images/4128e8e80-1.jpg,train,Mixed Breed,Mixed Breed,0.3908313785622361,1,Bajo,OOF desarrollo
10e27da02,data/raw_petfinder/train_images/10e27da02-1.jpg,train,Mixed Breed,,0.4464702344937696,1,Bajo,OOF desarrollo
789083f3a,data/raw_petfinder/train_images/789083f3a-1.jpg,valid,Pekingese,,0.3765505541953626,0,Bajo,OOF desarrollo
0b3763054,data/raw_petfinder/train_images/0b3763054-1.jpg,valid,Mixed Breed,Mixed Breed,0.3692503201090543,0,Bajo,OOF desarrollo
8dbbd91bb,data/raw_petfinder/train_images/8dbbd91bb-1.jpg,train,Cocker Spaniel,,0.4911033698803373,1,Medio,OOF desarrollo
9031a7f4c,data/raw_petfinder/train_images/9031a7f4c-1.jpg,train,Mixed Breed,,0.2874890980768391,0,Bajo,OOF desarrollo
a854aca45,data/raw_petfinder/train_images/a854aca45-1.jpg,train,Mixed Breed,Labrador Retriever,0.5060835810219593,1,Medio,OOF desarrollo
182aec7a4,data/raw_petfinder/train_images/182aec7a4-1.jpg,train,Mixed Breed,,0.5850213490482967,1,Medio,OOF desarrollo
bd16029b7,data/raw_petfinder/train_images/bd16029b7-1.jpg,valid,Whippet,,0.6859652782122103,1,Alto,OOF desarrollo
ad4456e88,data/raw_petfinder/train_images/ad4456e88-1.jpg,train,Mixed Breed,,0.7721549256527172,1,Alto,OOF desarrollo
7e43ebd6c,data/raw_petfinder/train_images/7e43ebd6c-1.jpg,test,Schnauzer,,0.4217474801932706,1,Bajo,Test fuera de muestra
c52908c2d,data/raw_petfinder/train_images/c52908c2d-1.jpg,train,Mixed Breed,,0.7241257817342945,1,Alto,OOF desarrollo
3ee05e0d5,data/raw_petfinder/train_images/3ee05e0d5-1.jpg,train,Mixed Breed,,0.7373941386012546,1,Alto,OOF desarrollo
6bacb98ab,data/raw_petfinder/train_images/6bacb98ab-1.jpg,valid,Mixed Breed,,0.3123398528404266,0,Bajo,OOF desarrollo
dcf366e02,data/raw_petfinder/train_images/dcf366e02-1.jpg,test,Cocker Spaniel,Cocker Spaniel,0.3229272283482358,0,Bajo,Test fuera de muestra
d1b183683,data/raw_petfinder/train_images/d1b183683-1.jpg,test,Mixed Breed,,0.8089359968782955,1,Alto,Test fuera de muestra
aba758b7f,data/raw_petfinder/train_images/aba758b7f-1.jpg,valid,German Shepherd Dog,,0.2671900866994252,0,Bajo,OOF desarrollo
234b2a6b6,data/raw_petfinder/train_images/234b2a6b6-1.jpg,test,Rottweiler,,0.5187113049115013,1,Medio,Test fuera de muestra
f095385ff,data/raw_petfinder/train_images/f095385ff-1.jpg,train,Mixed Breed,,0.3953231853310784,1,Bajo,OOF desarrollo
24361123a,data/raw_petfinder/train_images/24361123a-1.jpg,train,Cocker Spaniel,,0.4155037596734065,1,Bajo,OOF desarrollo
609e37f6a,data/raw_petfinder/train_images/609e37f6a-1.jpg,train,Mixed Breed,Mixed Breed,0.425742278035075,1,Bajo,OOF desarrollo
233aeb07c,data/raw_petfinder/train_images/233aeb07c-1.jpg,train,Mixed Breed,,0.6927919243516267,1,Alto,OOF desarrollo
ec7952240,data/raw_petfinder/train_images/ec7952240-1.jpg,train,Mixed Breed,,0.3689586243088443,0,Bajo,OOF desarrollo
809ca8efd,data/raw_petfinder/train_images/809ca8efd-1.jpg,train,Mixed Breed,,0.5328708308185391,1,Medio,OOF desarrollo
1c6e35149,data/raw_petfinder/train_images/1c6e35149-1.jpg,valid,Mixed Breed,,0.4855119853188341,1,Medio,OOF desarrollo
f4a508263,data/raw_petfinder/train_images/f4a508263-1.jpg,valid,German Shepherd Dog,Mixed Breed,0.6617580546968285,1,Alto,OOF desarrollo
06adfc154,data/raw_petfinder/train_images/06adfc154-1.jpg,train,German Shepherd Dog,,0.4360058176277659,1,Bajo,OOF desarrollo
640a267a9,data/raw_petfinder/train_images/640a267a9-1.jpg,train,Mixed Breed,Mixed Breed,0.7719723745878408,1,Alto,OOF desarrollo
761523328,data/raw_petfinder/train_images/761523328-1.jpg,test,Mixed Breed,,0.5527326851791685,1,Medio,Test fuera de muestra
e6f4d14a0,data/raw_petfinder/train_images/e6f4d14a0-1.jpg,train,Mixed Breed,Mixed Breed,0.6806311854028189,1,Alto,OOF desarrollo
3b41cf42a,data/raw_petfinder/train_images/3b41cf42a-1.jpg,train,Mixed Breed,,0.708174478246395,1,Alto,OOF desarrollo
c5a7f7d69,data/raw_petfinder/train_images/c5a7f7d69-1.jpg,valid,Mixed Breed,,0.6539896091123893,1,Alto,OOF desarrollo
bff5e06f5,data/raw_petfinder/train_images/bff5e06f5-1.jpg,test,Mixed Breed,,0.637123098003734,1,Alto,Test fuera de muestra
e69dd7d09,data/raw_petfinder/train_images/e69dd7d09-1.jpg,test,Miniature Pinscher,Mixed Breed,0.5836087106702725,1,Medio,Test fuera de muestra
1b47183f1,data/raw_petfinder/train_images/1b47183f1-1.jpg,train,Rottweiler,,0.4087994844514211,1,Bajo,OOF desarrollo
5649192e9,data/raw_petfinder/train_images/5649192e9-1.jpg,train,Mixed Breed,,0.3816249322796394,0,Bajo,OOF desarrollo
af2f3a166,data/raw_petfinder/train_images/af2f3a166-1.jpg,train,Labrador Retriever,Mixed Breed,0.688311614981297,1,Alto,OOF desarrollo
3dab3050c,data/raw_petfinder/train_images/3dab3050c-1.jpg,train,Mixed Breed,Mixed Breed,0.7692400869100448,1,Alto,OOF desarrollo
880a0ac07,data/raw_petfinder/train_images/880a0ac07-1.jpg,train,Mixed Breed,Mixed Breed,0.4131716756532194,1,Bajo,OOF desarrollo
9faef6bb6,data/raw_petfinder/train_images/9faef6bb6-1.jpg,train,Mixed Breed,Mixed Breed,0.3753164246203307,0,Bajo,OOF desarrollo
2edce7d92,data/raw_petfinder/train_images/2edce7d92-1.jpg,valid,Mixed Breed,,0.4197843458468276,1,Bajo,OOF desarrollo
19cb228a0,data/raw_petfinder/train_images/19cb228a0-1.jpg,train,Mixed Breed,,0.570652564850894,1,Medio,OOF desarrollo
e8be13bdf,data/raw_petfinder/train_images/e8be13bdf-1.jpg,test,Mixed Breed,,0.3188335024106125,0,Bajo,Test fuera de muestra
9c7476c25,data/raw_petfinder/train_images/9c7476c25-1.jpg,train,Mixed Breed,,0.3631320805049587,0,Bajo,OOF desarrollo
b4aa0c3ce,data/raw_petfinder/train_images/b4aa0c3ce-1.jpg,test,Mixed Breed,,0.7294978766928626,1,Alto,Test fuera de muestra
49a832741,data/raw_petfinder/train_images/49a832741-1.jpg,train,Mixed Breed,,0.330594713077719,0,Bajo,OOF desarrollo
923a58e31,data/raw_petfinder/train_images/923a58e31-1.jpg,train,Labrador Retriever,Mixed Breed,0.6651307044419084,1,Alto,OOF desarrollo
f477f306f,data/raw_petfinder/train_images/f477f306f-1.jpg,train,Chihuahua,,0.3822806914618321,0,Bajo,OOF desarrollo
851302ab1,data/raw_petfinder/train_images/851302ab1-1.jpg,train,Poodle,,0.4925122565956589,1,Medio,OOF desarrollo
3c30c4a49,data/raw_petfinder/train_images/3c30c4a49-1.jpg,valid,Mixed Breed,,0.6690149445634725,1,Alto,OOF desarrollo
743b67b44,data/raw_petfinder/train_images/743b67b44-1.jpg,train,Golden Retriever,Terrier,0.451055353288964,1,Bajo,OOF desarrollo
3f4cf8745,data/raw_petfinder/train_images/3f4cf8745-1.jpg,train,Schnauzer,,0.3613860716213385,0,Bajo,OOF desarrollo
9786bb3f7,data/raw_petfinder/train_images/9786bb3f7-1.jpg,test,Mixed Breed,,0.438541548753754,1,Bajo,Test fuera de muestra
732fa3cb9,data/raw_petfinder/train_images/732fa3cb9-1.jpg,train,Mixed Breed,Labrador Retriever,0.6320739528082189,1,Alto,OOF desarrollo
bc0b9984a,data/raw_petfinder/train_images/bc0b9984a-1.jpg,valid,Mixed Breed,Mixed Breed,0.5337150144727917,1,Medio,OOF desarrollo
2836c44dc,data/raw_petfinder/train_images/2836c44dc-1.jpg,test,Mixed Breed,Mixed Breed,0.3845159509485221,0,Bajo,Test fuera de muestra
7c1f20f6e,data/raw_petfinder/train_images/7c1f20f6e-1.jpg,train,Mixed Breed,,0.808664545189937,1,Alto,OOF desarrollo
0d460fe7a,data/raw_petfinder/train_images/0d460fe7a-1.jpg,train,Mixed Breed,,0.5423583539695118,1,Medio,OOF desarrollo
0eab258a9,data/raw_petfinder/train_images/0eab258a9-1.jpg,train,Poodle,,0.2055259649285719,0,Bajo,OOF desarrollo
49f6a8909,data/raw_petfinder/train_images/49f6a8909-1.jpg,train,Mixed Breed,,0.7297682519513402,1,Alto,OOF desarrollo
a2dccbe51,data/raw_petfinder/train_images/a2dccbe51-1.jpg,valid,Mixed Breed,,0.6911863034576289,1,Alto,OOF desarrollo
6114449db,data/raw_petfinder/train_images/6114449db-1.jpg,train,Rat Terrier,Mixed Breed,0.546158557474635,1,Medio,OOF desarrollo
ad70b1120,data/raw_petfinder/train_images/ad70b1120-1.jpg,test,Mixed Breed,,0.4248901917396809,1,Bajo,Test fuera de muestra
43bae1c6d,data/raw_petfinder/train_images/43bae1c6d-1.jpg,test,Mixed Breed,Husky,0.593373961519486,1,Medio,Test fuera de muestra
3ef5f0537,data/raw_petfinder/train_images/3ef5f0537-1.jpg,test,Spitz,,0.6516801640877831,1,Alto,Test fuera de muestra
5376c81df,data/raw_petfinder/train_images/5376c81df-1.jpg,valid,Mixed Breed,,0.4551668533428791,1,Bajo,OOF desarrollo
e58225b2e,data/raw_petfinder/train_images/e58225b2e-1.jpg,test,Mixed Breed,,0.6111324779466719,1,Alto,Test fuera de muestra
3ae51e685,data/raw_petfinder/train_images/3ae51e685-1.jpg,train,Belgian Shepherd Malinois,Mixed Breed,0.4755822304039296,1,Medio,OOF desarrollo
b6c93a605,data/raw_petfinder/train_images/b6c93a605-1.jpg,train,Beagle,Labrador Retriever,0.4298786999301617,1,Bajo,OOF desarrollo
f45457bdc,data/raw_petfinder/train_images/f45457bdc-1.jpg,train,Mixed Breed,,0.7377074389043858,1,Alto,OOF desarrollo
5b3559bf2,data/raw_petfinder/train_images/5b3559bf2-1.jpg,valid,Mixed Breed,,0.8187949108883815,1,Alto,OOF desarrollo
bb051be7c,data/raw_petfinder/train_images/bb051be7c-1.jpg,train,Mixed Breed,,0.8263572247331079,1,Alto,OOF desarrollo
568a5ab51,data/raw_petfinder/train_images/568a5ab51-1.jpg,train,Mixed Breed,Jack Russell Terrier,0.7297630047965457,1,Alto,OOF desarrollo
b31045c50,data/raw_petfinder/train_images/b31045c50-1.jpg,test,Labrador Retriever,Mixed Breed,0.3000747392862388,0,Bajo,Test fuera de muestra
86dec16a3,data/raw_petfinder/train_images/86dec16a3-1.jpg,train,Shih Tzu,,0.5091029717302151,1,Medio,OOF desarrollo
1cc20af0a,data/raw_petfinder/train_images/1cc20af0a-1.jpg,train,Dalmatian,Mixed Breed,0.6463982828564896,1,Alto,OOF desarrollo
9999c355f,data/raw_petfinder/train_images/9999c355f-1.jpg,train,Mixed Breed,,0.465191559297412,1,Medio,OOF desarrollo
89bc4559f,data/raw_petfinder/train_images/89bc4559f-1.jpg,train,Mixed Breed,Mixed Breed,0.5135611768639519,1,Medio,OOF desarrollo
8afcd7b7e,data/raw_petfinder/train_images/8afcd7b7e-1.jpg,train,Mixed Breed,,0.5340779273924874,1,Medio,OOF desarrollo
a9199119d,data/raw_petfinder/train_images/a9199119d-1.jpg,test,Mixed Breed,,0.5463955178806157,1,Medio,Test fuera de muestra
4ea31a03a,data/raw_petfinder/train_images/4ea31a03a-1.jpg,train,Mixed Breed,,0.8181432833810609,1,Alto,OOF desarrollo
1ccd49ce2,data/raw_petfinder/train_images/1ccd49ce2-1.jpg,test,Mixed Breed,,0.6693681330880699,1,Alto,Test fuera de muestra
360dcecb1,data/raw_petfinder/train_images/360dcecb1-1.jpg,train,Mixed Breed,,0.3985181781227361,1,Bajo,OOF desarrollo
0c64a0f1b,data/raw_petfinder/train_images/0c64a0f1b-1.jpg,valid,Mixed Breed,,0.5091709739467739,1,Medio,OOF desarrollo
95855babf,data/raw_petfinder/train_images/95855babf-1.jpg,test,Mixed Breed,,0.4083631661315425,1,Bajo,Test fuera de muestra
441594b56,data/raw_petfinder/train_images/441594b56-1.jpg,train,Mixed Breed,,0.5211386464970538,1,Medio,OOF desarrollo
9819716c8,data/raw_petfinder/train_images/9819716c8-1.jpg,valid,Mixed Breed,,0.608707065147873,1,Alto,OOF desarrollo
63e212498,data/raw_petfinder/train_images/63e212498-1.jpg,train,Spitz,,0.3807644837814761,0,Bajo,OOF desarrollo
bf7c0f270,data/raw_petfinder/train_images/bf7c0f270-1.jpg,test,Beagle,,0.5092534757460618,1,Medio,Test fuera de muestra
20c3c2ba7,data/raw_petfinder/train_images/20c3c2ba7-1.jpg,train,Mixed Breed,Mixed Breed,0.423379691883875,1,Bajo,OOF desarrollo
5b945da83,data/raw_petfinder/train_images/5b945da83-1.jpg,test,Mixed Breed,,0.7708948119465733,1,Alto,Test fuera de muestra
3c7dd9982,data/raw_petfinder/train_images/3c7dd9982-1.jpg,train,Mixed Breed,German Shepherd Dog,0.3359789627709941,0,Bajo,OOF desarrollo
faec94482,data/raw_petfinder/train_images/faec94482-1.jpg,test,Mixed Breed,,0.3995143144374139,1,Bajo,Test fuera de muestra
9cbae8539,data/raw_petfinder/train_images/9cbae8539-1.jpg,train,Mixed Breed,,0.6436263316864064,1,Alto,OOF desarrollo
54314d17b,data/raw_petfinder/train_images/54314d17b-1.jpg,train,Mixed Breed,,0.7553092264539194,1,Alto,OOF desarrollo
4b45ae85f,data/raw_petfinder/train_images/4b45ae85f-1.jpg,train,Mixed Breed,,0.4825921464262185,1,Medio,OOF desarrollo
8c1c5448c,data/raw_petfinder/train_images/8c1c5448c-1.jpg,test,Mixed Breed,,0.5689084791119817,1,Medio,Test fuera de muestra
76aa06fb0,data/raw_petfinder/train_images/76aa06fb0-1.jpg,train,Mixed Breed,,0.4333676204991456,1,Bajo,OOF desarrollo
2bbe22924,data/raw_petfinder/train_images/2bbe22924-1.jpg,test,Mixed Breed,,0.3243930793202767,0,Bajo,Test fuera de muestra
85c4e7a41,data/raw_petfinder/train_images/85c4e7a41-1.jpg,train,Mixed Breed,Belgian Shepherd Malinois,0.2518037180764258,0,Bajo,OOF desarrollo
fd8c80281,data/raw_petfinder/train_images/fd8c80281-1.jpg,test,Mixed Breed,Mixed Breed,0.5414896859558407,1,Medio,Test fuera de muestra
ad9d334b5,data/raw_petfinder/train_images/ad9d334b5-1.jpg,train,Pekingese,,0.4750325212913651,1,Medio,OOF desarrollo
134b82d89,data/raw_petfinder/train_images/134b82d89-1.jpg,valid,Mixed Breed,,0.5219873233900693,1,Medio,OOF desarrollo
06db81e31,data/raw_petfinder/train_images/06db81e31-1.jpg,train,Mixed Breed,Jack Russell Terrier (Parson Russell Terrier),0.4890652618053037,1,Medio,OOF desarrollo
d3ffc5c1b,data/raw_petfinder/train_images/d3ffc5c1b-1.jpg,valid,Mixed Breed,,0.8659925465285301,1,Alto,OOF desarrollo
688b3183d,data/raw_petfinder/train_images/688b3183d-1.jpg,test,Mixed Breed,,0.7109774389929413,1,Alto,Test fuera de muestra
412d7406c,data/raw_petfinder/train_images/412d7406c-1.jpg,train,Mixed Breed,Mixed Breed,0.619420107505236,1,Alto,OOF desarrollo
e67b88329,data/raw_petfinder/train_images/e67b88329-1.jpg,train,Mixed Breed,Mixed Breed,0.7786754982015225,1,Alto,OOF desarrollo
0c4e78176,data/raw_petfinder/train_images/0c4e78176-1.jpg,test,Mixed Breed,,0.3096815059634868,0,Bajo,Test fuera de muestra
9e6570928,data/raw_petfinder/train_images/9e6570928-1.jpg,test,Rottweiler,Mixed Breed,0.7131181558531675,1,Alto,Test fuera de muestra
660dd8ded,data/raw_petfinder/train_images/660dd8ded-1.jpg,valid,Mixed Breed,,0.3711629947228618,0,Bajo,OOF desarrollo
950dd345b,data/raw_petfinder/train_images/950dd345b-1.jpg,valid,Mixed Breed,,0.6301000971482532,1,Alto,OOF desarrollo
215345b52,data/raw_petfinder/train_images/215345b52-1.jpg,train,Mixed Breed,Mixed Breed,0.7127564922744534,1,Alto,OOF desarrollo
ab94dbe57,data/raw_petfinder/train_images/ab94dbe57-1.jpg,train,Mixed Breed,,0.5967996696695911,1,Medio,OOF desarrollo
b72a62a33,data/raw_petfinder/train_images/b72a62a33-1.jpg,train,Mixed Breed,,0.4938246658822504,1,Medio,OOF desarrollo
897e065bd,data/raw_petfinder/train_images/897e065bd-1.jpg,train,Mixed Breed,Shetland Sheepdog Sheltie,0.4697850120615499,1,Medio,OOF desarrollo
b2dbd92b1,data/raw_petfinder/train_images/b2dbd92b1-1.jpg,train,Papillon,,0.4004055480708336,1,Bajo,OOF desarrollo
c05b74b05,data/raw_petfinder/train_images/c05b74b05-1.jpg,test,Mixed Breed,,0.7056495850904724,1,Alto,Test fuera de muestra
876dd37df,data/raw_petfinder/train_images/876dd37df-1.jpg,train,Mixed Breed,,0.6656658567695439,1,Alto,OOF desarrollo
fd139f4e4,data/raw_petfinder/train_images/fd139f4e4-1.jpg,train,Mixed Breed,,0.530077612643716,1,Medio,OOF desarrollo
1d669183f,data/raw_petfinder/train_images/1d669183f-1.jpg,test,Mixed Breed,,0.8156874800109017,1,Alto,Test fuera de muestra
7fa3ab674,data/raw_petfinder/train_images/7fa3ab674-1.jpg,train,Mixed Breed,,0.7608315390627759,1,Alto,OOF desarrollo
e4ece4eca,data/raw_petfinder/train_images/e4ece4eca-1.jpg,valid,Mixed Breed,,0.5572872374009831,1,Medio,OOF desarrollo
5b1e90385,data/raw_petfinder/train_images/5b1e90385-1.jpg,train,Mixed Breed,,0.6695802969390281,1,Alto,OOF desarrollo
f60779a3b,data/raw_petfinder/train_images/f60779a3b-1.jpg,valid,Mixed Breed,Mixed Breed,0.5137795555235811,1,Medio,OOF desarrollo
5943080b2,data/raw_petfinder/train_images/5943080b2-1.jpg,train,Mixed Breed,,0.5268605407551017,1,Medio,OOF desarrollo
3c2e29219,data/raw_petfinder/train_images/3c2e29219-1.jpg,train,Doberman Pinscher,Mixed Breed,0.6156075843067048,1,Alto,OOF desarrollo
ef14eb18e,data/raw_petfinder/train_images/ef14eb18e-1.jpg,train,Mixed Breed,,0.3447970182021268,0,Bajo,OOF desarrollo
7efb36b65,data/raw_petfinder/train_images/7efb36b65-1.jpg,train,Mixed Breed,,0.6136040764224773,1,Alto,OOF desarrollo
cf8539482,data/raw_petfinder/train_images/cf8539482-1.jpg,train,Australian Kelpie,Mixed Breed,0.4407780773047043,1,Bajo,OOF desarrollo
2ac979cf7,data/raw_petfinder/train_images/2ac979cf7-1.jpg,train,White German Shepherd,,0.6481991215630871,1,Alto,OOF desarrollo
7374edef0,data/raw_petfinder/train_images/7374edef0-1.jpg,valid,Poodle,Cocker Spaniel,0.5652894978979595,1,Medio,OOF desarrollo
3aa4a07dc,data/raw_petfinder/train_images/3aa4a07dc-1.jpg,train,Mixed Breed,,0.7523119849982004,1,Alto,OOF desarrollo
2ce86e3a2,data/raw_petfinder/train_images/2ce86e3a2-1.jpg,train,Mixed Breed,,0.4014304748777217,1,Bajo,OOF desarrollo
df0933e46,data/raw_petfinder/train_images/df0933e46-1.jpg,train,Mixed Breed,German Shepherd Dog,0.4673103467070433,1,Medio,OOF desarrollo
3af847ce9,data/raw_petfinder/train_images/3af847ce9-1.jpg,train,Mixed Breed,,0.6856715438065679,1,Alto,OOF desarrollo
09e39377f,data/raw_petfinder/train_images/09e39377f-1.jpg,train,Mixed Breed,,0.3711364091306517,0,Bajo,OOF desarrollo
2e3c8edaf,data/raw_petfinder/train_images/2e3c8edaf-1.jpg,train,Mixed Breed,,0.8498760048641004,1,Alto,OOF desarrollo
2d63b7c4f,data/raw_petfinder/train_images/2d63b7c4f-1.jpg,train,Mixed Breed,,0.6457453719755311,1,Alto,OOF desarrollo
48dd04601,data/raw_petfinder/train_images/48dd04601-1.jpg,train,Mixed Breed,Hound,0.6088828389384345,1,Alto,OOF desarrollo
2da9b0c2c,data/raw_petfinder/train_images/2da9b0c2c-1.jpg,train,Shih Tzu,,0.4757246549338939,1,Medio,OOF desarrollo
44d1246e0,data/raw_petfinder/train_images/44d1246e0-1.jpg,train,Pekingese,,0.3140228661218633,0,Bajo,OOF desarrollo
a1019e087,data/raw_petfinder/train_images/a1019e087-1.jpg,train,Mixed Breed,,0.4512858498553208,1,Bajo,OOF desarrollo
598f49a8f,data/raw_petfinder/train_images/598f49a8f-1.jpg,train,Mixed Breed,,0.7608291875875226,1,Alto,OOF desarrollo
6bc347d2d,data/raw_petfinder/train_images/6bc347d2d-1.jpg,test,Mixed Breed,,0.284944640552589,0,Bajo,Test fuera de muestra
705a6dffe,data/raw_petfinder/train_images/705a6dffe-1.jpg,train,Mixed Breed,,0.5377276213669555,1,Medio,OOF desarrollo
c947d8169,data/raw_petfinder/train_images/c947d8169-1.jpg,valid,Bull Terrier,Mixed Breed,0.6761417153706462,1,Alto,OOF desarrollo
492e0cc50,data/raw_petfinder/train_images/492e0cc50-1.jpg,train,Mixed Breed,,0.4418616185002572,1,Bajo,OOF desarrollo
e10252ca3,data/raw_petfinder/train_images/e10252ca3-1.jpg,test,Mixed Breed,,0.6846603834907607,1,Alto,Test fuera de muestra
1d2a7f0dd,data/raw_petfinder/train_images/1d2a7f0dd-1.jpg,valid,Labrador Retriever,Mixed Breed,0.4416597496909415,1,Bajo,OOF desarrollo
d8519e771,data/raw_petfinder/train_images/d8519e771-1.jpg,valid,Mixed Breed,,0.449446744280268,1,Bajo,OOF desarrollo
4518f180e,data/raw_petfinder/train_images/4518f180e-1.jpg,valid,Mixed Breed,,0.608652821897554,1,Alto,OOF desarrollo
3185aa328,data/raw_petfinder/train_images/3185aa328-1.jpg,train,Mixed Breed,Mixed Breed,0.6330357329605697,1,Alto,OOF desarrollo
9ba7b7b9c,data/raw_petfinder/train_images/9ba7b7b9c-1.jpg,train,Mixed Breed,,0.4616186034419771,1,Medio,OOF desarrollo
692bde33a,data/raw_petfinder/train_images/692bde33a-1.jpg,valid,Mixed Breed,,0.2936609401820733,0,Bajo,OOF desarrollo
cd469a42f,data/raw_petfinder/train_images/cd469a42f-1.jpg,test,Mixed Breed,,0.6511534095483382,1,Alto,Test fuera de muestra
537b5f09b,data/raw_petfinder/train_images/537b5f09b-1.jpg,test,Mixed Breed,,0.5664202060048754,1,Medio,Test fuera de muestra
9d64175e7,data/raw_petfinder/train_images/9d64175e7-1.jpg,test,Mixed Breed,,0.5063716826585054,1,Medio,Test fuera de muestra
1adb292f6,data/raw_petfinder/train_images/1adb292f6-1.jpg,valid,Mixed Breed,,0.5868772350607213,1,Medio,OOF desarrollo
1c4afcc03,data/raw_petfinder/train_images/1c4afcc03-1.jpg,train,Mixed Breed,,0.5257225012305153,1,Medio,OOF desarrollo
054f35a8c,data/raw_petfinder/train_images/054f35a8c-1.jpg,test,Mixed Breed,,0.7867824185889907,1,Alto,Test fuera de muestra
d7282183b,data/raw_petfinder/train_images/d7282183b-1.jpg,train,Mixed Breed,,0.5247264393999969,1,Medio,OOF desarrollo
895d8c870,data/raw_petfinder/train_images/895d8c870-1.jpg,train,Mixed Breed,,0.7988223782675237,1,Alto,OOF desarrollo
e66ee4be8,data/raw_petfinder/train_images/e66ee4be8-1.jpg,train,Mixed Breed,,0.3478035793271715,0,Bajo,OOF desarrollo
81efac010,data/raw_petfinder/train_images/81efac010-1.jpg,train,Mixed Breed,,0.7139056636184595,1,Alto,OOF desarrollo
4f7a70728,data/raw_petfinder/train_images/4f7a70728-1.jpg,train,Mixed Breed,Mixed Breed,0.5179449525688589,1,Medio,OOF desarrollo
a21f20530,data/raw_petfinder/train_images/a21f20530-1.jpg,train,Mixed Breed,Terrier,0.3703763234969665,0,Bajo,OOF desarrollo
a091487fb,data/raw_petfinder/train_images/a091487fb-1.jpg,train,Mixed Breed,,0.6393967825619227,1,Alto,OOF desarrollo
dcecf2ba5,data/raw_petfinder/train_images/dcecf2ba5-1.jpg,train,Rottweiler,Rottweiler,0.3785489470247552,0,Bajo,OOF desarrollo
4bef58278,data/raw_petfinder/train_images/4bef58278-1.jpg,train,Mixed Breed,,0.3850789494379462,0,Bajo,OOF desarrollo
caa616482,data/raw_petfinder/train_images/caa616482-1.jpg,train,Mixed Breed,,0.2961375559057941,0,Bajo,OOF desarrollo
31e9530cf,data/raw_petfinder/train_images/31e9530cf-1.jpg,train,Mixed Breed,,0.3113605819522987,0,Bajo,OOF desarrollo
cbf3467d9,data/raw_petfinder/train_images/cbf3467d9-1.jpg,train,Terrier,Mixed Breed,0.2433490035232119,0,Bajo,OOF desarrollo
358270782,data/raw_petfinder/train_images/358270782-1.jpg,valid,Mixed Breed,,0.5575112407941882,1,Medio,OOF desarrollo
0c6c71a55,data/raw_petfinder/train_images/0c6c71a55-1.jpg,test,Mixed Breed,,0.6976409524519676,1,Alto,Test fuera de muestra
4079020a6,data/raw_petfinder/train_images/4079020a6-1.jpg,valid,Mixed Breed,,0.2810330006482832,0,Bajo,OOF desarrollo
0a38a1059,data/raw_petfinder/train_images/0a38a1059-1.jpg,train,Mixed Breed,,0.5711039794153498,1,Medio,OOF desarrollo
807e3b981,data/raw_petfinder/train_images/807e3b981-1.jpg,valid,Mixed Breed,,0.5844250531452031,1,Medio,OOF desarrollo
fc93d7cc9,data/raw_petfinder/train_images/fc93d7cc9-1.jpg,valid,Mixed Breed,Mixed Breed,0.737574368051725,1,Alto,OOF desarrollo
1cc66d907,data/raw_petfinder/train_images/1cc66d907-1.jpg,train,Jack Russell Terrier,,0.5733386772529621,1,Medio,OOF desarrollo
518384a79,data/raw_petfinder/train_images/518384a79-1.jpg,train,Cocker Spaniel,,0.3300088569982229,0,Bajo,OOF desarrollo
8b0fa13e1,data/raw_petfinder/train_images/8b0fa13e1-1.jpg,test,Mixed Breed,,0.8540243757635337,1,Alto,Test fuera de muestra
373b98352,data/raw_petfinder/train_images/373b98352-1.jpg,train,Mixed Breed,Mixed Breed,0.6440234619107856,1,Alto,OOF desarrollo
5eb152e2a,data/raw_petfinder/train_images/5eb152e2a-1.jpg,train,Jack Russell Terrier,,0.4932190237392443,1,Medio,OOF desarrollo
3e2347b40,data/raw_petfinder/train_images/3e2347b40-1.jpg,train,Mixed Breed,,0.6321060361908915,1,Alto,OOF desarrollo
afe9d7dca,data/raw_petfinder/train_images/afe9d7dca-1.jpg,valid,Shih Tzu,Papillon,0.4121109537208951,1,Bajo,OOF desarrollo
ec83e77f0,data/raw_petfinder/train_images/ec83e77f0-1.jpg,train,Mixed Breed,,0.5063969834100711,1,Medio,OOF desarrollo
3947180ba,data/raw_petfinder/train_images/3947180ba-1.jpg,train,Mixed Breed,,0.5618212703406189,1,Medio,OOF desarrollo
f83c963d2,data/raw_petfinder/train_images/f83c963d2-1.jpg,test,Mixed Breed,,0.5107948995351768,1,Medio,Test fuera de muestra
15b5da7f8,data/raw_petfinder/train_images/15b5da7f8-1.jpg,test,Chihuahua,Chihuahua,0.5392812088137586,1,Medio,Test fuera de muestra
b5ce44276,data/raw_petfinder/train_images/b5ce44276-1.jpg,train,Mixed Breed,,0.5618301546104756,1,Medio,OOF desarrollo
992170cac,data/raw_petfinder/train_images/992170cac-1.jpg,train,Mixed Breed,,0.574556416269678,1,Medio,OOF desarrollo
95e61ce61,data/raw_petfinder/train_images/95e61ce61-1.jpg,train,Mixed Breed,,0.4500194383342351,1,Bajo,OOF desarrollo
f40b68c08,data/raw_petfinder/train_images/f40b68c08-1.jpg,train,Mixed Breed,,0.5243032032943664,1,Medio,OOF desarrollo
9907dde11,data/raw_petfinder/train_images/9907dde11-1.jpg,train,Mixed Breed,,0.3294212321127479,0,Bajo,OOF desarrollo
33ed78569,data/raw_petfinder/train_images/33ed78569-1.jpg,train,Mixed Breed,,0.4640693989489143,1,Medio,OOF desarrollo
8d650d311,data/raw_petfinder/train_images/8d650d311-1.jpg,train,Mixed Breed,,0.6681067214139192,1,Alto,OOF desarrollo
58e2cf3d9,data/raw_petfinder/train_images/58e2cf3d9-1.jpg,train,Mixed Breed,Mixed Breed,0.3838168062348361,0,Bajo,OOF desarrollo
d6d6d4aca,data/raw_petfinder/train_images/d6d6d4aca-1.jpg,train,Labrador Retriever,,0.5287261475618138,1,Medio,OOF desarrollo
288445cbd,data/raw_petfinder/train_images/288445cbd-1.jpg,train,Schnauzer,Poodle,0.5324460537789408,1,Medio,OOF desarrollo
1b0d28fab,data/raw_petfinder/train_images/1b0d28fab-1.jpg,train,Mixed Breed,,0.5591841365292947,1,Medio,OOF desarrollo
7fb135352,data/raw_petfinder/train_images/7fb135352-1.jpg,train,Shih Tzu,,0.4367266450864178,1,Bajo,OOF desarrollo
43c8e589d,data/raw_petfinder/train_images/43c8e589d-1.jpg,valid,Mixed Breed,,0.4350688943606184,1,Bajo,OOF desarrollo
d7cc44152,data/raw_petfinder/train_images/d7cc44152-1.jpg,train,Mixed Breed,Mixed Breed,0.3403049476104587,0,Bajo,OOF desarrollo
a90da3a12,data/raw_petfinder/train_images/a90da3a12-1.jpg,valid,Mixed Breed,,0.6418523611001516,1,Alto,OOF desarrollo
67967b0b0,data/raw_petfinder/train_images/67967b0b0-1.jpg,train,Jack Russell Terrier,,0.5456008558567464,1,Medio,OOF desarrollo
d22eb6266,data/raw_petfinder/train_images/d22eb6266-1.jpg,valid,Mixed Breed,,0.6676186198102432,1,Alto,OOF desarrollo
9e399c659,data/raw_petfinder/train_images/9e399c659-1.jpg,train,Mixed Breed,,0.4439849581302322,1,Bajo,OOF desarrollo
9a5da8156,data/raw_petfinder/train_images/9a5da8156-1.jpg,test,Mixed Breed,Mixed Breed,0.4041667732975564,1,Bajo,Test fuera de muestra
365f29337,data/raw_petfinder/train_images/365f29337-1.jpg,train,Mixed Breed,,0.5973816305323464,1,Medio,OOF desarrollo
b9086e44f,data/raw_petfinder/train_images/b9086e44f-1.jpg,train,Rottweiler,,0.4840263083575885,1,Medio,OOF desarrollo
1b5fd0e44,data/raw_petfinder/train_images/1b5fd0e44-1.jpg,test,English Bulldog,,0.4745148347816537,1,Medio,Test fuera de muestra
be340bbe7,data/raw_petfinder/train_images/be340bbe7-1.jpg,train,Mixed Breed,Mixed Breed,0.5954335093652795,1,Medio,OOF desarrollo
370d17232,data/raw_petfinder/train_images/370d17232-1.jpg,train,Siberian Husky,,0.5233663958208586,1,Medio,OOF desarrollo
a88845c74,data/raw_petfinder/train_images/a88845c74-1.jpg,valid,Mixed Breed,,0.2960759279954854,0,Bajo,OOF desarrollo
387147d00,data/raw_petfinder/train_images/387147d00-1.jpg,valid,Mixed Breed,,0.4950973110208928,1,Medio,OOF desarrollo
c320a6005,data/raw_petfinder/train_images/c320a6005-1.jpg,train,Mixed Breed,,0.5782713016902415,1,Medio,OOF desarrollo
6f0d943dc,data/raw_petfinder/train_images/6f0d943dc-1.jpg,train,Mixed Breed,,0.4692157019429218,1,Medio,OOF desarrollo
f48338adb,data/raw_petfinder/train_images/f48338adb-1.jpg,test,Labrador Retriever,Terrier,0.5877190985502669,1,Medio,Test fuera de muestra
742462799,data/raw_petfinder/train_images/742462799-1.jpg,train,Mixed Breed,,0.7644064308262564,1,Alto,OOF desarrollo
c1917c88e,data/raw_petfinder/train_images/c1917c88e-1.jpg,train,Shih Tzu,,0.3311158980867922,0,Bajo,OOF desarrollo
63057be1d,data/raw_petfinder/train_images/63057be1d-1.jpg,train,Mixed Breed,,0.5998022255464619,1,Medio,OOF desarrollo
91f52526f,data/raw_petfinder/train_images/91f52526f-1.jpg,train,Mixed Breed,Mixed Breed,0.769466664978592,1,Alto,OOF desarrollo
a6da4c5df,data/raw_petfinder/train_images/a6da4c5df-1.jpg,train,Schnauzer,,0.3821166135807442,0,Bajo,OOF desarrollo
ecad4a875,data/raw_petfinder/train_images/ecad4a875-1.jpg,valid,Border Collie,Mixed Breed,0.5411326588920027,1,Medio,OOF desarrollo
71eda06c6,data/raw_petfinder/train_images/71eda06c6-1.jpg,test,Corgi,Dachshund,0.4620188854847609,1,Medio,Test fuera de muestra
d54d84b63,data/raw_petfinder/train_images/d54d84b63-1.jpg,train,Mixed Breed,Mixed Breed,0.4436898758387936,1,Bajo,OOF desarrollo
8e92ebde6,data/raw_petfinder/train_images/8e92ebde6-1.jpg,train,Mixed Breed,Mixed Breed,0.4402592565549748,1,Bajo,OOF desarrollo
ff85f13d7,data/raw_petfinder/train_images/ff85f13d7-1.jpg,train,Mixed Breed,,0.7267393927408786,1,Alto,OOF desarrollo
4cef5b961,data/raw_petfinder/train_images/4cef5b961-1.jpg,train,Mixed Breed,,0.7773888781603813,1,Alto,OOF desarrollo
efb36dced,data/raw_petfinder/train_images/efb36dced-1.jpg,test,Mixed Breed,,0.3236099894653962,0,Bajo,Test fuera de muestra
03926867a,data/raw_petfinder/train_images/03926867a-1.jpg,valid,Mixed Breed,,0.709699834108811,1,Alto,OOF desarrollo
62ad62e0a,data/raw_petfinder/train_images/62ad62e0a-1.jpg,train,Mixed Breed,,0.8329954872289853,1,Alto,OOF desarrollo
ef0822572,data/raw_petfinder/train_images/ef0822572-1.jpg,train,Pomeranian,Pekingese,0.2567746942698868,0,Bajo,OOF desarrollo
1cd970978,data/raw_petfinder/train_images/1cd970978-1.jpg,test,Poodle,Schnauzer,0.1812577113242816,0,Bajo,Test fuera de muestra
4ac47ceae,data/raw_petfinder/train_images/4ac47ceae-1.jpg,valid,Mixed Breed,,0.6660902114567118,1,Alto,OOF desarrollo
926c92b39,data/raw_petfinder/train_images/926c92b39-1.jpg,train,Mixed Breed,,0.4618802609471773,1,Medio,OOF desarrollo
ab5964338,data/raw_petfinder/train_images/ab5964338-1.jpg,test,Golden Retriever,,0.3698270657298655,0,Bajo,Test fuera de muestra
b72bbd6db,data/raw_petfinder/train_images/b72bbd6db-1.jpg,train,Poodle,Poodle,0.3508721421275141,0,Bajo,OOF desarrollo
d6243bdf8,data/raw_petfinder/train_images/d6243bdf8-1.jpg,train,Mixed Breed,,0.5196620788652614,1,Medio,OOF desarrollo
e74dd0579,data/raw_petfinder/train_images/e74dd0579-1.jpg,test,German Shepherd Dog,,0.3392958277511998,0,Bajo,Test fuera de muestra
28c34e5dc,data/raw_petfinder/train_images/28c34e5dc-1.jpg,test,Labrador Retriever,Mixed Breed,0.5234270575195437,1,Medio,Test fuera de muestra
2cdaa8a5d,data/raw_petfinder/train_images/2cdaa8a5d-1.jpg,train,Mixed Breed,,0.5348114829186604,1,Medio,OOF desarrollo
defebd6b4,data/raw_petfinder/train_images/defebd6b4-1.jpg,train,German Shepherd Dog,Miniature Pinscher,0.2399623197851011,0,Bajo,OOF desarrollo
f99149151,data/raw_petfinder/train_images/f99149151-1.jpg,valid,Mixed Breed,,0.6325728692851511,1,Alto,OOF desarrollo
a345b4406,data/raw_petfinder/train_images/a345b4406-1.jpg,train,Shih Tzu,,0.3354804384061674,0,Bajo,OOF desarrollo
91d238a62,data/raw_petfinder/train_images/91d238a62-1.jpg,train,Mixed Breed,Mixed Breed,0.3694317870871718,0,Bajo,OOF desarrollo
b985b4ff9,data/raw_petfinder/train_images/b985b4ff9-1.jpg,train,Shih Tzu,Poodle,0.3166651970539126,0,Bajo,OOF desarrollo
0b74e375f,data/raw_petfinder/train_images/0b74e375f-1.jpg,test,Mixed Breed,,0.5354294869290767,1,Medio,Test fuera de muestra
122683077,data/raw_petfinder/train_images/122683077-1.jpg,train,Terrier,Mixed Breed,0.5330502489658835,1,Medio,OOF desarrollo
d246be504,data/raw_petfinder/train_images/d246be504-1.jpg,test,Mixed Breed,Mixed Breed,0.4870989228221482,1,Medio,Test fuera de muestra
f500d6361,data/raw_petfinder/train_images/f500d6361-1.jpg,train,Mixed Breed,,0.3814934870227608,0,Bajo,OOF desarrollo
c05adb8fe,data/raw_petfinder/train_images/c05adb8fe-1.jpg,train,Mixed Breed,,0.2849560835717903,0,Bajo,OOF desarrollo
a2124f529,data/raw_petfinder/train_images/a2124f529-1.jpg,test,Collie,Mixed Breed,0.3499235740385567,0,Bajo,Test fuera de muestra
052c95a93,data/raw_petfinder/train_images/052c95a93-1.jpg,train,Shih Tzu,,0.5602669109056994,1,Medio,OOF desarrollo
343c1f526,data/raw_petfinder/train_images/343c1f526-1.jpg,valid,German Shepherd Dog,,0.2973967160278539,0,Bajo,OOF desarrollo
35bb8ee8f,data/raw_petfinder/train_images/35bb8ee8f-1.jpg,valid,Mixed Breed,,0.7218398340266359,1,Alto,OOF desarrollo
e454518b8,data/raw_petfinder/train_images/e454518b8-1.jpg,test,Mixed Breed,Mixed Breed,0.5480158884776241,1,Medio,Test fuera de muestra
83703d7e0,data/raw_petfinder/train_images/83703d7e0-1.jpg,train,Mixed Breed,,0.6813778839799194,1,Alto,OOF desarrollo
29193bf76,data/raw_petfinder/train_images/29193bf76-1.jpg,train,Mixed Breed,,0.4383750847537747,1,Bajo,OOF desarrollo
197c5ed9d,data/raw_petfinder/train_images/197c5ed9d-1.jpg,train,Mixed Breed,,0.7440754295070253,1,Alto,OOF desarrollo
87b60f563,data/raw_petfinder/train_images/87b60f563-1.jpg,train,Mixed Breed,,0.5914667378831673,1,Medio,OOF desarrollo
4cbc3433e,data/raw_petfinder/train_images/4cbc3433e-1.jpg,train,Mixed Breed,Mixed Breed,0.3164825674537557,0,Bajo,OOF desarrollo
644d07ccb,data/raw_petfinder/train_images/644d07ccb-1.jpg,train,Mixed Breed,,0.5998119000401306,1,Medio,OOF desarrollo
27ce98a2e,data/raw_petfinder/train_images/27ce98a2e-1.jpg,train,Mixed Breed,,0.6215630903375884,1,Alto,OOF desarrollo
175af62c1,data/raw_petfinder/train_images/175af62c1-1.jpg,test,Mixed Breed,,0.4893880293189349,1,Medio,Test fuera de muestra
97a80f8b3,data/raw_petfinder/train_images/97a80f8b3-1.jpg,train,Mixed Breed,,0.7294869384078324,1,Alto,OOF desarrollo
26662f4f9,data/raw_petfinder/train_images/26662f4f9-1.jpg,test,Mixed Breed,,0.5760064547903455,1,Medio,Test fuera de muestra
fb507a1cb,data/raw_petfinder/train_images/fb507a1cb-1.jpg,test,Mixed Breed,,0.6663306666342329,1,Alto,Test fuera de muestra
1ef4df30d,data/raw_petfinder/train_images/1ef4df30d-1.jpg,valid,Mixed Breed,Mixed Breed,0.7578483743878444,1,Alto,OOF desarrollo
b7f7e01c6,data/raw_petfinder/train_images/b7f7e01c6-1.jpg,train,Mixed Breed,,0.4479701606785103,1,Bajo,OOF desarrollo
bafa8c847,data/raw_petfinder/train_images/bafa8c847-1.jpg,train,Mixed Breed,,0.5363645075437327,1,Medio,OOF desarrollo
7eff2bd81,data/raw_petfinder/train_images/7eff2bd81-1.jpg,train,Mixed Breed,,0.6028329589816126,1,Medio,OOF desarrollo
acc741f2d,data/raw_petfinder/train_images/acc741f2d-1.jpg,train,Mixed Breed,,0.7072075997667082,1,Alto,OOF desarrollo
4552e7972,data/raw_petfinder/train_images/4552e7972-1.jpg,train,Mixed Breed,,0.4280567875941752,1,Bajo,OOF desarrollo
63a3f229c,data/raw_petfinder/train_images/63a3f229c-1.jpg,valid,Mixed Breed,,0.7082558338477472,1,Alto,OOF desarrollo
81ea0e01a,data/raw_petfinder/train_images/81ea0e01a-1.jpg,train,Rottweiler,,0.4445805528620385,1,Bajo,OOF desarrollo
4f5205d2b,data/raw_petfinder/train_images/4f5205d2b-1.jpg,train,Basenji,Mixed Breed,0.5663054541489112,1,Medio,OOF desarrollo
a8f43bea5,data/raw_petfinder/train_images/a8f43bea5-1.jpg,train,Shih Tzu,,0.481384837235253,1,Medio,OOF desarrollo
be0635ef2,data/raw_petfinder/train_images/be0635ef2-1.jpg,train,Mixed Breed,,0.5087581571407173,1,Medio,OOF desarrollo
da9b9db54,data/raw_petfinder/train_images/da9b9db54-1.jpg,train,Boxer,,0.6258621248031554,1,Alto,OOF desarrollo
9521ff66b,data/raw_petfinder/train_images/9521ff66b-1.jpg,train,Mixed Breed,,0.8119354357156967,1,Alto,OOF desarrollo
a07440416,data/raw_petfinder/train_images/a07440416-1.jpg,valid,Mixed Breed,,0.4969137588125671,1,Medio,OOF desarrollo
4fe9ef7ce,data/raw_petfinder/train_images/4fe9ef7ce-1.jpg,valid,Mixed Breed,,0.8398762965448962,1,Alto,OOF desarrollo
5bd541f6f,data/raw_petfinder/train_images/5bd541f6f-1.jpg,train,Mixed Breed,Mixed Breed,0.6508975704033493,1,Alto,OOF desarrollo
3cf8487d4,data/raw_petfinder/train_images/3cf8487d4-1.jpg,train,Mixed Breed,,0.48089379516757,1,Medio,OOF desarrollo
aa11bee11,data/raw_petfinder/train_images/aa11bee11-1.jpg,train,Schnauzer,,0.4779091950581404,1,Medio,OOF desarrollo
ae17429ae,data/raw_petfinder/train_images/ae17429ae-1.jpg,train,Mixed Breed,Mixed Breed,0.5589186052914212,1,Medio,OOF desarrollo
0a3fc490f,data/raw_petfinder/train_images/0a3fc490f-1.jpg,valid,Miniature Pinscher,,0.4772795535634271,1,Medio,OOF desarrollo
23c4874d8,data/raw_petfinder/train_images/23c4874d8-1.jpg,train,Pit Bull Terrier,Mixed Breed,0.6418112262441804,1,Alto,OOF desarrollo
394217006,data/raw_petfinder/train_images/394217006-1.jpg,test,Mixed Breed,,0.5147230133402705,1,Medio,Test fuera de muestra
b2406f38d,data/raw_petfinder/train_images/b2406f38d-1.jpg,train,Mixed Breed,,0.7257073940223966,1,Alto,OOF desarrollo
f91cc9f0d,data/raw_petfinder/train_images/f91cc9f0d-1.jpg,train,Chihuahua,,0.4827694735295712,1,Medio,OOF desarrollo
053d121b8,data/raw_petfinder/train_images/053d121b8-1.jpg,valid,Mixed Breed,,0.5897651098089276,1,Medio,OOF desarrollo
2259cf6f8,data/raw_petfinder/train_images/2259cf6f8-1.jpg,test,Mixed Breed,,0.6823864608582808,1,Alto,Test fuera de muestra
a6fea1d1a,data/raw_petfinder/train_images/a6fea1d1a-1.jpg,train,Mixed Breed,,0.4462979756467372,1,Bajo,OOF desarrollo
a8055a2ba,data/raw_petfinder/train_images/a8055a2ba-1.jpg,train,Mixed Breed,,0.4531837187032372,1,Bajo,OOF desarrollo
9fe6f98a5,data/raw_petfinder/train_images/9fe6f98a5-1.jpg,test,Mixed Breed,,0.6433187846606744,1,Alto,Test fuera de muestra
b73a7ca90,data/raw_petfinder/train_images/b73a7ca90-1.jpg,train,Mixed Breed,,0.7553543896054056,1,Alto,OOF desarrollo
aa40c19c2,data/raw_petfinder/train_images/aa40c19c2-1.jpg,train,Mixed Breed,,0.4461354728716578,1,Bajo,OOF desarrollo
f94991b4c,data/raw_petfinder/train_images/f94991b4c-1.jpg,valid,Mixed Breed,Mixed Breed,0.524891818852952,1,Medio,OOF desarrollo
aebf47483,data/raw_petfinder/train_images/aebf47483-1.jpg,train,Shih Tzu,,0.3421810931764014,0,Bajo,OOF desarrollo
ace26786b,data/raw_petfinder/train_images/ace26786b-1.jpg,train,Dalmatian,Mixed Breed,0.443322537977374,1,Bajo,OOF desarrollo
9ef928aa7,data/raw_petfinder/train_images/9ef928aa7-1.jpg,train,Belgian Shepherd Malinois,Mixed Breed,0.4857221692178278,1,Medio,OOF desarrollo
c40052aba,data/raw_petfinder/train_images/c40052aba-1.jpg,train,Mixed Breed,,0.4119665724191274,1,Bajo,OOF desarrollo
ac8229264,data/raw_petfinder/train_images/ac8229264-1.jpg,train,Golden Retriever,,0.3469583885634364,0,Bajo,OOF desarrollo
e0d18f038,data/raw_petfinder/train_images/e0d18f038-1.jpg,valid,Mixed Breed,,0.6923448171488427,1,Alto,OOF desarrollo
a88733fd1,data/raw_petfinder/train_images/a88733fd1-1.jpg,train,Mixed Breed,,0.6169442069820884,1,Alto,OOF desarrollo
88cdc9a60,data/raw_petfinder/train_images/88cdc9a60-1.jpg,valid,Mixed Breed,,0.6369923254001044,1,Alto,OOF desarrollo
2625dcb50,data/raw_petfinder/train_images/2625dcb50-1.jpg,train,Mixed Breed,,0.7178518605774398,1,Alto,OOF desarrollo
00c19f4fa,data/raw_petfinder/train_images/00c19f4fa-1.jpg,train,Mixed Breed,,0.4607899787107158,1,Medio,OOF desarrollo
bf190a061,data/raw_petfinder/train_images/bf190a061-1.jpg,test,Mixed Breed,,0.3649421318153697,0,Bajo,Test fuera de muestra
1cac8717d,data/raw_petfinder/train_images/1cac8717d-1.jpg,train,Mixed Breed,,0.3781150907300015,0,Bajo,OOF desarrollo
19f5a15ab,data/raw_petfinder/train_images/19f5a15ab-1.jpg,train,Mixed Breed,,0.7167687232114063,1,Alto,OOF desarrollo
484346fbc,data/raw_petfinder/train_images/484346fbc-1.jpg,train,Mixed Breed,,0.4585006413314215,1,Medio,OOF desarrollo
dd5f93066,data/raw_petfinder/train_images/dd5f93066-1.jpg,train,Poodle,,0.485617248298373,1,Medio,OOF desarrollo
e3e339d6f,data/raw_petfinder/train_images/e3e339d6f-1.jpg,test,Mixed Breed,Mixed Breed,0.4375312315959078,1,Bajo,Test fuera de muestra
e04d44883,data/raw_petfinder/train_images/e04d44883-1.jpg,test,Mixed Breed,Mixed Breed,0.5032981706967581,1,Medio,Test fuera de muestra
8623ecf43,data/raw_petfinder/train_images/8623ecf43-1.jpg,train,Mixed Breed,,0.4666670801983135,1,Medio,OOF desarrollo
cf85bd080,data/raw_petfinder/train_images/cf85bd080-1.jpg,train,Mixed Breed,Mixed Breed,0.368511570958333,0,Bajo,OOF desarrollo
1d6a1b32c,data/raw_petfinder/train_images/1d6a1b32c-1.jpg,train,Mixed Breed,Mixed Breed,0.4376204268248305,1,Bajo,OOF desarrollo
7000a4f76,data/raw_petfinder/train_images/7000a4f76-1.jpg,train,Mixed Breed,,0.5117020818515547,1,Medio,OOF desarrollo
5955c1678,data/raw_petfinder/train_images/5955c1678-1.jpg,train,Terrier,,0.6180329172146601,1,Alto,OOF desarrollo
f245f7d4f,data/raw_petfinder/train_images/f245f7d4f-1.jpg,test,Mixed Breed,,0.7670414838896686,1,Alto,Test fuera de muestra
6b2fc7a10,data/raw_petfinder/train_images/6b2fc7a10-1.jpg,train,Mixed Breed,,0.7558904965729847,1,Alto,OOF desarrollo
c83fe0079,data/raw_petfinder/train_images/c83fe0079-1.jpg,train,Mixed Breed,Mixed Breed,0.5503030335427106,1,Medio,OOF desarrollo
923da13c4,data/raw_petfinder/train_images/923da13c4-1.jpg,train,Mixed Breed,,0.5060078092442984,1,Medio,OOF desarrollo
26a7ffaa7,data/raw_petfinder/train_images/26a7ffaa7-1.jpg,train,Mixed Breed,Mixed Breed,0.5200150677490942,1,Medio,OOF desarrollo
c3b94defa,data/raw_petfinder/train_images/c3b94defa-1.jpg,valid,Rottweiler,,0.431756767039109,1,Bajo,OOF desarrollo
714b4fa64,data/raw_petfinder/train_images/714b4fa64-1.jpg,train,Mixed Breed,,0.2718528927407267,0,Bajo,OOF desarrollo
0f1424059,data/raw_petfinder/train_images/0f1424059-1.jpg,valid,Schnauzer,,0.5024961590989644,1,Medio,OOF desarrollo
66fcb54d7,data/raw_petfinder/train_images/66fcb54d7-1.jpg,test,Shih Tzu,,0.2999266172103169,0,Bajo,Test fuera de muestra
9684a1603,data/raw_petfinder/train_images/9684a1603-1.jpg,test,Mixed Breed,,0.4619776816635801,1,Medio,Test fuera de muestra
6c9e1c82f,data/raw_petfinder/train_images/6c9e1c82f-1.jpg,train,Mixed Breed,,0.5403034001741858,1,Medio,OOF desarrollo
5b4745340,data/raw_petfinder/train_images/5b4745340-1.jpg,train,Mixed Breed,,0.5944369878679344,1,Medio,OOF desarrollo
39944ac3f,data/raw_petfinder/train_images/39944ac3f-1.jpg,train,Mixed Breed,,0.81664656459622,1,Alto,OOF desarrollo
b02c50d9d,data/raw_petfinder/train_images/b02c50d9d-1.jpg,train,Mixed Breed,,0.5293629208726158,1,Medio,OOF desarrollo
b34a4f038,data/raw_petfinder/train_images/b34a4f038-1.jpg,train,Mixed Breed,,0.7238804778604084,1,Alto,OOF desarrollo
372433bc5,data/raw_petfinder/train_images/372433bc5-1.jpg,train,Spitz,,0.6997937717639431,1,Alto,OOF desarrollo
07cc0ce27,data/raw_petfinder/train_images/07cc0ce27-1.jpg,train,Mixed Breed,,0.5642807179710283,1,Medio,OOF desarrollo
eff4a47b5,data/raw_petfinder/train_images/eff4a47b5-1.jpg,train,Mixed Breed,Mixed Breed,0.6249877112231776,1,Alto,OOF desarrollo
73dedcf29,data/raw_petfinder/train_images/73dedcf29-1.jpg,train,Golden Retriever,Mixed Breed,0.4321836157273184,1,Bajo,OOF desarrollo
ff16e6dad,data/raw_petfinder/train_images/ff16e6dad-1.jpg,test,Mixed Breed,Mixed Breed,0.2819799613119004,0,Bajo,Test fuera de muestra
5ff246254,data/raw_petfinder/train_images/5ff246254-1.jpg,train,Labrador Retriever,Mixed Breed,0.4621658810578639,1,Medio,OOF desarrollo
f33406495,data/raw_petfinder/train_images/f33406495-1.jpg,test,German Shepherd Dog,,0.3859570678981058,0,Bajo,Test fuera de muestra
500728fdd,data/raw_petfinder/train_images/500728fdd-1.jpg,test,Mixed Breed,,0.5974809239411376,1,Medio,Test fuera de muestra
94fc65b67,data/raw_petfinder/train_images/94fc65b67-1.jpg,train,Mixed Breed,,0.6684432602972796,1,Alto,OOF desarrollo
91c023cb7,data/raw_petfinder/train_images/91c023cb7-1.jpg,train,Mixed Breed,,0.5769035831750249,1,Medio,OOF desarrollo
138035c7a,data/raw_petfinder/train_images/138035c7a-1.jpg,test,Miniature Pinscher,,0.4385838657369423,1,Bajo,Test fuera de muestra
10949ac80,data/raw_petfinder/train_images/10949ac80-1.jpg,train,Jack Russell Terrier,,0.3676187620464475,0,Bajo,OOF desarrollo
e46373e2e,data/raw_petfinder/train_images/e46373e2e-1.jpg,train,Mixed Breed,,0.7391209751060617,1,Alto,OOF desarrollo
798fae45f,data/raw_petfinder/train_images/798fae45f-1.jpg,train,Mixed Breed,,0.4941207352851053,1,Medio,OOF desarrollo
b18e25ae6,data/raw_petfinder/train_images/b18e25ae6-1.jpg,test,Mixed Breed,Mixed Breed,0.6446442877173271,1,Alto,Test fuera de muestra
77b247a02,data/raw_petfinder/train_images/77b247a02-1.jpg,train,Rottweiler,,0.520068940603052,1,Medio,OOF desarrollo
2bec9dd86,data/raw_petfinder/train_images/2bec9dd86-1.jpg,train,Mixed Breed,,0.6175894748255605,1,Alto,OOF desarrollo
7e43a342a,data/raw_petfinder/train_images/7e43a342a-1.jpg,valid,Mixed Breed,,0.4387177871890749,1,Bajo,OOF desarrollo
1cbe873e7,data/raw_petfinder/train_images/1cbe873e7-1.jpg,valid,Golden Retriever,,0.2855165708611017,0,Bajo,OOF desarrollo
e1f0c1add,data/raw_petfinder/train_images/e1f0c1add-1.jpg,train,Mixed Breed,,0.7021421975148622,1,Alto,OOF desarrollo
9e2a19b16,data/raw_petfinder/train_images/9e2a19b16-1.jpg,train,Mixed Breed,,0.6247540492562065,1,Alto,OOF desarrollo
7e6385ded,data/raw_petfinder/train_images/7e6385ded-1.jpg,test,Mixed Breed,,0.5378225017175842,1,Medio,Test fuera de muestra
8d301b5e6,data/raw_petfinder/train_images/8d301b5e6-1.jpg,train,Mixed Breed,,0.440423238427521,1,Bajo,OOF desarrollo
66d4911f9,data/raw_petfinder/train_images/66d4911f9-1.jpg,train,Mixed Breed,,0.6604839715252988,1,Alto,OOF desarrollo
4325e9930,data/raw_petfinder/train_images/4325e9930-1.jpg,test,Mixed Breed,,0.2967046888058877,0,Bajo,Test fuera de muestra
b9f58834b,data/raw_petfinder/train_images/b9f58834b-1.jpg,test,Rottweiler,,0.6413030710297787,1,Alto,Test fuera de muestra
b356b0f05,data/raw_petfinder/train_images/b356b0f05-1.jpg,train,Mixed Breed,,0.3353393444150383,0,Bajo,OOF desarrollo
10eaafcd9,data/raw_petfinder/train_images/10eaafcd9-1.jpg,train,Miniature Pinscher,,0.4917835069855725,1,Medio,OOF desarrollo
a54497b9a,data/raw_petfinder/train_images/a54497b9a-1.jpg,train,Mixed Breed,,0.8563165144188787,1,Alto,OOF desarrollo
b0c159af4,data/raw_petfinder/train_images/b0c159af4-1.jpg,valid,Mixed Breed,,0.4159679160889767,1,Bajo,OOF desarrollo
87fa5c42b,data/raw_petfinder/train_images/87fa5c42b-1.jpg,train,Mixed Breed,,0.3895219101223025,0,Bajo,OOF desarrollo
f5d7daf1a,data/raw_petfinder/train_images/f5d7daf1a-1.jpg,train,Mixed Breed,Mixed Breed,0.4621430638489338,1,Medio,OOF desarrollo
b6661be84,data/raw_petfinder/train_images/b6661be84-1.jpg,train,Mixed Breed,,0.5265873236204578,1,Medio,OOF desarrollo
28af3f2c9,data/raw_petfinder/train_images/28af3f2c9-1.jpg,train,Shih Tzu,,0.4267004474960746,1,Bajo,OOF desarrollo
fd717a456,data/raw_petfinder/train_images/fd717a456-1.jpg,train,Labrador Retriever,,0.7033634682337842,1,Alto,OOF desarrollo
429df135c,data/raw_petfinder/train_images/429df135c-1.jpg,valid,Mixed Breed,,0.4489124771426156,1,Bajo,OOF desarrollo
bc14cca27,data/raw_petfinder/train_images/bc14cca27-1.jpg,train,Mixed Breed,,0.6379817176003769,1,Alto,OOF desarrollo
8bf2cc0a1,data/raw_petfinder/train_images/8bf2cc0a1-1.jpg,train,Mixed Breed,,0.5703011958876809,1,Medio,OOF desarrollo
8d0f353e2,data/raw_petfinder/train_images/8d0f353e2-1.jpg,valid,Golden Retriever,Golden Retriever,0.4243313221371982,1,Bajo,OOF desarrollo
7d0367e19,data/raw_petfinder/train_images/7d0367e19-1.jpg,test,Mixed Breed,,0.5440348852019306,1,Medio,Test fuera de muestra
3b923cef0,data/raw_petfinder/train_images/3b923cef0-1.jpg,train,Rottweiler,,0.6422157847608279,1,Alto,OOF desarrollo
5fc06cf73,data/raw_petfinder/train_images/5fc06cf73-1.jpg,valid,Mixed Breed,,0.4357392369533767,1,Bajo,OOF desarrollo
a0f2d927e,data/raw_petfinder/train_images/a0f2d927e-1.jpg,train,Mixed Breed,Mixed Breed,0.5819631962812832,1,Medio,OOF desarrollo
59f4e3255,data/raw_petfinder/train_images/59f4e3255-1.jpg,train,Mixed Breed,,0.4253583295274561,1,Bajo,OOF desarrollo
029b05087,data/raw_petfinder/train_images/029b05087-1.jpg,valid,Terrier,Dachshund,0.2561465409491733,0,Bajo,OOF desarrollo
6568f907c,data/raw_petfinder/train_images/6568f907c-1.jpg,train,Mixed Breed,,0.5442008478675597,1,Medio,OOF desarrollo
b0d8b0778,data/raw_petfinder/train_images/b0d8b0778-1.jpg,train,Mixed Breed,,0.6753233078188143,1,Alto,OOF desarrollo
5493d0771,data/raw_petfinder/train_images/5493d0771-1.jpg,valid,Schnauzer,Poodle,0.2437296987002983,0,Bajo,OOF desarrollo
59c9f850a,data/raw_petfinder/train_images/59c9f850a-1.jpg,train,Mixed Breed,Labrador Retriever,0.7119063454001788,1,Alto,OOF desarrollo
8b17616d3,data/raw_petfinder/train_images/8b17616d3-1.jpg,train,Poodle,Shih Tzu,0.4754347002433782,1,Medio,OOF desarrollo
cd668b430,data/raw_petfinder/train_images/cd668b430-1.jpg,test,Mixed Breed,,0.6450917343689504,1,Alto,Test fuera de muestra
03ae93b48,data/raw_petfinder/train_images/03ae93b48-1.jpg,valid,Mixed Breed,,0.6541228759104979,1,Alto,OOF desarrollo
a2cd25e49,data/raw_petfinder/train_images/a2cd25e49-1.jpg,test,Mixed Breed,Mixed Breed,0.3262938833834771,0,Bajo,Test fuera de muestra
3e411bd12,data/raw_petfinder/train_images/3e411bd12-1.jpg,test,Beagle,,0.4930480821114391,1,Medio,Test fuera de muestra
036c684d3,data/raw_petfinder/train_images/036c684d3-1.jpg,train,Terrier,,0.4677148995228937,1,Medio,OOF desarrollo
110682438,data/raw_petfinder/train_images/110682438-1.jpg,test,Mixed Breed,,0.4742659935871344,1,Medio,Test fuera de muestra
9e4420002,data/raw_petfinder/train_images/9e4420002-1.jpg,train,Mixed Breed,Mixed Breed,0.4718294299984814,1,Medio,OOF desarrollo
2bc51f69b,data/raw_petfinder/train_images/2bc51f69b-1.jpg,train,Husky,,0.45754441779853,1,Bajo,OOF desarrollo
573f51aca,data/raw_petfinder/train_images/573f51aca-1.jpg,train,Mixed Breed,,0.4587045332460585,1,Medio,OOF desarrollo
39a66e7cb,data/raw_petfinder/train_images/39a66e7cb-1.jpg,train,Mixed Breed,Mixed Breed,0.3593029808232775,0,Bajo,OOF desarrollo
b9d49b198,data/raw_petfinder/train_images/b9d49b198-1.jpg,train,Australian Kelpie,Mixed Breed,0.45500508024551,1,Bajo,OOF desarrollo
7c139389d,data/raw_petfinder/train_images/7c139389d-1.jpg,train,Mixed Breed,,0.3555350543896882,0,Bajo,OOF desarrollo
e3fb26abc,data/raw_petfinder/train_images/e3fb26abc-1.jpg,test,Poodle,,0.6527005444558864,1,Alto,Test fuera de muestra
8e4f0e111,data/raw_petfinder/train_images/8e4f0e111-1.jpg,train,Labrador Retriever,,0.552210410600807,1,Medio,OOF desarrollo
9c443e54d,data/raw_petfinder/train_images/9c443e54d-1.jpg,train,Mixed Breed,Mixed Breed,0.6899467130381249,1,Alto,OOF desarrollo
29a9fdad5,data/raw_petfinder/train_images/29a9fdad5-1.jpg,train,Mixed Breed,Labrador Retriever,0.7242162945170088,1,Alto,OOF desarrollo
2ca3f6d92,data/raw_petfinder/train_images/2ca3f6d92-1.jpg,test,Mixed Breed,,0.521444643327461,1,Medio,Test fuera de muestra
649589d9f,data/raw_petfinder/train_images/649589d9f-1.jpg,train,Mixed Breed,,0.6362264350980578,1,Alto,OOF desarrollo
121ee5fa0,data/raw_petfinder/train_images/121ee5fa0-1.jpg,train,Mixed Breed,,0.6904345708608457,1,Alto,OOF desarrollo
7a6bc9e55,data/raw_petfinder/train_images/7a6bc9e55-1.jpg,train,Mixed Breed,,0.6201417635840452,1,Alto,OOF desarrollo
032aefa61,data/raw_petfinder/train_images/032aefa61-1.jpg,test,Mixed Breed,Mixed Breed,0.4186769051639373,1,Bajo,Test fuera de muestra
88f79f7ee,data/raw_petfinder/train_images/88f79f7ee-1.jpg,train,Mixed Breed,Basenji,0.3181364661947163,0,Bajo,OOF desarrollo
1ef5b1310,data/raw_petfinder/train_images/1ef5b1310-1.jpg,valid,Cavalier King Charles Spaniel,,0.5292405413807751,1,Medio,OOF desarrollo
5e9737811,data/raw_petfinder/train_images/5e9737811-1.jpg,valid,Mixed Breed,,0.4892992625449842,1,Medio,OOF desarrollo
46ef61c91,data/raw_petfinder/train_images/46ef61c91-1.jpg,valid,Dalmatian,,0.3422944918240218,0,Bajo,OOF desarrollo
d8697f0fd,data/raw_petfinder/train_images/d8697f0fd-1.jpg,train,Mixed Breed,,0.6241974460600034,1,Alto,OOF desarrollo
bdff3528c,data/raw_petfinder/train_images/bdff3528c-1.jpg,valid,Mixed Breed,,0.6773927040237784,1,Alto,OOF desarrollo
98d3a24b8,data/raw_petfinder/train_images/98d3a24b8-1.jpg,train,Mixed Breed,,0.5296448682488374,1,Medio,OOF desarrollo
2cc0c6dee,data/raw_petfinder/train_images/2cc0c6dee-1.jpg,train,Cocker Spaniel,,0.2814906658199597,0,Bajo,OOF desarrollo
c0503dd75,data/raw_petfinder/train_images/c0503dd75-1.jpg,train,Siberian Husky,Golden Retriever,0.4844105116713821,1,Medio,OOF desarrollo
26bba34a6,data/raw_petfinder/train_images/26bba34a6-1.jpg,train,Mixed Breed,,0.464434359261751,1,Medio,OOF desarrollo
c92b59557,data/raw_petfinder/train_images/c92b59557-1.jpg,train,Mixed Breed,,0.4285667314002961,1,Bajo,OOF desarrollo
034259113,data/raw_petfinder/train_images/034259113-1.jpg,train,Shih Tzu,,0.2512993728297701,0,Bajo,OOF desarrollo
5287fead8,data/raw_petfinder/train_images/5287fead8-1.jpg,train,Irish Setter,,0.4603996593709942,1,Medio,OOF desarrollo
ba4811f35,data/raw_petfinder/train_images/ba4811f35-1.jpg,train,Chihuahua,,0.3396118778527301,0,Bajo,OOF desarrollo
1349f68db,data/raw_petfinder/train_images/1349f68db-1.jpg,valid,Mixed Breed,,0.6736520825817524,1,Alto,OOF desarrollo
48432dfa0,data/raw_petfinder/train_images/48432dfa0-1.jpg,test,Spitz,Mixed Breed,0.4959884811178552,1,Medio,Test fuera de muestra
03188ecad,data/raw_petfinder/train_images/03188ecad-1.jpg,test,Mixed Breed,Mixed Breed,0.6487548983478404,1,Alto,Test fuera de muestra
91c2edae8,data/raw_petfinder/train_images/91c2edae8-1.jpg,valid,Mixed Breed,Mixed Breed,0.6060960714975152,1,Alto,OOF desarrollo
d680ddf5d,data/raw_petfinder/train_images/d680ddf5d-1.jpg,valid,Mixed Breed,,0.3693897469260423,0,Bajo,OOF desarrollo
6ab0ddda3,data/raw_petfinder/train_images/6ab0ddda3-1.jpg,train,Mixed Breed,Mixed Breed,0.6412029275717966,1,Alto,OOF desarrollo
f9e4762d2,data/raw_petfinder/train_images/f9e4762d2-1.jpg,test,Cocker Spaniel,,0.6250627239576452,1,Alto,Test fuera de muestra
3757e3734,data/raw_petfinder/train_images/3757e3734-1.jpg,test,Mixed Breed,,0.666486311915552,1,Alto,Test fuera de muestra
36d764abf,data/raw_petfinder/train_images/36d764abf-1.jpg,test,Beagle,,0.4307222679419897,1,Bajo,Test fuera de muestra
dce7af31c,data/raw_petfinder/train_images/dce7af31c-1.jpg,valid,Mixed Breed,,0.666683941593804,1,Alto,OOF desarrollo
4733d5e7a,data/raw_petfinder/train_images/4733d5e7a-1.jpg,test,Dalmatian,Terrier,0.7319258109940137,1,Alto,Test fuera de muestra
0fd9076d7,data/raw_petfinder/train_images/0fd9076d7-1.jpg,train,Mixed Breed,Mixed Breed,0.5018193233358477,1,Medio,OOF desarrollo
6fea8ac52,data/raw_petfinder/train_images/6fea8ac52-1.jpg,valid,Mixed Breed,,0.8849227256396235,1,Alto,OOF desarrollo
6e50b52c9,data/raw_petfinder/train_images/6e50b52c9-1.jpg,train,Mixed Breed,Mixed Breed,0.5098753555977413,1,Medio,OOF desarrollo
6914ade58,data/raw_petfinder/train_images/6914ade58-1.jpg,train,German Shepherd Dog,Mixed Breed,0.4724457506279954,1,Medio,OOF desarrollo
560d2b399,data/raw_petfinder/train_images/560d2b399-1.jpg,test,Mixed Breed,,0.513085527188191,1,Medio,Test fuera de muestra
9b09190e4,data/raw_petfinder/train_images/9b09190e4-1.jpg,train,Mixed Breed,,0.2798311055492122,0,Bajo,OOF desarrollo
af4941f15,data/raw_petfinder/train_images/af4941f15-1.jpg,test,Mixed Breed,,0.5181099795102968,1,Medio,Test fuera de muestra
7e3c6f81d,data/raw_petfinder/train_images/7e3c6f81d-1.jpg,train,Mixed Breed,,0.5249017267742735,1,Medio,OOF desarrollo
e2bb56954,data/raw_petfinder/train_images/e2bb56954-1.jpg,train,Mixed Breed,Mixed Breed,0.8097467974676726,1,Alto,OOF desarrollo
3dd6ea6bb,data/raw_petfinder/train_images/3dd6ea6bb-1.jpg,train,Mixed Breed,Mixed Breed,0.2690442117274331,0,Bajo,OOF desarrollo
2f3d368d3,data/raw_petfinder/train_images/2f3d368d3-1.jpg,train,Mixed Breed,,0.2750128048565311,0,Bajo,OOF desarrollo
072bb91b4,data/raw_petfinder/train_images/072bb91b4-1.jpg,train,Doberman Pinscher,Mixed Breed,0.626249852363638,1,Alto,OOF desarrollo
b7351540f,data/raw_petfinder/train_images/b7351540f-1.jpg,valid,Shih Tzu,,0.3402870504146563,0,Bajo,OOF desarrollo
8e0d93659,data/raw_petfinder/train_images/8e0d93659-1.jpg,train,Australian Terrier,,0.5041975145948232,1,Medio,OOF desarrollo
fa89bfa82,data/raw_petfinder/train_images/fa89bfa82-1.jpg,test,Mixed Breed,,0.5858004112852027,1,Medio,Test fuera de muestra
5ac95823c,data/raw_petfinder/train_images/5ac95823c-1.jpg,valid,Mixed Breed,,0.3892205427509388,0,Bajo,OOF desarrollo
2cf6b6627,data/raw_petfinder/train_images/2cf6b6627-1.jpg,train,Golden Retriever,,0.2988362056593148,0,Bajo,OOF desarrollo
ad5250ecf,data/raw_petfinder/train_images/ad5250ecf-1.jpg,test,Mixed Breed,,0.7598536090243951,1,Alto,Test fuera de muestra
e156e8aa0,data/raw_petfinder/train_images/e156e8aa0-1.jpg,train,Mixed Breed,,0.2930026119139561,0,Bajo,OOF desarrollo
4b3efcfe0,data/raw_petfinder/train_images/4b3efcfe0-1.jpg,train,Mixed Breed,,0.4415611961723028,1,Bajo,OOF desarrollo
f555570eb,data/raw_petfinder/train_images/f555570eb-1.jpg,valid,Mixed Breed,,0.6532614981994301,1,Alto,OOF desarrollo
f8530e295,data/raw_petfinder/train_images/f8530e295-1.jpg,train,Boxer,Mixed Breed,0.378082172458144,0,Bajo,OOF desarrollo
5c7136c2e,data/raw_petfinder/train_images/5c7136c2e-1.jpg,train,Mixed Breed,,0.5169585781524353,1,Medio,OOF desarrollo
bb90447e5,data/raw_petfinder/train_images/bb90447e5-1.jpg,train,Mixed Breed,,0.6879074721985206,1,Alto,OOF desarrollo
e218c632b,data/raw_petfinder/train_images/e218c632b-1.jpg,train,Labrador Retriever,,0.5026026783608929,1,Medio,OOF desarrollo
f394d4aad,data/raw_petfinder/train_images/f394d4aad-1.jpg,valid,Mixed Breed,,0.7599988057407172,1,Alto,OOF desarrollo
92b5de07f,data/raw_petfinder/train_images/92b5de07f-1.jpg,train,Mixed Breed,,0.5273871667471858,1,Medio,OOF desarrollo
3befd2af6,data/raw_petfinder/train_images/3befd2af6-1.jpg,valid,Mixed Breed,,0.6606166103636659,1,Alto,OOF desarrollo
dfe83669d,data/raw_petfinder/train_images/dfe83669d-1.jpg,valid,Mixed Breed,,0.532748757741198,1,Medio,OOF desarrollo
179c21d17,data/raw_petfinder/train_images/179c21d17-1.jpg,test,German Shepherd Dog,Mixed Breed,0.5972892219888319,1,Medio,Test fuera de muestra
595b8d58f,data/raw_petfinder/train_images/595b8d58f-1.jpg,valid,Beagle,Poodle,0.354947444609658,0,Bajo,OOF desarrollo
cf9bc2dc8,data/raw_petfinder/train_images/cf9bc2dc8-1.jpg,train,Mixed Breed,Mixed Breed,0.8000412539214601,1,Alto,OOF desarrollo
323f562e0,data/raw_petfinder/train_images/323f562e0-1.jpg,test,Schnauzer,,0.4538571246945734,1,Bajo,Test fuera de muestra
e2f5253f7,data/raw_petfinder/train_images/e2f5253f7-1.jpg,test,Dalmatian,Mixed Breed,0.6572574346238468,1,Alto,Test fuera de muestra
93df8b5c7,data/raw_petfinder/train_images/93df8b5c7-1.jpg,train,Mixed Breed,Mixed Breed,0.3827664993793321,0,Bajo,OOF desarrollo
51e25fe8b,data/raw_petfinder/train_images/51e25fe8b-1.jpg,train,Mixed Breed,,0.5158583223278466,1,Medio,OOF desarrollo
f72db59b3,data/raw_petfinder/train_images/f72db59b3-1.jpg,train,Border Collie,Mixed Breed,0.4257286898234938,1,Bajo,OOF desarrollo
48c9474d9,data/raw_petfinder/train_images/48c9474d9-1.jpg,test,Mixed Breed,,0.6911152859924783,1,Alto,Test fuera de muestra
9e2af0f7a,data/raw_petfinder/train_images/9e2af0f7a-1.jpg,train,Terrier,Mixed Breed,0.6836706654289442,1,Alto,OOF desarrollo
d7dd71467,data/raw_petfinder/train_images/d7dd71467-1.jpg,train,Mixed Breed,,0.8070835765014458,1,Alto,OOF desarrollo
43d31be6c,data/raw_petfinder/train_images/43d31be6c-1.jpg,valid,Mixed Breed,,0.3453495479888683,0,Bajo,OOF desarrollo
4a4d8cadb,data/raw_petfinder/train_images/4a4d8cadb-1.jpg,train,Mixed Breed,Mixed Breed,0.64241178384038,1,Alto,OOF desarrollo
5e203eeaf,data/raw_petfinder/train_images/5e203eeaf-1.jpg,train,Mixed Breed,,0.8024929445327651,1,Alto,OOF desarrollo
eee978cc3,data/raw_petfinder/train_images/eee978cc3-1.jpg,train,Mixed Breed,,0.2753820574844488,0,Bajo,OOF desarrollo
cfbbeec5a,data/raw_petfinder/train_images/cfbbeec5a-1.jpg,train,Mixed Breed,,0.4142698293343795,1,Bajo,OOF desarrollo
0e9c1385c,data/raw_petfinder/train_images/0e9c1385c-1.jpg,train,Boxer,Dalmatian,0.577158701710297,1,Medio,OOF desarrollo
8da7afcd4,data/raw_petfinder/train_images/8da7afcd4-1.jpg,train,Mixed Breed,,0.2257700952449056,0,Bajo,OOF desarrollo
2cb770ad7,data/raw_petfinder/train_images/2cb770ad7-1.jpg,test,Shih Tzu,,0.2067289349568098,0,Bajo,Test fuera de muestra
fa1d3af33,data/raw_petfinder/train_images/fa1d3af33-1.jpg,train,Jack Russell Terrier,Jack Russell Terrier (Parson Russell Terrier),0.4465782176071005,1,Bajo,OOF desarrollo
420193f17,data/raw_petfinder/train_images/420193f17-1.jpg,train,Mixed Breed,,0.3451440206065707,0,Bajo,OOF desarrollo
82ab0ebbd,data/raw_petfinder/train_images/82ab0ebbd-1.jpg,train,Mixed Breed,,0.5943596375650131,1,Medio,OOF desarrollo
bf37d753e,data/raw_petfinder/train_images/bf37d753e-1.jpg,train,Mixed Breed,Mixed Breed,0.3900109703611127,1,Bajo,OOF desarrollo
0de6709ab,data/raw_petfinder/train_images/0de6709ab-1.jpg,valid,Mixed Breed,,0.7151806327686839,1,Alto,OOF desarrollo
703f1a4c4,data/raw_petfinder/train_images/703f1a4c4-1.jpg,valid,Mixed Breed,,0.4322163483205674,1,Bajo,OOF desarrollo
a8518bd6b,data/raw_petfinder/train_images/a8518bd6b-1.jpg,train,Mixed Breed,,0.2147253868187343,0,Bajo,OOF desarrollo
6c5a7a1ef,data/raw_petfinder/train_images/6c5a7a1ef-1.jpg,valid,Mixed Breed,,0.5458052035459064,1,Medio,OOF desarrollo
05fadeacd,data/raw_petfinder/train_images/05fadeacd-1.jpg,train,Mixed Breed,,0.4386111152681207,1,Bajo,OOF desarrollo
cedeef1a7,data/raw_petfinder/train_images/cedeef1a7-1.jpg,test,Black Mouth Cur,Mixed Breed,0.3037069001828758,0,Bajo,Test fuera de muestra
e633a6647,data/raw_petfinder/train_images/e633a6647-1.jpg,valid,Mixed Breed,,0.7490806313638478,1,Alto,OOF desarrollo
2fdc23bcb,data/raw_petfinder/train_images/2fdc23bcb-1.jpg,test,Shih Tzu,Mixed Breed,0.4350223083094791,1,Bajo,Test fuera de muestra
43c623f94,data/raw_petfinder/train_images/43c623f94-1.jpg,valid,Mixed Breed,,0.590526497268814,1,Medio,OOF desarrollo
d6209194b,data/raw_petfinder/train_images/d6209194b-1.jpg,test,Mixed Breed,,0.5096669503795794,1,Medio,Test fuera de muestra
4edc9ecc5,data/raw_petfinder/train_images/4edc9ecc5-1.jpg,train,Pit Bull Terrier,,0.4546522742084735,1,Bajo,OOF desarrollo
087804d85,data/raw_petfinder/train_images/087804d85-1.jpg,valid,Poodle,,0.2798038796982038,0,Bajo,OOF desarrollo
bb928145e,data/raw_petfinder/train_images/bb928145e-1.jpg,train,Silky Terrier,,0.4011265425743008,1,Bajo,OOF desarrollo
27bbc8c4f,data/raw_petfinder/train_images/27bbc8c4f-1.jpg,train,Poodle,,0.3040772310890109,0,Bajo,OOF desarrollo
99c110585,data/raw_petfinder/train_images/99c110585-1.jpg,train,Mixed Breed,Mixed Breed,0.7171888627883908,1,Alto,OOF desarrollo
cabb4127e,data/raw_petfinder/train_images/cabb4127e-1.jpg,train,Mixed Breed,Mixed Breed,0.6886060590989069,1,Alto,OOF desarrollo
a2665a33f,data/raw_petfinder/train_images/a2665a33f-1.jpg,train,Chihuahua,,0.4543384519853056,1,Bajo,OOF desarrollo
de8b7400d,data/raw_petfinder/train_images/de8b7400d-1.jpg,train,Mixed Breed,,0.6278316693807342,1,Alto,OOF desarrollo
8e3e0ffde,data/raw_petfinder/train_images/8e3e0ffde-1.jpg,train,Mixed Breed,Labrador Retriever,0.3392533094135997,0,Bajo,OOF desarrollo
e7a8fea6b,data/raw_petfinder/train_images/e7a8fea6b-1.jpg,train,Mixed Breed,Mixed Breed,0.5339390560063763,1,Medio,OOF desarrollo
5b7007847,data/raw_petfinder/train_images/5b7007847-1.jpg,train,Mixed Breed,Mixed Breed,0.2530176625868609,0,Bajo,OOF desarrollo
8bdffc917,data/raw_petfinder/train_images/8bdffc917-1.jpg,train,Mixed Breed,,0.3328755612792071,0,Bajo,OOF desarrollo
63e2cb92e,data/raw_petfinder/train_images/63e2cb92e-1.jpg,train,Shih Tzu,,0.6369441547446095,1,Alto,OOF desarrollo
a5f027ab8,data/raw_petfinder/train_images/a5f027ab8-1.jpg,train,Chihuahua,,0.443505309829712,1,Bajo,OOF desarrollo
6e9e0ce30,data/raw_petfinder/train_images/6e9e0ce30-1.jpg,train,Mixed Breed,,0.4868918277534745,1,Medio,OOF desarrollo
fd39fef15,data/raw_petfinder/train_images/fd39fef15-1.jpg,train,Mixed Breed,,0.474349341654446,1,Medio,OOF desarrollo
c120a6f75,data/raw_petfinder/train_images/c120a6f75-1.jpg,test,Mixed Breed,Mixed Breed,0.541172691067294,1,Medio,Test fuera de muestra
22abde55b,data/raw_petfinder/train_images/22abde55b-1.jpg,train,Mixed Breed,,0.6433476154696323,1,Alto,OOF desarrollo
6e31c7d5c,data/raw_petfinder/train_images/6e31c7d5c-1.jpg,test,Mixed Breed,Terrier,0.6923399184138858,1,Alto,Test fuera de muestra
a6adb9a9f,data/raw_petfinder/train_images/a6adb9a9f-1.jpg,test,Mixed Breed,,0.4325810583234665,1,Bajo,Test fuera de muestra
7efce4735,data/raw_petfinder/train_images/7efce4735-1.jpg,train,Mixed Breed,Mixed Breed,0.5652038574626221,1,Medio,OOF desarrollo
4dbcd1d36,data/raw_petfinder/train_images/4dbcd1d36-1.jpg,train,Mixed Breed,,0.7001064694348886,1,Alto,OOF desarrollo
7125e101b,data/raw_petfinder/train_images/7125e101b-1.jpg,train,Mixed Breed,,0.5592488744305941,1,Medio,OOF desarrollo
bded2690b,data/raw_petfinder/train_images/bded2690b-1.jpg,train,Mixed Breed,Mixed Breed,0.5312444360291053,1,Medio,OOF desarrollo
9ac5a9faf,data/raw_petfinder/train_images/9ac5a9faf-1.jpg,test,Mixed Breed,,0.7580498968938986,1,Alto,Test fuera de muestra
83502a253,data/raw_petfinder/train_images/83502a253-1.jpg,valid,Mixed Breed,,0.4806329435144598,1,Medio,OOF desarrollo
5d3c9feba,data/raw_petfinder/train_images/5d3c9feba-1.jpg,train,Terrier,Jack Russell Terrier,0.5431757186510064,1,Medio,OOF desarrollo
97dd55a08,data/raw_petfinder/train_images/97dd55a08-1.jpg,train,Mixed Breed,,0.7212407720615119,1,Alto,OOF desarrollo
8e3c58de2,data/raw_petfinder/train_images/8e3c58de2-1.jpg,train,Mixed Breed,,0.5358252052393568,1,Medio,OOF desarrollo
65c2785b3,data/raw_petfinder/train_images/65c2785b3-1.jpg,train,Mixed Breed,,0.5457754949795194,1,Medio,OOF desarrollo
52dae90aa,data/raw_petfinder/train_images/52dae90aa-1.jpg,valid,Poodle,Terrier,0.3814874845327539,0,Bajo,OOF desarrollo
01b167b92,data/raw_petfinder/train_images/01b167b92-1.jpg,test,Spitz,Mixed Breed,0.6442330590768577,1,Alto,Test fuera de muestra
8d6b89eff,data/raw_petfinder/train_images/8d6b89eff-1.jpg,train,Mixed Breed,,0.5862716388684197,1,Medio,OOF desarrollo
402799b02,data/raw_petfinder/train_images/402799b02-1.jpg,train,Mixed Breed,,0.5528211246722072,1,Medio,OOF desarrollo
abfad94f2,data/raw_petfinder/train_images/abfad94f2-1.jpg,train,Mixed Breed,,0.5744661441854737,1,Medio,OOF desarrollo
c57a0afef,data/raw_petfinder/train_images/c57a0afef-1.jpg,train,Mixed Breed,,0.8088290027813377,1,Alto,OOF desarrollo
de97498e6,data/raw_petfinder/train_images/de97498e6-1.jpg,train,Mixed Breed,,0.7525185630656241,1,Alto,OOF desarrollo
70edbb1e3,data/raw_petfinder/train_images/70edbb1e3-1.jpg,train,Mixed Breed,,0.3823749699689874,0,Bajo,OOF desarrollo
e5ffc0a9d,data/raw_petfinder/train_images/e5ffc0a9d-1.jpg,train,Cocker Spaniel,,0.5663484955223006,1,Medio,OOF desarrollo
3086dc257,data/raw_petfinder/train_images/3086dc257-1.jpg,train,Poodle,,0.4986509073337729,1,Medio,OOF desarrollo
b5fd8a091,data/raw_petfinder/train_images/b5fd8a091-1.jpg,train,Mixed Breed,Retriever,0.3410048834155806,0,Bajo,OOF desarrollo
546cf9e37,data/raw_petfinder/train_images/546cf9e37-1.jpg,train,Mixed Breed,,0.2333609651689349,0,Bajo,OOF desarrollo
8bc5380ca,data/raw_petfinder/train_images/8bc5380ca-1.jpg,train,Mixed Breed,,0.1643390995127358,0,Bajo,OOF desarrollo
f27a94272,data/raw_petfinder/train_images/f27a94272-1.jpg,train,Mixed Breed,,0.7506497673387966,1,Alto,OOF desarrollo
0819ac2f6,data/raw_petfinder/train_images/0819ac2f6-1.jpg,train,Beagle,Beagle,0.5657908549147213,1,Medio,OOF desarrollo
d48e16ef4,data/raw_petfinder/train_images/d48e16ef4-1.jpg,train,Mixed Breed,,0.50986106715862,1,Medio,OOF desarrollo
49f12d27b,data/raw_petfinder/train_images/49f12d27b-1.jpg,train,Mixed Breed,,0.5290187332377135,1,Medio,OOF desarrollo
2374a1c12,data/raw_petfinder/train_images/2374a1c12-1.jpg,train,Spitz,Mixed Breed,0.4894950276595614,1,Medio,OOF desarrollo
640dbb3b6,data/raw_petfinder/train_images/640dbb3b6-1.jpg,train,Mixed Breed,Mixed Breed,0.822403324020264,1,Alto,OOF desarrollo
deb0ad8cd,data/raw_petfinder/train_images/deb0ad8cd-1.jpg,test,Border Collie,Labrador Retriever,0.6585932551884054,1,Alto,Test fuera de muestra
78631549e,data/raw_petfinder/train_images/78631549e-1.jpg,train,Mixed Breed,,0.6873266948662051,1,Alto,OOF desarrollo
8b03c494a,data/raw_petfinder/train_images/8b03c494a-1.jpg,train,Silky Terrier,Chihuahua,0.3369987624567079,0,Bajo,OOF desarrollo
e493537b3,data/raw_petfinder/train_images/e493537b3-1.jpg,train,Mixed Breed,,0.4167179667979167,1,Bajo,OOF desarrollo
63562f208,data/raw_petfinder/train_images/63562f208-1.jpg,train,Maltese,Terrier,0.4458135793388506,1,Bajo,OOF desarrollo
1c8ab73ca,data/raw_petfinder/train_images/1c8ab73ca-1.jpg,test,Mixed Breed,Collie,0.593076026825651,1,Medio,Test fuera de muestra
23e36bfd9,data/raw_petfinder/train_images/23e36bfd9-1.jpg,train,Mixed Breed,,0.720660220850353,1,Alto,OOF desarrollo
189eaf5c4,data/raw_petfinder/train_images/189eaf5c4-1.jpg,train,Shih Tzu,Shih Tzu,0.2815191002269898,0,Bajo,OOF desarrollo
0b110b315,data/raw_petfinder/train_images/0b110b315-1.jpg,train,Husky,Mixed Breed,0.6324489195837077,1,Alto,OOF desarrollo
267841852,data/raw_petfinder/train_images/267841852-1.jpg,train,Mixed Breed,,0.4004382580155872,1,Bajo,OOF desarrollo
4ae292968,data/raw_petfinder/train_images/4ae292968-1.jpg,train,Mixed Breed,,0.3677726343588511,0,Bajo,OOF desarrollo
10124968c,data/raw_petfinder/train_images/10124968c-1.jpg,train,Mixed Breed,,0.5728460428011076,1,Medio,OOF desarrollo
dc3066d92,data/raw_petfinder/train_images/dc3066d92-1.jpg,valid,Mixed Breed,Mixed Breed,0.5569028865296121,1,Medio,OOF desarrollo
88db34068,data/raw_petfinder/train_images/88db34068-1.jpg,train,Mixed Breed,Border Collie,0.3792550717970369,0,Bajo,OOF desarrollo
e7e23bfbf,data/raw_petfinder/train_images/e7e23bfbf-1.jpg,train,Mixed Breed,,0.3973254719292572,1,Bajo,OOF desarrollo
ea678fb08,data/raw_petfinder/train_images/ea678fb08-1.jpg,test,Mixed Breed,,0.7411843207057565,1,Alto,Test fuera de muestra
ba16e7f4b,data/raw_petfinder/train_images/ba16e7f4b-1.jpg,train,Mixed Breed,,0.5579534150019838,1,Medio,OOF desarrollo
b4060a70e,data/raw_petfinder/train_images/b4060a70e-1.jpg,train,Mixed Breed,,0.5441220828434729,1,Medio,OOF desarrollo
5fc55b842,data/raw_petfinder/train_images/5fc55b842-1.jpg,train,Labrador Retriever,Mixed Breed,0.3649056411387311,0,Bajo,OOF desarrollo
e4c9325d9,data/raw_petfinder/train_images/e4c9325d9-1.jpg,train,Mixed Breed,,0.4078792679411034,1,Bajo,OOF desarrollo
1fba191e3,data/raw_petfinder/train_images/1fba191e3-1.jpg,train,Mixed Breed,,0.7066787494803727,1,Alto,OOF desarrollo
e2b705117,data/raw_petfinder/train_images/e2b705117-1.jpg,train,Spitz,,0.4386902952244504,1,Bajo,OOF desarrollo
79b439763,data/raw_petfinder/train_images/79b439763-1.jpg,test,Mixed Breed,,0.4672090425914524,1,Medio,Test fuera de muestra
8a6f301fa,data/raw_petfinder/train_images/8a6f301fa-1.jpg,train,Mixed Breed,Mixed Breed,0.7610590738203522,1,Alto,OOF desarrollo
dfb7301a8,data/raw_petfinder/train_images/dfb7301a8-1.jpg,test,Mixed Breed,Mixed Breed,0.6480700135818813,1,Alto,Test fuera de muestra
f160ae385,data/raw_petfinder/train_images/f160ae385-1.jpg,train,Mixed Breed,Mixed Breed,0.4953706619412595,1,Medio,OOF desarrollo
a05674125,data/raw_petfinder/train_images/a05674125-1.jpg,train,Mixed Breed,,0.7328197018919795,1,Alto,OOF desarrollo
d9175b948,data/raw_petfinder/train_images/d9175b948-1.jpg,train,Mixed Breed,,0.2296204596079609,0,Bajo,OOF desarrollo
1faffda03,data/raw_petfinder/train_images/1faffda03-1.jpg,train,Mixed Breed,,0.5216032241603287,1,Medio,OOF desarrollo
5606b4630,data/raw_petfinder/train_images/5606b4630-1.jpg,train,Mixed Breed,,0.5452829423917502,1,Medio,OOF desarrollo
ec9da833d,data/raw_petfinder/train_images/ec9da833d-1.jpg,valid,Siberian Husky,Rottweiler,0.2877432020450654,0,Bajo,OOF desarrollo
785150e60,data/raw_petfinder/train_images/785150e60-1.jpg,valid,Mixed Breed,,0.4440310584959831,1,Bajo,OOF desarrollo
3e25d4fb8,data/raw_petfinder/train_images/3e25d4fb8-1.jpg,valid,Mixed Breed,Labrador Retriever,0.5411435044038979,1,Medio,OOF desarrollo
20f870155,data/raw_petfinder/train_images/20f870155-1.jpg,valid,Mixed Breed,,0.4361082389574313,1,Bajo,OOF desarrollo
f29afd123,data/raw_petfinder/train_images/f29afd123-1.jpg,train,Mixed Breed,,0.5995231363692146,1,Medio,OOF desarrollo
6d55edd17,data/raw_petfinder/train_images/6d55edd17-1.jpg,test,Mixed Breed,Mixed Breed,0.4154433032999091,1,Bajo,Test fuera de muestra
cdd50f583,data/raw_petfinder/train_images/cdd50f583-1.jpg,valid,Mixed Breed,Mixed Breed,0.3532206665105578,0,Bajo,OOF desarrollo
ea03ccbba,data/raw_petfinder/train_images/ea03ccbba-1.jpg,train,Siberian Husky,Spitz,0.6202086105545137,1,Alto,OOF desarrollo
9abb10f2f,data/raw_petfinder/train_images/9abb10f2f-1.jpg,valid,Terrier,Shih Tzu,0.3646942884750633,0,Bajo,OOF desarrollo
5eee1e783,data/raw_petfinder/train_images/5eee1e783-1.jpg,train,Mixed Breed,,0.6554738887423244,1,Alto,OOF desarrollo
41ce762ce,data/raw_petfinder/train_images/41ce762ce-1.jpg,test,Mixed Breed,Golden Retriever,0.8171861741755673,1,Alto,Test fuera de muestra
22e4974f2,data/raw_petfinder/train_images/22e4974f2-1.jpg,train,Mixed Breed,,0.6939426643928581,1,Alto,OOF desarrollo
82c90e313,data/raw_petfinder/train_images/82c90e313-1.jpg,test,Mixed Breed,Mixed Breed,0.6069537368638089,1,Alto,Test fuera de muestra
7dd6704a1,data/raw_petfinder/train_images/7dd6704a1-1.jpg,train,Mixed Breed,,0.6850572913670824,1,Alto,OOF desarrollo
0af365e26,data/raw_petfinder/train_images/0af365e26-1.jpg,train,Mixed Breed,,0.6796033124081591,1,Alto,OOF desarrollo
5c4c1d10c,data/raw_petfinder/train_images/5c4c1d10c-1.jpg,train,Mixed Breed,Mixed Breed,0.4451799032229124,1,Bajo,OOF desarrollo
a868df43f,data/raw_petfinder/train_images/a868df43f-1.jpg,test,Mixed Breed,,0.3411234039222731,0,Bajo,Test fuera de muestra
277210bb9,data/raw_petfinder/train_images/277210bb9-1.jpg,train,Jack Russell Terrier,,0.5556840674581478,1,Medio,OOF desarrollo
d0f4115e6,data/raw_petfinder/train_images/d0f4115e6-1.jpg,valid,Mixed Breed,Labrador Retriever,0.6418822563525766,1,Alto,OOF desarrollo
7aef49fb2,data/raw_petfinder/train_images/7aef49fb2-1.jpg,train,Husky,Golden Retriever,0.5338586132202102,1,Medio,OOF desarrollo
75f3f26cd,data/raw_petfinder/train_images/75f3f26cd-1.jpg,train,Mixed Breed,,0.6726991284277288,1,Alto,OOF desarrollo
2b8008b16,data/raw_petfinder/train_images/2b8008b16-1.jpg,train,Mixed Breed,,0.3642002566405384,0,Bajo,OOF desarrollo
38fc09756,data/raw_petfinder/train_images/38fc09756-1.jpg,test,Labrador Retriever,Mixed Breed,0.4229113440878865,1,Bajo,Test fuera de muestra
c504cbfd4,data/raw_petfinder/train_images/c504cbfd4-1.jpg,valid,Mixed Breed,,0.6408559159258949,1,Alto,OOF desarrollo
bd2f5699b,data/raw_petfinder/train_images/bd2f5699b-1.jpg,train,Mixed Breed,,0.6082968959132478,1,Alto,OOF desarrollo
89ba257e1,data/raw_petfinder/train_images/89ba257e1-1.jpg,train,Mixed Breed,,0.4184067256770937,1,Bajo,OOF desarrollo
f89c6f6a6,data/raw_petfinder/train_images/f89c6f6a6-1.jpg,train,Golden Retriever,,0.3349628249304948,0,Bajo,OOF desarrollo
f6c14900d,data/raw_petfinder/train_images/f6c14900d-1.jpg,valid,Mixed Breed,,0.5304445570956048,1,Medio,OOF desarrollo
2716a01b4,data/raw_petfinder/train_images/2716a01b4-1.jpg,valid,Labrador Retriever,Samoyed,0.5155379560465295,1,Medio,OOF desarrollo
d9b4b1930,data/raw_petfinder/train_images/d9b4b1930-1.jpg,train,Mixed Breed,,0.5264461267077585,1,Medio,OOF desarrollo
5b7fd5349,data/raw_petfinder/train_images/5b7fd5349-1.jpg,train,Mixed Breed,Mixed Breed,0.5131419834617641,1,Medio,OOF desarrollo
0594ed847,data/raw_petfinder/train_images/0594ed847-1.jpg,valid,Rottweiler,,0.5058223645785896,1,Medio,OOF desarrollo
5aefb7197,data/raw_petfinder/train_images/5aefb7197-1.jpg,train,Shih Tzu,Terrier,0.2898680374299036,0,Bajo,OOF desarrollo
1bc97732e,data/raw_petfinder/train_images/1bc97732e-1.jpg,train,Mixed Breed,,0.3245214591594043,0,Bajo,OOF desarrollo
9e5476a10,data/raw_petfinder/train_images/9e5476a10-1.jpg,train,Border Collie,Mixed Breed,0.6437634501260605,1,Alto,OOF desarrollo
8de855263,data/raw_petfinder/train_images/8de855263-1.jpg,test,Mixed Breed,,0.4980706076339334,1,Medio,Test fuera de muestra
500327aed,data/raw_petfinder/train_images/500327aed-1.jpg,valid,Mixed Breed,,0.8461920253821331,1,Alto,OOF desarrollo
34452eefb,data/raw_petfinder/train_images/34452eefb-1.jpg,test,Mixed Breed,,0.7466318178608427,1,Alto,Test fuera de muestra
0063bd7e0,data/raw_petfinder/train_images/0063bd7e0-1.jpg,train,Mixed Breed,,0.7302281864315003,1,Alto,OOF desarrollo
25c681109,data/raw_petfinder/train_images/25c681109-1.jpg,valid,Mixed Breed,Mixed Breed,0.4713429194192273,1,Medio,OOF desarrollo
b28acaaeb,data/raw_petfinder/train_images/b28acaaeb-1.jpg,train,Mixed Breed,,0.424191070044049,1,Bajo,OOF desarrollo
16ce3524b,data/raw_petfinder/train_images/16ce3524b-1.jpg,test,Mixed Breed,,0.6782733086125,1,Alto,Test fuera de muestra
5b8610245,data/raw_petfinder/train_images/5b8610245-1.jpg,train,Golden Retriever,,0.3180636984737665,0,Bajo,OOF desarrollo
083f50328,data/raw_petfinder/train_images/083f50328-1.jpg,valid,Mixed Breed,Mixed Breed,0.7580732546534834,1,Alto,OOF desarrollo
62d09ac7c,data/raw_petfinder/train_images/62d09ac7c-1.jpg,test,Mixed Breed,,0.5646064624642795,1,Medio,Test fuera de muestra
28e14ee81,data/raw_petfinder/train_images/28e14ee81-1.jpg,train,Mixed Breed,,0.3366812543024647,0,Bajo,OOF desarrollo
755f10f8a,data/raw_petfinder/train_images/755f10f8a-1.jpg,valid,Mixed Breed,Mixed Breed,0.5132578155880204,1,Medio,OOF desarrollo
2db012118,data/raw_petfinder/train_images/2db012118-1.jpg,train,Mixed Breed,,0.3761663503377244,0,Bajo,OOF desarrollo
1043aca38,data/raw_petfinder/train_images/1043aca38-1.jpg,test,Mixed Breed,Mixed Breed,0.5579585664575389,1,Medio,Test fuera de muestra
8ccda6476,data/raw_petfinder/train_images/8ccda6476-1.jpg,train,Mixed Breed,,0.4864069184862031,1,Medio,OOF desarrollo
53964c5d0,data/raw_petfinder/train_images/53964c5d0-1.jpg,train,Golden Retriever,Mixed Breed,0.7562566025055539,1,Alto,OOF desarrollo
4427541c0,data/raw_petfinder/train_images/4427541c0-1.jpg,train,Labrador Retriever,Labrador Retriever,0.5388639771181867,1,Medio,OOF desarrollo
fd1bf9554,data/raw_petfinder/train_images/fd1bf9554-1.jpg,valid,Mixed Breed,,0.6687401539936755,1,Alto,OOF desarrollo
8c2e6c331,data/raw_petfinder/train_images/8c2e6c331-1.jpg,test,Mixed Breed,,0.3823383454165354,0,Bajo,Test fuera de muestra
be917151a,data/raw_petfinder/train_images/be917151a-1.jpg,test,Mixed Breed,Mixed Breed,0.6186198054269455,1,Alto,Test fuera de muestra
59c474c59,data/raw_petfinder/train_images/59c474c59-1.jpg,valid,Mixed Breed,,0.4915759909896789,1,Medio,OOF desarrollo
b41fd3816,data/raw_petfinder/train_images/b41fd3816-1.jpg,train,Miniature Pinscher,,0.2756104430910038,0,Bajo,OOF desarrollo
c59fe4bcd,data/raw_petfinder/train_images/c59fe4bcd-1.jpg,test,Mixed Breed,Golden Retriever,0.6566433413745743,1,Alto,Test fuera de muestra
db5a260fa,data/raw_petfinder/train_images/db5a260fa-1.jpg,test,Mixed Breed,,0.708843776340687,1,Alto,Test fuera de muestra
ded3b183c,data/raw_petfinder/train_images/ded3b183c-1.jpg,test,Mixed Breed,Mixed Breed,0.4022742401807367,1,Bajo,Test fuera de muestra
842c9622d,data/raw_petfinder/train_images/842c9622d-1.jpg,train,Mixed Breed,,0.4563817816145619,1,Bajo,OOF desarrollo
9c296a253,data/raw_petfinder/train_images/9c296a253-1.jpg,valid,Mixed Breed,,0.7035801788297767,1,Alto,OOF desarrollo
3e0ce6020,data/raw_petfinder/train_images/3e0ce6020-1.jpg,train,Mixed Breed,Mixed Breed,0.3487139114613508,0,Bajo,OOF desarrollo
faa139539,data/raw_petfinder/train_images/faa139539-1.jpg,train,Mixed Breed,Mixed Breed,0.5112250805459134,1,Medio,OOF desarrollo
c4dc1e8fe,data/raw_petfinder/train_images/c4dc1e8fe-1.jpg,test,Mixed Breed,Mixed Breed,0.7050754712941814,1,Alto,Test fuera de muestra
97cdcca1f,data/raw_petfinder/train_images/97cdcca1f-1.jpg,train,Mixed Breed,Mixed Breed,0.3401359590302718,0,Bajo,OOF desarrollo
c5d0fdfac,data/raw_petfinder/train_images/c5d0fdfac-1.jpg,train,Mixed Breed,,0.5154336886028388,1,Medio,OOF desarrollo
28e86bb13,data/raw_petfinder/train_images/28e86bb13-1.jpg,train,Mixed Breed,,0.5105158589370767,1,Medio,OOF desarrollo
5d517a321,data/raw_petfinder/train_images/5d517a321-1.jpg,train,Mixed Breed,,0.6796197889392268,1,Alto,OOF desarrollo
62eac41fa,data/raw_petfinder/train_images/62eac41fa-1.jpg,train,Mixed Breed,,0.684723517046917,1,Alto,OOF desarrollo
09c00211e,data/raw_petfinder/train_images/09c00211e-1.jpg,test,Mixed Breed,Hound,0.6130091430457523,1,Alto,Test fuera de muestra
2262be7e9,data/raw_petfinder/train_images/2262be7e9-1.jpg,train,Mixed Breed,,0.3962326274380309,1,Bajo,OOF desarrollo
7a7277559,data/raw_petfinder/train_images/7a7277559-1.jpg,train,Mixed Breed,Jack Russell Terrier,0.644156440247356,1,Alto,OOF desarrollo
bb74a9d58,data/raw_petfinder/train_images/bb74a9d58-1.jpg,train,Mixed Breed,,0.7286824119165847,1,Alto,OOF desarrollo
91acbbf47,data/raw_petfinder/train_images/91acbbf47-1.jpg,train,Dalmatian,Bullmastiff,0.5764627249799039,1,Medio,OOF desarrollo
df26f1098,data/raw_petfinder/train_images/df26f1098-1.jpg,test,Mixed Breed,,0.7014223556977603,1,Alto,Test fuera de muestra
b88fdc7ba,data/raw_petfinder/train_images/b88fdc7ba-1.jpg,test,Mixed Breed,,0.5115044380156628,1,Medio,Test fuera de muestra
5017052e7,data/raw_petfinder/train_images/5017052e7-1.jpg,train,Rottweiler,,0.3539565762925707,0,Bajo,OOF desarrollo
d43834f69,data/raw_petfinder/train_images/d43834f69-1.jpg,train,Mixed Breed,,0.6755451349996966,1,Alto,OOF desarrollo
01d646ea8,data/raw_petfinder/train_images/01d646ea8-1.jpg,test,Mixed Breed,Mixed Breed,0.6177315917673232,1,Alto,Test fuera de muestra
803c3b444,data/raw_petfinder/train_images/803c3b444-1.jpg,train,Mixed Breed,,0.4630198172757007,1,Medio,OOF desarrollo
617ee6976,data/raw_petfinder/train_images/617ee6976-1.jpg,valid,Mixed Breed,,0.7882017673109205,1,Alto,OOF desarrollo
fd3804c20,data/raw_petfinder/train_images/fd3804c20-1.jpg,train,Mixed Breed,Mixed Breed,0.4104375523271455,1,Bajo,OOF desarrollo
5181f9924,data/raw_petfinder/train_images/5181f9924-1.jpg,train,Schnauzer,,0.4499162517848024,1,Bajo,OOF desarrollo
bd2084cc9,data/raw_petfinder/train_images/bd2084cc9-1.jpg,train,Mixed Breed,,0.7171168074759801,1,Alto,OOF desarrollo
6c55e596d,data/raw_petfinder/train_images/6c55e596d-1.jpg,test,Mixed Breed,,0.4504713608036497,1,Bajo,Test fuera de muestra
4363acad4,data/raw_petfinder/train_images/4363acad4-1.jpg,train,Dachshund,Mixed Breed,0.7004143556482695,1,Alto,OOF desarrollo
da8d56dff,data/raw_petfinder/train_images/da8d56dff-1.jpg,test,Mixed Breed,,0.6622532101501643,1,Alto,Test fuera de muestra
903523a17,data/raw_petfinder/train_images/903523a17-1.jpg,train,Mixed Breed,,0.6858548592936182,1,Alto,OOF desarrollo
cd1947175,data/raw_petfinder/train_images/cd1947175-1.jpg,train,Mixed Breed,,0.7637772483434881,1,Alto,OOF desarrollo
0e56a693b,data/raw_petfinder/train_images/0e56a693b-1.jpg,train,Collie,Mixed Breed,0.3882676417595048,0,Bajo,OOF desarrollo
642b0dbac,data/raw_petfinder/train_images/642b0dbac-1.jpg,train,Mixed Breed,,0.7544552876518695,1,Alto,OOF desarrollo
55b9c70eb,data/raw_petfinder/train_images/55b9c70eb-1.jpg,train,Mixed Breed,Mixed Breed,0.5862726266646598,1,Medio,OOF desarrollo
7509ed502,data/raw_petfinder/train_images/7509ed502-1.jpg,test,Mixed Breed,,0.5145267289524618,1,Medio,Test fuera de muestra
f2be40d43,data/raw_petfinder/train_images/f2be40d43-1.jpg,train,Mixed Breed,,0.6058462621814602,1,Alto,OOF desarrollo
add3c45c6,data/raw_petfinder/train_images/add3c45c6-1.jpg,train,Mixed Breed,Mixed Breed,0.2263145282863505,0,Bajo,OOF desarrollo
cbf6b6e42,data/raw_petfinder/train_images/cbf6b6e42-1.jpg,valid,Mixed Breed,Rottweiler,0.2709595265132506,0,Bajo,OOF desarrollo
2eaab0cb1,data/raw_petfinder/train_images/2eaab0cb1-1.jpg,train,Mixed Breed,Doberman Pinscher,0.4700564066970984,1,Medio,OOF desarrollo
fffd9b5a8,data/raw_petfinder/train_images/fffd9b5a8-1.jpg,train,Siberian Husky,,0.3051783076380746,0,Bajo,OOF desarrollo
92d830572,data/raw_petfinder/train_images/92d830572-1.jpg,train,Mixed Breed,,0.4912452198749786,1,Medio,OOF desarrollo
5a089c77f,data/raw_petfinder/train_images/5a089c77f-1.jpg,train,Golden Retriever,Mixed Breed,0.2833426544309199,0,Bajo,OOF desarrollo
4b9f45715,data/raw_petfinder/train_images/4b9f45715-1.jpg,valid,Mixed Breed,Mixed Breed,0.5962562071282915,1,Medio,OOF desarrollo
f8e3f9ddf,data/raw_petfinder/train_images/f8e3f9ddf-1.jpg,train,Terrier,Mixed Breed,0.7152006302702578,1,Alto,OOF desarrollo
21fc38738,data/raw_petfinder/train_images/21fc38738-1.jpg,test,Mixed Breed,Mixed Breed,0.7780564644943628,1,Alto,Test fuera de muestra
1c3793826,data/raw_petfinder/train_images/1c3793826-1.jpg,train,Mixed Breed,,0.6499317893631659,1,Alto,OOF desarrollo
e31e27ce7,data/raw_petfinder/train_images/e31e27ce7-1.jpg,train,Mixed Breed,,0.691962697390994,1,Alto,OOF desarrollo
cc0a49f6f,data/raw_petfinder/train_images/cc0a49f6f-1.jpg,train,Labrador Retriever,,0.539945302333972,1,Medio,OOF desarrollo
7559336dc,data/raw_petfinder/train_images/7559336dc-1.jpg,test,Mixed Breed,,0.7732909701516848,1,Alto,Test fuera de muestra
32168f6f5,data/raw_petfinder/train_images/32168f6f5-1.jpg,test,Mixed Breed,,0.3619306734666377,0,Bajo,Test fuera de muestra
bcfea60f5,data/raw_petfinder/train_images/bcfea60f5-1.jpg,valid,Shih Tzu,,0.4367218742632968,1,Bajo,OOF desarrollo
e5317b212,data/raw_petfinder/train_images/e5317b212-1.jpg,test,Mixed Breed,,0.4523888391503002,1,Bajo,Test fuera de muestra
b49c33f08,data/raw_petfinder/train_images/b49c33f08-1.jpg,valid,Mixed Breed,,0.3653948780315584,0,Bajo,OOF desarrollo
ad4a30fcb,data/raw_petfinder/train_images/ad4a30fcb-1.jpg,train,Mixed Breed,,0.5669504490502943,1,Medio,OOF desarrollo
931fd5858,data/raw_petfinder/train_images/931fd5858-1.jpg,train,Mixed Breed,,0.3223921886823783,0,Bajo,OOF desarrollo
9afc068ae,data/raw_petfinder/train_images/9afc068ae-1.jpg,train,Mixed Breed,,0.4668410027541195,1,Medio,OOF desarrollo
bba70dd12,data/raw_petfinder/train_images/bba70dd12-1.jpg,train,Mixed Breed,,0.6200840028070262,1,Alto,OOF desarrollo
230009c15,data/raw_petfinder/train_images/230009c15-1.jpg,test,Mixed Breed,Mixed Breed,0.7610918207697703,1,Alto,Test fuera de muestra
c4fcf4990,data/raw_petfinder/train_images/c4fcf4990-1.jpg,train,Mixed Breed,,0.2624491068558568,0,Bajo,OOF desarrollo
17d9c9586,data/raw_petfinder/train_images/17d9c9586-1.jpg,test,Mixed Breed,,0.7894311254094287,1,Alto,Test fuera de muestra
c2cad7ef6,data/raw_petfinder/train_images/c2cad7ef6-1.jpg,test,American Staffordshire Terrier,Mixed Breed,0.5353108255826151,1,Medio,Test fuera de muestra
68ac3848d,data/raw_petfinder/train_images/68ac3848d-1.jpg,train,Rottweiler,German Shepherd Dog,0.3797499726856014,0,Bajo,OOF desarrollo
6dc40f9b5,data/raw_petfinder/train_images/6dc40f9b5-1.jpg,train,Mixed Breed,,0.8183660500498157,1,Alto,OOF desarrollo
3d3006ccc,data/raw_petfinder/train_images/3d3006ccc-1.jpg,train,Poodle,,0.5337077354768047,1,Medio,OOF desarrollo
7314ad440,data/raw_petfinder/train_images/7314ad440-1.jpg,train,Mixed Breed,,0.7160774568857344,1,Alto,OOF desarrollo
c1ecd33ac,data/raw_petfinder/train_images/c1ecd33ac-1.jpg,train,Dachshund,,0.547655200620566,1,Medio,OOF desarrollo
2d06250ab,data/raw_petfinder/train_images/2d06250ab-1.jpg,train,Mixed Breed,Mixed Breed,0.7834205695536236,1,Alto,OOF desarrollo
8ab1bbd3f,data/raw_petfinder/train_images/8ab1bbd3f-1.jpg,test,Mixed Breed,Mixed Breed,0.4465757912006145,1,Bajo,Test fuera de muestra
59a23bac0,data/raw_petfinder/train_images/59a23bac0-1.jpg,valid,Mixed Breed,Hound,0.7215059023789927,1,Alto,OOF desarrollo
ac1eab621,data/raw_petfinder/train_images/ac1eab621-1.jpg,train,Mixed Breed,,0.5960571103956527,1,Medio,OOF desarrollo
90e582b0c,data/raw_petfinder/train_images/90e582b0c-1.jpg,train,Siberian Husky,Rottweiler,0.2915776027440601,0,Bajo,OOF desarrollo
b30bcaab6,data/raw_petfinder/train_images/b30bcaab6-1.jpg,train,Mixed Breed,,0.496849036960407,1,Medio,OOF desarrollo
f4c32b8a5,data/raw_petfinder/train_images/f4c32b8a5-1.jpg,train,Mixed Breed,,0.6165056842162455,1,Alto,OOF desarrollo
edcc13ccb,data/raw_petfinder/train_images/edcc13ccb-1.jpg,test,Golden Retriever,Golden Retriever,0.4148375822843958,1,Bajo,Test fuera de muestra
610c05772,data/raw_petfinder/train_images/610c05772-1.jpg,valid,Mixed Breed,,0.6872346204311859,1,Alto,OOF desarrollo
ece3629b4,data/raw_petfinder/train_images/ece3629b4-1.jpg,valid,Mixed Breed,,0.5490281179686197,1,Medio,OOF desarrollo
bb714a80a,data/raw_petfinder/train_images/bb714a80a-1.jpg,test,Mixed Breed,,0.5593286350346274,1,Medio,Test fuera de muestra
73a25206b,data/raw_petfinder/train_images/73a25206b-1.jpg,valid,Mixed Breed,,0.7209843071048339,1,Alto,OOF desarrollo
26ceb4ba8,data/raw_petfinder/train_images/26ceb4ba8-1.jpg,train,Husky,,0.6300654152367953,1,Alto,OOF desarrollo
ba20d5a08,data/raw_petfinder/train_images/ba20d5a08-1.jpg,train,Mixed Breed,,0.7177469944843442,1,Alto,OOF desarrollo
f3082fa97,data/raw_petfinder/train_images/f3082fa97-1.jpg,valid,Mixed Breed,,0.3504377502108688,0,Bajo,OOF desarrollo
a6deb30e1,data/raw_petfinder/train_images/a6deb30e1-1.jpg,train,Mixed Breed,,0.6970496526450584,1,Alto,OOF desarrollo
93eb14f37,data/raw_petfinder/train_images/93eb14f37-1.jpg,test,Mixed Breed,,0.3303511912460132,0,Bajo,Test fuera de muestra
681a6f552,data/raw_petfinder/train_images/681a6f552-1.jpg,test,Mixed Breed,Mixed Breed,0.5550470651146578,1,Medio,Test fuera de muestra
27058d03f,data/raw_petfinder/train_images/27058d03f-1.jpg,train,Mixed Breed,Mixed Breed,0.5739921756379827,1,Medio,OOF desarrollo
c71d537da,data/raw_petfinder/train_images/c71d537da-1.jpg,train,Mixed Breed,,0.4479323050060797,1,Bajo,OOF desarrollo
437b01de4,data/raw_petfinder/train_images/437b01de4-1.jpg,test,Mixed Breed,,0.7695428347419537,1,Alto,Test fuera de muestra
3b9f04df5,data/raw_petfinder/train_images/3b9f04df5-1.jpg,train,Mixed Breed,,0.4873413008046765,1,Medio,OOF desarrollo
bb16182f7,data/raw_petfinder/train_images/bb16182f7-1.jpg,train,Mixed Breed,,0.6945656199884551,1,Alto,OOF desarrollo
7e704dadb,data/raw_petfinder/train_images/7e704dadb-1.jpg,train,Mixed Breed,,0.7078135726199251,1,Alto,OOF desarrollo
505034c5a,data/raw_petfinder/train_images/505034c5a-1.jpg,train,Mixed Breed,,0.5926313049657193,1,Medio,OOF desarrollo
88edfa259,data/raw_petfinder/train_images/88edfa259-1.jpg,train,Mixed Breed,Mixed Breed,0.4933723945964944,1,Medio,OOF desarrollo
54e0ac09d,data/raw_petfinder/train_images/54e0ac09d-1.jpg,train,Mixed Breed,Mixed Breed,0.6786773857828641,1,Alto,OOF desarrollo
69275e62d,data/raw_petfinder/train_images/69275e62d-1.jpg,train,Mixed Breed,,0.5018313999965668,1,Medio,OOF desarrollo
4359d65e7,data/raw_petfinder/train_images/4359d65e7-1.jpg,train,Dalmatian,Mixed Breed,0.4353184844645505,1,Bajo,OOF desarrollo
6a00de73d,data/raw_petfinder/train_images/6a00de73d-1.jpg,valid,Mixed Breed,,0.6677042394936767,1,Alto,OOF desarrollo
aa0901313,data/raw_petfinder/train_images/aa0901313-1.jpg,train,Mixed Breed,,0.2666197822444636,0,Bajo,OOF desarrollo
541400630,data/raw_petfinder/train_images/541400630-1.jpg,train,Mixed Breed,,0.5920464541679056,1,Medio,OOF desarrollo
dd7732e86,data/raw_petfinder/train_images/dd7732e86-1.jpg,train,Mixed Breed,,0.4740191509311639,1,Medio,OOF desarrollo
b2b9c5176,data/raw_petfinder/train_images/b2b9c5176-1.jpg,valid,Mixed Breed,Poodle,0.5195307969307483,1,Medio,OOF desarrollo
704737525,data/raw_petfinder/train_images/704737525-1.jpg,valid,Australian Kelpie,Mixed Breed,0.3717650592346716,0,Bajo,OOF desarrollo
708189e17,data/raw_petfinder/train_images/708189e17-1.jpg,train,Mixed Breed,,0.6219932578678116,1,Alto,OOF desarrollo
139f58538,data/raw_petfinder/train_images/139f58538-1.jpg,train,Mixed Breed,,0.4192784388633438,1,Bajo,OOF desarrollo
5e2e48bb2,data/raw_petfinder/train_images/5e2e48bb2-1.jpg,train,Mixed Breed,Mixed Breed,0.7339796463802886,1,Alto,OOF desarrollo
b9005c792,data/raw_petfinder/train_images/b9005c792-1.jpg,train,Mixed Breed,Mixed Breed,0.6944160832003934,1,Alto,OOF desarrollo
716167b76,data/raw_petfinder/train_images/716167b76-1.jpg,train,Mixed Breed,,0.5800801536950289,1,Medio,OOF desarrollo
f447d931c,data/raw_petfinder/train_images/f447d931c-1.jpg,train,Mixed Breed,Mixed Breed,0.4110354061891575,1,Bajo,OOF desarrollo
2177b28d2,data/raw_petfinder/train_images/2177b28d2-1.jpg,train,Mixed Breed,Spitz,0.7179535771743539,1,Alto,OOF desarrollo
d320b7121,data/raw_petfinder/train_images/d320b7121-1.jpg,test,Mixed Breed,,0.6654597143177284,1,Alto,Test fuera de muestra
93e53882d,data/raw_petfinder/train_images/93e53882d-1.jpg,valid,Shih Tzu,,0.4448061063698452,1,Bajo,OOF desarrollo
2ef182fc5,data/raw_petfinder/train_images/2ef182fc5-1.jpg,test,Mixed Breed,,0.5835031698100666,1,Medio,Test fuera de muestra
5918330ac,data/raw_petfinder/train_images/5918330ac-1.jpg,train,Pomeranian,,0.4099547827729703,1,Bajo,OOF desarrollo
b1c7e0838,data/raw_petfinder/train_images/b1c7e0838-1.jpg,train,American Water Spaniel,,0.2828225885633708,0,Bajo,OOF desarrollo
f2697fe84,data/raw_petfinder/train_images/f2697fe84-1.jpg,train,Mixed Breed,,0.6579416298281873,1,Alto,OOF desarrollo
645914c88,data/raw_petfinder/train_images/645914c88-1.jpg,train,Golden Retriever,Golden Retriever,0.1963318057066301,0,Bajo,OOF desarrollo
1b9b55f0b,data/raw_petfinder/train_images/1b9b55f0b-1.jpg,valid,Mixed Breed,Belgian Shepherd Malinois,0.2575047794037794,0,Bajo,OOF desarrollo
a41b62aa8,data/raw_petfinder/train_images/a41b62aa8-1.jpg,valid,Mixed Breed,,0.7064351727648767,1,Alto,OOF desarrollo
5c9d75ab9,data/raw_petfinder/train_images/5c9d75ab9-1.jpg,train,Mixed Breed,Mixed Breed,0.512205973567276,1,Medio,OOF desarrollo
17ba1d7ce,data/raw_petfinder/train_images/17ba1d7ce-1.jpg,valid,Poodle,,0.4007711719100547,1,Bajo,OOF desarrollo
e95d902dc,data/raw_petfinder/train_images/e95d902dc-1.jpg,test,Mixed Breed,Terrier,0.7577219473910992,1,Alto,Test fuera de muestra
f071f1cb7,data/raw_petfinder/train_images/f071f1cb7-1.jpg,test,Poodle,,0.337273629607643,0,Bajo,Test fuera de muestra
9a7885841,data/raw_petfinder/train_images/9a7885841-1.jpg,test,Mixed Breed,,0.4398916535059817,1,Bajo,Test fuera de muestra
eb3101bcd,data/raw_petfinder/train_images/eb3101bcd-1.jpg,test,Terrier,Mixed Breed,0.7840013629237699,1,Alto,Test fuera de muestra
4badb22cb,data/raw_petfinder/train_images/4badb22cb-1.jpg,valid,Mixed Breed,,0.4531947831303639,1,Bajo,OOF desarrollo
5b3c81931,data/raw_petfinder/train_images/5b3c81931-1.jpg,valid,Mixed Breed,Mixed Breed,0.7028828234514212,1,Alto,OOF desarrollo
b3a19b9dd,data/raw_petfinder/train_images/b3a19b9dd-1.jpg,test,Mixed Breed,,0.6698307316746525,1,Alto,Test fuera de muestra
d870d5767,data/raw_petfinder/train_images/d870d5767-1.jpg,train,German Pinscher,German Shepherd Dog,0.4744464709646253,1,Medio,OOF desarrollo
fb570c67a,data/raw_petfinder/train_images/fb570c67a-1.jpg,test,Mixed Breed,,0.4170772410522124,1,Bajo,Test fuera de muestra
c9c5b665b,data/raw_petfinder/train_images/c9c5b665b-1.jpg,train,Mixed Breed,Mixed Breed,0.3306631833378206,0,Bajo,OOF desarrollo
7bfe95866,data/raw_petfinder/train_images/7bfe95866-1.jpg,train,Mixed Breed,Mixed Breed,0.5157566558939602,1,Medio,OOF desarrollo
07cfb3380,data/raw_petfinder/train_images/07cfb3380-1.jpg,train,Mixed Breed,,0.7037164167965617,1,Alto,OOF desarrollo
2cf6ead97,data/raw_petfinder/train_images/2cf6ead97-1.jpg,test,Mixed Breed,,0.5684692571067756,1,Medio,Test fuera de muestra
f5f1ea56c,data/raw_petfinder/train_images/f5f1ea56c-1.jpg,train,Dachshund,,0.497977855510234,1,Medio,OOF desarrollo
1aaa74b35,data/raw_petfinder/train_images/1aaa74b35-1.jpg,test,Mixed Breed,,0.3104914921677898,0,Bajo,Test fuera de muestra
06c5ddbd6,data/raw_petfinder/train_images/06c5ddbd6-1.jpg,test,Mixed Breed,Doberman Pinscher,0.7490115909444464,1,Alto,Test fuera de muestra
f97d14e01,data/raw_petfinder/train_images/f97d14e01-1.jpg,train,Poodle,,0.3723231322076563,0,Bajo,OOF desarrollo
ddeeba131,data/raw_petfinder/train_images/ddeeba131-1.jpg,train,Mixed Breed,,0.3894435043267224,0,Bajo,OOF desarrollo
ca121ab91,data/raw_petfinder/train_images/ca121ab91-1.jpg,train,Mixed Breed,Mixed Breed,0.8080177389942762,1,Alto,OOF desarrollo
d755e40d7,data/raw_petfinder/train_images/d755e40d7-1.jpg,valid,Shih Tzu,,0.4182242182548502,1,Bajo,OOF desarrollo
48cd2ebaa,data/raw_petfinder/train_images/48cd2ebaa-1.jpg,train,Mixed Breed,Terrier,0.6491683620418329,1,Alto,OOF desarrollo
d202e4c9c,data/raw_petfinder/train_images/d202e4c9c-1.jpg,valid,Mixed Breed,,0.8446384808697532,1,Alto,OOF desarrollo
c6a2b6ae1,data/raw_petfinder/train_images/c6a2b6ae1-1.jpg,train,Mixed Breed,,0.5957408369545558,1,Medio,OOF desarrollo
84998166f,data/raw_petfinder/train_images/84998166f-1.jpg,test,Mixed Breed,,0.5913030236757415,1,Medio,Test fuera de muestra
79a352e54,data/raw_petfinder/train_images/79a352e54-1.jpg,train,Terrier,Mixed Breed,0.6186001229854817,1,Alto,OOF desarrollo
fb1a745e6,data/raw_petfinder/train_images/fb1a745e6-1.jpg,train,Schnauzer,Poodle,0.4011956566864957,1,Bajo,OOF desarrollo
1d5870131,data/raw_petfinder/train_images/1d5870131-1.jpg,train,Mixed Breed,Mixed Breed,0.3608354602047218,0,Bajo,OOF desarrollo
879c40dfa,data/raw_petfinder/train_images/879c40dfa-1.jpg,valid,Shih Tzu,,0.2846518756804442,0,Bajo,OOF desarrollo
0d873789a,data/raw_petfinder/train_images/0d873789a-1.jpg,valid,Mixed Breed,,0.5519386857029516,1,Medio,OOF desarrollo
619d6fdf8,data/raw_petfinder/train_images/619d6fdf8-1.jpg,train,Rottweiler,,0.503244554310599,1,Medio,OOF desarrollo
fe879c04e,data/raw_petfinder/train_images/fe879c04e-1.jpg,valid,Mixed Breed,,0.5488929592667962,1,Medio,OOF desarrollo
c90570913,data/raw_petfinder/train_images/c90570913-1.jpg,valid,Rottweiler,Mixed Breed,0.5279628219743604,1,Medio,OOF desarrollo
b690774cb,data/raw_petfinder/train_images/b690774cb-1.jpg,train,Mixed Breed,,0.57669352857744,1,Medio,OOF desarrollo
78599649f,data/raw_petfinder/train_images/78599649f-1.jpg,train,Terrier,Poodle,0.6780205491767273,1,Alto,OOF desarrollo
059cfed40,data/raw_petfinder/train_images/059cfed40-1.jpg,test,Husky,Bearded Collie,0.5491646431278822,1,Medio,Test fuera de muestra
65829d12f,data/raw_petfinder/train_images/65829d12f-1.jpg,valid,Terrier,Mixed Breed,0.5400638148632033,1,Medio,OOF desarrollo
c1577c976,data/raw_petfinder/train_images/c1577c976-1.jpg,train,Mixed Breed,,0.5320835642750938,1,Medio,OOF desarrollo
1c8a8385e,data/raw_petfinder/train_images/1c8a8385e-1.jpg,train,German Shepherd Dog,Mixed Breed,0.4359797501230041,1,Bajo,OOF desarrollo
3d9ee26e3,data/raw_petfinder/train_images/3d9ee26e3-1.jpg,train,Mixed Breed,,0.492215106679157,1,Medio,OOF desarrollo
c7a324d3d,data/raw_petfinder/train_images/c7a324d3d-1.jpg,train,Mixed Breed,,0.4377661651063426,1,Bajo,OOF desarrollo
678d21531,data/raw_petfinder/train_images/678d21531-1.jpg,train,Mixed Breed,,0.7859669957110429,1,Alto,OOF desarrollo
107d56dc4,data/raw_petfinder/train_images/107d56dc4-1.jpg,train,Mixed Breed,,0.5968205576184813,1,Medio,OOF desarrollo
646fe5d09,data/raw_petfinder/train_images/646fe5d09-1.jpg,train,Shar Pei,,0.4326822510704849,1,Bajo,OOF desarrollo
e2e5b8ae2,data/raw_petfinder/train_images/e2e5b8ae2-1.jpg,train,Mixed Breed,,0.4916441198103723,1,Medio,OOF desarrollo
5b26ccfdf,data/raw_petfinder/train_images/5b26ccfdf-1.jpg,train,Mixed Breed,,0.6121321081919793,1,Alto,OOF desarrollo
d16f1d371,data/raw_petfinder/train_images/d16f1d371-1.jpg,valid,Beagle,,0.4270387189503178,1,Bajo,OOF desarrollo
7b22d0224,data/raw_petfinder/train_images/7b22d0224-1.jpg,valid,Terrier,,0.3480030219481281,0,Bajo,OOF desarrollo
cea713af9,data/raw_petfinder/train_images/cea713af9-1.jpg,train,Mixed Breed,Mixed Breed,0.3928605810363803,1,Bajo,OOF desarrollo
24af5742e,data/raw_petfinder/train_images/24af5742e-1.jpg,train,Mixed Breed,,0.5203900148243283,1,Medio,OOF desarrollo
ae84e47c8,data/raw_petfinder/train_images/ae84e47c8-1.jpg,train,Hound,Mixed Breed,0.5990990796418405,1,Medio,OOF desarrollo
64dbb2214,data/raw_petfinder/train_images/64dbb2214-1.jpg,train,Mixed Breed,,0.5056376810086688,1,Medio,OOF desarrollo
549c35706,data/raw_petfinder/train_images/549c35706-1.jpg,valid,Mixed Breed,,0.3913192278533619,1,Bajo,OOF desarrollo
832110a99,data/raw_petfinder/train_images/832110a99-1.jpg,train,Mixed Breed,Mixed Breed,0.6681461255220891,1,Alto,OOF desarrollo
ccf8c71f6,data/raw_petfinder/train_images/ccf8c71f6-1.jpg,train,Dachshund,Dalmatian,0.4921001443370568,1,Medio,OOF desarrollo
eff316e87,data/raw_petfinder/train_images/eff316e87-1.jpg,train,Mixed Breed,,0.8480426117188983,1,Alto,OOF desarrollo
ee34f3079,data/raw_petfinder/train_images/ee34f3079-1.jpg,train,Mixed Breed,,0.4085352148483711,1,Bajo,OOF desarrollo
021b0b7bd,data/raw_petfinder/train_images/021b0b7bd-1.jpg,train,Silky Terrier,,0.3965010164483877,1,Bajo,OOF desarrollo
49b868ae2,data/raw_petfinder/train_images/49b868ae2-1.jpg,train,Mixed Breed,,0.7584369133761333,1,Alto,OOF desarrollo
529c2e04b,data/raw_petfinder/train_images/529c2e04b-1.jpg,train,Mixed Breed,Mixed Breed,0.5078439540373589,1,Medio,OOF desarrollo
1d911bffb,data/raw_petfinder/train_images/1d911bffb-1.jpg,test,Mixed Breed,Mixed Breed,0.7534576804076256,1,Alto,Test fuera de muestra
b968b85c1,data/raw_petfinder/train_images/b968b85c1-1.jpg,test,Mixed Breed,Rottweiler,0.3632957718223102,0,Bajo,Test fuera de muestra
6cbbe5cd9,data/raw_petfinder/train_images/6cbbe5cd9-1.jpg,test,Mixed Breed,,0.8249139537797139,1,Alto,Test fuera de muestra
d29627289,data/raw_petfinder/train_images/d29627289-1.jpg,train,Mixed Breed,,0.6464527926965613,1,Alto,OOF desarrollo
c2b92d7a0,data/raw_petfinder/train_images/c2b92d7a0-1.jpg,train,Mixed Breed,,0.73112398811052,1,Alto,OOF desarrollo
48cb3c66a,data/raw_petfinder/train_images/48cb3c66a-1.jpg,train,Mixed Breed,,0.4528851439698008,1,Bajo,OOF desarrollo
1cfc647dc,data/raw_petfinder/train_images/1cfc647dc-1.jpg,train,Cocker Spaniel,,0.3560928091330066,0,Bajo,OOF desarrollo
61338b2e9,data/raw_petfinder/train_images/61338b2e9-1.jpg,test,Mixed Breed,,0.6615031189082012,1,Alto,Test fuera de muestra
429017e9a,data/raw_petfinder/train_images/429017e9a-1.jpg,train,Doberman Pinscher,Mixed Breed,0.5127016218045884,1,Medio,OOF desarrollo
bc4f18ced,data/raw_petfinder/train_images/bc4f18ced-1.jpg,test,Mixed Breed,Mixed Breed,0.4378703946888,1,Bajo,Test fuera de muestra
a1a9e48a6,data/raw_petfinder/train_images/a1a9e48a6-1.jpg,train,Mixed Breed,,0.3244465238321571,0,Bajo,OOF desarrollo
7133c0c97,data/raw_petfinder/train_images/7133c0c97-1.jpg,train,Mixed Breed,,0.5274590527039964,1,Medio,OOF desarrollo
86629a3ee,data/raw_petfinder/train_images/86629a3ee-1.jpg,train,Mixed Breed,,0.6780131144017478,1,Alto,OOF desarrollo
b9f90bdfe,data/raw_petfinder/train_images/b9f90bdfe-1.jpg,train,Mixed Breed,,0.8186625166662325,1,Alto,OOF desarrollo
7595f467b,data/raw_petfinder/train_images/7595f467b-1.jpg,train,Mixed Breed,Mixed Breed,0.7582486967930782,1,Alto,OOF desarrollo
192303603,data/raw_petfinder/train_images/192303603-1.jpg,train,Poodle,,0.385183772087932,0,Bajo,OOF desarrollo
45f8df95e,data/raw_petfinder/train_images/45f8df95e-1.jpg,test,Mixed Breed,,0.4875014589537889,1,Medio,Test fuera de muestra
ed9885dcd,data/raw_petfinder/train_images/ed9885dcd-1.jpg,train,Schnauzer,,0.643860585780071,1,Alto,OOF desarrollo
c5b5d2650,data/raw_petfinder/train_images/c5b5d2650-1.jpg,valid,Mixed Breed,,0.6976071088511515,1,Alto,OOF desarrollo
12653b9bc,data/raw_petfinder/train_images/12653b9bc-1.jpg,train,Mixed Breed,,0.2823266706805848,0,Bajo,OOF desarrollo
bcf657071,data/raw_petfinder/train_images/bcf657071-1.jpg,train,Mixed Breed,,0.8088159667432433,1,Alto,OOF desarrollo
314e041cc,data/raw_petfinder/train_images/314e041cc-1.jpg,train,Mixed Breed,,0.321280818613091,0,Bajo,OOF desarrollo
0fae8116c,data/raw_petfinder/train_images/0fae8116c-1.jpg,train,Mixed Breed,Mixed Breed,0.6410057188415055,1,Alto,OOF desarrollo
ea4c18b67,data/raw_petfinder/train_images/ea4c18b67-1.jpg,train,Mixed Breed,,0.486551569467082,1,Medio,OOF desarrollo
ba04f3e21,data/raw_petfinder/train_images/ba04f3e21-1.jpg,train,Mixed Breed,Mixed Breed,0.5241975547530731,1,Medio,OOF desarrollo
a0fd5da22,data/raw_petfinder/train_images/a0fd5da22-1.jpg,train,Mixed Breed,,0.594171605735929,1,Medio,OOF desarrollo
3821d75e9,data/raw_petfinder/train_images/3821d75e9-1.jpg,train,Mixed Breed,Mixed Breed,0.5565310085951815,1,Medio,OOF desarrollo
20f05426f,data/raw_petfinder/train_images/20f05426f-1.jpg,valid,Mixed Breed,,0.5366241269097656,1,Medio,OOF desarrollo
bac34e381,data/raw_petfinder/train_images/bac34e381-1.jpg,train,Mixed Breed,,0.4713926611333036,1,Medio,OOF desarrollo
c4ff3b712,data/raw_petfinder/train_images/c4ff3b712-1.jpg,train,English Pointer,Mixed Breed,0.4789683559209679,1,Medio,OOF desarrollo
063521459,data/raw_petfinder/train_images/063521459-1.jpg,train,Belgian Shepherd Malinois,Mixed Breed,0.4616941299602813,1,Medio,OOF desarrollo
0e1a54250,data/raw_petfinder/train_images/0e1a54250-1.jpg,train,Mixed Breed,,0.679755915904002,1,Alto,OOF desarrollo
ce768b010,data/raw_petfinder/train_images/ce768b010-1.jpg,train,Mixed Breed,Mixed Breed,0.4148603653036029,1,Bajo,OOF desarrollo
619dcb4e6,data/raw_petfinder/train_images/619dcb4e6-1.jpg,train,Mixed Breed,,0.6762139185243295,1,Alto,OOF desarrollo
e4dd90768,data/raw_petfinder/train_images/e4dd90768-1.jpg,train,Mixed Breed,,0.3507136611092564,0,Bajo,OOF desarrollo
10e1cbfdd,data/raw_petfinder/train_images/10e1cbfdd-1.jpg,train,Mixed Breed,,0.5873639199708445,1,Medio,OOF desarrollo
49d1423d5,data/raw_petfinder/train_images/49d1423d5-1.jpg,train,Doberman Pinscher,Labrador Retriever,0.4381675311042822,1,Bajo,OOF desarrollo
01e6a888d,data/raw_petfinder/train_images/01e6a888d-1.jpg,test,Mixed Breed,,0.5199881848936398,1,Medio,Test fuera de muestra
b414c5dd9,data/raw_petfinder/train_images/b414c5dd9-1.jpg,train,Mixed Breed,Mixed Breed,0.2881833253048504,0,Bajo,OOF desarrollo
79f358573,data/raw_petfinder/train_images/79f358573-1.jpg,valid,Japanese Chin,Mixed Breed,0.5967547046106058,1,Medio,OOF desarrollo
9c714104f,data/raw_petfinder/train_images/9c714104f-1.jpg,test,Mixed Breed,,0.6474648752385423,1,Alto,Test fuera de muestra
ba030cdba,data/raw_petfinder/train_images/ba030cdba-1.jpg,train,Mixed Breed,,0.5074502056285406,1,Medio,OOF desarrollo
c457ca802,data/raw_petfinder/train_images/c457ca802-1.jpg,valid,Mixed Breed,,0.6589809517454512,1,Alto,OOF desarrollo
8a9bdc274,data/raw_petfinder/train_images/8a9bdc274-1.jpg,test,Mixed Breed,,0.6343778268585218,1,Alto,Test fuera de muestra
f8710e158,data/raw_petfinder/train_images/f8710e158-1.jpg,train,Mixed Breed,,0.6174899590687444,1,Alto,OOF desarrollo
eddc2e2ae,data/raw_petfinder/train_images/eddc2e2ae-1.jpg,valid,Poodle,Schnauzer,0.4135804063887832,1,Bajo,OOF desarrollo
d5cbed556,data/raw_petfinder/train_images/d5cbed556-1.jpg,valid,Mixed Breed,,0.6102650914233662,1,Alto,OOF desarrollo
0e8887c13,data/raw_petfinder/train_images/0e8887c13-1.jpg,valid,Mixed Breed,,0.5319316711259899,1,Medio,OOF desarrollo
5c1fa6bd2,data/raw_petfinder/train_images/5c1fa6bd2-1.jpg,test,Mixed Breed,Doberman Pinscher,0.747762954329021,1,Alto,Test fuera de muestra
b2676e6b1,data/raw_petfinder/train_images/b2676e6b1-1.jpg,train,Jack Russell Terrier,Mixed Breed,0.5180628508118561,1,Medio,OOF desarrollo
8f90bba4c,data/raw_petfinder/train_images/8f90bba4c-1.jpg,train,Mixed Breed,German Shepherd Dog,0.4573517706060978,1,Bajo,OOF desarrollo
0cf709a59,data/raw_petfinder/train_images/0cf709a59-1.jpg,train,Mixed Breed,,0.7024147756202956,1,Alto,OOF desarrollo
573f877f8,data/raw_petfinder/train_images/573f877f8-1.jpg,train,Poodle,,0.4432368259123608,1,Bajo,OOF desarrollo
02f89bdcb,data/raw_petfinder/train_images/02f89bdcb-1.jpg,train,Labrador Retriever,,0.447403160981164,1,Bajo,OOF desarrollo
0c281122e,data/raw_petfinder/train_images/0c281122e-1.jpg,train,Dachshund,Husky,0.6309260944426716,1,Alto,OOF desarrollo
511b4a044,data/raw_petfinder/train_images/511b4a044-1.jpg,valid,Mixed Breed,,0.6657230612680602,1,Alto,OOF desarrollo
9b7179c65,data/raw_petfinder/train_images/9b7179c65-1.jpg,valid,Mixed Breed,Mixed Breed,0.4034299388391134,1,Bajo,OOF desarrollo
61e477c0a,data/raw_petfinder/train_images/61e477c0a-1.jpg,test,Mixed Breed,,0.5246106099740744,1,Medio,Test fuera de muestra
6d67ee4d1,data/raw_petfinder/train_images/6d67ee4d1-1.jpg,test,Mixed Breed,,0.5164633620396872,1,Medio,Test fuera de muestra
c659e8a32,data/raw_petfinder/train_images/c659e8a32-1.jpg,test,Terrier,Mixed Breed,0.4724271599639317,1,Medio,Test fuera de muestra
2401dd6df,data/raw_petfinder/train_images/2401dd6df-1.jpg,train,Mixed Breed,Mixed Breed,0.4575536447287336,1,Bajo,OOF desarrollo
becd6c70d,data/raw_petfinder/train_images/becd6c70d-1.jpg,train,Mixed Breed,Mixed Breed,0.5750931325082151,1,Medio,OOF desarrollo
4b2aa880a,data/raw_petfinder/train_images/4b2aa880a-1.jpg,train,Mixed Breed,Golden Retriever,0.556831234200548,1,Medio,OOF desarrollo
f51667d46,data/raw_petfinder/train_images/f51667d46-1.jpg,test,Doberman Pinscher,Mixed Breed,0.611924610673424,1,Alto,Test fuera de muestra
68838474a,data/raw_petfinder/train_images/68838474a-1.jpg,train,Mixed Breed,,0.5211852553725321,1,Medio,OOF desarrollo
3745aa22f,data/raw_petfinder/train_images/3745aa22f-1.jpg,test,Mixed Breed,,0.6652013691755916,1,Alto,Test fuera de muestra
548df7912,data/raw_petfinder/train_images/548df7912-1.jpg,test,Spitz,Mixed Breed,0.4949406755179552,1,Medio,Test fuera de muestra
f246dec63,data/raw_petfinder/train_images/f246dec63-1.jpg,train,Mixed Breed,,0.8455329414403303,1,Alto,OOF desarrollo
6a546bfb7,data/raw_petfinder/train_images/6a546bfb7-1.jpg,train,Mixed Breed,Mixed Breed,0.6257515030159184,1,Alto,OOF desarrollo
99859bab7,data/raw_petfinder/train_images/99859bab7-1.jpg,valid,Mixed Breed,,0.5526384089582175,1,Medio,OOF desarrollo
5d02f91fc,data/raw_petfinder/train_images/5d02f91fc-1.jpg,train,Rottweiler,Boxer,0.3879290139764679,0,Bajo,OOF desarrollo
c87651546,data/raw_petfinder/train_images/c87651546-1.jpg,test,Mixed Breed,,0.7275262989199456,1,Alto,Test fuera de muestra
75bc667ae,data/raw_petfinder/train_images/75bc667ae-1.jpg,train,Mixed Breed,,0.3642692643353404,0,Bajo,OOF desarrollo
b1021dc35,data/raw_petfinder/train_images/b1021dc35-1.jpg,test,Dachshund,Mixed Breed,0.5008264868794654,1,Medio,Test fuera de muestra
c042fa2d5,data/raw_petfinder/train_images/c042fa2d5-1.jpg,train,Mixed Breed,,0.3623140176090823,0,Bajo,OOF desarrollo
f45b98b4f,data/raw_petfinder/train_images/f45b98b4f-1.jpg,train,Labrador Retriever,,0.529178271005223,1,Medio,OOF desarrollo
4c04c9cba,data/raw_petfinder/train_images/4c04c9cba-1.jpg,train,Mixed Breed,,0.5911107681993235,1,Medio,OOF desarrollo
e3f28534a,data/raw_petfinder/train_images/e3f28534a-1.jpg,valid,Mixed Breed,,0.8148313573790358,1,Alto,OOF desarrollo
f0ba86cc6,data/raw_petfinder/train_images/f0ba86cc6-1.jpg,train,Pekingese,,0.330134780988602,0,Bajo,OOF desarrollo
c7c443855,data/raw_petfinder/train_images/c7c443855-1.jpg,valid,Mixed Breed,,0.8002507607606933,1,Alto,OOF desarrollo
257a99aa2,data/raw_petfinder/train_images/257a99aa2-1.jpg,train,Mixed Breed,,0.8004769996987564,1,Alto,OOF desarrollo
94afcd90c,data/raw_petfinder/train_images/94afcd90c-1.jpg,train,Mixed Breed,Mixed Breed,0.5446106100023616,1,Medio,OOF desarrollo
26edfaa28,data/raw_petfinder/train_images/26edfaa28-1.jpg,train,German Shepherd Dog,Golden Retriever,0.3085496773741452,0,Bajo,OOF desarrollo
c1da8c2de,data/raw_petfinder/train_images/c1da8c2de-1.jpg,train,Mixed Breed,Mixed Breed,0.7510510674170908,1,Alto,OOF desarrollo
3a4ce4c6e,data/raw_petfinder/train_images/3a4ce4c6e-1.jpg,test,Poodle,,0.2987705213926498,0,Bajo,Test fuera de muestra
62d822791,data/raw_petfinder/train_images/62d822791-1.jpg,valid,Mixed Breed,,0.3622385549333106,0,Bajo,OOF desarrollo
a9294a9ea,data/raw_petfinder/train_images/a9294a9ea-1.jpg,test,German Shepherd Dog,,0.3465475936534227,0,Bajo,Test fuera de muestra
a97a679b0,data/raw_petfinder/train_images/a97a679b0-1.jpg,train,Mixed Breed,,0.7994856408641754,1,Alto,OOF desarrollo
fb9833d4b,data/raw_petfinder/train_images/fb9833d4b-1.jpg,train,Mixed Breed,,0.4577199260040314,1,Bajo,OOF desarrollo
c29a364bc,data/raw_petfinder/train_images/c29a364bc-1.jpg,test,Mixed Breed,Mixed Breed,0.5631890883388475,1,Medio,Test fuera de muestra
6cc070892,data/raw_petfinder/train_images/6cc070892-1.jpg,train,Poodle,Poodle,0.495707356808885,1,Medio,OOF desarrollo
6e61a7b46,data/raw_petfinder/train_images/6e61a7b46-1.jpg,train,Mixed Breed,,0.4506507861545735,1,Bajo,OOF desarrollo
fc0952bea,data/raw_petfinder/train_images/fc0952bea-1.jpg,train,Mixed Breed,,0.7423884786887257,1,Alto,OOF desarrollo
dbfc5a778,data/raw_petfinder/train_images/dbfc5a778-1.jpg,test,Mixed Breed,,0.4405741451432141,1,Bajo,Test fuera de muestra
06666dc09,data/raw_petfinder/train_images/06666dc09-1.jpg,train,Mixed Breed,Golden Retriever,0.6105757612151437,1,Alto,OOF desarrollo
31353ed83,data/raw_petfinder/train_images/31353ed83-1.jpg,valid,Siberian Husky,German Shepherd Dog,0.3470914893331712,0,Bajo,OOF desarrollo
d605fa35d,data/raw_petfinder/train_images/d605fa35d-1.jpg,train,Mixed Breed,,0.580036288642156,1,Medio,OOF desarrollo
e5155cda1,data/raw_petfinder/train_images/e5155cda1-1.jpg,valid,Mixed Breed,,0.3714975438050699,0,Bajo,OOF desarrollo
cde0d8e8e,data/raw_petfinder/train_images/cde0d8e8e-1.jpg,train,Mixed Breed,Mixed Breed,0.8296570301703673,1,Alto,OOF desarrollo
6b7f2c603,data/raw_petfinder/train_images/6b7f2c603-1.jpg,train,Mixed Breed,,0.4103052964336722,1,Bajo,OOF desarrollo
095314294,data/raw_petfinder/train_images/095314294-1.jpg,train,Mixed Breed,,0.525928623573809,1,Medio,OOF desarrollo
49a867af7,data/raw_petfinder/train_images/49a867af7-1.jpg,test,Mixed Breed,Mixed Breed,0.560992784885268,1,Medio,Test fuera de muestra
1712ba40e,data/raw_petfinder/train_images/1712ba40e-1.jpg,train,Chihuahua,,0.3939993054181617,1,Bajo,OOF desarrollo
610ece7bd,data/raw_petfinder/train_images/610ece7bd-1.jpg,train,Mixed Breed,,0.4362283933686824,1,Bajo,OOF desarrollo
9da5c9d23,data/raw_petfinder/train_images/9da5c9d23-1.jpg,test,Golden Retriever,,0.3971522756932262,1,Bajo,Test fuera de muestra
30aa1059a,data/raw_petfinder/train_images/30aa1059a-1.jpg,train,Labrador Retriever,,0.3745721370707336,0,Bajo,OOF desarrollo
ef7bdaf3a,data/raw_petfinder/train_images/ef7bdaf3a-1.jpg,train,Labrador Retriever,Harrier,0.4572139009128684,1,Bajo,OOF desarrollo
f1775b51b,data/raw_petfinder/train_images/f1775b51b-1.jpg,train,Mixed Breed,,0.473401620434621,1,Medio,OOF desarrollo
2a2b95086,data/raw_petfinder/train_images/2a2b95086-1.jpg,test,Mixed Breed,Mixed Breed,0.3901406191494487,1,Bajo,Test fuera de muestra
67db5accd,data/raw_petfinder/train_images/67db5accd-1.jpg,train,Cocker Spaniel,,0.4487747665821808,1,Bajo,OOF desarrollo
c001473a1,data/raw_petfinder/train_images/c001473a1-1.jpg,test,Mixed Breed,,0.5781490349908651,1,Medio,Test fuera de muestra
4910ac042,data/raw_petfinder/train_images/4910ac042-1.jpg,test,Mixed Breed,,0.3634177858140258,0,Bajo,Test fuera de muestra
92b6acf73,data/raw_petfinder/train_images/92b6acf73-1.jpg,test,Golden Retriever,,0.3084251422180001,0,Bajo,Test fuera de muestra
7e3607e1f,data/raw_petfinder/train_images/7e3607e1f-1.jpg,train,Poodle,,0.254579837684285,0,Bajo,OOF desarrollo
5893f7a9e,data/raw_petfinder/train_images/5893f7a9e-1.jpg,train,Mixed Breed,,0.8320686860372151,1,Alto,OOF desarrollo
3dc98128b,data/raw_petfinder/train_images/3dc98128b-1.jpg,train,Mixed Breed,,0.4500509025901562,1,Bajo,OOF desarrollo
8a302ccba,data/raw_petfinder/train_images/8a302ccba-1.jpg,test,Mixed Breed,,0.7471201322634194,1,Alto,Test fuera de muestra
a0f76e19b,data/raw_petfinder/train_images/a0f76e19b-1.jpg,valid,Mixed Breed,Mixed Breed,0.7000678195498875,1,Alto,OOF desarrollo
edb154f1c,data/raw_petfinder/train_images/edb154f1c-1.jpg,train,Mixed Breed,,0.6679863958914549,1,Alto,OOF desarrollo
0dff88b6f,data/raw_petfinder/train_images/0dff88b6f-1.jpg,train,Mixed Breed,,0.3996835538296897,1,Bajo,OOF desarrollo
6f18704f7,data/raw_petfinder/train_images/6f18704f7-1.jpg,train,Mixed Breed,Labrador Retriever,0.424836070594492,1,Bajo,OOF desarrollo
093cce3a1,data/raw_petfinder/train_images/093cce3a1-1.jpg,train,Mixed Breed,,0.4827337435269103,1,Medio,OOF desarrollo
aa91c3400,data/raw_petfinder/train_images/aa91c3400-1.jpg,train,Mixed Breed,,0.4004724388257572,1,Bajo,OOF desarrollo
e86af84c5,data/raw_petfinder/train_images/e86af84c5-1.jpg,train,Mixed Breed,,0.5223868112862454,1,Medio,OOF desarrollo
77a6f71e8,data/raw_petfinder/train_images/77a6f71e8-1.jpg,train,Poodle,,0.3234997321405312,0,Bajo,OOF desarrollo
2885ade43,data/raw_petfinder/train_images/2885ade43-1.jpg,train,Mixed Breed,Golden Retriever,0.7767975809321883,1,Alto,OOF desarrollo
5d3289417,data/raw_petfinder/train_images/5d3289417-1.jpg,train,Mixed Breed,,0.4851282000433233,1,Medio,OOF desarrollo
75b726ba0,data/raw_petfinder/train_images/75b726ba0-1.jpg,train,Rhodesian Ridgeback,Rottweiler,0.1621353710689089,0,Bajo,OOF desarrollo
39ba962ef,data/raw_petfinder/train_images/39ba962ef-1.jpg,train,Mixed Breed,,0.4470574155232251,1,Bajo,OOF desarrollo
31eb7b312,data/raw_petfinder/train_images/31eb7b312-1.jpg,train,Mixed Breed,Mixed Breed,0.3368105980737295,0,Bajo,OOF desarrollo
171113c99,data/raw_petfinder/train_images/171113c99-1.jpg,train,Shepherd,Mixed Breed,0.3166204316445853,0,Bajo,OOF desarrollo
acfbc9b71,data/raw_petfinder/train_images/acfbc9b71-1.jpg,train,German Shepherd Dog,Mixed Breed,0.4089569995105998,1,Bajo,OOF desarrollo
fa3df8921,data/raw_petfinder/train_images/fa3df8921-1.jpg,valid,Mixed Breed,,0.5679374177417598,1,Medio,OOF desarrollo
c491ec026,data/raw_petfinder/train_images/c491ec026-1.jpg,test,Mixed Breed,Mixed Breed,0.6761425179648712,1,Alto,Test fuera de muestra
f5819a31d,data/raw_petfinder/train_images/f5819a31d-1.jpg,train,Mixed Breed,,0.3960306645009595,1,Bajo,OOF desarrollo
2abfa66d6,data/raw_petfinder/train_images/2abfa66d6-1.jpg,valid,Mixed Breed,,0.7602954950277409,1,Alto,OOF desarrollo
c99e3a906,data/raw_petfinder/train_images/c99e3a906-1.jpg,train,Mixed Breed,,0.7366502499905603,1,Alto,OOF desarrollo
44d722701,data/raw_petfinder/train_images/44d722701-1.jpg,train,Mixed Breed,,0.7010051578655114,1,Alto,OOF desarrollo
3ae326dba,data/raw_petfinder/train_images/3ae326dba-1.jpg,train,Mixed Breed,Mixed Breed,0.5063302582715012,1,Medio,OOF desarrollo
8f1ccbc6f,data/raw_petfinder/train_images/8f1ccbc6f-1.jpg,valid,Mixed Breed,Mixed Breed,0.8081955748489391,1,Alto,OOF desarrollo
03aae5768,data/raw_petfinder/train_images/03aae5768-1.jpg,train,Mixed Breed,,0.8146663600178323,1,Alto,OOF desarrollo
ceec02726,data/raw_petfinder/train_images/ceec02726-1.jpg,train,Mixed Breed,,0.5000914257796907,1,Medio,OOF desarrollo
b2876d101,data/raw_petfinder/train_images/b2876d101-1.jpg,valid,Mixed Breed,,0.8255916133724176,1,Alto,OOF desarrollo
44f048354,data/raw_petfinder/train_images/44f048354-1.jpg,train,Mixed Breed,,0.3916774218882717,1,Bajo,OOF desarrollo
dce0ccf91,data/raw_petfinder/train_images/dce0ccf91-1.jpg,valid,Mixed Breed,,0.6642371458016779,1,Alto,OOF desarrollo
ab2c124e7,data/raw_petfinder/train_images/ab2c124e7-1.jpg,valid,Mixed Breed,,0.7914016556513478,1,Alto,OOF desarrollo
8de170932,data/raw_petfinder/train_images/8de170932-1.jpg,train,Mixed Breed,Mixed Breed,0.7845228317033894,1,Alto,OOF desarrollo
44965fd2c,data/raw_petfinder/train_images/44965fd2c-1.jpg,test,Mixed Breed,Mixed Breed,0.5220984220273068,1,Medio,Test fuera de muestra
dd074b8ba,data/raw_petfinder/train_images/dd074b8ba-1.jpg,train,Shih Tzu,,0.2832683753850152,0,Bajo,OOF desarrollo
5e10e3f87,data/raw_petfinder/train_images/5e10e3f87-1.jpg,train,Mixed Breed,,0.8602845998703093,1,Alto,OOF desarrollo
3cbe65e9a,data/raw_petfinder/train_images/3cbe65e9a-1.jpg,train,Chihuahua,,0.300999047657226,0,Bajo,OOF desarrollo
e6ff63097,data/raw_petfinder/train_images/e6ff63097-1.jpg,test,Mixed Breed,,0.2435859426905625,0,Bajo,Test fuera de muestra
060d1de98,data/raw_petfinder/train_images/060d1de98-1.jpg,test,Mixed Breed,,0.7610769097569705,1,Alto,Test fuera de muestra
33a9dff78,data/raw_petfinder/train_images/33a9dff78-1.jpg,train,Mixed Breed,,0.5187956586070978,1,Medio,OOF desarrollo
da9d78f91,data/raw_petfinder/train_images/da9d78f91-1.jpg,valid,Mixed Breed,,0.4312827919242855,1,Bajo,OOF desarrollo
ce0412bad,data/raw_petfinder/train_images/ce0412bad-1.jpg,train,Shih Tzu,,0.3940765036388052,1,Bajo,OOF desarrollo
a7560614d,data/raw_petfinder/train_images/a7560614d-1.jpg,train,Mixed Breed,,0.4992531090661549,1,Medio,OOF desarrollo
2ddad75c0,data/raw_petfinder/train_images/2ddad75c0-1.jpg,valid,Mixed Breed,Chihuahua,0.4639561019266839,1,Medio,OOF desarrollo
7d25ac957,data/raw_petfinder/train_images/7d25ac957-1.jpg,valid,Dachshund,,0.5636734645252302,1,Medio,OOF desarrollo
7413a61ae,data/raw_petfinder/train_images/7413a61ae-1.jpg,train,Mixed Breed,,0.662668812610113,1,Alto,OOF desarrollo
e7da5a824,data/raw_petfinder/train_images/e7da5a824-1.jpg,valid,Mixed Breed,,0.5794624608080594,1,Medio,OOF desarrollo
8421c66e6,data/raw_petfinder/train_images/8421c66e6-1.jpg,train,Mixed Breed,,0.3303930629657099,0,Bajo,OOF desarrollo
074d26284,data/raw_petfinder/train_images/074d26284-1.jpg,test,Mixed Breed,Mixed Breed,0.500107004606317,1,Medio,Test fuera de muestra
23b64fe21,data/raw_petfinder/train_images/23b64fe21-1.jpg,valid,Mixed Breed,Mixed Breed,0.4565108856990726,1,Bajo,OOF desarrollo
0aa2ce4a9,data/raw_petfinder/train_images/0aa2ce4a9-1.jpg,test,Mixed Breed,,0.7827670740636337,1,Alto,Test fuera de muestra
9725fc542,data/raw_petfinder/train_images/9725fc542-1.jpg,train,Mixed Breed,,0.4621954725631381,1,Medio,OOF desarrollo
656246ceb,data/raw_petfinder/train_images/656246ceb-1.jpg,valid,Mixed Breed,,0.7777668953091899,1,Alto,OOF desarrollo
7f352f8dc,data/raw_petfinder/train_images/7f352f8dc-1.jpg,test,Shih Tzu,,0.2951182503133799,0,Bajo,Test fuera de muestra
dcd8e75d3,data/raw_petfinder/train_images/dcd8e75d3-1.jpg,valid,Mixed Breed,,0.3711410864497544,0,Bajo,OOF desarrollo
a2656874e,data/raw_petfinder/train_images/a2656874e-1.jpg,train,Mixed Breed,,0.6379554836602512,1,Alto,OOF desarrollo
fef340804,data/raw_petfinder/train_images/fef340804-1.jpg,train,Mixed Breed,Husky,0.5737894660131879,1,Medio,OOF desarrollo
afa1e2afb,data/raw_petfinder/train_images/afa1e2afb-1.jpg,valid,Terrier,Mixed Breed,0.510551820449088,1,Medio,OOF desarrollo
d574448ee,data/raw_petfinder/train_images/d574448ee-1.jpg,train,Mixed Breed,,0.756762906953641,1,Alto,OOF desarrollo
0306e85dd,data/raw_petfinder/train_images/0306e85dd-1.jpg,train,Mixed Breed,,0.771776232596848,1,Alto,OOF desarrollo
3ff737b0e,data/raw_petfinder/train_images/3ff737b0e-1.jpg,train,Mixed Breed,Mixed Breed,0.4126534602405003,1,Bajo,OOF desarrollo
fc2925be3,data/raw_petfinder/train_images/fc2925be3-1.jpg,test,Mixed Breed,,0.5436416520239572,1,Medio,Test fuera de muestra
ecf521843,data/raw_petfinder/train_images/ecf521843-1.jpg,train,Mixed Breed,,0.668635339211296,1,Alto,OOF desarrollo
736b228b9,data/raw_petfinder/train_images/736b228b9-1.jpg,train,Mixed Breed,,0.457995848968327,1,Bajo,OOF desarrollo
375a0eb3c,data/raw_petfinder/train_images/375a0eb3c-1.jpg,test,Mixed Breed,,0.754699622912103,1,Alto,Test fuera de muestra
ca659fd81,data/raw_petfinder/train_images/ca659fd81-1.jpg,train,Mixed Breed,Mixed Breed,0.6054724233956821,1,Alto,OOF desarrollo
ac8fa1b6c,data/raw_petfinder/train_images/ac8fa1b6c-1.jpg,test,Mixed Breed,Mixed Breed,0.5508683973882049,1,Medio,Test fuera de muestra
82f95b703,data/raw_petfinder/train_images/82f95b703-1.jpg,train,Mixed Breed,Mixed Breed,0.5342939805006511,1,Medio,OOF desarrollo
780dff088,data/raw_petfinder/train_images/780dff088-1.jpg,valid,Mixed Breed,Mixed Breed,0.7562021296961111,1,Alto,OOF desarrollo
352ba3335,data/raw_petfinder/train_images/352ba3335-1.jpg,train,Mixed Breed,,0.4709576240809151,1,Medio,OOF desarrollo
e3e66cb5a,data/raw_petfinder/train_images/e3e66cb5a-1.jpg,valid,Yellow Labrador Retriever,Mixed Breed,0.3704875223559264,0,Bajo,OOF desarrollo
40156a896,data/raw_petfinder/train_images/40156a896-1.jpg,valid,Mixed Breed,,0.5266165572020406,1,Medio,OOF desarrollo
76a045292,data/raw_petfinder/train_images/76a045292-1.jpg,train,Mixed Breed,,0.5470443021698262,1,Medio,OOF desarrollo
0c5d5968b,data/raw_petfinder/train_images/0c5d5968b-1.jpg,test,Mixed Breed,,0.5158602157622053,1,Medio,Test fuera de muestra
8d970238d,data/raw_petfinder/train_images/8d970238d-1.jpg,train,Mixed Breed,,0.4976277503803002,1,Medio,OOF desarrollo
41e4cc1de,data/raw_petfinder/train_images/41e4cc1de-1.jpg,test,Mixed Breed,,0.4000346763214251,1,Bajo,Test fuera de muestra
7811bdd84,data/raw_petfinder/train_images/7811bdd84-1.jpg,train,Mixed Breed,Mixed Breed,0.4566346573638815,1,Bajo,OOF desarrollo
cdf5760e8,data/raw_petfinder/train_images/cdf5760e8-1.jpg,train,Mixed Breed,,0.603497668980896,1,Medio,OOF desarrollo
57dcbe4c9,data/raw_petfinder/train_images/57dcbe4c9-1.jpg,train,Mixed Breed,,0.6440282862895673,1,Alto,OOF desarrollo
7c82670f8,data/raw_petfinder/train_images/7c82670f8-1.jpg,valid,Poodle,,0.2253048428460318,0,Bajo,OOF desarrollo
9702a20bb,data/raw_petfinder/train_images/9702a20bb-1.jpg,valid,Mixed Breed,Mixed Breed,0.8135183399156479,1,Alto,OOF desarrollo
8b5a5458e,data/raw_petfinder/train_images/8b5a5458e-1.jpg,test,Rottweiler,,0.5641730721167206,1,Medio,Test fuera de muestra
152880177,data/raw_petfinder/train_images/152880177-1.jpg,train,Mixed Breed,,0.6563253288702637,1,Alto,OOF desarrollo
fabc9bfec,data/raw_petfinder/train_images/fabc9bfec-1.jpg,train,Mixed Breed,,0.4603348353092406,1,Medio,OOF desarrollo
379d5e10d,data/raw_petfinder/train_images/379d5e10d-1.jpg,train,Mixed Breed,,0.8132093805195207,1,Alto,OOF desarrollo
ed08c717d,data/raw_petfinder/train_images/ed08c717d-1.jpg,test,Labrador Retriever,,0.4225120855267977,1,Bajo,Test fuera de muestra
4df0d1886,data/raw_petfinder/train_images/4df0d1886-1.jpg,train,Mixed Breed,,0.8198605075261209,1,Alto,OOF desarrollo
9a719040f,data/raw_petfinder/train_images/9a719040f-1.jpg,test,Mixed Breed,,0.5630827546965114,1,Medio,Test fuera de muestra
881aefbb9,data/raw_petfinder/train_images/881aefbb9-1.jpg,train,Mixed Breed,,0.492125700379819,1,Medio,OOF desarrollo
126cfd595,data/raw_petfinder/train_images/126cfd595-1.jpg,train,Mixed Breed,,0.3729143608009442,0,Bajo,OOF desarrollo
c6e25d716,data/raw_petfinder/train_images/c6e25d716-1.jpg,train,Mixed Breed,,0.7169721629681786,1,Alto,OOF desarrollo
991c722c1,data/raw_petfinder/train_images/991c722c1-1.jpg,train,Mixed Breed,,0.5309210116767167,1,Medio,OOF desarrollo
ddc2e31c0,data/raw_petfinder/train_images/ddc2e31c0-1.jpg,valid,Mixed Breed,,0.486108335825166,1,Medio,OOF desarrollo
d9c6517ae,data/raw_petfinder/train_images/d9c6517ae-1.jpg,train,Mixed Breed,,0.5617246888479663,1,Medio,OOF desarrollo
3b2a0338e,data/raw_petfinder/train_images/3b2a0338e-1.jpg,train,Shih Tzu,,0.4220077584368568,1,Bajo,OOF desarrollo
84efe95e8,data/raw_petfinder/train_images/84efe95e8-1.jpg,test,Mixed Breed,,0.6896697521664921,1,Alto,Test fuera de muestra
8d047d078,data/raw_petfinder/train_images/8d047d078-1.jpg,valid,Lowchen,,0.5906156110875899,1,Medio,OOF desarrollo
2f0abd493,data/raw_petfinder/train_images/2f0abd493-1.jpg,train,Jack Russell Terrier,Mixed Breed,0.5260999161093531,1,Medio,OOF desarrollo
3eaa698d3,data/raw_petfinder/train_images/3eaa698d3-1.jpg,valid,Mixed Breed,,0.6780534803709797,1,Alto,OOF desarrollo
9cf90beff,data/raw_petfinder/train_images/9cf90beff-1.jpg,train,Mixed Breed,Mixed Breed,0.2888519354956521,0,Bajo,OOF desarrollo
4eae8cc31,data/raw_petfinder/train_images/4eae8cc31-1.jpg,train,Chow Chow,,0.4746750529854733,1,Medio,OOF desarrollo
9c777bb01,data/raw_petfinder/train_images/9c777bb01-1.jpg,train,Mixed Breed,,0.6348599248941704,1,Alto,OOF desarrollo
66a287bdf,data/raw_petfinder/train_images/66a287bdf-1.jpg,train,Mixed Breed,,0.5312265508977658,1,Medio,OOF desarrollo
5510ac89a,data/raw_petfinder/train_images/5510ac89a-1.jpg,train,Mixed Breed,Mixed Breed,0.61408138361113,1,Alto,OOF desarrollo
fc0b0843c,data/raw_petfinder/train_images/fc0b0843c-1.jpg,train,Mixed Breed,Mixed Breed,0.5070180587972313,1,Medio,OOF desarrollo
e1d86f0b6,data/raw_petfinder/train_images/e1d86f0b6-1.jpg,test,Mixed Breed,Maltese,0.6979613709862169,1,Alto,Test fuera de muestra
41ee5af3c,data/raw_petfinder/train_images/41ee5af3c-1.jpg,train,Poodle,,0.2656766100149468,0,Bajo,OOF desarrollo
062f73a4b,data/raw_petfinder/train_images/062f73a4b-1.jpg,valid,Beagle,Beagle,0.3861760581415094,0,Bajo,OOF desarrollo
0ea0beb3c,data/raw_petfinder/train_images/0ea0beb3c-1.jpg,train,Mixed Breed,,0.4201260908974492,1,Bajo,OOF desarrollo
106f7b51d,data/raw_petfinder/train_images/106f7b51d-1.jpg,test,Mixed Breed,,0.3864333176015351,0,Bajo,Test fuera de muestra
87a3ef269,data/raw_petfinder/train_images/87a3ef269-1.jpg,train,Rottweiler,,0.318060555682274,0,Bajo,OOF desarrollo
bd4404a60,data/raw_petfinder/train_images/bd4404a60-1.jpg,train,Mixed Breed,,0.6792136026762499,1,Alto,OOF desarrollo
c7cfbc8e9,data/raw_petfinder/train_images/c7cfbc8e9-1.jpg,valid,Mixed Breed,,0.447831707704434,1,Bajo,OOF desarrollo
31653bea0,data/raw_petfinder/train_images/31653bea0-1.jpg,train,Jack Russell Terrier,,0.5559130925845812,1,Medio,OOF desarrollo
14cbb81c8,data/raw_petfinder/train_images/14cbb81c8-1.jpg,train,Siberian Husky,Golden Retriever,0.4765833999274916,1,Medio,OOF desarrollo
843d24f0a,data/raw_petfinder/train_images/843d24f0a-1.jpg,train,Mixed Breed,Mixed Breed,0.6225913956667612,1,Alto,OOF desarrollo
53b996932,data/raw_petfinder/train_images/53b996932-1.jpg,train,Mixed Breed,,0.4226286991604235,1,Bajo,OOF desarrollo
979d48d7b,data/raw_petfinder/train_images/979d48d7b-1.jpg,train,Corgi,Mixed Breed,0.6513974332988114,1,Alto,OOF desarrollo
40c204453,data/raw_petfinder/train_images/40c204453-1.jpg,train,Chihuahua,,0.4496731730358976,1,Bajo,OOF desarrollo
1eb7eb47a,data/raw_petfinder/train_images/1eb7eb47a-1.jpg,test,Terrier,Mixed Breed,0.6293607957294951,1,Alto,Test fuera de muestra
4c5db9ed6,data/raw_petfinder/train_images/4c5db9ed6-1.jpg,valid,Mixed Breed,,0.5295264697763844,1,Medio,OOF desarrollo
822b31b85,data/raw_petfinder/train_images/822b31b85-1.jpg,train,Mixed Breed,,0.5420931116847278,1,Medio,OOF desarrollo
84b297843,data/raw_petfinder/train_images/84b297843-1.jpg,valid,Mixed Breed,,0.6098210402096214,1,Alto,OOF desarrollo
26e7f93e8,data/raw_petfinder/train_images/26e7f93e8-1.jpg,test,Mixed Breed,,0.4177582343610654,1,Bajo,Test fuera de muestra
a366ce2a5,data/raw_petfinder/train_images/a366ce2a5-1.jpg,train,Mixed Breed,Mixed Breed,0.801598920222963,1,Alto,OOF desarrollo
92d0ff357,data/raw_petfinder/train_images/92d0ff357-1.jpg,test,Mixed Breed,Mixed Breed,0.3736184609058085,0,Bajo,Test fuera de muestra
dff412d60,data/raw_petfinder/train_images/dff412d60-1.jpg,train,Mixed Breed,,0.8487347444250979,1,Alto,OOF desarrollo
323803a9b,data/raw_petfinder/train_images/323803a9b-1.jpg,train,Mixed Breed,,0.4608394877213413,1,Medio,OOF desarrollo
404eb3b06,data/raw_petfinder/train_images/404eb3b06-1.jpg,train,Mixed Breed,Labrador Retriever,0.2912224908468474,0,Bajo,OOF desarrollo
d1052eb2d,data/raw_petfinder/train_images/d1052eb2d-1.jpg,train,Mixed Breed,,0.5071782592804296,1,Medio,OOF desarrollo
bbab88df0,data/raw_petfinder/train_images/bbab88df0-1.jpg,train,Mixed Breed,,0.4036196177557244,1,Bajo,OOF desarrollo
b39f3f7ad,data/raw_petfinder/train_images/b39f3f7ad-1.jpg,train,Dalmatian,,0.6516527565312668,1,Alto,OOF desarrollo
694653d6a,data/raw_petfinder/train_images/694653d6a-1.jpg,train,Terrier,,0.3327710496099492,0,Bajo,OOF desarrollo
cc22a5abf,data/raw_petfinder/train_images/cc22a5abf-1.jpg,test,Mixed Breed,,0.3823170701630021,0,Bajo,Test fuera de muestra
8c10b6035,data/raw_petfinder/train_images/8c10b6035-1.jpg,train,Mixed Breed,Mixed Breed,0.3244151635768582,0,Bajo,OOF desarrollo
db8a8df8a,data/raw_petfinder/train_images/db8a8df8a-1.jpg,train,Mixed Breed,,0.5967105797463614,1,Medio,OOF desarrollo
4dc593f4e,data/raw_petfinder/train_images/4dc593f4e-1.jpg,test,Mixed Breed,Mixed Breed,0.707323920796635,1,Alto,Test fuera de muestra
420bdee9f,data/raw_petfinder/train_images/420bdee9f-1.jpg,test,Mixed Breed,,0.5512063369580544,1,Medio,Test fuera de muestra
95636a0d9,data/raw_petfinder/train_images/95636a0d9-1.jpg,valid,Mixed Breed,German Shepherd Dog,0.5111701307979828,1,Medio,OOF desarrollo
a8ba4dfa1,data/raw_petfinder/train_images/a8ba4dfa1-1.jpg,train,Mixed Breed,,0.5387918385341868,1,Medio,OOF desarrollo
f29dc8be2,data/raw_petfinder/train_images/f29dc8be2-1.jpg,train,Mixed Breed,,0.4361285349517232,1,Bajo,OOF desarrollo
470fba174,data/raw_petfinder/train_images/470fba174-1.jpg,test,Pomeranian,Shih Tzu,0.4230106629821838,1,Bajo,Test fuera de muestra
56f62a309,data/raw_petfinder/train_images/56f62a309-1.jpg,train,Mixed Breed,,0.893529458191651,1,Alto,OOF desarrollo
9ca5f1891,data/raw_petfinder/train_images/9ca5f1891-1.jpg,train,Mixed Breed,Mixed Breed,0.9003882943526833,1,Alto,OOF desarrollo
adc5ada07,data/raw_petfinder/train_images/adc5ada07-1.jpg,test,Poodle,Poodle,0.3788538202399003,0,Bajo,Test fuera de muestra
769579681,data/raw_petfinder/train_images/769579681-1.jpg,train,Shih Tzu,,0.5914690096331418,1,Medio,OOF desarrollo
77c076881,data/raw_petfinder/train_images/77c076881-1.jpg,train,Mixed Breed,,0.3572919632201592,0,Bajo,OOF desarrollo
7da9d50b1,data/raw_petfinder/train_images/7da9d50b1-1.jpg,train,Mixed Breed,,0.6051373469810215,1,Alto,OOF desarrollo
00af25fc0,data/raw_petfinder/train_images/00af25fc0-1.jpg,train,Mixed Breed,Shar Pei,0.3927647318395553,1,Bajo,OOF desarrollo
804c6c78d,data/raw_petfinder/train_images/804c6c78d-1.jpg,valid,Mixed Breed,,0.7812409125370314,1,Alto,OOF desarrollo
a8b358af2,data/raw_petfinder/train_images/a8b358af2-1.jpg,train,Pekingese,,0.5111117751370593,1,Medio,OOF desarrollo
8e68a9075,data/raw_petfinder/train_images/8e68a9075-1.jpg,train,Mixed Breed,Mixed Breed,0.5142156714030444,1,Medio,OOF desarrollo
79a6cc443,data/raw_petfinder/train_images/79a6cc443-1.jpg,test,Mixed Breed,,0.4551872759526872,1,Bajo,Test fuera de muestra
99a9c9a23,data/raw_petfinder/train_images/99a9c9a23-1.jpg,train,German Shepherd Dog,Mixed Breed,0.5662764282570498,1,Medio,OOF desarrollo
c7bb75711,data/raw_petfinder/train_images/c7bb75711-1.jpg,train,Golden Retriever,,0.5684207112549051,1,Medio,OOF desarrollo
51d637766,data/raw_petfinder/train_images/51d637766-1.jpg,train,Mixed Breed,,0.5080478227039997,1,Medio,OOF desarrollo
efd269df8,data/raw_petfinder/train_images/efd269df8-1.jpg,train,Mixed Breed,,0.714387344860729,1,Alto,OOF desarrollo
73b5c37dd,data/raw_petfinder/train_images/73b5c37dd-1.jpg,train,Mixed Breed,,0.6000028792299589,1,Medio,OOF desarrollo
8f214e361,data/raw_petfinder/train_images/8f214e361-1.jpg,train,Mixed Breed,Mixed Breed,0.3918043111621911,1,Bajo,OOF desarrollo
244144067,data/raw_petfinder/train_images/244144067-1.jpg,train,Mixed Breed,,0.4701384991907862,1,Medio,OOF desarrollo
0493336f7,data/raw_petfinder/train_images/0493336f7-1.jpg,train,Beagle,,0.5481037450452064,1,Medio,OOF desarrollo
d1fa13f8d,data/raw_petfinder/train_images/d1fa13f8d-1.jpg,test,Mixed Breed,,0.6450729835839577,1,Alto,Test fuera de muestra
486f89692,data/raw_petfinder/train_images/486f89692-1.jpg,valid,Mixed Breed,,0.7001183838735331,1,Alto,OOF desarrollo
c18106b39,data/raw_petfinder/train_images/c18106b39-1.jpg,train,Mixed Breed,Mixed Breed,0.5854645964451884,1,Medio,OOF desarrollo
afc71f432,data/raw_petfinder/train_images/afc71f432-1.jpg,test,Mixed Breed,,0.7198260123336001,1,Alto,Test fuera de muestra
59e7b5f52,data/raw_petfinder/train_images/59e7b5f52-1.jpg,train,Spitz,Shih Tzu,0.4761978976327953,1,Medio,OOF desarrollo
5182392d9,data/raw_petfinder/train_images/5182392d9-1.jpg,train,Golden Retriever,,0.3877081803983962,0,Bajo,OOF desarrollo
6fe7448a5,data/raw_petfinder/train_images/6fe7448a5-1.jpg,train,Mixed Breed,Mixed Breed,0.7680952919996764,1,Alto,OOF desarrollo
762a1ef1a,data/raw_petfinder/train_images/762a1ef1a-1.jpg,train,Mixed Breed,,0.4563668473407716,1,Bajo,OOF desarrollo
e3fa5b2be,data/raw_petfinder/train_images/e3fa5b2be-1.jpg,train,Mixed Breed,,0.6337831592775998,1,Alto,OOF desarrollo
6dd12152a,data/raw_petfinder/train_images/6dd12152a-1.jpg,test,Bull Terrier,Mixed Breed,0.3912834454466267,1,Bajo,Test fuera de muestra
8940dfe55,data/raw_petfinder/train_images/8940dfe55-1.jpg,train,Mixed Breed,,0.3782765974757479,0,Bajo,OOF desarrollo
82905a82e,data/raw_petfinder/train_images/82905a82e-1.jpg,train,Mixed Breed,,0.7928142435568604,1,Alto,OOF desarrollo
1716cd645,data/raw_petfinder/train_images/1716cd645-1.jpg,train,Mixed Breed,,0.4406783682773323,1,Bajo,OOF desarrollo
58d54417f,data/raw_petfinder/train_images/58d54417f-1.jpg,test,Mixed Breed,,0.5808173959567867,1,Medio,Test fuera de muestra
387701d9d,data/raw_petfinder/train_images/387701d9d-1.jpg,train,Mixed Breed,,0.5016003140653508,1,Medio,OOF desarrollo
97094f7ec,data/raw_petfinder/train_images/97094f7ec-1.jpg,test,Mixed Breed,Spitz,0.6188453675725336,1,Alto,Test fuera de muestra
1a6729b6f,data/raw_petfinder/train_images/1a6729b6f-1.jpg,train,Mixed Breed,,0.5363717336606424,1,Medio,OOF desarrollo
4fd97d6fe,data/raw_petfinder/train_images/4fd97d6fe-1.jpg,train,Mixed Breed,,0.645130483190302,1,Alto,OOF desarrollo
015fdb354,data/raw_petfinder/train_images/015fdb354-1.jpg,valid,Mixed Breed,Mixed Breed,0.4784359673552936,1,Medio,OOF desarrollo
07b2a1416,data/raw_petfinder/train_images/07b2a1416-1.jpg,train,Mixed Breed,,0.5408652024947931,1,Medio,OOF desarrollo
51398fac1,data/raw_petfinder/train_images/51398fac1-1.jpg,train,Terrier,Mixed Breed,0.4631242824374195,1,Medio,OOF desarrollo
fe250bce9,data/raw_petfinder/train_images/fe250bce9-1.jpg,train,Shar Pei,,0.5745289946336185,1,Medio,OOF desarrollo
e62c62127,data/raw_petfinder/train_images/e62c62127-1.jpg,valid,Mixed Breed,,0.4853032596534501,1,Medio,OOF desarrollo
d8727d356,data/raw_petfinder/train_images/d8727d356-1.jpg,train,Schnauzer,Mixed Breed,0.5911806316494443,1,Medio,OOF desarrollo
d99c980a9,data/raw_petfinder/train_images/d99c980a9-1.jpg,train,Mixed Breed,,0.7678763267347857,1,Alto,OOF desarrollo
8aec4488c,data/raw_petfinder/train_images/8aec4488c-1.jpg,train,Pug,,0.3308776506542095,0,Bajo,OOF desarrollo
c6d378000,data/raw_petfinder/train_images/c6d378000-1.jpg,test,Mixed Breed,Retriever,0.3683745177521746,0,Bajo,Test fuera de muestra
345b95213,data/raw_petfinder/train_images/345b95213-1.jpg,train,Mixed Breed,,0.4222664126807954,1,Bajo,OOF desarrollo
814740bc3,data/raw_petfinder/train_images/814740bc3-1.jpg,valid,Mixed Breed,Mixed Breed,0.4212354867089057,1,Bajo,OOF desarrollo
6bbcc7ea5,data/raw_petfinder/train_images/6bbcc7ea5-1.jpg,train,Mixed Breed,,0.3317056945828015,0,Bajo,OOF desarrollo
a399a151d,data/raw_petfinder/train_images/a399a151d-1.jpg,train,Mixed Breed,,0.2503630613335628,0,Bajo,OOF desarrollo
23367e78c,data/raw_petfinder/train_images/23367e78c-1.jpg,valid,Corgi,Mixed Breed,0.2988827225870383,0,Bajo,OOF desarrollo
1b8ef81e3,data/raw_petfinder/train_images/1b8ef81e3-1.jpg,train,Mixed Breed,Mixed Breed,0.5156072373397693,1,Medio,OOF desarrollo
7a1d75edd,data/raw_petfinder/train_images/7a1d75edd-1.jpg,train,Pekingese,,0.3380777122623314,0,Bajo,OOF desarrollo
0659c05d5,data/raw_petfinder/train_images/0659c05d5-1.jpg,train,Mixed Breed,,0.354515138806583,0,Bajo,OOF desarrollo
4c674cc1f,data/raw_petfinder/train_images/4c674cc1f-1.jpg,train,Basenji,Mixed Breed,0.5926275386602398,1,Medio,OOF desarrollo
5353b2283,data/raw_petfinder/train_images/5353b2283-1.jpg,train,Mixed Breed,Mixed Breed,0.5090742009853777,1,Medio,OOF desarrollo
da5d1c5ba,data/raw_petfinder/train_images/da5d1c5ba-1.jpg,train,Schnauzer,Poodle,0.3874202975937293,0,Bajo,OOF desarrollo
7a2ea6461,data/raw_petfinder/train_images/7a2ea6461-1.jpg,train,Mixed Breed,,0.6337247417323718,1,Alto,OOF desarrollo
2023404f9,data/raw_petfinder/train_images/2023404f9-1.jpg,train,Mixed Breed,,0.7445571761688128,1,Alto,OOF desarrollo
e29fd3f0a,data/raw_petfinder/train_images/e29fd3f0a-1.jpg,test,Labrador Retriever,,0.7041597756129447,1,Alto,Test fuera de muestra
ff361d3b6,data/raw_petfinder/train_images/ff361d3b6-1.jpg,train,Mixed Breed,,0.7245466572269027,1,Alto,OOF desarrollo
d09a7dda3,data/raw_petfinder/train_images/d09a7dda3-1.jpg,test,Mixed Breed,,0.442520411182951,1,Bajo,Test fuera de muestra
14a1d0eb4,data/raw_petfinder/train_images/14a1d0eb4-1.jpg,train,Mixed Breed,,0.749101916376941,1,Alto,OOF desarrollo
1027c621c,data/raw_petfinder/train_images/1027c621c-1.jpg,test,Mixed Breed,,0.5432666112355586,1,Medio,Test fuera de muestra
513062327,data/raw_petfinder/train_images/513062327-1.jpg,test,Poodle,Japanese Chin,0.4511492408489957,1,Bajo,Test fuera de muestra
91306f563,data/raw_petfinder/train_images/91306f563-1.jpg,train,Mixed Breed,Mixed Breed,0.4662668272559405,1,Medio,OOF desarrollo
b3f83cef6,data/raw_petfinder/train_images/b3f83cef6-1.jpg,train,Mixed Breed,,0.4273194307793596,1,Bajo,OOF desarrollo
db5d27601,data/raw_petfinder/train_images/db5d27601-1.jpg,train,Mixed Breed,,0.7814215712520556,1,Alto,OOF desarrollo
11c88e3be,data/raw_petfinder/train_images/11c88e3be-1.jpg,train,Mixed Breed,,0.3235878499559399,0,Bajo,OOF desarrollo
bdcd82280,data/raw_petfinder/train_images/bdcd82280-1.jpg,train,Pomeranian,Mixed Breed,0.5207803255362118,1,Medio,OOF desarrollo
45904d2be,data/raw_petfinder/train_images/45904d2be-1.jpg,train,Mixed Breed,,0.4092808196227754,1,Bajo,OOF desarrollo
f247a5242,data/raw_petfinder/train_images/f247a5242-1.jpg,train,Mixed Breed,,0.8233806939663176,1,Alto,OOF desarrollo
a86f09670,data/raw_petfinder/train_images/a86f09670-1.jpg,train,Terrier,Mixed Breed,0.7534787229060289,1,Alto,OOF desarrollo
c82b8b2c4,data/raw_petfinder/train_images/c82b8b2c4-1.jpg,train,Kai Dog,,0.7845280028412145,1,Alto,OOF desarrollo
7803e9e5d,data/raw_petfinder/train_images/7803e9e5d-1.jpg,test,Mixed Breed,,0.6700059936589279,1,Alto,Test fuera de muestra
63afbf2f2,data/raw_petfinder/train_images/63afbf2f2-1.jpg,train,Mixed Breed,,0.6369562300184128,1,Alto,OOF desarrollo
89c980093,data/raw_petfinder/train_images/89c980093-1.jpg,train,Mixed Breed,Mixed Breed,0.4784217341120337,1,Medio,OOF desarrollo
699365a99,data/raw_petfinder/train_images/699365a99-1.jpg,train,Labrador Retriever,Mixed Breed,0.4524146358856477,1,Bajo,OOF desarrollo
48d1bb550,data/raw_petfinder/train_images/48d1bb550-1.jpg,train,Pomeranian,,0.4354445679797151,1,Bajo,OOF desarrollo
3c9dc7370,data/raw_petfinder/train_images/3c9dc7370-1.jpg,valid,Mixed Breed,,0.3399546059919082,0,Bajo,OOF desarrollo
701c7e67e,data/raw_petfinder/train_images/701c7e67e-1.jpg,train,Mixed Breed,,0.670721751701262,1,Alto,OOF desarrollo
303696f08,data/raw_petfinder/train_images/303696f08-1.jpg,test,Mixed Breed,,0.6413670083554117,1,Alto,Test fuera de muestra
2ef8bed36,data/raw_petfinder/train_images/2ef8bed36-1.jpg,test,Mixed Breed,,0.4128122469793557,1,Bajo,Test fuera de muestra
daed4ac40,data/raw_petfinder/train_images/daed4ac40-1.jpg,train,Mixed Breed,,0.5051673460097843,1,Medio,OOF desarrollo
d6b7b63de,data/raw_petfinder/train_images/d6b7b63de-1.jpg,train,Husky,,0.1984111525038212,0,Bajo,OOF desarrollo
5c9de0c0a,data/raw_petfinder/train_images/5c9de0c0a-1.jpg,train,Shih Tzu,,0.4352248876673242,1,Bajo,OOF desarrollo
964b2fec4,data/raw_petfinder/train_images/964b2fec4-1.jpg,train,Mixed Breed,,0.5457306419962656,1,Medio,OOF desarrollo
8fd0bd843,data/raw_petfinder/train_images/8fd0bd843-1.jpg,test,Mixed Breed,,0.470392717341719,1,Medio,Test fuera de muestra
9e3239219,data/raw_petfinder/train_images/9e3239219-1.jpg,test,Schnauzer,Shih Tzu,0.5190475149042141,1,Medio,Test fuera de muestra
d3ebee32b,data/raw_petfinder/train_images/d3ebee32b-1.jpg,train,Mixed Breed,,0.553405043372706,1,Medio,OOF desarrollo
33dda6165,data/raw_petfinder/train_images/33dda6165-1.jpg,train,Mixed Breed,,0.4403275375725566,1,Bajo,OOF desarrollo
d3bafdff5,data/raw_petfinder/train_images/d3bafdff5-1.jpg,train,Mixed Breed,,0.5792266688607857,1,Medio,OOF desarrollo
c11ca8051,data/raw_petfinder/train_images/c11ca8051-1.jpg,train,Mixed Breed,,0.4928673787584557,1,Medio,OOF desarrollo
b412a3f6a,data/raw_petfinder/train_images/b412a3f6a-1.jpg,valid,Mixed Breed,Golden Retriever,0.7712239886920416,1,Alto,OOF desarrollo
c790696c7,data/raw_petfinder/train_images/c790696c7-1.jpg,test,Schnauzer,,0.6327670967164076,1,Alto,Test fuera de muestra
34edfc9d5,data/raw_petfinder/train_images/34edfc9d5-1.jpg,valid,Mixed Breed,,0.8393615837038343,1,Alto,OOF desarrollo
98da79d01,data/raw_petfinder/train_images/98da79d01-1.jpg,valid,Mixed Breed,,0.480314873029718,1,Medio,OOF desarrollo
4a78a1859,data/raw_petfinder/train_images/4a78a1859-1.jpg,valid,Mixed Breed,,0.5092999734621713,1,Medio,OOF desarrollo
2fdd78c55,data/raw_petfinder/train_images/2fdd78c55-1.jpg,train,Mixed Breed,Spitz,0.4550791441669125,1,Bajo,OOF desarrollo
1f3e595eb,data/raw_petfinder/train_images/1f3e595eb-1.jpg,train,Mixed Breed,,0.5509193387297918,1,Medio,OOF desarrollo
92fa4a896,data/raw_petfinder/train_images/92fa4a896-1.jpg,train,Mixed Breed,,0.692662357360023,1,Alto,OOF desarrollo
4b8b0a817,data/raw_petfinder/train_images/4b8b0a817-1.jpg,train,Mixed Breed,,0.432564730695703,1,Bajo,OOF desarrollo
bb32a589b,data/raw_petfinder/train_images/bb32a589b-1.jpg,test,Mixed Breed,,0.8315012247741336,1,Alto,Test fuera de muestra
036e015d2,data/raw_petfinder/train_images/036e015d2-1.jpg,test,German Spitz,Mixed Breed,0.6184007411965169,1,Alto,Test fuera de muestra
9b5df2f3d,data/raw_petfinder/train_images/9b5df2f3d-1.jpg,train,Husky,Mixed Breed,0.5718536741200577,1,Medio,OOF desarrollo
73d65de2d,data/raw_petfinder/train_images/73d65de2d-1.jpg,train,Mixed Breed,,0.5058408338758793,1,Medio,OOF desarrollo
2b666036a,data/raw_petfinder/train_images/2b666036a-1.jpg,train,Mixed Breed,Labrador Retriever,0.5431711367431242,1,Medio,OOF desarrollo
db745332f,data/raw_petfinder/train_images/db745332f-1.jpg,train,Kai Dog,,0.581986117791723,1,Medio,OOF desarrollo
1e4b7018a,data/raw_petfinder/train_images/1e4b7018a-1.jpg,train,Mixed Breed,Mixed Breed,0.355900748682093,0,Bajo,OOF desarrollo
246c3850a,data/raw_petfinder/train_images/246c3850a-1.jpg,valid,Mixed Breed,,0.730402613588395,1,Alto,OOF desarrollo
eada14618,data/raw_petfinder/train_images/eada14618-1.jpg,train,Mixed Breed,,0.313146292664575,0,Bajo,OOF desarrollo
49310cec4,data/raw_petfinder/train_images/49310cec4-1.jpg,train,Mixed Breed,,0.5513698801106719,1,Medio,OOF desarrollo
2dd6e4186,data/raw_petfinder/train_images/2dd6e4186-1.jpg,train,Mixed Breed,Doberman Pinscher,0.3598737885640077,0,Bajo,OOF desarrollo
de591574b,data/raw_petfinder/train_images/de591574b-1.jpg,train,Mixed Breed,,0.5936419622282009,1,Medio,OOF desarrollo
10c24c385,data/raw_petfinder/train_images/10c24c385-1.jpg,train,Mixed Breed,,0.4024335016640366,1,Bajo,OOF desarrollo
bfdd20655,data/raw_petfinder/train_images/bfdd20655-1.jpg,train,Shih Tzu,,0.5475649285508036,1,Medio,OOF desarrollo
31a77d7ba,data/raw_petfinder/train_images/31a77d7ba-1.jpg,train,English Bulldog,,0.4885026793170332,1,Medio,OOF desarrollo
df9a4b31f,data/raw_petfinder/train_images/df9a4b31f-1.jpg,train,Mixed Breed,,0.4797761595811343,1,Medio,OOF desarrollo
a7baf1366,data/raw_petfinder/train_images/a7baf1366-1.jpg,valid,Shih Tzu,,0.298741231865576,0,Bajo,OOF desarrollo
d8e376a50,data/raw_petfinder/train_images/d8e376a50-1.jpg,test,Mixed Breed,,0.5189709183342243,1,Medio,Test fuera de muestra
181d40c5e,data/raw_petfinder/train_images/181d40c5e-1.jpg,test,Mixed Breed,,0.5226122567545632,1,Medio,Test fuera de muestra
33f056cc7,data/raw_petfinder/train_images/33f056cc7-1.jpg,valid,Mixed Breed,,0.4062866175784081,1,Bajo,OOF desarrollo
886debfe8,data/raw_petfinder/train_images/886debfe8-1.jpg,valid,Miniature Pinscher,Mixed Breed,0.6421288768113885,1,Alto,OOF desarrollo
6029e0ed0,data/raw_petfinder/train_images/6029e0ed0-1.jpg,train,Mixed Breed,,0.5487569340204967,1,Medio,OOF desarrollo
4dfd61242,data/raw_petfinder/train_images/4dfd61242-1.jpg,train,Mixed Breed,,0.4121601521048343,1,Bajo,OOF desarrollo
2599e55c5,data/raw_petfinder/train_images/2599e55c5-1.jpg,valid,Jack Russell Terrier,,0.5135995498315173,1,Medio,OOF desarrollo
ca40312db,data/raw_petfinder/train_images/ca40312db-1.jpg,train,German Shepherd Dog,Mixed Breed,0.4184667589061108,1,Bajo,OOF desarrollo
f8d16f3ef,data/raw_petfinder/train_images/f8d16f3ef-1.jpg,train,Belgian Shepherd Malinois,Mixed Breed,0.2673644685963349,0,Bajo,OOF desarrollo
963520a2c,data/raw_petfinder/train_images/963520a2c-1.jpg,train,Mixed Breed,Mixed Breed,0.3333363474058335,0,Bajo,OOF desarrollo
2c5b817a7,data/raw_petfinder/train_images/2c5b817a7-1.jpg,train,Mixed Breed,Mixed Breed,0.5145605019315238,1,Medio,OOF desarrollo
26d17afbd,data/raw_petfinder/train_images/26d17afbd-1.jpg,test,Rat Terrier,Mixed Breed,0.5383709916131042,1,Medio,Test fuera de muestra
86ff8539d,data/raw_petfinder/train_images/86ff8539d-1.jpg,train,Cocker Spaniel,,0.5381431324884176,1,Medio,OOF desarrollo
45c871da9,data/raw_petfinder/train_images/45c871da9-1.jpg,train,Beagle,Husky,0.4413110056464063,1,Bajo,OOF desarrollo
0ed23a049,data/raw_petfinder/train_images/0ed23a049-1.jpg,train,Miniature Pinscher,,0.3624313545597071,0,Bajo,OOF desarrollo
02126e289,data/raw_petfinder/train_images/02126e289-1.jpg,test,Mixed Breed,,0.4107033726474721,1,Bajo,Test fuera de muestra
012a1a396,data/raw_petfinder/train_images/012a1a396-1.jpg,train,Mixed Breed,,0.4875026911847047,1,Medio,OOF desarrollo
af7125abe,data/raw_petfinder/train_images/af7125abe-1.jpg,train,Mixed Breed,,0.5295938894008653,1,Medio,OOF desarrollo
a09a76aba,data/raw_petfinder/train_images/a09a76aba-1.jpg,train,Mixed Breed,,0.4341192091092288,1,Bajo,OOF desarrollo
aee1ad5e4,data/raw_petfinder/train_images/aee1ad5e4-1.jpg,train,Australian Kelpie,Mixed Breed,0.4441349076512417,1,Bajo,OOF desarrollo
a6c836abe,data/raw_petfinder/train_images/a6c836abe-1.jpg,train,Mixed Breed,,0.7718402332289493,1,Alto,OOF desarrollo
be467e42b,data/raw_petfinder/train_images/be467e42b-1.jpg,train,Mixed Breed,Mixed Breed,0.6577738324109814,1,Alto,OOF desarrollo
4a2544358,data/raw_petfinder/train_images/4a2544358-1.jpg,valid,Labrador Retriever,,0.4303150665970643,1,Bajo,OOF desarrollo
a5f576bb1,data/raw_petfinder/train_images/a5f576bb1-1.jpg,valid,Mixed Breed,,0.3481914781322005,0,Bajo,OOF desarrollo
1aa39ed52,data/raw_petfinder/train_images/1aa39ed52-1.jpg,train,Yorkshire Terrier Yorkie,,0.3776381924569091,0,Bajo,OOF desarrollo
74a9b9a9e,data/raw_petfinder/train_images/74a9b9a9e-1.jpg,train,Mixed Breed,,0.3627946764658594,0,Bajo,OOF desarrollo
ddbb99929,data/raw_petfinder/train_images/ddbb99929-1.jpg,test,Mixed Breed,,0.3304831127716136,0,Bajo,Test fuera de muestra
c1548b685,data/raw_petfinder/train_images/c1548b685-1.jpg,valid,Mixed Breed,Mixed Breed,0.4791319392530984,1,Medio,OOF desarrollo
092b32197,data/raw_petfinder/train_images/092b32197-1.jpg,train,Mixed Breed,,0.3061311472693067,0,Bajo,OOF desarrollo
167a6dcf3,data/raw_petfinder/train_images/167a6dcf3-1.jpg,train,Mixed Breed,,0.8214459232766973,1,Alto,OOF desarrollo
1e1727250,data/raw_petfinder/train_images/1e1727250-1.jpg,train,Mixed Breed,,0.710025091447098,1,Alto,OOF desarrollo
51196cf13,data/raw_petfinder/train_images/51196cf13-1.jpg,test,Pit Bull Terrier,Dachshund,0.4852528279267998,1,Medio,Test fuera de muestra
bfc46890f,data/raw_petfinder/train_images/bfc46890f-1.jpg,train,Spitz,Mixed Breed,0.4919425229189035,1,Medio,OOF desarrollo
6cd340cfd,data/raw_petfinder/train_images/6cd340cfd-1.jpg,train,Mixed Breed,Jack Russell Terrier,0.640979653735399,1,Alto,OOF desarrollo
c16df543f,data/raw_petfinder/train_images/c16df543f-1.jpg,train,Mixed Breed,Mixed Breed,0.5512155107985763,1,Medio,OOF desarrollo
a4cec9f83,data/raw_petfinder/train_images/a4cec9f83-1.jpg,train,Mixed Breed,,0.3320395340869946,0,Bajo,OOF desarrollo
a823f714b,data/raw_petfinder/train_images/a823f714b-1.jpg,valid,Mixed Breed,,0.4419521444420019,1,Bajo,OOF desarrollo
28060651e,data/raw_petfinder/train_images/28060651e-1.jpg,train,Mixed Breed,,0.4758573578280127,1,Medio,OOF desarrollo
570fdcc4d,data/raw_petfinder/train_images/570fdcc4d-1.jpg,test,Mixed Breed,,0.7680372809107521,1,Alto,Test fuera de muestra
b4f69489c,data/raw_petfinder/train_images/b4f69489c-1.jpg,train,Mixed Breed,,0.3122226995316431,0,Bajo,OOF desarrollo
8837fcacc,data/raw_petfinder/train_images/8837fcacc-1.jpg,train,Mixed Breed,Mixed Breed,0.5834852271699725,1,Medio,OOF desarrollo
bbd704c14,data/raw_petfinder/train_images/bbd704c14-1.jpg,test,Silky Terrier,,0.4673537230459534,1,Medio,Test fuera de muestra
521320b95,data/raw_petfinder/train_images/521320b95-1.jpg,test,Mixed Breed,,0.3764100661307782,0,Bajo,Test fuera de muestra
87ef4d3ca,data/raw_petfinder/train_images/87ef4d3ca-1.jpg,train,Mixed Breed,Mixed Breed,0.5370823970495036,1,Medio,OOF desarrollo
10f4c8d8c,data/raw_petfinder/train_images/10f4c8d8c-1.jpg,valid,Mixed Breed,,0.4430834608886509,1,Bajo,OOF desarrollo
94aec9453,data/raw_petfinder/train_images/94aec9453-1.jpg,test,Mixed Breed,Mixed Breed,0.749409608962532,1,Alto,Test fuera de muestra
6975353f1,data/raw_petfinder/train_images/6975353f1-1.jpg,test,Mixed Breed,,0.4248380754109674,1,Bajo,Test fuera de muestra
fcc2ea490,data/raw_petfinder/train_images/fcc2ea490-1.jpg,train,Labrador Retriever,Mixed Breed,0.5667280157430896,1,Medio,OOF desarrollo
5925cf3fa,data/raw_petfinder/train_images/5925cf3fa-1.jpg,train,Husky,,0.3523843421341104,0,Bajo,OOF desarrollo
8d3b5e6e9,data/raw_petfinder/train_images/8d3b5e6e9-1.jpg,train,Basenji,,0.3307156619229554,0,Bajo,OOF desarrollo
3b0238af8,data/raw_petfinder/train_images/3b0238af8-1.jpg,train,Mixed Breed,,0.5908686948748278,1,Medio,OOF desarrollo
e9e9c9efe,data/raw_petfinder/train_images/e9e9c9efe-1.jpg,valid,Doberman Pinscher,Mixed Breed,0.5328440795799557,1,Medio,OOF desarrollo
919ebd16f,data/raw_petfinder/train_images/919ebd16f-1.jpg,train,Labrador Retriever,,0.366735656612291,0,Bajo,OOF desarrollo
a031e3771,data/raw_petfinder/train_images/a031e3771-1.jpg,test,Mixed Breed,,0.499527316316285,1,Medio,Test fuera de muestra
2bf4445c7,data/raw_petfinder/train_images/2bf4445c7-1.jpg,train,Rottweiler,,0.4004292915895137,1,Bajo,OOF desarrollo
6f1e6e8ed,data/raw_petfinder/train_images/6f1e6e8ed-1.jpg,train,Mixed Breed,Mixed Breed,0.3468265803603519,0,Bajo,OOF desarrollo
35c9855f5,data/raw_petfinder/train_images/35c9855f5-1.jpg,train,Mixed Breed,,0.4362310733863814,1,Bajo,OOF desarrollo
1e34e1ebe,data/raw_petfinder/train_images/1e34e1ebe-1.jpg,train,Mixed Breed,,0.7265633742468764,1,Alto,OOF desarrollo
a630f3a73,data/raw_petfinder/train_images/a630f3a73-1.jpg,train,Mixed Breed,,0.3547217300050056,0,Bajo,OOF desarrollo
cfd0757cf,data/raw_petfinder/train_images/cfd0757cf-1.jpg,train,Mixed Breed,Mixed Breed,0.6445957115763541,1,Alto,OOF desarrollo
a54202bba,data/raw_petfinder/train_images/a54202bba-1.jpg,train,Mixed Breed,Mixed Breed,0.3841046299414092,0,Bajo,OOF desarrollo
e9fa49f8a,data/raw_petfinder/train_images/e9fa49f8a-1.jpg,train,Mixed Breed,,0.4715593571057695,1,Medio,OOF desarrollo
967ee6c2e,data/raw_petfinder/train_images/967ee6c2e-1.jpg,train,Shih Tzu,Mixed Breed,0.4011494451574295,1,Bajo,OOF desarrollo
b532e9588,data/raw_petfinder/train_images/b532e9588-1.jpg,test,Mixed Breed,,0.807673472954952,1,Alto,Test fuera de muestra
29eda0717,data/raw_petfinder/train_images/29eda0717-1.jpg,test,Mixed Breed,Rottweiler,0.2509652979289005,0,Bajo,Test fuera de muestra
f75724b44,data/raw_petfinder/train_images/f75724b44-1.jpg,train,Mixed Breed,,0.8000745489158423,1,Alto,OOF desarrollo
2b3387bd7,data/raw_petfinder/train_images/2b3387bd7-1.jpg,train,Mixed Breed,Miniature Pinscher,0.449857812874217,1,Bajo,OOF desarrollo
1f9a15807,data/raw_petfinder/train_images/1f9a15807-1.jpg,valid,Mixed Breed,,0.5332394170978743,1,Medio,OOF desarrollo
584ba2890,data/raw_petfinder/train_images/584ba2890-1.jpg,train,Mixed Breed,Mixed Breed,0.7014935745690233,1,Alto,OOF desarrollo
d83749129,data/raw_petfinder/train_images/d83749129-1.jpg,valid,Mixed Breed,,0.2569424770799058,0,Bajo,OOF desarrollo
f293ae915,data/raw_petfinder/train_images/f293ae915-1.jpg,train,Mixed Breed,Mixed Breed,0.4779890230465887,1,Medio,OOF desarrollo
8ae60c34e,data/raw_petfinder/train_images/8ae60c34e-1.jpg,train,Mixed Breed,Australian Shepherd,0.6670742329002415,1,Alto,OOF desarrollo
4f75e3aa2,data/raw_petfinder/train_images/4f75e3aa2-1.jpg,test,Hound,Mixed Breed,0.7152297869664561,1,Alto,Test fuera de muestra
01d981c81,data/raw_petfinder/train_images/01d981c81-1.jpg,train,Mixed Breed,,0.503461031623313,1,Medio,OOF desarrollo
d6fd7962e,data/raw_petfinder/train_images/d6fd7962e-1.jpg,test,Mixed Breed,,0.729367157214883,1,Alto,Test fuera de muestra
e554a9066,data/raw_petfinder/train_images/e554a9066-1.jpg,valid,Pit Bull Terrier,American Staffordshire Terrier,0.5807352585697667,1,Medio,OOF desarrollo
1ddc14ad6,data/raw_petfinder/train_images/1ddc14ad6-1.jpg,valid,Shih Tzu,,0.3042187776963379,0,Bajo,OOF desarrollo
01c6d3224,data/raw_petfinder/train_images/01c6d3224-1.jpg,train,Golden Retriever,,0.3899200338480169,0,Bajo,OOF desarrollo
8cae4a15b,data/raw_petfinder/train_images/8cae4a15b-1.jpg,train,Doberman Pinscher,Mixed Breed,0.719317002035657,1,Alto,OOF desarrollo
e7d595174,data/raw_petfinder/train_images/e7d595174-1.jpg,train,Mixed Breed,Mixed Breed,0.4054890248348273,1,Bajo,OOF desarrollo
9f07e684f,data/raw_petfinder/train_images/9f07e684f-1.jpg,train,Mixed Breed,,0.5529131986651606,1,Medio,OOF desarrollo
1736706f9,data/raw_petfinder/train_images/1736706f9-1.jpg,train,Mixed Breed,,0.606640455390177,1,Alto,OOF desarrollo
298ae7ea4,data/raw_petfinder/train_images/298ae7ea4-1.jpg,train,Beagle,,0.4726241090921337,1,Medio,OOF desarrollo
be5f7a129,data/raw_petfinder/train_images/be5f7a129-1.jpg,train,Mixed Breed,,0.6272779093506209,1,Alto,OOF desarrollo
f3778f601,data/raw_petfinder/train_images/f3778f601-1.jpg,test,Terrier,Mixed Breed,0.6837007469002604,1,Alto,Test fuera de muestra
d0e2d8d15,data/raw_petfinder/train_images/d0e2d8d15-1.jpg,test,Mixed Breed,,0.484036058283984,1,Medio,Test fuera de muestra
555e742f9,data/raw_petfinder/train_images/555e742f9-1.jpg,train,Terrier,Mixed Breed,0.5095461431687508,1,Medio,OOF desarrollo
eb81b0503,data/raw_petfinder/train_images/eb81b0503-1.jpg,test,Mixed Breed,,0.7385349363258178,1,Alto,Test fuera de muestra
ab4ab38d7,data/raw_petfinder/train_images/ab4ab38d7-1.jpg,train,Mixed Breed,,0.6494582262338104,1,Alto,OOF desarrollo
bef49a74b,data/raw_petfinder/train_images/bef49a74b-1.jpg,test,German Shepherd Dog,,0.3549056098671274,0,Bajo,Test fuera de muestra
d08d2829f,data/raw_petfinder/train_images/d08d2829f-1.jpg,train,Mixed Breed,,0.7450871816476581,1,Alto,OOF desarrollo
39366118c,data/raw_petfinder/train_images/39366118c-1.jpg,valid,Beagle,,0.4606641934729106,1,Medio,OOF desarrollo
c272d9284,data/raw_petfinder/train_images/c272d9284-1.jpg,train,Mixed Breed,,0.236872095054462,0,Bajo,OOF desarrollo
5792107ef,data/raw_petfinder/train_images/5792107ef-1.jpg,train,Mixed Breed,,0.7444510888787055,1,Alto,OOF desarrollo
719917454,data/raw_petfinder/train_images/719917454-1.jpg,valid,Chihuahua,,0.2670881978802574,0,Bajo,OOF desarrollo
dac37d01d,data/raw_petfinder/train_images/dac37d01d-1.jpg,train,Mixed Breed,,0.4245663100579777,1,Bajo,OOF desarrollo
9e6d5d0df,data/raw_petfinder/train_images/9e6d5d0df-1.jpg,train,Mixed Breed,Mixed Breed,0.7388932579920717,1,Alto,OOF desarrollo
df0a5e6c5,data/raw_petfinder/train_images/df0a5e6c5-1.jpg,train,Labrador Retriever,Mixed Breed,0.7834930235221576,1,Alto,OOF desarrollo
abea0e83e,data/raw_petfinder/train_images/abea0e83e-1.jpg,train,Mixed Breed,,0.7029675753420853,1,Alto,OOF desarrollo
d3975e1bd,data/raw_petfinder/train_images/d3975e1bd-1.jpg,train,Chihuahua,,0.623654217425173,1,Alto,OOF desarrollo
4a66f74ff,data/raw_petfinder/train_images/4a66f74ff-1.jpg,train,Mixed Breed,,0.4733047287146914,1,Medio,OOF desarrollo
9945962c3,data/raw_petfinder/train_images/9945962c3-1.jpg,train,Labrador Retriever,Labrador Retriever,0.4559217934042321,1,Bajo,OOF desarrollo
355048bb7,data/raw_petfinder/train_images/355048bb7-1.jpg,train,Mixed Breed,Mixed Breed,0.5933218137463031,1,Medio,OOF desarrollo
7fb5c3b87,data/raw_petfinder/train_images/7fb5c3b87-1.jpg,test,Poodle,,0.2527197162687357,0,Bajo,Test fuera de muestra
ce26d6864,data/raw_petfinder/train_images/ce26d6864-1.jpg,train,Mixed Breed,,0.3378670076742924,0,Bajo,OOF desarrollo
7a875ef01,data/raw_petfinder/train_images/7a875ef01-1.jpg,valid,German Shepherd Dog,,0.4190724809118845,1,Bajo,OOF desarrollo
3d8a35224,data/raw_petfinder/train_images/3d8a35224-1.jpg,test,Beagle,,0.5688691200739644,1,Medio,Test fuera de muestra
f124ecf25,data/raw_petfinder/train_images/f124ecf25-1.jpg,train,Mixed Breed,,0.5647555283903201,1,Medio,OOF desarrollo
9120f2894,data/raw_petfinder/train_images/9120f2894-1.jpg,train,Mixed Breed,German Shepherd Dog,0.380639199512632,0,Bajo,OOF desarrollo
af3d7c201,data/raw_petfinder/train_images/af3d7c201-1.jpg,train,Mixed Breed,,0.4985947794215944,1,Medio,OOF desarrollo
9b2316d19,data/raw_petfinder/train_images/9b2316d19-1.jpg,valid,Miniature Pinscher,Mixed Breed,0.5511400646206642,1,Medio,OOF desarrollo
ce6afb606,data/raw_petfinder/train_images/ce6afb606-1.jpg,train,Belgian Shepherd Malinois,Mixed Breed,0.4777245745105442,1,Medio,OOF desarrollo
44594e996,data/raw_petfinder/train_images/44594e996-1.jpg,train,Mixed Breed,,0.5888963150207921,1,Medio,OOF desarrollo
764837930,data/raw_petfinder/train_images/764837930-1.jpg,train,Mixed Breed,Doberman Pinscher,0.7767295157971739,1,Alto,OOF desarrollo
8a811328d,data/raw_petfinder/train_images/8a811328d-1.jpg,valid,Mixed Breed,,0.560923696224026,1,Medio,OOF desarrollo
fb2dc3fb7,data/raw_petfinder/train_images/fb2dc3fb7-1.jpg,valid,Mixed Breed,,0.4994178174957135,1,Medio,OOF desarrollo
062e2772c,data/raw_petfinder/train_images/062e2772c-1.jpg,train,Spitz,Border Collie,0.5455139958223947,1,Medio,OOF desarrollo
eb350f2bc,data/raw_petfinder/train_images/eb350f2bc-1.jpg,train,Poodle,,0.4151087215733873,1,Bajo,OOF desarrollo
929528b36,data/raw_petfinder/train_images/929528b36-1.jpg,train,Poodle,,0.5142780308911314,1,Medio,OOF desarrollo
44da8c2a0,data/raw_petfinder/train_images/44da8c2a0-1.jpg,train,Mixed Breed,,0.4296254928262019,1,Bajo,OOF desarrollo
28ef05fe6,data/raw_petfinder/train_images/28ef05fe6-1.jpg,train,Mixed Breed,,0.5833373607067525,1,Medio,OOF desarrollo
785413d29,data/raw_petfinder/train_images/785413d29-1.jpg,train,Shih Tzu,,0.442934981148862,1,Bajo,OOF desarrollo
bdc7db9b6,data/raw_petfinder/train_images/bdc7db9b6-1.jpg,test,Pomeranian,,0.2705177523492388,0,Bajo,Test fuera de muestra
bddc0b2c7,data/raw_petfinder/train_images/bddc0b2c7-1.jpg,train,Mixed Breed,Mixed Breed,0.474230347966344,1,Medio,OOF desarrollo
387a2639c,data/raw_petfinder/train_images/387a2639c-1.jpg,train,Mixed Breed,,0.6501494317848378,1,Alto,OOF desarrollo
65266fe36,data/raw_petfinder/train_images/65266fe36-1.jpg,train,Mixed Breed,Mixed Breed,0.7079571574405076,1,Alto,OOF desarrollo
e4b90955c,data/raw_petfinder/train_images/e4b90955c-1.jpg,test,Mixed Breed,Mixed Breed,0.4828170265128808,1,Medio,Test fuera de muestra
150bf58e2,data/raw_petfinder/train_images/150bf58e2-1.jpg,train,Mixed Breed,,0.4424093901463375,1,Bajo,OOF desarrollo
6464f2352,data/raw_petfinder/train_images/6464f2352-1.jpg,train,Mixed Breed,,0.2671169607460352,0,Bajo,OOF desarrollo
fab1170a2,data/raw_petfinder/train_images/fab1170a2-1.jpg,train,Mixed Breed,,0.3487409627768563,0,Bajo,OOF desarrollo
172433b2f,data/raw_petfinder/train_images/172433b2f-1.jpg,valid,Golden Retriever,,0.3452174815844385,0,Bajo,OOF desarrollo
4daad230c,data/raw_petfinder/train_images/4daad230c-1.jpg,train,Mixed Breed,,0.4139962497850077,1,Bajo,OOF desarrollo
d2f04a19a,data/raw_petfinder/train_images/d2f04a19a-1.jpg,test,Mixed Breed,,0.3860693440632692,0,Bajo,Test fuera de muestra
69a1b02f6,data/raw_petfinder/train_images/69a1b02f6-1.jpg,valid,Mixed Breed,,0.2999416116742725,0,Bajo,OOF desarrollo
c62a2a817,data/raw_petfinder/train_images/c62a2a817-1.jpg,train,German Shepherd Dog,,0.3835000132045273,0,Bajo,OOF desarrollo
b854220cb,data/raw_petfinder/train_images/b854220cb-1.jpg,train,Dalmatian,Mixed Breed,0.703051258581382,1,Alto,OOF desarrollo
e282d2bdf,data/raw_petfinder/train_images/e282d2bdf-1.jpg,train,Mixed Breed,,0.5030696416686553,1,Medio,OOF desarrollo
ec496eb44,data/raw_petfinder/train_images/ec496eb44-1.jpg,valid,Mixed Breed,,0.5473727462932406,1,Medio,OOF desarrollo
9fb186834,data/raw_petfinder/train_images/9fb186834-1.jpg,train,Poodle,,0.4842704038101637,1,Medio,OOF desarrollo
7e6d7cbb3,data/raw_petfinder/train_images/7e6d7cbb3-1.jpg,test,Poodle,Poodle,0.4734864677766097,1,Medio,Test fuera de muestra
29fd25bc8,data/raw_petfinder/train_images/29fd25bc8-1.jpg,valid,Mixed Breed,,0.453029257539205,1,Bajo,OOF desarrollo
351d29156,data/raw_petfinder/train_images/351d29156-1.jpg,train,Shih Tzu,,0.3076094684745493,0,Bajo,OOF desarrollo
b9d28a286,data/raw_petfinder/train_images/b9d28a286-1.jpg,train,Mixed Breed,,0.7096747355628696,1,Alto,OOF desarrollo
c1c16ac86,data/raw_petfinder/train_images/c1c16ac86-1.jpg,valid,Mixed Breed,,0.4303118851440897,1,Bajo,OOF desarrollo
cdd815db9,data/raw_petfinder/train_images/cdd815db9-1.jpg,valid,Mixed Breed,Mixed Breed,0.6738968744687258,1,Alto,OOF desarrollo
9b3e95995,data/raw_petfinder/train_images/9b3e95995-1.jpg,valid,Mixed Breed,,0.7552990068011631,1,Alto,OOF desarrollo
1635eac9a,data/raw_petfinder/train_images/1635eac9a-1.jpg,test,Mixed Breed,Mixed Breed,0.8395506403977773,1,Alto,Test fuera de muestra
802a18435,data/raw_petfinder/train_images/802a18435-1.jpg,train,Mixed Breed,Mixed Breed,0.6700331741789045,1,Alto,OOF desarrollo
047c20d1a,data/raw_petfinder/train_images/047c20d1a-1.jpg,test,Mixed Breed,,0.6104134918694524,1,Alto,Test fuera de muestra
9761c645f,data/raw_petfinder/train_images/9761c645f-1.jpg,train,Mixed Breed,,0.446180158524847,1,Bajo,OOF desarrollo
7a87da606,data/raw_petfinder/train_images/7a87da606-1.jpg,train,Labrador Retriever,Mixed Breed,0.4306620325540756,1,Bajo,OOF desarrollo
c1aa4142d,data/raw_petfinder/train_images/c1aa4142d-1.jpg,train,Mixed Breed,,0.6509173011188107,1,Alto,OOF desarrollo
df89a82ab,data/raw_petfinder/train_images/df89a82ab-1.jpg,train,Mixed Breed,,0.5978095601805378,1,Medio,OOF desarrollo
f7b533990,data/raw_petfinder/train_images/f7b533990-1.jpg,test,Mixed Breed,German Shepherd Dog,0.6472219379282138,1,Alto,Test fuera de muestra
2204729ca,data/raw_petfinder/train_images/2204729ca-1.jpg,train,Labrador Retriever,,0.5346143551236738,1,Medio,OOF desarrollo
af6364af9,data/raw_petfinder/train_images/af6364af9-1.jpg,valid,Mixed Breed,,0.4497655255516445,1,Bajo,OOF desarrollo
e8dc8fa13,data/raw_petfinder/train_images/e8dc8fa13-1.jpg,train,Rottweiler,Mixed Breed,0.5091504210415003,1,Medio,OOF desarrollo
e333feca8,data/raw_petfinder/train_images/e333feca8-1.jpg,train,Mixed Breed,Mixed Breed,0.6379705409338121,1,Alto,OOF desarrollo
e653e3c51,data/raw_petfinder/train_images/e653e3c51-1.jpg,train,Mixed Breed,Mixed Breed,0.5433645427050862,1,Medio,OOF desarrollo
fdbc1c567,data/raw_petfinder/train_images/fdbc1c567-1.jpg,train,Mixed Breed,,0.6779415474475303,1,Alto,OOF desarrollo
3d751fe45,data/raw_petfinder/train_images/3d751fe45-1.jpg,valid,Mixed Breed,,0.6201698808898732,1,Alto,OOF desarrollo
351d1e748,data/raw_petfinder/train_images/351d1e748-1.jpg,train,Mixed Breed,Mixed Breed,0.383010977700879,0,Bajo,OOF desarrollo
8f1b39562,data/raw_petfinder/train_images/8f1b39562-1.jpg,test,Mixed Breed,,0.464413915647895,1,Medio,Test fuera de muestra
e4460cb03,data/raw_petfinder/train_images/e4460cb03-1.jpg,train,Mixed Breed,,0.3900663468684852,1,Bajo,OOF desarrollo
c8f4a2877,data/raw_petfinder/train_images/c8f4a2877-1.jpg,train,Mixed Breed,,0.4390453552300246,1,Bajo,OOF desarrollo
0753ad1cd,data/raw_petfinder/train_images/0753ad1cd-1.jpg,valid,Jack Russell Terrier,Beagle,0.415481681367969,1,Bajo,OOF desarrollo
eb6c84ec0,data/raw_petfinder/train_images/eb6c84ec0-1.jpg,train,Mixed Breed,,0.4028897303089117,1,Bajo,OOF desarrollo
75a803430,data/raw_petfinder/train_images/75a803430-1.jpg,test,Mixed Breed,Mixed Breed,0.6049671090074316,1,Medio,Test fuera de muestra
33826a08a,data/raw_petfinder/train_images/33826a08a-1.jpg,train,Mixed Breed,,0.407692534982184,1,Bajo,OOF desarrollo
ec0fd1a7e,data/raw_petfinder/train_images/ec0fd1a7e-1.jpg,train,Shih Tzu,,0.4880971935352939,1,Medio,OOF desarrollo
330943a7e,data/raw_petfinder/train_images/330943a7e-1.jpg,train,Golden Retriever,,0.2430079089149835,0,Bajo,OOF desarrollo
c1ed602f2,data/raw_petfinder/train_images/c1ed602f2-1.jpg,train,Cocker Spaniel,,0.3904627880214468,1,Bajo,OOF desarrollo
fc6976a96,data/raw_petfinder/train_images/fc6976a96-1.jpg,valid,Border Collie,,0.3988686175566192,1,Bajo,OOF desarrollo
c467f8702,data/raw_petfinder/train_images/c467f8702-1.jpg,test,Mixed Breed,,0.3834349244872693,0,Bajo,Test fuera de muestra
ee0e059cb,data/raw_petfinder/train_images/ee0e059cb-1.jpg,train,Golden Retriever,,0.6183029181335791,1,Alto,OOF desarrollo
44bc5f67c,data/raw_petfinder/train_images/44bc5f67c-1.jpg,train,Mixed Breed,,0.569376701169463,1,Medio,OOF desarrollo
0256cac2b,data/raw_petfinder/train_images/0256cac2b-1.jpg,test,Mixed Breed,Mixed Breed,0.5335800649086295,1,Medio,Test fuera de muestra
239326fd2,data/raw_petfinder/train_images/239326fd2-1.jpg,test,Mixed Breed,,0.6466256565334969,1,Alto,Test fuera de muestra
6276a846c,data/raw_petfinder/train_images/6276a846c-1.jpg,train,Mixed Breed,,0.6543554577849136,1,Alto,OOF desarrollo
870e7158b,data/raw_petfinder/train_images/870e7158b-1.jpg,train,Mixed Breed,,0.4049493307361378,1,Bajo,OOF desarrollo
7f3f14a72,data/raw_petfinder/train_images/7f3f14a72-1.jpg,test,Mixed Breed,,0.3996488468295245,1,Bajo,Test fuera de muestra
3983e7c06,data/raw_petfinder/train_images/3983e7c06-1.jpg,test,Shih Tzu,Shih Tzu,0.5102755478504767,1,Medio,Test fuera de muestra
f1e99433d,data/raw_petfinder/train_images/f1e99433d-1.jpg,test,Terrier,,0.4003051518589045,1,Bajo,Test fuera de muestra
01c3c09df,data/raw_petfinder/train_images/01c3c09df-1.jpg,train,Mixed Breed,,0.3612933828257308,0,Bajo,OOF desarrollo
6b446b436,data/raw_petfinder/train_images/6b446b436-1.jpg,train,Miniature Pinscher,,0.4618261835824673,1,Medio,OOF desarrollo
e32c29f03,data/raw_petfinder/train_images/e32c29f03-1.jpg,train,Mixed Breed,Mixed Breed,0.6776398439124545,1,Alto,OOF desarrollo
4eb9088a2,data/raw_petfinder/train_images/4eb9088a2-1.jpg,train,Mixed Breed,,0.5410584381063952,1,Medio,OOF desarrollo
74ca92e79,data/raw_petfinder/train_images/74ca92e79-1.jpg,valid,Mixed Breed,,0.4611990871320117,1,Medio,OOF desarrollo
8f1d6224d,data/raw_petfinder/train_images/8f1d6224d-1.jpg,test,Mixed Breed,,0.5723985735107282,1,Medio,Test fuera de muestra
08f40f232,data/raw_petfinder/train_images/08f40f232-1.jpg,valid,Spitz,Mixed Breed,0.616431313930875,1,Alto,OOF desarrollo
1f33216f7,data/raw_petfinder/train_images/1f33216f7-1.jpg,train,Mixed Breed,Mixed Breed,0.625407078118906,1,Alto,OOF desarrollo
ef4059fae,data/raw_petfinder/train_images/ef4059fae-1.jpg,train,Labrador Retriever,Mixed Breed,0.4373340341394014,1,Bajo,OOF desarrollo
ef7c5813c,data/raw_petfinder/train_images/ef7c5813c-1.jpg,train,Labrador Retriever,Mixed Breed,0.4741363823092611,1,Medio,OOF desarrollo
fd48a560c,data/raw_petfinder/train_images/fd48a560c-1.jpg,test,Mixed Breed,,0.5594657613364526,1,Medio,Test fuera de muestra
210b8d077,data/raw_petfinder/train_images/210b8d077-1.jpg,train,Mixed Breed,,0.3210168540770688,0,Bajo,OOF desarrollo
6ba094bf4,data/raw_petfinder/train_images/6ba094bf4-1.jpg,train,Mixed Breed,,0.5416165725633713,1,Medio,OOF desarrollo
96462a567,data/raw_petfinder/train_images/96462a567-1.jpg,train,Mixed Breed,,0.3601287349680786,0,Bajo,OOF desarrollo
146aa46b3,data/raw_petfinder/train_images/146aa46b3-1.jpg,train,Mixed Breed,,0.6420692997221165,1,Alto,OOF desarrollo
5f5d44f43,data/raw_petfinder/train_images/5f5d44f43-1.jpg,train,Mixed Breed,,0.6222820937247295,1,Alto,OOF desarrollo
1930bcf64,data/raw_petfinder/train_images/1930bcf64-1.jpg,test,Mixed Breed,,0.3271558834517382,0,Bajo,Test fuera de muestra
b586e1ea4,data/raw_petfinder/train_images/b586e1ea4-1.jpg,train,Mixed Breed,,0.7842828720039172,1,Alto,OOF desarrollo
428fd4ef7,data/raw_petfinder/train_images/428fd4ef7-1.jpg,train,Mixed Breed,,0.6503118855829496,1,Alto,OOF desarrollo
ef8d291b0,data/raw_petfinder/train_images/ef8d291b0-1.jpg,valid,Mixed Breed,,0.6339964968311673,1,Alto,OOF desarrollo
5597af31b,data/raw_petfinder/train_images/5597af31b-1.jpg,test,Mixed Breed,,0.8021210631866806,1,Alto,Test fuera de muestra
52ec30101,data/raw_petfinder/train_images/52ec30101-1.jpg,test,Mixed Breed,,0.7118988638638528,1,Alto,Test fuera de muestra
9ee7776db,data/raw_petfinder/train_images/9ee7776db-1.jpg,test,Mixed Breed,,0.3442518429223842,0,Bajo,Test fuera de muestra
14dcf6ec8,data/raw_petfinder/train_images/14dcf6ec8-1.jpg,train,Mixed Breed,,0.3345506393638487,0,Bajo,OOF desarrollo
8db729086,data/raw_petfinder/train_images/8db729086-1.jpg,train,Mixed Breed,,0.7530302941864927,1,Alto,OOF desarrollo
58bfbd845,data/raw_petfinder/train_images/58bfbd845-1.jpg,train,Mixed Breed,,0.6391126936190996,1,Alto,OOF desarrollo
109d21b69,data/raw_petfinder/train_images/109d21b69-1.jpg,valid,Mixed Breed,,0.643589674333308,1,Alto,OOF desarrollo
b28bc9e65,data/raw_petfinder/train_images/b28bc9e65-1.jpg,train,Mixed Breed,,0.6420008056418571,1,Alto,OOF desarrollo
863947277,data/raw_petfinder/train_images/863947277-1.jpg,valid,Mixed Breed,,0.8008558908514922,1,Alto,OOF desarrollo
2ac3ca459,data/raw_petfinder/train_images/2ac3ca459-1.jpg,train,Labrador Retriever,,0.4614360318728453,1,Medio,OOF desarrollo
a3740bea8,data/raw_petfinder/train_images/a3740bea8-1.jpg,valid,Mixed Breed,,0.4640365244495027,1,Medio,OOF desarrollo
cc628c147,data/raw_petfinder/train_images/cc628c147-1.jpg,test,Spitz,,0.6885033329857961,1,Alto,Test fuera de muestra
0c47e700c,data/raw_petfinder/train_images/0c47e700c-1.jpg,train,Poodle,,0.3244723927449926,0,Bajo,OOF desarrollo
76017363e,data/raw_petfinder/train_images/76017363e-1.jpg,train,Mixed Breed,Mixed Breed,0.3902270367032145,1,Bajo,OOF desarrollo
8de1c1ca1,data/raw_petfinder/train_images/8de1c1ca1-1.jpg,train,Mixed Breed,,0.4018559002150856,1,Bajo,OOF desarrollo
c432261a7,data/raw_petfinder/train_images/c432261a7-1.jpg,train,Mixed Breed,,0.3195815166026174,0,Bajo,OOF desarrollo
df9cc49a1,data/raw_petfinder/train_images/df9cc49a1-1.jpg,train,Mixed Breed,Mixed Breed,0.4819951006869779,1,Medio,OOF desarrollo
07e6b5eae,data/raw_petfinder/train_images/07e6b5eae-1.jpg,valid,Labrador Retriever,Mixed Breed,0.2962027424920853,0,Bajo,OOF desarrollo
0ff50cbd5,data/raw_petfinder/train_images/0ff50cbd5-1.jpg,train,Mixed Breed,,0.4554211812764578,1,Bajo,OOF desarrollo
8310e47df,data/raw_petfinder/train_images/8310e47df-1.jpg,valid,Mixed Breed,Mixed Breed,0.4549695884689328,1,Bajo,OOF desarrollo
dd4f3b8a8,data/raw_petfinder/train_images/dd4f3b8a8-1.jpg,valid,Mixed Breed,,0.3838685736564617,0,Bajo,OOF desarrollo
39816161d,data/raw_petfinder/train_images/39816161d-1.jpg,test,Mixed Breed,,0.392919096142352,1,Bajo,Test fuera de muestra
9d70a0499,data/raw_petfinder/train_images/9d70a0499-1.jpg,train,Mixed Breed,,0.4040317709155255,1,Bajo,OOF desarrollo
4a2270c3e,data/raw_petfinder/train_images/4a2270c3e-1.jpg,train,Mixed Breed,,0.4655242754185245,1,Medio,OOF desarrollo
d76e9dedd,data/raw_petfinder/train_images/d76e9dedd-1.jpg,train,Spitz,Mixed Breed,0.4252139840019452,1,Bajo,OOF desarrollo
d1f80f7d1,data/raw_petfinder/train_images/d1f80f7d1-1.jpg,train,Mixed Breed,,0.6089256869538516,1,Alto,OOF desarrollo
1d4adbcc2,data/raw_petfinder/train_images/1d4adbcc2-1.jpg,test,Mixed Breed,Mixed Breed,0.5991542527191696,1,Medio,Test fuera de muestra
7986a1870,data/raw_petfinder/train_images/7986a1870-1.jpg,test,Mixed Breed,,0.5696301942728011,1,Medio,Test fuera de muestra
15538a661,data/raw_petfinder/train_images/15538a661-1.jpg,train,Labrador Retriever,Mixed Breed,0.5947109821264724,1,Medio,OOF desarrollo
6bb85e53d,data/raw_petfinder/train_images/6bb85e53d-1.jpg,train,Mixed Breed,,0.597207105821807,1,Medio,OOF desarrollo
7a1f83080,data/raw_petfinder/train_images/7a1f83080-1.jpg,test,Mixed Breed,,0.4805484453473575,1,Medio,Test fuera de muestra
bbaa4a431,data/raw_petfinder/train_images/bbaa4a431-1.jpg,test,Mixed Breed,Mixed Breed,0.7831634895552468,1,Alto,Test fuera de muestra
10bbe5ea4,data/raw_petfinder/train_images/10bbe5ea4-1.jpg,test,Mixed Breed,,0.4532478728652097,1,Bajo,Test fuera de muestra
ffb33c204,data/raw_petfinder/train_images/ffb33c204-1.jpg,train,Mixed Breed,,0.4503901949803679,1,Bajo,OOF desarrollo
54ec12bf6,data/raw_petfinder/train_images/54ec12bf6-1.jpg,train,Mixed Breed,,0.3919152739766465,1,Bajo,OOF desarrollo
ded8d95c0,data/raw_petfinder/train_images/ded8d95c0-1.jpg,test,Mixed Breed,,0.7371422462041577,1,Alto,Test fuera de muestra
f8b975c1f,data/raw_petfinder/train_images/f8b975c1f-1.jpg,train,Mixed Breed,,0.6770230408469227,1,Alto,OOF desarrollo
311157c79,data/raw_petfinder/train_images/311157c79-1.jpg,valid,Mixed Breed,,0.5515432059709955,1,Medio,OOF desarrollo
ad6992c20,data/raw_petfinder/train_images/ad6992c20-1.jpg,train,Dachshund,Mixed Breed,0.4557438472863344,1,Bajo,OOF desarrollo
4c0de1708,data/raw_petfinder/train_images/4c0de1708-1.jpg,train,Poodle,Maltese,0.5875211844172301,1,Medio,OOF desarrollo
f5de721c8,data/raw_petfinder/train_images/f5de721c8-1.jpg,valid,Mixed Breed,,0.6339676753429839,1,Alto,OOF desarrollo
fe2cc3feb,data/raw_petfinder/train_images/fe2cc3feb-1.jpg,test,Mixed Breed,,0.3358511687723589,0,Bajo,Test fuera de muestra
24e800fa6,data/raw_petfinder/train_images/24e800fa6-1.jpg,train,Terrier,Mixed Breed,0.3638991307583789,0,Bajo,OOF desarrollo
02cf14499,data/raw_petfinder/train_images/02cf14499-1.jpg,train,Mixed Breed,,0.5744041664892412,1,Medio,OOF desarrollo
521e214ec,data/raw_petfinder/train_images/521e214ec-1.jpg,valid,Mixed Breed,,0.7805551033677547,1,Alto,OOF desarrollo
edd25890d,data/raw_petfinder/train_images/edd25890d-1.jpg,train,Golden Retriever,,0.4397703580749224,1,Bajo,OOF desarrollo
3d9b4bdc1,data/raw_petfinder/train_images/3d9b4bdc1-1.jpg,train,Mixed Breed,Mixed Breed,0.5229451116753637,1,Medio,OOF desarrollo
a1eb5f685,data/raw_petfinder/train_images/a1eb5f685-1.jpg,train,Mixed Breed,,0.4494333346086574,1,Bajo,OOF desarrollo
89792afe0,data/raw_petfinder/train_images/89792afe0-1.jpg,train,Mixed Breed,,0.4761522974977502,1,Medio,OOF desarrollo
c7f20f68c,data/raw_petfinder/train_images/c7f20f68c-1.jpg,train,Mixed Breed,Mixed Breed,0.8432465582803297,1,Alto,OOF desarrollo
e2c1b469e,data/raw_petfinder/train_images/e2c1b469e-1.jpg,train,Mixed Breed,Mixed Breed,0.4276252391180293,1,Bajo,OOF desarrollo
784ec5ba3,data/raw_petfinder/train_images/784ec5ba3-1.jpg,valid,Golden Retriever,Mixed Breed,0.5247459463585556,1,Medio,OOF desarrollo
65de38d1d,data/raw_petfinder/train_images/65de38d1d-1.jpg,train,Poodle,,0.2982881082494076,0,Bajo,OOF desarrollo
117059fe3,data/raw_petfinder/train_images/117059fe3-1.jpg,train,Pit Bull Terrier,,0.6863653325879925,1,Alto,OOF desarrollo
ac813296c,data/raw_petfinder/train_images/ac813296c-1.jpg,test,Mixed Breed,Beagle,0.7170883935093474,1,Alto,Test fuera de muestra
e456bf863,data/raw_petfinder/train_images/e456bf863-1.jpg,train,Mixed Breed,,0.3958295524839684,1,Bajo,OOF desarrollo
6b10d4880,data/raw_petfinder/train_images/6b10d4880-1.jpg,train,Yorkshire Terrier Yorkie,,0.3338429218994728,0,Bajo,OOF desarrollo
67839e63d,data/raw_petfinder/train_images/67839e63d-1.jpg,train,Labrador Retriever,Mixed Breed,0.3799333149470589,0,Bajo,OOF desarrollo
77014fe37,data/raw_petfinder/train_images/77014fe37-1.jpg,train,Mixed Breed,,0.8676843560304579,1,Alto,OOF desarrollo
8f1105e2a,data/raw_petfinder/train_images/8f1105e2a-1.jpg,train,Mixed Breed,,0.590889519126749,1,Medio,OOF desarrollo
55247ed35,data/raw_petfinder/train_images/55247ed35-1.jpg,test,Mixed Breed,,0.6227803535640245,1,Alto,Test fuera de muestra
6220663ba,data/raw_petfinder/train_images/6220663ba-1.jpg,train,Mixed Breed,Husky,0.7369003290194691,1,Alto,OOF desarrollo
b5486d844,data/raw_petfinder/train_images/b5486d844-1.jpg,train,Mixed Breed,,0.3626388469838387,0,Bajo,OOF desarrollo
48a2123f4,data/raw_petfinder/train_images/48a2123f4-1.jpg,train,Labrador Retriever,Mixed Breed,0.3229035840305589,0,Bajo,OOF desarrollo
d6ff1af86,data/raw_petfinder/train_images/d6ff1af86-1.jpg,train,Mixed Breed,,0.5307896896402289,1,Medio,OOF desarrollo
d76134f00,data/raw_petfinder/train_images/d76134f00-1.jpg,train,Mixed Breed,Terrier,0.3826531530841358,0,Bajo,OOF desarrollo
48594b089,data/raw_petfinder/train_images/48594b089-1.jpg,train,Mixed Breed,,0.3719407945889568,0,Bajo,OOF desarrollo
53f434ae8,data/raw_petfinder/train_images/53f434ae8-1.jpg,train,Mixed Breed,,0.8931286660064159,1,Alto,OOF desarrollo
e1a2d9477,data/raw_petfinder/train_images/e1a2d9477-1.jpg,train,Golden Retriever,Mixed Breed,0.4700023994273035,1,Medio,OOF desarrollo
558ca2c00,data/raw_petfinder/train_images/558ca2c00-1.jpg,train,Chihuahua,,0.2162900074459479,0,Bajo,OOF desarrollo
9deb1340f,data/raw_petfinder/train_images/9deb1340f-1.jpg,train,Mixed Breed,,0.5874572822590965,1,Medio,OOF desarrollo
3dae967f1,data/raw_petfinder/train_images/3dae967f1-1.jpg,valid,Mixed Breed,Mixed Breed,0.766617300140175,1,Alto,OOF desarrollo
a90161422,data/raw_petfinder/train_images/a90161422-1.jpg,test,Mixed Breed,,0.5581720183832513,1,Medio,Test fuera de muestra
67af2d880,data/raw_petfinder/train_images/67af2d880-1.jpg,train,Mixed Breed,,0.7950992799199113,1,Alto,OOF desarrollo
1e45f7387,data/raw_petfinder/train_images/1e45f7387-1.jpg,test,Mixed Breed,,0.4718082584279535,1,Medio,Test fuera de muestra
662564431,data/raw_petfinder/train_images/662564431-1.jpg,train,Mixed Breed,,0.4960716920095945,1,Medio,OOF desarrollo
73ec4c916,data/raw_petfinder/train_images/73ec4c916-1.jpg,train,Mixed Breed,,0.6131933521485555,1,Alto,OOF desarrollo
419d296e7,data/raw_petfinder/train_images/419d296e7-1.jpg,valid,Mixed Breed,,0.6731719463350234,1,Alto,OOF desarrollo
4dff83c9f,data/raw_petfinder/train_images/4dff83c9f-1.jpg,test,Mixed Breed,,0.2733155440360182,0,Bajo,Test fuera de muestra
8cee52ff2,data/raw_petfinder/train_images/8cee52ff2-1.jpg,train,Mixed Breed,,0.6900923682338365,1,Alto,OOF desarrollo
0cbe33a44,data/raw_petfinder/train_images/0cbe33a44-1.jpg,train,Spitz,,0.4214105532221547,1,Bajo,OOF desarrollo
91c4cb54d,data/raw_petfinder/train_images/91c4cb54d-1.jpg,test,Scottish Terrier Scottie,Mixed Breed,0.398553519569881,1,Bajo,Test fuera de muestra
2a6bb49f5,data/raw_petfinder/train_images/2a6bb49f5-1.jpg,train,Mixed Breed,,0.3752088772162805,0,Bajo,OOF desarrollo
d08efa704,data/raw_petfinder/train_images/d08efa704-1.jpg,test,Silky Terrier,,0.5030665650532775,1,Medio,Test fuera de muestra
c70867d90,data/raw_petfinder/train_images/c70867d90-1.jpg,test,German Shepherd Dog,,0.3747990956890737,0,Bajo,Test fuera de muestra
f11772123,data/raw_petfinder/train_images/f11772123-1.jpg,train,Mixed Breed,Mixed Breed,0.6132240213466652,1,Alto,OOF desarrollo
eec3cbd6e,data/raw_petfinder/train_images/eec3cbd6e-1.jpg,train,Mixed Breed,Labrador Retriever,0.5528155620300716,1,Medio,OOF desarrollo
ee8bf2efb,data/raw_petfinder/train_images/ee8bf2efb-1.jpg,train,Mixed Breed,Mixed Breed,0.6563865091003807,1,Alto,OOF desarrollo
44a541574,data/raw_petfinder/train_images/44a541574-1.jpg,test,Golden Retriever,,0.5447702060202068,1,Medio,Test fuera de muestra
8bf424910,data/raw_petfinder/train_images/8bf424910-1.jpg,train,Mixed Breed,,0.3536127203898151,0,Bajo,OOF desarrollo
f135e422d,data/raw_petfinder/train_images/f135e422d-1.jpg,test,Mixed Breed,Rottweiler,0.3371817588288172,0,Bajo,Test fuera de muestra
09ef02857,data/raw_petfinder/train_images/09ef02857-1.jpg,train,Mixed Breed,,0.6734993754977634,1,Alto,OOF desarrollo
847a8b31d,data/raw_petfinder/train_images/847a8b31d-1.jpg,valid,Mixed Breed,,0.8189385111952543,1,Alto,OOF desarrollo
6c44c99ef,data/raw_petfinder/train_images/6c44c99ef-1.jpg,train,Mixed Breed,,0.7200384276671195,1,Alto,OOF desarrollo
9160fdb5f,data/raw_petfinder/train_images/9160fdb5f-1.jpg,test,Mixed Breed,,0.5836817737902165,1,Medio,Test fuera de muestra
8132fabfd,data/raw_petfinder/train_images/8132fabfd-1.jpg,train,Mixed Breed,Mixed Breed,0.4100128353817467,1,Bajo,OOF desarrollo
0244298a9,data/raw_petfinder/train_images/0244298a9-1.jpg,test,Mixed Breed,,0.4166740403845858,1,Bajo,Test fuera de muestra
787a8c11d,data/raw_petfinder/train_images/787a8c11d-1.jpg,train,Pekingese,,0.6713856526695179,1,Alto,OOF desarrollo
35d9045fb,data/raw_petfinder/train_images/35d9045fb-1.jpg,valid,Mixed Breed,,0.4774871899167979,1,Medio,OOF desarrollo
8cc02d983,data/raw_petfinder/train_images/8cc02d983-1.jpg,test,Mixed Breed,,0.528034834719115,1,Medio,Test fuera de muestra
01928bd13,data/raw_petfinder/train_images/01928bd13-1.jpg,train,Cocker Spaniel,Cocker Spaniel,0.3622935331224091,0,Bajo,OOF desarrollo
618bb4def,data/raw_petfinder/train_images/618bb4def-1.jpg,valid,Mixed Breed,Mixed Breed,0.7870833967567725,1,Alto,OOF desarrollo
3a8f24615,data/raw_petfinder/train_images/3a8f24615-1.jpg,valid,Golden Retriever,,0.3910693280850093,1,Bajo,OOF desarrollo
bbdcd94a9,data/raw_petfinder/train_images/bbdcd94a9-1.jpg,train,West Highland White Terrier Westie,Mixed Breed,0.4936221622280807,1,Medio,OOF desarrollo
e239373ff,data/raw_petfinder/train_images/e239373ff-1.jpg,valid,Mixed Breed,,0.4219262306702463,1,Bajo,OOF desarrollo
3517189ab,data/raw_petfinder/train_images/3517189ab-1.jpg,train,Mixed Breed,,0.3299970762801867,0,Bajo,OOF desarrollo
b73c5a1b7,data/raw_petfinder/train_images/b73c5a1b7-1.jpg,train,Mixed Breed,,0.8721282668912036,1,Alto,OOF desarrollo
7193a5332,data/raw_petfinder/train_images/7193a5332-1.jpg,train,Mixed Breed,,0.7378838832131027,1,Alto,OOF desarrollo
81670cf7e,data/raw_petfinder/train_images/81670cf7e-1.jpg,test,Mixed Breed,,0.2616667197252875,0,Bajo,Test fuera de muestra
055825f1c,data/raw_petfinder/train_images/055825f1c-1.jpg,test,Mixed Breed,Mixed Breed,0.4950087519395409,1,Medio,Test fuera de muestra
a37a24a58,data/raw_petfinder/train_images/a37a24a58-1.jpg,train,Hound,Mixed Breed,0.6782490261341126,1,Alto,OOF desarrollo
a12589a09,data/raw_petfinder/train_images/a12589a09-1.jpg,train,Mixed Breed,,0.4205022951838592,1,Bajo,OOF desarrollo
8e343f4df,data/raw_petfinder/train_images/8e343f4df-1.jpg,train,Mixed Breed,,0.4301178269938013,1,Bajo,OOF desarrollo
3c43b7541,data/raw_petfinder/train_images/3c43b7541-1.jpg,train,Mixed Breed,,0.6602182065686806,1,Alto,OOF desarrollo
3e9a56447,data/raw_petfinder/train_images/3e9a56447-1.jpg,train,Mixed Breed,Dalmatian,0.6088594310041239,1,Alto,OOF desarrollo
dc9557824,data/raw_petfinder/train_images/dc9557824-1.jpg,train,Mixed Breed,,0.6749759180958059,1,Alto,OOF desarrollo
4ad9ea6f0,data/raw_petfinder/train_images/4ad9ea6f0-1.jpg,train,Mixed Breed,,0.670967140255007,1,Alto,OOF desarrollo
1d5a59ca9,data/raw_petfinder/train_images/1d5a59ca9-1.jpg,test,Mixed Breed,Mixed Breed,0.494884099231393,1,Medio,Test fuera de muestra
113bc00e8,data/raw_petfinder/train_images/113bc00e8-1.jpg,train,Mixed Breed,,0.612090946762592,1,Alto,OOF desarrollo
0c200f7a6,data/raw_petfinder/train_images/0c200f7a6-1.jpg,train,Airedale Terrier,,0.3872977950582774,0,Bajo,OOF desarrollo
967fa3210,data/raw_petfinder/train_images/967fa3210-1.jpg,valid,Mixed Breed,,0.8553866732963064,1,Alto,OOF desarrollo
525947b88,data/raw_petfinder/train_images/525947b88-1.jpg,train,Poodle,Poodle,0.5814230988812723,1,Medio,OOF desarrollo
62817491e,data/raw_petfinder/train_images/62817491e-1.jpg,test,Mixed Breed,,0.4803754403738118,1,Medio,Test fuera de muestra
a6396a580,data/raw_petfinder/train_images/a6396a580-1.jpg,train,Silky Terrier,Mixed Breed,0.5948122637052663,1,Medio,OOF desarrollo
a40a8c0ce,data/raw_petfinder/train_images/a40a8c0ce-1.jpg,valid,Mixed Breed,,0.423249906677931,1,Bajo,OOF desarrollo
40ea976de,data/raw_petfinder/train_images/40ea976de-1.jpg,train,Labrador Retriever,,0.3246651470282716,0,Bajo,OOF desarrollo
f4c9a0b24,data/raw_petfinder/train_images/f4c9a0b24-1.jpg,train,Mixed Breed,Spitz,0.4818799757490187,1,Medio,OOF desarrollo
a6a0b1762,data/raw_petfinder/train_images/a6a0b1762-1.jpg,train,Mixed Breed,,0.7064814988776489,1,Alto,OOF desarrollo
a7d65135d,data/raw_petfinder/train_images/a7d65135d-1.jpg,valid,Mixed Breed,,0.5694130014140678,1,Medio,OOF desarrollo
adfa73768,data/raw_petfinder/train_images/adfa73768-1.jpg,train,Mixed Breed,,0.661607274293801,1,Alto,OOF desarrollo
93bffe78b,data/raw_petfinder/train_images/93bffe78b-1.jpg,test,Mixed Breed,,0.6742824677940398,1,Alto,Test fuera de muestra
5accbdfad,data/raw_petfinder/train_images/5accbdfad-1.jpg,test,Mixed Breed,,0.5373672312497239,1,Medio,Test fuera de muestra
6c7db281b,data/raw_petfinder/train_images/6c7db281b-1.jpg,train,Mixed Breed,Terrier,0.6878140206912494,1,Alto,OOF desarrollo
ac6adc2e4,data/raw_petfinder/train_images/ac6adc2e4-1.jpg,train,Mixed Breed,Mixed Breed,0.3127427095386478,0,Bajo,OOF desarrollo
59903171d,data/raw_petfinder/train_images/59903171d-1.jpg,train,Mixed Breed,,0.4593061269474642,1,Medio,OOF desarrollo
3bedb1ef9,data/raw_petfinder/train_images/3bedb1ef9-1.jpg,train,Mixed Breed,,0.6388632959536327,1,Alto,OOF desarrollo
53db5839b,data/raw_petfinder/train_images/53db5839b-1.jpg,test,Mixed Breed,,0.439042330932747,1,Bajo,Test fuera de muestra
a839e26eb,data/raw_petfinder/train_images/a839e26eb-1.jpg,train,Mixed Breed,,0.6345897218150507,1,Alto,OOF desarrollo
bf1762a3a,data/raw_petfinder/train_images/bf1762a3a-1.jpg,test,Mixed Breed,,0.8422786546569191,1,Alto,Test fuera de muestra
ccf24ab8f,data/raw_petfinder/train_images/ccf24ab8f-1.jpg,test,Mixed Breed,,0.7527603925075927,1,Alto,Test fuera de muestra
094ba0325,data/raw_petfinder/train_images/094ba0325-1.jpg,train,Golden Retriever,Spaniel,0.4516834297313347,1,Bajo,OOF desarrollo
bce2ed853,data/raw_petfinder/train_images/bce2ed853-1.jpg,valid,Belgian Shepherd Malinois,Rottweiler,0.501762591558483,1,Medio,OOF desarrollo
4cc67e8b3,data/raw_petfinder/train_images/4cc67e8b3-1.jpg,train,Mixed Breed,Belgian Shepherd Malinois,0.6560682111361558,1,Alto,OOF desarrollo
38470b3c1,data/raw_petfinder/train_images/38470b3c1-1.jpg,valid,Beagle,,0.516625629802808,1,Medio,OOF desarrollo
bc22c806a,data/raw_petfinder/train_images/bc22c806a-1.jpg,train,Mixed Breed,,0.516580453958832,1,Medio,OOF desarrollo
096c37d99,data/raw_petfinder/train_images/096c37d99-1.jpg,train,Mixed Breed,,0.5739967697603028,1,Medio,OOF desarrollo
51cdc726a,data/raw_petfinder/train_images/51cdc726a-1.jpg,train,Mixed Breed,,0.7069054220705144,1,Alto,OOF desarrollo
e9ac456b3,data/raw_petfinder/train_images/e9ac456b3-1.jpg,valid,Mixed Breed,,0.7355972978081661,1,Alto,OOF desarrollo
d55faa0ff,data/raw_petfinder/train_images/d55faa0ff-1.jpg,valid,Collie,Mixed Breed,0.4277585285595537,1,Bajo,OOF desarrollo
329058ec1,data/raw_petfinder/train_images/329058ec1-1.jpg,train,Mixed Breed,,0.5314972533853846,1,Medio,OOF desarrollo
bb2c896c5,data/raw_petfinder/train_images/bb2c896c5-1.jpg,train,Shih Tzu,,0.3564020179271187,0,Bajo,OOF desarrollo
03c1e47b4,data/raw_petfinder/train_images/03c1e47b4-1.jpg,train,Spitz,Mixed Breed,0.6356881883523203,1,Alto,OOF desarrollo
354e9fc50,data/raw_petfinder/train_images/354e9fc50-1.jpg,test,Mixed Breed,,0.7694011185478262,1,Alto,Test fuera de muestra
4b7f7fcca,data/raw_petfinder/train_images/4b7f7fcca-1.jpg,train,Mixed Breed,Labrador Retriever,0.421823787912569,1,Bajo,OOF desarrollo
4c4ba8c4e,data/raw_petfinder/train_images/4c4ba8c4e-1.jpg,train,Mixed Breed,,0.3303947773285784,0,Bajo,OOF desarrollo
011350faf,data/raw_petfinder/train_images/011350faf-1.jpg,train,Mixed Breed,,0.7024565915436056,1,Alto,OOF desarrollo
c554f052c,data/raw_petfinder/train_images/c554f052c-1.jpg,valid,Shih Tzu,,0.2352236931269953,0,Bajo,OOF desarrollo
a30ec0916,data/raw_petfinder/train_images/a30ec0916-1.jpg,test,Mixed Breed,Mixed Breed,0.6933274597463434,1,Alto,Test fuera de muestra
1f7363767,data/raw_petfinder/train_images/1f7363767-1.jpg,train,Mixed Breed,,0.3822784548630299,0,Bajo,OOF desarrollo
2aac3e0ac,data/raw_petfinder/train_images/2aac3e0ac-1.jpg,train,Mixed Breed,Mixed Breed,0.5184906418247515,1,Medio,OOF desarrollo
7998c5869,data/raw_petfinder/train_images/7998c5869-1.jpg,test,Spitz,,0.5206077335290245,1,Medio,Test fuera de muestra
1a61a5963,data/raw_petfinder/train_images/1a61a5963-1.jpg,train,Mixed Breed,,0.3936588852619316,1,Bajo,OOF desarrollo
cba8264f9,data/raw_petfinder/train_images/cba8264f9-1.jpg,test,Mixed Breed,Chihuahua,0.663778821451132,1,Alto,Test fuera de muestra
ecd574ddb,data/raw_petfinder/train_images/ecd574ddb-1.jpg,train,Mixed Breed,Terrier,0.4992325454560028,1,Medio,OOF desarrollo
e58bebf13,data/raw_petfinder/train_images/e58bebf13-1.jpg,train,Terrier,Mixed Breed,0.4924909198819266,1,Medio,OOF desarrollo
a1543decd,data/raw_petfinder/train_images/a1543decd-1.jpg,train,Mixed Breed,,0.6778344161003083,1,Alto,OOF desarrollo
0f27a7baa,data/raw_petfinder/train_images/0f27a7baa-1.jpg,valid,Mixed Breed,,0.3224762450401244,0,Bajo,OOF desarrollo
15600cfea,data/raw_petfinder/train_images/15600cfea-1.jpg,valid,Mixed Breed,,0.4729690575997108,1,Medio,OOF desarrollo
6a393b32a,data/raw_petfinder/train_images/6a393b32a-1.jpg,train,Mixed Breed,,0.4515333092227712,1,Bajo,OOF desarrollo
36f07fbe0,data/raw_petfinder/train_images/36f07fbe0-1.jpg,test,German Spitz,,0.6742943400357405,1,Alto,Test fuera de muestra
836b6e6f3,data/raw_petfinder/train_images/836b6e6f3-1.jpg,test,Mixed Breed,,0.8002335233279743,1,Alto,Test fuera de muestra
3863ab300,data/raw_petfinder/train_images/3863ab300-1.jpg,test,Mixed Breed,,0.4202715272164221,1,Bajo,Test fuera de muestra
50682d0f1,data/raw_petfinder/train_images/50682d0f1-1.jpg,valid,Mixed Breed,,0.8586792314216116,1,Alto,OOF desarrollo
b0ad07cfc,data/raw_petfinder/train_images/b0ad07cfc-1.jpg,test,Mixed Breed,,0.5792983967969636,1,Medio,Test fuera de muestra
af9325798,data/raw_petfinder/train_images/af9325798-1.jpg,test,Mixed Breed,,0.5092280402086377,1,Medio,Test fuera de muestra
c7726d2a4,data/raw_petfinder/train_images/c7726d2a4-1.jpg,test,Schnauzer,,0.637586837203866,1,Alto,Test fuera de muestra
a7d9451a5,data/raw_petfinder/train_images/a7d9451a5-1.jpg,valid,Shih Tzu,Mixed Breed,0.3417168154670746,0,Bajo,OOF desarrollo
cff311279,data/raw_petfinder/train_images/cff311279-1.jpg,train,Mixed Breed,,0.5399673849059518,1,Medio,OOF desarrollo
51b7034e6,data/raw_petfinder/train_images/51b7034e6-1.jpg,test,Mixed Breed,,0.5614387904074349,1,Medio,Test fuera de muestra
fa87afa7d,data/raw_petfinder/train_images/fa87afa7d-1.jpg,valid,Terrier,Mixed Breed,0.5217426594884977,1,Medio,OOF desarrollo
792e8c192,data/raw_petfinder/train_images/792e8c192-1.jpg,test,Terrier,Mixed Breed,0.6249064342081111,1,Alto,Test fuera de muestra
a3d8c3aaa,data/raw_petfinder/train_images/a3d8c3aaa-1.jpg,train,Mixed Breed,,0.3539874934253044,0,Bajo,OOF desarrollo
e3ae90795,data/raw_petfinder/train_images/e3ae90795-1.jpg,train,Mixed Breed,Spitz,0.7283559911342896,1,Alto,OOF desarrollo
7117c4553,data/raw_petfinder/train_images/7117c4553-1.jpg,valid,Jack Russell Terrier,,0.5457902879751252,1,Medio,OOF desarrollo
86aeb2732,data/raw_petfinder/train_images/86aeb2732-1.jpg,train,Mixed Breed,,0.3499567037095389,0,Bajo,OOF desarrollo
799a41eba,data/raw_petfinder/train_images/799a41eba-1.jpg,train,Greyhound,,0.6346806387149309,1,Alto,OOF desarrollo
f21f48009,data/raw_petfinder/train_images/f21f48009-1.jpg,train,Spitz,Pomeranian,0.3730425427241531,0,Bajo,OOF desarrollo
777f82721,data/raw_petfinder/train_images/777f82721-1.jpg,valid,Mixed Breed,Mixed Breed,0.4979229823640806,1,Medio,OOF desarrollo
7115607a0,data/raw_petfinder/train_images/7115607a0-1.jpg,valid,Golden Retriever,Labrador Retriever,0.3634442764214908,0,Bajo,OOF desarrollo
fde52ef8f,data/raw_petfinder/train_images/fde52ef8f-1.jpg,test,Miniature Pinscher,,0.6005403457817978,1,Medio,Test fuera de muestra
0c28877b7,data/raw_petfinder/train_images/0c28877b7-1.jpg,train,Mixed Breed,Mixed Breed,0.5371170001898314,1,Medio,OOF desarrollo
b67a29908,data/raw_petfinder/train_images/b67a29908-1.jpg,train,Mixed Breed,,0.4289773994984786,1,Bajo,OOF desarrollo
97b469d4b,data/raw_petfinder/train_images/97b469d4b-1.jpg,test,Labrador Retriever,,0.6563326025244742,1,Alto,Test fuera de muestra
527071e27,data/raw_petfinder/train_images/527071e27-1.jpg,train,Mixed Breed,,0.3859813833296879,0,Bajo,OOF desarrollo
fcb565f06,data/raw_petfinder/train_images/fcb565f06-1.jpg,train,Schnauzer,,0.2640970517824652,0,Bajo,OOF desarrollo
c59d7c9f3,data/raw_petfinder/train_images/c59d7c9f3-1.jpg,valid,Mixed Breed,,0.5216275167683218,1,Medio,OOF desarrollo
f98e4f7b6,data/raw_petfinder/train_images/f98e4f7b6-1.jpg,train,Mixed Breed,,0.5596868842904072,1,Medio,OOF desarrollo
b4bf9e247,data/raw_petfinder/train_images/b4bf9e247-1.jpg,valid,Labrador Retriever,Mixed Breed,0.3953835617451895,1,Bajo,OOF desarrollo
eda903960,data/raw_petfinder/train_images/eda903960-1.jpg,train,Mixed Breed,,0.5486312559899162,1,Medio,OOF desarrollo
115d6458f,data/raw_petfinder/train_images/115d6458f-1.jpg,train,Mixed Breed,,0.6053679551592444,1,Alto,OOF desarrollo
ec4ed9fe6,data/raw_petfinder/train_images/ec4ed9fe6-1.jpg,valid,Mixed Breed,,0.5952988388526443,1,Medio,OOF desarrollo
28af5e0d3,data/raw_petfinder/train_images/28af5e0d3-1.jpg,test,Mixed Breed,,0.4839242402422716,1,Medio,Test fuera de muestra
6ca8ebdbd,data/raw_petfinder/train_images/6ca8ebdbd-1.jpg,train,Mixed Breed,Mixed Breed,0.35468350175612,0,Bajo,OOF desarrollo
201ea7802,data/raw_petfinder/train_images/201ea7802-1.jpg,valid,Mixed Breed,,0.4702167487419164,1,Medio,OOF desarrollo
e73b8f98b,data/raw_petfinder/train_images/e73b8f98b-1.jpg,train,Mixed Breed,,0.3584203142020917,0,Bajo,OOF desarrollo
207c30391,data/raw_petfinder/train_images/207c30391-1.jpg,train,Mixed Breed,Mixed Breed,0.8212112866008343,1,Alto,OOF desarrollo
843738a2a,data/raw_petfinder/train_images/843738a2a-1.jpg,test,Mixed Breed,Mixed Breed,0.5085520428789171,1,Medio,Test fuera de muestra
a9495309b,data/raw_petfinder/train_images/a9495309b-1.jpg,train,Mixed Breed,,0.4725116990217807,1,Medio,OOF desarrollo
ae5f13659,data/raw_petfinder/train_images/ae5f13659-1.jpg,test,Mixed Breed,,0.50525435218791,1,Medio,Test fuera de muestra
1bf4a2ca7,data/raw_petfinder/train_images/1bf4a2ca7-1.jpg,valid,Mixed Breed,,0.4423108910640634,1,Bajo,OOF desarrollo
11f773e2f,data/raw_petfinder/train_images/11f773e2f-1.jpg,train,Mixed Breed,Mixed Breed,0.4176715789783587,1,Bajo,OOF desarrollo
fd740c8dc,data/raw_petfinder/train_images/fd740c8dc-1.jpg,train,Mixed Breed,Rottweiler,0.436514058320174,1,Bajo,OOF desarrollo
72bfc767c,data/raw_petfinder/train_images/72bfc767c-1.jpg,train,Labrador Retriever,Mixed Breed,0.5824167595572831,1,Medio,OOF desarrollo
bde40e198,data/raw_petfinder/train_images/bde40e198-1.jpg,train,Mixed Breed,,0.4910533701511664,1,Medio,OOF desarrollo
954243934,data/raw_petfinder/train_images/954243934-1.jpg,train,Mixed Breed,,0.5874386375831384,1,Medio,OOF desarrollo
9b2aaf395,data/raw_petfinder/train_images/9b2aaf395-1.jpg,train,Rottweiler,Mixed Breed,0.5266805725926805,1,Medio,OOF desarrollo
527b6112b,data/raw_petfinder/train_images/527b6112b-1.jpg,train,Mixed Breed,,0.6575646320382187,1,Alto,OOF desarrollo
e276617a4,data/raw_petfinder/train_images/e276617a4-1.jpg,test,Labrador Retriever,,0.5340695051690162,1,Medio,Test fuera de muestra
bfaca902b,data/raw_petfinder/train_images/bfaca902b-1.jpg,train,Mixed Breed,,0.6519854698568281,1,Alto,OOF desarrollo
a9c968c38,data/raw_petfinder/train_images/a9c968c38-1.jpg,train,Schnauzer,,0.5846621510416283,1,Medio,OOF desarrollo
9430042a3,data/raw_petfinder/train_images/9430042a3-1.jpg,test,Mixed Breed,,0.7610254318423455,1,Alto,Test fuera de muestra
ab67afee5,data/raw_petfinder/train_images/ab67afee5-1.jpg,train,Mixed Breed,,0.5740099419853486,1,Medio,OOF desarrollo
90489eccb,data/raw_petfinder/train_images/90489eccb-1.jpg,train,Mixed Breed,,0.5090373737147239,1,Medio,OOF desarrollo
8facdc86a,data/raw_petfinder/train_images/8facdc86a-1.jpg,test,Mixed Breed,,0.4574941764877348,1,Bajo,Test fuera de muestra
3d6f14681,data/raw_petfinder/train_images/3d6f14681-1.jpg,train,Mixed Breed,Mixed Breed,0.6546446859891668,1,Alto,OOF desarrollo
cb8193d43,data/raw_petfinder/train_images/cb8193d43-1.jpg,train,Mixed Breed,,0.4132741910452082,1,Bajo,OOF desarrollo
bd2dc39e7,data/raw_petfinder/train_images/bd2dc39e7-1.jpg,train,Mixed Breed,,0.6015263178041135,1,Medio,OOF desarrollo
447be811f,data/raw_petfinder/train_images/447be811f-1.jpg,train,Mixed Breed,,0.6195858742004056,1,Alto,OOF desarrollo
5eb355cea,data/raw_petfinder/train_images/5eb355cea-1.jpg,valid,Miniature Pinscher,Mixed Breed,0.6891774900242558,1,Alto,OOF desarrollo
ed7cde89e,data/raw_petfinder/train_images/ed7cde89e-1.jpg,valid,Mixed Breed,,0.7834920154148913,1,Alto,OOF desarrollo
1c723cf91,data/raw_petfinder/train_images/1c723cf91-1.jpg,test,Mixed Breed,,0.6518872370367932,1,Alto,Test fuera de muestra
73c4d95a2,data/raw_petfinder/train_images/73c4d95a2-1.jpg,valid,Mixed Breed,,0.6376267919358343,1,Alto,OOF desarrollo
8685a0b1c,data/raw_petfinder/train_images/8685a0b1c-1.jpg,train,Mixed Breed,,0.3590335356327347,0,Bajo,OOF desarrollo
a7402f657,data/raw_petfinder/train_images/a7402f657-1.jpg,train,Mixed Breed,,0.3834181016592307,0,Bajo,OOF desarrollo
5a17ff971,data/raw_petfinder/train_images/5a17ff971-1.jpg,test,Pit Bull Terrier,Mixed Breed,0.3991028542107442,1,Bajo,Test fuera de muestra
17be61e34,data/raw_petfinder/train_images/17be61e34-1.jpg,train,Terrier,Border Collie,0.5061297256521546,1,Medio,OOF desarrollo
a4e56218b,data/raw_petfinder/train_images/a4e56218b-1.jpg,test,Cocker Spaniel,Mixed Breed,0.3158612967955406,0,Bajo,Test fuera de muestra
ece82128e,data/raw_petfinder/train_images/ece82128e-1.jpg,valid,Mixed Breed,Mixed Breed,0.4780342475563198,1,Medio,OOF desarrollo
3859838cf,data/raw_petfinder/train_images/3859838cf-1.jpg,test,Mixed Breed,Jack Russell Terrier,0.627597089982924,1,Alto,Test fuera de muestra
b04a0dd9e,data/raw_petfinder/train_images/b04a0dd9e-1.jpg,test,Mixed Breed,,0.2943586119872459,0,Bajo,Test fuera de muestra
410490c8d,data/raw_petfinder/train_images/410490c8d-1.jpg,train,Mixed Breed,,0.5586547147196441,1,Medio,OOF desarrollo
081f88f27,data/raw_petfinder/train_images/081f88f27-1.jpg,train,Mixed Breed,,0.4796225903067885,1,Medio,OOF desarrollo
1e5aeb31d,data/raw_petfinder/train_images/1e5aeb31d-1.jpg,test,Rottweiler,Mixed Breed,0.452251791772941,1,Bajo,Test fuera de muestra
295b1eef3,data/raw_petfinder/train_images/295b1eef3-1.jpg,train,Golden Retriever,,0.2474074841583374,0,Bajo,OOF desarrollo
94dac1ddf,data/raw_petfinder/train_images/94dac1ddf-1.jpg,valid,Mixed Breed,Mixed Breed,0.3886905238232842,0,Bajo,OOF desarrollo
252b8d395,data/raw_petfinder/train_images/252b8d395-1.jpg,test,Mixed Breed,,0.5671449233969975,1,Medio,Test fuera de muestra
85078bc71,data/raw_petfinder/train_images/85078bc71-1.jpg,test,Dalmatian,,0.472839110856306,1,Medio,Test fuera de muestra
0d25fb291,data/raw_petfinder/train_images/0d25fb291-1.jpg,train,Mixed Breed,Labrador Retriever,0.5221982516044517,1,Medio,OOF desarrollo
34090e9d6,data/raw_petfinder/train_images/34090e9d6-1.jpg,test,Mixed Breed,,0.5458344304919052,1,Medio,Test fuera de muestra
b833f9624,data/raw_petfinder/train_images/b833f9624-1.jpg,train,Mixed Breed,,0.5873181938496025,1,Medio,OOF desarrollo
e6292a7b6,data/raw_petfinder/train_images/e6292a7b6-1.jpg,test,Mixed Breed,Mixed Breed,0.3765743352490409,0,Bajo,Test fuera de muestra
cbc7dc778,data/raw_petfinder/train_images/cbc7dc778-1.jpg,test,Mixed Breed,Mixed Breed,0.7154096867557908,1,Alto,Test fuera de muestra
6a6756c71,data/raw_petfinder/train_images/6a6756c71-1.jpg,train,Mixed Breed,Mixed Breed,0.467771551775475,1,Medio,OOF desarrollo
91b580948,data/raw_petfinder/train_images/91b580948-1.jpg,train,Mixed Breed,,0.5343931563943647,1,Medio,OOF desarrollo
c0de58288,data/raw_petfinder/train_images/c0de58288-1.jpg,train,Mixed Breed,,0.6499827133942707,1,Alto,OOF desarrollo
c88eebfdd,data/raw_petfinder/train_images/c88eebfdd-1.jpg,valid,Mixed Breed,,0.5117215434556499,1,Medio,OOF desarrollo
b89a89c58,data/raw_petfinder/train_images/b89a89c58-1.jpg,train,Mixed Breed,,0.2879475850935932,0,Bajo,OOF desarrollo
6ec9364a7,data/raw_petfinder/train_images/6ec9364a7-1.jpg,train,Beagle,,0.3931342179198051,1,Bajo,OOF desarrollo
e63a7dd84,data/raw_petfinder/train_images/e63a7dd84-1.jpg,valid,Poodle,Terrier,0.6021697703511202,1,Medio,OOF desarrollo
33a8b9601,data/raw_petfinder/train_images/33a8b9601-1.jpg,train,Welsh Corgi,,0.4642376575979101,1,Medio,OOF desarrollo
092c46fdd,data/raw_petfinder/train_images/092c46fdd-1.jpg,train,Mixed Breed,,0.5376843955639948,1,Medio,OOF desarrollo
dcdb6907c,data/raw_petfinder/train_images/dcdb6907c-1.jpg,test,Mixed Breed,,0.321856342271377,0,Bajo,Test fuera de muestra
279ca5034,data/raw_petfinder/train_images/279ca5034-1.jpg,valid,Mixed Breed,,0.8416770143941313,1,Alto,OOF desarrollo
14bbc5876,data/raw_petfinder/train_images/14bbc5876-1.jpg,valid,Mixed Breed,,0.5807732703162937,1,Medio,OOF desarrollo
96b39751e,data/raw_petfinder/train_images/96b39751e-1.jpg,train,Mixed Breed,,0.3491243778149592,0,Bajo,OOF desarrollo
bd05c2f75,data/raw_petfinder/train_images/bd05c2f75-1.jpg,train,German Shepherd Dog,Mixed Breed,0.4832921883142413,1,Medio,OOF desarrollo
b677eae2a,data/raw_petfinder/train_images/b677eae2a-1.jpg,test,Labrador Retriever,Labrador Retriever,0.498435140199732,1,Medio,Test fuera de muestra
e5e06c8dd,data/raw_petfinder/train_images/e5e06c8dd-1.jpg,train,Bullmastiff,Mixed Breed,0.4606858452510505,1,Medio,OOF desarrollo
0bf9dfa21,data/raw_petfinder/train_images/0bf9dfa21-1.jpg,train,Mixed Breed,,0.6192517797995071,1,Alto,OOF desarrollo
d7976886b,data/raw_petfinder/train_images/d7976886b-1.jpg,train,Mixed Breed,,0.627695266473772,1,Alto,OOF desarrollo
2f4eb5847,data/raw_petfinder/train_images/2f4eb5847-1.jpg,valid,Rottweiler,,0.3147058082232436,0,Bajo,OOF desarrollo
7e3d0e3f0,data/raw_petfinder/train_images/7e3d0e3f0-1.jpg,train,Mixed Breed,,0.8180067456007194,1,Alto,OOF desarrollo
a963a6979,data/raw_petfinder/train_images/a963a6979-1.jpg,valid,Mixed Breed,,0.8217133435081638,1,Alto,OOF desarrollo
97a020fe8,data/raw_petfinder/train_images/97a020fe8-1.jpg,valid,Mixed Breed,,0.4648766236725024,1,Medio,OOF desarrollo
081c2daa0,data/raw_petfinder/train_images/081c2daa0-1.jpg,train,Mixed Breed,Mixed Breed,0.2496880349443674,0,Bajo,OOF desarrollo
b34a57b41,data/raw_petfinder/train_images/b34a57b41-1.jpg,test,Mixed Breed,,0.3954442712116671,1,Bajo,Test fuera de muestra
d560b8003,data/raw_petfinder/train_images/d560b8003-1.jpg,train,Mixed Breed,Mixed Breed,0.4545010853325473,1,Bajo,OOF desarrollo
8b6690d89,data/raw_petfinder/train_images/8b6690d89-1.jpg,train,Mixed Breed,,0.552834008034553,1,Medio,OOF desarrollo
863738ca1,data/raw_petfinder/train_images/863738ca1-1.jpg,valid,Labrador Retriever,Mixed Breed,0.5878789717761131,1,Medio,OOF desarrollo
b7910b841,data/raw_petfinder/train_images/b7910b841-1.jpg,train,Mixed Breed,,0.2392360002563798,0,Bajo,OOF desarrollo
e9e82ad8f,data/raw_petfinder/train_images/e9e82ad8f-1.jpg,train,Shih Tzu,,0.3399956949144297,0,Bajo,OOF desarrollo
39b3fe88f,data/raw_petfinder/train_images/39b3fe88f-1.jpg,valid,Mixed Breed,,0.7408454753136847,1,Alto,OOF desarrollo
d672df50c,data/raw_petfinder/train_images/d672df50c-1.jpg,test,Mixed Breed,Mixed Breed,0.4166117172781779,1,Bajo,Test fuera de muestra
77e679018,data/raw_petfinder/train_images/77e679018-1.jpg,train,Schnauzer,,0.3307045394194426,0,Bajo,OOF desarrollo
b7656e70f,data/raw_petfinder/train_images/b7656e70f-1.jpg,test,Mixed Breed,Mixed Breed,0.4781764115445236,1,Medio,Test fuera de muestra
b66715e26,data/raw_petfinder/train_images/b66715e26-1.jpg,test,Pug,,0.4464591713488566,1,Bajo,Test fuera de muestra
502d58dea,data/raw_petfinder/train_images/502d58dea-1.jpg,test,Poodle,Shih Tzu,0.3601573637368651,0,Bajo,Test fuera de muestra
a0c15424b,data/raw_petfinder/train_images/a0c15424b-1.jpg,train,Shih Tzu,Shih Tzu,0.3987206921236955,1,Bajo,OOF desarrollo
1f72d4b56,data/raw_petfinder/train_images/1f72d4b56-1.jpg,train,Mixed Breed,Mixed Breed,0.3574171359450435,0,Bajo,OOF desarrollo
d965d6f3a,data/raw_petfinder/train_images/d965d6f3a-1.jpg,valid,Mixed Breed,,0.6578374813417831,1,Alto,OOF desarrollo
d8a48180b,data/raw_petfinder/train_images/d8a48180b-1.jpg,test,Mixed Breed,Mixed Breed,0.4620847425566299,1,Medio,Test fuera de muestra
489466e53,data/raw_petfinder/train_images/489466e53-1.jpg,train,Mixed Breed,German Shepherd Dog,0.5006061797843369,1,Medio,OOF desarrollo
cbefe3979,data/raw_petfinder/train_images/cbefe3979-1.jpg,train,Mixed Breed,,0.4577695411304271,1,Bajo,OOF desarrollo
7b36167be,data/raw_petfinder/train_images/7b36167be-1.jpg,train,Poodle,,0.430225985101875,1,Bajo,OOF desarrollo
a2b2abe02,data/raw_petfinder/train_images/a2b2abe02-1.jpg,train,Mixed Breed,,0.5255006314378888,1,Medio,OOF desarrollo
919820452,data/raw_petfinder/train_images/919820452-1.jpg,valid,Mixed Breed,,0.7506211092583568,1,Alto,OOF desarrollo
d7fac1aa9,data/raw_petfinder/train_images/d7fac1aa9-1.jpg,train,Mixed Breed,,0.6400439779485853,1,Alto,OOF desarrollo
ddc3af1ee,data/raw_petfinder/train_images/ddc3af1ee-1.jpg,train,Mixed Breed,,0.4117824791017742,1,Bajo,OOF desarrollo
bf9fe33d0,data/raw_petfinder/train_images/bf9fe33d0-1.jpg,train,Mixed Breed,,0.6013571114404324,1,Medio,OOF desarrollo
f64813f9e,data/raw_petfinder/train_images/f64813f9e-1.jpg,train,Dalmatian,,0.5553288790536269,1,Medio,OOF desarrollo
e6c3faeed,data/raw_petfinder/train_images/e6c3faeed-1.jpg,test,Mixed Breed,,0.4921348307087884,1,Medio,Test fuera de muestra
8d05a7ab1,data/raw_petfinder/train_images/8d05a7ab1-1.jpg,valid,Mixed Breed,Mixed Breed,0.535764599767646,1,Medio,OOF desarrollo
e2f718e94,data/raw_petfinder/train_images/e2f718e94-1.jpg,train,Mixed Breed,,0.655431872267187,1,Alto,OOF desarrollo
b93a2c373,data/raw_petfinder/train_images/b93a2c373-1.jpg,train,Mixed Breed,,0.7023515103752911,1,Alto,OOF desarrollo
30bfebc76,data/raw_petfinder/train_images/30bfebc76-1.jpg,test,Mixed Breed,,0.7228979692965638,1,Alto,Test fuera de muestra
ea2542b58,data/raw_petfinder/train_images/ea2542b58-1.jpg,train,Mixed Breed,,0.3632317661210044,0,Bajo,OOF desarrollo
4d8bf7feb,data/raw_petfinder/train_images/4d8bf7feb-1.jpg,train,Mixed Breed,,0.6106738489655261,1,Alto,OOF desarrollo
10554e146,data/raw_petfinder/train_images/10554e146-1.jpg,train,Mixed Breed,,0.3062544917379929,0,Bajo,OOF desarrollo
f5ebfd099,data/raw_petfinder/train_images/f5ebfd099-1.jpg,train,Mixed Breed,Mixed Breed,0.4908715745913551,1,Medio,OOF desarrollo
f5e496f46,data/raw_petfinder/train_images/f5e496f46-1.jpg,train,English Bulldog,,0.5920922934186934,1,Medio,OOF desarrollo
c4ab38782,data/raw_petfinder/train_images/c4ab38782-1.jpg,test,Mixed Breed,,0.5101897692184094,1,Medio,Test fuera de muestra
d4e96e3ce,data/raw_petfinder/train_images/d4e96e3ce-1.jpg,valid,Mixed Breed,,0.7595423989402647,1,Alto,OOF desarrollo
f20390dba,data/raw_petfinder/train_images/f20390dba-1.jpg,train,Mixed Breed,Mixed Breed,0.7941437451551208,1,Alto,OOF desarrollo
f61e89a28,data/raw_petfinder/train_images/f61e89a28-1.jpg,valid,Belgian Shepherd Malinois,Mixed Breed,0.6487313600386946,1,Alto,OOF desarrollo
487f74408,data/raw_petfinder/train_images/487f74408-1.jpg,train,Mixed Breed,,0.5303100032035798,1,Medio,OOF desarrollo
49fac4dc6,data/raw_petfinder/train_images/49fac4dc6-1.jpg,train,Mixed Breed,,0.4840859450659344,1,Medio,OOF desarrollo
98673487c,data/raw_petfinder/train_images/98673487c-1.jpg,train,Mixed Breed,,0.5846179156236644,1,Medio,OOF desarrollo
6326e5387,data/raw_petfinder/train_images/6326e5387-1.jpg,train,Mixed Breed,,0.4379729715962152,1,Bajo,OOF desarrollo
19cd32fd6,data/raw_petfinder/train_images/19cd32fd6-1.jpg,valid,Mixed Breed,,0.4257501430775445,1,Bajo,OOF desarrollo
d4c3abf4c,data/raw_petfinder/train_images/d4c3abf4c-1.jpg,train,Mixed Breed,,0.8119152347961368,1,Alto,OOF desarrollo
1368f0b22,data/raw_petfinder/train_images/1368f0b22-1.jpg,test,Rottweiler,,0.4144733022295856,1,Bajo,Test fuera de muestra
ff8e7c016,data/raw_petfinder/train_images/ff8e7c016-1.jpg,train,Terrier,Mixed Breed,0.6129550192848128,1,Alto,OOF desarrollo
4a7fe0b83,data/raw_petfinder/train_images/4a7fe0b83-1.jpg,train,Mixed Breed,,0.4941836233960825,1,Medio,OOF desarrollo
839aa5fd0,data/raw_petfinder/train_images/839aa5fd0-1.jpg,valid,Cocker Spaniel,,0.3179289301572553,0,Bajo,OOF desarrollo
63647ce22,data/raw_petfinder/train_images/63647ce22-1.jpg,train,Mixed Breed,,0.7456867660761851,1,Alto,OOF desarrollo
8b0310013,data/raw_petfinder/train_images/8b0310013-1.jpg,train,Mixed Breed,Mixed Breed,0.3301483963303176,0,Bajo,OOF desarrollo
43ff07bab,data/raw_petfinder/train_images/43ff07bab-1.jpg,train,Mixed Breed,Mixed Breed,0.6751788346903828,1,Alto,OOF desarrollo
095cba2c7,data/raw_petfinder/train_images/095cba2c7-1.jpg,train,Mixed Breed,,0.5437623760680279,1,Medio,OOF desarrollo
f895c20f3,data/raw_petfinder/train_images/f895c20f3-1.jpg,train,Mixed Breed,,0.4794118708394328,1,Medio,OOF desarrollo
5ab714faa,data/raw_petfinder/train_images/5ab714faa-1.jpg,train,Mixed Breed,,0.3692067722611679,0,Bajo,OOF desarrollo
0b4a33baa,data/raw_petfinder/train_images/0b4a33baa-1.jpg,valid,Mixed Breed,,0.6290949849417216,1,Alto,OOF desarrollo
f4cf82def,data/raw_petfinder/train_images/f4cf82def-1.jpg,test,Labrador Retriever,,0.2538670099816158,0,Bajo,Test fuera de muestra
3711579ed,data/raw_petfinder/train_images/3711579ed-1.jpg,train,Mixed Breed,Mixed Breed,0.5301974457837633,1,Medio,OOF desarrollo
ae886e80d,data/raw_petfinder/train_images/ae886e80d-1.jpg,train,Mixed Breed,,0.5152712848662506,1,Medio,OOF desarrollo
c0b3f2081,data/raw_petfinder/train_images/c0b3f2081-1.jpg,valid,Mixed Breed,Mixed Breed,0.4639388355452223,1,Medio,OOF desarrollo
ab13611c9,data/raw_petfinder/train_images/ab13611c9-1.jpg,train,Mixed Breed,,0.7704983408972594,1,Alto,OOF desarrollo
5afa2e561,data/raw_petfinder/train_images/5afa2e561-1.jpg,train,Mixed Breed,,0.7554146991179652,1,Alto,OOF desarrollo
5e5038eb5,data/raw_petfinder/train_images/5e5038eb5-1.jpg,train,Golden Retriever,,0.5745291004069686,1,Medio,OOF desarrollo
7b79e52f0,data/raw_petfinder/train_images/7b79e52f0-1.jpg,train,Mixed Breed,,0.4224106229116525,1,Bajo,OOF desarrollo
a0fb13b2e,data/raw_petfinder/train_images/a0fb13b2e-1.jpg,train,Jack Russell Terrier,,0.5657084871427196,1,Medio,OOF desarrollo
0e922caab,data/raw_petfinder/train_images/0e922caab-1.jpg,test,Poodle,,0.3304776672433558,0,Bajo,Test fuera de muestra
c59c51828,data/raw_petfinder/train_images/c59c51828-1.jpg,train,Mixed Breed,,0.4949666550178929,1,Medio,OOF desarrollo
db27a0a42,data/raw_petfinder/train_images/db27a0a42-1.jpg,train,Mixed Breed,,0.7053276719353708,1,Alto,OOF desarrollo
0e8a11aaa,data/raw_petfinder/train_images/0e8a11aaa-1.jpg,test,Mixed Breed,Mixed Breed,0.6795020725470803,1,Alto,Test fuera de muestra
fc537bc7f,data/raw_petfinder/train_images/fc537bc7f-1.jpg,test,Rottweiler,,0.6583983195754883,1,Alto,Test fuera de muestra
a3d9bc3aa,data/raw_petfinder/train_images/a3d9bc3aa-1.jpg,train,Mixed Breed,,0.7044687330836488,1,Alto,OOF desarrollo
b0c2a069c,data/raw_petfinder/train_images/b0c2a069c-1.jpg,train,Maltese,Mixed Breed,0.3924535042007863,1,Bajo,OOF desarrollo
d7c0647d0,data/raw_petfinder/train_images/d7c0647d0-1.jpg,valid,Mixed Breed,,0.3494587507495911,0,Bajo,OOF desarrollo
ccb658698,data/raw_petfinder/train_images/ccb658698-1.jpg,train,Dalmatian,Labrador Retriever,0.380214068638605,0,Bajo,OOF desarrollo
cea6df421,data/raw_petfinder/train_images/cea6df421-1.jpg,valid,Mixed Breed,Mixed Breed,0.5218649753239483,1,Medio,OOF desarrollo
d18d572dd,data/raw_petfinder/train_images/d18d572dd-1.jpg,train,Mixed Breed,,0.5929327689951307,1,Medio,OOF desarrollo
12c65f314,data/raw_petfinder/train_images/12c65f314-1.jpg,train,Mixed Breed,,0.7967238947755166,1,Alto,OOF desarrollo
22230a3ea,data/raw_petfinder/train_images/22230a3ea-1.jpg,train,Shih Tzu,,0.5021290605836419,1,Medio,OOF desarrollo
11bb6fca2,data/raw_petfinder/train_images/11bb6fca2-1.jpg,train,Mixed Breed,,0.3921534374902539,1,Bajo,OOF desarrollo
6da091c79,data/raw_petfinder/train_images/6da091c79-1.jpg,train,Miniature Pinscher,Mixed Breed,0.302832866599294,0,Bajo,OOF desarrollo
e9c78e9fb,data/raw_petfinder/train_images/e9c78e9fb-1.jpg,train,Mixed Breed,,0.6389930521081415,1,Alto,OOF desarrollo
2bfc5658b,data/raw_petfinder/train_images/2bfc5658b-1.jpg,train,Mixed Breed,,0.3641796947716967,0,Bajo,OOF desarrollo
763264fa2,data/raw_petfinder/train_images/763264fa2-1.jpg,valid,Jack Russell Terrier,Mixed Breed,0.3427424832344324,0,Bajo,OOF desarrollo
df1d3b1ec,data/raw_petfinder/train_images/df1d3b1ec-1.jpg,valid,Mixed Breed,,0.4240060024262042,1,Bajo,OOF desarrollo
a65ec6d03,data/raw_petfinder/train_images/a65ec6d03-1.jpg,train,Poodle,,0.4464475501815075,1,Bajo,OOF desarrollo
971817521,data/raw_petfinder/train_images/971817521-1.jpg,test,Terrier,Mixed Breed,0.3473884000958528,0,Bajo,Test fuera de muestra
8a0a8eec0,data/raw_petfinder/train_images/8a0a8eec0-1.jpg,test,Mixed Breed,,0.625504323847149,1,Alto,Test fuera de muestra
9e5672e85,data/raw_petfinder/train_images/9e5672e85-1.jpg,train,Mixed Breed,Mixed Breed,0.5500713763767684,1,Medio,OOF desarrollo
fc2ac0b04,data/raw_petfinder/train_images/fc2ac0b04-1.jpg,train,Mixed Breed,,0.3999767278246205,1,Bajo,OOF desarrollo
8b01f5e06,data/raw_petfinder/train_images/8b01f5e06-1.jpg,train,Mixed Breed,,0.5517777828446382,1,Medio,OOF desarrollo
0627105f6,data/raw_petfinder/train_images/0627105f6-1.jpg,train,Mixed Breed,,0.3480852645621892,0,Bajo,OOF desarrollo
c5574bf3d,data/raw_petfinder/train_images/c5574bf3d-1.jpg,test,Beagle,Mixed Breed,0.366356455220698,0,Bajo,Test fuera de muestra
3735485c1,data/raw_petfinder/train_images/3735485c1-1.jpg,train,Mixed Breed,,0.355931303753629,0,Bajo,OOF desarrollo
f48b3cebb,data/raw_petfinder/train_images/f48b3cebb-1.jpg,valid,Mixed Breed,,0.8254291864583836,1,Alto,OOF desarrollo
9ed8dd7a7,data/raw_petfinder/train_images/9ed8dd7a7-1.jpg,train,Mixed Breed,,0.3397220114561018,0,Bajo,OOF desarrollo
ab4ef2577,data/raw_petfinder/train_images/ab4ef2577-1.jpg,valid,Mixed Breed,,0.5216128214650905,1,Medio,OOF desarrollo
d6d9a938f,data/raw_petfinder/train_images/d6d9a938f-1.jpg,train,Mixed Breed,,0.7156669887151419,1,Alto,OOF desarrollo
804d08f42,data/raw_petfinder/train_images/804d08f42-1.jpg,train,Mixed Breed,,0.5652531436028025,1,Medio,OOF desarrollo
1398adca0,data/raw_petfinder/train_images/1398adca0-1.jpg,train,Jack Russell Terrier,Mixed Breed,0.567814497727568,1,Medio,OOF desarrollo
26cd1c2ee,data/raw_petfinder/train_images/26cd1c2ee-1.jpg,valid,Mixed Breed,,0.7632051811560797,1,Alto,OOF desarrollo
02d66a1be,data/raw_petfinder/train_images/02d66a1be-1.jpg,train,Mixed Breed,Jack Russell Terrier,0.5759186356882549,1,Medio,OOF desarrollo
33f89cb83,data/raw_petfinder/train_images/33f89cb83-1.jpg,train,Mixed Breed,,0.5035096070636609,1,Medio,OOF desarrollo
4470adc62,data/raw_petfinder/train_images/4470adc62-1.jpg,train,Mixed Breed,,0.5248036925334234,1,Medio,OOF desarrollo
f824e33a8,data/raw_petfinder/train_images/f824e33a8-1.jpg,train,Mixed Breed,,0.542439699466073,1,Medio,OOF desarrollo
f54d6a569,data/raw_petfinder/train_images/f54d6a569-1.jpg,train,Schnauzer,Poodle,0.3202131210067171,0,Bajo,OOF desarrollo
f89f0e01d,data/raw_petfinder/train_images/f89f0e01d-1.jpg,test,Mixed Breed,Terrier,0.4906987452013249,1,Medio,Test fuera de muestra
401fcc4c5,data/raw_petfinder/train_images/401fcc4c5-1.jpg,valid,Mixed Breed,Mixed Breed,0.6589612726936656,1,Alto,OOF desarrollo
773243cf2,data/raw_petfinder/train_images/773243cf2-1.jpg,train,Mixed Breed,Mixed Breed,0.3958313078050319,1,Bajo,OOF desarrollo
8ecb9aab0,data/raw_petfinder/train_images/8ecb9aab0-1.jpg,train,Shih Tzu,,0.3822163277905263,0,Bajo,OOF desarrollo
0e6b24bc4,data/raw_petfinder/train_images/0e6b24bc4-1.jpg,train,Poodle,,0.4205622380401084,1,Bajo,OOF desarrollo
93ae9be69,data/raw_petfinder/train_images/93ae9be69-1.jpg,train,Mixed Breed,,0.5124409653508978,1,Medio,OOF desarrollo
df706fd55,data/raw_petfinder/train_images/df706fd55-1.jpg,train,Mixed Breed,Mixed Breed,0.5236782735124612,1,Medio,OOF desarrollo
351586450,data/raw_petfinder/train_images/351586450-1.jpg,train,Mixed Breed,,0.3021152507832872,0,Bajo,OOF desarrollo
828f0e616,data/raw_petfinder/train_images/828f0e616-1.jpg,train,Miniature Pinscher,Mixed Breed,0.774547107150865,1,Alto,OOF desarrollo
d8603dd80,data/raw_petfinder/train_images/d8603dd80-1.jpg,train,Mixed Breed,Mixed Breed,0.8282864617044894,1,Alto,OOF desarrollo
5b7ead040,data/raw_petfinder/train_images/5b7ead040-1.jpg,train,Mixed Breed,,0.5393260555000997,1,Medio,OOF desarrollo
890127ff5,data/raw_petfinder/train_images/890127ff5-1.jpg,train,Mixed Breed,,0.508615246599887,1,Medio,OOF desarrollo
71edb3344,data/raw_petfinder/train_images/71edb3344-1.jpg,valid,Mixed Breed,,0.4051540990346743,1,Bajo,OOF desarrollo
308034707,data/raw_petfinder/train_images/308034707-1.jpg,train,Mixed Breed,,0.4673631585305728,1,Medio,OOF desarrollo
7abf263f7,data/raw_petfinder/train_images/7abf263f7-1.jpg,test,Mixed Breed,,0.7819048537964619,1,Alto,Test fuera de muestra
69c1801cb,data/raw_petfinder/train_images/69c1801cb-1.jpg,valid,Mixed Breed,Mixed Breed,0.6115845697341342,1,Alto,OOF desarrollo
a462b563c,data/raw_petfinder/train_images/a462b563c-1.jpg,valid,Mixed Breed,,0.5241879308750839,1,Medio,OOF desarrollo
1dbcdd322,data/raw_petfinder/train_images/1dbcdd322-1.jpg,train,Schnauzer,,0.6115798639279704,1,Alto,OOF desarrollo
87e6807c7,data/raw_petfinder/train_images/87e6807c7-1.jpg,train,Mixed Breed,,0.6728246893956411,1,Alto,OOF desarrollo
0459c7bb7,data/raw_petfinder/train_images/0459c7bb7-1.jpg,valid,Terrier,Mixed Breed,0.4432343888077683,1,Bajo,OOF desarrollo
3330252db,data/raw_petfinder/train_images/3330252db-1.jpg,valid,Bullmastiff,Mixed Breed,0.3208437140487709,0,Bajo,OOF desarrollo
c2e22f843,data/raw_petfinder/train_images/c2e22f843-1.jpg,train,Mixed Breed,,0.4799098563381733,1,Medio,OOF desarrollo
0db65104a,data/raw_petfinder/train_images/0db65104a-1.jpg,train,Mixed Breed,,0.4602828767670474,1,Medio,OOF desarrollo
49e140a8e,data/raw_petfinder/train_images/49e140a8e-1.jpg,train,Mixed Breed,Mixed Breed,0.4091064695005606,1,Bajo,OOF desarrollo
7b8a09f2d,data/raw_petfinder/train_images/7b8a09f2d-1.jpg,test,Golden Retriever,,0.2913259540414528,0,Bajo,Test fuera de muestra
9295d02bd,data/raw_petfinder/train_images/9295d02bd-1.jpg,train,Mixed Breed,,0.3330420193163912,0,Bajo,OOF desarrollo
9c8209bae,data/raw_petfinder/train_images/9c8209bae-1.jpg,valid,Miniature Pinscher,Spitz,0.4618709316053495,1,Medio,OOF desarrollo
474294e01,data/raw_petfinder/train_images/474294e01-1.jpg,test,Mixed Breed,Mixed Breed,0.3375051653428055,0,Bajo,Test fuera de muestra
44fff524f,data/raw_petfinder/train_images/44fff524f-1.jpg,train,Mixed Breed,Mixed Breed,0.5665307594835463,1,Medio,OOF desarrollo
ab87287a4,data/raw_petfinder/train_images/ab87287a4-1.jpg,test,Mixed Breed,,0.6902651750839879,1,Alto,Test fuera de muestra
62c16fa1a,data/raw_petfinder/train_images/62c16fa1a-1.jpg,train,Mixed Breed,Mixed Breed,0.390861745048125,1,Bajo,OOF desarrollo
676b51817,data/raw_petfinder/train_images/676b51817-1.jpg,train,Mixed Breed,,0.682749102042081,1,Alto,OOF desarrollo
e911008b8,data/raw_petfinder/train_images/e911008b8-1.jpg,train,Mixed Breed,,0.7451250619433445,1,Alto,OOF desarrollo
a16f85c6f,data/raw_petfinder/train_images/a16f85c6f-1.jpg,test,Mixed Breed,,0.7023637456191159,1,Alto,Test fuera de muestra
1da3eb996,data/raw_petfinder/train_images/1da3eb996-1.jpg,train,Mixed Breed,,0.3758476206831814,0,Bajo,OOF desarrollo
2a154e41c,data/raw_petfinder/train_images/2a154e41c-1.jpg,test,Toy Fox Terrier,Mixed Breed,0.3257358650571025,0,Bajo,Test fuera de muestra
006610fe3,data/raw_petfinder/train_images/006610fe3-1.jpg,train,Mixed Breed,,0.6991819466420032,1,Alto,OOF desarrollo
05fb5b403,data/raw_petfinder/train_images/05fb5b403-1.jpg,test,Mixed Breed,,0.5613988336988167,1,Medio,Test fuera de muestra
3f3e1f288,data/raw_petfinder/train_images/3f3e1f288-1.jpg,train,Mixed Breed,,0.6030787716353021,1,Medio,OOF desarrollo
c0b1f82b1,data/raw_petfinder/train_images/c0b1f82b1-1.jpg,train,Mixed Breed,,0.6692388928710792,1,Alto,OOF desarrollo
ba7d1a755,data/raw_petfinder/train_images/ba7d1a755-1.jpg,train,Mixed Breed,Mixed Breed,0.5209384700491329,1,Medio,OOF desarrollo
e9e4424a6,data/raw_petfinder/train_images/e9e4424a6-1.jpg,train,Mixed Breed,,0.7451885064827888,1,Alto,OOF desarrollo
d1a9104a1,data/raw_petfinder/train_images/d1a9104a1-1.jpg,train,Mixed Breed,,0.3290155037628703,0,Bajo,OOF desarrollo
d6715d925,data/raw_petfinder/train_images/d6715d925-1.jpg,test,Mixed Breed,,0.4179323858232744,1,Bajo,Test fuera de muestra
0e1a2937a,data/raw_petfinder/train_images/0e1a2937a-1.jpg,train,Mixed Breed,Mixed Breed,0.502465720429289,1,Medio,OOF desarrollo
475564ad6,data/raw_petfinder/train_images/475564ad6-1.jpg,valid,Jack Russell Terrier,Mixed Breed,0.5646062138526091,1,Medio,OOF desarrollo
597ff6946,data/raw_petfinder/train_images/597ff6946-1.jpg,train,Mixed Breed,,0.6582818998913453,1,Alto,OOF desarrollo
3d9784a88,data/raw_petfinder/train_images/3d9784a88-1.jpg,valid,Mixed Breed,,0.4055547983653518,1,Bajo,OOF desarrollo
290cdc8ee,data/raw_petfinder/train_images/290cdc8ee-1.jpg,test,Shih Tzu,,0.2132461769004389,0,Bajo,Test fuera de muestra
44a0c16bc,data/raw_petfinder/train_images/44a0c16bc-1.jpg,test,Shih Tzu,,0.5242809993008913,1,Medio,Test fuera de muestra
bb2a61d2b,data/raw_petfinder/train_images/bb2a61d2b-1.jpg,train,Mixed Breed,,0.4905412788265991,1,Medio,OOF desarrollo
3050bd8df,data/raw_petfinder/train_images/3050bd8df-1.jpg,train,Mixed Breed,,0.678557385359073,1,Alto,OOF desarrollo
c6de9b701,data/raw_petfinder/train_images/c6de9b701-1.jpg,train,Mixed Breed,,0.6984173679973927,1,Alto,OOF desarrollo
cfae2101c,data/raw_petfinder/train_images/cfae2101c-1.jpg,train,Mixed Breed,,0.6330583463844276,1,Alto,OOF desarrollo
de1f49c9d,data/raw_petfinder/train_images/de1f49c9d-1.jpg,valid,Mixed Breed,,0.7984285828600521,1,Alto,OOF desarrollo
e093c4886,data/raw_petfinder/train_images/e093c4886-1.jpg,test,Mixed Breed,,0.3614656318985267,0,Bajo,Test fuera de muestra
cf2e67122,data/raw_petfinder/train_images/cf2e67122-1.jpg,train,Mixed Breed,Mixed Breed,0.6088212490374956,1,Alto,OOF desarrollo
b5931099f,data/raw_petfinder/train_images/b5931099f-1.jpg,train,Golden Retriever,,0.4973154807072055,1,Medio,OOF desarrollo
0a4b42306,data/raw_petfinder/train_images/0a4b42306-1.jpg,train,Golden Retriever,,0.3977273767625163,1,Bajo,OOF desarrollo
1e7e220d7,data/raw_petfinder/train_images/1e7e220d7-1.jpg,train,Mixed Breed,,0.6567265358573775,1,Alto,OOF desarrollo
f0e24b0aa,data/raw_petfinder/train_images/f0e24b0aa-1.jpg,train,Mixed Breed,,0.6913619550468775,1,Alto,OOF desarrollo
a4b85d322,data/raw_petfinder/train_images/a4b85d322-1.jpg,train,Mixed Breed,Labrador Retriever,0.6183417615243858,1,Alto,OOF desarrollo
0eaa0e3c6,data/raw_petfinder/train_images/0eaa0e3c6-1.jpg,test,Schnauzer,,0.5101629704670289,1,Medio,Test fuera de muestra
dbea554c3,data/raw_petfinder/train_images/dbea554c3-1.jpg,train,Mixed Breed,,0.4910440308568995,1,Medio,OOF desarrollo
ecc64a258,data/raw_petfinder/train_images/ecc64a258-1.jpg,train,Mixed Breed,Mixed Breed,0.5956634131881758,1,Medio,OOF desarrollo
fcdf10cb0,data/raw_petfinder/train_images/fcdf10cb0-1.jpg,test,Mixed Breed,,0.6371451916494191,1,Alto,Test fuera de muestra
95af010cb,data/raw_petfinder/train_images/95af010cb-1.jpg,train,Mixed Breed,,0.5678471262471586,1,Medio,OOF desarrollo
d86f635fb,data/raw_petfinder/train_images/d86f635fb-1.jpg,valid,Mixed Breed,,0.4565005643825821,1,Bajo,OOF desarrollo
7fe0a86f8,data/raw_petfinder/train_images/7fe0a86f8-1.jpg,test,Golden Retriever,Mixed Breed,0.6532602596050346,1,Alto,Test fuera de muestra
1e753137d,data/raw_petfinder/train_images/1e753137d-1.jpg,test,Schnauzer,,0.5446021299026791,1,Medio,Test fuera de muestra
3485ea1db,data/raw_petfinder/train_images/3485ea1db-1.jpg,train,Mixed Breed,,0.6108835932132872,1,Alto,OOF desarrollo
191043d9c,data/raw_petfinder/train_images/191043d9c-1.jpg,train,Mixed Breed,,0.6447709066057121,1,Alto,OOF desarrollo
83976eb62,data/raw_petfinder/train_images/83976eb62-1.jpg,train,Mixed Breed,,0.6432922199726816,1,Alto,OOF desarrollo
d3b4b6a8a,data/raw_petfinder/train_images/d3b4b6a8a-1.jpg,train,Mixed Breed,,0.5262090132746514,1,Medio,OOF desarrollo
e7176bba4,data/raw_petfinder/train_images/e7176bba4-1.jpg,train,Border Collie,Australian Shepherd,0.5654848592424784,1,Medio,OOF desarrollo
710126170,data/raw_petfinder/train_images/710126170-1.jpg,test,Beagle,,0.3488450222603488,0,Bajo,Test fuera de muestra
75f94bea0,data/raw_petfinder/train_images/75f94bea0-1.jpg,valid,Mixed Breed,Mixed Breed,0.7782270636752058,1,Alto,OOF desarrollo
ba72b4212,data/raw_petfinder/train_images/ba72b4212-1.jpg,train,Mixed Breed,,0.5871939457849124,1,Medio,OOF desarrollo
1adb69797,data/raw_petfinder/train_images/1adb69797-1.jpg,train,Mixed Breed,,0.347241732215898,0,Bajo,OOF desarrollo
9351715a9,data/raw_petfinder/train_images/9351715a9-1.jpg,test,Mixed Breed,,0.7832462245421408,1,Alto,Test fuera de muestra
08bfdc66f,data/raw_petfinder/train_images/08bfdc66f-1.jpg,train,Beagle,Mixed Breed,0.7673802329000476,1,Alto,OOF desarrollo
27e8956dc,data/raw_petfinder/train_images/27e8956dc-1.jpg,test,Mixed Breed,,0.5684320882350645,1,Medio,Test fuera de muestra
cb11e3261,data/raw_petfinder/train_images/cb11e3261-1.jpg,train,Mixed Breed,,0.4933328248176656,1,Medio,OOF desarrollo
33752346b,data/raw_petfinder/train_images/33752346b-1.jpg,train,Mixed Breed,,0.5696196825326107,1,Medio,OOF desarrollo
133af5fc3,data/raw_petfinder/train_images/133af5fc3-1.jpg,train,Beagle,Mixed Breed,0.687729023918711,1,Alto,OOF desarrollo
5043a32cb,data/raw_petfinder/train_images/5043a32cb-1.jpg,train,Beagle,Mixed Breed,0.4129194139837556,1,Bajo,OOF desarrollo
bbb0a9ac2,data/raw_petfinder/train_images/bbb0a9ac2-1.jpg,train,Dalmatian,Dalmatian,0.4102830362374002,1,Bajo,OOF desarrollo
ab1777794,data/raw_petfinder/train_images/ab1777794-1.jpg,train,Mixed Breed,,0.5663582472914398,1,Medio,OOF desarrollo
65ba8b6a0,data/raw_petfinder/train_images/65ba8b6a0-1.jpg,train,Mixed Breed,,0.4728345713711684,1,Medio,OOF desarrollo
19a36eaab,data/raw_petfinder/train_images/19a36eaab-1.jpg,valid,Mixed Breed,,0.5569423178548958,1,Medio,OOF desarrollo
c6d91de2b,data/raw_petfinder/train_images/c6d91de2b-1.jpg,test,Mixed Breed,,0.4858599692413677,1,Medio,Test fuera de muestra
998488372,data/raw_petfinder/train_images/998488372-1.jpg,train,Mixed Breed,Rottweiler,0.6210004256922614,1,Alto,OOF desarrollo
a678a4342,data/raw_petfinder/train_images/a678a4342-1.jpg,train,Beagle,Mixed Breed,0.6141647604858294,1,Alto,OOF desarrollo
7f4e5c2a0,data/raw_petfinder/train_images/7f4e5c2a0-1.jpg,test,Mixed Breed,,0.7211948908901433,1,Alto,Test fuera de muestra
8cfcbd9bb,data/raw_petfinder/train_images/8cfcbd9bb-1.jpg,test,Beagle,Beagle,0.4936849307202054,1,Medio,Test fuera de muestra
56f7b3216,data/raw_petfinder/train_images/56f7b3216-1.jpg,train,Mixed Breed,,0.7811526788300057,1,Alto,OOF desarrollo
637186543,data/raw_petfinder/train_images/637186543-1.jpg,train,Mixed Breed,,0.7955886824117071,1,Alto,OOF desarrollo
187b92014,data/raw_petfinder/train_images/187b92014-1.jpg,train,Mixed Breed,Mixed Breed,0.3874676349109662,0,Bajo,OOF desarrollo
7ed568ab9,data/raw_petfinder/train_images/7ed568ab9-1.jpg,train,Schnauzer,,0.3930312112545795,1,Bajo,OOF desarrollo
e468bfbca,data/raw_petfinder/train_images/e468bfbca-1.jpg,train,Mixed Breed,Mixed Breed,0.3066937712740407,0,Bajo,OOF desarrollo
a37c82165,data/raw_petfinder/train_images/a37c82165-1.jpg,train,Mixed Breed,,0.5446671241255563,1,Medio,OOF desarrollo
c7e8a87dc,data/raw_petfinder/train_images/c7e8a87dc-1.jpg,train,Bull Terrier,,0.6646360798662654,1,Alto,OOF desarrollo
269a6756f,data/raw_petfinder/train_images/269a6756f-1.jpg,valid,Mixed Breed,Affenpinscher,0.1878495177333024,0,Bajo,OOF desarrollo
cad25c91b,data/raw_petfinder/train_images/cad25c91b-1.jpg,test,Mixed Breed,,0.556820475785356,1,Medio,Test fuera de muestra
84057a73d,data/raw_petfinder/train_images/84057a73d-1.jpg,train,Mixed Breed,,0.6196836512756564,1,Alto,OOF desarrollo
97b32f734,data/raw_petfinder/train_images/97b32f734-1.jpg,test,Spitz,,0.512875572847766,1,Medio,Test fuera de muestra
f8d3b2e51,data/raw_petfinder/train_images/f8d3b2e51-1.jpg,test,Mixed Breed,,0.3082615728980006,0,Bajo,Test fuera de muestra
6df28d790,data/raw_petfinder/train_images/6df28d790-1.jpg,test,Mixed Breed,,0.4630933596743657,1,Medio,Test fuera de muestra
282c90ff4,data/raw_petfinder/train_images/282c90ff4-1.jpg,train,Mixed Breed,,0.6468690878100751,1,Alto,OOF desarrollo
b71eb2942,data/raw_petfinder/train_images/b71eb2942-1.jpg,train,Golden Retriever,,0.4205525080120166,1,Bajo,OOF desarrollo
1ff9cda01,data/raw_petfinder/train_images/1ff9cda01-1.jpg,train,Mixed Breed,,0.4061856665252807,1,Bajo,OOF desarrollo
30764a1fa,data/raw_petfinder/train_images/30764a1fa-1.jpg,test,Labrador Retriever,Mixed Breed,0.5539840240940623,1,Medio,Test fuera de muestra
189bb90dc,data/raw_petfinder/train_images/189bb90dc-1.jpg,train,Belgian Shepherd Malinois,,0.2092831897355152,0,Bajo,OOF desarrollo
a929a9f48,data/raw_petfinder/train_images/a929a9f48-1.jpg,train,Mixed Breed,,0.2984312002144422,0,Bajo,OOF desarrollo
391da7c7d,data/raw_petfinder/train_images/391da7c7d-1.jpg,train,Mixed Breed,,0.5096095486785741,1,Medio,OOF desarrollo
8ad937f6c,data/raw_petfinder/train_images/8ad937f6c-1.jpg,test,Mixed Breed,,0.3563045015871563,0,Bajo,Test fuera de muestra
f26f1acb2,data/raw_petfinder/train_images/f26f1acb2-1.jpg,test,Shih Tzu,,0.3610407737748413,0,Bajo,Test fuera de muestra
953e3ebd4,data/raw_petfinder/train_images/953e3ebd4-1.jpg,valid,Belgian Shepherd Malinois,Mixed Breed,0.6022915153978221,1,Medio,OOF desarrollo
283d93104,data/raw_petfinder/train_images/283d93104-1.jpg,train,Mixed Breed,,0.5001099175795266,1,Medio,OOF desarrollo
44ddc2e22,data/raw_petfinder/train_images/44ddc2e22-1.jpg,train,Shih Tzu,,0.3918090537434917,1,Bajo,OOF desarrollo
0146f6d2c,data/raw_petfinder/train_images/0146f6d2c-1.jpg,train,Mixed Breed,,0.4554179265079426,1,Bajo,OOF desarrollo
469bd2504,data/raw_petfinder/train_images/469bd2504-1.jpg,train,Mixed Breed,,0.385361211821533,0,Bajo,OOF desarrollo
3021613fd,data/raw_petfinder/train_images/3021613fd-1.jpg,valid,Mixed Breed,Mixed Breed,0.7599069485695407,1,Alto,OOF desarrollo
01958f464,data/raw_petfinder/train_images/01958f464-1.jpg,train,Pit Bull Terrier,,0.3947512661644283,1,Bajo,OOF desarrollo
0090eb457,data/raw_petfinder/train_images/0090eb457-1.jpg,train,Jack Russell Terrier,Terrier,0.6542523263401928,1,Alto,OOF desarrollo
566dcbd9f,data/raw_petfinder/train_images/566dcbd9f-1.jpg,valid,Shepherd,Mixed Breed,0.5663974760181401,1,Medio,OOF desarrollo
eeb377c0b,data/raw_petfinder/train_images/eeb377c0b-1.jpg,train,Mixed Breed,,0.8157550270064517,1,Alto,OOF desarrollo
936fc22ce,data/raw_petfinder/train_images/936fc22ce-1.jpg,train,Mixed Breed,Mixed Breed,0.3650288694749973,0,Bajo,OOF desarrollo
4436738dd,data/raw_petfinder/train_images/4436738dd-1.jpg,train,Mixed Breed,,0.6057417465200874,1,Alto,OOF desarrollo
ef690f7c1,data/raw_petfinder/train_images/ef690f7c1-1.jpg,test,Schnauzer,,0.480552370863418,1,Medio,Test fuera de muestra
d4f813a7e,data/raw_petfinder/train_images/d4f813a7e-1.jpg,test,Mixed Breed,,0.4503368706275105,1,Bajo,Test fuera de muestra
c38d0b5ea,data/raw_petfinder/train_images/c38d0b5ea-1.jpg,valid,Mixed Breed,,0.4927557414612377,1,Medio,OOF desarrollo
ef30ade75,data/raw_petfinder/train_images/ef30ade75-1.jpg,train,Mixed Breed,,0.4521638268434976,1,Bajo,OOF desarrollo
bdeeb6fe2,data/raw_petfinder/train_images/bdeeb6fe2-1.jpg,train,Mixed Breed,,0.5138728049583742,1,Medio,OOF desarrollo
a99a82e6d,data/raw_petfinder/train_images/a99a82e6d-1.jpg,valid,Spitz,Miniature Pinscher,0.5699938147315446,1,Medio,OOF desarrollo
172305d1b,data/raw_petfinder/train_images/172305d1b-1.jpg,train,Mixed Breed,,0.4211878905090359,1,Bajo,OOF desarrollo
c18984292,data/raw_petfinder/train_images/c18984292-1.jpg,train,Mixed Breed,Mixed Breed,0.5455201524933414,1,Medio,OOF desarrollo
fd2d48292,data/raw_petfinder/train_images/fd2d48292-1.jpg,train,Mixed Breed,,0.6616029063589959,1,Alto,OOF desarrollo
34d903f17,data/raw_petfinder/train_images/34d903f17-1.jpg,test,Mixed Breed,,0.7060700358759741,1,Alto,Test fuera de muestra
245d6e033,data/raw_petfinder/train_images/245d6e033-1.jpg,valid,Shih Tzu,Schnauzer,0.3787482628362599,0,Bajo,OOF desarrollo
935098bbf,data/raw_petfinder/train_images/935098bbf-1.jpg,train,Mixed Breed,,0.4744505845777091,1,Medio,OOF desarrollo
7993d67e3,data/raw_petfinder/train_images/7993d67e3-1.jpg,test,Mixed Breed,,0.5048802936355401,1,Medio,Test fuera de muestra
1ca147dd8,data/raw_petfinder/train_images/1ca147dd8-1.jpg,train,Labrador Retriever,,0.4971182290751484,1,Medio,OOF desarrollo
63051e3ca,data/raw_petfinder/train_images/63051e3ca-1.jpg,train,German Shepherd Dog,,0.366449410370468,0,Bajo,OOF desarrollo
bc7b17cd5,data/raw_petfinder/train_images/bc7b17cd5-1.jpg,valid,Chihuahua,Mixed Breed,0.3293707429248451,0,Bajo,OOF desarrollo
e53933782,data/raw_petfinder/train_images/e53933782-1.jpg,test,Mixed Breed,,0.5489201934187635,1,Medio,Test fuera de muestra
746f52206,data/raw_petfinder/train_images/746f52206-1.jpg,valid,Maltese,,0.5033561091889649,1,Medio,OOF desarrollo
6b29b45d9,data/raw_petfinder/train_images/6b29b45d9-1.jpg,train,Mixed Breed,,0.4558202785880918,1,Bajo,OOF desarrollo
563854d72,data/raw_petfinder/train_images/563854d72-1.jpg,train,Mixed Breed,,0.398750975040225,1,Bajo,OOF desarrollo
fa73b1181,data/raw_petfinder/train_images/fa73b1181-1.jpg,train,Mixed Breed,,0.5228101126919287,1,Medio,OOF desarrollo
ab309dd09,data/raw_petfinder/train_images/ab309dd09-1.jpg,train,Mixed Breed,,0.6197043960150151,1,Alto,OOF desarrollo
05ab54e3c,data/raw_petfinder/train_images/05ab54e3c-1.jpg,test,Mixed Breed,,0.5438511474510974,1,Medio,Test fuera de muestra
8e8080bbe,data/raw_petfinder/train_images/8e8080bbe-1.jpg,train,Mixed Breed,Pit Bull Terrier,0.7311063830089775,1,Alto,OOF desarrollo
41a6a7467,data/raw_petfinder/train_images/41a6a7467-1.jpg,train,Husky,Spitz,0.2927988645828314,0,Bajo,OOF desarrollo
4f3b3314c,data/raw_petfinder/train_images/4f3b3314c-1.jpg,test,German Shepherd Dog,Mixed Breed,0.5532605602577549,1,Medio,Test fuera de muestra
1099a5406,data/raw_petfinder/train_images/1099a5406-1.jpg,train,Mixed Breed,,0.5497842704223446,1,Medio,OOF desarrollo
14155e8c0,data/raw_petfinder/train_images/14155e8c0-1.jpg,test,Labrador Retriever,,0.5709838717012236,1,Medio,Test fuera de muestra
ed29f6592,data/raw_petfinder/train_images/ed29f6592-1.jpg,train,Mixed Breed,,0.3767234697282136,0,Bajo,OOF desarrollo
86c35033b,data/raw_petfinder/train_images/86c35033b-1.jpg,test,Pit Bull Terrier,Mixed Breed,0.3210236177552082,0,Bajo,Test fuera de muestra
191660250,data/raw_petfinder/train_images/191660250-1.jpg,test,Mixed Breed,,0.4103553681665826,1,Bajo,Test fuera de muestra
76c194060,data/raw_petfinder/train_images/76c194060-1.jpg,train,Mixed Breed,,0.3750444447614947,0,Bajo,OOF desarrollo
d147c39fb,data/raw_petfinder/train_images/d147c39fb-1.jpg,train,Shih Tzu,,0.4109662288526249,1,Bajo,OOF desarrollo
1e8b70d35,data/raw_petfinder/train_images/1e8b70d35-1.jpg,test,Bullmastiff,Mixed Breed,0.3078418901567235,0,Bajo,Test fuera de muestra
fda733a81,data/raw_petfinder/train_images/fda733a81-1.jpg,train,Mixed Breed,Bullmastiff,0.4338643144612271,1,Bajo,OOF desarrollo
9af8f154b,data/raw_petfinder/train_images/9af8f154b-1.jpg,train,Mixed Breed,,0.4552004002882975,1,Bajo,OOF desarrollo
fbc6507e7,data/raw_petfinder/train_images/fbc6507e7-1.jpg,train,Spitz,,0.6348644524797268,1,Alto,OOF desarrollo
383e5b82e,data/raw_petfinder/train_images/383e5b82e-1.jpg,train,Mixed Breed,,0.4748330839416202,1,Medio,OOF desarrollo
c1680e63c,data/raw_petfinder/train_images/c1680e63c-1.jpg,train,Mixed Breed,,0.385544192340102,0,Bajo,OOF desarrollo
b0a8a88a0,data/raw_petfinder/train_images/b0a8a88a0-1.jpg,test,Mixed Breed,,0.5451800669258315,1,Medio,Test fuera de muestra
e50570999,data/raw_petfinder/train_images/e50570999-1.jpg,valid,Mixed Breed,,0.4169424706289271,1,Bajo,OOF desarrollo
f663a91e8,data/raw_petfinder/train_images/f663a91e8-1.jpg,train,Beagle,,0.6861796301166878,1,Alto,OOF desarrollo
ccb7df174,data/raw_petfinder/train_images/ccb7df174-1.jpg,valid,Mixed Breed,,0.5337179651852839,1,Medio,OOF desarrollo
0fd1d2d85,data/raw_petfinder/train_images/0fd1d2d85-1.jpg,train,Mixed Breed,,0.4443590184374525,1,Bajo,OOF desarrollo
a5205f8ab,data/raw_petfinder/train_images/a5205f8ab-1.jpg,train,Mixed Breed,Mixed Breed,0.4230595088347824,1,Bajo,OOF desarrollo
942af9028,data/raw_petfinder/train_images/942af9028-1.jpg,train,Mixed Breed,Mixed Breed,0.667369604179705,1,Alto,OOF desarrollo
063495ecd,data/raw_petfinder/train_images/063495ecd-1.jpg,train,Mixed Breed,,0.6780041926120901,1,Alto,OOF desarrollo
798a0cb05,data/raw_petfinder/train_images/798a0cb05-1.jpg,train,Mixed Breed,,0.6644361441799593,1,Alto,OOF desarrollo
bec6cc26b,data/raw_petfinder/train_images/bec6cc26b-1.jpg,train,Mixed Breed,Terrier,0.473308637295626,1,Medio,OOF desarrollo
ad111a12a,data/raw_petfinder/train_images/ad111a12a-1.jpg,valid,Mixed Breed,Mixed Breed,0.6478857337639459,1,Alto,OOF desarrollo
7959e3491,data/raw_petfinder/train_images/7959e3491-1.jpg,valid,Mixed Breed,,0.4921311261651404,1,Medio,OOF desarrollo
1882ebd32,data/raw_petfinder/train_images/1882ebd32-1.jpg,train,Mixed Breed,German Shepherd Dog,0.4870535509046979,1,Medio,OOF desarrollo
8f0468771,data/raw_petfinder/train_images/8f0468771-1.jpg,test,Mixed Breed,Mixed Breed,0.5916551416250238,1,Medio,Test fuera de muestra
a8f17e0de,data/raw_petfinder/train_images/a8f17e0de-1.jpg,train,Mixed Breed,,0.5186698226121024,1,Medio,OOF desarrollo
b3408d846,data/raw_petfinder/train_images/b3408d846-1.jpg,train,Mixed Breed,,0.774930906928357,1,Alto,OOF desarrollo
4e47644c8,data/raw_petfinder/train_images/4e47644c8-1.jpg,train,Mixed Breed,,0.456333439775627,1,Bajo,OOF desarrollo
227bfa6b8,data/raw_petfinder/train_images/227bfa6b8-1.jpg,valid,Mixed Breed,Mixed Breed,0.5276198966933583,1,Medio,OOF desarrollo
7ff979d3a,data/raw_petfinder/train_images/7ff979d3a-1.jpg,train,Mixed Breed,,0.7052026473126747,1,Alto,OOF desarrollo
4cdf29720,data/raw_petfinder/train_images/4cdf29720-1.jpg,test,Mixed Breed,,0.609098654448403,1,Alto,Test fuera de muestra
88448bdc5,data/raw_petfinder/train_images/88448bdc5-1.jpg,test,Labrador Retriever,Mixed Breed,0.6423383934757435,1,Alto,Test fuera de muestra
818b12621,data/raw_petfinder/train_images/818b12621-1.jpg,test,Mixed Breed,Mixed Breed,0.5141412112099896,1,Medio,Test fuera de muestra
4874347b0,data/raw_petfinder/train_images/4874347b0-1.jpg,train,German Shepherd Dog,Labrador Retriever,0.4550823257301719,1,Bajo,OOF desarrollo
596c81470,data/raw_petfinder/train_images/596c81470-1.jpg,train,Mixed Breed,Mixed Breed,0.7701304552423882,1,Alto,OOF desarrollo
4348b169a,data/raw_petfinder/train_images/4348b169a-1.jpg,train,Manchester Terrier,,0.3067654593556977,0,Bajo,OOF desarrollo
c64c9e2d4,data/raw_petfinder/train_images/c64c9e2d4-1.jpg,train,Mixed Breed,Mixed Breed,0.6694351387481914,1,Alto,OOF desarrollo
9b53610ea,data/raw_petfinder/train_images/9b53610ea-1.jpg,valid,Mixed Breed,,0.8658332515304586,1,Alto,OOF desarrollo
215f9a760,data/raw_petfinder/train_images/215f9a760-1.jpg,train,Mixed Breed,,0.594223273036768,1,Medio,OOF desarrollo
b02f2fafa,data/raw_petfinder/train_images/b02f2fafa-1.jpg,train,Mixed Breed,,0.4755629154117525,1,Medio,OOF desarrollo
03edf613f,data/raw_petfinder/train_images/03edf613f-1.jpg,train,Mixed Breed,,0.7468820287424749,1,Alto,OOF desarrollo
31d921827,data/raw_petfinder/train_images/31d921827-1.jpg,valid,Basset Hound,Jack Russell Terrier,0.419031592189013,1,Bajo,OOF desarrollo
f4e2b49f5,data/raw_petfinder/train_images/f4e2b49f5-1.jpg,train,Mixed Breed,,0.5916200216380841,1,Medio,OOF desarrollo
2d813cd28,data/raw_petfinder/train_images/2d813cd28-1.jpg,test,Mixed Breed,Mixed Breed,0.696018263621035,1,Alto,Test fuera de muestra
b49012dd4,data/raw_petfinder/train_images/b49012dd4-1.jpg,test,Mixed Breed,Mixed Breed,0.2281328513891778,0,Bajo,Test fuera de muestra
f982548b8,data/raw_petfinder/train_images/f982548b8-1.jpg,valid,Mixed Breed,,0.7034548318556646,1,Alto,OOF desarrollo
a59aa3f80,data/raw_petfinder/train_images/a59aa3f80-1.jpg,test,Mixed Breed,,0.4577392049218721,1,Bajo,Test fuera de muestra
7810092ba,data/raw_petfinder/train_images/7810092ba-1.jpg,valid,Mixed Breed,,0.5641747380045563,1,Medio,OOF desarrollo
ea3fe3286,data/raw_petfinder/train_images/ea3fe3286-1.jpg,test,Mixed Breed,Labrador Retriever,0.4662778406150297,1,Medio,Test fuera de muestra
a63364c39,data/raw_petfinder/train_images/a63364c39-1.jpg,train,Belgian Shepherd Malinois,Mixed Breed,0.4407885938103205,1,Bajo,OOF desarrollo
31b919935,data/raw_petfinder/train_images/31b919935-1.jpg,valid,Border Collie,,0.4152647798467556,1,Bajo,OOF desarrollo
cc492b6b5,data/raw_petfinder/train_images/cc492b6b5-1.jpg,train,Mixed Breed,Mixed Breed,0.4812728521606566,1,Medio,OOF desarrollo
a3a0fa212,data/raw_petfinder/train_images/a3a0fa212-1.jpg,train,Mixed Breed,,0.6932590339207356,1,Alto,OOF desarrollo
bf2f87f17,data/raw_petfinder/train_images/bf2f87f17-1.jpg,test,Spitz,Mixed Breed,0.7355338154039317,1,Alto,Test fuera de muestra
10e723583,data/raw_petfinder/train_images/10e723583-1.jpg,test,Mixed Breed,,0.5855097837956376,1,Medio,Test fuera de muestra
e0bf99ea2,data/raw_petfinder/train_images/e0bf99ea2-1.jpg,train,Mixed Breed,,0.6224906889808994,1,Alto,OOF desarrollo
871ca78ab,data/raw_petfinder/train_images/871ca78ab-1.jpg,train,Beagle,,0.5941555414418326,1,Medio,OOF desarrollo
41e824cbe,data/raw_petfinder/train_images/41e824cbe-1.jpg,test,Mixed Breed,,0.8502156552001562,1,Alto,Test fuera de muestra
9495fed48,data/raw_petfinder/train_images/9495fed48-1.jpg,train,Mixed Breed,,0.3852293399758739,0,Bajo,OOF desarrollo
ad8569001,data/raw_petfinder/train_images/ad8569001-1.jpg,train,Mixed Breed,,0.4988049316224959,1,Medio,OOF desarrollo
787f3055b,data/raw_petfinder/train_images/787f3055b-1.jpg,train,Shepherd,Mixed Breed,0.6177277528324356,1,Alto,OOF desarrollo
c68bc0253,data/raw_petfinder/train_images/c68bc0253-1.jpg,test,Yellow Labrador Retriever,Mixed Breed,0.641354046520477,1,Alto,Test fuera de muestra
4f45bb293,data/raw_petfinder/train_images/4f45bb293-1.jpg,valid,Mixed Breed,,0.3634818239227272,0,Bajo,OOF desarrollo
87554ea1f,data/raw_petfinder/train_images/87554ea1f-1.jpg,train,Chihuahua,Mixed Breed,0.3092136972434436,0,Bajo,OOF desarrollo
326a3c785,data/raw_petfinder/train_images/326a3c785-1.jpg,valid,Spitz,,0.4692035553784373,1,Medio,OOF desarrollo
fbae7b0d5,data/raw_petfinder/train_images/fbae7b0d5-1.jpg,train,Mixed Breed,,0.4005224813333357,1,Bajo,OOF desarrollo
0f012474b,data/raw_petfinder/train_images/0f012474b-1.jpg,test,Mixed Breed,,0.6952921090299398,1,Alto,Test fuera de muestra
5dddf96e8,data/raw_petfinder/train_images/5dddf96e8-1.jpg,train,Mixed Breed,,0.4523737433209328,1,Bajo,OOF desarrollo
8b56fecb8,data/raw_petfinder/train_images/8b56fecb8-1.jpg,train,Maltese,,0.3554747026377503,0,Bajo,OOF desarrollo
aded1fafc,data/raw_petfinder/train_images/aded1fafc-1.jpg,test,Mixed Breed,,0.3614477535823751,0,Bajo,Test fuera de muestra
7ed14130d,data/raw_petfinder/train_images/7ed14130d-1.jpg,test,Mixed Breed,,0.7247506279835133,1,Alto,Test fuera de muestra
e92d3d4cf,data/raw_petfinder/train_images/e92d3d4cf-1.jpg,train,Jack Russell Terrier,Fox Terrier,0.447638348490757,1,Bajo,OOF desarrollo
32bc0b4fa,data/raw_petfinder/train_images/32bc0b4fa-1.jpg,train,Terrier,,0.5842611351631444,1,Medio,OOF desarrollo
1326c53f9,data/raw_petfinder/train_images/1326c53f9-1.jpg,test,German Shepherd Dog,,0.4624204381576874,1,Medio,Test fuera de muestra
8cd1d06ab,data/raw_petfinder/train_images/8cd1d06ab-1.jpg,train,Mixed Breed,Mixed Breed,0.7920525902662434,1,Alto,OOF desarrollo
081301773,data/raw_petfinder/train_images/081301773-1.jpg,train,Rat Terrier,,0.5387407972911763,1,Medio,OOF desarrollo
38e87cee8,data/raw_petfinder/train_images/38e87cee8-1.jpg,train,Mixed Breed,,0.5261345539537778,1,Medio,OOF desarrollo
155d18f5f,data/raw_petfinder/train_images/155d18f5f-1.jpg,train,Poodle,,0.3436190876436502,0,Bajo,OOF desarrollo
17c4b0394,data/raw_petfinder/train_images/17c4b0394-1.jpg,valid,Mixed Breed,,0.6548756243657528,1,Alto,OOF desarrollo
0b8e1dd80,data/raw_petfinder/train_images/0b8e1dd80-1.jpg,train,Mixed Breed,,0.5605731140193118,1,Medio,OOF desarrollo
e2c365994,data/raw_petfinder/train_images/e2c365994-1.jpg,valid,Doberman Pinscher,,0.4811347287074822,1,Medio,OOF desarrollo
1e85c2b18,data/raw_petfinder/train_images/1e85c2b18-1.jpg,train,Yellow Labrador Retriever,Mixed Breed,0.6117918600960253,1,Alto,OOF desarrollo
c3750cec1,data/raw_petfinder/train_images/c3750cec1-1.jpg,valid,Mixed Breed,,0.6625084240602472,1,Alto,OOF desarrollo
751412a89,data/raw_petfinder/train_images/751412a89-1.jpg,train,Border Collie,Mixed Breed,0.7002202276032203,1,Alto,OOF desarrollo
084b7e7eb,data/raw_petfinder/train_images/084b7e7eb-1.jpg,test,Terrier,Mixed Breed,0.4296465562090109,1,Bajo,Test fuera de muestra
bb2e480f4,data/raw_petfinder/train_images/bb2e480f4-1.jpg,train,Mixed Breed,,0.701432754196357,1,Alto,OOF desarrollo
2e3bec724,data/raw_petfinder/train_images/2e3bec724-1.jpg,test,Labrador Retriever,Mixed Breed,0.3988138098077839,1,Bajo,Test fuera de muestra
0ab4214b4,data/raw_petfinder/train_images/0ab4214b4-1.jpg,train,Mixed Breed,,0.5684259851848124,1,Medio,OOF desarrollo
bed78eb25,data/raw_petfinder/train_images/bed78eb25-1.jpg,train,Mixed Breed,,0.3735354262909446,0,Bajo,OOF desarrollo
235a61374,data/raw_petfinder/train_images/235a61374-1.jpg,train,Mixed Breed,,0.5277273693326661,1,Medio,OOF desarrollo
b0cc3078c,data/raw_petfinder/train_images/b0cc3078c-1.jpg,test,Mixed Breed,Terrier,0.6649546045110236,1,Alto,Test fuera de muestra
e2bcb9213,data/raw_petfinder/train_images/e2bcb9213-1.jpg,test,Mixed Breed,Terrier,0.7475296118716297,1,Alto,Test fuera de muestra
0286dd665,data/raw_petfinder/train_images/0286dd665-1.jpg,valid,Mixed Breed,,0.5543771664577044,1,Medio,OOF desarrollo
01c7411ef,data/raw_petfinder/train_images/01c7411ef-1.jpg,test,Mixed Breed,,0.7038667458735012,1,Alto,Test fuera de muestra
1d9604897,data/raw_petfinder/train_images/1d9604897-1.jpg,train,Labrador Retriever,,0.669996585894303,1,Alto,OOF desarrollo
b440a9cf1,data/raw_petfinder/train_images/b440a9cf1-1.jpg,train,Mixed Breed,Mixed Breed,0.4764342824677569,1,Medio,OOF desarrollo
e40368c38,data/raw_petfinder/train_images/e40368c38-1.jpg,test,Mixed Breed,,0.5177308594372242,1,Medio,Test fuera de muestra
15b27df66,data/raw_petfinder/train_images/15b27df66-1.jpg,test,Mixed Breed,,0.4003449784067409,1,Bajo,Test fuera de muestra
b686d33cd,data/raw_petfinder/train_images/b686d33cd-1.jpg,train,Beagle,,0.4894663258796031,1,Medio,OOF desarrollo
1e8187711,data/raw_petfinder/train_images/1e8187711-1.jpg,test,Boxer,Terrier,0.4342539315400308,1,Bajo,Test fuera de muestra
b47b947be,data/raw_petfinder/train_images/b47b947be-1.jpg,train,Mixed Breed,,0.5278556832570707,1,Medio,OOF desarrollo
dbf8ba091,data/raw_petfinder/train_images/dbf8ba091-1.jpg,train,Mixed Breed,,0.3854528920316425,0,Bajo,OOF desarrollo
829ba7bfc,data/raw_petfinder/train_images/829ba7bfc-1.jpg,train,Doberman Pinscher,Mixed Breed,0.4555696227300826,1,Bajo,OOF desarrollo
e54866fe5,data/raw_petfinder/train_images/e54866fe5-1.jpg,train,Mixed Breed,,0.3217021950661025,0,Bajo,OOF desarrollo
3639e2409,data/raw_petfinder/train_images/3639e2409-1.jpg,train,Mixed Breed,,0.4369818928447996,1,Bajo,OOF desarrollo
30f92e1ab,data/raw_petfinder/train_images/30f92e1ab-1.jpg,train,Mixed Breed,,0.4441508025358565,1,Bajo,OOF desarrollo
5d53d4bfb,data/raw_petfinder/train_images/5d53d4bfb-1.jpg,train,Mixed Breed,,0.8377166449333052,1,Alto,OOF desarrollo
a5a240214,data/raw_petfinder/train_images/a5a240214-1.jpg,train,Mixed Breed,,0.7175849571710475,1,Alto,OOF desarrollo
8d676283f,data/raw_petfinder/train_images/8d676283f-1.jpg,test,Mixed Breed,,0.4532630334549218,1,Bajo,Test fuera de muestra
3eaae43f3,data/raw_petfinder/train_images/3eaae43f3-1.jpg,train,Labrador Retriever,,0.4395595361378991,1,Bajo,OOF desarrollo
0806f9e3f,data/raw_petfinder/train_images/0806f9e3f-1.jpg,train,Mixed Breed,Spitz,0.7916642847529944,1,Alto,OOF desarrollo
310045474,data/raw_petfinder/train_images/310045474-1.jpg,test,Terrier,Mixed Breed,0.4216469704818881,1,Bajo,Test fuera de muestra
48615e613,data/raw_petfinder/train_images/48615e613-1.jpg,train,Belgian Shepherd Malinois,Mixed Breed,0.3943464242001636,1,Bajo,OOF desarrollo
8a3c86cde,data/raw_petfinder/train_images/8a3c86cde-1.jpg,valid,Mixed Breed,,0.435379184567184,1,Bajo,OOF desarrollo
78a99e7a9,data/raw_petfinder/train_images/78a99e7a9-1.jpg,train,Mixed Breed,,0.4743651757718775,1,Medio,OOF desarrollo
af1125994,data/raw_petfinder/train_images/af1125994-1.jpg,train,Mixed Breed,,0.5882795240538601,1,Medio,OOF desarrollo
08aad5787,data/raw_petfinder/train_images/08aad5787-1.jpg,train,Mixed Breed,,0.4033151550695287,1,Bajo,OOF desarrollo
1a47d1c94,data/raw_petfinder/train_images/1a47d1c94-1.jpg,train,Mixed Breed,,0.9003682550741376,1,Alto,OOF desarrollo
4f34d790b,data/raw_petfinder/train_images/4f34d790b-1.jpg,train,Boxer,,0.6128504971490292,1,Alto,OOF desarrollo
8420d063a,data/raw_petfinder/train_images/8420d063a-1.jpg,valid,Mixed Breed,,0.4069102868742957,1,Bajo,OOF desarrollo
91f87fa27,data/raw_petfinder/train_images/91f87fa27-1.jpg,valid,Mixed Breed,Mixed Breed,0.402326763766173,1,Bajo,OOF desarrollo
5c1890dc7,data/raw_petfinder/train_images/5c1890dc7-1.jpg,train,Mixed Breed,,0.4010433056859919,1,Bajo,OOF desarrollo
e442c149f,data/raw_petfinder/train_images/e442c149f-1.jpg,train,Cocker Spaniel,,0.4212500544534345,1,Bajo,OOF desarrollo
d02baef01,data/raw_petfinder/train_images/d02baef01-1.jpg,test,Mixed Breed,,0.779187673364604,1,Alto,Test fuera de muestra
8a030b8f0,data/raw_petfinder/train_images/8a030b8f0-1.jpg,valid,Mixed Breed,,0.5007778921427183,1,Medio,OOF desarrollo
56c329fdf,data/raw_petfinder/train_images/56c329fdf-1.jpg,train,Mixed Breed,,0.454584810036417,1,Bajo,OOF desarrollo
cdb4a7a7d,data/raw_petfinder/train_images/cdb4a7a7d-1.jpg,train,Mixed Breed,,0.8146605772858457,1,Alto,OOF desarrollo
4f66fa0c3,data/raw_petfinder/train_images/4f66fa0c3-1.jpg,valid,Mixed Breed,Mixed Breed,0.7384809642964627,1,Alto,OOF desarrollo
cc515ec8c,data/raw_petfinder/train_images/cc515ec8c-1.jpg,train,Mixed Breed,,0.5903272453100443,1,Medio,OOF desarrollo
d38fca349,data/raw_petfinder/train_images/d38fca349-1.jpg,train,Bull Terrier,,0.3638342992795005,0,Bajo,OOF desarrollo
9f341e7af,data/raw_petfinder/train_images/9f341e7af-1.jpg,train,Mixed Breed,,0.3142663142540944,0,Bajo,OOF desarrollo
a99968c35,data/raw_petfinder/train_images/a99968c35-1.jpg,valid,Mixed Breed,,0.4652957204839488,1,Medio,OOF desarrollo
85d242c14,data/raw_petfinder/train_images/85d242c14-1.jpg,train,Mixed Breed,Mixed Breed,0.3944886552676224,1,Bajo,OOF desarrollo
647284f19,data/raw_petfinder/train_images/647284f19-1.jpg,train,Mixed Breed,,0.5860498807419496,1,Medio,OOF desarrollo
ddfea1140,data/raw_petfinder/train_images/ddfea1140-1.jpg,valid,Mixed Breed,,0.4390998526941831,1,Bajo,OOF desarrollo
1eeb4ea81,data/raw_petfinder/train_images/1eeb4ea81-1.jpg,train,Mixed Breed,,0.7489167612574688,1,Alto,OOF desarrollo
fad223ef5,data/raw_petfinder/train_images/fad223ef5-1.jpg,valid,Mixed Breed,,0.4688765732105396,1,Medio,OOF desarrollo
f5c803412,data/raw_petfinder/train_images/f5c803412-1.jpg,train,Mixed Breed,Mixed Breed,0.5880878655283228,1,Medio,OOF desarrollo
771156bfd,data/raw_petfinder/train_images/771156bfd-1.jpg,train,Mixed Breed,,0.7150360584431634,1,Alto,OOF desarrollo
82563b26e,data/raw_petfinder/train_images/82563b26e-1.jpg,train,Mixed Breed,Mixed Breed,0.4443720731647927,1,Bajo,OOF desarrollo
0e7ca23c9,data/raw_petfinder/train_images/0e7ca23c9-1.jpg,train,Mixed Breed,,0.421924799481241,1,Bajo,OOF desarrollo
ba392c802,data/raw_petfinder/train_images/ba392c802-1.jpg,train,Mixed Breed,,0.6566333364686621,1,Alto,OOF desarrollo
631a6a27e,data/raw_petfinder/train_images/631a6a27e-1.jpg,train,Schnauzer,Silky Terrier,0.4651296052866336,1,Medio,OOF desarrollo
9252b5dc8,data/raw_petfinder/train_images/9252b5dc8-1.jpg,train,Mixed Breed,Mixed Breed,0.5902770462730316,1,Medio,OOF desarrollo
b5475edf9,data/raw_petfinder/train_images/b5475edf9-1.jpg,train,Mixed Breed,Mixed Breed,0.6393509034582694,1,Alto,OOF desarrollo
da1e7c53d,data/raw_petfinder/train_images/da1e7c53d-1.jpg,test,Beagle,,0.3536412273042453,0,Bajo,Test fuera de muestra
4f10d4a75,data/raw_petfinder/train_images/4f10d4a75-1.jpg,train,Beagle,,0.4516987167036257,1,Bajo,OOF desarrollo
d96987111,data/raw_petfinder/train_images/d96987111-1.jpg,train,Labrador Retriever,Mixed Breed,0.2477880384970059,0,Bajo,OOF desarrollo
a4de6ea51,data/raw_petfinder/train_images/a4de6ea51-1.jpg,train,Mixed Breed,,0.4465475317026712,1,Bajo,OOF desarrollo
c33220375,data/raw_petfinder/train_images/c33220375-1.jpg,train,Belgian Shepherd Malinois,Belgian Shepherd Malinois,0.3858345755440158,0,Bajo,OOF desarrollo
a02551367,data/raw_petfinder/train_images/a02551367-1.jpg,valid,Mixed Breed,Labrador Retriever,0.4121661660499505,1,Bajo,OOF desarrollo
de43c6ce5,data/raw_petfinder/train_images/de43c6ce5-1.jpg,train,Mixed Breed,,0.4386274266318778,1,Bajo,OOF desarrollo
adc51c1a7,data/raw_petfinder/train_images/adc51c1a7-1.jpg,train,Mixed Breed,,0.3250019644511971,0,Bajo,OOF desarrollo
5ffd4e822,data/raw_petfinder/train_images/5ffd4e822-1.jpg,train,Mixed Breed,,0.4479393175734697,1,Bajo,OOF desarrollo
d73e917de,data/raw_petfinder/train_images/d73e917de-1.jpg,train,Mixed Breed,,0.6290885292304536,1,Alto,OOF desarrollo
acf573d1c,data/raw_petfinder/train_images/acf573d1c-1.jpg,valid,Shih Tzu,,0.2984097753014111,0,Bajo,OOF desarrollo
5adb4e661,data/raw_petfinder/train_images/5adb4e661-1.jpg,train,Mixed Breed,,0.7085696172954353,1,Alto,OOF desarrollo
39adf62b4,data/raw_petfinder/train_images/39adf62b4-1.jpg,train,Rottweiler,Mixed Breed,0.2998959700606712,0,Bajo,OOF desarrollo
aca9ddee7,data/raw_petfinder/train_images/aca9ddee7-1.jpg,valid,Mixed Breed,,0.3487805121479774,0,Bajo,OOF desarrollo
08710204e,data/raw_petfinder/train_images/08710204e-1.jpg,train,Mixed Breed,,0.464818899455395,1,Medio,OOF desarrollo
f557e9262,data/raw_petfinder/train_images/f557e9262-1.jpg,test,Mixed Breed,,0.7765412932247551,1,Alto,Test fuera de muestra
169fc07e1,data/raw_petfinder/train_images/169fc07e1-1.jpg,train,Shih Tzu,Schnauzer,0.3709343518514496,0,Bajo,OOF desarrollo
25e0e0edf,data/raw_petfinder/train_images/25e0e0edf-1.jpg,train,Golden Retriever,,0.4779722008615381,1,Medio,OOF desarrollo
ed5c2d9dd,data/raw_petfinder/train_images/ed5c2d9dd-1.jpg,train,Mixed Breed,,0.5021218046318471,1,Medio,OOF desarrollo
1c3f75c04,data/raw_petfinder/train_images/1c3f75c04-1.jpg,test,Mixed Breed,,0.5049901978293666,1,Medio,Test fuera de muestra
8bc346340,data/raw_petfinder/train_images/8bc346340-1.jpg,train,Mixed Breed,,0.5316994290727548,1,Medio,OOF desarrollo
e808828dc,data/raw_petfinder/train_images/e808828dc-1.jpg,train,Shih Tzu,,0.3295049939943998,0,Bajo,OOF desarrollo
ed5b8276f,data/raw_petfinder/train_images/ed5b8276f-1.jpg,train,Mixed Breed,,0.3800577411187856,0,Bajo,OOF desarrollo
dcb42ee1e,data/raw_petfinder/train_images/dcb42ee1e-1.jpg,train,Terrier,,0.6427027400267857,1,Alto,OOF desarrollo
82a97cd8d,data/raw_petfinder/train_images/82a97cd8d-1.jpg,valid,Mixed Breed,,0.6899222896585009,1,Alto,OOF desarrollo
cd2fd9be8,data/raw_petfinder/train_images/cd2fd9be8-1.jpg,test,Mixed Breed,,0.7223505839001667,1,Alto,Test fuera de muestra
81c4d25d6,data/raw_petfinder/train_images/81c4d25d6-1.jpg,train,Mixed Breed,,0.3452957234615391,0,Bajo,OOF desarrollo
c13da6b92,data/raw_petfinder/train_images/c13da6b92-1.jpg,train,Mixed Breed,,0.5799309257586869,1,Medio,OOF desarrollo
db61b1f31,data/raw_petfinder/train_images/db61b1f31-1.jpg,train,Mixed Breed,Mixed Breed,0.4543263441840552,1,Bajo,OOF desarrollo
3c778df64,data/raw_petfinder/train_images/3c778df64-1.jpg,train,Mixed Breed,,0.7900287917143167,1,Alto,OOF desarrollo
530b7bcec,data/raw_petfinder/train_images/530b7bcec-1.jpg,test,Mixed Breed,,0.7981836505451357,1,Alto,Test fuera de muestra
3f0c30d12,data/raw_petfinder/train_images/3f0c30d12-1.jpg,train,Mixed Breed,,0.7900867827266214,1,Alto,OOF desarrollo
865619d53,data/raw_petfinder/train_images/865619d53-1.jpg,train,Mixed Breed,,0.505728175960119,1,Medio,OOF desarrollo
7c542e43e,data/raw_petfinder/train_images/7c542e43e-1.jpg,test,Spitz,Mixed Breed,0.5980245553437714,1,Medio,Test fuera de muestra
c55e9baaf,data/raw_petfinder/train_images/c55e9baaf-1.jpg,train,Poodle,Mixed Breed,0.7231127001215778,1,Alto,OOF desarrollo
22d381889,data/raw_petfinder/train_images/22d381889-1.jpg,valid,Mixed Breed,,0.6075631900811189,1,Alto,OOF desarrollo
c8be7beff,data/raw_petfinder/train_images/c8be7beff-1.jpg,valid,Mixed Breed,,0.4530431330719982,1,Bajo,OOF desarrollo
27830acaa,data/raw_petfinder/train_images/27830acaa-1.jpg,train,Mixed Breed,Mixed Breed,0.6674467384780899,1,Alto,OOF desarrollo
3fbc3fa12,data/raw_petfinder/train_images/3fbc3fa12-1.jpg,valid,Mixed Breed,,0.5005065050773732,1,Medio,OOF desarrollo
e08c4940e,data/raw_petfinder/train_images/e08c4940e-1.jpg,train,Mixed Breed,Jack Russell Terrier,0.5275911286931022,1,Medio,OOF desarrollo
b543331f4,data/raw_petfinder/train_images/b543331f4-1.jpg,train,German Shepherd Dog,Mixed Breed,0.6251405580519738,1,Alto,OOF desarrollo
1250404cf,data/raw_petfinder/train_images/1250404cf-1.jpg,train,Schnauzer,Mixed Breed,0.5203257395348638,1,Medio,OOF desarrollo
ea9d28227,data/raw_petfinder/train_images/ea9d28227-1.jpg,test,Mixed Breed,,0.433298334267481,1,Bajo,Test fuera de muestra
07227963b,data/raw_petfinder/train_images/07227963b-1.jpg,test,Mixed Breed,,0.350152941457758,0,Bajo,Test fuera de muestra
035992662,data/raw_petfinder/train_images/035992662-1.jpg,train,Mixed Breed,,0.5440913713190318,1,Medio,OOF desarrollo
5ac0ddea0,data/raw_petfinder/train_images/5ac0ddea0-1.jpg,train,Mixed Breed,Doberman Pinscher,0.6667775097359083,1,Alto,OOF desarrollo
86f4297b4,data/raw_petfinder/train_images/86f4297b4-1.jpg,test,Mixed Breed,,0.5250676243780776,1,Medio,Test fuera de muestra
35bbdb5fd,data/raw_petfinder/train_images/35bbdb5fd-1.jpg,train,Mixed Breed,,0.2442067792133123,0,Bajo,OOF desarrollo
76042f693,data/raw_petfinder/train_images/76042f693-1.jpg,valid,Pug,,0.4635279851550194,1,Medio,OOF desarrollo
807ba246d,data/raw_petfinder/train_images/807ba246d-1.jpg,train,Mixed Breed,,0.6267418478774254,1,Alto,OOF desarrollo
b7c0b9180,data/raw_petfinder/train_images/b7c0b9180-1.jpg,valid,Dalmatian,,0.593206997743188,1,Medio,OOF desarrollo
765bd139e,data/raw_petfinder/train_images/765bd139e-1.jpg,valid,Labrador Retriever,Mixed Breed,0.6012832008587241,1,Medio,OOF desarrollo
bb817b755,data/raw_petfinder/train_images/bb817b755-1.jpg,test,Mixed Breed,,0.6481815155562606,1,Alto,Test fuera de muestra
7117385a0,data/raw_petfinder/train_images/7117385a0-1.jpg,train,Dachshund,,0.3841145701920481,0,Bajo,OOF desarrollo
fee5e43b2,data/raw_petfinder/train_images/fee5e43b2-1.jpg,train,Labrador Retriever,,0.3984589958142278,1,Bajo,OOF desarrollo
2bd8e5830,data/raw_petfinder/train_images/2bd8e5830-1.jpg,train,Miniature Pinscher,,0.3490236813938054,0,Bajo,OOF desarrollo
22a0baf52,data/raw_petfinder/train_images/22a0baf52-1.jpg,train,Mixed Breed,Mixed Breed,0.63898727647001,1,Alto,OOF desarrollo
98231df17,data/raw_petfinder/train_images/98231df17-1.jpg,train,Mixed Breed,,0.7415445713367089,1,Alto,OOF desarrollo
2bf49ebb9,data/raw_petfinder/train_images/2bf49ebb9-1.jpg,train,Cocker Spaniel,,0.3129530642350909,0,Bajo,OOF desarrollo
58ee93558,data/raw_petfinder/train_images/58ee93558-1.jpg,train,Mixed Breed,,0.7816133872303315,1,Alto,OOF desarrollo
f28c8090d,data/raw_petfinder/train_images/f28c8090d-1.jpg,train,Mixed Breed,Mixed Breed,0.3936768241912086,1,Bajo,OOF desarrollo
2485efd0a,data/raw_petfinder/train_images/2485efd0a-1.jpg,train,Mixed Breed,,0.5848569254713063,1,Medio,OOF desarrollo
a21f5e84b,data/raw_petfinder/train_images/a21f5e84b-1.jpg,train,Mixed Breed,,0.492362818356419,1,Medio,OOF desarrollo
4fdebca57,data/raw_petfinder/train_images/4fdebca57-1.jpg,test,Mixed Breed,,0.6420318066116955,1,Alto,Test fuera de muestra
46e25aa2b,data/raw_petfinder/train_images/46e25aa2b-1.jpg,test,Mixed Breed,,0.3476718602801831,0,Bajo,Test fuera de muestra
58a414b45,data/raw_petfinder/train_images/58a414b45-1.jpg,train,Golden Retriever,Shar Pei,0.2961212763647884,0,Bajo,OOF desarrollo
75642f3e5,data/raw_petfinder/train_images/75642f3e5-1.jpg,train,Mixed Breed,Terrier,0.3924232170950438,1,Bajo,OOF desarrollo
86d20d7e4,data/raw_petfinder/train_images/86d20d7e4-1.jpg,test,Mixed Breed,,0.2653902090359701,0,Bajo,Test fuera de muestra
39444f259,data/raw_petfinder/train_images/39444f259-1.jpg,train,Mixed Breed,,0.3571520552247643,0,Bajo,OOF desarrollo
2fbf2cb7c,data/raw_petfinder/train_images/2fbf2cb7c-1.jpg,test,Mixed Breed,,0.4794249802038944,1,Medio,Test fuera de muestra
bd0a144b0,data/raw_petfinder/train_images/bd0a144b0-1.jpg,valid,Jack Russell Terrier,,0.4978394342203402,1,Medio,OOF desarrollo
a009a2f0f,data/raw_petfinder/train_images/a009a2f0f-1.jpg,test,Beagle,,0.4955276951145433,1,Medio,Test fuera de muestra
76b818bdb,data/raw_petfinder/train_images/76b818bdb-1.jpg,train,Pomeranian,,0.2250144146708446,0,Bajo,OOF desarrollo
2463e0981,data/raw_petfinder/train_images/2463e0981-1.jpg,test,Mixed Breed,,0.6863721240814671,1,Alto,Test fuera de muestra
863262193,data/raw_petfinder/train_images/863262193-1.jpg,train,Rottweiler,,0.4954926392933299,1,Medio,OOF desarrollo
f665c5189,data/raw_petfinder/train_images/f665c5189-1.jpg,test,Spaniel,,0.4698609402991398,1,Medio,Test fuera de muestra
b03983a09,data/raw_petfinder/train_images/b03983a09-1.jpg,test,Mixed Breed,,0.4219920265056772,1,Bajo,Test fuera de muestra
0434520ef,data/raw_petfinder/train_images/0434520ef-1.jpg,test,Mixed Breed,,0.302482906347045,0,Bajo,Test fuera de muestra
a22cc0413,data/raw_petfinder/train_images/a22cc0413-1.jpg,train,Setter,Mixed Breed,0.4111906833648518,1,Bajo,OOF desarrollo
24bbd04ce,data/raw_petfinder/train_images/24bbd04ce-1.jpg,test,Mixed Breed,,0.3307148842129176,0,Bajo,Test fuera de muestra
4d76c16ab,data/raw_petfinder/train_images/4d76c16ab-1.jpg,train,Mixed Breed,German Shepherd Dog,0.2561794571816489,0,Bajo,OOF desarrollo
08dfce1e7,data/raw_petfinder/train_images/08dfce1e7-1.jpg,train,Mixed Breed,,0.4369379423525102,1,Bajo,OOF desarrollo
11db3b853,data/raw_petfinder/train_images/11db3b853-1.jpg,train,Mixed Breed,Mixed Breed,0.3271364525802739,0,Bajo,OOF desarrollo
267162afd,data/raw_petfinder/train_images/267162afd-1.jpg,train,Mixed Breed,,0.5696090036784415,1,Medio,OOF desarrollo
88487194e,data/raw_petfinder/train_images/88487194e-1.jpg,valid,Shih Tzu,,0.3638323843916792,0,Bajo,OOF desarrollo
f026fa4b5,data/raw_petfinder/train_images/f026fa4b5-1.jpg,train,Doberman Pinscher,,0.5806659827252795,1,Medio,OOF desarrollo
43c661026,data/raw_petfinder/train_images/43c661026-1.jpg,train,Mixed Breed,,0.7215311186267936,1,Alto,OOF desarrollo
a1b34954b,data/raw_petfinder/train_images/a1b34954b-1.jpg,test,Mixed Breed,,0.6036316148782299,1,Medio,Test fuera de muestra
e7b201da2,data/raw_petfinder/train_images/e7b201da2-1.jpg,train,German Shepherd Dog,Mixed Breed,0.5141828791732176,1,Medio,OOF desarrollo
e6335223e,data/raw_petfinder/train_images/e6335223e-1.jpg,train,Poodle,Mixed Breed,0.3644848422640788,0,Bajo,OOF desarrollo
8e3b1dcd1,data/raw_petfinder/train_images/8e3b1dcd1-1.jpg,train,Mixed Breed,,0.8271989974721685,1,Alto,OOF desarrollo
1ef39cee1,data/raw_petfinder/train_images/1ef39cee1-1.jpg,train,Mixed Breed,,0.4022670628131621,1,Bajo,OOF desarrollo
96ad2141c,data/raw_petfinder/train_images/96ad2141c-1.jpg,train,Mixed Breed,,0.6223113789185627,1,Alto,OOF desarrollo
a61da96ad,data/raw_petfinder/train_images/a61da96ad-1.jpg,train,Mixed Breed,,0.4071664115001046,1,Bajo,OOF desarrollo
77035285f,data/raw_petfinder/train_images/77035285f-1.jpg,train,Shih Tzu,Pekingese,0.507994208377736,1,Medio,OOF desarrollo
5074cf806,data/raw_petfinder/train_images/5074cf806-1.jpg,train,Mixed Breed,,0.3005423295415018,0,Bajo,OOF desarrollo
88b60278f,data/raw_petfinder/train_images/88b60278f-1.jpg,train,Mixed Breed,Mixed Breed,0.5490682378798923,1,Medio,OOF desarrollo
c4277da90,data/raw_petfinder/train_images/c4277da90-1.jpg,valid,Mixed Breed,,0.3500833801186315,0,Bajo,OOF desarrollo
8c7b2f093,data/raw_petfinder/train_images/8c7b2f093-1.jpg,valid,Mixed Breed,,0.3440395874052339,0,Bajo,OOF desarrollo
f819c7b65,data/raw_petfinder/train_images/f819c7b65-1.jpg,train,Mixed Breed,,0.7065926179140716,1,Alto,OOF desarrollo
6e5f03ddf,data/raw_petfinder/train_images/6e5f03ddf-1.jpg,train,Mixed Breed,,0.7498879295811336,1,Alto,OOF desarrollo
d52f229d1,data/raw_petfinder/train_images/d52f229d1-1.jpg,train,Mixed Breed,,0.4068553790269823,1,Bajo,OOF desarrollo
7f40cce5f,data/raw_petfinder/train_images/7f40cce5f-1.jpg,train,Mixed Breed,,0.7788918357886313,1,Alto,OOF desarrollo
b99644a34,data/raw_petfinder/train_images/b99644a34-1.jpg,train,Mixed Breed,,0.397213421670336,1,Bajo,OOF desarrollo
6c4af5f08,data/raw_petfinder/train_images/6c4af5f08-1.jpg,train,Mixed Breed,,0.202252549526341,0,Bajo,OOF desarrollo
2352b7f0e,data/raw_petfinder/train_images/2352b7f0e-1.jpg,train,Terrier,,0.5525083318253425,1,Medio,OOF desarrollo
bf8aa8f96,data/raw_petfinder/train_images/bf8aa8f96-1.jpg,train,Swedish Vallhund,,0.6350892977302658,1,Alto,OOF desarrollo
11e6c4d80,data/raw_petfinder/train_images/11e6c4d80-1.jpg,train,Mixed Breed,,0.573705489893159,1,Medio,OOF desarrollo
f2ac99dfe,data/raw_petfinder/train_images/f2ac99dfe-1.jpg,train,Mixed Breed,,0.3716417936742465,0,Bajo,OOF desarrollo
fb442ee5e,data/raw_petfinder/train_images/fb442ee5e-1.jpg,train,Mixed Breed,,0.6399566142836494,1,Alto,OOF desarrollo
618f4931a,data/raw_petfinder/train_images/618f4931a-1.jpg,valid,Mixed Breed,Terrier,0.6045464339836263,1,Medio,OOF desarrollo
da7fe1120,data/raw_petfinder/train_images/da7fe1120-1.jpg,test,Mixed Breed,,0.52723140137038,1,Medio,Test fuera de muestra
d4b5c41ac,data/raw_petfinder/train_images/d4b5c41ac-1.jpg,train,Mixed Breed,Mixed Breed,0.6138865846243956,1,Alto,OOF desarrollo
88a5b8318,data/raw_petfinder/train_images/88a5b8318-1.jpg,test,Mixed Breed,,0.5706601318499552,1,Medio,Test fuera de muestra
3ebe9f7af,data/raw_petfinder/train_images/3ebe9f7af-1.jpg,valid,Mixed Breed,,0.7704835452470007,1,Alto,OOF desarrollo
21bebd773,data/raw_petfinder/train_images/21bebd773-1.jpg,valid,Mixed Breed,,0.6114363473175264,1,Alto,OOF desarrollo
bc9036716,data/raw_petfinder/train_images/bc9036716-1.jpg,train,Mixed Breed,,0.7041809499901411,1,Alto,OOF desarrollo
363e8df66,data/raw_petfinder/train_images/363e8df66-1.jpg,test,Mixed Breed,,0.5841216005034733,1,Medio,Test fuera de muestra
cb5ecf136,data/raw_petfinder/train_images/cb5ecf136-1.jpg,train,Mixed Breed,Doberman Pinscher,0.5103077030488449,1,Medio,OOF desarrollo
353187b3d,data/raw_petfinder/train_images/353187b3d-1.jpg,train,Mixed Breed,,0.4814498444297016,1,Medio,OOF desarrollo
fa1608a29,data/raw_petfinder/train_images/fa1608a29-1.jpg,test,Basset Hound,,0.6174858915335577,1,Alto,Test fuera de muestra
d18218a56,data/raw_petfinder/train_images/d18218a56-1.jpg,test,Mixed Breed,,0.6468466506669031,1,Alto,Test fuera de muestra
f3b29563b,data/raw_petfinder/train_images/f3b29563b-1.jpg,train,Poodle,Spitz,0.5392684957880268,1,Medio,OOF desarrollo
a62fcea51,data/raw_petfinder/train_images/a62fcea51-1.jpg,train,Mixed Breed,,0.7630205214476202,1,Alto,OOF desarrollo
1b3dcf712,data/raw_petfinder/train_images/1b3dcf712-1.jpg,test,Mixed Breed,,0.6899974143264214,1,Alto,Test fuera de muestra
fe22cc3da,data/raw_petfinder/train_images/fe22cc3da-1.jpg,train,Mixed Breed,,0.7626686952737727,1,Alto,OOF desarrollo
d0aa84916,data/raw_petfinder/train_images/d0aa84916-1.jpg,train,Mixed Breed,,0.6867127308352348,1,Alto,OOF desarrollo
cefba5d32,data/raw_petfinder/train_images/cefba5d32-1.jpg,test,Mixed Breed,,0.4398580768607746,1,Bajo,Test fuera de muestra
64f06dc3b,data/raw_petfinder/train_images/64f06dc3b-1.jpg,test,Shih Tzu,Terrier,0.3486204743350687,0,Bajo,Test fuera de muestra
774de959c,data/raw_petfinder/train_images/774de959c-1.jpg,test,Terrier,,0.6666049184644034,1,Alto,Test fuera de muestra
a479a1a6a,data/raw_petfinder/train_images/a479a1a6a-1.jpg,train,Mixed Breed,,0.5799548504450248,1,Medio,OOF desarrollo
1f470d9f4,data/raw_petfinder/train_images/1f470d9f4-1.jpg,train,Mixed Breed,,0.6252087180597823,1,Alto,OOF desarrollo
3c155e05c,data/raw_petfinder/train_images/3c155e05c-1.jpg,valid,Mixed Breed,Mixed Breed,0.465651431026947,1,Medio,OOF desarrollo
ad937498b,data/raw_petfinder/train_images/ad937498b-1.jpg,valid,Mixed Breed,Belgian Shepherd Malinois,0.2052180940447761,0,Bajo,OOF desarrollo
b89c365c3,data/raw_petfinder/train_images/b89c365c3-1.jpg,valid,Mixed Breed,,0.6743521689744416,1,Alto,OOF desarrollo
8044a4f7e,data/raw_petfinder/train_images/8044a4f7e-1.jpg,valid,Mixed Breed,,0.4685920870267039,1,Medio,OOF desarrollo
5d822305a,data/raw_petfinder/train_images/5d822305a-1.jpg,valid,Golden Retriever,Mixed Breed,0.5750717377721959,1,Medio,OOF desarrollo
451d17b57,data/raw_petfinder/train_images/451d17b57-1.jpg,test,Mixed Breed,Mixed Breed,0.828756823536956,1,Alto,Test fuera de muestra
b5b6b9398,data/raw_petfinder/train_images/b5b6b9398-1.jpg,train,Mixed Breed,,0.6726976502110042,1,Alto,OOF desarrollo
1afdc26fa,data/raw_petfinder/train_images/1afdc26fa-1.jpg,train,Terrier,Terrier,0.4879996570937389,1,Medio,OOF desarrollo
fe4b30cfb,data/raw_petfinder/train_images/fe4b30cfb-1.jpg,train,Shih Tzu,,0.4395443394002316,1,Bajo,OOF desarrollo
4199f1957,data/raw_petfinder/train_images/4199f1957-1.jpg,train,Chinese Crested Dog,Silky Terrier,0.3049638475494477,0,Bajo,OOF desarrollo
c81a8045f,data/raw_petfinder/train_images/c81a8045f-1.jpg,test,Mixed Breed,,0.5212965528170053,1,Medio,Test fuera de muestra
9cda44cdf,data/raw_petfinder/train_images/9cda44cdf-1.jpg,test,Mixed Breed,Labrador Retriever,0.406244016329586,1,Bajo,Test fuera de muestra
30506e8c1,data/raw_petfinder/train_images/30506e8c1-1.jpg,train,Mixed Breed,,0.3996786790477143,1,Bajo,OOF desarrollo
6b6d2c65f,data/raw_petfinder/train_images/6b6d2c65f-1.jpg,train,Mixed Breed,,0.5337594637337231,1,Medio,OOF desarrollo
cc0d4cec3,data/raw_petfinder/train_images/cc0d4cec3-1.jpg,train,Mixed Breed,,0.4147179184304627,1,Bajo,OOF desarrollo
3c29e8689,data/raw_petfinder/train_images/3c29e8689-1.jpg,train,Miniature Pinscher,,0.5980919748050799,1,Medio,OOF desarrollo
bd7b805ba,data/raw_petfinder/train_images/bd7b805ba-1.jpg,train,Mixed Breed,,0.4978211623630939,1,Medio,OOF desarrollo
8b9c38ed2,data/raw_petfinder/train_images/8b9c38ed2-1.jpg,valid,Mixed Breed,,0.6120402571456021,1,Alto,OOF desarrollo
aaca75307,data/raw_petfinder/train_images/aaca75307-1.jpg,test,Shar Pei,,0.3373529909518363,0,Bajo,Test fuera de muestra
bd70d885d,data/raw_petfinder/train_images/bd70d885d-1.jpg,train,Mixed Breed,,0.7508149272493289,1,Alto,OOF desarrollo
c38afccab,data/raw_petfinder/train_images/c38afccab-1.jpg,valid,Mixed Breed,,0.3806930297043526,0,Bajo,OOF desarrollo
f5e706014,data/raw_petfinder/train_images/f5e706014-1.jpg,train,Poodle,,0.317853895532774,0,Bajo,OOF desarrollo
276ce7f3a,data/raw_petfinder/train_images/276ce7f3a-1.jpg,train,Shih Tzu,Pug,0.2929462935717087,0,Bajo,OOF desarrollo
ac384792b,data/raw_petfinder/train_images/ac384792b-1.jpg,valid,Labrador Retriever,Mixed Breed,0.3769991977589478,0,Bajo,OOF desarrollo
be579e6ed,data/raw_petfinder/train_images/be579e6ed-1.jpg,train,Mixed Breed,,0.8017932502642513,1,Alto,OOF desarrollo
d0bf2b3bf,data/raw_petfinder/train_images/d0bf2b3bf-1.jpg,test,Mixed Breed,,0.2334490259908764,0,Bajo,Test fuera de muestra
d867c4016,data/raw_petfinder/train_images/d867c4016-1.jpg,train,Mixed Breed,,0.294886245749125,0,Bajo,OOF desarrollo
e9a854207,data/raw_petfinder/train_images/e9a854207-1.jpg,test,Mixed Breed,,0.3869553499502735,0,Bajo,Test fuera de muestra
774289137,data/raw_petfinder/train_images/774289137-1.jpg,train,Mixed Breed,,0.3576773802725076,0,Bajo,OOF desarrollo
42b4b0024,data/raw_petfinder/train_images/42b4b0024-1.jpg,test,Mixed Breed,,0.699493541998299,1,Alto,Test fuera de muestra
5b1528841,data/raw_petfinder/train_images/5b1528841-1.jpg,test,Mixed Breed,,0.3301322970935527,0,Bajo,Test fuera de muestra
a144cca8c,data/raw_petfinder/train_images/a144cca8c-1.jpg,train,Mixed Breed,,0.377429431871641,0,Bajo,OOF desarrollo
ecafbb542,data/raw_petfinder/train_images/ecafbb542-1.jpg,train,Mixed Breed,,0.4405197283623162,1,Bajo,OOF desarrollo
4033fee1a,data/raw_petfinder/train_images/4033fee1a-1.jpg,train,Jack Russell Terrier,Mixed Breed,0.2679560707404037,0,Bajo,OOF desarrollo
5f1896e5d,data/raw_petfinder/train_images/5f1896e5d-1.jpg,train,Mixed Breed,,0.5311385504596684,1,Medio,OOF desarrollo
ee6601d0b,data/raw_petfinder/train_images/ee6601d0b-1.jpg,train,Mixed Breed,,0.7677441796445313,1,Alto,OOF desarrollo
156da1714,data/raw_petfinder/train_images/156da1714-1.jpg,train,Labrador Retriever,,0.3124597549572352,0,Bajo,OOF desarrollo
924373704,data/raw_petfinder/train_images/924373704-1.jpg,train,Mixed Breed,,0.4474211562719423,1,Bajo,OOF desarrollo
4263cc9ed,data/raw_petfinder/train_images/4263cc9ed-1.jpg,test,Mixed Breed,,0.3440953536191317,0,Bajo,Test fuera de muestra
0910c13a3,data/raw_petfinder/train_images/0910c13a3-1.jpg,train,Mixed Breed,Mixed Breed,0.5606249179044056,1,Medio,OOF desarrollo
5d3ee6378,data/raw_petfinder/train_images/5d3ee6378-1.jpg,test,Mixed Breed,Mixed Breed,0.7869952206195062,1,Alto,Test fuera de muestra
42a28c241,data/raw_petfinder/train_images/42a28c241-1.jpg,test,Mixed Breed,,0.4022556845439096,1,Bajo,Test fuera de muestra
a86bbc71f,data/raw_petfinder/train_images/a86bbc71f-1.jpg,train,Mixed Breed,,0.7183856360741558,1,Alto,OOF desarrollo
5962cfdd9,data/raw_petfinder/train_images/5962cfdd9-1.jpg,test,Mixed Breed,Mixed Breed,0.5140683796705725,1,Medio,Test fuera de muestra
f4d945501,data/raw_petfinder/train_images/f4d945501-1.jpg,train,Mixed Breed,,0.565677389115363,1,Medio,OOF desarrollo
bdfe6125d,data/raw_petfinder/train_images/bdfe6125d-1.jpg,train,Mixed Breed,Mixed Breed,0.798569891208365,1,Alto,OOF desarrollo
4e8ae40c0,data/raw_petfinder/train_images/4e8ae40c0-1.jpg,train,Mixed Breed,Mixed Breed,0.3500834041565541,0,Bajo,OOF desarrollo
ddb95945a,data/raw_petfinder/train_images/ddb95945a-1.jpg,train,Poodle,,0.4354886293494269,1,Bajo,OOF desarrollo
453125325,data/raw_petfinder/train_images/453125325-1.jpg,train,Pekingese,,0.5203794861876815,1,Medio,OOF desarrollo
5c92de3f6,data/raw_petfinder/train_images/5c92de3f6-1.jpg,train,Terrier,Mixed Breed,0.6744069570269287,1,Alto,OOF desarrollo
41175dcb5,data/raw_petfinder/train_images/41175dcb5-1.jpg,train,Mixed Breed,,0.6208261721076389,1,Alto,OOF desarrollo
e24b153bb,data/raw_petfinder/train_images/e24b153bb-1.jpg,train,Mixed Breed,,0.4654685050745729,1,Medio,OOF desarrollo
edf74226c,data/raw_petfinder/train_images/edf74226c-1.jpg,train,Mixed Breed,Pit Bull Terrier,0.6456937839069072,1,Alto,OOF desarrollo
99b263dea,data/raw_petfinder/train_images/99b263dea-1.jpg,train,Mixed Breed,,0.3184604398780802,0,Bajo,OOF desarrollo
454607f26,data/raw_petfinder/train_images/454607f26-1.jpg,valid,Mixed Breed,,0.4445637153008077,1,Bajo,OOF desarrollo
30669fef4,data/raw_petfinder/train_images/30669fef4-1.jpg,test,Mixed Breed,,0.4853478678402357,1,Medio,Test fuera de muestra
3cf06742b,data/raw_petfinder/train_images/3cf06742b-1.jpg,test,Mixed Breed,,0.5539408052354061,1,Medio,Test fuera de muestra
059baa037,data/raw_petfinder/train_images/059baa037-1.jpg,train,Mixed Breed,,0.7547875296845861,1,Alto,OOF desarrollo
888c22eb5,data/raw_petfinder/train_images/888c22eb5-1.jpg,test,Mixed Breed,Labrador Retriever,0.5583998850455136,1,Medio,Test fuera de muestra
d3a92c453,data/raw_petfinder/train_images/d3a92c453-1.jpg,train,Mixed Breed,Mixed Breed,0.4982456132428778,1,Medio,OOF desarrollo
f0a4b28f6,data/raw_petfinder/train_images/f0a4b28f6-1.jpg,test,Mixed Breed,Mixed Breed,0.512179195237106,1,Medio,Test fuera de muestra
bc4b95345,data/raw_petfinder/train_images/bc4b95345-1.jpg,train,Mixed Breed,Mixed Breed,0.7386748429441634,1,Alto,OOF desarrollo
5776e3791,data/raw_petfinder/train_images/5776e3791-1.jpg,valid,Mixed Breed,Mixed Breed,0.5533425838086706,1,Medio,OOF desarrollo
553752e54,data/raw_petfinder/train_images/553752e54-1.jpg,valid,Mixed Breed,,0.3020353833987391,0,Bajo,OOF desarrollo
08767d88e,data/raw_petfinder/train_images/08767d88e-1.jpg,train,Mixed Breed,,0.2708739101956994,0,Bajo,OOF desarrollo
076ec7e18,data/raw_petfinder/train_images/076ec7e18-1.jpg,train,Maltese,,0.3729658407713818,0,Bajo,OOF desarrollo
fed799a78,data/raw_petfinder/train_images/fed799a78-1.jpg,train,Mixed Breed,Mixed Breed,0.7281200530359775,1,Alto,OOF desarrollo
426bb5e4c,data/raw_petfinder/train_images/426bb5e4c-1.jpg,train,Mixed Breed,,0.5494232346367058,1,Medio,OOF desarrollo
f08b9d3c3,data/raw_petfinder/train_images/f08b9d3c3-1.jpg,test,Mixed Breed,Bearded Collie,0.5768850666738041,1,Medio,Test fuera de muestra
71deb8267,data/raw_petfinder/train_images/71deb8267-1.jpg,train,Labrador Retriever,Golden Retriever,0.4797243871963853,1,Medio,OOF desarrollo
d412201f6,data/raw_petfinder/train_images/d412201f6-1.jpg,train,Terrier,,0.337349746099813,0,Bajo,OOF desarrollo
f6510f0c2,data/raw_petfinder/train_images/f6510f0c2-1.jpg,train,Rottweiler,Mixed Breed,0.2745109004051317,0,Bajo,OOF desarrollo
766c2cd92,data/raw_petfinder/train_images/766c2cd92-1.jpg,test,Mixed Breed,,0.6002863127024209,1,Medio,Test fuera de muestra
2d725d001,data/raw_petfinder/train_images/2d725d001-1.jpg,train,Mixed Breed,,0.4451897760862527,1,Bajo,OOF desarrollo
6ee8964b0,data/raw_petfinder/train_images/6ee8964b0-1.jpg,train,Mixed Breed,,0.5166797562238186,1,Medio,OOF desarrollo
563eaa005,data/raw_petfinder/train_images/563eaa005-1.jpg,test,Mixed Breed,,0.7237766584971348,1,Alto,Test fuera de muestra
91e663cd2,data/raw_petfinder/train_images/91e663cd2-1.jpg,train,Mixed Breed,,0.3504297254427175,0,Bajo,OOF desarrollo
33f28ad35,data/raw_petfinder/train_images/33f28ad35-1.jpg,test,Mixed Breed,,0.6148208357648479,1,Alto,Test fuera de muestra
80a2e14af,data/raw_petfinder/train_images/80a2e14af-1.jpg,test,Mixed Breed,,0.340092806778955,0,Bajo,Test fuera de muestra
0e736f310,data/raw_petfinder/train_images/0e736f310-1.jpg,train,Spitz,Mixed Breed,0.4636308538201007,1,Medio,OOF desarrollo
f5768c4e2,data/raw_petfinder/train_images/f5768c4e2-1.jpg,train,Siberian Husky,,0.2468852604355411,0,Bajo,OOF desarrollo
2f3bed708,data/raw_petfinder/train_images/2f3bed708-1.jpg,valid,Mixed Breed,Mixed Breed,0.4337804824127759,1,Bajo,OOF desarrollo
1d4940497,data/raw_petfinder/train_images/1d4940497-1.jpg,train,Mixed Breed,,0.4042853147266559,1,Bajo,OOF desarrollo
2288c4fc6,data/raw_petfinder/train_images/2288c4fc6-1.jpg,train,Mixed Breed,,0.5003484639998186,1,Medio,OOF desarrollo
3a8f89229,data/raw_petfinder/train_images/3a8f89229-1.jpg,train,Mixed Breed,,0.3950073585494613,1,Bajo,OOF desarrollo
3f03da51e,data/raw_petfinder/train_images/3f03da51e-1.jpg,test,Mixed Breed,,0.5465116055011621,1,Medio,Test fuera de muestra
e77b5a78f,data/raw_petfinder/train_images/e77b5a78f-1.jpg,train,Labrador Retriever,Mixed Breed,0.308078262005349,0,Bajo,OOF desarrollo
a6f768f75,data/raw_petfinder/train_images/a6f768f75-1.jpg,train,Mixed Breed,,0.5212315282228943,1,Medio,OOF desarrollo
92d4c1513,data/raw_petfinder/train_images/92d4c1513-1.jpg,train,Mixed Breed,Mixed Breed,0.706342456914556,1,Alto,OOF desarrollo
27b708edc,data/raw_petfinder/train_images/27b708edc-1.jpg,train,Mixed Breed,,0.619005990077923,1,Alto,OOF desarrollo
a3e73475f,data/raw_petfinder/train_images/a3e73475f-1.jpg,train,Corgi,Miniature Pinscher,0.6503915880270734,1,Alto,OOF desarrollo
13426c720,data/raw_petfinder/train_images/13426c720-1.jpg,train,Poodle,,0.4989822383930978,1,Medio,OOF desarrollo
8a0cfdd56,data/raw_petfinder/train_images/8a0cfdd56-1.jpg,train,Mixed Breed,,0.5889433771270455,1,Medio,OOF desarrollo
686b90dfc,data/raw_petfinder/train_images/686b90dfc-1.jpg,test,Poodle,,0.6346687049614443,1,Alto,Test fuera de muestra
b188b50cd,data/raw_petfinder/train_images/b188b50cd-1.jpg,train,Mixed Breed,,0.6561801990835764,1,Alto,OOF desarrollo
960f1a1d8,data/raw_petfinder/train_images/960f1a1d8-1.jpg,train,Terrier,Mixed Breed,0.2911357220290311,0,Bajo,OOF desarrollo
31144a6be,data/raw_petfinder/train_images/31144a6be-1.jpg,train,Mixed Breed,,0.5031792486692978,1,Medio,OOF desarrollo
8c28914a9,data/raw_petfinder/train_images/8c28914a9-1.jpg,test,Mixed Breed,,0.3234588061112929,0,Bajo,Test fuera de muestra
a3449e0d0,data/raw_petfinder/train_images/a3449e0d0-1.jpg,valid,Mixed Breed,Mixed Breed,0.2913638780640524,0,Bajo,OOF desarrollo
1f0bb9d58,data/raw_petfinder/train_images/1f0bb9d58-1.jpg,test,Terrier,Mixed Breed,0.4439871240644102,1,Bajo,Test fuera de muestra
b1988cdd5,data/raw_petfinder/train_images/b1988cdd5-1.jpg,train,Mixed Breed,,0.4982612322945204,1,Medio,OOF desarrollo
309f63a00,data/raw_petfinder/train_images/309f63a00-1.jpg,test,Mixed Breed,,0.6842747884941343,1,Alto,Test fuera de muestra
beea1e1dd,data/raw_petfinder/train_images/beea1e1dd-1.jpg,train,Bullmastiff,Mixed Breed,0.6977884423483793,1,Alto,OOF desarrollo
01dc16c21,data/raw_petfinder/train_images/01dc16c21-1.jpg,train,Mixed Breed,Mixed Breed,0.5397953284383662,1,Medio,OOF desarrollo
aba03a4c5,data/raw_petfinder/train_images/aba03a4c5-1.jpg,train,Terrier,,0.5645784111912473,1,Medio,OOF desarrollo
111748c15,data/raw_petfinder/train_images/111748c15-1.jpg,train,Mixed Breed,,0.3371238783550812,0,Bajo,OOF desarrollo
e78e9736a,data/raw_petfinder/train_images/e78e9736a-1.jpg,train,Mixed Breed,,0.6704905426718288,1,Alto,OOF desarrollo
827ac9a9f,data/raw_petfinder/train_images/827ac9a9f-1.jpg,test,Mixed Breed,,0.4304263050831281,1,Bajo,Test fuera de muestra
8390dbef8,data/raw_petfinder/train_images/8390dbef8-1.jpg,valid,Mixed Breed,,0.4558688736857915,1,Bajo,OOF desarrollo
2bcab4c4e,data/raw_petfinder/train_images/2bcab4c4e-1.jpg,valid,Retriever,Mixed Breed,0.4801341842616416,1,Medio,OOF desarrollo
a2b34e983,data/raw_petfinder/train_images/a2b34e983-1.jpg,test,Mixed Breed,,0.4661008760938925,1,Medio,Test fuera de muestra
9df9b11b1,data/raw_petfinder/train_images/9df9b11b1-1.jpg,train,Mixed Breed,,0.6629166105207337,1,Alto,OOF desarrollo
567c1ab71,data/raw_petfinder/train_images/567c1ab71-1.jpg,test,Mixed Breed,Mixed Breed,0.455146681967789,1,Bajo,Test fuera de muestra
d0b5fece1,data/raw_petfinder/train_images/d0b5fece1-1.jpg,train,Mixed Breed,,0.6823947899350391,1,Alto,OOF desarrollo
bf2f22377,data/raw_petfinder/train_images/bf2f22377-1.jpg,train,Mixed Breed,Mixed Breed,0.7574026526262501,1,Alto,OOF desarrollo
f7b84bc3b,data/raw_petfinder/train_images/f7b84bc3b-1.jpg,train,Mixed Breed,,0.6569942148861485,1,Alto,OOF desarrollo
e570d64ac,data/raw_petfinder/train_images/e570d64ac-1.jpg,train,Mixed Breed,,0.3861585790407133,0,Bajo,OOF desarrollo
8111f6d4a,data/raw_petfinder/train_images/8111f6d4a-1.jpg,train,Mixed Breed,,0.4597098405152702,1,Medio,OOF desarrollo
45d1d74ca,data/raw_petfinder/train_images/45d1d74ca-1.jpg,train,Mixed Breed,,0.8511169739901109,1,Alto,OOF desarrollo
60e5899e2,data/raw_petfinder/train_images/60e5899e2-1.jpg,train,Beagle,,0.3902943815809203,1,Bajo,OOF desarrollo
949fbd095,data/raw_petfinder/train_images/949fbd095-1.jpg,test,Mixed Breed,Mixed Breed,0.8435087255176565,1,Alto,Test fuera de muestra
d94f98004,data/raw_petfinder/train_images/d94f98004-1.jpg,train,Mixed Breed,,0.5538044691195076,1,Medio,OOF desarrollo
9d8e820b0,data/raw_petfinder/train_images/9d8e820b0-1.jpg,train,Mixed Breed,,0.4552684506030132,1,Bajo,OOF desarrollo
9316ce78a,data/raw_petfinder/train_images/9316ce78a-1.jpg,train,Mixed Breed,,0.3636314087776061,0,Bajo,OOF desarrollo
d4066ef07,data/raw_petfinder/train_images/d4066ef07-1.jpg,valid,Mixed Breed,Belgian Shepherd Dog Sheepdog,0.5956534492890341,1,Medio,OOF desarrollo
916c891aa,data/raw_petfinder/train_images/916c891aa-1.jpg,test,Maltese,,0.4798949761481388,1,Medio,Test fuera de muestra
bb4e0ddb3,data/raw_petfinder/train_images/bb4e0ddb3-1.jpg,train,Siberian Husky,German Shepherd Dog,0.2751897241331397,0,Bajo,OOF desarrollo
6e21edd32,data/raw_petfinder/train_images/6e21edd32-1.jpg,test,Flat-coated Retriever,Terrier,0.7096904690654267,1,Alto,Test fuera de muestra
de7905c9c,data/raw_petfinder/train_images/de7905c9c-1.jpg,train,Mixed Breed,,0.8088316308243546,1,Alto,OOF desarrollo
5d622bf92,data/raw_petfinder/train_images/5d622bf92-1.jpg,train,Mixed Breed,,0.6951369894005499,1,Alto,OOF desarrollo
e6d60a265,data/raw_petfinder/train_images/e6d60a265-1.jpg,train,Labrador Retriever,Spitz,0.5925508251124847,1,Medio,OOF desarrollo
b5cb75a44,data/raw_petfinder/train_images/b5cb75a44-1.jpg,test,Mixed Breed,,0.2442613175273622,0,Bajo,Test fuera de muestra
0e5d845dc,data/raw_petfinder/train_images/0e5d845dc-1.jpg,test,Mixed Breed,,0.4226744274239413,1,Bajo,Test fuera de muestra
aece30836,data/raw_petfinder/train_images/aece30836-1.jpg,test,Poodle,,0.5516162369589525,1,Medio,Test fuera de muestra
fc7f99ad7,data/raw_petfinder/train_images/fc7f99ad7-1.jpg,train,Mixed Breed,,0.8440902478374943,1,Alto,OOF desarrollo
c1653516e,data/raw_petfinder/train_images/c1653516e-1.jpg,valid,Mixed Breed,Mixed Breed,0.4320190336348649,1,Bajo,OOF desarrollo
74c7373bd,data/raw_petfinder/train_images/74c7373bd-1.jpg,train,Mixed Breed,,0.6877282861258057,1,Alto,OOF desarrollo
94dc821ee,data/raw_petfinder/train_images/94dc821ee-1.jpg,train,Mixed Breed,Terrier,0.5541165343832091,1,Medio,OOF desarrollo
e32467940,data/raw_petfinder/train_images/e32467940-1.jpg,valid,Husky,Husky,0.3025127742159723,0,Bajo,OOF desarrollo
cb860243c,data/raw_petfinder/train_images/cb860243c-1.jpg,test,Husky,Shiba Inu,0.5025091172475258,1,Medio,Test fuera de muestra
fe74d6173,data/raw_petfinder/train_images/fe74d6173-1.jpg,test,Mixed Breed,Mixed Breed,0.7172698765257428,1,Alto,Test fuera de muestra
5220e701f,data/raw_petfinder/train_images/5220e701f-1.jpg,train,Mixed Breed,,0.4371529105088851,1,Bajo,OOF desarrollo
85c65d28b,data/raw_petfinder/train_images/85c65d28b-1.jpg,test,Spitz,,0.4257957008597284,1,Bajo,Test fuera de muestra
4d3e3a146,data/raw_petfinder/train_images/4d3e3a146-1.jpg,train,Mixed Breed,Mixed Breed,0.6147064729777716,1,Alto,OOF desarrollo
0a949618f,data/raw_petfinder/train_images/0a949618f-1.jpg,test,Mixed Breed,,0.4470377724730233,1,Bajo,Test fuera de muestra
4813a0d67,data/raw_petfinder/train_images/4813a0d67-1.jpg,test,Shih Tzu,,0.4784023816320931,1,Medio,Test fuera de muestra
c5422c04b,data/raw_petfinder/train_images/c5422c04b-1.jpg,test,Mixed Breed,Mixed Breed,0.5239345568639917,1,Medio,Test fuera de muestra
acc81bdf5,data/raw_petfinder/train_images/acc81bdf5-1.jpg,train,Shih Tzu,,0.599137068340712,1,Medio,OOF desarrollo
bb6276b35,data/raw_petfinder/train_images/bb6276b35-1.jpg,valid,Mixed Breed,,0.7626776361360403,1,Alto,OOF desarrollo
7b9cd9253,data/raw_petfinder/train_images/7b9cd9253-1.jpg,train,Mixed Breed,,0.8422923092488037,1,Alto,OOF desarrollo
dad58d0a7,data/raw_petfinder/train_images/dad58d0a7-1.jpg,train,Mixed Breed,,0.8178956119712075,1,Alto,OOF desarrollo
3fbc4677d,data/raw_petfinder/train_images/3fbc4677d-1.jpg,train,Mixed Breed,,0.3191690030527217,0,Bajo,OOF desarrollo
c93e63352,data/raw_petfinder/train_images/c93e63352-1.jpg,train,Mixed Breed,,0.7089087872576156,1,Alto,OOF desarrollo
f69a878a6,data/raw_petfinder/train_images/f69a878a6-1.jpg,train,Bullmastiff,,0.4149721968078985,1,Bajo,OOF desarrollo
91471cf89,data/raw_petfinder/train_images/91471cf89-1.jpg,train,Mixed Breed,,0.43982608791149,1,Bajo,OOF desarrollo
8b84922ac,data/raw_petfinder/train_images/8b84922ac-1.jpg,train,Spitz,Mixed Breed,0.521199304907636,1,Medio,OOF desarrollo
e97446c37,data/raw_petfinder/train_images/e97446c37-1.jpg,train,Mixed Breed,,0.4888585824642575,1,Medio,OOF desarrollo
5390fc59f,data/raw_petfinder/train_images/5390fc59f-1.jpg,valid,Mixed Breed,,0.399595829053886,1,Bajo,OOF desarrollo
655eaa578,data/raw_petfinder/train_images/655eaa578-1.jpg,valid,Mixed Breed,,0.5229577575355708,1,Medio,OOF desarrollo
aef2fa931,data/raw_petfinder/train_images/aef2fa931-1.jpg,test,Mixed Breed,,0.5403461689675647,1,Medio,Test fuera de muestra
332ae5ab2,data/raw_petfinder/train_images/332ae5ab2-1.jpg,train,Mixed Breed,Mixed Breed,0.6066637430647521,1,Alto,OOF desarrollo
1bc9bf272,data/raw_petfinder/train_images/1bc9bf272-1.jpg,train,Mixed Breed,,0.4465123229464764,1,Bajo,OOF desarrollo
4b4bb2b0a,data/raw_petfinder/train_images/4b4bb2b0a-1.jpg,valid,Shar Pei,Mixed Breed,0.6475743368223261,1,Alto,OOF desarrollo
b7a55f716,data/raw_petfinder/train_images/b7a55f716-1.jpg,valid,Mixed Breed,,0.4461512177448131,1,Bajo,OOF desarrollo
3166b0f31,data/raw_petfinder/train_images/3166b0f31-1.jpg,test,Mixed Breed,Spitz,0.6950679132716979,1,Alto,Test fuera de muestra
afab70239,data/raw_petfinder/train_images/afab70239-1.jpg,train,Mixed Breed,,0.7955067264618366,1,Alto,OOF desarrollo
fc96276a7,data/raw_petfinder/train_images/fc96276a7-1.jpg,train,Mixed Breed,,0.5573448927945479,1,Medio,OOF desarrollo
9104803d9,data/raw_petfinder/train_images/9104803d9-1.jpg,train,Mixed Breed,,0.7794203895637235,1,Alto,OOF desarrollo
20e4dbf48,data/raw_petfinder/train_images/20e4dbf48-1.jpg,train,Labrador Retriever,Mixed Breed,0.6894866732852758,1,Alto,OOF desarrollo
66bf65c82,data/raw_petfinder/train_images/66bf65c82-1.jpg,train,Pit Bull Terrier,Dalmatian,0.3586441775798867,0,Bajo,OOF desarrollo
813658b4b,data/raw_petfinder/train_images/813658b4b-1.jpg,test,Mixed Breed,,0.323977241775819,0,Bajo,Test fuera de muestra
965b31ba7,data/raw_petfinder/train_images/965b31ba7-1.jpg,test,Terrier,,0.4170927739744647,1,Bajo,Test fuera de muestra
b8084fe32,data/raw_petfinder/train_images/b8084fe32-1.jpg,train,Mixed Breed,,0.4507783712529659,1,Bajo,OOF desarrollo
27867018b,data/raw_petfinder/train_images/27867018b-1.jpg,test,Mixed Breed,Mixed Breed,0.6334865135497885,1,Alto,Test fuera de muestra
52820e80e,data/raw_petfinder/train_images/52820e80e-1.jpg,test,Mixed Breed,Mixed Breed,0.4996162247942725,1,Medio,Test fuera de muestra
b65fd06e2,data/raw_petfinder/train_images/b65fd06e2-1.jpg,train,Golden Retriever,Mixed Breed,0.5616732546272147,1,Medio,OOF desarrollo
c0b5e6036,data/raw_petfinder/train_images/c0b5e6036-1.jpg,train,Spitz,Mixed Breed,0.3738365718303025,0,Bajo,OOF desarrollo
300c91d3a,data/raw_petfinder/train_images/300c91d3a-1.jpg,valid,Mixed Breed,Mixed Breed,0.2892968792470796,0,Bajo,OOF desarrollo
b94b99757,data/raw_petfinder/train_images/b94b99757-1.jpg,test,Mixed Breed,Mixed Breed,0.4154987897072159,1,Bajo,Test fuera de muestra
71ec53012,data/raw_petfinder/train_images/71ec53012-1.jpg,test,Mixed Breed,,0.4358367375310231,1,Bajo,Test fuera de muestra
3f169c299,data/raw_petfinder/train_images/3f169c299-1.jpg,train,Mixed Breed,,0.5959103999501988,1,Medio,OOF desarrollo
36e1415c8,data/raw_petfinder/train_images/36e1415c8-1.jpg,valid,Mixed Breed,,0.5167237201414905,1,Medio,OOF desarrollo
dfe361097,data/raw_petfinder/train_images/dfe361097-1.jpg,test,Dachshund,Mixed Breed,0.3572818161604285,0,Bajo,Test fuera de muestra
3f3962d65,data/raw_petfinder/train_images/3f3962d65-1.jpg,train,Husky,,0.566436071261371,1,Medio,OOF desarrollo
4747bead4,data/raw_petfinder/train_images/4747bead4-1.jpg,train,Mixed Breed,,0.345635849915867,0,Bajo,OOF desarrollo
4cc49be2a,data/raw_petfinder/train_images/4cc49be2a-1.jpg,train,Mixed Breed,,0.5177237675097912,1,Medio,OOF desarrollo
91736f444,data/raw_petfinder/train_images/91736f444-1.jpg,train,Mixed Breed,,0.6052113105732081,1,Alto,OOF desarrollo
64ea72fca,data/raw_petfinder/train_images/64ea72fca-1.jpg,test,Mixed Breed,,0.603825954233578,1,Medio,Test fuera de muestra
029641a1a,data/raw_petfinder/train_images/029641a1a-1.jpg,train,Mixed Breed,,0.4148541670288244,1,Bajo,OOF desarrollo
fd7f76b49,data/raw_petfinder/train_images/fd7f76b49-1.jpg,train,Shih Tzu,,0.4429684126864588,1,Bajo,OOF desarrollo
453750088,data/raw_petfinder/train_images/453750088-1.jpg,train,Golden Retriever,,0.546145201786246,1,Medio,OOF desarrollo
aa32ec730,data/raw_petfinder/train_images/aa32ec730-1.jpg,valid,Labrador Retriever,German Shepherd Dog,0.2660154170648924,0,Bajo,OOF desarrollo
75fa09239,data/raw_petfinder/train_images/75fa09239-1.jpg,train,Mixed Breed,,0.7416924629229421,1,Alto,OOF desarrollo
cecb3b8ef,data/raw_petfinder/train_images/cecb3b8ef-1.jpg,train,Mixed Breed,,0.4251266850531592,1,Bajo,OOF desarrollo
4bdbeb107,data/raw_petfinder/train_images/4bdbeb107-1.jpg,test,Mixed Breed,Husky,0.690879020180298,1,Alto,Test fuera de muestra
9141b7803,data/raw_petfinder/train_images/9141b7803-1.jpg,valid,Mixed Breed,Mixed Breed,0.3846169776159466,0,Bajo,OOF desarrollo
7f33563b9,data/raw_petfinder/train_images/7f33563b9-1.jpg,train,Mixed Breed,German Shepherd Dog,0.5508076567129712,1,Medio,OOF desarrollo
470e49e41,data/raw_petfinder/train_images/470e49e41-1.jpg,train,Beagle,,0.40426436637178,1,Bajo,OOF desarrollo
61da44459,data/raw_petfinder/train_images/61da44459-1.jpg,test,Mixed Breed,,0.2464599306233155,0,Bajo,Test fuera de muestra
c787ee619,data/raw_petfinder/train_images/c787ee619-1.jpg,train,Beagle,Mixed Breed,0.261879781194097,0,Bajo,OOF desarrollo
ee4cb45ea,data/raw_petfinder/train_images/ee4cb45ea-1.jpg,train,Mixed Breed,,0.2824176535092432,0,Bajo,OOF desarrollo
35dcf4794,data/raw_petfinder/train_images/35dcf4794-1.jpg,train,Mixed Breed,,0.4669110943014469,1,Medio,OOF desarrollo
ea9ad03dc,data/raw_petfinder/train_images/ea9ad03dc-1.jpg,train,Mixed Breed,,0.7425772324470192,1,Alto,OOF desarrollo
cc081896e,data/raw_petfinder/train_images/cc081896e-1.jpg,train,Mixed Breed,,0.6181026210786422,1,Alto,OOF desarrollo
346c5abcd,data/raw_petfinder/train_images/346c5abcd-1.jpg,train,Mixed Breed,,0.842209382795563,1,Alto,OOF desarrollo
9a1be07d5,data/raw_petfinder/train_images/9a1be07d5-1.jpg,test,Labrador Retriever,,0.511819372555059,1,Medio,Test fuera de muestra
2ccf25b91,data/raw_petfinder/train_images/2ccf25b91-1.jpg,train,Mixed Breed,,0.4278156812128999,1,Bajo,OOF desarrollo
8648922dd,data/raw_petfinder/train_images/8648922dd-1.jpg,train,Mixed Breed,,0.5218089266130901,1,Medio,OOF desarrollo
7dc33902f,data/raw_petfinder/train_images/7dc33902f-1.jpg,train,Mixed Breed,,0.3544708941557154,0,Bajo,OOF desarrollo
1c16e813b,data/raw_petfinder/train_images/1c16e813b-1.jpg,valid,Golden Retriever,,0.3606757365969696,0,Bajo,OOF desarrollo
423c5b45f,data/raw_petfinder/train_images/423c5b45f-1.jpg,train,Mixed Breed,Dachshund,0.454782878718358,1,Bajo,OOF desarrollo
40f17b3a1,data/raw_petfinder/train_images/40f17b3a1-1.jpg,train,German Shepherd Dog,Mixed Breed,0.4776438930532266,1,Medio,OOF desarrollo
081c0a12d,data/raw_petfinder/train_images/081c0a12d-1.jpg,valid,Shih Tzu,,0.2383371607477409,0,Bajo,OOF desarrollo
eb30d51aa,data/raw_petfinder/train_images/eb30d51aa-1.jpg,train,Mixed Breed,,0.3764210913833734,0,Bajo,OOF desarrollo
f31cebfd0,data/raw_petfinder/train_images/f31cebfd0-1.jpg,train,Miniature Pinscher,,0.6040604843920466,1,Medio,OOF desarrollo
ed390241b,data/raw_petfinder/train_images/ed390241b-1.jpg,train,Jack Russell Terrier,,0.319172607730949,0,Bajo,OOF desarrollo
40d7cb083,data/raw_petfinder/train_images/40d7cb083-1.jpg,train,Mixed Breed,,0.4147618370303882,1,Bajo,OOF desarrollo
4a762f7ab,data/raw_petfinder/train_images/4a762f7ab-1.jpg,train,Mixed Breed,,0.4002884136281208,1,Bajo,OOF desarrollo
ff9ce365b,data/raw_petfinder/train_images/ff9ce365b-1.jpg,valid,Mixed Breed,,0.4956766306148182,1,Medio,OOF desarrollo
1ba29c00b,data/raw_petfinder/train_images/1ba29c00b-1.jpg,train,Mixed Breed,,0.4199642926408544,1,Bajo,OOF desarrollo
05d10428c,data/raw_petfinder/train_images/05d10428c-1.jpg,test,Mixed Breed,,0.6171283026983798,1,Alto,Test fuera de muestra
86c131c22,data/raw_petfinder/train_images/86c131c22-1.jpg,train,Mixed Breed,,0.678751925662016,1,Alto,OOF desarrollo
a118d66aa,data/raw_petfinder/train_images/a118d66aa-1.jpg,test,Spitz,Mixed Breed,0.4859466630944262,1,Medio,Test fuera de muestra
997653f86,data/raw_petfinder/train_images/997653f86-1.jpg,valid,Mixed Breed,,0.7480028844320964,1,Alto,OOF desarrollo
ac31057e6,data/raw_petfinder/train_images/ac31057e6-1.jpg,train,Mixed Breed,Labrador Retriever,0.6748347602470888,1,Alto,OOF desarrollo
aaeb4781c,data/raw_petfinder/train_images/aaeb4781c-1.jpg,train,Shih Tzu,,0.3109483499203522,0,Bajo,OOF desarrollo
14084c784,data/raw_petfinder/train_images/14084c784-1.jpg,valid,Pomeranian,,0.4573750493323511,1,Bajo,OOF desarrollo
3fcf1b40a,data/raw_petfinder/train_images/3fcf1b40a-1.jpg,train,Mixed Breed,,0.738517165071245,1,Alto,OOF desarrollo
4eb30abb2,data/raw_petfinder/train_images/4eb30abb2-1.jpg,valid,Mixed Breed,Mixed Breed,0.6913560352417056,1,Alto,OOF desarrollo
6806f15f3,data/raw_petfinder/train_images/6806f15f3-1.jpg,test,Terrier,Mixed Breed,0.6577317916653205,1,Alto,Test fuera de muestra
c15d26817,data/raw_petfinder/train_images/c15d26817-1.jpg,train,Labrador Retriever,Mixed Breed,0.6703336629745598,1,Alto,OOF desarrollo
a1ba2f016,data/raw_petfinder/train_images/a1ba2f016-1.jpg,valid,Mixed Breed,,0.4428712882547621,1,Bajo,OOF desarrollo
3fa277b19,data/raw_petfinder/train_images/3fa277b19-1.jpg,test,Mixed Breed,,0.5428450215172027,1,Medio,Test fuera de muestra
6c71db5b5,data/raw_petfinder/train_images/6c71db5b5-1.jpg,train,Doberman Pinscher,,0.3786835190082716,0,Bajo,OOF desarrollo
a8057f0a8,data/raw_petfinder/train_images/a8057f0a8-1.jpg,test,Doberman Pinscher,Mixed Breed,0.5713740820501785,1,Medio,Test fuera de muestra
95e92b082,data/raw_petfinder/train_images/95e92b082-1.jpg,test,Mixed Breed,,0.6315761308297207,1,Alto,Test fuera de muestra
f3c8fda0f,data/raw_petfinder/train_images/f3c8fda0f-1.jpg,train,Mixed Breed,Spitz,0.4400975275767587,1,Bajo,OOF desarrollo
dd4b67059,data/raw_petfinder/train_images/dd4b67059-1.jpg,train,Mixed Breed,,0.7882383481321975,1,Alto,OOF desarrollo
a7b53e5ca,data/raw_petfinder/train_images/a7b53e5ca-1.jpg,test,Mixed Breed,Mixed Breed,0.5136464965168238,1,Medio,Test fuera de muestra
55cdf4eda,data/raw_petfinder/train_images/55cdf4eda-1.jpg,train,German Shepherd Dog,Mixed Breed,0.6651162637513657,1,Alto,OOF desarrollo
25f055b91,data/raw_petfinder/train_images/25f055b91-1.jpg,test,Mixed Breed,,0.7615539807918181,1,Alto,Test fuera de muestra
5c1f1a317,data/raw_petfinder/train_images/5c1f1a317-1.jpg,train,Mixed Breed,Mixed Breed,0.7316238328436033,1,Alto,OOF desarrollo
6e441b406,data/raw_petfinder/train_images/6e441b406-1.jpg,train,Terrier,Jack Russell Terrier,0.6322629793294122,1,Alto,OOF desarrollo
0fe9d0022,data/raw_petfinder/train_images/0fe9d0022-1.jpg,train,Mixed Breed,,0.5951925908867604,1,Medio,OOF desarrollo
5d7c27d43,data/raw_petfinder/train_images/5d7c27d43-1.jpg,test,German Shepherd Dog,Mixed Breed,0.6183023479111771,1,Alto,Test fuera de muestra
19af88854,data/raw_petfinder/train_images/19af88854-1.jpg,train,Rottweiler,Mixed Breed,0.6749955459773038,1,Alto,OOF desarrollo
b623d9449,data/raw_petfinder/train_images/b623d9449-1.jpg,valid,Mixed Breed,Mixed Breed,0.6597888488350658,1,Alto,OOF desarrollo
d99ea593a,data/raw_petfinder/train_images/d99ea593a-1.jpg,valid,Mixed Breed,,0.694559636103028,1,Alto,OOF desarrollo
4db543276,data/raw_petfinder/train_images/4db543276-1.jpg,valid,Mixed Breed,Mixed Breed,0.3655175342338743,0,Bajo,OOF desarrollo
bf537cdb3,data/raw_petfinder/train_images/bf537cdb3-1.jpg,train,Mixed Breed,,0.7545994114582552,1,Alto,OOF desarrollo
e2aa20dbd,data/raw_petfinder/train_images/e2aa20dbd-1.jpg,train,Labrador Retriever,Mixed Breed,0.7421247115544873,1,Alto,OOF desarrollo
bb9e47b4a,data/raw_petfinder/train_images/bb9e47b4a-1.jpg,train,Mixed Breed,,0.467570652405573,1,Medio,OOF desarrollo
b17f7a1fc,data/raw_petfinder/train_images/b17f7a1fc-1.jpg,train,Mixed Breed,,0.7082477869943107,1,Alto,OOF desarrollo
107c30c6d,data/raw_petfinder/train_images/107c30c6d-1.jpg,train,Mixed Breed,,0.8221063133054376,1,Alto,OOF desarrollo
0833744e6,data/raw_petfinder/train_images/0833744e6-1.jpg,test,Mixed Breed,,0.7554006664192221,1,Alto,Test fuera de muestra
55ccb364d,data/raw_petfinder/train_images/55ccb364d-1.jpg,train,Mixed Breed,,0.4629961196515233,1,Medio,OOF desarrollo
92d1612f0,data/raw_petfinder/train_images/92d1612f0-1.jpg,test,Rottweiler,,0.3853642418529154,0,Bajo,Test fuera de muestra
4d8bc908b,data/raw_petfinder/train_images/4d8bc908b-1.jpg,test,Mixed Breed,,0.5958994654671326,1,Medio,Test fuera de muestra
41c83dda8,data/raw_petfinder/train_images/41c83dda8-1.jpg,train,Mixed Breed,,0.3849699447065761,0,Bajo,OOF desarrollo
7a5b854f0,data/raw_petfinder/train_images/7a5b854f0-1.jpg,test,German Shepherd Dog,Mixed Breed,0.463935602226194,1,Medio,Test fuera de muestra
d4b2dcfb6,data/raw_petfinder/train_images/d4b2dcfb6-1.jpg,train,Mixed Breed,,0.4963972307681659,1,Medio,OOF desarrollo
8d39e0fa1,data/raw_petfinder/train_images/8d39e0fa1-1.jpg,test,Mixed Breed,Mixed Breed,0.6832754875650902,1,Alto,Test fuera de muestra
56856fe73,data/raw_petfinder/train_images/56856fe73-1.jpg,valid,Mixed Breed,,0.7469083956148458,1,Alto,OOF desarrollo
749afb385,data/raw_petfinder/train_images/749afb385-1.jpg,valid,Mixed Breed,,0.4221442968373192,1,Bajo,OOF desarrollo
9acd96273,data/raw_petfinder/train_images/9acd96273-1.jpg,train,Mixed Breed,Mixed Breed,0.7238777080457235,1,Alto,OOF desarrollo
ebb74d225,data/raw_petfinder/train_images/ebb74d225-1.jpg,valid,Cattle Dog,Corgi,0.3736493813909352,0,Bajo,OOF desarrollo
daad5c208,data/raw_petfinder/train_images/daad5c208-1.jpg,test,Shih Tzu,Shih Tzu,0.3997681815137083,1,Bajo,Test fuera de muestra
b2e46582a,data/raw_petfinder/train_images/b2e46582a-1.jpg,train,Golden Retriever,Golden Retriever,0.3786049425941578,0,Bajo,OOF desarrollo
65650b974,data/raw_petfinder/train_images/65650b974-1.jpg,train,Mixed Breed,,0.4031407360175391,1,Bajo,OOF desarrollo
b4d7cbe8b,data/raw_petfinder/train_images/b4d7cbe8b-1.jpg,train,Mixed Breed,,0.7833213338393632,1,Alto,OOF desarrollo
13d30c173,data/raw_petfinder/train_images/13d30c173-1.jpg,train,Mixed Breed,,0.3485958141782538,0,Bajo,OOF desarrollo
77d38bd16,data/raw_petfinder/train_images/77d38bd16-1.jpg,train,Terrier,Mixed Breed,0.616487116409598,1,Alto,OOF desarrollo
36d7fc2c5,data/raw_petfinder/train_images/36d7fc2c5-1.jpg,train,Mixed Breed,,0.6750975464195048,1,Alto,OOF desarrollo
39fb68722,data/raw_petfinder/train_images/39fb68722-1.jpg,train,Mixed Breed,,0.2700897049003211,0,Bajo,OOF desarrollo
b497fb8eb,data/raw_petfinder/train_images/b497fb8eb-1.jpg,train,Mixed Breed,,0.3858670578550722,0,Bajo,OOF desarrollo
faf64d6a6,data/raw_petfinder/train_images/faf64d6a6-1.jpg,test,Labrador Retriever,Mixed Breed,0.5727482843770798,1,Medio,Test fuera de muestra
75f574b0a,data/raw_petfinder/train_images/75f574b0a-1.jpg,valid,Mixed Breed,Mixed Breed,0.6376635391041315,1,Alto,OOF desarrollo
1c07c6ee5,data/raw_petfinder/train_images/1c07c6ee5-1.jpg,train,Mixed Breed,,0.7034973340115617,1,Alto,OOF desarrollo
21f4a6abf,data/raw_petfinder/train_images/21f4a6abf-1.jpg,train,Beagle,Mixed Breed,0.6012121413481692,1,Medio,OOF desarrollo
72f891e55,data/raw_petfinder/train_images/72f891e55-1.jpg,train,Mixed Breed,,0.791447790477049,1,Alto,OOF desarrollo
854edf08f,data/raw_petfinder/train_images/854edf08f-1.jpg,test,Mixed Breed,,0.1917558683202295,0,Bajo,Test fuera de muestra
29ca8f313,data/raw_petfinder/train_images/29ca8f313-1.jpg,test,Mixed Breed,,0.5408523110870247,1,Medio,Test fuera de muestra
c9d333b09,data/raw_petfinder/train_images/c9d333b09-1.jpg,train,Doberman Pinscher,Mixed Breed,0.6693931781935932,1,Alto,OOF desarrollo
f5e35ea02,data/raw_petfinder/train_images/f5e35ea02-1.jpg,test,Mixed Breed,,0.802676592126216,1,Alto,Test fuera de muestra
b0d54f76e,data/raw_petfinder/train_images/b0d54f76e-1.jpg,test,Mixed Breed,,0.3970864568139229,1,Bajo,Test fuera de muestra
97ce22dae,data/raw_petfinder/train_images/97ce22dae-1.jpg,train,Golden Retriever,,0.3428201012929565,0,Bajo,OOF desarrollo
8039a31ae,data/raw_petfinder/train_images/8039a31ae-1.jpg,valid,Mixed Breed,,0.721800256340337,1,Alto,OOF desarrollo
5208915a3,data/raw_petfinder/train_images/5208915a3-1.jpg,train,Mixed Breed,,0.4934703792904558,1,Medio,OOF desarrollo
abfcb22bc,data/raw_petfinder/train_images/abfcb22bc-1.jpg,test,Mixed Breed,,0.4797940356583412,1,Medio,Test fuera de muestra
bed5b657b,data/raw_petfinder/train_images/bed5b657b-1.jpg,train,Mixed Breed,,0.5279374115881211,1,Medio,OOF desarrollo
399856928,data/raw_petfinder/train_images/399856928-1.jpg,train,Mixed Breed,,0.5326689155148121,1,Medio,OOF desarrollo
8ad959e57,data/raw_petfinder/train_images/8ad959e57-1.jpg,train,Mixed Breed,,0.5086736555782273,1,Medio,OOF desarrollo
2c46efe8f,data/raw_petfinder/train_images/2c46efe8f-1.jpg,train,Golden Retriever,Mixed Breed,0.3686127148281197,0,Bajo,OOF desarrollo
f600368fb,data/raw_petfinder/train_images/f600368fb-1.jpg,train,Mixed Breed,,0.7556662116738213,1,Alto,OOF desarrollo
a6cbd39c2,data/raw_petfinder/train_images/a6cbd39c2-1.jpg,test,Basset Hound,,0.772909900924751,1,Alto,Test fuera de muestra
f3c7e1bf4,data/raw_petfinder/train_images/f3c7e1bf4-1.jpg,valid,Mixed Breed,,0.5444832165607794,1,Medio,OOF desarrollo
a906ff5f5,data/raw_petfinder/train_images/a906ff5f5-1.jpg,train,Labrador Retriever,Mixed Breed,0.5992530060344294,1,Medio,OOF desarrollo
bdc5ffaba,data/raw_petfinder/train_images/bdc5ffaba-1.jpg,train,Mixed Breed,,0.4644196231520541,1,Medio,OOF desarrollo
4a27c67eb,data/raw_petfinder/train_images/4a27c67eb-1.jpg,test,Labrador Retriever,Mixed Breed,0.3876499295164974,0,Bajo,Test fuera de muestra
1ad691ca4,data/raw_petfinder/train_images/1ad691ca4-1.jpg,train,Mixed Breed,,0.6379172619490867,1,Alto,OOF desarrollo
7827eee65,data/raw_petfinder/train_images/7827eee65-1.jpg,test,Mixed Breed,,0.4658245445782699,1,Medio,Test fuera de muestra
da4da9308,data/raw_petfinder/train_images/da4da9308-1.jpg,test,Mixed Breed,Terrier,0.6225115550529972,1,Alto,Test fuera de muestra
f4bc92fc6,data/raw_petfinder/train_images/f4bc92fc6-1.jpg,train,Mixed Breed,Mixed Breed,0.5724071402301731,1,Medio,OOF desarrollo
485bebd4f,data/raw_petfinder/train_images/485bebd4f-1.jpg,train,Labrador Retriever,Mixed Breed,0.7042473401390461,1,Alto,OOF desarrollo
1fe400328,data/raw_petfinder/train_images/1fe400328-1.jpg,test,Mixed Breed,,0.4948978930010483,1,Medio,Test fuera de muestra
c8b79357a,data/raw_petfinder/train_images/c8b79357a-1.jpg,train,Mixed Breed,,0.3237242647862801,0,Bajo,OOF desarrollo
ec5670386,data/raw_petfinder/train_images/ec5670386-1.jpg,test,Mixed Breed,,0.6175758088130358,1,Alto,Test fuera de muestra
13fb61859,data/raw_petfinder/train_images/13fb61859-1.jpg,valid,Mixed Breed,,0.7016421270841282,1,Alto,OOF desarrollo
461b33f39,data/raw_petfinder/train_images/461b33f39-1.jpg,train,Jack Russell Terrier,,0.686104825117525,1,Alto,OOF desarrollo
7c9dc0791,data/raw_petfinder/train_images/7c9dc0791-1.jpg,valid,Terrier,Mixed Breed,0.6430617359346597,1,Alto,OOF desarrollo
f53be74bd,data/raw_petfinder/train_images/f53be74bd-1.jpg,train,Mixed Breed,,0.5669845489914869,1,Medio,OOF desarrollo
9414e54b1,data/raw_petfinder/train_images/9414e54b1-1.jpg,train,Mixed Breed,,0.2537211882083326,0,Bajo,OOF desarrollo
8685546cb,data/raw_petfinder/train_images/8685546cb-1.jpg,train,Mixed Breed,,0.5947365910318827,1,Medio,OOF desarrollo
f8b827be1,data/raw_petfinder/train_images/f8b827be1-1.jpg,test,Miniature Pinscher,,0.4390931488359083,1,Bajo,Test fuera de muestra
ee9e87618,data/raw_petfinder/train_images/ee9e87618-1.jpg,train,Mixed Breed,,0.6077747670865744,1,Alto,OOF desarrollo
72e76bc9b,data/raw_petfinder/train_images/72e76bc9b-1.jpg,train,Mixed Breed,,0.5839381352141617,1,Medio,OOF desarrollo
c2490d2cf,data/raw_petfinder/train_images/c2490d2cf-1.jpg,valid,Mixed Breed,,0.4555107555304744,1,Bajo,OOF desarrollo
34d0c00d6,data/raw_petfinder/train_images/34d0c00d6-1.jpg,valid,Mixed Breed,,0.6428901109553031,1,Alto,OOF desarrollo
9d5f190cf,data/raw_petfinder/train_images/9d5f190cf-1.jpg,train,Mixed Breed,,0.3555996534571761,0,Bajo,OOF desarrollo
8c1fd43ef,data/raw_petfinder/train_images/8c1fd43ef-1.jpg,train,Mixed Breed,Mixed Breed,0.7704609878347526,1,Alto,OOF desarrollo
bb5162df6,data/raw_petfinder/train_images/bb5162df6-1.jpg,test,Terrier,Mixed Breed,0.338668882374896,0,Bajo,Test fuera de muestra
f152b2fd4,data/raw_petfinder/train_images/f152b2fd4-1.jpg,test,Mixed Breed,,0.6230266868134309,1,Alto,Test fuera de muestra
eed4b685b,data/raw_petfinder/train_images/eed4b685b-1.jpg,train,Mixed Breed,,0.5292248726186473,1,Medio,OOF desarrollo
52ffdc6c2,data/raw_petfinder/train_images/52ffdc6c2-1.jpg,train,Mixed Breed,,0.7056109122076731,1,Alto,OOF desarrollo
2ba8bb04a,data/raw_petfinder/train_images/2ba8bb04a-1.jpg,train,Bullmastiff,Mixed Breed,0.5788377304661201,1,Medio,OOF desarrollo
214dbc1f4,data/raw_petfinder/train_images/214dbc1f4-1.jpg,train,Husky,,0.4634166606745961,1,Medio,OOF desarrollo
38f6d8ab9,data/raw_petfinder/train_images/38f6d8ab9-1.jpg,valid,Mixed Breed,,0.7136237091238352,1,Alto,OOF desarrollo
da4a5403d,data/raw_petfinder/train_images/da4a5403d-1.jpg,train,Mixed Breed,,0.509513920044264,1,Medio,OOF desarrollo
22cf2902d,data/raw_petfinder/train_images/22cf2902d-1.jpg,test,Mixed Breed,,0.6606025516581964,1,Alto,Test fuera de muestra
c6c6adc4a,data/raw_petfinder/train_images/c6c6adc4a-1.jpg,train,Mixed Breed,Mixed Breed,0.3453959917058392,0,Bajo,OOF desarrollo
21c3157e8,data/raw_petfinder/train_images/21c3157e8-1.jpg,train,Mixed Breed,,0.2676735471400078,0,Bajo,OOF desarrollo
fa27f275a,data/raw_petfinder/train_images/fa27f275a-1.jpg,train,Mixed Breed,,0.3134028868957706,0,Bajo,OOF desarrollo
198a73c5e,data/raw_petfinder/train_images/198a73c5e-1.jpg,train,Mixed Breed,,0.6756782513729089,1,Alto,OOF desarrollo
377d9bef6,data/raw_petfinder/train_images/377d9bef6-1.jpg,train,Mixed Breed,,0.7769845619366802,1,Alto,OOF desarrollo
c8172e598,data/raw_petfinder/train_images/c8172e598-1.jpg,train,Mixed Breed,,0.5356638746215243,1,Medio,OOF desarrollo
576f4893f,data/raw_petfinder/train_images/576f4893f-1.jpg,valid,Maltese,Mixed Breed,0.4506883151538026,1,Bajo,OOF desarrollo
b0a24f910,data/raw_petfinder/train_images/b0a24f910-1.jpg,train,Mixed Breed,,0.5177080034694369,1,Medio,OOF desarrollo
3584bf68a,data/raw_petfinder/train_images/3584bf68a-1.jpg,train,Mixed Breed,Mixed Breed,0.7324251429693052,1,Alto,OOF desarrollo
3c008b0b7,data/raw_petfinder/train_images/3c008b0b7-1.jpg,train,Mixed Breed,Chihuahua,0.3678163870082034,0,Bajo,OOF desarrollo
d3ac21f5d,data/raw_petfinder/train_images/d3ac21f5d-1.jpg,train,Mixed Breed,,0.6592507479500396,1,Alto,OOF desarrollo
615f5dc85,data/raw_petfinder/train_images/615f5dc85-1.jpg,train,Mixed Breed,,0.6173222215910407,1,Alto,OOF desarrollo
2db00a064,data/raw_petfinder/train_images/2db00a064-1.jpg,train,Mixed Breed,Mixed Breed,0.6117552120443985,1,Alto,OOF desarrollo
a2b226c6c,data/raw_petfinder/train_images/a2b226c6c-1.jpg,train,Mixed Breed,,0.6115063968532048,1,Alto,OOF desarrollo
9827921f8,data/raw_petfinder/train_images/9827921f8-1.jpg,train,Spitz,Mixed Breed,0.4072294465798623,1,Bajo,OOF desarrollo
d1bfba974,data/raw_petfinder/train_images/d1bfba974-1.jpg,train,Fox Terrier,Mixed Breed,0.6025648512039241,1,Medio,OOF desarrollo
61ac348d1,data/raw_petfinder/train_images/61ac348d1-1.jpg,test,Mixed Breed,,0.6429637829480158,1,Alto,Test fuera de muestra
60bc5ce92,data/raw_petfinder/train_images/60bc5ce92-1.jpg,train,Mixed Breed,,0.5321889414917796,1,Medio,OOF desarrollo
9024c21fc,data/raw_petfinder/train_images/9024c21fc-1.jpg,valid,Mixed Breed,,0.5409606241686378,1,Medio,OOF desarrollo
994450113,data/raw_petfinder/train_images/994450113-1.jpg,train,Labrador Retriever,Mixed Breed,0.2720925676983007,0,Bajo,OOF desarrollo
6bed4e9d5,data/raw_petfinder/train_images/6bed4e9d5-1.jpg,valid,Mixed Breed,,0.4668335978435528,1,Medio,OOF desarrollo
b780980c1,data/raw_petfinder/train_images/b780980c1-1.jpg,test,Mixed Breed,,0.72249266968205,1,Alto,Test fuera de muestra
10b669bea,data/raw_petfinder/train_images/10b669bea-1.jpg,valid,Mixed Breed,,0.4929269539197806,1,Medio,OOF desarrollo
5b214efd1,data/raw_petfinder/train_images/5b214efd1-1.jpg,valid,Mixed Breed,,0.3243466182280854,0,Bajo,OOF desarrollo
5d00ca4d0,data/raw_petfinder/train_images/5d00ca4d0-1.jpg,train,Mixed Breed,,0.4681103323075776,1,Medio,OOF desarrollo
261a88440,data/raw_petfinder/train_images/261a88440-1.jpg,train,German Shepherd Dog,,0.4093187870510848,1,Bajo,OOF desarrollo
e0e241d57,data/raw_petfinder/train_images/e0e241d57-1.jpg,valid,Mixed Breed,Mixed Breed,0.4601858167230751,1,Medio,OOF desarrollo
3005b75eb,data/raw_petfinder/train_images/3005b75eb-1.jpg,valid,Mixed Breed,Mixed Breed,0.6323950174850543,1,Alto,OOF desarrollo
8c75e5189,data/raw_petfinder/train_images/8c75e5189-1.jpg,train,Siberian Husky,,0.3167783402822378,0,Bajo,OOF desarrollo
0e88c1c1c,data/raw_petfinder/train_images/0e88c1c1c-1.jpg,train,Mixed Breed,,0.8472385195477422,1,Alto,OOF desarrollo
c17b66965,data/raw_petfinder/train_images/c17b66965-1.jpg,train,Mixed Breed,Mixed Breed,0.4814337158239351,1,Medio,OOF desarrollo
35ce89b5c,data/raw_petfinder/train_images/35ce89b5c-1.jpg,test,Mixed Breed,,0.3970286038140961,1,Bajo,Test fuera de muestra
01e410583,data/raw_petfinder/train_images/01e410583-1.jpg,train,Mixed Breed,,0.6671814894612771,1,Alto,OOF desarrollo
4bbc7992a,data/raw_petfinder/train_images/4bbc7992a-1.jpg,train,Mixed Breed,,0.7667771213696075,1,Alto,OOF desarrollo
eb77432cd,data/raw_petfinder/train_images/eb77432cd-1.jpg,train,Mixed Breed,,0.8123393574509518,1,Alto,OOF desarrollo
9a0db11a9,data/raw_petfinder/train_images/9a0db11a9-1.jpg,test,Mixed Breed,,0.4691188775025512,1,Medio,Test fuera de muestra
65a7711bd,data/raw_petfinder/train_images/65a7711bd-1.jpg,train,Spitz,Mixed Breed,0.5883336492739094,1,Medio,OOF desarrollo
8ece5f3ba,data/raw_petfinder/train_images/8ece5f3ba-1.jpg,train,Mixed Breed,,0.6182462179620956,1,Alto,OOF desarrollo
3497c1ad0,data/raw_petfinder/train_images/3497c1ad0-1.jpg,train,Mixed Breed,,0.4270546221764438,1,Bajo,OOF desarrollo
7b25498d6,data/raw_petfinder/train_images/7b25498d6-1.jpg,test,Mixed Breed,,0.6928655386953616,1,Alto,Test fuera de muestra
eb79f1cfa,data/raw_petfinder/train_images/eb79f1cfa-1.jpg,train,Mixed Breed,,0.6505720072289956,1,Alto,OOF desarrollo
76024f2ed,data/raw_petfinder/train_images/76024f2ed-1.jpg,train,Mixed Breed,,0.6906430948335258,1,Alto,OOF desarrollo
6edcc1f1b,data/raw_petfinder/train_images/6edcc1f1b-1.jpg,train,Mixed Breed,Spitz,0.7657603176179425,1,Alto,OOF desarrollo
aba512b8f,data/raw_petfinder/train_images/aba512b8f-1.jpg,train,Mixed Breed,,0.3337719429416573,0,Bajo,OOF desarrollo
dcdf98438,data/raw_petfinder/train_images/dcdf98438-1.jpg,train,Pug,Miniature Pinscher,0.5653918176716286,1,Medio,OOF desarrollo
47d68f63c,data/raw_petfinder/train_images/47d68f63c-1.jpg,train,Mixed Breed,,0.5873941700943079,1,Medio,OOF desarrollo
9679275a3,data/raw_petfinder/train_images/9679275a3-1.jpg,train,Mixed Breed,,0.7348514431219206,1,Alto,OOF desarrollo
8717133d3,data/raw_petfinder/train_images/8717133d3-1.jpg,test,Mixed Breed,Hound,0.8438496064762597,1,Alto,Test fuera de muestra
ef80d0222,data/raw_petfinder/train_images/ef80d0222-1.jpg,train,Mixed Breed,Terrier,0.7390452224311728,1,Alto,OOF desarrollo
fb89569d8,data/raw_petfinder/train_images/fb89569d8-1.jpg,valid,Mixed Breed,Mixed Breed,0.557474415756049,1,Medio,OOF desarrollo
b256f479c,data/raw_petfinder/train_images/b256f479c-1.jpg,test,Mixed Breed,German Shepherd Dog,0.5117629627975471,1,Medio,Test fuera de muestra
f3db279d0,data/raw_petfinder/train_images/f3db279d0-1.jpg,train,Mixed Breed,,0.505573211331819,1,Medio,OOF desarrollo
35fc0fd89,data/raw_petfinder/train_images/35fc0fd89-1.jpg,train,Mixed Breed,,0.5920608698649317,1,Medio,OOF desarrollo
8300e943e,data/raw_petfinder/train_images/8300e943e-1.jpg,train,Mixed Breed,,0.6184170857048088,1,Alto,OOF desarrollo
c2386bba2,data/raw_petfinder/train_images/c2386bba2-1.jpg,valid,Mixed Breed,,0.5690731808661936,1,Medio,OOF desarrollo
2c401c793,data/raw_petfinder/train_images/2c401c793-1.jpg,train,Mixed Breed,,0.6619009850863877,1,Alto,OOF desarrollo
c55f2f503,data/raw_petfinder/train_images/c55f2f503-1.jpg,train,Labrador Retriever,Mixed Breed,0.5893598889435374,1,Medio,OOF desarrollo
e03ec2a98,data/raw_petfinder/train_images/e03ec2a98-1.jpg,test,Mixed Breed,,0.6288019693446165,1,Alto,Test fuera de muestra
8c7dbce06,data/raw_petfinder/train_images/8c7dbce06-1.jpg,valid,Mixed Breed,Belgian Shepherd Malinois,0.4911134297603952,1,Medio,OOF desarrollo
d9cf525bb,data/raw_petfinder/train_images/d9cf525bb-1.jpg,test,Mixed Breed,,0.5769327209835937,1,Medio,Test fuera de muestra
f85ae1408,data/raw_petfinder/train_images/f85ae1408-1.jpg,test,Pomeranian,Pekingese,0.4647706278121977,1,Medio,Test fuera de muestra
0e1f78a77,data/raw_petfinder/train_images/0e1f78a77-1.jpg,valid,Mixed Breed,,0.3473174170945656,0,Bajo,OOF desarrollo
d0a66003d,data/raw_petfinder/train_images/d0a66003d-1.jpg,train,Mixed Breed,Mixed Breed,0.427892259111884,1,Bajo,OOF desarrollo
d3f157880,data/raw_petfinder/train_images/d3f157880-1.jpg,train,Mixed Breed,,0.4098330897000132,1,Bajo,OOF desarrollo
de2d4f372,data/raw_petfinder/train_images/de2d4f372-1.jpg,train,Beagle,Mixed Breed,0.6242440299868945,1,Alto,OOF desarrollo
bb2cbdb23,data/raw_petfinder/train_images/bb2cbdb23-1.jpg,valid,Mixed Breed,Miniature Pinscher,0.5979763235948226,1,Medio,OOF desarrollo
e97e1afc1,data/raw_petfinder/train_images/e97e1afc1-1.jpg,train,Mixed Breed,,0.488689745507891,1,Medio,OOF desarrollo
867057e77,data/raw_petfinder/train_images/867057e77-1.jpg,train,Mixed Breed,,0.8163016115003761,1,Alto,OOF desarrollo
d2f333b86,data/raw_petfinder/train_images/d2f333b86-1.jpg,train,Mixed Breed,,0.4954055282367474,1,Medio,OOF desarrollo
248eca1fa,data/raw_petfinder/train_images/248eca1fa-1.jpg,train,Mixed Breed,Doberman Pinscher,0.6167592142565894,1,Alto,OOF desarrollo
d6b0d8aa9,data/raw_petfinder/train_images/d6b0d8aa9-1.jpg,train,German Spitz,German Shepherd Dog,0.3792762398380238,0,Bajo,OOF desarrollo
24e2a6ff5,data/raw_petfinder/train_images/24e2a6ff5-1.jpg,train,Mixed Breed,Mixed Breed,0.5028862137519241,1,Medio,OOF desarrollo
8ef541435,data/raw_petfinder/train_images/8ef541435-1.jpg,valid,Terrier,Poodle,0.4046144520880839,1,Bajo,OOF desarrollo
2bf818d30,data/raw_petfinder/train_images/2bf818d30-1.jpg,test,Golden Retriever,,0.4736705569493551,1,Medio,Test fuera de muestra
24379b58d,data/raw_petfinder/train_images/24379b58d-1.jpg,valid,Mixed Breed,,0.3925352747728654,1,Bajo,OOF desarrollo
7cd4ec150,data/raw_petfinder/train_images/7cd4ec150-1.jpg,train,Mixed Breed,,0.5540113241231222,1,Medio,OOF desarrollo
0a796c967,data/raw_petfinder/train_images/0a796c967-1.jpg,train,Mixed Breed,,0.5548854948045667,1,Medio,OOF desarrollo
38ea54f1f,data/raw_petfinder/train_images/38ea54f1f-1.jpg,train,Mixed Breed,,0.6538032946283217,1,Alto,OOF desarrollo
f50d4f5bc,data/raw_petfinder/train_images/f50d4f5bc-1.jpg,test,Siberian Husky,Rottweiler,0.3482107156200922,0,Bajo,Test fuera de muestra
d8df310c9,data/raw_petfinder/train_images/d8df310c9-1.jpg,valid,Mixed Breed,,0.4629527948472201,1,Medio,OOF desarrollo
bd263a880,data/raw_petfinder/train_images/bd263a880-1.jpg,train,Dalmatian,Mixed Breed,0.5161450788571661,1,Medio,OOF desarrollo
9e3d235d8,data/raw_petfinder/train_images/9e3d235d8-1.jpg,train,Mastiff,,0.5383688945553282,1,Medio,OOF desarrollo
7cbf39f49,data/raw_petfinder/train_images/7cbf39f49-1.jpg,train,Mixed Breed,,0.5306982029849473,1,Medio,OOF desarrollo
1f82b8bf0,data/raw_petfinder/train_images/1f82b8bf0-1.jpg,test,Siberian Husky,Siberian Husky,0.347207764242391,0,Bajo,Test fuera de muestra
9a48cc316,data/raw_petfinder/train_images/9a48cc316-1.jpg,train,Mixed Breed,Mixed Breed,0.5299061073949934,1,Medio,OOF desarrollo
076a67405,data/raw_petfinder/train_images/076a67405-1.jpg,test,Mixed Breed,,0.7775691445975063,1,Alto,Test fuera de muestra
e5ea737ec,data/raw_petfinder/train_images/e5ea737ec-1.jpg,test,Mixed Breed,,0.6498590789761769,1,Alto,Test fuera de muestra
8b9a9eac7,data/raw_petfinder/train_images/8b9a9eac7-1.jpg,train,Mixed Breed,Mixed Breed,0.4540970386109961,1,Bajo,OOF desarrollo
9817c3ef1,data/raw_petfinder/train_images/9817c3ef1-1.jpg,train,Mixed Breed,,0.5344022067017817,1,Medio,OOF desarrollo
506bacb46,data/raw_petfinder/train_images/506bacb46-1.jpg,valid,Mixed Breed,Mixed Breed,0.451719958716799,1,Bajo,OOF desarrollo
ee83e7a09,data/raw_petfinder/train_images/ee83e7a09-1.jpg,test,Mixed Breed,,0.2846151402779074,0,Bajo,Test fuera de muestra
3bf7bccc9,data/raw_petfinder/train_images/3bf7bccc9-1.jpg,train,Mixed Breed,,0.5385168031728913,1,Medio,OOF desarrollo
d8179f4d9,data/raw_petfinder/train_images/d8179f4d9-1.jpg,train,German Shepherd Dog,Mixed Breed,0.7483416628450273,1,Alto,OOF desarrollo
70a7a71fe,data/raw_petfinder/train_images/70a7a71fe-1.jpg,train,Mixed Breed,,0.4649602929218369,1,Medio,OOF desarrollo
67e6db7dc,data/raw_petfinder/train_images/67e6db7dc-1.jpg,train,Mixed Breed,Mixed Breed,0.790373647165356,1,Alto,OOF desarrollo
abf1716a9,data/raw_petfinder/train_images/abf1716a9-1.jpg,train,Mixed Breed,,0.5847621500796809,1,Medio,OOF desarrollo
846ca7805,data/raw_petfinder/train_images/846ca7805-1.jpg,test,Mixed Breed,Mixed Breed,0.7304734803890407,1,Alto,Test fuera de muestra
df091dc6b,data/raw_petfinder/train_images/df091dc6b-1.jpg,train,Shih Tzu,,0.3613289419964548,0,Bajo,OOF desarrollo
caa16cc3c,data/raw_petfinder/train_images/caa16cc3c-1.jpg,train,Chihuahua,,0.4461320202825959,1,Bajo,OOF desarrollo
ae089cd20,data/raw_petfinder/train_images/ae089cd20-1.jpg,test,Mixed Breed,,0.6404424465006813,1,Alto,Test fuera de muestra
b5e7e4539,data/raw_petfinder/train_images/b5e7e4539-1.jpg,train,Mixed Breed,,0.6649061445340311,1,Alto,OOF desarrollo
838b5c426,data/raw_petfinder/train_images/838b5c426-1.jpg,valid,Mixed Breed,,0.7173187324619694,1,Alto,OOF desarrollo
67888f9fc,data/raw_petfinder/train_images/67888f9fc-1.jpg,valid,Mixed Breed,,0.7347624146880888,1,Alto,OOF desarrollo
121abd2ba,data/raw_petfinder/train_images/121abd2ba-1.jpg,valid,Mixed Breed,,0.4206519458376662,1,Bajo,OOF desarrollo
b48b65ef2,data/raw_petfinder/train_images/b48b65ef2-1.jpg,train,Mixed Breed,,0.4107336773562309,1,Bajo,OOF desarrollo
ef0b07c6b,data/raw_petfinder/train_images/ef0b07c6b-1.jpg,train,Spitz,Mixed Breed,0.4452432718521079,1,Bajo,OOF desarrollo
219bf9c22,data/raw_petfinder/train_images/219bf9c22-1.jpg,train,Mixed Breed,,0.7200748238481097,1,Alto,OOF desarrollo
38a780df6,data/raw_petfinder/train_images/38a780df6-1.jpg,train,Mixed Breed,Mixed Breed,0.472644218600753,1,Medio,OOF desarrollo
79786edcd,data/raw_petfinder/train_images/79786edcd-1.jpg,train,Husky,,0.3928574949840455,1,Bajo,OOF desarrollo
f05665d6d,data/raw_petfinder/train_images/f05665d6d-1.jpg,test,Poodle,,0.239384659261067,0,Bajo,Test fuera de muestra
7d86df9b0,data/raw_petfinder/train_images/7d86df9b0-1.jpg,valid,Mixed Breed,,0.2563927717002887,0,Bajo,OOF desarrollo
d8f9d07f2,data/raw_petfinder/train_images/d8f9d07f2-1.jpg,test,Mixed Breed,,0.7313553924456404,1,Alto,Test fuera de muestra
146f076cf,data/raw_petfinder/train_images/146f076cf-1.jpg,train,Mixed Breed,Mixed Breed,0.6030246702699615,1,Medio,OOF desarrollo
a8de0737e,data/raw_petfinder/train_images/a8de0737e-1.jpg,valid,Shih Tzu,,0.3819092963355065,0,Bajo,OOF desarrollo
b041aab9f,data/raw_petfinder/train_images/b041aab9f-1.jpg,train,Mixed Breed,,0.4919064381515522,1,Medio,OOF desarrollo
e303359a7,data/raw_petfinder/train_images/e303359a7-1.jpg,train,Mixed Breed,,0.3498853578028857,0,Bajo,OOF desarrollo
26988350b,data/raw_petfinder/train_images/26988350b-1.jpg,train,German Shepherd Dog,Mixed Breed,0.3106107394364834,0,Bajo,OOF desarrollo
a371e0164,data/raw_petfinder/train_images/a371e0164-1.jpg,train,Mixed Breed,,0.7388406211680756,1,Alto,OOF desarrollo
9f88f23a4,data/raw_petfinder/train_images/9f88f23a4-1.jpg,train,Mixed Breed,,0.6546349404994152,1,Alto,OOF desarrollo
279a5187c,data/raw_petfinder/train_images/279a5187c-1.jpg,train,Shih Tzu,,0.4183849350335388,1,Bajo,OOF desarrollo
a8267c4eb,data/raw_petfinder/train_images/a8267c4eb-1.jpg,test,Mixed Breed,,0.715941489561388,1,Alto,Test fuera de muestra
b7d2d752f,data/raw_petfinder/train_images/b7d2d752f-1.jpg,train,Rottweiler,Mixed Breed,0.312493462533856,0,Bajo,OOF desarrollo
141b5d279,data/raw_petfinder/train_images/141b5d279-1.jpg,train,Mixed Breed,,0.7085964751792412,1,Alto,OOF desarrollo
cf357f057,data/raw_petfinder/train_images/cf357f057-1.jpg,train,Mixed Breed,,0.5446814943528495,1,Medio,OOF desarrollo
b1307cb03,data/raw_petfinder/train_images/b1307cb03-1.jpg,train,Mixed Breed,,0.4173851689318943,1,Bajo,OOF desarrollo
02c7d1b74,data/raw_petfinder/train_images/02c7d1b74-1.jpg,train,Mixed Breed,,0.7705252895466599,1,Alto,OOF desarrollo
9f40dbc58,data/raw_petfinder/train_images/9f40dbc58-1.jpg,train,Mixed Breed,Mixed Breed,0.6749088303481883,1,Alto,OOF desarrollo
6ea65996b,data/raw_petfinder/train_images/6ea65996b-1.jpg,train,Mixed Breed,,0.7889727232526352,1,Alto,OOF desarrollo
46687a6d1,data/raw_petfinder/train_images/46687a6d1-1.jpg,train,Mixed Breed,,0.736571413710797,1,Alto,OOF desarrollo
84d1eb4ab,data/raw_petfinder/train_images/84d1eb4ab-1.jpg,test,Mixed Breed,Mixed Breed,0.6329445944950928,1,Alto,Test fuera de muestra
357707ba7,data/raw_petfinder/train_images/357707ba7-1.jpg,train,Mixed Breed,Mixed Breed,0.6070039358973536,1,Alto,OOF desarrollo
506fa1d6e,data/raw_petfinder/train_images/506fa1d6e-1.jpg,train,Mixed Breed,,0.6211255549969174,1,Alto,OOF desarrollo
aef6836e4,data/raw_petfinder/train_images/aef6836e4-1.jpg,train,Mixed Breed,,0.7793484649792997,1,Alto,OOF desarrollo
26e02fdeb,data/raw_petfinder/train_images/26e02fdeb-1.jpg,train,Mixed Breed,Mixed Breed,0.5781835349571076,1,Medio,OOF desarrollo
6968f86dd,data/raw_petfinder/train_images/6968f86dd-1.jpg,test,Mixed Breed,,0.4344207418413308,1,Bajo,Test fuera de muestra
59f987236,data/raw_petfinder/train_images/59f987236-1.jpg,train,Golden Retriever,,0.3008125799124988,0,Bajo,OOF desarrollo
b2d7d59c9,data/raw_petfinder/train_images/b2d7d59c9-1.jpg,valid,Mixed Breed,,0.7792876481294899,1,Alto,OOF desarrollo
31b7a54b6,data/raw_petfinder/train_images/31b7a54b6-1.jpg,train,Mixed Breed,,0.6745847842226229,1,Alto,OOF desarrollo
18b6fc5f0,data/raw_petfinder/train_images/18b6fc5f0-1.jpg,valid,Golden Retriever,Mixed Breed,0.43184412437393,1,Bajo,OOF desarrollo
b76e8c452,data/raw_petfinder/train_images/b76e8c452-1.jpg,test,Pekingese,,0.3930504335356989,1,Bajo,Test fuera de muestra
72519f841,data/raw_petfinder/train_images/72519f841-1.jpg,train,Mixed Breed,German Shepherd Dog,0.3419392266082945,0,Bajo,OOF desarrollo
ff618d36f,data/raw_petfinder/train_images/ff618d36f-1.jpg,test,Jack Russell Terrier,Labrador Retriever,0.3599825186646885,0,Bajo,Test fuera de muestra
2fa65607f,data/raw_petfinder/train_images/2fa65607f-1.jpg,train,Golden Retriever,,0.4108121286117238,1,Bajo,OOF desarrollo
f743a63aa,data/raw_petfinder/train_images/f743a63aa-1.jpg,train,Mixed Breed,,0.5411420435604946,1,Medio,OOF desarrollo
cd2b84b66,data/raw_petfinder/train_images/cd2b84b66-1.jpg,train,Mixed Breed,Mixed Breed,0.639002461447037,1,Alto,OOF desarrollo
507e734af,data/raw_petfinder/train_images/507e734af-1.jpg,test,Mixed Breed,Mixed Breed,0.7297123678341775,1,Alto,Test fuera de muestra
e98e609ac,data/raw_petfinder/train_images/e98e609ac-1.jpg,valid,Border Collie,Labrador Retriever,0.3475268093341083,0,Bajo,OOF desarrollo
42d2aa0bf,data/raw_petfinder/train_images/42d2aa0bf-1.jpg,train,Mixed Breed,Mixed Breed,0.4082978192701844,1,Bajo,OOF desarrollo
8f15fc3d8,data/raw_petfinder/train_images/8f15fc3d8-1.jpg,valid,Shih Tzu,,0.3693952950789825,0,Bajo,OOF desarrollo
e1d40ecc1,data/raw_petfinder/train_images/e1d40ecc1-1.jpg,train,Mixed Breed,,0.6194842529562807,1,Alto,OOF desarrollo
b66a5bd9d,data/raw_petfinder/train_images/b66a5bd9d-1.jpg,valid,Mixed Breed,,0.2268766280456909,0,Bajo,OOF desarrollo
34f6111bf,data/raw_petfinder/train_images/34f6111bf-1.jpg,train,Miniature Pinscher,Mixed Breed,0.3537631258110422,0,Bajo,OOF desarrollo
86228db7e,data/raw_petfinder/train_images/86228db7e-1.jpg,train,Mixed Breed,,0.5693461889169287,1,Medio,OOF desarrollo
91fca388a,data/raw_petfinder/train_images/91fca388a-1.jpg,train,Labrador Retriever,Mixed Breed,0.3499771056811742,0,Bajo,OOF desarrollo
05aad3b3f,data/raw_petfinder/train_images/05aad3b3f-1.jpg,valid,Mixed Breed,,0.6303644060286288,1,Alto,OOF desarrollo
fdb71d0c8,data/raw_petfinder/train_images/fdb71d0c8-1.jpg,train,Mixed Breed,,0.7007451746129001,1,Alto,OOF desarrollo
63f2faf77,data/raw_petfinder/train_images/63f2faf77-1.jpg,train,Mixed Breed,,0.3700557883721512,0,Bajo,OOF desarrollo
0fd5ff08e,data/raw_petfinder/train_images/0fd5ff08e-1.jpg,valid,Mixed Breed,Mixed Breed,0.892771583771351,1,Alto,OOF desarrollo
bfb19deda,data/raw_petfinder/train_images/bfb19deda-1.jpg,valid,Mixed Breed,Mixed Breed,0.7945217651258054,1,Alto,OOF desarrollo
d4beefae9,data/raw_petfinder/train_images/d4beefae9-1.jpg,train,Mixed Breed,,0.6500766178844082,1,Alto,OOF desarrollo
557f3e130,data/raw_petfinder/train_images/557f3e130-1.jpg,test,Husky,Mixed Breed,0.4971495303536341,1,Medio,Test fuera de muestra
c84e9ae78,data/raw_petfinder/train_images/c84e9ae78-1.jpg,train,Doberman Pinscher,Mixed Breed,0.3594709434256438,0,Bajo,OOF desarrollo
ff127e4d3,data/raw_petfinder/train_images/ff127e4d3-1.jpg,train,Husky,,0.4042925848257132,1,Bajo,OOF desarrollo
550f8a3da,data/raw_petfinder/train_images/550f8a3da-1.jpg,train,Mixed Breed,,0.2956241844827902,0,Bajo,OOF desarrollo
ff891d6b6,data/raw_petfinder/train_images/ff891d6b6-1.jpg,train,Lancashire Heeler,Lowchen,0.5241025986087461,1,Medio,OOF desarrollo
7648e56db,data/raw_petfinder/train_images/7648e56db-1.jpg,train,Mixed Breed,,0.5643878056450078,1,Medio,OOF desarrollo
091a5da01,data/raw_petfinder/train_images/091a5da01-1.jpg,valid,Mixed Breed,,0.6350855693651345,1,Alto,OOF desarrollo
edd2ebd5e,data/raw_petfinder/train_images/edd2ebd5e-1.jpg,train,Corgi,,0.4023831574773077,1,Bajo,OOF desarrollo
b07678538,data/raw_petfinder/train_images/b07678538-1.jpg,valid,Mixed Breed,,0.3834430855383663,0,Bajo,OOF desarrollo
886d23c56,data/raw_petfinder/train_images/886d23c56-1.jpg,train,Mixed Breed,,0.5810249187893815,1,Medio,OOF desarrollo
fac19639c,data/raw_petfinder/train_images/fac19639c-1.jpg,test,Maltese,Schnauzer,0.2288875848513702,0,Bajo,Test fuera de muestra
24fee0cc4,data/raw_petfinder/train_images/24fee0cc4-1.jpg,test,Mixed Breed,,0.7827957681887225,1,Alto,Test fuera de muestra
a6b5ed0f7,data/raw_petfinder/train_images/a6b5ed0f7-1.jpg,train,Jack Russell Terrier,Mixed Breed,0.4824599745179506,1,Medio,OOF desarrollo
1882fa24c,data/raw_petfinder/train_images/1882fa24c-1.jpg,train,Mixed Breed,,0.4714511793381353,1,Medio,OOF desarrollo
7aae61018,data/raw_petfinder/train_images/7aae61018-1.jpg,train,Mixed Breed,Terrier,0.8133398000399374,1,Alto,OOF desarrollo
f87489d3e,data/raw_petfinder/train_images/f87489d3e-1.jpg,train,Mixed Breed,,0.3333685418079549,0,Bajo,OOF desarrollo
33a51709e,data/raw_petfinder/train_images/33a51709e-1.jpg,train,Jack Russell Terrier,Mixed Breed,0.6704745417739797,1,Alto,OOF desarrollo
c45a57747,data/raw_petfinder/train_images/c45a57747-1.jpg,train,Mixed Breed,,0.6838051472104489,1,Alto,OOF desarrollo
6f3f2899c,data/raw_petfinder/train_images/6f3f2899c-1.jpg,train,Mixed Breed,Mixed Breed,0.5478844794993503,1,Medio,OOF desarrollo
8cb6dfa5b,data/raw_petfinder/train_images/8cb6dfa5b-1.jpg,train,Mixed Breed,,0.3716214399893537,0,Bajo,OOF desarrollo
906308870,data/raw_petfinder/train_images/906308870-1.jpg,test,English Cocker Spaniel,,0.559080300261964,1,Medio,Test fuera de muestra
d2f3db726,data/raw_petfinder/train_images/d2f3db726-1.jpg,valid,Husky,,0.5959128026737069,1,Medio,OOF desarrollo
4512e1ea8,data/raw_petfinder/train_images/4512e1ea8-1.jpg,test,Black Labrador Retriever,Mixed Breed,0.5125059898335104,1,Medio,Test fuera de muestra
98780fbb6,data/raw_petfinder/train_images/98780fbb6-1.jpg,train,Mixed Breed,Mixed Breed,0.6879849402391947,1,Alto,OOF desarrollo
ee36e2198,data/raw_petfinder/train_images/ee36e2198-1.jpg,train,Mixed Breed,,0.7230647584260352,1,Alto,OOF desarrollo
8f38dbd18,data/raw_petfinder/train_images/8f38dbd18-1.jpg,train,Mixed Breed,,0.5522428718259391,1,Medio,OOF desarrollo
da697d5ba,data/raw_petfinder/train_images/da697d5ba-1.jpg,train,Mixed Breed,Mixed Breed,0.5123163225997197,1,Medio,OOF desarrollo
f9d9f8fd6,data/raw_petfinder/train_images/f9d9f8fd6-1.jpg,test,Mixed Breed,,0.7177837337629467,1,Alto,Test fuera de muestra
585a4d5b9,data/raw_petfinder/train_images/585a4d5b9-1.jpg,train,Mixed Breed,,0.7759351470628558,1,Alto,OOF desarrollo
a0322013c,data/raw_petfinder/train_images/a0322013c-1.jpg,train,Mixed Breed,,0.6166696848280069,1,Alto,OOF desarrollo
740d9759c,data/raw_petfinder/train_images/740d9759c-1.jpg,test,Mixed Breed,,0.358038915851347,0,Bajo,Test fuera de muestra
f03af5072,data/raw_petfinder/train_images/f03af5072-1.jpg,valid,Labrador Retriever,Mixed Breed,0.6281987511654452,1,Alto,OOF desarrollo
3bbbccce4,data/raw_petfinder/train_images/3bbbccce4-1.jpg,train,Poodle,Mixed Breed,0.541991482539522,1,Medio,OOF desarrollo
0dc32d6fd,data/raw_petfinder/train_images/0dc32d6fd-1.jpg,valid,Mixed Breed,,0.6927940871768143,1,Alto,OOF desarrollo
50ae3720b,data/raw_petfinder/train_images/50ae3720b-1.jpg,valid,Mixed Breed,,0.3521390089683585,0,Bajo,OOF desarrollo
24573b56d,data/raw_petfinder/train_images/24573b56d-1.jpg,test,Labrador Retriever,Golden Retriever,0.4654888043177656,1,Medio,Test fuera de muestra
28cc87730,data/raw_petfinder/train_images/28cc87730-1.jpg,train,Mixed Breed,,0.5769216889926183,1,Medio,OOF desarrollo
e1d1b893a,data/raw_petfinder/train_images/e1d1b893a-1.jpg,train,Rottweiler,Mixed Breed,0.3598301546667585,0,Bajo,OOF desarrollo
2ef82137f,data/raw_petfinder/train_images/2ef82137f-1.jpg,train,Mixed Breed,,0.72445527002016,1,Alto,OOF desarrollo
6f14bc8cd,data/raw_petfinder/train_images/6f14bc8cd-1.jpg,train,Mixed Breed,,0.382113389665712,0,Bajo,OOF desarrollo
570b3eb92,data/raw_petfinder/train_images/570b3eb92-1.jpg,train,Mixed Breed,,0.5443381116583041,1,Medio,OOF desarrollo
a86ec27e9,data/raw_petfinder/train_images/a86ec27e9-1.jpg,test,Mixed Breed,Mixed Breed,0.5870219383596398,1,Medio,Test fuera de muestra
c421064dd,data/raw_petfinder/train_images/c421064dd-1.jpg,valid,Mixed Breed,,0.486403228711582,1,Medio,OOF desarrollo
ef5fcd597,data/raw_petfinder/train_images/ef5fcd597-1.jpg,train,Mixed Breed,,0.3219212996797735,0,Bajo,OOF desarrollo
ccbd1f9fc,data/raw_petfinder/train_images/ccbd1f9fc-1.jpg,valid,Mixed Breed,,0.6892352301935328,1,Alto,OOF desarrollo
e7cecd5d2,data/raw_petfinder/train_images/e7cecd5d2-1.jpg,test,German Pinscher,Mixed Breed,0.5916039957309986,1,Medio,Test fuera de muestra
4b8db7cbe,data/raw_petfinder/train_images/4b8db7cbe-1.jpg,valid,Mixed Breed,,0.4983912792969523,1,Medio,OOF desarrollo
0ba16b529,data/raw_petfinder/train_images/0ba16b529-1.jpg,train,Mixed Breed,Mixed Breed,0.5627014070274277,1,Medio,OOF desarrollo
d08b5b163,data/raw_petfinder/train_images/d08b5b163-1.jpg,test,Mixed Breed,Mixed Breed,0.5158163367916563,1,Medio,Test fuera de muestra
4559bd457,data/raw_petfinder/train_images/4559bd457-1.jpg,train,Mixed Breed,,0.7258031600440726,1,Alto,OOF desarrollo
335eacf2d,data/raw_petfinder/train_images/335eacf2d-1.jpg,train,Australian Terrier,Mixed Breed,0.361528095543616,0,Bajo,OOF desarrollo
577d15fea,data/raw_petfinder/train_images/577d15fea-1.jpg,train,Mixed Breed,,0.5587127596841506,1,Medio,OOF desarrollo
4756b380a,data/raw_petfinder/train_images/4756b380a-1.jpg,train,Mixed Breed,,0.4320483155046031,1,Bajo,OOF desarrollo
9d87fbd92,data/raw_petfinder/train_images/9d87fbd92-1.jpg,valid,Mixed Breed,,0.5089657844307928,1,Medio,OOF desarrollo
4acf3e30e,data/raw_petfinder/train_images/4acf3e30e-1.jpg,train,Pug,,0.4007779148538811,1,Bajo,OOF desarrollo
1b1ddc50c,data/raw_petfinder/train_images/1b1ddc50c-1.jpg,train,Mixed Breed,,0.5845854268118565,1,Medio,OOF desarrollo
e267af6d8,data/raw_petfinder/train_images/e267af6d8-1.jpg,train,Mixed Breed,,0.4600879255458463,1,Medio,OOF desarrollo
befafd8d3,data/raw_petfinder/train_images/befafd8d3-1.jpg,test,Mixed Breed,,0.4206706310495525,1,Bajo,Test fuera de muestra
f928a7e7f,data/raw_petfinder/train_images/f928a7e7f-1.jpg,train,Mixed Breed,,0.7018683196396712,1,Alto,OOF desarrollo
12c071b30,data/raw_petfinder/train_images/12c071b30-1.jpg,train,Beagle,Mixed Breed,0.6119552001557872,1,Alto,OOF desarrollo
d2dd7e8c2,data/raw_petfinder/train_images/d2dd7e8c2-1.jpg,test,Mixed Breed,,0.8427796613467856,1,Alto,Test fuera de muestra
6e09bfe1f,data/raw_petfinder/train_images/6e09bfe1f-1.jpg,train,Mixed Breed,,0.6790935466913357,1,Alto,OOF desarrollo
e01f077a7,data/raw_petfinder/train_images/e01f077a7-1.jpg,train,Mixed Breed,,0.7700950398855442,1,Alto,OOF desarrollo
b47109e90,data/raw_petfinder/train_images/b47109e90-1.jpg,train,Mixed Breed,,0.5754276495925938,1,Medio,OOF desarrollo
efeabd288,data/raw_petfinder/train_images/efeabd288-1.jpg,train,Mixed Breed,Mixed Breed,0.5680034415038849,1,Medio,OOF desarrollo
d1a577692,data/raw_petfinder/train_images/d1a577692-1.jpg,train,Mixed Breed,,0.7104403785766731,1,Alto,OOF desarrollo
5ab4df736,data/raw_petfinder/train_images/5ab4df736-1.jpg,train,Mixed Breed,Akita,0.6591785437514897,1,Alto,OOF desarrollo
67d0b57eb,data/raw_petfinder/train_images/67d0b57eb-1.jpg,test,Mixed Breed,,0.7050876641101668,1,Alto,Test fuera de muestra
23e49bd2e,data/raw_petfinder/train_images/23e49bd2e-1.jpg,train,Mixed Breed,,0.4691432922827393,1,Medio,OOF desarrollo
268cdb435,data/raw_petfinder/train_images/268cdb435-1.jpg,test,Mixed Breed,,0.3891698187741077,0,Bajo,Test fuera de muestra
3f8824a3b,data/raw_petfinder/train_images/3f8824a3b-1.jpg,valid,Mixed Breed,,0.8994198054894745,1,Alto,OOF desarrollo
af0494f60,data/raw_petfinder/train_images/af0494f60-1.jpg,test,Mixed Breed,,0.6837625432026017,1,Alto,Test fuera de muestra
3664119b9,data/raw_petfinder/train_images/3664119b9-1.jpg,valid,Mixed Breed,Terrier,0.3216731937585116,0,Bajo,OOF desarrollo
59309ddf6,data/raw_petfinder/train_images/59309ddf6-1.jpg,test,Mixed Breed,,0.6195527797002174,1,Alto,Test fuera de muestra
afefc6424,data/raw_petfinder/train_images/afefc6424-1.jpg,train,Mixed Breed,Mixed Breed,0.846359447269584,1,Alto,OOF desarrollo
bf5d1a04c,data/raw_petfinder/train_images/bf5d1a04c-1.jpg,train,Pug,,0.5014435666372391,1,Medio,OOF desarrollo
5a60de180,data/raw_petfinder/train_images/5a60de180-1.jpg,valid,Mixed Breed,,0.4328023747460028,1,Bajo,OOF desarrollo
360215e23,data/raw_petfinder/train_images/360215e23-1.jpg,train,Mixed Breed,,0.5080344524420175,1,Medio,OOF desarrollo
04d4ce3a4,data/raw_petfinder/train_images/04d4ce3a4-1.jpg,train,Mixed Breed,Miniature Pinscher,0.7046012866384204,1,Alto,OOF desarrollo
4b02a097c,data/raw_petfinder/train_images/4b02a097c-1.jpg,train,Mixed Breed,Mixed Breed,0.2581033750577198,0,Bajo,OOF desarrollo
f2716e1e5,data/raw_petfinder/train_images/f2716e1e5-1.jpg,train,Mixed Breed,,0.6386731646850425,1,Alto,OOF desarrollo
bd331b74e,data/raw_petfinder/train_images/bd331b74e-1.jpg,train,Mixed Breed,,0.5214636447611882,1,Medio,OOF desarrollo
96a35824d,data/raw_petfinder/train_images/96a35824d-1.jpg,test,Golden Retriever,,0.5735542379758173,1,Medio,Test fuera de muestra
2f51acf95,data/raw_petfinder/train_images/2f51acf95-1.jpg,train,Mixed Breed,,0.58565206545465,1,Medio,OOF desarrollo
0a8746c09,data/raw_petfinder/train_images/0a8746c09-1.jpg,valid,Bull Terrier,,0.3674138983185766,0,Bajo,OOF desarrollo
aa07ee8b8,data/raw_petfinder/train_images/aa07ee8b8-1.jpg,valid,Mixed Breed,,0.7947565866575574,1,Alto,OOF desarrollo
509180812,data/raw_petfinder/train_images/509180812-1.jpg,train,Mixed Breed,,0.6645631753331238,1,Alto,OOF desarrollo
a9b7b72b4,data/raw_petfinder/train_images/a9b7b72b4-1.jpg,train,Doberman Pinscher,Mixed Breed,0.6952937581167156,1,Alto,OOF desarrollo
591909a93,data/raw_petfinder/train_images/591909a93-1.jpg,train,Mixed Breed,,0.4651702962385287,1,Medio,OOF desarrollo
16c53ebf9,data/raw_petfinder/train_images/16c53ebf9-1.jpg,test,Mixed Breed,Mixed Breed,0.3322897657728523,0,Bajo,Test fuera de muestra
e9b641d69,data/raw_petfinder/train_images/e9b641d69-1.jpg,train,Mixed Breed,,0.61587091264882,1,Alto,OOF desarrollo
9a6f2f7d3,data/raw_petfinder/train_images/9a6f2f7d3-1.jpg,train,Doberman Pinscher,,0.3539642760784862,0,Bajo,OOF desarrollo
9adf0f234,data/raw_petfinder/train_images/9adf0f234-1.jpg,train,Mixed Breed,,0.8192838048379819,1,Alto,OOF desarrollo
49ad94a6a,data/raw_petfinder/train_images/49ad94a6a-1.jpg,train,Collie,Mixed Breed,0.2328924111261581,0,Bajo,OOF desarrollo
ee459f62d,data/raw_petfinder/train_images/ee459f62d-1.jpg,train,Mixed Breed,,0.6093845306708128,1,Alto,OOF desarrollo
a554dbeca,data/raw_petfinder/train_images/a554dbeca-1.jpg,valid,Mixed Breed,,0.3661986976329008,0,Bajo,OOF desarrollo
dd579722a,data/raw_petfinder/train_images/dd579722a-1.jpg,train,Jack Russell Terrier,,0.5481965023344642,1,Medio,OOF desarrollo
93ea39e5f,data/raw_petfinder/train_images/93ea39e5f-1.jpg,train,Mixed Breed,,0.3956528559324523,1,Bajo,OOF desarrollo
e1e2b0af4,data/raw_petfinder/train_images/e1e2b0af4-1.jpg,train,Mixed Breed,,0.4181560484801541,1,Bajo,OOF desarrollo
d05933e84,data/raw_petfinder/train_images/d05933e84-1.jpg,valid,Mixed Breed,Mixed Breed,0.3514843321458418,0,Bajo,OOF desarrollo
cdcaefa4b,data/raw_petfinder/train_images/cdcaefa4b-1.jpg,test,Mixed Breed,,0.6938983164268224,1,Alto,Test fuera de muestra
7a23819c1,data/raw_petfinder/train_images/7a23819c1-1.jpg,valid,Mixed Breed,,0.5894177062077703,1,Medio,OOF desarrollo
a8eed143b,data/raw_petfinder/train_images/a8eed143b-1.jpg,train,Mixed Breed,,0.3552162990888424,0,Bajo,OOF desarrollo
a4e4b1640,data/raw_petfinder/train_images/a4e4b1640-1.jpg,test,Mixed Breed,,0.4347237243421186,1,Bajo,Test fuera de muestra
83b705aaa,data/raw_petfinder/train_images/83b705aaa-1.jpg,train,Labrador Retriever,,0.6581552068841392,1,Alto,OOF desarrollo
ed9daa1ae,data/raw_petfinder/train_images/ed9daa1ae-1.jpg,test,Mixed Breed,,0.7071022235045081,1,Alto,Test fuera de muestra
2d7b61eb5,data/raw_petfinder/train_images/2d7b61eb5-1.jpg,test,West Highland White Terrier Westie,,0.3774716767209339,0,Bajo,Test fuera de muestra
eb90062ec,data/raw_petfinder/train_images/eb90062ec-1.jpg,train,Mixed Breed,,0.6833713834501932,1,Alto,OOF desarrollo
2b9fd4034,data/raw_petfinder/train_images/2b9fd4034-1.jpg,train,Mixed Breed,,0.4630615359598918,1,Medio,OOF desarrollo
e0667be3b,data/raw_petfinder/train_images/e0667be3b-1.jpg,train,Chihuahua,,0.3857511379375927,0,Bajo,OOF desarrollo
bbd8a4220,data/raw_petfinder/train_images/bbd8a4220-1.jpg,test,Mixed Breed,Labrador Retriever,0.4256620413139941,1,Bajo,Test fuera de muestra
1f4871c30,data/raw_petfinder/train_images/1f4871c30-1.jpg,train,Mixed Breed,Labrador Retriever,0.6435543903076271,1,Alto,OOF desarrollo
5f79b840f,data/raw_petfinder/train_images/5f79b840f-1.jpg,train,Mixed Breed,,0.565933360263674,1,Medio,OOF desarrollo
e0be7da0d,data/raw_petfinder/train_images/e0be7da0d-1.jpg,train,Rottweiler,Mixed Breed,0.4911780600998245,1,Medio,OOF desarrollo
e298c61fc,data/raw_petfinder/train_images/e298c61fc-1.jpg,train,Mixed Breed,,0.5057255972032557,1,Medio,OOF desarrollo
a6e7b6870,data/raw_petfinder/train_images/a6e7b6870-1.jpg,valid,Mixed Breed,,0.8207080174835502,1,Alto,OOF desarrollo
2c9f807c1,data/raw_petfinder/train_images/2c9f807c1-1.jpg,test,Mixed Breed,,0.797510828828598,1,Alto,Test fuera de muestra
e2198e9c3,data/raw_petfinder/train_images/e2198e9c3-1.jpg,valid,Mixed Breed,Mixed Breed,0.7003565767966,1,Alto,OOF desarrollo
c49480455,data/raw_petfinder/train_images/c49480455-1.jpg,valid,Mixed Breed,,0.5834247757858422,1,Medio,OOF desarrollo
9b9cadd98,data/raw_petfinder/train_images/9b9cadd98-1.jpg,test,Mixed Breed,Mixed Breed,0.6243342113970354,1,Alto,Test fuera de muestra
b8715f663,data/raw_petfinder/train_images/b8715f663-1.jpg,train,Mixed Breed,,0.5438365458166046,1,Medio,OOF desarrollo
c3768e2be,data/raw_petfinder/train_images/c3768e2be-1.jpg,train,Miniature Pinscher,,0.4789870290621841,1,Medio,OOF desarrollo
d4223dd4c,data/raw_petfinder/train_images/d4223dd4c-1.jpg,valid,Mixed Breed,Golden Retriever,0.5785481161452956,1,Medio,OOF desarrollo
1811b1412,data/raw_petfinder/train_images/1811b1412-1.jpg,test,Mixed Breed,,0.6955042860574905,1,Alto,Test fuera de muestra
3dd380ccb,data/raw_petfinder/train_images/3dd380ccb-1.jpg,train,Mixed Breed,,0.3990686642332418,1,Bajo,OOF desarrollo
f86c83084,data/raw_petfinder/train_images/f86c83084-1.jpg,train,Mixed Breed,,0.4500773333906619,1,Bajo,OOF desarrollo
4ce29bb83,data/raw_petfinder/train_images/4ce29bb83-1.jpg,valid,Schnauzer,,0.3357148569421818,0,Bajo,OOF desarrollo
7f74af51f,data/raw_petfinder/train_images/7f74af51f-1.jpg,train,Lhasa Apso,,0.3400683438593311,0,Bajo,OOF desarrollo
72ec92880,data/raw_petfinder/train_images/72ec92880-1.jpg,test,Mixed Breed,,0.2660732967235515,0,Bajo,Test fuera de muestra
1b752d78e,data/raw_petfinder/train_images/1b752d78e-1.jpg,train,German Shepherd Dog,,0.4266923140471887,1,Bajo,OOF desarrollo
e40a90daa,data/raw_petfinder/train_images/e40a90daa-1.jpg,train,Mixed Breed,,0.8265600884061395,1,Alto,OOF desarrollo
85327438d,data/raw_petfinder/train_images/85327438d-1.jpg,train,Mixed Breed,Australian Cattle Dog/Blue Heeler,0.7095053441357613,1,Alto,OOF desarrollo
8d2afd85f,data/raw_petfinder/train_images/8d2afd85f-1.jpg,train,Mixed Breed,Mixed Breed,0.5588792918902523,1,Medio,OOF desarrollo
4c2040263,data/raw_petfinder/train_images/4c2040263-1.jpg,train,Basset Hound,Shar Pei,0.6510726384018525,1,Alto,OOF desarrollo
653f94080,data/raw_petfinder/train_images/653f94080-1.jpg,train,Beagle,Dalmatian,0.5400066240166281,1,Medio,OOF desarrollo
8bed563dd,data/raw_petfinder/train_images/8bed563dd-1.jpg,valid,Mixed Breed,,0.5210860799341207,1,Medio,OOF desarrollo
c9feb3eb3,data/raw_petfinder/train_images/c9feb3eb3-1.jpg,valid,Mixed Breed,Mixed Breed,0.7650207351903116,1,Alto,OOF desarrollo
2e2b3f60c,data/raw_petfinder/train_images/2e2b3f60c-1.jpg,valid,Mixed Breed,,0.7782144219188678,1,Alto,OOF desarrollo
7d2e1dd01,data/raw_petfinder/train_images/7d2e1dd01-1.jpg,train,Mixed Breed,,0.3486740334055944,0,Bajo,OOF desarrollo
348a982e2,data/raw_petfinder/train_images/348a982e2-1.jpg,train,Miniature Pinscher,Spitz,0.5105270823484216,1,Medio,OOF desarrollo
92bf36222,data/raw_petfinder/train_images/92bf36222-1.jpg,train,Mixed Breed,,0.5641468362389612,1,Medio,OOF desarrollo
5c67a27f5,data/raw_petfinder/train_images/5c67a27f5-1.jpg,valid,Mixed Breed,Mixed Breed,0.6913689729214072,1,Alto,OOF desarrollo
35225eb67,data/raw_petfinder/train_images/35225eb67-1.jpg,train,Mixed Breed,,0.4103631043218495,1,Bajo,OOF desarrollo
14f3fbc84,data/raw_petfinder/train_images/14f3fbc84-1.jpg,train,Mixed Breed,Rottweiler,0.3723104521543742,0,Bajo,OOF desarrollo
91568ddf1,data/raw_petfinder/train_images/91568ddf1-1.jpg,valid,Mixed Breed,,0.5885106622732058,1,Medio,OOF desarrollo
f5a34370d,data/raw_petfinder/train_images/f5a34370d-1.jpg,train,Mixed Breed,,0.5939257974438578,1,Medio,OOF desarrollo
4a56df934,data/raw_petfinder/train_images/4a56df934-1.jpg,valid,Mixed Breed,,0.6735391799785596,1,Alto,OOF desarrollo
f759dc332,data/raw_petfinder/train_images/f759dc332-1.jpg,train,Shih Tzu,,0.3660136121066921,0,Bajo,OOF desarrollo
208843e22,data/raw_petfinder/train_images/208843e22-1.jpg,train,Mixed Breed,,0.5142385956923632,1,Medio,OOF desarrollo
c71d630d8,data/raw_petfinder/train_images/c71d630d8-1.jpg,train,Mixed Breed,,0.5934503940608785,1,Medio,OOF desarrollo
b00ce0fd0,data/raw_petfinder/train_images/b00ce0fd0-1.jpg,valid,Mixed Breed,,0.3530830527700441,0,Bajo,OOF desarrollo
53cfa1a3c,data/raw_petfinder/train_images/53cfa1a3c-1.jpg,train,Foxhound,,0.5838479312133182,1,Medio,OOF desarrollo
283d778d2,data/raw_petfinder/train_images/283d778d2-1.jpg,test,Pit Bull Terrier,,0.6525356232938776,1,Alto,Test fuera de muestra
2e1853b79,data/raw_petfinder/train_images/2e1853b79-1.jpg,train,Mixed Breed,,0.6330372638191379,1,Alto,OOF desarrollo
cf86cc5ea,data/raw_petfinder/train_images/cf86cc5ea-1.jpg,test,Mixed Breed,Doberman Pinscher,0.5765182004440017,1,Medio,Test fuera de muestra
092418816,data/raw_petfinder/train_images/092418816-1.jpg,test,Mixed Breed,,0.7693047653276475,1,Alto,Test fuera de muestra
4d43092e3,data/raw_petfinder/train_images/4d43092e3-1.jpg,train,Affenpinscher,,0.7669077599576637,1,Alto,OOF desarrollo
4fac67d06,data/raw_petfinder/train_images/4fac67d06-1.jpg,test,Mixed Breed,Mixed Breed,0.2776673676786398,0,Bajo,Test fuera de muestra
b2048c71d,data/raw_petfinder/train_images/b2048c71d-1.jpg,valid,Mixed Breed,,0.5352240226626332,1,Medio,OOF desarrollo
11a30eacf,data/raw_petfinder/train_images/11a30eacf-1.jpg,train,Mixed Breed,Mixed Breed,0.7392314922861096,1,Alto,OOF desarrollo
e8ee48e12,data/raw_petfinder/train_images/e8ee48e12-1.jpg,train,Mixed Breed,,0.8407200306368716,1,Alto,OOF desarrollo
682b7b7d0,data/raw_petfinder/train_images/682b7b7d0-1.jpg,valid,Miniature Pinscher,,0.4298049626455088,1,Bajo,OOF desarrollo
9a1a1d801,data/raw_petfinder/train_images/9a1a1d801-1.jpg,train,Mixed Breed,,0.4386192109323219,1,Bajo,OOF desarrollo
ee4acef8d,data/raw_petfinder/train_images/ee4acef8d-1.jpg,train,Mixed Breed,,0.5642112362176938,1,Medio,OOF desarrollo
6c06b0725,data/raw_petfinder/train_images/6c06b0725-1.jpg,test,Dalmatian,Mixed Breed,0.7366257758334773,1,Alto,Test fuera de muestra
5f986901c,data/raw_petfinder/train_images/5f986901c-1.jpg,train,Mixed Breed,Mixed Breed,0.4942313884568834,1,Medio,OOF desarrollo
cbef1e6db,data/raw_petfinder/train_images/cbef1e6db-1.jpg,test,Mixed Breed,,0.5523135281491216,1,Medio,Test fuera de muestra
10b9af23d,data/raw_petfinder/train_images/10b9af23d-1.jpg,train,Mixed Breed,,0.4841903536565214,1,Medio,OOF desarrollo
08fc1372f,data/raw_petfinder/train_images/08fc1372f-1.jpg,test,Mixed Breed,,0.484178225891854,1,Medio,Test fuera de muestra
e681e0cbf,data/raw_petfinder/train_images/e681e0cbf-1.jpg,test,Mixed Breed,,0.2525972862073585,0,Bajo,Test fuera de muestra
0722660e0,data/raw_petfinder/train_images/0722660e0-1.jpg,train,Mixed Breed,,0.2611966970432037,0,Bajo,OOF desarrollo
a78dcb663,data/raw_petfinder/train_images/a78dcb663-1.jpg,valid,Mixed Breed,,0.570968439632894,1,Medio,OOF desarrollo
6b0da38ae,data/raw_petfinder/train_images/6b0da38ae-1.jpg,valid,Mixed Breed,,0.4247173407939554,1,Bajo,OOF desarrollo
d45e400b8,data/raw_petfinder/train_images/d45e400b8-1.jpg,train,Mixed Breed,,0.5312793880093435,1,Medio,OOF desarrollo
b9cb2f0fd,data/raw_petfinder/train_images/b9cb2f0fd-1.jpg,valid,Mixed Breed,Mixed Breed,0.6109308433912625,1,Alto,OOF desarrollo
6b91edb8b,data/raw_petfinder/train_images/6b91edb8b-1.jpg,train,Mixed Breed,,0.4576896662404926,1,Bajo,OOF desarrollo
a809464ca,data/raw_petfinder/train_images/a809464ca-1.jpg,train,Mixed Breed,,0.6825890299594821,1,Alto,OOF desarrollo
1542ab941,data/raw_petfinder/train_images/1542ab941-1.jpg,train,German Shepherd Dog,Mixed Breed,0.521170894582685,1,Medio,OOF desarrollo
79ac40056,data/raw_petfinder/train_images/79ac40056-1.jpg,test,Mixed Breed,,0.798324972472451,1,Alto,Test fuera de muestra
98128b920,data/raw_petfinder/train_images/98128b920-1.jpg,train,Mixed Breed,,0.4863126620175413,1,Medio,OOF desarrollo
5edc72757,data/raw_petfinder/train_images/5edc72757-1.jpg,train,Mixed Breed,,0.4417052389950396,1,Bajo,OOF desarrollo
a8d44452c,data/raw_petfinder/train_images/a8d44452c-1.jpg,train,Mixed Breed,Mixed Breed,0.3779450086527826,0,Bajo,OOF desarrollo
60786724b,data/raw_petfinder/train_images/60786724b-1.jpg,valid,Mixed Breed,,0.4207092187623561,1,Bajo,OOF desarrollo
fd015c129,data/raw_petfinder/train_images/fd015c129-1.jpg,test,Miniature Pinscher,,0.4523192739589392,1,Bajo,Test fuera de muestra
6469a2a4a,data/raw_petfinder/train_images/6469a2a4a-1.jpg,test,German Shepherd Dog,Dachshund,0.4760135592059874,1,Medio,Test fuera de muestra
c7f9361f9,data/raw_petfinder/train_images/c7f9361f9-1.jpg,train,Mixed Breed,,0.7314192331327314,1,Alto,OOF desarrollo
85952663a,data/raw_petfinder/train_images/85952663a-1.jpg,train,Chihuahua,,0.3326021641233215,0,Bajo,OOF desarrollo
5f6931436,data/raw_petfinder/train_images/5f6931436-1.jpg,train,Mixed Breed,Golden Retriever,0.6666021054830058,1,Alto,OOF desarrollo
db9af2894,data/raw_petfinder/train_images/db9af2894-1.jpg,train,Mixed Breed,,0.6830659083668668,1,Alto,OOF desarrollo
5e6a7ea61,data/raw_petfinder/train_images/5e6a7ea61-1.jpg,train,Mixed Breed,,0.6265779137277032,1,Alto,OOF desarrollo
77bff1468,data/raw_petfinder/train_images/77bff1468-1.jpg,test,Mixed Breed,,0.6307076656811088,1,Alto,Test fuera de muestra
31a2e04d7,data/raw_petfinder/train_images/31a2e04d7-1.jpg,test,Mixed Breed,,0.52695256807019,1,Medio,Test fuera de muestra
30507c621,data/raw_petfinder/train_images/30507c621-1.jpg,train,Mixed Breed,,0.7197876278982795,1,Alto,OOF desarrollo
e0764fb9a,data/raw_petfinder/train_images/e0764fb9a-1.jpg,train,Golden Retriever,,0.3444735059544888,0,Bajo,OOF desarrollo
7316c548e,data/raw_petfinder/train_images/7316c548e-1.jpg,test,Mixed Breed,,0.688352905635786,1,Alto,Test fuera de muestra
f3abe5d8c,data/raw_petfinder/train_images/f3abe5d8c-1.jpg,valid,Terrier,Mixed Breed,0.5718918280466577,1,Medio,OOF desarrollo
08b7e05a5,data/raw_petfinder/train_images/08b7e05a5-1.jpg,test,Mixed Breed,,0.5041790911619504,1,Medio,Test fuera de muestra
c0d50b9f1,data/raw_petfinder/train_images/c0d50b9f1-1.jpg,train,Mixed Breed,,0.5276938151659836,1,Medio,OOF desarrollo
9cf32e2a6,data/raw_petfinder/train_images/9cf32e2a6-1.jpg,train,Mixed Breed,,0.6077344137845062,1,Alto,OOF desarrollo
2b5c446cc,data/raw_petfinder/train_images/2b5c446cc-1.jpg,test,Labrador Retriever,Mixed Breed,0.4842249036831325,1,Medio,Test fuera de muestra
13be42d0e,data/raw_petfinder/train_images/13be42d0e-1.jpg,train,Mixed Breed,,0.7826012053974545,1,Alto,OOF desarrollo
5f44a43f4,data/raw_petfinder/train_images/5f44a43f4-1.jpg,train,Mixed Breed,Mixed Breed,0.2817390580636152,0,Bajo,OOF desarrollo
482d05dc8,data/raw_petfinder/train_images/482d05dc8-1.jpg,train,Rottweiler,Mixed Breed,0.4675213982680692,1,Medio,OOF desarrollo
c5b943ccc,data/raw_petfinder/train_images/c5b943ccc-1.jpg,train,Black Mouth Cur,Mixed Breed,0.4843480149644578,1,Medio,OOF desarrollo
774bd5a80,data/raw_petfinder/train_images/774bd5a80-1.jpg,train,Mixed Breed,,0.3868690595000291,0,Bajo,OOF desarrollo
5cdb90323,data/raw_petfinder/train_images/5cdb90323-1.jpg,test,Doberman Pinscher,German Shepherd Dog,0.4967183283461839,1,Medio,Test fuera de muestra
b35c61109,data/raw_petfinder/train_images/b35c61109-1.jpg,train,Mixed Breed,Mixed Breed,0.6160497635011848,1,Alto,OOF desarrollo
64e7edd37,data/raw_petfinder/train_images/64e7edd37-1.jpg,test,Mixed Breed,,0.5004520213322604,1,Medio,Test fuera de muestra
56ba19506,data/raw_petfinder/train_images/56ba19506-1.jpg,train,Chihuahua,Mixed Breed,0.6083201839348774,1,Alto,OOF desarrollo
70900313d,data/raw_petfinder/train_images/70900313d-1.jpg,train,Spitz,Mixed Breed,0.5282752635306786,1,Medio,OOF desarrollo
2bdf3471b,data/raw_petfinder/train_images/2bdf3471b-1.jpg,train,Poodle,,0.3834817581795791,0,Bajo,OOF desarrollo
f53e55959,data/raw_petfinder/train_images/f53e55959-1.jpg,train,Mixed Breed,,0.4383122579152745,1,Bajo,OOF desarrollo
64a3f89ee,data/raw_petfinder/train_images/64a3f89ee-1.jpg,valid,Golden Retriever,,0.4907590743774276,1,Medio,OOF desarrollo
ada6358f5,data/raw_petfinder/train_images/ada6358f5-1.jpg,train,Spitz,Labrador Retriever,0.6367780504368086,1,Alto,OOF desarrollo
ff8e4c708,data/raw_petfinder/train_images/ff8e4c708-1.jpg,train,Mixed Breed,Terrier,0.5497031582322673,1,Medio,OOF desarrollo
efa71e34a,data/raw_petfinder/train_images/efa71e34a-1.jpg,test,Mixed Breed,,0.4596101229410165,1,Medio,Test fuera de muestra
46a5f0ba6,data/raw_petfinder/train_images/46a5f0ba6-1.jpg,train,Mixed Breed,,0.5584364017306321,1,Medio,OOF desarrollo
3f5405630,data/raw_petfinder/train_images/3f5405630-1.jpg,train,Terrier,,0.4603344338875404,1,Medio,OOF desarrollo
15e5b6d26,data/raw_petfinder/train_images/15e5b6d26-1.jpg,train,Mixed Breed,,0.8068891695560974,1,Alto,OOF desarrollo
341420028,data/raw_petfinder/train_images/341420028-1.jpg,test,Mixed Breed,Rottweiler,0.481638280867077,1,Medio,Test fuera de muestra
b641cecaf,data/raw_petfinder/train_images/b641cecaf-1.jpg,test,Pomeranian,,0.2531635669868968,0,Bajo,Test fuera de muestra
bc5ae0001,data/raw_petfinder/train_images/bc5ae0001-1.jpg,train,Rottweiler,Mixed Breed,0.3839645933537733,0,Bajo,OOF desarrollo
7af35cc82,data/raw_petfinder/train_images/7af35cc82-1.jpg,train,Mixed Breed,,0.3962359607776744,1,Bajo,OOF desarrollo
8d5f95d9a,data/raw_petfinder/train_images/8d5f95d9a-1.jpg,test,Mixed Breed,,0.5508114956621142,1,Medio,Test fuera de muestra
8fddd8a5b,data/raw_petfinder/train_images/8fddd8a5b-1.jpg,train,Yorkshire Terrier Yorkie,,0.4174747493168977,1,Bajo,OOF desarrollo
f291e702a,data/raw_petfinder/train_images/f291e702a-1.jpg,train,Mixed Breed,,0.4476910514200368,1,Bajo,OOF desarrollo
b5974bdd0,data/raw_petfinder/train_images/b5974bdd0-1.jpg,valid,Border Collie,Rhodesian Ridgeback,0.3769515811083275,0,Bajo,OOF desarrollo
ec7383d83,data/raw_petfinder/train_images/ec7383d83-1.jpg,train,Mixed Breed,,0.6572134302845958,1,Alto,OOF desarrollo
4a0d03a9f,data/raw_petfinder/train_images/4a0d03a9f-1.jpg,train,Mixed Breed,,0.6979222649378679,1,Alto,OOF desarrollo
21a7f4896,data/raw_petfinder/train_images/21a7f4896-1.jpg,train,Mixed Breed,,0.6826093192841958,1,Alto,OOF desarrollo
500fdf3b1,data/raw_petfinder/train_images/500fdf3b1-1.jpg,train,Mixed Breed,,0.3670658383766785,0,Bajo,OOF desarrollo
cff0d8c7b,data/raw_petfinder/train_images/cff0d8c7b-1.jpg,train,Mixed Breed,,0.6026963480162089,1,Medio,OOF desarrollo
9180e09cb,data/raw_petfinder/train_images/9180e09cb-1.jpg,train,Mixed Breed,,0.6011695692403207,1,Medio,OOF desarrollo
b940cf8b8,data/raw_petfinder/train_images/b940cf8b8-1.jpg,valid,Mixed Breed,,0.4896488375518002,1,Medio,OOF desarrollo
23cdf5f21,data/raw_petfinder/train_images/23cdf5f21-1.jpg,train,Boxer,Mixed Breed,0.762337097965611,1,Alto,OOF desarrollo
04dc94c39,data/raw_petfinder/train_images/04dc94c39-1.jpg,train,German Shepherd Dog,Rottweiler,0.3755097730912893,0,Bajo,OOF desarrollo
5a289a426,data/raw_petfinder/train_images/5a289a426-1.jpg,valid,Miniature Pinscher,,0.5193873684002375,1,Medio,OOF desarrollo
a07a65495,data/raw_petfinder/train_images/a07a65495-1.jpg,train,Mixed Breed,,0.5891256153783073,1,Medio,OOF desarrollo
71a92867d,data/raw_petfinder/train_images/71a92867d-1.jpg,train,Mixed Breed,,0.7313717478705284,1,Alto,OOF desarrollo
1c6aa4b33,data/raw_petfinder/train_images/1c6aa4b33-1.jpg,train,Poodle,,0.4928029691093874,1,Medio,OOF desarrollo
c2eec623c,data/raw_petfinder/train_images/c2eec623c-1.jpg,train,Mixed Breed,,0.8119654874723634,1,Alto,OOF desarrollo
7c3423bab,data/raw_petfinder/train_images/7c3423bab-1.jpg,train,Mixed Breed,Mixed Breed,0.5613869049603968,1,Medio,OOF desarrollo
c484dec95,data/raw_petfinder/train_images/c484dec95-1.jpg,test,Mixed Breed,,0.6060320681099918,1,Alto,Test fuera de muestra
97d823486,data/raw_petfinder/train_images/97d823486-1.jpg,train,Mixed Breed,,0.4077004423186472,1,Bajo,OOF desarrollo
88bffd281,data/raw_petfinder/train_images/88bffd281-1.jpg,train,Mixed Breed,,0.4983680464136308,1,Medio,OOF desarrollo
5d32494f0,data/raw_petfinder/train_images/5d32494f0-1.jpg,test,Mixed Breed,,0.7610944776584186,1,Alto,Test fuera de muestra
c76e9857b,data/raw_petfinder/train_images/c76e9857b-1.jpg,train,Mixed Breed,,0.5606298050139069,1,Medio,OOF desarrollo
048df7861,data/raw_petfinder/train_images/048df7861-1.jpg,train,Shih Tzu,,0.2489702319868561,0,Bajo,OOF desarrollo
c014197ab,data/raw_petfinder/train_images/c014197ab-1.jpg,train,Mixed Breed,,0.3948335330495096,1,Bajo,OOF desarrollo
0d508e63a,data/raw_petfinder/train_images/0d508e63a-1.jpg,test,Mixed Breed,,0.5895012545589404,1,Medio,Test fuera de muestra
26aa722e1,data/raw_petfinder/train_images/26aa722e1-1.jpg,test,Mixed Breed,,0.4728125247038618,1,Medio,Test fuera de muestra
631c813af,data/raw_petfinder/train_images/631c813af-1.jpg,test,Mixed Breed,,0.3930433472444891,1,Bajo,Test fuera de muestra
180f1ef16,data/raw_petfinder/train_images/180f1ef16-1.jpg,train,Mixed Breed,,0.7600438786400671,1,Alto,OOF desarrollo
51366110e,data/raw_petfinder/train_images/51366110e-1.jpg,test,Mixed Breed,,0.4593286410635463,1,Medio,Test fuera de muestra
d8876247a,data/raw_petfinder/train_images/d8876247a-1.jpg,valid,German Shepherd Dog,,0.3804691840924524,0,Bajo,OOF desarrollo
2b1582f99,data/raw_petfinder/train_images/2b1582f99-1.jpg,valid,Mixed Breed,,0.7185157152640754,1,Alto,OOF desarrollo
59d42b6bb,data/raw_petfinder/train_images/59d42b6bb-1.jpg,valid,Jack Russell Terrier,Mixed Breed,0.486314873725439,1,Medio,OOF desarrollo
979bab13e,data/raw_petfinder/train_images/979bab13e-1.jpg,test,Husky,Poodle,0.331968294959144,0,Bajo,Test fuera de muestra
115299f16,data/raw_petfinder/train_images/115299f16-1.jpg,valid,Terrier,,0.419919810015964,1,Bajo,OOF desarrollo
079332bdc,data/raw_petfinder/train_images/079332bdc-1.jpg,valid,Poodle,,0.4834185115792853,1,Medio,OOF desarrollo
240ddd506,data/raw_petfinder/train_images/240ddd506-1.jpg,train,Poodle,,0.4945401145082235,1,Medio,OOF desarrollo
ce971a506,data/raw_petfinder/train_images/ce971a506-1.jpg,train,Standard Poodle,,0.2203130664689691,0,Bajo,OOF desarrollo
dd654a9e7,data/raw_petfinder/train_images/dd654a9e7-1.jpg,test,Hound,Mixed Breed,0.5496614590875019,1,Medio,Test fuera de muestra
23c8c5957,data/raw_petfinder/train_images/23c8c5957-1.jpg,train,Mixed Breed,,0.4019423433606098,1,Bajo,OOF desarrollo
b138f5cc9,data/raw_petfinder/train_images/b138f5cc9-1.jpg,train,Mixed Breed,,0.6165370053768751,1,Alto,OOF desarrollo
9eb6e75e2,data/raw_petfinder/train_images/9eb6e75e2-1.jpg,train,Mixed Breed,,0.434985682311895,1,Bajo,OOF desarrollo
d8dd968c6,data/raw_petfinder/train_images/d8dd968c6-1.jpg,train,Mixed Breed,,0.3422386306036715,0,Bajo,OOF desarrollo
44dcffea3,data/raw_petfinder/train_images/44dcffea3-1.jpg,train,Mixed Breed,Mixed Breed,0.5921083109926331,1,Medio,OOF desarrollo
1c2dfa92d,data/raw_petfinder/train_images/1c2dfa92d-1.jpg,valid,Mixed Breed,Terrier,0.5507955745982904,1,Medio,OOF desarrollo
bf0dd40e3,data/raw_petfinder/train_images/bf0dd40e3-1.jpg,train,Mixed Breed,,0.4872407859588568,1,Medio,OOF desarrollo
c9e2b26c4,data/raw_petfinder/train_images/c9e2b26c4-1.jpg,valid,Rottweiler,,0.5276049679915173,1,Medio,OOF desarrollo
90f09b568,data/raw_petfinder/train_images/90f09b568-1.jpg,train,Yellow Labrador Retriever,Mixed Breed,0.6470968705736705,1,Alto,OOF desarrollo
451d64f26,data/raw_petfinder/train_images/451d64f26-1.jpg,train,Mixed Breed,Doberman Pinscher,0.3643644323912286,0,Bajo,OOF desarrollo
aa68a3672,data/raw_petfinder/train_images/aa68a3672-1.jpg,test,Mixed Breed,,0.8088820654869033,1,Alto,Test fuera de muestra
a3cc5de2b,data/raw_petfinder/train_images/a3cc5de2b-1.jpg,test,Shih Tzu,,0.3077309695961963,0,Bajo,Test fuera de muestra
b40818da6,data/raw_petfinder/train_images/b40818da6-1.jpg,train,Jack Russell Terrier,,0.4116093006676106,1,Bajo,OOF desarrollo
8f3235380,data/raw_petfinder/train_images/8f3235380-1.jpg,train,Poodle,,0.4254469249009525,1,Bajo,OOF desarrollo
dbba10f87,data/raw_petfinder/train_images/dbba10f87-1.jpg,test,Mixed Breed,,0.7674547939898144,1,Alto,Test fuera de muestra
170fa3d49,data/raw_petfinder/train_images/170fa3d49-1.jpg,train,English Bulldog,,0.3930964644290743,1,Bajo,OOF desarrollo
079785984,data/raw_petfinder/train_images/079785984-1.jpg,valid,Mixed Breed,,0.3138837220113378,0,Bajo,OOF desarrollo
04f8947f3,data/raw_petfinder/train_images/04f8947f3-1.jpg,train,Shih Tzu,,0.3802253879521824,0,Bajo,OOF desarrollo
40f1ee340,data/raw_petfinder/train_images/40f1ee340-1.jpg,train,Mixed Breed,,0.4194034516935498,1,Bajo,OOF desarrollo
a892f5fd3,data/raw_petfinder/train_images/a892f5fd3-1.jpg,train,Mixed Breed,Mixed Breed,0.721656487450485,1,Alto,OOF desarrollo
5b4dd9fb3,data/raw_petfinder/train_images/5b4dd9fb3-1.jpg,train,Mixed Breed,,0.8521825601740856,1,Alto,OOF desarrollo
b65dc15af,data/raw_petfinder/train_images/b65dc15af-1.jpg,valid,Mixed Breed,,0.7649120880003455,1,Alto,OOF desarrollo
ba79cfddf,data/raw_petfinder/train_images/ba79cfddf-1.jpg,test,Mixed Breed,Mixed Breed,0.4048705748850838,1,Bajo,Test fuera de muestra
ebdf19959,data/raw_petfinder/train_images/ebdf19959-1.jpg,train,Corgi,Mixed Breed,0.7554612758893602,1,Alto,OOF desarrollo
a1be4d855,data/raw_petfinder/train_images/a1be4d855-1.jpg,train,Mixed Breed,,0.5618306625561744,1,Medio,OOF desarrollo
eb4f09e0e,data/raw_petfinder/train_images/eb4f09e0e-1.jpg,test,Mixed Breed,Jack Russell Terrier (Parson Russell Terrier),0.4760452753678246,1,Medio,Test fuera de muestra
eded59b25,data/raw_petfinder/train_images/eded59b25-1.jpg,valid,Mixed Breed,Mixed Breed,0.5221483519731496,1,Medio,OOF desarrollo
5c881b941,data/raw_petfinder/train_images/5c881b941-1.jpg,train,Mixed Breed,,0.7078713180903876,1,Alto,OOF desarrollo
4f39ec246,data/raw_petfinder/train_images/4f39ec246-1.jpg,test,Pomeranian,,0.3021725659707341,0,Bajo,Test fuera de muestra
f1db33c30,data/raw_petfinder/train_images/f1db33c30-1.jpg,train,Jack Russell Terrier,,0.6879606344179763,1,Alto,OOF desarrollo
21958b8f8,data/raw_petfinder/train_images/21958b8f8-1.jpg,valid,Mixed Breed,,0.7302575408919976,1,Alto,OOF desarrollo
9d4cf29f6,data/raw_petfinder/train_images/9d4cf29f6-1.jpg,test,Mixed Breed,,0.4250395297600979,1,Bajo,Test fuera de muestra
1bff3e46f,data/raw_petfinder/train_images/1bff3e46f-1.jpg,train,Spitz,Shih Tzu,0.6098104768192945,1,Alto,OOF desarrollo
a9085cdde,data/raw_petfinder/train_images/a9085cdde-1.jpg,train,Rottweiler,Mixed Breed,0.6681842888051919,1,Alto,OOF desarrollo
c81372ddd,data/raw_petfinder/train_images/c81372ddd-1.jpg,train,Mixed Breed,,0.5037465990530985,1,Medio,OOF desarrollo
f2b8dbfde,data/raw_petfinder/train_images/f2b8dbfde-1.jpg,test,Australian Terrier,Terrier,0.5933372842548323,1,Medio,Test fuera de muestra
b7cb6e33e,data/raw_petfinder/train_images/b7cb6e33e-1.jpg,valid,Mixed Breed,,0.3468811602631876,0,Bajo,OOF desarrollo
8111713a2,data/raw_petfinder/train_images/8111713a2-1.jpg,train,Mixed Breed,Mixed Breed,0.2529302581210427,0,Bajo,OOF desarrollo
603e173e1,data/raw_petfinder/train_images/603e173e1-1.jpg,train,Shih Tzu,,0.2420511566498346,0,Bajo,OOF desarrollo
24abd7725,data/raw_petfinder/train_images/24abd7725-1.jpg,test,French Bulldog,,0.6220725776667494,1,Alto,Test fuera de muestra
96477b249,data/raw_petfinder/train_images/96477b249-1.jpg,train,Mixed Breed,,0.6409596952490249,1,Alto,OOF desarrollo
d14a86fd4,data/raw_petfinder/train_images/d14a86fd4-1.jpg,test,Mixed Breed,,0.8667547215448097,1,Alto,Test fuera de muestra
10486a12e,data/raw_petfinder/train_images/10486a12e-1.jpg,train,Mixed Breed,,0.7356270752187037,1,Alto,OOF desarrollo
ca75db93c,data/raw_petfinder/train_images/ca75db93c-1.jpg,train,Terrier,,0.6727390235340276,1,Alto,OOF desarrollo
dc4747d5c,data/raw_petfinder/train_images/dc4747d5c-1.jpg,train,Mixed Breed,,0.8573072931357192,1,Alto,OOF desarrollo
221331819,data/raw_petfinder/train_images/221331819-1.jpg,train,Mixed Breed,,0.8273965023947063,1,Alto,OOF desarrollo
8f6b92b4d,data/raw_petfinder/train_images/8f6b92b4d-1.jpg,train,Mixed Breed,Mixed Breed,0.8121127999337583,1,Alto,OOF desarrollo
e8fdeb33e,data/raw_petfinder/train_images/e8fdeb33e-1.jpg,valid,Mixed Breed,,0.5717154971790455,1,Medio,OOF desarrollo
89bdd90b8,data/raw_petfinder/train_images/89bdd90b8-1.jpg,test,Mixed Breed,,0.5745640986007275,1,Medio,Test fuera de muestra
ffab93d18,data/raw_petfinder/train_images/ffab93d18-1.jpg,train,Mixed Breed,,0.4275462569251979,1,Bajo,OOF desarrollo
5267f524a,data/raw_petfinder/train_images/5267f524a-1.jpg,train,Mixed Breed,Mixed Breed,0.4665580249151015,1,Medio,OOF desarrollo
4d767b639,data/raw_petfinder/train_images/4d767b639-1.jpg,test,Shih Tzu,,0.2381557966329452,0,Bajo,Test fuera de muestra
6282ddf87,data/raw_petfinder/train_images/6282ddf87-1.jpg,valid,Mixed Breed,,0.6181672252368806,1,Alto,OOF desarrollo
a27a03914,data/raw_petfinder/train_images/a27a03914-1.jpg,train,Mixed Breed,Mixed Breed,0.4644745275440508,1,Medio,OOF desarrollo
bac8c1a73,data/raw_petfinder/train_images/bac8c1a73-1.jpg,test,Mixed Breed,,0.426257568066415,1,Bajo,Test fuera de muestra
2e5d8fd10,data/raw_petfinder/train_images/2e5d8fd10-1.jpg,train,Mixed Breed,,0.7036312401913607,1,Alto,OOF desarrollo
6f08e9c5f,data/raw_petfinder/train_images/6f08e9c5f-1.jpg,test,Mixed Breed,,0.5847791998091254,1,Medio,Test fuera de muestra
cbef8d00b,data/raw_petfinder/train_images/cbef8d00b-1.jpg,valid,Spitz,Mixed Breed,0.5694391260616269,1,Medio,OOF desarrollo
0142670c8,data/raw_petfinder/train_images/0142670c8-1.jpg,train,Mixed Breed,,0.5452447056155909,1,Medio,OOF desarrollo
e50174698,data/raw_petfinder/train_images/e50174698-1.jpg,train,Mixed Breed,,0.4735129494898298,1,Medio,OOF desarrollo
d4e6a9aab,data/raw_petfinder/train_images/d4e6a9aab-1.jpg,train,Bullmastiff,Boxer,0.4143029567595054,1,Bajo,OOF desarrollo
ec14446ba,data/raw_petfinder/train_images/ec14446ba-1.jpg,test,Boston Terrier,,0.4791083711486133,1,Medio,Test fuera de muestra
d04fbf327,data/raw_petfinder/train_images/d04fbf327-1.jpg,valid,Mixed Breed,,0.3497958607816392,0,Bajo,OOF desarrollo
d16c37008,data/raw_petfinder/train_images/d16c37008-1.jpg,train,Mixed Breed,,0.44095929422224,1,Bajo,OOF desarrollo
b8088575c,data/raw_petfinder/train_images/b8088575c-1.jpg,train,Mixed Breed,,0.7330483282083944,1,Alto,OOF desarrollo
dc23feccc,data/raw_petfinder/train_images/dc23feccc-1.jpg,train,Mixed Breed,,0.4040602292773965,1,Bajo,OOF desarrollo
b3e897856,data/raw_petfinder/train_images/b3e897856-1.jpg,train,Mixed Breed,Mixed Breed,0.7678985323862901,1,Alto,OOF desarrollo
d9b9b0174,data/raw_petfinder/train_images/d9b9b0174-1.jpg,train,Mixed Breed,,0.5054641248036389,1,Medio,OOF desarrollo
a98716d75,data/raw_petfinder/train_images/a98716d75-1.jpg,test,Miniature Pinscher,,0.3705523538771317,0,Bajo,Test fuera de muestra
a24a102b1,data/raw_petfinder/train_images/a24a102b1-1.jpg,valid,Mixed Breed,,0.2904441152204227,0,Bajo,OOF desarrollo
ad5692ee7,data/raw_petfinder/train_images/ad5692ee7-1.jpg,valid,Mixed Breed,,0.3293770687230332,0,Bajo,OOF desarrollo
c318c6ccf,data/raw_petfinder/train_images/c318c6ccf-1.jpg,train,Shiba Inu,Mixed Breed,0.4394597720310529,1,Bajo,OOF desarrollo
95914d469,data/raw_petfinder/train_images/95914d469-1.jpg,train,Mixed Breed,,0.5042783007838084,1,Medio,OOF desarrollo
f1dc8864e,data/raw_petfinder/train_images/f1dc8864e-1.jpg,test,Mixed Breed,,0.2204584297910325,0,Bajo,Test fuera de muestra
6b42c0d29,data/raw_petfinder/train_images/6b42c0d29-1.jpg,train,Mixed Breed,,0.6394159613525079,1,Alto,OOF desarrollo
f8d98877d,data/raw_petfinder/train_images/f8d98877d-1.jpg,test,Mixed Breed,,0.6765881038851228,1,Alto,Test fuera de muestra
2b95747f3,data/raw_petfinder/train_images/2b95747f3-1.jpg,train,Mixed Breed,Mixed Breed,0.7882111427273482,1,Alto,OOF desarrollo
c4be004d4,data/raw_petfinder/train_images/c4be004d4-1.jpg,train,Mixed Breed,Mixed Breed,0.4546940244079474,1,Bajo,OOF desarrollo
a0c584c54,data/raw_petfinder/train_images/a0c584c54-1.jpg,train,Mixed Breed,,0.7751007532191442,1,Alto,OOF desarrollo
b517c8c90,data/raw_petfinder/train_images/b517c8c90-1.jpg,test,Mixed Breed,Mixed Breed,0.6137072830202999,1,Alto,Test fuera de muestra
edac63019,data/raw_petfinder/train_images/edac63019-1.jpg,train,Poodle,,0.303683139417407,0,Bajo,OOF desarrollo
c0a4d02cc,data/raw_petfinder/train_images/c0a4d02cc-1.jpg,train,Mixed Breed,Mixed Breed,0.4117125007617859,1,Bajo,OOF desarrollo
d2fa0b0df,data/raw_petfinder/train_images/d2fa0b0df-1.jpg,train,German Shepherd Dog,Mixed Breed,0.3640791969265167,0,Bajo,OOF desarrollo
1fd1d2349,data/raw_petfinder/train_images/1fd1d2349-1.jpg,valid,Dachshund,Mixed Breed,0.382069002043627,0,Bajo,OOF desarrollo
c63dc4adb,data/raw_petfinder/train_images/c63dc4adb-1.jpg,train,Mixed Breed,,0.548449707279066,1,Medio,OOF desarrollo
9edb2d79a,data/raw_petfinder/train_images/9edb2d79a-1.jpg,train,Mixed Breed,Terrier,0.2390249287969326,0,Bajo,OOF desarrollo
767a3b706,data/raw_petfinder/train_images/767a3b706-1.jpg,test,Mixed Breed,,0.4946805815948233,1,Medio,Test fuera de muestra
bef897b2b,data/raw_petfinder/train_images/bef897b2b-1.jpg,valid,Terrier,Husky,0.5168804762161407,1,Medio,OOF desarrollo
e4b1b7afe,data/raw_petfinder/train_images/e4b1b7afe-1.jpg,train,Mixed Breed,Mixed Breed,0.728456811663184,1,Alto,OOF desarrollo
69f986aaf,data/raw_petfinder/train_images/69f986aaf-1.jpg,train,Black Labrador Retriever,Mixed Breed,0.4663119948933615,1,Medio,OOF desarrollo
911464bd8,data/raw_petfinder/train_images/911464bd8-1.jpg,valid,Cocker Spaniel,Mixed Breed,0.2417348786254162,0,Bajo,OOF desarrollo
918471707,data/raw_petfinder/train_images/918471707-1.jpg,train,Mixed Breed,Golden Retriever,0.7257776378928458,1,Alto,OOF desarrollo
b567ca662,data/raw_petfinder/train_images/b567ca662-1.jpg,test,Mixed Breed,,0.6181223210891138,1,Alto,Test fuera de muestra
a2c98c186,data/raw_petfinder/train_images/a2c98c186-1.jpg,valid,Mixed Breed,,0.3890166684848869,0,Bajo,OOF desarrollo
ac45f71e3,data/raw_petfinder/train_images/ac45f71e3-1.jpg,train,Golden Retriever,Mixed Breed,0.4608159266615954,1,Medio,OOF desarrollo
ebae250e9,data/raw_petfinder/train_images/ebae250e9-1.jpg,test,Mixed Breed,,0.77817171588277,1,Alto,Test fuera de muestra
84ce5f32b,data/raw_petfinder/train_images/84ce5f32b-1.jpg,train,Mixed Breed,,0.5210925002732125,1,Medio,OOF desarrollo
e808d9fee,data/raw_petfinder/train_images/e808d9fee-1.jpg,train,Mixed Breed,,0.5408975109669204,1,Medio,OOF desarrollo
d01112d4a,data/raw_petfinder/train_images/d01112d4a-1.jpg,train,Beagle,Spitz,0.587534027407866,1,Medio,OOF desarrollo
99a0196aa,data/raw_petfinder/train_images/99a0196aa-1.jpg,test,Mixed Breed,Mixed Breed,0.4786704388646455,1,Medio,Test fuera de muestra
ecba83b43,data/raw_petfinder/train_images/ecba83b43-1.jpg,valid,Mixed Breed,Labrador Retriever,0.6259284793100928,1,Alto,OOF desarrollo
485cff597,data/raw_petfinder/train_images/485cff597-1.jpg,train,Mixed Breed,,0.383660404022636,0,Bajo,OOF desarrollo
295dac1ce,data/raw_petfinder/train_images/295dac1ce-1.jpg,valid,Golden Retriever,Labrador Retriever,0.428518555372309,1,Bajo,OOF desarrollo
b09ecfb53,data/raw_petfinder/train_images/b09ecfb53-1.jpg,train,Mixed Breed,,0.4599127542432381,1,Medio,OOF desarrollo
331a14422,data/raw_petfinder/train_images/331a14422-1.jpg,test,Saint Bernard,,0.3424943350766146,0,Bajo,Test fuera de muestra
2fe1eb7b8,data/raw_petfinder/train_images/2fe1eb7b8-1.jpg,train,Mixed Breed,Mixed Breed,0.7639513228456011,1,Alto,OOF desarrollo
23a1e62d8,data/raw_petfinder/train_images/23a1e62d8-1.jpg,train,Mixed Breed,Mixed Breed,0.4704896434422974,1,Medio,OOF desarrollo
32ac38a9f,data/raw_petfinder/train_images/32ac38a9f-1.jpg,train,Mixed Breed,,0.7420104008837735,1,Alto,OOF desarrollo
35bbb3a85,data/raw_petfinder/train_images/35bbb3a85-1.jpg,train,Mixed Breed,,0.3021447405238188,0,Bajo,OOF desarrollo
784e466b1,data/raw_petfinder/train_images/784e466b1-1.jpg,test,Mixed Breed,,0.4528594845059229,1,Bajo,Test fuera de muestra
f68bec222,data/raw_petfinder/train_images/f68bec222-1.jpg,train,Mixed Breed,,0.504754497036712,1,Medio,OOF desarrollo
c5baf5497,data/raw_petfinder/train_images/c5baf5497-1.jpg,train,Dutch Shepherd,Mixed Breed,0.3694884315191614,0,Bajo,OOF desarrollo
16ffedcf8,data/raw_petfinder/train_images/16ffedcf8-1.jpg,train,Mixed Breed,,0.7801670773810849,1,Alto,OOF desarrollo
18286db6a,data/raw_petfinder/train_images/18286db6a-1.jpg,test,Jack Russell Terrier,,0.3719074055283398,0,Bajo,Test fuera de muestra
e66a993a5,data/raw_petfinder/train_images/e66a993a5-1.jpg,train,Mixed Breed,,0.5594265781316576,1,Medio,OOF desarrollo
c8e2a9092,data/raw_petfinder/train_images/c8e2a9092-1.jpg,test,Poodle,,0.5244632789623592,1,Medio,Test fuera de muestra
4a5a05ef7,data/raw_petfinder/train_images/4a5a05ef7-1.jpg,test,Poodle,,0.3614722968544953,0,Bajo,Test fuera de muestra
11fa9d216,data/raw_petfinder/train_images/11fa9d216-1.jpg,valid,Mixed Breed,,0.584643134294321,1,Medio,OOF desarrollo
5abbde253,data/raw_petfinder/train_images/5abbde253-1.jpg,test,Shih Tzu,,0.3140378006589408,0,Bajo,Test fuera de muestra
85f63b533,data/raw_petfinder/train_images/85f63b533-1.jpg,train,Mixed Breed,,0.5031777238054496,1,Medio,OOF desarrollo
cbd6b3064,data/raw_petfinder/train_images/cbd6b3064-1.jpg,test,Pug,,0.3238105552227142,0,Bajo,Test fuera de muestra
c278935de,data/raw_petfinder/train_images/c278935de-1.jpg,valid,Mixed Breed,,0.5012922979142749,1,Medio,OOF desarrollo
8599dc67a,data/raw_petfinder/train_images/8599dc67a-1.jpg,train,Poodle,Poodle,0.2597648917935382,0,Bajo,OOF desarrollo
6c64dd197,data/raw_petfinder/train_images/6c64dd197-1.jpg,test,Golden Retriever,,0.3756023988125853,0,Bajo,Test fuera de muestra
f1b4a123f,data/raw_petfinder/train_images/f1b4a123f-1.jpg,train,Shiba Inu,Mixed Breed,0.4653105835808273,1,Medio,OOF desarrollo
99cbd42dc,data/raw_petfinder/train_images/99cbd42dc-1.jpg,train,Mixed Breed,,0.6447177777568732,1,Alto,OOF desarrollo
4a8f49ac8,data/raw_petfinder/train_images/4a8f49ac8-1.jpg,test,Shih Tzu,,0.3681598429780253,0,Bajo,Test fuera de muestra
db4165316,data/raw_petfinder/train_images/db4165316-1.jpg,train,Poodle,,0.6357910360830974,1,Alto,OOF desarrollo
0e12b9baa,data/raw_petfinder/train_images/0e12b9baa-1.jpg,train,Mixed Breed,Siberian Husky,0.5961957719956278,1,Medio,OOF desarrollo
15d4c0bad,data/raw_petfinder/train_images/15d4c0bad-1.jpg,train,Mixed Breed,,0.4660701075367875,1,Medio,OOF desarrollo
fa253c6e7,data/raw_petfinder/train_images/fa253c6e7-1.jpg,train,Bull Terrier,Mixed Breed,0.6481156580697416,1,Alto,OOF desarrollo
ea087d248,data/raw_petfinder/train_images/ea087d248-1.jpg,valid,Mixed Breed,,0.4779202141579153,1,Medio,OOF desarrollo
86f41cec9,data/raw_petfinder/train_images/86f41cec9-1.jpg,test,Labrador Retriever,Mixed Breed,0.615695714265643,1,Alto,Test fuera de muestra
0c5fe8151,data/raw_petfinder/train_images/0c5fe8151-1.jpg,train,Spitz,Cocker Spaniel,0.4423225964623724,1,Bajo,OOF desarrollo
e4a48ef49,data/raw_petfinder/train_images/e4a48ef49-1.jpg,test,Mixed Breed,,0.4019964077963569,1,Bajo,Test fuera de muestra
cad1405fc,data/raw_petfinder/train_images/cad1405fc-1.jpg,train,Mixed Breed,,0.3890665056032538,0,Bajo,OOF desarrollo
fea9183f6,data/raw_petfinder/train_images/fea9183f6-1.jpg,test,Mixed Breed,,0.8238942102237082,1,Alto,Test fuera de muestra
dfa39b9f1,data/raw_petfinder/train_images/dfa39b9f1-1.jpg,train,Mixed Breed,,0.5240416853263199,1,Medio,OOF desarrollo
605eca728,data/raw_petfinder/train_images/605eca728-1.jpg,train,Mixed Breed,,0.3654801647028483,0,Bajo,OOF desarrollo
b70ec3788,data/raw_petfinder/train_images/b70ec3788-1.jpg,valid,Mixed Breed,,0.497863799568036,1,Medio,OOF desarrollo
47ec9e919,data/raw_petfinder/train_images/47ec9e919-1.jpg,train,Shar Pei,Samoyed,0.5491692554293283,1,Medio,OOF desarrollo
7dcbe3383,data/raw_petfinder/train_images/7dcbe3383-1.jpg,train,Mixed Breed,Terrier,0.6157189453840671,1,Alto,OOF desarrollo
d5f441f79,data/raw_petfinder/train_images/d5f441f79-1.jpg,test,Mixed Breed,,0.6275850185517453,1,Alto,Test fuera de muestra
fe2757847,data/raw_petfinder/train_images/fe2757847-1.jpg,train,Yorkshire Terrier Yorkie,,0.4761057621060279,1,Medio,OOF desarrollo
de4de2e7c,data/raw_petfinder/train_images/de4de2e7c-1.jpg,valid,Poodle,,0.5445577462952504,1,Medio,OOF desarrollo
09e64ce2b,data/raw_petfinder/train_images/09e64ce2b-1.jpg,train,Mixed Breed,,0.8314218685281565,1,Alto,OOF desarrollo
1adc56d3c,data/raw_petfinder/train_images/1adc56d3c-1.jpg,valid,Mixed Breed,Mixed Breed,0.7515561608902295,1,Alto,OOF desarrollo
b533529a6,data/raw_petfinder/train_images/b533529a6-1.jpg,test,Mixed Breed,,0.5640658133410204,1,Medio,Test fuera de muestra
ac9feb346,data/raw_petfinder/train_images/ac9feb346-1.jpg,train,Poodle,,0.4678611228749432,1,Medio,OOF desarrollo
062b387cf,data/raw_petfinder/train_images/062b387cf-1.jpg,train,Mixed Breed,,0.7689497825418441,1,Alto,OOF desarrollo
bf6dedb55,data/raw_petfinder/train_images/bf6dedb55-1.jpg,train,Mixed Breed,,0.3803544747808346,0,Bajo,OOF desarrollo
1c107ce2b,data/raw_petfinder/train_images/1c107ce2b-1.jpg,valid,Schnauzer,Mixed Breed,0.5007294770589373,1,Medio,OOF desarrollo
f7550219b,data/raw_petfinder/train_images/f7550219b-1.jpg,test,Mixed Breed,,0.5440855698854679,1,Medio,Test fuera de muestra
c03b8b2db,data/raw_petfinder/train_images/c03b8b2db-1.jpg,train,Mixed Breed,Mixed Breed,0.2668606592994259,0,Bajo,OOF desarrollo
12b47b4e8,data/raw_petfinder/train_images/12b47b4e8-1.jpg,train,Mixed Breed,,0.660643022482928,1,Alto,OOF desarrollo
40b1839ea,data/raw_petfinder/train_images/40b1839ea-1.jpg,valid,Mixed Breed,,0.282052044363169,0,Bajo,OOF desarrollo
553d1ee3b,data/raw_petfinder/train_images/553d1ee3b-1.jpg,valid,Shih Tzu,,0.4968451166645006,1,Medio,OOF desarrollo
8b9739cef,data/raw_petfinder/train_images/8b9739cef-1.jpg,valid,Mixed Breed,,0.7422694435562581,1,Alto,OOF desarrollo
e464e666d,data/raw_petfinder/train_images/e464e666d-1.jpg,train,Mixed Breed,,0.7474901708786279,1,Alto,OOF desarrollo
8ca49ce85,data/raw_petfinder/train_images/8ca49ce85-1.jpg,train,Mixed Breed,,0.5912465729366987,1,Medio,OOF desarrollo
321c14446,data/raw_petfinder/train_images/321c14446-1.jpg,train,Mixed Breed,Mixed Breed,0.4162721403104066,1,Bajo,OOF desarrollo
f1d86e6ea,data/raw_petfinder/train_images/f1d86e6ea-1.jpg,train,Mixed Breed,,0.6055786831216249,1,Alto,OOF desarrollo
cfb8b6b93,data/raw_petfinder/train_images/cfb8b6b93-1.jpg,train,Shih Tzu,,0.4413784318116256,1,Bajo,OOF desarrollo
56147c737,data/raw_petfinder/train_images/56147c737-1.jpg,train,Labrador Retriever,Mixed Breed,0.4686570466639388,1,Medio,OOF desarrollo
36a5b3b3e,data/raw_petfinder/train_images/36a5b3b3e-1.jpg,test,Mixed Breed,,0.6769982485477759,1,Alto,Test fuera de muestra
f0bfe80e3,data/raw_petfinder/train_images/f0bfe80e3-1.jpg,train,Mastiff,Mixed Breed,0.6065572612723724,1,Alto,OOF desarrollo
00a1a8af4,data/raw_petfinder/train_images/00a1a8af4-1.jpg,train,Mixed Breed,,0.6803773561510014,1,Alto,OOF desarrollo
662f8c2a9,data/raw_petfinder/train_images/662f8c2a9-1.jpg,train,Mixed Breed,,0.4537060697590088,1,Bajo,OOF desarrollo
c2deaf1e4,data/raw_petfinder/train_images/c2deaf1e4-1.jpg,test,Shih Tzu,Schnauzer,0.4210994056638641,1,Bajo,Test fuera de muestra
03f130f5f,data/raw_petfinder/train_images/03f130f5f-1.jpg,train,Mixed Breed,,0.6154559891141793,1,Alto,OOF desarrollo
5e5f1623c,data/raw_petfinder/train_images/5e5f1623c-1.jpg,train,Mixed Breed,,0.785886687237926,1,Alto,OOF desarrollo
00f3a3993,data/raw_petfinder/train_images/00f3a3993-1.jpg,train,Mixed Breed,,0.6573228275179863,1,Alto,OOF desarrollo
d1de97c49,data/raw_petfinder/train_images/d1de97c49-1.jpg,test,Mixed Breed,,0.582859903507591,1,Medio,Test fuera de muestra
38fb7c50c,data/raw_petfinder/train_images/38fb7c50c-1.jpg,train,Mixed Breed,,0.3089061376953878,0,Bajo,OOF desarrollo
3b15c42d3,data/raw_petfinder/train_images/3b15c42d3-1.jpg,test,Mixed Breed,,0.4476843869900211,1,Bajo,Test fuera de muestra
09d7272ad,data/raw_petfinder/train_images/09d7272ad-1.jpg,valid,Mixed Breed,,0.6317390550163214,1,Alto,OOF desarrollo
623111d43,data/raw_petfinder/train_images/623111d43-1.jpg,test,Spitz,Mixed Breed,0.7133470428724951,1,Alto,Test fuera de muestra
e809de3b9,data/raw_petfinder/train_images/e809de3b9-1.jpg,train,Mixed Breed,,0.5228636811866888,1,Medio,OOF desarrollo
6f665c704,data/raw_petfinder/train_images/6f665c704-1.jpg,valid,Mixed Breed,,0.5994304746578207,1,Medio,OOF desarrollo
7d6d03de2,data/raw_petfinder/train_images/7d6d03de2-1.jpg,train,Spitz,German Shepherd Dog,0.5379820320183303,1,Medio,OOF desarrollo
ffe5a0271,data/raw_petfinder/train_images/ffe5a0271-1.jpg,valid,Mixed Breed,,0.4789242400058846,1,Medio,OOF desarrollo
51c4018b8,data/raw_petfinder/train_images/51c4018b8-1.jpg,train,Mixed Breed,,0.467674064113501,1,Medio,OOF desarrollo
3433731c5,data/raw_petfinder/train_images/3433731c5-1.jpg,test,Bull Terrier,,0.5467778846893756,1,Medio,Test fuera de muestra
74f15e0fd,data/raw_petfinder/train_images/74f15e0fd-1.jpg,valid,Mixed Breed,,0.5170360118295625,1,Medio,OOF desarrollo
bd763ab11,data/raw_petfinder/train_images/bd763ab11-1.jpg,train,Mixed Breed,,0.6064892643694291,1,Alto,OOF desarrollo
df880995b,data/raw_petfinder/train_images/df880995b-1.jpg,train,Mixed Breed,,0.4627300980713457,1,Medio,OOF desarrollo
5546a54ef,data/raw_petfinder/train_images/5546a54ef-1.jpg,valid,German Pinscher,,0.3696517171383137,0,Bajo,OOF desarrollo
8019d0c63,data/raw_petfinder/train_images/8019d0c63-1.jpg,valid,Mixed Breed,Mixed Breed,0.67416128268841,1,Alto,OOF desarrollo
f64fd2354,data/raw_petfinder/train_images/f64fd2354-1.jpg,valid,Mixed Breed,,0.6058730211157298,1,Alto,OOF desarrollo
3b3349318,data/raw_petfinder/train_images/3b3349318-1.jpg,test,Golden Retriever,,0.3211799916422295,0,Bajo,Test fuera de muestra
2befe2607,data/raw_petfinder/train_images/2befe2607-1.jpg,train,Mixed Breed,German Shepherd Dog,0.3398101487339225,0,Bajo,OOF desarrollo
edbffc8cf,data/raw_petfinder/train_images/edbffc8cf-1.jpg,train,Mixed Breed,,0.5920185801824642,1,Medio,OOF desarrollo
6fc2970d6,data/raw_petfinder/train_images/6fc2970d6-1.jpg,train,Mixed Breed,Terrier,0.3333594309543174,0,Bajo,OOF desarrollo
a32e58f2f,data/raw_petfinder/train_images/a32e58f2f-1.jpg,train,Mixed Breed,Labrador Retriever,0.491994838615321,1,Medio,OOF desarrollo
3695274de,data/raw_petfinder/train_images/3695274de-1.jpg,valid,Mixed Breed,Mixed Breed,0.7504741342056234,1,Alto,OOF desarrollo
04aa54436,data/raw_petfinder/train_images/04aa54436-1.jpg,test,Mixed Breed,Spitz,0.3404060043230755,0,Bajo,Test fuera de muestra
546957a8b,data/raw_petfinder/train_images/546957a8b-1.jpg,test,Labrador Retriever,,0.5650595390662839,1,Medio,Test fuera de muestra
01c62e03b,data/raw_petfinder/train_images/01c62e03b-1.jpg,valid,Rottweiler,,0.4985620036005677,1,Medio,OOF desarrollo
7759517e2,data/raw_petfinder/train_images/7759517e2-1.jpg,train,Mixed Breed,,0.5029451651860588,1,Medio,OOF desarrollo
46c5fd256,data/raw_petfinder/train_images/46c5fd256-1.jpg,valid,Mixed Breed,,0.6169639449056026,1,Alto,OOF desarrollo
f19658d12,data/raw_petfinder/train_images/f19658d12-1.jpg,train,Mixed Breed,Golden Retriever,0.4077417909890153,1,Bajo,OOF desarrollo
8913e5b27,data/raw_petfinder/train_images/8913e5b27-1.jpg,test,Mixed Breed,,0.6054981988605324,1,Alto,Test fuera de muestra
e4efae0f1,data/raw_petfinder/train_images/e4efae0f1-1.jpg,train,Mixed Breed,,0.7326512600597561,1,Alto,OOF desarrollo
6460390c0,data/raw_petfinder/train_images/6460390c0-1.jpg,train,Mixed Breed,Mixed Breed,0.7080806134873262,1,Alto,OOF desarrollo
affeb8b58,data/raw_petfinder/train_images/affeb8b58-1.jpg,train,Mixed Breed,,0.4861744756852776,1,Medio,OOF desarrollo
b3a42fc4a,data/raw_petfinder/train_images/b3a42fc4a-1.jpg,valid,Border Collie,Rhodesian Ridgeback,0.3230522133482141,0,Bajo,OOF desarrollo
5366eff00,data/raw_petfinder/train_images/5366eff00-1.jpg,train,Mixed Breed,Doberman Pinscher,0.4283770493764056,1,Bajo,OOF desarrollo
570fb2f6c,data/raw_petfinder/train_images/570fb2f6c-1.jpg,train,Mixed Breed,German Shepherd Dog,0.3524333497505934,0,Bajo,OOF desarrollo
705ce0ebd,data/raw_petfinder/train_images/705ce0ebd-1.jpg,train,Mixed Breed,,0.6957143329044023,1,Alto,OOF desarrollo
e809f1cb5,data/raw_petfinder/train_images/e809f1cb5-1.jpg,train,Mixed Breed,,0.4184053277603723,1,Bajo,OOF desarrollo
538b47698,data/raw_petfinder/train_images/538b47698-1.jpg,train,Mixed Breed,,0.672698567383984,1,Alto,OOF desarrollo
3a7b85800,data/raw_petfinder/train_images/3a7b85800-1.jpg,valid,Golden Retriever,,0.5279843080900957,1,Medio,OOF desarrollo
abb847f55,data/raw_petfinder/train_images/abb847f55-1.jpg,train,Mixed Breed,,0.5812458711487383,1,Medio,OOF desarrollo
4c237475f,data/raw_petfinder/train_images/4c237475f-1.jpg,train,Spitz,Spitz,0.4971918434339487,1,Medio,OOF desarrollo
c6189ea84,data/raw_petfinder/train_images/c6189ea84-1.jpg,train,Poodle,,0.5105188062519547,1,Medio,OOF desarrollo
3afb76273,data/raw_petfinder/train_images/3afb76273-1.jpg,train,Mixed Breed,,0.6002804196796694,1,Medio,OOF desarrollo
7a785a607,data/raw_petfinder/train_images/7a785a607-1.jpg,valid,Mixed Breed,,0.7754564595196535,1,Alto,OOF desarrollo
385b5b8fc,data/raw_petfinder/train_images/385b5b8fc-1.jpg,train,Labrador Retriever,Mixed Breed,0.5727075099737432,1,Medio,OOF desarrollo
4cdb41608,data/raw_petfinder/train_images/4cdb41608-1.jpg,test,Chihuahua,,0.3715138844066804,0,Bajo,Test fuera de muestra
000fb9572,data/raw_petfinder/train_images/000fb9572-1.jpg,train,Mixed Breed,,0.4550198428091115,1,Bajo,OOF desarrollo
2628915bb,data/raw_petfinder/train_images/2628915bb-1.jpg,train,Spitz,,0.4455665474889248,1,Bajo,OOF desarrollo
608a58c8e,data/raw_petfinder/train_images/608a58c8e-1.jpg,train,Mixed Breed,Mixed Breed,0.3121278884206548,0,Bajo,OOF desarrollo
11b3fd45f,data/raw_petfinder/train_images/11b3fd45f-1.jpg,train,Mixed Breed,,0.7036030368666728,1,Alto,OOF desarrollo
ac34b6e29,data/raw_petfinder/train_images/ac34b6e29-1.jpg,test,Mixed Breed,,0.5835131097835907,1,Medio,Test fuera de muestra
1f7bf1b32,data/raw_petfinder/train_images/1f7bf1b32-1.jpg,valid,Mixed Breed,,0.5724436067330184,1,Medio,OOF desarrollo
f5dc6f316,data/raw_petfinder/train_images/f5dc6f316-1.jpg,train,Mixed Breed,,0.5299970445014079,1,Medio,OOF desarrollo
737413132,data/raw_petfinder/train_images/737413132-1.jpg,valid,Mixed Breed,,0.6784165003179734,1,Alto,OOF desarrollo
b05d0484f,data/raw_petfinder/train_images/b05d0484f-1.jpg,train,Mixed Breed,,0.4981646743587664,1,Medio,OOF desarrollo
57ac7373a,data/raw_petfinder/train_images/57ac7373a-1.jpg,train,Mixed Breed,,0.529729024046037,1,Medio,OOF desarrollo
75332917e,data/raw_petfinder/train_images/75332917e-1.jpg,train,Mixed Breed,Mixed Breed,0.5993510427893523,1,Medio,OOF desarrollo
057e5347f,data/raw_petfinder/train_images/057e5347f-1.jpg,train,Mixed Breed,,0.4958399302144871,1,Medio,OOF desarrollo
358517d09,data/raw_petfinder/train_images/358517d09-1.jpg,train,Mixed Breed,,0.5364537169725524,1,Medio,OOF desarrollo
d0ef38cff,data/raw_petfinder/train_images/d0ef38cff-1.jpg,train,Corgi,Mixed Breed,0.5327194507747157,1,Medio,OOF desarrollo
634f65242,data/raw_petfinder/train_images/634f65242-1.jpg,train,Mixed Breed,,0.610967896573261,1,Alto,OOF desarrollo
196d58932,data/raw_petfinder/train_images/196d58932-1.jpg,train,Mixed Breed,,0.5920467926752695,1,Medio,OOF desarrollo
01a7b719c,data/raw_petfinder/train_images/01a7b719c-1.jpg,valid,Mixed Breed,,0.6120837186025662,1,Alto,OOF desarrollo
8e01a6de2,data/raw_petfinder/train_images/8e01a6de2-1.jpg,train,Mixed Breed,,0.5466540966086042,1,Medio,OOF desarrollo
d60dbdd7a,data/raw_petfinder/train_images/d60dbdd7a-1.jpg,train,Mixed Breed,,0.7285573930407546,1,Alto,OOF desarrollo
3effb8d44,data/raw_petfinder/train_images/3effb8d44-1.jpg,test,Mixed Breed,,0.3922828320493522,1,Bajo,Test fuera de muestra
71ef1c6c4,data/raw_petfinder/train_images/71ef1c6c4-1.jpg,train,Mixed Breed,,0.298280753899684,0,Bajo,OOF desarrollo
d3ef2ebef,data/raw_petfinder/train_images/d3ef2ebef-1.jpg,train,Rottweiler,Mixed Breed,0.5887687199977625,1,Medio,OOF desarrollo
9f2e4a2e1,data/raw_petfinder/train_images/9f2e4a2e1-1.jpg,test,Mixed Breed,,0.5855635003183954,1,Medio,Test fuera de muestra
dbd4f79ef,data/raw_petfinder/train_images/dbd4f79ef-1.jpg,test,Poodle,Maltese,0.3887405739101186,0,Bajo,Test fuera de muestra
e7b5ed1a2,data/raw_petfinder/train_images/e7b5ed1a2-1.jpg,train,Mixed Breed,,0.562824694602821,1,Medio,OOF desarrollo
84d7ac922,data/raw_petfinder/train_images/84d7ac922-1.jpg,test,Mixed Breed,,0.5732057966756287,1,Medio,Test fuera de muestra
f4316f2bc,data/raw_petfinder/train_images/f4316f2bc-1.jpg,train,Mixed Breed,,0.6741569358696156,1,Alto,OOF desarrollo
db2d1ccaf,data/raw_petfinder/train_images/db2d1ccaf-1.jpg,test,Shar Pei,,0.6009528630338461,1,Medio,Test fuera de muestra
7cc9b21fd,data/raw_petfinder/train_images/7cc9b21fd-1.jpg,train,Mixed Breed,,0.5511673186415335,1,Medio,OOF desarrollo
7d4f585b5,data/raw_petfinder/train_images/7d4f585b5-1.jpg,test,Mixed Breed,Mixed Breed,0.4085144345385368,1,Bajo,Test fuera de muestra
c82f54ef6,data/raw_petfinder/train_images/c82f54ef6-1.jpg,train,Boston Terrier,,0.4435738809961698,1,Bajo,OOF desarrollo
5d792dd24,data/raw_petfinder/train_images/5d792dd24-1.jpg,train,Miniature Pinscher,Chihuahua,0.5302297994622844,1,Medio,OOF desarrollo
93b1ca32c,data/raw_petfinder/train_images/93b1ca32c-1.jpg,test,Hound,Mixed Breed,0.6280712867545726,1,Alto,Test fuera de muestra
cc9f9c4c1,data/raw_petfinder/train_images/cc9f9c4c1-1.jpg,train,Mixed Breed,Mixed Breed,0.490865869676217,1,Medio,OOF desarrollo
66038a4b3,data/raw_petfinder/train_images/66038a4b3-1.jpg,train,Mixed Breed,,0.5627150408396093,1,Medio,OOF desarrollo
cb5e73024,data/raw_petfinder/train_images/cb5e73024-1.jpg,train,Mixed Breed,,0.7554880247638406,1,Alto,OOF desarrollo
05d2022eb,data/raw_petfinder/train_images/05d2022eb-1.jpg,train,Cocker Spaniel,,0.675001650129708,1,Alto,OOF desarrollo
e5a2e7156,data/raw_petfinder/train_images/e5a2e7156-1.jpg,valid,Mixed Breed,,0.3953457267412089,1,Bajo,OOF desarrollo
ec2bb7160,data/raw_petfinder/train_images/ec2bb7160-1.jpg,valid,Labrador Retriever,Mixed Breed,0.3615519925898359,0,Bajo,OOF desarrollo
ffdad97e5,data/raw_petfinder/train_images/ffdad97e5-1.jpg,train,Mixed Breed,,0.781140179631846,1,Alto,OOF desarrollo
9f1ba804c,data/raw_petfinder/train_images/9f1ba804c-1.jpg,train,Mixed Breed,,0.670039067621984,1,Alto,OOF desarrollo
2ba66d1e1,data/raw_petfinder/train_images/2ba66d1e1-1.jpg,train,Mixed Breed,,0.6055677714727564,1,Alto,OOF desarrollo
cf74322de,data/raw_petfinder/train_images/cf74322de-1.jpg,train,Mixed Breed,,0.5302387411793773,1,Medio,OOF desarrollo
7d0aedfb3,data/raw_petfinder/train_images/7d0aedfb3-1.jpg,train,Cocker Spaniel,,0.5874961263967562,1,Medio,OOF desarrollo
d336e6953,data/raw_petfinder/train_images/d336e6953-1.jpg,train,Belgian Shepherd Malinois,Mixed Breed,0.4245630044862515,1,Bajo,OOF desarrollo
cace2b412,data/raw_petfinder/train_images/cace2b412-1.jpg,train,Mixed Breed,,0.2668828481219639,0,Bajo,OOF desarrollo
d1632981e,data/raw_petfinder/train_images/d1632981e-1.jpg,train,Mixed Breed,,0.5726722773676189,1,Medio,OOF desarrollo
ca1df3f71,data/raw_petfinder/train_images/ca1df3f71-1.jpg,test,Mixed Breed,,0.622914343859122,1,Alto,Test fuera de muestra
5fb30c1f8,data/raw_petfinder/train_images/5fb30c1f8-1.jpg,train,Mixed Breed,,0.619734158747126,1,Alto,OOF desarrollo
ddd7cc601,data/raw_petfinder/train_images/ddd7cc601-1.jpg,test,Shih Tzu,Pekingese,0.3850157095041444,0,Bajo,Test fuera de muestra
1b9cedf4a,data/raw_petfinder/train_images/1b9cedf4a-1.jpg,valid,Jack Russell Terrier,,0.6416509361223978,1,Alto,OOF desarrollo
9b9976e20,data/raw_petfinder/train_images/9b9976e20-1.jpg,train,Mixed Breed,,0.4852910134595751,1,Medio,OOF desarrollo
b37d04bd6,data/raw_petfinder/train_images/b37d04bd6-1.jpg,valid,Mixed Breed,,0.4715088543172039,1,Medio,OOF desarrollo
e6e4a6f37,data/raw_petfinder/train_images/e6e4a6f37-1.jpg,train,Mixed Breed,,0.6883301326693658,1,Alto,OOF desarrollo
9c17624f8,data/raw_petfinder/train_images/9c17624f8-1.jpg,test,Mixed Breed,Mixed Breed,0.557484190762857,1,Medio,Test fuera de muestra
1ae4a77ba,data/raw_petfinder/train_images/1ae4a77ba-1.jpg,train,Shih Tzu,,0.4063815150952974,1,Bajo,OOF desarrollo
fc46e61c5,data/raw_petfinder/train_images/fc46e61c5-1.jpg,test,Cocker Spaniel,,0.2540305617099174,0,Bajo,Test fuera de muestra
5e3dc5d76,data/raw_petfinder/train_images/5e3dc5d76-1.jpg,test,Mixed Breed,,0.8193393844179215,1,Alto,Test fuera de muestra
18427ab22,data/raw_petfinder/train_images/18427ab22-1.jpg,train,Pomeranian,Spitz,0.4002299066651219,1,Bajo,OOF desarrollo
9a65d163b,data/raw_petfinder/train_images/9a65d163b-1.jpg,train,Labrador Retriever,Mixed Breed,0.3173993811581496,0,Bajo,OOF desarrollo
1ac7dad15,data/raw_petfinder/train_images/1ac7dad15-1.jpg,test,Mixed Breed,,0.7205384195893942,1,Alto,Test fuera de muestra
38c5d4e0e,data/raw_petfinder/train_images/38c5d4e0e-1.jpg,train,Mixed Breed,Mixed Breed,0.5720599246785905,1,Medio,OOF desarrollo
c9d8b22d0,data/raw_petfinder/train_images/c9d8b22d0-1.jpg,train,Shih Tzu,,0.4512113660055208,1,Bajo,OOF desarrollo
60923a60d,data/raw_petfinder/train_images/60923a60d-1.jpg,valid,Mixed Breed,,0.4018763295010632,1,Bajo,OOF desarrollo
ce0e8f18f,data/raw_petfinder/train_images/ce0e8f18f-1.jpg,test,Mixed Breed,,0.4825372216482042,1,Medio,Test fuera de muestra
b488dc067,data/raw_petfinder/train_images/b488dc067-1.jpg,train,Mixed Breed,,0.8086254973710374,1,Alto,OOF desarrollo
104910cb4,data/raw_petfinder/train_images/104910cb4-1.jpg,valid,Mixed Breed,German Shepherd Dog,0.2372623372373238,0,Bajo,OOF desarrollo
0eb219818,data/raw_petfinder/train_images/0eb219818-1.jpg,train,Mixed Breed,,0.6503779318299912,1,Alto,OOF desarrollo
b5b9c3c05,data/raw_petfinder/train_images/b5b9c3c05-1.jpg,train,Belgian Shepherd Malinois,Mixed Breed,0.356470083136897,0,Bajo,OOF desarrollo
caa5d1e6b,data/raw_petfinder/train_images/caa5d1e6b-1.jpg,train,Mixed Breed,,0.3826818294335479,0,Bajo,OOF desarrollo
d77a66a2f,data/raw_petfinder/train_images/d77a66a2f-1.jpg,train,Mixed Breed,,0.6334487544402349,1,Alto,OOF desarrollo
f5d60ca48,data/raw_petfinder/train_images/f5d60ca48-1.jpg,train,Mixed Breed,,0.6579235831715533,1,Alto,OOF desarrollo
dffa25e61,data/raw_petfinder/train_images/dffa25e61-1.jpg,test,West Highland White Terrier Westie,,0.4058567596127299,1,Bajo,Test fuera de muestra
a845ba4d6,data/raw_petfinder/train_images/a845ba4d6-1.jpg,test,Mixed Breed,,0.4168105102237811,1,Bajo,Test fuera de muestra
8988d22a5,data/raw_petfinder/train_images/8988d22a5-1.jpg,train,Spitz,Spitz,0.4458331038703197,1,Bajo,OOF desarrollo
f6003c18b,data/raw_petfinder/train_images/f6003c18b-1.jpg,valid,Mixed Breed,,0.305258374000091,0,Bajo,OOF desarrollo
f262fd637,data/raw_petfinder/train_images/f262fd637-1.jpg,train,Mixed Breed,,0.5257926157969313,1,Medio,OOF desarrollo
bb5917ca8,data/raw_petfinder/train_images/bb5917ca8-1.jpg,train,Mixed Breed,,0.3622767213702288,0,Bajo,OOF desarrollo
bc6abd32e,data/raw_petfinder/train_images/bc6abd32e-1.jpg,train,Mixed Breed,,0.7857265844738088,1,Alto,OOF desarrollo
7c5a912a5,data/raw_petfinder/train_images/7c5a912a5-1.jpg,train,Mixed Breed,,0.6575692665549965,1,Alto,OOF desarrollo
d061bc124,data/raw_petfinder/train_images/d061bc124-1.jpg,test,Mixed Breed,,0.4808791059166543,1,Medio,Test fuera de muestra
420f5cd9c,data/raw_petfinder/train_images/420f5cd9c-1.jpg,valid,Schnauzer,,0.3384846780599615,0,Bajo,OOF desarrollo
0d150e90c,data/raw_petfinder/train_images/0d150e90c-1.jpg,train,Mixed Breed,,0.5436919235872443,1,Medio,OOF desarrollo
b310f969f,data/raw_petfinder/train_images/b310f969f-1.jpg,train,Labrador Retriever,Mixed Breed,0.6224445033089046,1,Alto,OOF desarrollo
cbfaa79cb,data/raw_petfinder/train_images/cbfaa79cb-1.jpg,test,Mixed Breed,,0.6732126969477799,1,Alto,Test fuera de muestra
a8ce7d647,data/raw_petfinder/train_images/a8ce7d647-1.jpg,train,Mixed Breed,,0.6534324827487941,1,Alto,OOF desarrollo
e4424b719,data/raw_petfinder/train_images/e4424b719-1.jpg,valid,Mixed Breed,,0.5134453643963619,1,Medio,OOF desarrollo
5c82c5903,data/raw_petfinder/train_images/5c82c5903-1.jpg,test,Mixed Breed,,0.6487086667389835,1,Alto,Test fuera de muestra
ec59f8c50,data/raw_petfinder/train_images/ec59f8c50-1.jpg,test,Mixed Breed,,0.4261021628939367,1,Bajo,Test fuera de muestra
20b7e24b2,data/raw_petfinder/train_images/20b7e24b2-1.jpg,valid,Rottweiler,Labrador Retriever,0.3992026973460508,1,Bajo,OOF desarrollo
a22ddc666,data/raw_petfinder/train_images/a22ddc666-1.jpg,train,Mixed Breed,,0.3857221672576945,0,Bajo,OOF desarrollo
ae52ea5c4,data/raw_petfinder/train_images/ae52ea5c4-1.jpg,train,Mixed Breed,,0.473350659313819,1,Medio,OOF desarrollo
993113176,data/raw_petfinder/train_images/993113176-1.jpg,train,Mixed Breed,,0.3398093475999321,0,Bajo,OOF desarrollo
df03e957d,data/raw_petfinder/train_images/df03e957d-1.jpg,test,Mixed Breed,Mixed Breed,0.4237760524172629,1,Bajo,Test fuera de muestra
1e2cca514,data/raw_petfinder/train_images/1e2cca514-1.jpg,test,Mixed Breed,Terrier,0.6499101859962971,1,Alto,Test fuera de muestra
2a9223451,data/raw_petfinder/train_images/2a9223451-1.jpg,train,Mixed Breed,Belgian Shepherd Malinois,0.2034898054912926,0,Bajo,OOF desarrollo
6434d0273,data/raw_petfinder/train_images/6434d0273-1.jpg,train,Mixed Breed,,0.6691686615682365,1,Alto,OOF desarrollo
4f94e2b5a,data/raw_petfinder/train_images/4f94e2b5a-1.jpg,train,Basenji,Mixed Breed,0.4992838332074993,1,Medio,OOF desarrollo
015b8b722,data/raw_petfinder/train_images/015b8b722-1.jpg,train,Mixed Breed,,0.5900027086951399,1,Medio,OOF desarrollo
bcda757a8,data/raw_petfinder/train_images/bcda757a8-1.jpg,train,Mixed Breed,,0.6197130769945778,1,Alto,OOF desarrollo
6a7310588,data/raw_petfinder/train_images/6a7310588-1.jpg,train,West Highland White Terrier Westie,Mixed Breed,0.4007286045938379,1,Bajo,OOF desarrollo
4dc6822f8,data/raw_petfinder/train_images/4dc6822f8-1.jpg,train,Mixed Breed,,0.5826873598066413,1,Medio,OOF desarrollo
21206933c,data/raw_petfinder/train_images/21206933c-1.jpg,train,Mixed Breed,,0.5534439280176902,1,Medio,OOF desarrollo
ee2e82f01,data/raw_petfinder/train_images/ee2e82f01-1.jpg,test,Mixed Breed,Terrier,0.7262392321625355,1,Alto,Test fuera de muestra
58e368a56,data/raw_petfinder/train_images/58e368a56-1.jpg,train,Mixed Breed,,0.4925510184843612,1,Medio,OOF desarrollo
3ce0f0aa5,data/raw_petfinder/train_images/3ce0f0aa5-1.jpg,train,Mixed Breed,,0.4192587260606766,1,Bajo,OOF desarrollo
01142a354,data/raw_petfinder/train_images/01142a354-1.jpg,train,Mixed Breed,,0.4336619017671318,1,Bajo,OOF desarrollo
133ca8c90,data/raw_petfinder/train_images/133ca8c90-1.jpg,train,Mixed Breed,,0.4502981923567435,1,Bajo,OOF desarrollo
299e17017,data/raw_petfinder/train_images/299e17017-1.jpg,train,Mixed Breed,,0.5691587088028265,1,Medio,OOF desarrollo
8a615bfca,data/raw_petfinder/train_images/8a615bfca-1.jpg,train,Rottweiler,,0.3190770409614865,0,Bajo,OOF desarrollo
32f617eda,data/raw_petfinder/train_images/32f617eda-1.jpg,test,Mixed Breed,,0.7365273061978123,1,Alto,Test fuera de muestra
2f532707f,data/raw_petfinder/train_images/2f532707f-1.jpg,train,Mixed Breed,,0.498060769950795,1,Medio,OOF desarrollo
8a4e70a21,data/raw_petfinder/train_images/8a4e70a21-1.jpg,train,Mixed Breed,,0.3698604526837959,0,Bajo,OOF desarrollo
3f518238a,data/raw_petfinder/train_images/3f518238a-1.jpg,train,Mixed Breed,,0.5060760764214053,1,Medio,OOF desarrollo
9cc36a057,data/raw_petfinder/train_images/9cc36a057-1.jpg,test,Mixed Breed,,0.6574480701427936,1,Alto,Test fuera de muestra
f9d621157,data/raw_petfinder/train_images/f9d621157-1.jpg,train,Mixed Breed,,0.4731796957541266,1,Medio,OOF desarrollo
0291e8ca0,data/raw_petfinder/train_images/0291e8ca0-1.jpg,train,Mixed Breed,,0.5588175109696839,1,Medio,OOF desarrollo
10e26690b,data/raw_petfinder/train_images/10e26690b-1.jpg,train,Mixed Breed,,0.495890325335491,1,Medio,OOF desarrollo
27a7a1795,data/raw_petfinder/train_images/27a7a1795-1.jpg,train,Mixed Breed,,0.629442097713761,1,Alto,OOF desarrollo
9795ce5b0,data/raw_petfinder/train_images/9795ce5b0-1.jpg,valid,Mixed Breed,,0.6572066198221842,1,Alto,OOF desarrollo
9e935b385,data/raw_petfinder/train_images/9e935b385-1.jpg,train,Boston Terrier,Shih Tzu,0.3402486626416114,0,Bajo,OOF desarrollo
493ab5d96,data/raw_petfinder/train_images/493ab5d96-1.jpg,test,Mixed Breed,,0.4220673091058551,1,Bajo,Test fuera de muestra
3a0ebb3d1,data/raw_petfinder/train_images/3a0ebb3d1-1.jpg,train,Poodle,,0.6018193295302221,1,Medio,OOF desarrollo
53c0ebe89,data/raw_petfinder/train_images/53c0ebe89-1.jpg,test,Mixed Breed,,0.5162734266205553,1,Medio,Test fuera de muestra
f1ceeda99,data/raw_petfinder/train_images/f1ceeda99-1.jpg,test,Mixed Breed,,0.6990369066681226,1,Alto,Test fuera de muestra
3a9f1c036,data/raw_petfinder/train_images/3a9f1c036-1.jpg,train,Mixed Breed,,0.5111833957009377,1,Medio,OOF desarrollo
062633cb1,data/raw_petfinder/train_images/062633cb1-1.jpg,train,Mixed Breed,,0.403117255153826,1,Bajo,OOF desarrollo
42d565331,data/raw_petfinder/train_images/42d565331-1.jpg,train,Mixed Breed,Labrador Retriever,0.5793051453553478,1,Medio,OOF desarrollo
a89af346d,data/raw_petfinder/train_images/a89af346d-1.jpg,train,Mixed Breed,,0.5648501696764175,1,Medio,OOF desarrollo
81614060c,data/raw_petfinder/train_images/81614060c-1.jpg,train,Miniature Pinscher,Mixed Breed,0.3276434308330512,0,Bajo,OOF desarrollo
4b4f32911,data/raw_petfinder/train_images/4b4f32911-1.jpg,train,Rottweiler,,0.365661227723198,0,Bajo,OOF desarrollo
cae5c7ef1,data/raw_petfinder/train_images/cae5c7ef1-1.jpg,test,Shih Tzu,,0.3453116419849726,0,Bajo,Test fuera de muestra
e90930a27,data/raw_petfinder/train_images/e90930a27-1.jpg,train,Mixed Breed,,0.5080590804452133,1,Medio,OOF desarrollo
c60a12958,data/raw_petfinder/train_images/c60a12958-1.jpg,test,Mixed Breed,,0.4264435221064864,1,Bajo,Test fuera de muestra
0f15ed6ab,data/raw_petfinder/train_images/0f15ed6ab-1.jpg,test,Maltese,Terrier,0.4026531497252683,1,Bajo,Test fuera de muestra
788ea6e94,data/raw_petfinder/train_images/788ea6e94-1.jpg,train,Mixed Breed,,0.6128096799180414,1,Alto,OOF desarrollo
0bd83ba72,data/raw_petfinder/train_images/0bd83ba72-1.jpg,train,Mixed Breed,,0.504792399106639,1,Medio,OOF desarrollo
248c027cb,data/raw_petfinder/train_images/248c027cb-1.jpg,test,Mixed Breed,,0.7707198056070348,1,Alto,Test fuera de muestra
c44215cc8,data/raw_petfinder/train_images/c44215cc8-1.jpg,train,Terrier,Mixed Breed,0.5183797971776825,1,Medio,OOF desarrollo
f749cd744,data/raw_petfinder/train_images/f749cd744-1.jpg,valid,Mixed Breed,Mixed Breed,0.5423184712456036,1,Medio,OOF desarrollo
92e87765e,data/raw_petfinder/train_images/92e87765e-1.jpg,train,Mixed Breed,Mixed Breed,0.7517379093835275,1,Alto,OOF desarrollo
3f9b11590,data/raw_petfinder/train_images/3f9b11590-1.jpg,train,Mixed Breed,,0.3451878040868994,0,Bajo,OOF desarrollo
0995bd489,data/raw_petfinder/train_images/0995bd489-1.jpg,train,Mixed Breed,,0.5439533246687008,1,Medio,OOF desarrollo
cea2544a7,data/raw_petfinder/train_images/cea2544a7-1.jpg,train,Mixed Breed,,0.4293844643177355,1,Bajo,OOF desarrollo
8e6e57951,data/raw_petfinder/train_images/8e6e57951-1.jpg,train,Mixed Breed,,0.52235847967946,1,Medio,OOF desarrollo
6a9f15d94,data/raw_petfinder/train_images/6a9f15d94-1.jpg,train,Poodle,Poodle,0.3339014802389763,0,Bajo,OOF desarrollo
0605aab21,data/raw_petfinder/train_images/0605aab21-1.jpg,train,Terrier,Mixed Breed,0.5667368640735606,1,Medio,OOF desarrollo
6caab3194,data/raw_petfinder/train_images/6caab3194-1.jpg,valid,Beagle,,0.5381707709854413,1,Medio,OOF desarrollo
2e77e1c78,data/raw_petfinder/train_images/2e77e1c78-1.jpg,test,Mixed Breed,Hound,0.800018039636569,1,Alto,Test fuera de muestra
13485ebf1,data/raw_petfinder/train_images/13485ebf1-1.jpg,train,Golden Retriever,,0.6285797423154598,1,Alto,OOF desarrollo
d596234fc,data/raw_petfinder/train_images/d596234fc-1.jpg,train,Poodle,,0.4274266031306488,1,Bajo,OOF desarrollo
750f8baba,data/raw_petfinder/train_images/750f8baba-1.jpg,test,Mixed Breed,,0.4452673964971341,1,Bajo,Test fuera de muestra
e62224eeb,data/raw_petfinder/train_images/e62224eeb-1.jpg,train,Mixed Breed,,0.5127768501961594,1,Medio,OOF desarrollo
72389d266,data/raw_petfinder/train_images/72389d266-1.jpg,train,Spitz,Mixed Breed,0.7902346247334397,1,Alto,OOF desarrollo
5e1c81876,data/raw_petfinder/train_images/5e1c81876-1.jpg,train,Mixed Breed,,0.5986575200033711,1,Medio,OOF desarrollo
fee0b4da6,data/raw_petfinder/train_images/fee0b4da6-1.jpg,train,Golden Retriever,,0.3747408006530658,0,Bajo,OOF desarrollo
4982cc983,data/raw_petfinder/train_images/4982cc983-1.jpg,train,Mixed Breed,,0.4161102141893307,1,Bajo,OOF desarrollo
046256943,data/raw_petfinder/train_images/046256943-1.jpg,train,Mixed Breed,,0.7100738393668413,1,Alto,OOF desarrollo
0a8fc6614,data/raw_petfinder/train_images/0a8fc6614-1.jpg,test,Mixed Breed,,0.4688395043759598,1,Medio,Test fuera de muestra
4374d6f52,data/raw_petfinder/train_images/4374d6f52-1.jpg,train,Mixed Breed,,0.5616937476245825,1,Medio,OOF desarrollo
93d43258b,data/raw_petfinder/train_images/93d43258b-1.jpg,train,Mixed Breed,,0.413242237748211,1,Bajo,OOF desarrollo
63a4f8b8a,data/raw_petfinder/train_images/63a4f8b8a-1.jpg,train,Mixed Breed,,0.4255402133803518,1,Bajo,OOF desarrollo
a645311ed,data/raw_petfinder/train_images/a645311ed-1.jpg,train,Mixed Breed,,0.7256557617828151,1,Alto,OOF desarrollo
e6d358f70,data/raw_petfinder/train_images/e6d358f70-1.jpg,train,Mixed Breed,Jack Russell Terrier,0.5642945171847196,1,Medio,OOF desarrollo
9593c0350,data/raw_petfinder/train_images/9593c0350-1.jpg,train,Shih Tzu,,0.2809576803449044,0,Bajo,OOF desarrollo
54ab4b5d2,data/raw_petfinder/train_images/54ab4b5d2-1.jpg,train,Mixed Breed,,0.4902362820645717,1,Medio,OOF desarrollo
c335ad2df,data/raw_petfinder/train_images/c335ad2df-1.jpg,train,Mixed Breed,,0.8800969867941133,1,Alto,OOF desarrollo
a7b91a377,data/raw_petfinder/train_images/a7b91a377-1.jpg,train,Mixed Breed,,0.7354692681072093,1,Alto,OOF desarrollo
9cb5c5f68,data/raw_petfinder/train_images/9cb5c5f68-1.jpg,train,Mixed Breed,,0.2793229033700176,0,Bajo,OOF desarrollo
dfdbfce71,data/raw_petfinder/train_images/dfdbfce71-1.jpg,train,German Pinscher,Mixed Breed,0.5008441367297738,1,Medio,OOF desarrollo
8a7860ee2,data/raw_petfinder/train_images/8a7860ee2-1.jpg,test,Dalmatian,,0.542033212928406,1,Medio,Test fuera de muestra
68e46ed0e,data/raw_petfinder/train_images/68e46ed0e-1.jpg,train,Mixed Breed,,0.392922062794666,1,Bajo,OOF desarrollo
dcaae830b,data/raw_petfinder/train_images/dcaae830b-1.jpg,train,Mixed Breed,,0.4512819280555387,1,Bajo,OOF desarrollo
544c16564,data/raw_petfinder/train_images/544c16564-1.jpg,train,Labrador Retriever,Mixed Breed,0.331506336966983,0,Bajo,OOF desarrollo
0aa767c04,data/raw_petfinder/train_images/0aa767c04-1.jpg,train,Mixed Breed,,0.8036886850329967,1,Alto,OOF desarrollo
19efe1616,data/raw_petfinder/train_images/19efe1616-1.jpg,test,Mixed Breed,,0.4034859214647931,1,Bajo,Test fuera de muestra
710dc1661,data/raw_petfinder/train_images/710dc1661-1.jpg,valid,Mixed Breed,Border Collie,0.6802345908959275,1,Alto,OOF desarrollo
87b715441,data/raw_petfinder/train_images/87b715441-1.jpg,train,Mixed Breed,,0.6986517702480004,1,Alto,OOF desarrollo
a61776aba,data/raw_petfinder/train_images/a61776aba-1.jpg,train,Mixed Breed,,0.7358505131736517,1,Alto,OOF desarrollo
850cb2e50,data/raw_petfinder/train_images/850cb2e50-1.jpg,valid,Pit Bull Terrier,,0.6257192031902823,1,Alto,OOF desarrollo
6f43738b5,data/raw_petfinder/train_images/6f43738b5-1.jpg,test,Mixed Breed,,0.4309331667686205,1,Bajo,Test fuera de muestra
cd3cd5fcc,data/raw_petfinder/train_images/cd3cd5fcc-1.jpg,train,Mixed Breed,Mixed Breed,0.6207897668464619,1,Alto,OOF desarrollo
14c70761a,data/raw_petfinder/train_images/14c70761a-1.jpg,train,Mixed Breed,,0.7844896895562381,1,Alto,OOF desarrollo
3f2d1ff6c,data/raw_petfinder/train_images/3f2d1ff6c-1.jpg,train,Labrador Retriever,,0.5086024919778696,1,Medio,OOF desarrollo
4d7dd6115,data/raw_petfinder/train_images/4d7dd6115-1.jpg,test,Mixed Breed,,0.5828872309163895,1,Medio,Test fuera de muestra
9f4a72311,data/raw_petfinder/train_images/9f4a72311-1.jpg,train,Mixed Breed,,0.4870844428978422,1,Medio,OOF desarrollo
50ef65df7,data/raw_petfinder/train_images/50ef65df7-1.jpg,train,Mixed Breed,,0.644853721228136,1,Alto,OOF desarrollo
c7561189e,data/raw_petfinder/train_images/c7561189e-1.jpg,train,Mixed Breed,,0.4844825355361634,1,Medio,OOF desarrollo
e678bcc42,data/raw_petfinder/train_images/e678bcc42-1.jpg,train,Cocker Spaniel,,0.5285299792226957,1,Medio,OOF desarrollo
f58424835,data/raw_petfinder/train_images/f58424835-1.jpg,train,Mixed Breed,,0.7357697803848285,1,Alto,OOF desarrollo
e2db9e1eb,data/raw_petfinder/train_images/e2db9e1eb-1.jpg,train,Dalmatian,Mixed Breed,0.6784675430310839,1,Alto,OOF desarrollo
c70dc1bd1,data/raw_petfinder/train_images/c70dc1bd1-1.jpg,valid,Mixed Breed,Mixed Breed,0.3883649122378562,0,Bajo,OOF desarrollo
3f4d6a956,data/raw_petfinder/train_images/3f4d6a956-1.jpg,train,Shih Tzu,Poodle,0.3839332821781859,0,Bajo,OOF desarrollo
ea4cea375,data/raw_petfinder/train_images/ea4cea375-1.jpg,train,Mixed Breed,,0.7156197748806226,1,Alto,OOF desarrollo
b0b9f2902,data/raw_petfinder/train_images/b0b9f2902-1.jpg,valid,Mixed Breed,,0.4449398449457055,1,Bajo,OOF desarrollo
941eb9304,data/raw_petfinder/train_images/941eb9304-1.jpg,valid,Mixed Breed,,0.377271854318813,0,Bajo,OOF desarrollo
bd74f5ce8,data/raw_petfinder/train_images/bd74f5ce8-1.jpg,valid,Mixed Breed,,0.8217016542709339,1,Alto,OOF desarrollo
06fda20a2,data/raw_petfinder/train_images/06fda20a2-1.jpg,valid,Mixed Breed,German Shepherd Dog,0.5234084631157667,1,Medio,OOF desarrollo
8b9d9a18b,data/raw_petfinder/train_images/8b9d9a18b-1.jpg,train,Mixed Breed,,0.5029783522422854,1,Medio,OOF desarrollo
da2cdb505,data/raw_petfinder/train_images/da2cdb505-1.jpg,train,Mixed Breed,Mixed Breed,0.5644797801612902,1,Medio,OOF desarrollo
e31df86bc,data/raw_petfinder/train_images/e31df86bc-1.jpg,train,Mixed Breed,Mixed Breed,0.6168636953245994,1,Alto,OOF desarrollo
1a90a4805,data/raw_petfinder/train_images/1a90a4805-1.jpg,train,Mixed Breed,,0.6000601500668008,1,Medio,OOF desarrollo
005bb92d8,data/raw_petfinder/train_images/005bb92d8-1.jpg,train,Mixed Breed,Mixed Breed,0.4262931262089858,1,Bajo,OOF desarrollo
aa7548beb,data/raw_petfinder/train_images/aa7548beb-1.jpg,train,Mixed Breed,,0.6994901715664914,1,Alto,OOF desarrollo
469894776,data/raw_petfinder/train_images/469894776-1.jpg,train,Mixed Breed,,0.3782284476118581,0,Bajo,OOF desarrollo
a355a6873,data/raw_petfinder/train_images/a355a6873-1.jpg,valid,Mixed Breed,,0.681438229460584,1,Alto,OOF desarrollo
79e5de9a7,data/raw_petfinder/train_images/79e5de9a7-1.jpg,train,Mixed Breed,,0.8862629220885526,1,Alto,OOF desarrollo
f569b3a29,data/raw_petfinder/train_images/f569b3a29-1.jpg,valid,Mixed Breed,,0.5401776147558184,1,Medio,OOF desarrollo
347be28a8,data/raw_petfinder/train_images/347be28a8-1.jpg,train,Mixed Breed,,0.7926715584765927,1,Alto,OOF desarrollo
ccd14639f,data/raw_petfinder/train_images/ccd14639f-1.jpg,train,Mixed Breed,,0.5951328623555316,1,Medio,OOF desarrollo
71297d780,data/raw_petfinder/train_images/71297d780-1.jpg,test,Mixed Breed,Mixed Breed,0.4557012462588832,1,Bajo,Test fuera de muestra
146b9d6e7,data/raw_petfinder/train_images/146b9d6e7-1.jpg,valid,Mixed Breed,,0.7775604798692083,1,Alto,OOF desarrollo
727b7e63a,data/raw_petfinder/train_images/727b7e63a-1.jpg,train,Mixed Breed,,0.4876581227711018,1,Medio,OOF desarrollo
b5010c15b,data/raw_petfinder/train_images/b5010c15b-1.jpg,train,Mixed Breed,Mixed Breed,0.2502708480466714,0,Bajo,OOF desarrollo
44aafd1b1,data/raw_petfinder/train_images/44aafd1b1-1.jpg,test,Mixed Breed,,0.801697983775872,1,Alto,Test fuera de muestra
32ad56035,data/raw_petfinder/train_images/32ad56035-1.jpg,valid,Mixed Breed,,0.7866858662205941,1,Alto,OOF desarrollo
5a12ecdfc,data/raw_petfinder/train_images/5a12ecdfc-1.jpg,train,Mixed Breed,,0.3329202549799479,0,Bajo,OOF desarrollo
7d0fcdd6d,data/raw_petfinder/train_images/7d0fcdd6d-1.jpg,test,Mixed Breed,,0.2997872000801675,0,Bajo,Test fuera de muestra
45dea4033,data/raw_petfinder/train_images/45dea4033-1.jpg,train,Mixed Breed,,0.7050603057021937,1,Alto,OOF desarrollo
859b1b236,data/raw_petfinder/train_images/859b1b236-1.jpg,test,Mixed Breed,,0.7608460487383764,1,Alto,Test fuera de muestra
73ab55e8c,data/raw_petfinder/train_images/73ab55e8c-1.jpg,train,Mixed Breed,,0.5779283419298735,1,Medio,OOF desarrollo
d02feb234,data/raw_petfinder/train_images/d02feb234-1.jpg,train,Shih Tzu,,0.4293119884522909,1,Bajo,OOF desarrollo
2105b697d,data/raw_petfinder/train_images/2105b697d-1.jpg,test,Mixed Breed,,0.7910549043977271,1,Alto,Test fuera de muestra
66064ba80,data/raw_petfinder/train_images/66064ba80-1.jpg,train,Mixed Breed,Mixed Breed,0.3002211100868759,0,Bajo,OOF desarrollo
2b4c4793d,data/raw_petfinder/train_images/2b4c4793d-1.jpg,train,Mixed Breed,,0.4796036510297528,1,Medio,OOF desarrollo
55c827f51,data/raw_petfinder/train_images/55c827f51-1.jpg,test,Silky Terrier,,0.4143425432694958,1,Bajo,Test fuera de muestra
9999b8c82,data/raw_petfinder/train_images/9999b8c82-1.jpg,train,Mixed Breed,,0.3216640086160509,0,Bajo,OOF desarrollo
687ddcca9,data/raw_petfinder/train_images/687ddcca9-1.jpg,valid,Border Collie,Labrador Retriever,0.6231543340498686,1,Alto,OOF desarrollo
b97569bc9,data/raw_petfinder/train_images/b97569bc9-1.jpg,valid,Mixed Breed,,0.3202221379223019,0,Bajo,OOF desarrollo
2fab464fb,data/raw_petfinder/train_images/2fab464fb-1.jpg,test,Mixed Breed,,0.3382570535658565,0,Bajo,Test fuera de muestra
c34b20922,data/raw_petfinder/train_images/c34b20922-1.jpg,train,Mixed Breed,,0.5052339138491077,1,Medio,OOF desarrollo
51d880078,data/raw_petfinder/train_images/51d880078-1.jpg,train,Mixed Breed,,0.6157446923568575,1,Alto,OOF desarrollo
6333963fe,data/raw_petfinder/train_images/6333963fe-1.jpg,train,Mixed Breed,,0.4524970061547133,1,Bajo,OOF desarrollo
6730a4a60,data/raw_petfinder/train_images/6730a4a60-1.jpg,test,Mixed Breed,,0.3313742686944672,0,Bajo,Test fuera de muestra
283d0763f,data/raw_petfinder/train_images/283d0763f-1.jpg,train,Mixed Breed,,0.6214424432078078,1,Alto,OOF desarrollo
6438c6b3f,data/raw_petfinder/train_images/6438c6b3f-1.jpg,train,Mixed Breed,,0.4692025691747617,1,Medio,OOF desarrollo
560232264,data/raw_petfinder/train_images/560232264-1.jpg,train,Mixed Breed,Mixed Breed,0.7623845792519404,1,Alto,OOF desarrollo
0e9a2fed4,data/raw_petfinder/train_images/0e9a2fed4-1.jpg,train,Mixed Breed,,0.5866052818714742,1,Medio,OOF desarrollo
ac2f56dbf,data/raw_petfinder/train_images/ac2f56dbf-1.jpg,valid,Mixed Breed,,0.5372634898999762,1,Medio,OOF desarrollo
37cec5261,data/raw_petfinder/train_images/37cec5261-1.jpg,test,Poodle,Shih Tzu,0.4892128760152066,1,Medio,Test fuera de muestra
e2fbb0332,data/raw_petfinder/train_images/e2fbb0332-1.jpg,train,Mixed Breed,,0.3046265592669996,0,Bajo,OOF desarrollo
f9934b985,data/raw_petfinder/train_images/f9934b985-1.jpg,train,Mixed Breed,Jack Russell Terrier,0.6009041197803209,1,Medio,OOF desarrollo
dbe634a4c,data/raw_petfinder/train_images/dbe634a4c-1.jpg,valid,German Shepherd Dog,Mixed Breed,0.5073796707208666,1,Medio,OOF desarrollo
a39ad6dc7,data/raw_petfinder/train_images/a39ad6dc7-1.jpg,train,Mixed Breed,Mixed Breed,0.6201394405981056,1,Alto,OOF desarrollo
48a44eac5,data/raw_petfinder/train_images/48a44eac5-1.jpg,train,Mixed Breed,Mixed Breed,0.4462735127032858,1,Bajo,OOF desarrollo
315d0e254,data/raw_petfinder/train_images/315d0e254-1.jpg,test,Belgian Shepherd Malinois,,0.5629538515045788,1,Medio,Test fuera de muestra
9aee8fe5a,data/raw_petfinder/train_images/9aee8fe5a-1.jpg,train,Border Collie,Mixed Breed,0.7293919323520013,1,Alto,OOF desarrollo
a385cb92a,data/raw_petfinder/train_images/a385cb92a-1.jpg,test,Mixed Breed,,0.625397321513329,1,Alto,Test fuera de muestra
ccc88931c,data/raw_petfinder/train_images/ccc88931c-1.jpg,train,Labrador Retriever,Mixed Breed,0.5880428841561177,1,Medio,OOF desarrollo
d6be47a3c,data/raw_petfinder/train_images/d6be47a3c-1.jpg,valid,Mixed Breed,,0.7713814495009259,1,Alto,OOF desarrollo
76d3ef2a4,data/raw_petfinder/train_images/76d3ef2a4-1.jpg,train,Mixed Breed,,0.6201697910163808,1,Alto,OOF desarrollo
ee9ba4990,data/raw_petfinder/train_images/ee9ba4990-1.jpg,test,Mixed Breed,,0.4166470809058872,1,Bajo,Test fuera de muestra
03f0fc32f,data/raw_petfinder/train_images/03f0fc32f-1.jpg,train,Mixed Breed,,0.7458507958014069,1,Alto,OOF desarrollo
421ea515e,data/raw_petfinder/train_images/421ea515e-1.jpg,test,Mixed Breed,,0.6250354286060924,1,Alto,Test fuera de muestra
b8d96cdd0,data/raw_petfinder/train_images/b8d96cdd0-1.jpg,test,Mixed Breed,Mixed Breed,0.3421797089747279,0,Bajo,Test fuera de muestra
0be5af159,data/raw_petfinder/train_images/0be5af159-1.jpg,train,Mixed Breed,German Shepherd Dog,0.3047972211090634,0,Bajo,OOF desarrollo
fc63194d1,data/raw_petfinder/train_images/fc63194d1-1.jpg,train,Mixed Breed,,0.6077991911478557,1,Alto,OOF desarrollo
af8cd40e0,data/raw_petfinder/train_images/af8cd40e0-1.jpg,train,Poodle,,0.4891680936839874,1,Medio,OOF desarrollo
ee2c40165,data/raw_petfinder/train_images/ee2c40165-1.jpg,valid,Bull Terrier,Mixed Breed,0.7507332233184778,1,Alto,OOF desarrollo
017d966eb,data/raw_petfinder/train_images/017d966eb-1.jpg,train,Mixed Breed,Mixed Breed,0.6496740939056884,1,Alto,OOF desarrollo
7d8ffca23,data/raw_petfinder/train_images/7d8ffca23-1.jpg,valid,Mixed Breed,,0.7108181559134719,1,Alto,OOF desarrollo
fc02869d9,data/raw_petfinder/train_images/fc02869d9-1.jpg,train,Mixed Breed,Mixed Breed,0.4668143332141991,1,Medio,OOF desarrollo
8ca64b428,data/raw_petfinder/train_images/8ca64b428-1.jpg,train,Terrier,Mixed Breed,0.4185910687987625,1,Bajo,OOF desarrollo
269db95d5,data/raw_petfinder/train_images/269db95d5-1.jpg,test,Labrador Retriever,,0.5262879435800587,1,Medio,Test fuera de muestra
5071e525c,data/raw_petfinder/train_images/5071e525c-1.jpg,valid,Labrador Retriever,Mixed Breed,0.5030693839957663,1,Medio,OOF desarrollo
8f20e24ef,data/raw_petfinder/train_images/8f20e24ef-1.jpg,train,Mixed Breed,Mixed Breed,0.531924695407396,1,Medio,OOF desarrollo
a8c19a325,data/raw_petfinder/train_images/a8c19a325-1.jpg,test,Shih Tzu,Silky Terrier,0.4841802799522023,1,Medio,Test fuera de muestra
2d6e2292d,data/raw_petfinder/train_images/2d6e2292d-1.jpg,valid,Mixed Breed,,0.4068411307935412,1,Bajo,OOF desarrollo
6b240dd0b,data/raw_petfinder/train_images/6b240dd0b-1.jpg,train,Mixed Breed,,0.7155585526260846,1,Alto,OOF desarrollo
a0c9daa0a,data/raw_petfinder/train_images/a0c9daa0a-1.jpg,train,Mixed Breed,,0.4459027750154087,1,Bajo,OOF desarrollo
628fd5227,data/raw_petfinder/train_images/628fd5227-1.jpg,train,Wirehaired Terrier,Terrier,0.557669194899547,1,Medio,OOF desarrollo
e80066a19,data/raw_petfinder/train_images/e80066a19-1.jpg,train,Mixed Breed,,0.6608101679772765,1,Alto,OOF desarrollo
474db10df,data/raw_petfinder/train_images/474db10df-1.jpg,train,Mixed Breed,,0.5145237633292268,1,Medio,OOF desarrollo
48a2630a1,data/raw_petfinder/train_images/48a2630a1-1.jpg,test,Mixed Breed,German Shepherd Dog,0.1766559821826788,0,Bajo,Test fuera de muestra
b6f77d754,data/raw_petfinder/train_images/b6f77d754-1.jpg,valid,Mixed Breed,,0.5077950458396174,1,Medio,OOF desarrollo
316f30229,data/raw_petfinder/train_images/316f30229-1.jpg,train,Mixed Breed,,0.7327306417824189,1,Alto,OOF desarrollo
802b1f331,data/raw_petfinder/train_images/802b1f331-1.jpg,valid,Mixed Breed,,0.3861677768321458,0,Bajo,OOF desarrollo
422059173,data/raw_petfinder/train_images/422059173-1.jpg,train,Mixed Breed,,0.5352394343001848,1,Medio,OOF desarrollo
325d0e364,data/raw_petfinder/train_images/325d0e364-1.jpg,train,Mixed Breed,,0.4223382360868877,1,Bajo,OOF desarrollo
cd4624a1a,data/raw_petfinder/train_images/cd4624a1a-1.jpg,test,Mixed Breed,,0.5212558191421464,1,Medio,Test fuera de muestra
7b60f948e,data/raw_petfinder/train_images/7b60f948e-1.jpg,train,Mixed Breed,,0.3566224007919536,0,Bajo,OOF desarrollo
27b5a9db5,data/raw_petfinder/train_images/27b5a9db5-1.jpg,valid,Mixed Breed,,0.3159899757172786,0,Bajo,OOF desarrollo
ccd20906b,data/raw_petfinder/train_images/ccd20906b-1.jpg,train,Mixed Breed,Mixed Breed,0.4936641114140682,1,Medio,OOF desarrollo
05dc47bda,data/raw_petfinder/train_images/05dc47bda-1.jpg,train,Mixed Breed,,0.7344681341272397,1,Alto,OOF desarrollo
1a12e3633,data/raw_petfinder/train_images/1a12e3633-1.jpg,test,Mixed Breed,,0.3878225127773391,0,Bajo,Test fuera de muestra
c46e29741,data/raw_petfinder/train_images/c46e29741-1.jpg,valid,Mixed Breed,Mixed Breed,0.7659104120277787,1,Alto,OOF desarrollo
b2e3cf5a0,data/raw_petfinder/train_images/b2e3cf5a0-1.jpg,valid,Miniature Pinscher,,0.5771442995608289,1,Medio,OOF desarrollo
d5b6f17f5,data/raw_petfinder/train_images/d5b6f17f5-1.jpg,train,Mixed Breed,Mixed Breed,0.5532001482768707,1,Medio,OOF desarrollo
d9fca8be8,data/raw_petfinder/train_images/d9fca8be8-1.jpg,train,Mixed Breed,,0.4452740919219727,1,Bajo,OOF desarrollo
672ddf4a9,data/raw_petfinder/train_images/672ddf4a9-1.jpg,test,Mixed Breed,,0.70349811808853,1,Alto,Test fuera de muestra
8dd8e4a4f,data/raw_petfinder/train_images/8dd8e4a4f-1.jpg,valid,Mixed Breed,Corgi,0.626311304212626,1,Alto,OOF desarrollo
3fccff52b,data/raw_petfinder/train_images/3fccff52b-1.jpg,valid,Mixed Breed,,0.5310650524131635,1,Medio,OOF desarrollo
40fdde0aa,data/raw_petfinder/train_images/40fdde0aa-1.jpg,test,Mixed Breed,Mixed Breed,0.5818310718479733,1,Medio,Test fuera de muestra
3679001f5,data/raw_petfinder/train_images/3679001f5-1.jpg,test,Mixed Breed,Belgian Shepherd Malinois,0.689131377320726,1,Alto,Test fuera de muestra
8f31c806f,data/raw_petfinder/train_images/8f31c806f-1.jpg,valid,Mixed Breed,,0.3957810039979628,1,Bajo,OOF desarrollo
d6691251b,data/raw_petfinder/train_images/d6691251b-1.jpg,train,Mixed Breed,Mixed Breed,0.4142086572375945,1,Bajo,OOF desarrollo
0a6b9433e,data/raw_petfinder/train_images/0a6b9433e-1.jpg,train,Mixed Breed,,0.274057090530531,0,Bajo,OOF desarrollo
bf1b733a7,data/raw_petfinder/train_images/bf1b733a7-1.jpg,train,Mixed Breed,Mixed Breed,0.4182599304740795,1,Bajo,OOF desarrollo
ff706f8cc,data/raw_petfinder/train_images/ff706f8cc-1.jpg,train,Mixed Breed,,0.6020340490418373,1,Medio,OOF desarrollo
3ad53090d,data/raw_petfinder/train_images/3ad53090d-1.jpg,train,Mixed Breed,,0.6824896662754476,1,Alto,OOF desarrollo
2416a2da1,data/raw_petfinder/train_images/2416a2da1-1.jpg,train,Mixed Breed,,0.7108696397868444,1,Alto,OOF desarrollo
ba13c272f,data/raw_petfinder/train_images/ba13c272f-1.jpg,train,Mixed Breed,Mixed Breed,0.4560378358405937,1,Bajo,OOF desarrollo
62332ea2c,data/raw_petfinder/train_images/62332ea2c-1.jpg,train,Mixed Breed,Mixed Breed,0.5678253804615638,1,Medio,OOF desarrollo
e4eccb132,data/raw_petfinder/train_images/e4eccb132-1.jpg,train,Spitz,Shih Tzu,0.4359613286989955,1,Bajo,OOF desarrollo
5e5d1fc6d,data/raw_petfinder/train_images/5e5d1fc6d-1.jpg,valid,Mixed Breed,,0.4829612154616112,1,Medio,OOF desarrollo
9dae4e297,data/raw_petfinder/train_images/9dae4e297-1.jpg,train,Mixed Breed,,0.404140803300408,1,Bajo,OOF desarrollo
e8d0eedf7,data/raw_petfinder/train_images/e8d0eedf7-1.jpg,train,Terrier,Mixed Breed,0.8036280205040786,1,Alto,OOF desarrollo
3a016a6a0,data/raw_petfinder/train_images/3a016a6a0-1.jpg,valid,Mixed Breed,Dachshund,0.5606971329983059,1,Medio,OOF desarrollo
5e711ed8d,data/raw_petfinder/train_images/5e711ed8d-1.jpg,test,Mixed Breed,,0.3928002643353222,1,Bajo,Test fuera de muestra
615f2f661,data/raw_petfinder/train_images/615f2f661-1.jpg,train,Mixed Breed,,0.8132628952545262,1,Alto,OOF desarrollo
c626f2f93,data/raw_petfinder/train_images/c626f2f93-1.jpg,train,Mixed Breed,German Pinscher,0.6713085675980337,1,Alto,OOF desarrollo
87aff0121,data/raw_petfinder/train_images/87aff0121-1.jpg,train,Mixed Breed,Spitz,0.6104811581559666,1,Alto,OOF desarrollo
8f9010452,data/raw_petfinder/train_images/8f9010452-1.jpg,train,Mixed Breed,,0.4184959806367855,1,Bajo,OOF desarrollo
3ba4ccb80,data/raw_petfinder/train_images/3ba4ccb80-1.jpg,test,Mixed Breed,,0.35284639779271,0,Bajo,Test fuera de muestra
ded648294,data/raw_petfinder/train_images/ded648294-1.jpg,train,Mixed Breed,,0.7221719471804985,1,Alto,OOF desarrollo
bec2fe7ad,data/raw_petfinder/train_images/bec2fe7ad-1.jpg,test,Mixed Breed,,0.6590339932796648,1,Alto,Test fuera de muestra
e3883d4f0,data/raw_petfinder/train_images/e3883d4f0-1.jpg,train,Mixed Breed,Labrador Retriever,0.3614029730495781,0,Bajo,OOF desarrollo
a99b34f95,data/raw_petfinder/train_images/a99b34f95-1.jpg,test,Mixed Breed,Mixed Breed,0.6910054115986544,1,Alto,Test fuera de muestra
a87f5839e,data/raw_petfinder/train_images/a87f5839e-1.jpg,train,Dalmatian,,0.5600792674184235,1,Medio,OOF desarrollo
ed97f6919,data/raw_petfinder/train_images/ed97f6919-1.jpg,test,Mixed Breed,,0.8277169486579362,1,Alto,Test fuera de muestra
f344595d7,data/raw_petfinder/train_images/f344595d7-1.jpg,train,Mixed Breed,Mixed Breed,0.6910272161268958,1,Alto,OOF desarrollo
1d0a5c20a,data/raw_petfinder/train_images/1d0a5c20a-1.jpg,train,Mixed Breed,,0.5267195269077405,1,Medio,OOF desarrollo
dffc5cef6,data/raw_petfinder/train_images/dffc5cef6-1.jpg,train,Mixed Breed,,0.4887118132467868,1,Medio,OOF desarrollo
4fedc2eb6,data/raw_petfinder/train_images/4fedc2eb6-1.jpg,train,Yellow Labrador Retriever,Mixed Breed,0.6391630763287399,1,Alto,OOF desarrollo
db71b8b85,data/raw_petfinder/train_images/db71b8b85-1.jpg,train,Mixed Breed,,0.3257873495677035,0,Bajo,OOF desarrollo
bd54dcfd0,data/raw_petfinder/train_images/bd54dcfd0-1.jpg,train,Miniature Pinscher,Mixed Breed,0.7238925852584104,1,Alto,OOF desarrollo
bc1319810,data/raw_petfinder/train_images/bc1319810-1.jpg,test,Shih Tzu,,0.3841100846226508,0,Bajo,Test fuera de muestra
e945a1e04,data/raw_petfinder/train_images/e945a1e04-1.jpg,test,Mixed Breed,Mixed Breed,0.3147577644859494,0,Bajo,Test fuera de muestra
2d72ef0c4,data/raw_petfinder/train_images/2d72ef0c4-1.jpg,train,German Shepherd Dog,Mixed Breed,0.6069420074107238,1,Alto,OOF desarrollo
ac4c28677,data/raw_petfinder/train_images/ac4c28677-1.jpg,valid,Mixed Breed,,0.6317570728587711,1,Alto,OOF desarrollo
3060d192f,data/raw_petfinder/train_images/3060d192f-1.jpg,valid,Poodle,,0.3485626810147439,0,Bajo,OOF desarrollo
f410b0841,data/raw_petfinder/train_images/f410b0841-1.jpg,train,Cocker Spaniel,,0.4782686121416417,1,Medio,OOF desarrollo
573ee1a1f,data/raw_petfinder/train_images/573ee1a1f-1.jpg,train,Mixed Breed,,0.5510949589881854,1,Medio,OOF desarrollo
34dc86aae,data/raw_petfinder/train_images/34dc86aae-1.jpg,test,Mixed Breed,,0.6646186975954794,1,Alto,Test fuera de muestra
ab7ccc7df,data/raw_petfinder/train_images/ab7ccc7df-1.jpg,train,Labrador Retriever,Mixed Breed,0.3511803945338991,0,Bajo,OOF desarrollo
a0401d349,data/raw_petfinder/train_images/a0401d349-1.jpg,train,Mixed Breed,Mixed Breed,0.5085268047264806,1,Medio,OOF desarrollo
1f58a286e,data/raw_petfinder/train_images/1f58a286e-1.jpg,train,Mixed Breed,Rottweiler,0.4586102640895215,1,Medio,OOF desarrollo
5909a21cc,data/raw_petfinder/train_images/5909a21cc-1.jpg,train,Spitz,Mixed Breed,0.3871442003244728,0,Bajo,OOF desarrollo
01ba86830,data/raw_petfinder/train_images/01ba86830-1.jpg,train,Mixed Breed,,0.5687402813329945,1,Medio,OOF desarrollo
b165fe8b1,data/raw_petfinder/train_images/b165fe8b1-1.jpg,train,Mixed Breed,,0.6730613857036458,1,Alto,OOF desarrollo
8d7a8a5c0,data/raw_petfinder/train_images/8d7a8a5c0-1.jpg,train,Mixed Breed,,0.7696647536016901,1,Alto,OOF desarrollo
6ef02d7e9,data/raw_petfinder/train_images/6ef02d7e9-1.jpg,test,Mixed Breed,,0.3918910536010737,1,Bajo,Test fuera de muestra
b8c54bc91,data/raw_petfinder/train_images/b8c54bc91-1.jpg,train,Mixed Breed,,0.6178876020286856,1,Alto,OOF desarrollo
c0edff1e1,data/raw_petfinder/train_images/c0edff1e1-1.jpg,train,Miniature Pinscher,,0.3422360042794086,0,Bajo,OOF desarrollo
e4406b18a,data/raw_petfinder/train_images/e4406b18a-1.jpg,valid,Mixed Breed,,0.639113831221098,1,Alto,OOF desarrollo
1be58123d,data/raw_petfinder/train_images/1be58123d-1.jpg,train,Dachshund,Mixed Breed,0.6259580941220624,1,Alto,OOF desarrollo
abd80f666,data/raw_petfinder/train_images/abd80f666-1.jpg,train,Mixed Breed,,0.5654361823297592,1,Medio,OOF desarrollo
2fb22dd88,data/raw_petfinder/train_images/2fb22dd88-1.jpg,train,Mixed Breed,Mixed Breed,0.3473152413085516,0,Bajo,OOF desarrollo
5a21eec6d,data/raw_petfinder/train_images/5a21eec6d-1.jpg,train,Pomeranian,,0.4244599917849646,1,Bajo,OOF desarrollo
9cd7bfaa6,data/raw_petfinder/train_images/9cd7bfaa6-1.jpg,valid,Mixed Breed,,0.7193527498197444,1,Alto,OOF desarrollo
fc7f7797c,data/raw_petfinder/train_images/fc7f7797c-1.jpg,test,Mixed Breed,,0.3752947647703255,0,Bajo,Test fuera de muestra
af75249aa,data/raw_petfinder/train_images/af75249aa-1.jpg,test,Mixed Breed,Mixed Breed,0.2875513765894225,0,Bajo,Test fuera de muestra
0d7f7a155,data/raw_petfinder/train_images/0d7f7a155-1.jpg,train,Mixed Breed,,0.2842102435556788,0,Bajo,OOF desarrollo
5aff9022b,data/raw_petfinder/train_images/5aff9022b-1.jpg,train,Mixed Breed,,0.604960014245365,1,Medio,OOF desarrollo
09bc86c05,data/raw_petfinder/train_images/09bc86c05-1.jpg,test,Mixed Breed,,0.4041017561659864,1,Bajo,Test fuera de muestra
5bbf44cea,data/raw_petfinder/train_images/5bbf44cea-1.jpg,test,Mixed Breed,Miniature Pinscher,0.7553798772784872,1,Alto,Test fuera de muestra
e40073625,data/raw_petfinder/train_images/e40073625-1.jpg,train,Belgian Shepherd Malinois,Mixed Breed,0.4680559346064551,1,Medio,OOF desarrollo
2f29e9d88,data/raw_petfinder/train_images/2f29e9d88-1.jpg,train,Mixed Breed,,0.6373528452547654,1,Alto,OOF desarrollo
6e3631a29,data/raw_petfinder/train_images/6e3631a29-1.jpg,test,Pug,,0.38269121120544,0,Bajo,Test fuera de muestra
df4354823,data/raw_petfinder/train_images/df4354823-1.jpg,train,Mixed Breed,,0.3416448282827517,0,Bajo,OOF desarrollo
bca099371,data/raw_petfinder/train_images/bca099371-1.jpg,train,Mixed Breed,Mixed Breed,0.500103353812239,1,Medio,OOF desarrollo
a0b82db0e,data/raw_petfinder/train_images/a0b82db0e-1.jpg,train,Mixed Breed,,0.405036256345351,1,Bajo,OOF desarrollo
8425c2a48,data/raw_petfinder/train_images/8425c2a48-1.jpg,train,Mixed Breed,,0.7662007210512873,1,Alto,OOF desarrollo
97e47e7c0,data/raw_petfinder/train_images/97e47e7c0-1.jpg,test,Mixed Breed,,0.4087731123464399,1,Bajo,Test fuera de muestra
41d6c5f90,data/raw_petfinder/train_images/41d6c5f90-1.jpg,train,Mixed Breed,,0.6311804823453666,1,Alto,OOF desarrollo
02c40b53c,data/raw_petfinder/train_images/02c40b53c-1.jpg,train,Mixed Breed,Mixed Breed,0.4399979706975794,1,Bajo,OOF desarrollo
3f016dcab,data/raw_petfinder/train_images/3f016dcab-1.jpg,train,Glen of Imaal Terrier,,0.4214312172294985,1,Bajo,OOF desarrollo
e3b6b7d2e,data/raw_petfinder/train_images/e3b6b7d2e-1.jpg,train,Mixed Breed,Mixed Breed,0.4914897736844871,1,Medio,OOF desarrollo
21c281e66,data/raw_petfinder/train_images/21c281e66-1.jpg,valid,Mixed Breed,,0.4876447866589092,1,Medio,OOF desarrollo
32387ac37,data/raw_petfinder/train_images/32387ac37-1.jpg,test,Mixed Breed,,0.8287220318829527,1,Alto,Test fuera de muestra
350208e1a,data/raw_petfinder/train_images/350208e1a-1.jpg,train,Mixed Breed,,0.5654924236206476,1,Medio,OOF desarrollo
3c8468196,data/raw_petfinder/train_images/3c8468196-1.jpg,train,Mixed Breed,,0.7107628224752403,1,Alto,OOF desarrollo
dabcf0e55,data/raw_petfinder/train_images/dabcf0e55-1.jpg,train,Mixed Breed,,0.4747858523097057,1,Medio,OOF desarrollo
03f217352,data/raw_petfinder/train_images/03f217352-1.jpg,train,Saint Bernard,Mixed Breed,0.5767852484578164,1,Medio,OOF desarrollo
481cbcedb,data/raw_petfinder/train_images/481cbcedb-1.jpg,test,Mixed Breed,,0.6215432138226474,1,Alto,Test fuera de muestra
6f8ae496e,data/raw_petfinder/train_images/6f8ae496e-1.jpg,train,Shih Tzu,Poodle,0.3820874620900585,0,Bajo,OOF desarrollo
34c4e74a9,data/raw_petfinder/train_images/34c4e74a9-1.jpg,train,Mixed Breed,,0.6385231575083823,1,Alto,OOF desarrollo
b06d39b09,data/raw_petfinder/train_images/b06d39b09-1.jpg,valid,Dachshund,Mixed Breed,0.4784862050777176,1,Medio,OOF desarrollo
b3a6f353d,data/raw_petfinder/train_images/b3a6f353d-1.jpg,train,Labrador Retriever,Mixed Breed,0.5389446721645559,1,Medio,OOF desarrollo
485887f4c,data/raw_petfinder/train_images/485887f4c-1.jpg,train,Mixed Breed,,0.5452442105160065,1,Medio,OOF desarrollo
92085e776,data/raw_petfinder/train_images/92085e776-1.jpg,train,Mixed Breed,,0.6037510097529215,1,Medio,OOF desarrollo
a9391d398,data/raw_petfinder/train_images/a9391d398-1.jpg,train,Mixed Breed,,0.7726282185324248,1,Alto,OOF desarrollo
8efcfe9c6,data/raw_petfinder/train_images/8efcfe9c6-1.jpg,test,Rottweiler,Mixed Breed,0.7685623578059446,1,Alto,Test fuera de muestra
09a024035,data/raw_petfinder/train_images/09a024035-1.jpg,test,Mixed Breed,,0.4910394235938099,1,Medio,Test fuera de muestra
734123308,data/raw_petfinder/train_images/734123308-1.jpg,test,Mixed Breed,,0.7140986801016476,1,Alto,Test fuera de muestra
5a358b56f,data/raw_petfinder/train_images/5a358b56f-1.jpg,train,Mixed Breed,,0.4473067673094282,1,Bajo,OOF desarrollo
2562fec96,data/raw_petfinder/train_images/2562fec96-1.jpg,train,Mixed Breed,,0.7403995054655278,1,Alto,OOF desarrollo
4909dc5af,data/raw_petfinder/train_images/4909dc5af-1.jpg,train,Mixed Breed,,0.4622627485905847,1,Medio,OOF desarrollo
c0b704c99,data/raw_petfinder/train_images/c0b704c99-1.jpg,train,Mixed Breed,,0.4833883080913665,1,Medio,OOF desarrollo
9e9a3285d,data/raw_petfinder/train_images/9e9a3285d-1.jpg,train,Maltese,,0.3872984552613563,0,Bajo,OOF desarrollo
1f70f8112,data/raw_petfinder/train_images/1f70f8112-1.jpg,train,Mixed Breed,Mixed Breed,0.6426638355853073,1,Alto,OOF desarrollo
75bfbc825,data/raw_petfinder/train_images/75bfbc825-1.jpg,train,Mixed Breed,,0.485357283236423,1,Medio,OOF desarrollo
a3dfe1991,data/raw_petfinder/train_images/a3dfe1991-1.jpg,train,Mixed Breed,,0.2925465215443836,0,Bajo,OOF desarrollo
9123c847a,data/raw_petfinder/train_images/9123c847a-1.jpg,test,Mixed Breed,,0.746506863150106,1,Alto,Test fuera de muestra
8c96f8ed3,data/raw_petfinder/train_images/8c96f8ed3-1.jpg,train,Terrier,Mixed Breed,0.4167458107589591,1,Bajo,OOF desarrollo
3ef9ac2a6,data/raw_petfinder/train_images/3ef9ac2a6-1.jpg,test,Schnauzer,Mixed Breed,0.5701179189761474,1,Medio,Test fuera de muestra
7db48c47a,data/raw_petfinder/train_images/7db48c47a-1.jpg,test,Mixed Breed,,0.5055832655451036,1,Medio,Test fuera de muestra
9ab8dddba,data/raw_petfinder/train_images/9ab8dddba-1.jpg,train,Mixed Breed,,0.6342542726290357,1,Alto,OOF desarrollo
2689341e7,data/raw_petfinder/train_images/2689341e7-1.jpg,train,Mixed Breed,Mixed Breed,0.3181787712628878,0,Bajo,OOF desarrollo
e09807e6e,data/raw_petfinder/train_images/e09807e6e-1.jpg,train,Mixed Breed,,0.5584788050928655,1,Medio,OOF desarrollo
e039f2392,data/raw_petfinder/train_images/e039f2392-1.jpg,train,Mixed Breed,,0.6780645021362568,1,Alto,OOF desarrollo
af32c8be0,data/raw_petfinder/train_images/af32c8be0-1.jpg,valid,Mixed Breed,,0.5423522587434162,1,Medio,OOF desarrollo
745facb3c,data/raw_petfinder/train_images/745facb3c-1.jpg,train,Mixed Breed,Jack Russell Terrier,0.6317805670177289,1,Alto,OOF desarrollo
a5c5278b8,data/raw_petfinder/train_images/a5c5278b8-1.jpg,test,English Cocker Spaniel,,0.578239723446668,1,Medio,Test fuera de muestra
c0f651276,data/raw_petfinder/train_images/c0f651276-1.jpg,train,Terrier,Mixed Breed,0.4813809043736192,1,Medio,OOF desarrollo
82ee2f3e9,data/raw_petfinder/train_images/82ee2f3e9-1.jpg,test,Mixed Breed,,0.5245536191810902,1,Medio,Test fuera de muestra
941880ea3,data/raw_petfinder/train_images/941880ea3-1.jpg,train,Mixed Breed,Mixed Breed,0.343738913350724,0,Bajo,OOF desarrollo
c4bc89962,data/raw_petfinder/train_images/c4bc89962-1.jpg,train,Mixed Breed,,0.3386255982856661,0,Bajo,OOF desarrollo
c7d02bfca,data/raw_petfinder/train_images/c7d02bfca-1.jpg,test,Mixed Breed,,0.6416711183790395,1,Alto,Test fuera de muestra
ac6d69d99,data/raw_petfinder/train_images/ac6d69d99-1.jpg,valid,Mixed Breed,,0.7725705880738052,1,Alto,OOF desarrollo
b7fcfa1e6,data/raw_petfinder/train_images/b7fcfa1e6-1.jpg,valid,Mixed Breed,,0.5681826926949581,1,Medio,OOF desarrollo
fc601e041,data/raw_petfinder/train_images/fc601e041-1.jpg,train,Mixed Breed,Mixed Breed,0.7582671736860225,1,Alto,OOF desarrollo
23874f644,data/raw_petfinder/train_images/23874f644-1.jpg,train,Mixed Breed,,0.6673081465575771,1,Alto,OOF desarrollo
cca88204d,data/raw_petfinder/train_images/cca88204d-1.jpg,train,Mixed Breed,,0.3641354601991695,0,Bajo,OOF desarrollo
f5dc70d35,data/raw_petfinder/train_images/f5dc70d35-1.jpg,test,Mixed Breed,,0.7775081964584132,1,Alto,Test fuera de muestra
4d163b731,data/raw_petfinder/train_images/4d163b731-1.jpg,train,Schnauzer,,0.4490984011319148,1,Bajo,OOF desarrollo
a83d95ead,data/raw_petfinder/train_images/a83d95ead-1.jpg,train,Mixed Breed,Mixed Breed,0.512360001819854,1,Medio,OOF desarrollo
